
============================================================================================
GRAPH INVENTORY -- realized values (never assumed).  The deg_cv column is the heterogeneity axis.
============================================================================================
                het_deg  het_size            m  d_avg_real  d_target  mu_real  mu_target  deg_cv  lfr_deg_cv  deg_min   deg_max      k   cs_min   cs_max  nseeds
gen      d_nom                                                                                                                                                  
dcsbm    10           1         0    55520.000      11.104    11.183    0.579      0.579   1.575       2.327    0.000   230.000  100.0  100.000  100.000       3
         25           1         0   123001.333      24.600    24.635    0.600      0.598   1.485       1.765    0.000   450.333  100.0  100.000  100.000       3
         50           1         0   245597.333      49.119    49.423    0.615      0.613   1.387       1.367    4.000   827.333  100.0  100.000  100.000       3
         100          1         0   507168.333     101.434   101.930    0.644      0.642   1.274       0.973   15.000  1554.667  100.0  100.000  100.000       3
         200          1         0  1099093.000     219.819   220.927    0.676      0.672   1.137       0.734   43.333  2914.667  100.0  100.000  100.000       3
dcsbm_ps 10           1         1    55545.667      11.109    11.183    0.577      0.579   1.619       2.327    0.000   257.333  108.0   20.333  467.000       3
         25           1         1   123031.000      24.606    24.635    0.600      0.598   1.545       1.765    0.000   537.667  108.0   20.333  467.000       3
         50           1         1   245935.000      49.187    49.423    0.616      0.613   1.469       1.367    2.667   989.333  108.0   20.333  467.000       3
         100          1         1   507140.667     101.428   101.930    0.644      0.642   1.371       0.973   10.000  1764.000  108.0   20.333  467.000       3
         200          1         1  1098497.333     219.699   220.927    0.675      0.672   1.283       0.734   31.333  3218.000   69.0   42.000  521.333       3
sbm      10           0         0    55715.000      11.143    11.183    0.579      0.579   0.296       2.327    1.667    25.333  100.0  100.000  100.000       3
         25           0         0   123419.000      24.684    24.635    0.599      0.598   0.198       1.765    8.333    45.667  100.0  100.000  100.000       3
         50           0         0   247365.333      49.473    49.423    0.613      0.613   0.137       1.367   26.667    78.333  100.0  100.000  100.000       3
         100          0         0   509888.667     101.978   101.930    0.642      0.642   0.092       0.973   70.333   140.333  100.0  100.000  100.000       3
         200          0         0  1105023.333     221.005   220.927    0.672      0.672   0.058       0.734  174.000   274.000  100.0  100.000  100.000       3
sbm_ps   10           0         1    55854.333      11.171    11.183    0.578      0.579   0.295       2.327    1.333    27.000  108.0   20.333  467.000       3
         25           0         1   122721.000      24.544    24.635    0.598      0.598   0.198       1.765    8.333    43.667  108.0   20.333  467.000       3
         50           0         1   246238.333      49.248    49.423    0.611      0.613   0.136       1.367   25.000    76.333  108.0   20.333  467.000       3
         100          0         1   508854.667     101.771   101.930    0.642      0.642   0.098       0.973   62.667   142.333  108.0   20.333  467.000       3
         200          0         1  1102888.000     220.578   220.927    0.673      0.672   0.069       0.734  158.667   276.667   69.0   42.000  521.333       3

-- exp_AA LFR (mu=0.5) reference --
                 m  d_avg_real  mu_real  deg_cv        k  cs_min   cs_max
d_nom                                                                    
10       55913.667      11.183    0.579   2.327  100.333  20.000  482.000
25      123173.333      24.635    0.598   1.765   96.667  20.000  466.000
50      247114.667      49.423    0.613   1.367   99.000  20.000  474.333
100     509650.667     101.930    0.642   0.973  101.333  20.000  473.667
200    1104633.333     220.927    0.672   0.734   68.000  41.333  573.667

============================================================================================
ARM A / P4 -- Leiden honest-transfer modularity.  P4 predicts NO gain on any SBM variant at any degree.
============================================================================================
     gen  d_nom sparsifier  target_ret     d_avg  deg_cv     ret  dQ_match  dQ_best  seed_sd  n
   dcsbm     10      dspar        0.05  11.10400 1.57475 0.04990  -0.38068 -0.38145  0.00047  3
   dcsbm     10      dspar        0.15  11.10400 1.57475 0.14957  -0.29172 -0.29249  0.00047  3
   dcsbm     10      dspar        0.20  11.10400 1.57475 0.20039  -0.26303 -0.26380  0.00047  3
   dcsbm     10      dspar        0.50  11.10400 1.57475 0.49898  -0.12437 -0.12514  0.00047  3
   dcsbm     10      lspar        0.05  11.10400 1.57475 0.15881  -0.20854 -0.20931  0.00047  3
   dcsbm     10      lspar        0.15  11.10400 1.57475 0.15881  -0.20854 -0.20931  0.00047  3
   dcsbm     10      lspar        0.20  11.10400 1.57475 0.15881  -0.20854 -0.20931  0.00047  3
   dcsbm     10      lspar        0.50  11.10400 1.57475 0.50099  -0.01288 -0.01365  0.00047  3
   dcsbm     10     random        0.05  11.10400 1.57475 0.05000  -0.38110 -0.38187  0.00047  3
   dcsbm     10     random        0.15  11.10400 1.57475 0.15000  -0.30688 -0.30765  0.00047  3
   dcsbm     10     random        0.20  11.10400 1.57475 0.20000  -0.27290 -0.27367  0.00047  3
   dcsbm     10     random        0.50  11.10400 1.57475 0.50000  -0.08911 -0.08988  0.00047  3
   dcsbm     25      dspar        0.05  24.60027 1.48460 0.05002  -0.34045 -0.34082  0.00032  3
   dcsbm     25      dspar        0.15  24.60027 1.48460 0.14977  -0.28289 -0.28326  0.00032  3
   dcsbm     25      dspar        0.20  24.60027 1.48460 0.20005  -0.24817 -0.24854  0.00032  3
   dcsbm     25      dspar        0.50  24.60027 1.48460 0.50009  -0.00702 -0.00739  0.00032  3
   dcsbm     25      lspar        0.05  24.60027 1.48460 0.06930  -0.27051 -0.27088  0.00032  3
   dcsbm     25      lspar        0.15  24.60027 1.48460 0.15015  -0.00770 -0.00807  0.00032  3
   dcsbm     25      lspar        0.20  24.60027 1.48460 0.19837  -0.00443 -0.00480  0.00032  3
   dcsbm     25      lspar        0.50  24.60027 1.48460 0.50226  -0.00162 -0.00199  0.00032  3
   dcsbm     25     random        0.05  24.60027 1.48460 0.05000  -0.34552 -0.34589  0.00032  3
   dcsbm     25     random        0.15  24.60027 1.48460 0.15000  -0.27457 -0.27494  0.00032  3
   dcsbm     25     random        0.20  24.60027 1.48460 0.20000  -0.21901 -0.21938  0.00032  3
   dcsbm     25     random        0.50  24.60027 1.48460 0.50000  -0.03047 -0.03084  0.00032  3
   dcsbm     50      dspar        0.05  49.11947 1.38747 0.04988  -0.32980 -0.33039  0.00027  3
   dcsbm     50      dspar        0.15  49.11947 1.38747 0.14945  -0.17352 -0.17411  0.00027  3
   dcsbm     50      dspar        0.20  49.11947 1.38747 0.19943  -0.06201 -0.06259  0.00027  3
   dcsbm     50      dspar        0.50  49.11947 1.38747 0.50023   0.00044 -0.00015  0.00027  3
   dcsbm     50      lspar        0.05  49.11947 1.38747 0.04495  -0.19895 -0.19954  0.00027  3
   dcsbm     50      lspar        0.15  49.11947 1.38747 0.14996  -0.01549 -0.01607  0.00027  3
   dcsbm     50      lspar        0.20  49.11947 1.38747 0.20124  -0.02321 -0.02380  0.00027  3
   dcsbm     50      lspar        0.50  49.11947 1.38747 0.50087   0.00076  0.00017  0.00027  3
   dcsbm     50     random        0.05  49.11947 1.38747 0.05000  -0.33473 -0.33531  0.00027  3
   dcsbm     50     random        0.15  49.11947 1.38747 0.15000  -0.21967 -0.22026  0.00027  3
   dcsbm     50     random        0.20  49.11947 1.38747 0.20000  -0.11421 -0.11479  0.00027  3
   dcsbm     50     random        0.50  49.11947 1.38747 0.50000  -0.00573 -0.00632  0.00027  3
   dcsbm    100      dspar        0.05 101.43367 1.27443 0.04987  -0.28944 -0.28995  0.00052  3
   dcsbm    100      dspar        0.15 101.43367 1.27443 0.14973  -0.00990 -0.01042  0.00052  3
   dcsbm    100      dspar        0.20 101.43367 1.27443 0.19963  -0.00163 -0.00215  0.00052  3
   dcsbm    100      dspar        0.50 101.43367 1.27443 0.49969   0.00104  0.00053  0.00052  3
   dcsbm    100      lspar        0.05 101.43367 1.27443 0.05275  -0.01872 -0.01924  0.00052  3
   dcsbm    100      lspar        0.15 101.43367 1.27443 0.14677  -0.02959 -0.03011  0.00052  3
   dcsbm    100      lspar        0.20 101.43367 1.27443 0.20340  -0.03608 -0.03659  0.00052  3
   dcsbm    100      lspar        0.50 101.43367 1.27443 0.49959   0.00103  0.00052  0.00052  3
   dcsbm    100     random        0.05 101.43367 1.27443 0.05000  -0.30408 -0.30460  0.00052  3
   dcsbm    100     random        0.15 101.43367 1.27443 0.15000  -0.06405 -0.06457  0.00052  3
   dcsbm    100     random        0.20 101.43367 1.27443 0.20000  -0.01949 -0.02001  0.00052  3
   dcsbm    100     random        0.50 101.43367 1.27443 0.50000  -0.00003 -0.00055  0.00052  3
   dcsbm    200      dspar        0.05 219.81860 1.13663 0.04998  -0.09946 -0.09988  0.00092  3
   dcsbm    200      dspar        0.15 219.81860 1.13663 0.14986   0.00183  0.00141  0.00092  3
   dcsbm    200      dspar        0.20 219.81860 1.13663 0.19995   0.00205  0.00163  0.00092  3
   dcsbm    200      dspar        0.50 219.81860 1.13663 0.49977   0.00196  0.00154  0.00092  3
   dcsbm    200      lspar        0.05 219.81860 1.13663 0.04804  -0.02020 -0.02062  0.00092  3
   dcsbm    200      lspar        0.15 219.81860 1.13663 0.14602  -0.02527 -0.02569  0.00092  3
   dcsbm    200      lspar        0.20 219.81860 1.13663 0.19749  -0.02765 -0.02807  0.00092  3
   dcsbm    200      lspar        0.50 219.81860 1.13663 0.50460   0.00185  0.00170  0.00092  3
   dcsbm    200     random        0.05 219.81860 1.13663 0.05000  -0.24870 -0.24912  0.00092  3
   dcsbm    200     random        0.15 219.81860 1.13663 0.15000  -0.00474 -0.00516  0.00092  3
   dcsbm    200     random        0.20 219.81860 1.13663 0.20000  -0.00065 -0.00107  0.00092  3
   dcsbm    200     random        0.50 219.81860 1.13663 0.50000   0.00077  0.00035  0.00092  3
dcsbm_ps     10      dspar        0.05  11.10913 1.61909 0.05055  -0.37428 -0.37554  0.00162  3
dcsbm_ps     10      dspar        0.15  11.10913 1.61909 0.14955  -0.28711 -0.28837  0.00162  3
dcsbm_ps     10      dspar        0.20  11.10913 1.61909 0.19899  -0.26054 -0.26180  0.00162  3
dcsbm_ps     10      dspar        0.50  11.10913 1.61909 0.49987  -0.14105 -0.14231  0.00162  3
dcsbm_ps     10      lspar        0.05  11.10913 1.61909 0.16003  -0.20698 -0.20824  0.00162  3
dcsbm_ps     10      lspar        0.15  11.10913 1.61909 0.16003  -0.20698 -0.20824  0.00162  3
dcsbm_ps     10      lspar        0.20  11.10913 1.61909 0.16003  -0.20698 -0.20824  0.00162  3
dcsbm_ps     10      lspar        0.50  11.10913 1.61909 0.50385  -0.01497 -0.01623  0.00162  3
dcsbm_ps     10     random        0.05  11.10913 1.61909 0.05001  -0.37589 -0.37715  0.00162  3
dcsbm_ps     10     random        0.15  11.10913 1.61909 0.15000  -0.30500 -0.30626  0.00162  3
dcsbm_ps     10     random        0.20  11.10913 1.61909 0.20000  -0.27419 -0.27545  0.00162  3
dcsbm_ps     10     random        0.50  11.10913 1.61909 0.50000  -0.10458 -0.10584  0.00162  3
dcsbm_ps     25      dspar        0.05  24.60620 1.54520 0.05003  -0.33228 -0.33342  0.00151  3
dcsbm_ps     25      dspar        0.15  24.60620 1.54520 0.14960  -0.28110 -0.28224  0.00151  3
dcsbm_ps     25      dspar        0.20  24.60620 1.54520 0.19996  -0.25270 -0.25384  0.00151  3
dcsbm_ps     25      dspar        0.50  24.60620 1.54520 0.50040  -0.01480 -0.01594  0.00151  3
dcsbm_ps     25      lspar        0.05  24.60620 1.54520 0.07011  -0.25785 -0.25899  0.00151  3
dcsbm_ps     25      lspar        0.15  24.60620 1.54520 0.14999  -0.01662 -0.01776  0.00151  3
dcsbm_ps     25      lspar        0.20  24.60620 1.54520 0.20178  -0.00904 -0.01018  0.00151  3
dcsbm_ps     25      lspar        0.50  24.60620 1.54520 0.50107  -0.00191 -0.00305  0.00151  3
dcsbm_ps     25     random        0.05  24.60620 1.54520 0.05000  -0.33762 -0.33876  0.00151  3
dcsbm_ps     25     random        0.15  24.60620 1.54520 0.15000  -0.27123 -0.27237  0.00151  3
dcsbm_ps     25     random        0.20  24.60620 1.54520 0.20000  -0.22322 -0.22436  0.00151  3
dcsbm_ps     25     random        0.50  24.60620 1.54520 0.50000  -0.03397 -0.03512  0.00151  3
dcsbm_ps     50      dspar        0.05  49.18700 1.46939 0.04975  -0.32238 -0.32340  0.00207  3
dcsbm_ps     50      dspar        0.15  49.18700 1.46939 0.14947  -0.23266 -0.23368  0.00207  3
dcsbm_ps     50      dspar        0.20  49.18700 1.46939 0.19937  -0.11101 -0.11202  0.00207  3
dcsbm_ps     50      dspar        0.50  49.18700 1.46939 0.49991   0.00114  0.00012  0.00207  3
dcsbm_ps     50      lspar        0.05  49.18700 1.46939 0.03504  -0.27990 -0.28092  0.00207  3
dcsbm_ps     50      lspar        0.15  49.18700 1.46939 0.15351  -0.01746 -0.01848  0.00207  3
dcsbm_ps     50      lspar        0.20  49.18700 1.46939 0.19954  -0.02366 -0.02468  0.00207  3
dcsbm_ps     50      lspar        0.50  49.18700 1.46939 0.50056   0.00152  0.00050  0.00207  3
dcsbm_ps     50     random        0.05  49.18700 1.46939 0.05000  -0.32601 -0.32703  0.00207  3
dcsbm_ps     50     random        0.15  49.18700 1.46939 0.15000  -0.22117 -0.22219  0.00207  3
dcsbm_ps     50     random        0.20  49.18700 1.46939 0.20000  -0.12435 -0.12536  0.00207  3
dcsbm_ps     50     random        0.50  49.18700 1.46939 0.50000  -0.00982 -0.01084  0.00207  3
dcsbm_ps    100      dspar        0.05 101.42813 1.37086 0.05017  -0.29171 -0.29482  0.00181  3
dcsbm_ps    100      dspar        0.15 101.42813 1.37086 0.14973  -0.02169 -0.02480  0.00181  3
dcsbm_ps    100      dspar        0.20 101.42813 1.37086 0.19961  -0.00125 -0.00437  0.00181  3
dcsbm_ps    100      dspar        0.50 101.42813 1.37086 0.49940   0.00450  0.00139  0.00181  3
dcsbm_ps    100      lspar        0.05 101.42813 1.37086 0.05447  -0.00892 -0.01204  0.00181  3
dcsbm_ps    100      lspar        0.15 101.42813 1.37086 0.15050  -0.03355 -0.03666  0.00181  3
dcsbm_ps    100      lspar        0.20 101.42813 1.37086 0.20213  -0.04179 -0.04491  0.00181  3
dcsbm_ps    100      lspar        0.50 101.42813 1.37086 0.50005   0.00447  0.00136  0.00181  3
dcsbm_ps    100     random        0.05 101.42813 1.37086 0.05000  -0.29513 -0.29825  0.00181  3
dcsbm_ps    100     random        0.15 101.42813 1.37086 0.15000  -0.08361 -0.08673  0.00181  3
dcsbm_ps    100     random        0.20 101.42813 1.37086 0.20000  -0.03149 -0.03460  0.00181  3
dcsbm_ps    100     random        0.50 101.42813 1.37086 0.50000   0.00033 -0.00278  0.00181  3
dcsbm_ps    200      dspar        0.05 219.69947 1.28317 0.05004  -0.19955 -0.20083  0.00173  3
dcsbm_ps    200      dspar        0.15 219.69947 1.28317 0.14975   0.00234  0.00107  0.00173  3
dcsbm_ps    200      dspar        0.20 219.69947 1.28317 0.19966   0.00220  0.00092  0.00173  3
dcsbm_ps    200      dspar        0.50 219.69947 1.28317 0.49962   0.00289  0.00162  0.00173  3
dcsbm_ps    200      lspar        0.05 219.69947 1.28317 0.05403  -0.02054 -0.02181  0.00173  3
dcsbm_ps    200      lspar        0.15 219.69947 1.28317 0.15131  -0.04831 -0.04959  0.00173  3
dcsbm_ps    200      lspar        0.20 219.69947 1.28317 0.20410  -0.06325 -0.06325  0.00173  3
dcsbm_ps    200      lspar        0.50 219.69947 1.28317 0.49691   0.00213  0.00213  0.00173  3
dcsbm_ps    200     random        0.05 219.69947 1.28317 0.05000  -0.26812 -0.26940  0.00173  3
dcsbm_ps    200     random        0.15 219.69947 1.28317 0.15000  -0.02097 -0.02224  0.00173  3
dcsbm_ps    200     random        0.20 219.69947 1.28317 0.20000  -0.00732 -0.00860  0.00173  3
dcsbm_ps    200     random        0.50 219.69947 1.28317 0.50000  -0.00228 -0.00356  0.00173  3
     sbm     10      dspar        0.05  11.14300 0.29608 0.04978  -0.31723 -0.32703  0.00718  3
     sbm     10      dspar        0.15  11.14300 0.29608 0.14931  -0.22731 -0.23711  0.00718  3
     sbm     10      dspar        0.20  11.14300 0.29608 0.19964  -0.20289 -0.21269  0.00718  3
     sbm     10      dspar        0.50  11.14300 0.29608 0.50099  -0.13504 -0.14484  0.00718  3
     sbm     10      lspar        0.05  11.14300 0.29608 0.16078  -0.17554 -0.18534  0.00718  3
     sbm     10      lspar        0.15  11.14300 0.29608 0.16078  -0.17554 -0.18534  0.00718  3
     sbm     10      lspar        0.20  11.14300 0.29608 0.16078  -0.17554 -0.18534  0.00718  3
     sbm     10      lspar        0.50  11.14300 0.29608 0.49279   0.01508  0.00528  0.00718  3
     sbm     10     random        0.05  11.14300 0.29608 0.05000  -0.31698 -0.32678  0.00718  3
     sbm     10     random        0.15  11.14300 0.29608 0.15000  -0.22843 -0.23823  0.00718  3
     sbm     10     random        0.20  11.14300 0.29608 0.20000  -0.20500 -0.21480  0.00718  3
     sbm     10     random        0.50  11.14300 0.29608 0.50000  -0.13084 -0.14064  0.00718  3
     sbm     25      dspar        0.05  24.68380 0.19799 0.05001  -0.34142 -0.34144  0.00003  3
     sbm     25      dspar        0.15  24.68380 0.19799 0.14982  -0.30003 -0.30005  0.00003  3
     sbm     25      dspar        0.20  24.68380 0.19799 0.20004  -0.28743 -0.28745  0.00003  3
     sbm     25      dspar        0.50  24.68380 0.19799 0.50085  -0.14935 -0.14937  0.00003  3
     sbm     25      lspar        0.05  24.68380 0.19799 0.06611  -0.28531 -0.28533  0.00003  3
     sbm     25      lspar        0.15  24.68380 0.19799 0.15440  -0.02062 -0.02064  0.00003  3
     sbm     25      lspar        0.20  24.68380 0.19799 0.20100  -0.01311 -0.01313  0.00003  3
     sbm     25      lspar        0.50  24.68380 0.19799 0.50404  -0.00167 -0.00169  0.00003  3
     sbm     25     random        0.05  24.68380 0.19799 0.05000  -0.34126 -0.34128  0.00003  3
     sbm     25     random        0.15  24.68380 0.19799 0.15000  -0.30017 -0.30019  0.00003  3
     sbm     25     random        0.20  24.68380 0.19799 0.20000  -0.28739 -0.28741  0.00003  3
     sbm     25     random        0.50  24.68380 0.19799 0.50000  -0.12799 -0.12802  0.00003  3
     sbm     50      dspar        0.05  49.47307 0.13672 0.04999  -0.33618 -0.33618  0.00000  3
     sbm     50      dspar        0.15  49.47307 0.13672 0.14928  -0.29642 -0.29642  0.00000  3
     sbm     50      dspar        0.20  49.47307 0.13672 0.19955  -0.25044 -0.25044  0.00000  3
     sbm     50      dspar        0.50  49.47307 0.13672 0.50060  -0.00140 -0.00140  0.00000  3
     sbm     50      lspar        0.05  49.47307 0.13672 0.06390  -0.00042 -0.00042  0.00000  3
     sbm     50      lspar        0.15  49.47307 0.13672 0.15290  -0.00005 -0.00005  0.00000  3
     sbm     50      lspar        0.20  49.47307 0.13672 0.19919  -0.00001 -0.00001  0.00000  3
     sbm     50      lspar        0.50  49.47307 0.13672 0.49827  -0.00002 -0.00002  0.00000  3
     sbm     50     random        0.05  49.47307 0.13672 0.05000  -0.33656 -0.33656  0.00000  3
     sbm     50     random        0.15  49.47307 0.13672 0.15000  -0.29622 -0.29622  0.00000  3
     sbm     50     random        0.20  49.47307 0.13672 0.20000  -0.25267 -0.25267  0.00000  3
     sbm     50     random        0.50  49.47307 0.13672 0.50000  -0.00169 -0.00169  0.00000  3
     sbm    100      dspar        0.05 101.97773 0.09194 0.04997  -0.31939 -0.31943  0.00002  3
     sbm    100      dspar        0.15 101.97773 0.09194 0.14958  -0.13994 -0.13997  0.00002  3
     sbm    100      dspar        0.20 101.97773 0.09194 0.19969  -0.00978 -0.00982  0.00002  3
     sbm    100      dspar        0.50 101.97773 0.09194 0.49981  -0.00020 -0.00023  0.00002  3
     sbm    100      lspar        0.05 101.97773 0.09194 0.04861   0.00004 -0.00000  0.00002  3
     sbm    100      lspar        0.15 101.97773 0.09194 0.15058   0.00004 -0.00000  0.00002  3
     sbm    100      lspar        0.20 101.97773 0.09194 0.20218   0.00004 -0.00000  0.00002  3
     sbm    100      lspar        0.50 101.97773 0.09194 0.50176   0.00004 -0.00000  0.00002  3
     sbm    100     random        0.05 101.97773 0.09194 0.05000  -0.31974 -0.31978  0.00002  3
     sbm    100     random        0.15 101.97773 0.09194 0.15000  -0.12663 -0.12667  0.00002  3
     sbm    100     random        0.20 101.97773 0.09194 0.20000  -0.01001 -0.01005  0.00002  3
     sbm    100     random        0.50 101.97773 0.09194 0.50000  -0.00016 -0.00019  0.00002  3
     sbm    200      dspar        0.05 221.00467 0.05756 0.05013  -0.27880 -0.27918  0.00019  3
     sbm    200      dspar        0.15 221.00467 0.05756 0.14967  -0.00188 -0.00225  0.00019  3
     sbm    200      dspar        0.20 221.00467 0.05756 0.19976  -0.00041 -0.00079  0.00019  3
     sbm    200      dspar        0.50 221.00467 0.05756 0.49992   0.00048  0.00010  0.00019  3
     sbm    200      lspar        0.05 221.00467 0.05756 0.04814   0.00051  0.00013  0.00019  3
     sbm    200      lspar        0.15 221.00467 0.05756 0.15095   0.00051  0.00013  0.00019  3
     sbm    200      lspar        0.20 221.00467 0.05756 0.19810   0.00051  0.00013  0.00019  3
     sbm    200      lspar        0.50 221.00467 0.05756 0.49757   0.00051  0.00013  0.00019  3
     sbm    200     random        0.05 221.00467 0.05756 0.05000  -0.27626 -0.27664  0.00019  3
     sbm    200     random        0.15 221.00467 0.05756 0.15000  -0.00193 -0.00231  0.00019  3
     sbm    200     random        0.20 221.00467 0.05756 0.20000  -0.00061 -0.00099  0.00019  3
     sbm    200     random        0.50 221.00467 0.05756 0.50000   0.00045  0.00008  0.00019  3
  sbm_ps     10      dspar        0.05  11.17087 0.29468 0.05018  -0.31096 -0.31505  0.00450  3
  sbm_ps     10      dspar        0.15  11.17087 0.29468 0.14952  -0.22158 -0.22567  0.00450  3
  sbm_ps     10      dspar        0.20  11.17087 0.29468 0.20075  -0.19605 -0.20014  0.00450  3
  sbm_ps     10      dspar        0.50  11.17087 0.29468 0.50082  -0.12665 -0.13074  0.00450  3
  sbm_ps     10      lspar        0.05  11.17087 0.29468 0.16368  -0.16739 -0.17148  0.00450  3
  sbm_ps     10      lspar        0.15  11.17087 0.29468 0.16368  -0.16739 -0.17148  0.00450  3
  sbm_ps     10      lspar        0.20  11.17087 0.29468 0.16368  -0.16739 -0.17148  0.00450  3
  sbm_ps     10      lspar        0.50  11.17087 0.29468 0.49832   0.00392 -0.00017  0.00450  3
  sbm_ps     10     random        0.05  11.17087 0.29468 0.05000  -0.31114 -0.31522  0.00450  3
  sbm_ps     10     random        0.15  11.17087 0.29468 0.15000  -0.22261 -0.22670  0.00450  3
  sbm_ps     10     random        0.20  11.17087 0.29468 0.20000  -0.19896 -0.20304  0.00450  3
  sbm_ps     10     random        0.50  11.17087 0.29468 0.49999  -0.12545 -0.12954  0.00450  3
  sbm_ps     25      dspar        0.05  24.54420 0.19791 0.04989  -0.32964 -0.33384  0.00252  3
  sbm_ps     25      dspar        0.15  24.54420 0.19791 0.14968  -0.28771 -0.29191  0.00252  3
  sbm_ps     25      dspar        0.20  24.54420 0.19791 0.20000  -0.27424 -0.27844  0.00252  3
  sbm_ps     25      dspar        0.50  24.54420 0.19791 0.50037  -0.12240 -0.12660  0.00252  3
  sbm_ps     25      lspar        0.05  24.54420 0.19791 0.06757  -0.26744 -0.27164  0.00252  3
  sbm_ps     25      lspar        0.15  24.54420 0.19791 0.14521  -0.05737 -0.06157  0.00252  3
  sbm_ps     25      lspar        0.20  24.54420 0.19791 0.20039  -0.02338 -0.02758  0.00252  3
  sbm_ps     25      lspar        0.50  24.54420 0.19791 0.50081  -0.00511 -0.00930  0.00252  3
  sbm_ps     25     random        0.05  24.54420 0.19791 0.05000  -0.32972 -0.33391  0.00252  3
  sbm_ps     25     random        0.15  24.54420 0.19791 0.15000  -0.28813 -0.29233  0.00252  3
  sbm_ps     25     random        0.20  24.54420 0.19791 0.20000  -0.27480 -0.27899  0.00252  3
  sbm_ps     25     random        0.50  24.54420 0.19791 0.50000  -0.13460 -0.13880  0.00252  3
  sbm_ps     50      dspar        0.05  49.24767 0.13636 0.04995  -0.32981 -0.33016  0.00044  3
  sbm_ps     50      dspar        0.15  49.24767 0.13636 0.14931  -0.28760 -0.28794  0.00044  3
  sbm_ps     50      dspar        0.20  49.24767 0.13636 0.19964  -0.24626 -0.24660  0.00044  3
  sbm_ps     50      dspar        0.50  49.24767 0.13636 0.50016  -0.00945 -0.00979  0.00044  3
  sbm_ps     50      lspar        0.05  49.24767 0.13636 0.06404  -0.02365 -0.02399  0.00044  3
  sbm_ps     50      lspar        0.15  49.24767 0.13636 0.15030  -0.00261 -0.00295  0.00044  3
  sbm_ps     50      lspar        0.20  49.24767 0.13636 0.19799  -0.00117 -0.00152  0.00044  3
  sbm_ps     50      lspar        0.50  49.24767 0.13636 0.50074   0.00014 -0.00020  0.00044  3
  sbm_ps     50     random        0.05  49.24767 0.13636 0.05000  -0.32969 -0.33003  0.00044  3
  sbm_ps     50     random        0.15  49.24767 0.13636 0.15000  -0.28760 -0.28795  0.00044  3
  sbm_ps     50     random        0.20  49.24767 0.13636 0.20000  -0.24124 -0.24159  0.00044  3
  sbm_ps     50     random        0.50  49.24767 0.13636 0.50000  -0.00710 -0.00744  0.00044  3
  sbm_ps    100      dspar        0.05 101.77093 0.09794 0.04998  -0.31108 -0.31131  0.00019  3
  sbm_ps    100      dspar        0.15 101.77093 0.09794 0.14958  -0.17798 -0.17820  0.00019  3
  sbm_ps    100      dspar        0.20 101.77093 0.09794 0.19986  -0.03732 -0.03755  0.00019  3
  sbm_ps    100      dspar        0.50 101.77093 0.09794 0.49971  -0.00055 -0.00077  0.00019  3
  sbm_ps    100      lspar        0.05 101.77093 0.09794 0.04742  -0.00002 -0.00025  0.00019  3
  sbm_ps    100      lspar        0.15 101.77093 0.09794 0.14745  -0.00000 -0.00023  0.00019  3
  sbm_ps    100      lspar        0.20 101.77093 0.09794 0.19847  -0.00000 -0.00023  0.00019  3
  sbm_ps    100      lspar        0.50 101.77093 0.09794 0.49924   0.00013 -0.00010  0.00019  3
  sbm_ps    100     random        0.05 101.77093 0.09794 0.05000  -0.31119 -0.31142  0.00019  3
  sbm_ps    100     random        0.15 101.77093 0.09794 0.15000  -0.18440 -0.18463  0.00019  3
  sbm_ps    100     random        0.20 101.77093 0.09794 0.20000  -0.03058 -0.03081  0.00019  3
  sbm_ps    100     random        0.50 101.77093 0.09794 0.50000  -0.00096 -0.00119  0.00019  3
  sbm_ps    200      dspar        0.05 220.57760 0.06869 0.05012  -0.27780 -0.27840  0.00055  3
  sbm_ps    200      dspar        0.15 220.57760 0.06869 0.14963  -0.01402 -0.01463  0.00055  3
  sbm_ps    200      dspar        0.20 220.57760 0.06869 0.19971  -0.00351 -0.00411  0.00055  3
  sbm_ps    200      dspar        0.50 220.57760 0.06869 0.49983   0.00068  0.00008  0.00055  3
  sbm_ps    200      lspar        0.05 220.57760 0.06869 0.04987   0.00085  0.00025  0.00055  3
  sbm_ps    200      lspar        0.15 220.57760 0.06869 0.14959   0.00085  0.00025  0.00055  3
  sbm_ps    200      lspar        0.20 220.57760 0.06869 0.19958   0.00085  0.00025  0.00055  3
  sbm_ps    200      lspar        0.50 220.57760 0.06869 0.50182   0.00086  0.00026  0.00055  3
  sbm_ps    200     random        0.05 220.57760 0.06869 0.05000  -0.27751 -0.27811  0.00055  3
  sbm_ps    200     random        0.15 220.57760 0.06869 0.15000  -0.01104 -0.01164  0.00055  3
  sbm_ps    200     random        0.20 220.57760 0.06869 0.20000  -0.00305 -0.00365  0.00055  3
  sbm_ps    200     random        0.50 220.57760 0.06869 0.50000   0.00037 -0.00023  0.00055  3

--- P4 KILL CHECK: cells with dQ_vs_matched > 0 AND > 2*baseline seed sd ---
     gen  d_nom sparsifier  target_ret     d_avg  deg_cv     ret  dQ_match  dQ_best  seed_sd  n
   dcsbm     50      lspar        0.50  49.11947 1.38747 0.50087   0.00076  0.00017  0.00027  3
   dcsbm    100      dspar        0.50 101.43367 1.27443 0.49969   0.00104  0.00053  0.00052  3
   dcsbm    200      dspar        0.20 219.81860 1.13663 0.19995   0.00205  0.00163  0.00092  3
   dcsbm    200      dspar        0.50 219.81860 1.13663 0.49977   0.00196  0.00154  0.00092  3
   dcsbm    200      lspar        0.50 219.81860 1.13663 0.50460   0.00185  0.00170  0.00092  3
dcsbm_ps    100      dspar        0.50 101.42813 1.37086 0.49940   0.00450  0.00139  0.00181  3
dcsbm_ps    100      lspar        0.50 101.42813 1.37086 0.50005   0.00447  0.00136  0.00181  3
     sbm     10      lspar        0.50  11.14300 0.29608 0.49279   0.01508  0.00528  0.00718  3
     sbm    200      dspar        0.50 221.00467 0.05756 0.49992   0.00048  0.00010  0.00019  3
     sbm    200      lspar        0.05 221.00467 0.05756 0.04814   0.00051  0.00013  0.00019  3
     sbm    200      lspar        0.15 221.00467 0.05756 0.15095   0.00051  0.00013  0.00019  3
     sbm    200      lspar        0.20 221.00467 0.05756 0.19810   0.00051  0.00013  0.00019  3
     sbm    200      lspar        0.50 221.00467 0.05756 0.49757   0.00051  0.00013  0.00019  3
     sbm    200     random        0.50 221.00467 0.05756 0.50000   0.00045  0.00008  0.00019  3

  ...same cells against the STRICTER best-of-5-restart baseline:
     gen  d_nom sparsifier  target_ret  dQ_best  seed_sd
   dcsbm     50      lspar        0.50  0.00017  0.00027
   dcsbm    100      dspar        0.50  0.00053  0.00052
   dcsbm    200      dspar        0.20  0.00163  0.00092
   dcsbm    200      dspar        0.50  0.00154  0.00092
   dcsbm    200      lspar        0.50  0.00170  0.00092
dcsbm_ps    100      dspar        0.50  0.00139  0.00181
dcsbm_ps    100      lspar        0.50  0.00136  0.00181
     sbm     10      lspar        0.50  0.00528  0.00718
     sbm    200      dspar        0.50  0.00010  0.00019
     sbm    200      lspar        0.05  0.00013  0.00019
     sbm    200      lspar        0.15  0.00013  0.00019
     sbm    200      lspar        0.20  0.00013  0.00019
     sbm    200      lspar        0.50  0.00013  0.00019
     sbm    200     random        0.50  0.00008  0.00019

  cells surviving BOTH baselines: 0 / 240

============================================================================================
ARM A -- recovery (AMI) and the resolution-matched control
============================================================================================
     gen  d_nom sparsifier  target_ret    d_avg    AMI  AMI_base    dAMI  base_sd  AMI_res  dAMI_res      nc_s    nc_res  n
   dcsbm     10      dspar        0.05  11.1040 0.0744    0.6431 -0.5687   0.0052   0.2230   -0.1486 7231.6667 2083.0000  3
   dcsbm     10      dspar        0.15  11.1040 0.1297    0.6431 -0.5134   0.0052   0.2230   -0.0933 2649.1111 2083.0000  3
   dcsbm     10      dspar        0.20  11.1040 0.1346    0.6431 -0.5084   0.0052   0.3024   -0.1678 1402.4444 1325.0000  3
   dcsbm     10      dspar        0.50  11.1040 0.3008    0.6431 -0.3422   0.0052   0.5564   -0.2556  165.7778  155.6667  3
   dcsbm     10      lspar        0.05  11.1040 0.4801    0.6431 -0.1630   0.0052   0.3024    0.1777 1183.0000 1325.0000  3
   dcsbm     10      lspar        0.15  11.1040 0.4801    0.6431 -0.1630   0.0052   0.3024    0.1777 1183.0000 1325.0000  3
   dcsbm     10      lspar        0.20  11.1040 0.4801    0.6431 -0.1630   0.0052   0.3024    0.1777 1183.0000 1325.0000  3
   dcsbm     10      lspar        0.50  11.1040 0.6282    0.6431 -0.0149   0.0052   0.7092   -0.0810  211.6667  221.0000  3
   dcsbm     10     random        0.05  11.1040 0.0627    0.6431 -0.5803   0.0052   0.2230   -0.1603 7326.8889 2083.0000  3
   dcsbm     10     random        0.15  11.1040 0.1157    0.6431 -0.5273   0.0052   0.2230   -0.1073 4158.5556 2083.0000  3
   dcsbm     10     random        0.20  11.1040 0.1442    0.6431 -0.4989   0.0052   0.2230   -0.0788 3227.8889 2083.0000  3
   dcsbm     10     random        0.50  11.1040 0.3690    0.6431 -0.2741   0.0052   0.4784   -0.1094  860.3333  655.0000  3
   dcsbm     25      dspar        0.05  24.6003 0.1118    0.9017 -0.7898   0.0048   0.2695   -0.1576 4169.2222 2537.0000  3
   dcsbm     25      dspar        0.15  24.6003 0.1534    0.9017 -0.7483   0.0048   0.7402   -0.5868  435.7778  403.3333  3
   dcsbm     25      dspar        0.20  24.6003 0.2028    0.9017 -0.6989   0.0048   0.9531   -0.7504  138.0000  102.6667  3
   dcsbm     25      dspar        0.50  24.6003 0.8384    0.9017 -0.0633   0.0048   0.9018   -0.0634   58.5556   73.6667  3
   dcsbm     25      lspar        0.05  24.6003 0.6005    0.9017 -0.3012   0.0048   0.4265    0.1739 1475.6667 1385.0000  3
   dcsbm     25      lspar        0.15  24.6003 0.8903    0.9017 -0.0113   0.0048   0.9515   -0.0612  101.2222  100.6667  3
   dcsbm     25      lspar        0.20  24.6003 0.9100    0.9017  0.0083   0.0048   0.9536   -0.0436  101.1111  101.6667  3
   dcsbm     25      lspar        0.50  24.6003 0.9270    0.9017  0.0253   0.0048   0.9474   -0.0204   98.7778   98.3333  3
   dcsbm     25     random        0.05  24.6003 0.0913    0.9017 -0.8104   0.0048   0.2695   -0.1782 5017.2222 2537.0000  3
   dcsbm     25     random        0.15  24.6003 0.1665    0.9017 -0.7352   0.0048   0.4265   -0.2600 1645.2222 1385.0000  3
   dcsbm     25     random        0.20  24.6003 0.2486    0.9017 -0.6531   0.0048   0.4265   -0.1780 1006.6667 1385.0000  3
   dcsbm     25     random        0.50  24.6003 0.6868    0.9017 -0.2149   0.0048   0.9531   -0.2664  132.5556  102.6667  3
   dcsbm     50      dspar        0.05  49.1195 0.1321    0.9762 -0.8441   0.0035   0.5574   -0.4253 1496.2222 1475.6667  3
   dcsbm     50      dspar        0.15  49.1195 0.4375    0.9762 -0.5387   0.0035   0.8426   -0.4051   56.7778   37.0000  3
   dcsbm     50      dspar        0.20  49.1195 0.6931    0.9762 -0.2831   0.0035   0.8426   -0.1495   43.7778   37.0000  3
   dcsbm     50      dspar        0.50  49.1195 0.9762    0.9762 -0.0000   0.0035   0.9719    0.0042   87.1111   85.0000  3
   dcsbm     50      lspar        0.05  49.1195 0.7614    0.9762 -0.2148   0.0035   0.7031    0.0582 1042.2222 1025.0000  3
   dcsbm     50      lspar        0.15  49.1195 0.9891    0.9762  0.0129   0.0035   0.9978   -0.0087   99.2222   99.0000  3
   dcsbm     50      lspar        0.20  49.1195 0.9841    0.9762  0.0079   0.0035   0.9967   -0.0127   98.2222   98.3333  3
   dcsbm     50      lspar        0.50  49.1195 0.9968    0.9762  0.0206   0.0035   0.9973   -0.0005   98.5556   98.6667  3
   dcsbm     50     random        0.05  49.1195 0.1089    0.9762 -0.8673   0.0035   0.3315   -0.2226 2651.6667 3086.3333  3
   dcsbm     50     random        0.15  49.1195 0.2879    0.9762 -0.6883   0.0035   0.9161   -0.6282  375.3333  314.0000  3
   dcsbm     50     random        0.20  49.1195 0.5107    0.9762 -0.4655   0.0035   0.9994   -0.4887  170.3333  102.0000  3
   dcsbm     50     random        0.50  49.1195 0.9063    0.9762 -0.0699   0.0035   0.9719   -0.0656   70.6667   85.0000  3
   dcsbm    100      dspar        0.05 101.4337 0.1833    0.9803 -0.7969   0.0062   0.9941   -0.8107  203.1111  185.3333  3
   dcsbm    100      dspar        0.15 101.4337 0.8957    0.9803 -0.0845   0.0062   0.8483    0.0475   59.5556   39.3333  3
   dcsbm    100      dspar        0.20 101.4337 0.9530    0.9803 -0.0273   0.0062   0.9807   -0.0277   76.3333   90.6667  3
   dcsbm    100      dspar        0.50 101.4337 0.9981    0.9803  0.0178   0.0062   0.9977    0.0004   98.8889   98.6667  3
   dcsbm    100      lspar        0.05 101.4337 0.9884    0.9803  0.0081   0.0062   0.9999   -0.0116  101.3333  101.3333  3
   dcsbm    100      lspar        0.15 101.4337 0.9791    0.9803 -0.0012   0.0062   1.0000   -0.0209  100.8889  100.6667  3
   dcsbm    100      lspar        0.20 101.4337 0.9736    0.9803 -0.0067   0.0062   1.0000   -0.0264  100.4444  100.0000  3
   dcsbm    100      lspar        0.50 101.4337 0.9987    0.9803  0.0184   0.0062   0.9977    0.0010   99.3333   98.6667  3
   dcsbm    100     random        0.05 101.4337 0.1278    0.9803 -0.8525   0.0062   0.9720   -0.8442  774.0000  434.0000  3
   dcsbm    100     random        0.15 101.4337 0.6725    0.9803 -0.3078   0.0062   0.8483   -0.1758   54.8889   39.3333  3
   dcsbm    100     random        0.20 101.4337 0.8358    0.9803 -0.1445   0.0062   0.8483   -0.0125   57.0000   39.3333  3
   dcsbm    100     random        0.50 101.4337 0.9706    0.9803 -0.0096   0.0062   0.9807   -0.0101   85.1111   90.6667  3
   dcsbm    200      dspar        0.05 219.8186 0.5996    0.9562 -0.3565   0.0082   0.8266   -0.2270   27.2222   37.3333  3
   dcsbm    200      dspar        0.15 219.8186 0.9918    0.9562  0.0357   0.0082   0.9866    0.0052   95.3333   94.0000  3
   dcsbm    200      dspar        0.20 219.8186 0.9982    0.9562  0.0421   0.0082   0.9901    0.0081   99.0000   97.3333  3
   dcsbm    200      dspar        0.50 219.8186 0.9961    0.9562  0.0399   0.0082   0.9901    0.0060   97.7778   97.3333  3
   dcsbm    200      lspar        0.05 219.8186 0.9683    0.9562  0.0121   0.0082   0.9901   -0.0218  101.0000   97.3333  3
   dcsbm    200      lspar        0.15 219.8186 0.9569    0.9562  0.0007   0.0082   0.9901   -0.0332  101.0000   97.3333  3
   dcsbm    200      lspar        0.20 219.8186 0.9519    0.9562 -0.0043   0.0082   0.9901   -0.0382  100.8889   97.3333  3
   dcsbm    200      lspar        0.50 219.8186 1.0000    0.9562  0.0438   0.0082   0.9901    0.0099  100.0000   97.3333  3
   dcsbm    200     random        0.05 219.8186 0.2189    0.9562 -0.7372   0.0082   0.9630   -0.7440   67.1111   82.6667  3
   dcsbm    200     random        0.15 219.8186 0.9053    0.9562 -0.0509   0.0082   0.9218   -0.0166   60.5556   66.0000  3
   dcsbm    200     random        0.20 219.8186 0.9396    0.9562 -0.0166   0.0082   0.9630   -0.0233   70.5556   82.6667  3
   dcsbm    200     random        0.50 219.8186 0.9821    0.9562  0.0259   0.0082   0.9845   -0.0024   92.4444   93.0000  3
dcsbm_ps     10      dspar        0.05  11.1091 0.0688    0.6043 -0.5355   0.0093   0.2180   -0.1492 7192.6667 2066.6667  3
dcsbm_ps     10      dspar        0.15  11.1091 0.1087    0.6043 -0.4956   0.0093   0.2180   -0.1093 2633.0000 2066.6667  3
dcsbm_ps     10      dspar        0.20  11.1091 0.1142    0.6043 -0.4901   0.0093   0.3014   -0.1872 1423.4444 1334.0000  3
dcsbm_ps     10      dspar        0.50  11.1091 0.2423    0.6043 -0.3620   0.0093   0.5608   -0.3185  165.1111  163.0000  3
dcsbm_ps     10      lspar        0.05  11.1091 0.4442    0.6043 -0.1601   0.0093   0.3303    0.1139 1113.4444 1150.3333  3
dcsbm_ps     10      lspar        0.15  11.1091 0.4442    0.6043 -0.1601   0.0093   0.3303    0.1139 1113.4444 1150.3333  3
dcsbm_ps     10      lspar        0.20  11.1091 0.4442    0.6043 -0.1601   0.0093   0.3303    0.1139 1113.4444 1150.3333  3
dcsbm_ps     10      lspar        0.50  11.1091 0.5701    0.6043 -0.0342   0.0093   0.6492   -0.0791  195.3333  199.0000  3
dcsbm_ps     10     random        0.05  11.1091 0.0557    0.6043 -0.5486   0.0093   0.2180   -0.1623 7329.6667 2066.6667  3
dcsbm_ps     10     random        0.15  11.1091 0.0936    0.6043 -0.5107   0.0093   0.2180   -0.1244 4174.8889 2066.6667  3
dcsbm_ps     10     random        0.20  11.1091 0.1147    0.6043 -0.4896   0.0093   0.2180   -0.1033 3198.6667 2066.6667  3
dcsbm_ps     10     random        0.50  11.1091 0.2997    0.6043 -0.3046   0.0093   0.4064   -0.1067  870.7778  797.6667  3
dcsbm_ps     25      dspar        0.05  24.6062 0.0956    0.8491 -0.7535   0.0112   0.2623   -0.1667 4186.6667 2528.3333  3
dcsbm_ps     25      dspar        0.15  24.6062 0.1247    0.8491 -0.7244   0.0112   0.7550   -0.6303  440.7778  289.0000  3
dcsbm_ps     25      dspar        0.20  24.6062 0.1637    0.8491 -0.6854   0.0112   0.8609   -0.6972  139.0000  140.6667  3
dcsbm_ps     25      dspar        0.50  24.6062 0.7664    0.8491 -0.0827   0.0112   0.8510   -0.0846   44.2222   51.3333  3
dcsbm_ps     25      lspar        0.05  24.6062 0.5705    0.8491 -0.2786   0.0112   0.4061    0.1644 1376.3333 1444.3333  3
dcsbm_ps     25      lspar        0.15  24.6062 0.7900    0.8491 -0.0591   0.0112   0.9034   -0.1133   81.5556   78.6667  3
dcsbm_ps     25      lspar        0.20  24.6062 0.8261    0.8491 -0.0230   0.0112   0.9034   -0.0773   82.5556   78.6667  3
dcsbm_ps     25      lspar        0.50  24.6062 0.8602    0.8491  0.0111   0.0112   0.9034   -0.0431   72.3333   78.6667  3
dcsbm_ps     25     random        0.05  24.6062 0.0750    0.8491 -0.7741   0.0112   0.2623   -0.1873 5055.6667 2528.3333  3
dcsbm_ps     25     random        0.15  24.6062 0.1371    0.8491 -0.7120   0.0112   0.4061   -0.2690 1726.4444 1444.3333  3
dcsbm_ps     25     random        0.20  24.6062 0.1983    0.8491 -0.6508   0.0112   0.5162   -0.3179 1067.4444  945.0000  3
dcsbm_ps     25     random        0.50  24.6062 0.6214    0.8491 -0.2277   0.0112   0.8738   -0.2524  122.7778  127.6667  3
dcsbm_ps     50      dspar        0.05  49.1870 0.1025    0.9249 -0.8223   0.0125   0.4962   -0.3937 1512.0000 1698.6667  3
dcsbm_ps     50      dspar        0.15  49.1870 0.2656    0.9249 -0.6592   0.0125   0.9339   -0.6683   44.2222   55.0000  3
dcsbm_ps     50      dspar        0.20  49.1870 0.5335    0.9249 -0.3914   0.0125   0.8039   -0.2704   29.7778   26.6667  3
dcsbm_ps     50      dspar        0.50  49.1870 0.9460    0.9249  0.0211   0.0125   0.9339    0.0121   58.1111   55.0000  3
dcsbm_ps     50      lspar        0.05  49.1870 0.6324    0.9249 -0.2925   0.0125   0.4962    0.1362 1383.2222 1698.6667  3
dcsbm_ps     50      lspar        0.15  49.1870 0.9660    0.9249  0.0411   0.0125   0.9898   -0.0238   93.5556   96.0000  3
dcsbm_ps     50      lspar        0.20  49.1870 0.9646    0.9249  0.0398   0.0125   0.9898   -0.0252   94.3333   96.0000  3
dcsbm_ps     50      lspar        0.50  49.1870 0.9608    0.9249  0.0359   0.0125   0.9628   -0.0020   69.1111   70.3333  3
dcsbm_ps     50     random        0.05  49.1870 0.0876    0.9249 -0.8372   0.0125   0.3122   -0.2246 2747.4444 3145.0000  3
dcsbm_ps     50     random        0.15  49.1870 0.2317    0.9249 -0.6931   0.0125   0.8571   -0.6254  388.2222  276.6667  3
dcsbm_ps     50     random        0.20  49.1870 0.4223    0.9249 -0.5026   0.0125   0.9599   -0.5376  174.1111  122.6667  3
dcsbm_ps     50     random        0.50  49.1870 0.8399    0.9249 -0.0850   0.0125   0.9339   -0.0940   46.5556   55.0000  3
dcsbm_ps    100      dspar        0.05 101.4281 0.1250    0.9174 -0.7925   0.0137   0.9811   -0.8561  194.4444  135.3333  3
dcsbm_ps    100      dspar        0.15 101.4281 0.8014    0.9174 -0.1160   0.0137   0.9149   -0.1135   36.1111   49.3333  3
dcsbm_ps    100      dspar        0.20 101.4281 0.9159    0.9174 -0.0015   0.0137   0.9149    0.0010   50.8889   49.3333  3
dcsbm_ps    100      dspar        0.50 101.4281 0.9562    0.9174  0.0387   0.0137   0.9149    0.0413   60.6667   49.3333  3
dcsbm_ps    100      lspar        0.05 101.4281 0.9847    0.9174  0.0673   0.0137   0.9972   -0.0124  104.0000  105.3333  3
dcsbm_ps    100      lspar        0.15 101.4281 0.9709    0.9174  0.0535   0.0137   0.9972   -0.0263  102.6667  105.3333  3
dcsbm_ps    100      lspar        0.20 101.4281 0.9650    0.9174  0.0476   0.0137   0.9903   -0.0253  101.1111   98.0000  3
dcsbm_ps    100      lspar        0.50 101.4281 0.9507    0.9174  0.0333   0.0137   0.9149    0.0358   59.7778   49.3333  3
dcsbm_ps    100     random        0.05 101.4281 0.1001    0.9174 -0.8173   0.0137   0.7255   -0.6253  848.6667  990.6667  3
dcsbm_ps    100     random        0.15 101.4281 0.5320    0.9174 -0.3855   0.0137   0.9149   -0.3829   51.3333   49.3333  3
dcsbm_ps    100     random        0.20 101.4281 0.7257    0.9174 -0.1917   0.0137   0.9149   -0.1892   41.7778   49.3333  3
dcsbm_ps    100     random        0.50 101.4281 0.9042    0.9174 -0.0132   0.0137   0.9149   -0.0107   45.7778   49.3333  3
dcsbm_ps    200      dspar        0.05 219.6995 0.2828    0.9290 -0.6462   0.0117   0.6941   -0.4113   18.4444   16.3333  3
dcsbm_ps    200      dspar        0.15 219.6995 0.9655    0.9290  0.0364   0.0117   0.9530    0.0125   48.0000   47.0000  3
dcsbm_ps    200      dspar        0.20 219.6995 0.9702    0.9290  0.0412   0.0117   0.9530    0.0173   50.2222   47.0000  3
dcsbm_ps    200      dspar        0.50 219.6995 0.9778    0.9290  0.0488   0.0117   0.9673    0.0106   54.2222   55.3333  3
dcsbm_ps    200      lspar        0.05 219.6995 0.9760    0.9290  0.0470   0.0117   0.9957   -0.0196   69.8889   68.6667  3
dcsbm_ps    200      lspar        0.15 219.6995 0.9543    0.9290  0.0253   0.0117   0.9957   -0.0414   69.1111   68.6667  3
dcsbm_ps    200      lspar        0.20 219.6995 0.9485    0.9290  0.0194   0.0117   0.9957   -0.0472   69.3333   68.6667  3
dcsbm_ps    200      lspar        0.50 219.6995 0.9694    0.9290  0.0404   0.0117   0.9530    0.0165   49.0000   47.0000  3
dcsbm_ps    200     random        0.05 219.6995 0.0789    0.9290 -0.8502   0.0117   0.9968   -0.9180   92.8889   94.6667  3
dcsbm_ps    200     random        0.15 219.6995 0.7918    0.9290 -0.1373   0.0117   0.7643    0.0274   27.5556   23.0000  3
dcsbm_ps    200     random        0.20 219.6995 0.8761    0.9290 -0.0529   0.0117   0.9358   -0.0597   32.6667   40.6667  3
dcsbm_ps    200     random        0.50 219.6995 0.9232    0.9290 -0.0058   0.0117   0.9358   -0.0126   38.6667   40.6667  3
     sbm     10      dspar        0.05  11.1430 0.0664    0.4299 -0.3635   0.0520   0.2608   -0.1944 7226.3333 2207.6667  3
     sbm     10      dspar        0.15  11.1430 0.1096    0.4299 -0.3203   0.0520   0.2608   -0.1512 2284.3333 2207.6667  3
     sbm     10      dspar        0.20  11.1430 0.1066    0.4299 -0.3233   0.0520   0.3481   -0.2416 1129.5556 1374.0000  3
     sbm     10      dspar        0.50  11.1430 0.1215    0.4299 -0.3085   0.0520   0.5274   -0.4060   33.1111   30.6667  3
     sbm     10      lspar        0.05  11.1430 0.4454    0.4299  0.0155   0.0520   0.4358    0.0097 1046.6667  957.6667  3
     sbm     10      lspar        0.15  11.1430 0.4454    0.4299  0.0155   0.0520   0.4358    0.0097 1046.6667  957.6667  3
     sbm     10      lspar        0.20  11.1430 0.4454    0.4299  0.0155   0.0520   0.4358    0.0097 1046.6667  957.6667  3
     sbm     10      lspar        0.50  11.1430 0.7058    0.4299  0.2758   0.0520   0.7227   -0.0169   46.1111   52.3333  3
     sbm     10     random        0.05  11.1430 0.0678    0.4299 -0.3621   0.0520   0.2608   -0.1930 7214.6667 2207.6667  3
     sbm     10     random        0.15  11.1430 0.1118    0.4299 -0.3181   0.0520   0.2608   -0.1490 2399.3333 2207.6667  3
     sbm     10     random        0.20  11.1430 0.1084    0.4299 -0.3215   0.0520   0.3481   -0.2398 1292.5556 1374.0000  3
     sbm     10     random        0.50  11.1430 0.1299    0.4299 -0.3000   0.0520   0.7938   -0.6638   65.3333   67.3333  3
     sbm     25      dspar        0.05  24.6838 0.1039    0.9550 -0.8511   0.0016   0.3651   -0.2612 3922.7778 2738.3333  3
     sbm     25      dspar        0.15  24.6838 0.0991    0.9550 -0.8560   0.0016   0.9948   -0.8957  256.2222  135.0000  3
     sbm     25      dspar        0.20  24.6838 0.1044    0.9550 -0.8506   0.0016   0.9698   -0.8654   83.0000   83.3333  3
     sbm     25      dspar        0.50  24.6838 0.3383    0.9550 -0.6167   0.0016   0.0000    0.3383   15.0000    1.0000  3
     sbm     25      lspar        0.05  24.6838 0.5391    0.9550 -0.4160   0.0016   0.5636   -0.0246 1840.6667 1335.6667  3
     sbm     25      lspar        0.15  24.6838 0.9136    0.9550 -0.0415   0.0016   0.9989   -0.0853   89.0000  100.0000  3
     sbm     25      lspar        0.20  24.6838 0.9287    0.9550 -0.0263   0.0016   0.9699   -0.0412   85.5556   83.3333  3
     sbm     25      lspar        0.50  24.6838 0.9490    0.9550 -0.0061   0.0016   0.9540   -0.0050   73.6667   74.3333  3
     sbm     25     random        0.05  24.6838 0.1015    0.9550 -0.8536   0.0016   0.3651   -0.2636 3925.6667 2738.3333  3
     sbm     25     random        0.15  24.6838 0.0947    0.9550 -0.8604   0.0016   0.8041   -0.7095  303.4444  440.3333  3
     sbm     25     random        0.20  24.6838 0.1013    0.9550 -0.8538   0.0016   0.9978   -0.8965  108.1111  109.0000  3
     sbm     25     random        0.50  24.6838 0.4177    0.9550 -0.5373   0.0016   0.5603   -0.1426   20.1111   21.6667  3
     sbm     50      dspar        0.05  49.4731 0.0923    0.9943 -0.9020   0.0000   0.5895   -0.4971  961.2222 1450.3333  3
     sbm     50      dspar        0.15  49.4731 0.1257    0.9943 -0.8685   0.0000   0.8818   -0.7560   23.2222   41.3333  3
     sbm     50      dspar        0.20  49.4731 0.2297    0.9943 -0.7645   0.0000   0.0000    0.2297   19.4444    1.0000  3
     sbm     50      dspar        0.50  49.4731 0.9447    0.9943 -0.0496   0.0000   0.9579   -0.0132   68.8889   79.0000  3
     sbm     50      lspar        0.05  49.4731 0.9987    0.9943  0.0045   0.0000   1.0000   -0.0013  100.5556  100.0000  3
     sbm     50      lspar        0.15  49.4731 0.9998    0.9943  0.0055   0.0000   1.0000   -0.0002  100.0000  100.0000  3
     sbm     50      lspar        0.20  49.4731 0.9999    0.9943  0.0056   0.0000   1.0000   -0.0001  100.0000  100.0000  3
     sbm     50      lspar        0.50  49.4731 1.0000    0.9943  0.0057   0.0000   1.0000   -0.0000  100.0000  100.0000  3
     sbm     50     random        0.05  49.4731 0.0909    0.9943 -0.9034   0.0000   0.5895   -0.4986 1031.4444 1450.3333  3
     sbm     50     random        0.15  49.4731 0.1227    0.9943 -0.8716   0.0000   0.8818   -0.7591   26.7778   41.3333  3
     sbm     50     random        0.20  49.4731 0.2191    0.9943 -0.7752   0.0000   0.0000    0.2191   19.4444    1.0000  3
     sbm     50     random        0.50  49.4731 0.9436    0.9943 -0.0507   0.0000   0.9565   -0.0130   69.2222   78.0000  3
     sbm    100      dspar        0.05 101.9777 0.0783    0.9995 -0.9213   0.0007   0.9994   -0.9212  100.0000   99.6667  3
     sbm    100      dspar        0.15 101.9777 0.5123    0.9995 -0.4873   0.0007   0.8860   -0.3737   27.1111   42.6667  3
     sbm    100      dspar        0.20 101.9777 0.8992    0.9995 -0.1003   0.0007   0.8860    0.0132   54.8889   42.6667  3
     sbm    100      dspar        0.50 101.9777 0.9868    0.9995 -0.0127   0.0007   0.9989   -0.0120   92.3333   99.3333  3
     sbm    100      lspar        0.05 101.9777 1.0000    0.9995  0.0005   0.0007   1.0000    0.0000  100.0000  100.0000  3
     sbm    100      lspar        0.15 101.9777 1.0000    0.9995  0.0005   0.0007   1.0000    0.0000  100.0000  100.0000  3
     sbm    100      lspar        0.20 101.9777 1.0000    0.9995  0.0005   0.0007   1.0000    0.0000  100.0000  100.0000  3
     sbm    100      lspar        0.50 101.9777 1.0000    0.9995  0.0005   0.0007   1.0000    0.0000  100.0000  100.0000  3
     sbm    100     random        0.05 101.9777 0.0751    0.9995 -0.9245   0.0007   0.9989   -0.9238   91.6667   99.3333  3
     sbm    100     random        0.15 101.9777 0.5488    0.9995 -0.4508   0.0007   0.8860   -0.3372   29.3333   42.6667  3
     sbm    100     random        0.20 101.9777 0.9020    0.9995 -0.0976   0.0007   0.8860    0.0160   56.1111   42.6667  3
     sbm    100     random        0.50 101.9777 0.9891    0.9995 -0.0104   0.0007   0.9989   -0.0097   93.6667   99.3333  3
     sbm    200      dspar        0.05 221.0047 0.1018    0.9895 -0.8877   0.0048   0.0000    0.1018   13.6667    1.0000  3
     sbm    200      dspar        0.15 221.0047 0.9391    0.9895 -0.0504   0.0048   0.8888    0.0503   65.8889   44.3333  3
     sbm    200      dspar        0.20 221.0047 0.9681    0.9895 -0.0213   0.0048   0.9864   -0.0182   81.5556   92.3333  3
     sbm    200      dspar        0.50 221.0047 0.9992    0.9895  0.0097   0.0048   1.0000   -0.0008   99.5556  100.0000  3
     sbm    200      lspar        0.05 221.0047 1.0000    0.9895  0.0105   0.0048   1.0000    0.0000  100.0000  100.0000  3
     sbm    200      lspar        0.15 221.0047 1.0000    0.9895  0.0105   0.0048   1.0000    0.0000  100.0000  100.0000  3
     sbm    200      lspar        0.20 221.0047 1.0000    0.9895  0.0105   0.0048   1.0000    0.0000  100.0000  100.0000  3
     sbm    200      lspar        0.50 221.0047 1.0000    0.9895  0.0105   0.0048   1.0000    0.0000  100.0000  100.0000  3
     sbm    200     random        0.05 221.0047 0.1068    0.9895 -0.8827   0.0048   0.0000    0.1068   13.2222    1.0000  3
     sbm    200     random        0.15 221.0047 0.9408    0.9895 -0.0487   0.0048   0.9209    0.0199   67.4444   59.6667  3
     sbm    200     random        0.20 221.0047 0.9616    0.9895 -0.0279   0.0048   0.9864   -0.0248   77.8889   92.3333  3
     sbm    200     random        0.50 221.0047 0.9979    0.9895  0.0084   0.0048   0.9971    0.0008   98.7778   98.3333  3
  sbm_ps     10      dspar        0.05  11.1709 0.0630    0.4282 -0.3652   0.0307   0.2580   -0.1950 7197.0000 2197.6667  3
  sbm_ps     10      dspar        0.15  11.1709 0.0966    0.4282 -0.3316   0.0307   0.2580   -0.1614 2288.3333 2197.6667  3
  sbm_ps     10      dspar        0.20  11.1709 0.0914    0.4282 -0.3368   0.0307   0.4015   -0.3101 1091.6667  976.3333  3
  sbm_ps     10      dspar        0.50  11.1709 0.1180    0.4282 -0.3102   0.0307   0.4464   -0.3284   32.5556   26.3333  3
  sbm_ps     10      lspar        0.05  11.1709 0.4225    0.4282 -0.0057   0.0307   0.4442   -0.0217  863.0000  787.3333  3
  sbm_ps     10      lspar        0.15  11.1709 0.4225    0.4282 -0.0057   0.0307   0.4442   -0.0217  863.0000  787.3333  3
  sbm_ps     10      lspar        0.20  11.1709 0.4225    0.4282 -0.0057   0.0307   0.4442   -0.0217  863.0000  787.3333  3
  sbm_ps     10      lspar        0.50  11.1709 0.6365    0.4282  0.2082   0.0307   0.4927    0.1437   38.5556   34.0000  3
  sbm_ps     10     random        0.05  11.1709 0.0623    0.4282 -0.3659   0.0307   0.2580   -0.1957 7207.3333 2197.6667  3
  sbm_ps     10     random        0.15  11.1709 0.0931    0.4282 -0.3351   0.0307   0.2580   -0.1649 2394.4444 2197.6667  3
  sbm_ps     10     random        0.20  11.1709 0.0906    0.4282 -0.3377   0.0307   0.3407   -0.2501 1294.1111 1358.6667  3
  sbm_ps     10     random        0.50  11.1709 0.1240    0.4282 -0.3042   0.0307   0.6050   -0.4809   64.4444   60.3333  3
  sbm_ps     25      dspar        0.05  24.5442 0.0943    0.9143 -0.8201   0.0138   0.3396   -0.2453 3950.0000 2775.0000  3
  sbm_ps     25      dspar        0.15  24.5442 0.0857    0.9143 -0.8287   0.0138   0.8193   -0.7337  264.3333  301.3333  3
  sbm_ps     25      dspar        0.20  24.5442 0.0940    0.9143 -0.8203   0.0138   0.9672   -0.8732   78.8889   82.0000  3
  sbm_ps     25      dspar        0.50  24.5442 0.4322    0.9143 -0.4821   0.0138   0.8011   -0.3689   24.2222   27.6667  3
  sbm_ps     25      lspar        0.05  24.5442 0.4845    0.9143 -0.4298   0.0138   0.5067   -0.0223 1708.0000 1432.3333  3
  sbm_ps     25      lspar        0.15  24.5442 0.7771    0.9143 -0.1372   0.0138   0.9631   -0.1860   78.3333   77.6667  3
  sbm_ps     25      lspar        0.20  24.5442 0.8675    0.9143 -0.0468   0.0138   0.9631   -0.0957   77.1111   77.6667  3
  sbm_ps     25      lspar        0.50  24.5442 0.9037    0.9143 -0.0106   0.0138   0.9369   -0.0332   64.8889   64.3333  3
  sbm_ps     25     random        0.05  24.5442 0.0905    0.9143 -0.8238   0.0138   0.3396   -0.2491 3963.8889 2775.0000  3
  sbm_ps     25     random        0.15  24.5442 0.0844    0.9143 -0.8299   0.0138   0.8193   -0.7349  301.7778  301.3333  3
  sbm_ps     25     random        0.20  24.5442 0.0938    0.9143 -0.8205   0.0138   0.9760   -0.8822  104.0000  104.6667  3
  sbm_ps     25     random        0.50  24.5442 0.3893    0.9143 -0.5251   0.0138   0.8011   -0.4118   23.1111   27.6667  3
  sbm_ps     50      dspar        0.05  49.2477 0.0786    0.9637 -0.8851   0.0041   0.7164   -0.6378  984.0000  722.6667  3
  sbm_ps     50      dspar        0.15  49.2477 0.1302    0.9637 -0.8335   0.0041   0.8785   -0.7483   27.8889   34.6667  3
  sbm_ps     50      dspar        0.20  49.2477 0.2191    0.9637 -0.7446   0.0041   0.5744   -0.3554   21.0000   22.6667  3
  sbm_ps     50      dspar        0.50  49.2477 0.8940    0.9637 -0.0697   0.0041   0.8785    0.0155   49.0000   34.6667  3
  sbm_ps     50      lspar        0.05  49.2477 0.9240    0.9637 -0.0397   0.0041   0.9977   -0.0736   99.4444  103.6667  3
  sbm_ps     50      lspar        0.15  49.2477 0.9884    0.9637  0.0247   0.0041   0.9992   -0.0108  106.4444  106.3333  3
  sbm_ps     50      lspar        0.20  49.2477 0.9934    0.9637  0.0297   0.0041   0.9992   -0.0058  106.7778  106.3333  3
  sbm_ps     50      lspar        0.50  49.2477 0.9866    0.9637  0.0229   0.0041   0.9916   -0.0050   87.6667   93.6667  3
  sbm_ps     50     random        0.05  49.2477 0.0784    0.9637 -0.8853   0.0041   0.7164   -0.6380 1020.4444  722.6667  3
  sbm_ps     50     random        0.15  49.2477 0.1286    0.9637 -0.8351   0.0041   0.8785   -0.7499   26.2222   34.6667  3
  sbm_ps     50     random        0.20  49.2477 0.2351    0.9637 -0.7286   0.0041   0.8785   -0.6434   22.2222   34.6667  3
  sbm_ps     50     random        0.50  49.2477 0.9083    0.9637 -0.0554   0.0041   0.9084   -0.0001   51.6667   46.6667  3
  sbm_ps    100      dspar        0.05 101.7709 0.0695    0.9720 -0.9024   0.0017   0.9839   -0.9144   84.8889   86.6667  3
  sbm_ps    100      dspar        0.15 101.7709 0.3967    0.9720 -0.5753   0.0017   0.9039   -0.5072   23.2222   39.3333  3
  sbm_ps    100      dspar        0.20 101.7709 0.7776    0.9720 -0.1943   0.0017   0.9039   -0.1263   36.4444   39.3333  3
  sbm_ps    100      dspar        0.50 101.7709 0.9549    0.9720 -0.0171   0.0017   0.9703   -0.0155   61.5556   71.3333  3
  sbm_ps    100      lspar        0.05 101.7709 0.9999    0.9720  0.0280   0.0017   0.9990    0.0009  108.0000  107.6667  3
  sbm_ps    100      lspar        0.15 101.7709 1.0000    0.9720  0.0280   0.0017   0.9990    0.0010  108.0000  107.6667  3
  sbm_ps    100      lspar        0.20 101.7709 1.0000    0.9720  0.0280   0.0017   0.9990    0.0010  108.0000  107.6667  3
  sbm_ps    100      lspar        0.50 101.7709 0.9833    0.9720  0.0114   0.0017   0.9767    0.0067   81.8889   77.3333  3
  sbm_ps    100     random        0.05 101.7709 0.0698    0.9720 -0.9022   0.0017   0.9825   -0.9128   89.4444   84.0000  3
  sbm_ps    100     random        0.15 101.7709 0.3793    0.9720 -0.5926   0.0017   0.9039   -0.5246   23.3333   39.3333  3
  sbm_ps    100     random        0.20 101.7709 0.7999    0.9720 -0.1720   0.0017   0.9039   -0.1040   36.8889   39.3333  3
  sbm_ps    100     random        0.50 101.7709 0.9555    0.9720 -0.0164   0.0017   0.9703   -0.0148   63.4444   71.3333  3
  sbm_ps    200      dspar        0.05 220.5776 0.0566    0.9762 -0.9197   0.0068   0.0000    0.0566   12.6667    1.0000  3
  sbm_ps    200      dspar        0.15 220.5776 0.8867    0.9762 -0.0895   0.0068   0.9250   -0.0383   39.0000   35.6667  3
  sbm_ps    200      dspar        0.20 220.5776 0.9447    0.9762 -0.0315   0.0068   0.9396    0.0052   46.2222   41.3333  3
  sbm_ps    200      dspar        0.50 220.5776 0.9861    0.9762  0.0099   0.0068   0.9790    0.0071   57.3333   56.6667  3
  sbm_ps    200      lspar        0.05 220.5776 1.0000    0.9762  0.0238   0.0068   0.9995    0.0005   69.0000   69.0000  3
  sbm_ps    200      lspar        0.15 220.5776 1.0000    0.9762  0.0238   0.0068   0.9995    0.0005   69.0000   69.0000  3
  sbm_ps    200      lspar        0.20 220.5776 1.0000    0.9762  0.0238   0.0068   0.9995    0.0005   69.0000   69.0000  3
  sbm_ps    200      lspar        0.50 220.5776 0.9935    0.9762  0.0173   0.0068   0.9894    0.0041   62.6667   62.6667  3
  sbm_ps    200     random        0.05 220.5776 0.0534    0.9762 -0.9229   0.0068   0.0000    0.0534   11.6667    1.0000  3
  sbm_ps    200     random        0.15 220.5776 0.8959    0.9762 -0.0803   0.0068   0.9250   -0.0291   38.7778   35.6667  3
  sbm_ps    200     random        0.20 220.5776 0.9478    0.9762 -0.0284   0.0068   0.9396    0.0082   46.2222   41.3333  3
  sbm_ps    200     random        0.50 220.5776 0.9825    0.9762  0.0063   0.0068   0.9790    0.0035   56.6667   56.6667  3

  AMI-gain cells beyond 2x baseline seed sd: 47 / 240
     gen  d_nom sparsifier  target_ret    d_avg    AMI  AMI_base   dAMI  base_sd  AMI_res  dAMI_res     nc_s   nc_res  n
   dcsbm     25      lspar        0.50  24.6003 0.9270    0.9017 0.0253   0.0048   0.9474   -0.0204  98.7778  98.3333  3
   dcsbm     50      lspar        0.15  49.1195 0.9891    0.9762 0.0129   0.0035   0.9978   -0.0087  99.2222  99.0000  3
   dcsbm     50      lspar        0.20  49.1195 0.9841    0.9762 0.0079   0.0035   0.9967   -0.0127  98.2222  98.3333  3
   dcsbm     50      lspar        0.50  49.1195 0.9968    0.9762 0.0206   0.0035   0.9973   -0.0005  98.5556  98.6667  3
   dcsbm    100      dspar        0.50 101.4337 0.9981    0.9803 0.0178   0.0062   0.9977    0.0004  98.8889  98.6667  3
   dcsbm    100      lspar        0.50 101.4337 0.9987    0.9803 0.0184   0.0062   0.9977    0.0010  99.3333  98.6667  3
   dcsbm    200      dspar        0.15 219.8186 0.9918    0.9562 0.0357   0.0082   0.9866    0.0052  95.3333  94.0000  3
   dcsbm    200      dspar        0.20 219.8186 0.9982    0.9562 0.0421   0.0082   0.9901    0.0081  99.0000  97.3333  3
   dcsbm    200      dspar        0.50 219.8186 0.9961    0.9562 0.0399   0.0082   0.9901    0.0060  97.7778  97.3333  3
   dcsbm    200      lspar        0.50 219.8186 1.0000    0.9562 0.0438   0.0082   0.9901    0.0099 100.0000  97.3333  3
   dcsbm    200     random        0.50 219.8186 0.9821    0.9562 0.0259   0.0082   0.9845   -0.0024  92.4444  93.0000  3
dcsbm_ps     50      lspar        0.15  49.1870 0.9660    0.9249 0.0411   0.0125   0.9898   -0.0238  93.5556  96.0000  3
dcsbm_ps     50      lspar        0.20  49.1870 0.9646    0.9249 0.0398   0.0125   0.9898   -0.0252  94.3333  96.0000  3
dcsbm_ps     50      lspar        0.50  49.1870 0.9608    0.9249 0.0359   0.0125   0.9628   -0.0020  69.1111  70.3333  3
dcsbm_ps    100      dspar        0.50 101.4281 0.9562    0.9174 0.0387   0.0137   0.9149    0.0413  60.6667  49.3333  3
dcsbm_ps    100      lspar        0.05 101.4281 0.9847    0.9174 0.0673   0.0137   0.9972   -0.0124 104.0000 105.3333  3
dcsbm_ps    100      lspar        0.15 101.4281 0.9709    0.9174 0.0535   0.0137   0.9972   -0.0263 102.6667 105.3333  3
dcsbm_ps    100      lspar        0.20 101.4281 0.9650    0.9174 0.0476   0.0137   0.9903   -0.0253 101.1111  98.0000  3
dcsbm_ps    100      lspar        0.50 101.4281 0.9507    0.9174 0.0333   0.0137   0.9149    0.0358  59.7778  49.3333  3
dcsbm_ps    200      dspar        0.15 219.6995 0.9655    0.9290 0.0364   0.0117   0.9530    0.0125  48.0000  47.0000  3
dcsbm_ps    200      dspar        0.20 219.6995 0.9702    0.9290 0.0412   0.0117   0.9530    0.0173  50.2222  47.0000  3
dcsbm_ps    200      dspar        0.50 219.6995 0.9778    0.9290 0.0488   0.0117   0.9673    0.0106  54.2222  55.3333  3
dcsbm_ps    200      lspar        0.05 219.6995 0.9760    0.9290 0.0470   0.0117   0.9957   -0.0196  69.8889  68.6667  3
dcsbm_ps    200      lspar        0.15 219.6995 0.9543    0.9290 0.0253   0.0117   0.9957   -0.0414  69.1111  68.6667  3
dcsbm_ps    200      lspar        0.50 219.6995 0.9694    0.9290 0.0404   0.0117   0.9530    0.0165  49.0000  47.0000  3
     sbm     10      lspar        0.50  11.1430 0.7058    0.4299 0.2758   0.0520   0.7227   -0.0169  46.1111  52.3333  3
     sbm     50      lspar        0.05  49.4731 0.9987    0.9943 0.0045   0.0000   1.0000   -0.0013 100.5556 100.0000  3
     sbm     50      lspar        0.15  49.4731 0.9998    0.9943 0.0055   0.0000   1.0000   -0.0002 100.0000 100.0000  3
     sbm     50      lspar        0.20  49.4731 0.9999    0.9943 0.0056   0.0000   1.0000   -0.0001 100.0000 100.0000  3
     sbm     50      lspar        0.50  49.4731 1.0000    0.9943 0.0057   0.0000   1.0000   -0.0000 100.0000 100.0000  3
     sbm    200      dspar        0.50 221.0047 0.9992    0.9895 0.0097   0.0048   1.0000   -0.0008  99.5556 100.0000  3
     sbm    200      lspar        0.05 221.0047 1.0000    0.9895 0.0105   0.0048   1.0000    0.0000 100.0000 100.0000  3
     sbm    200      lspar        0.15 221.0047 1.0000    0.9895 0.0105   0.0048   1.0000    0.0000 100.0000 100.0000  3
     sbm    200      lspar        0.20 221.0047 1.0000    0.9895 0.0105   0.0048   1.0000    0.0000 100.0000 100.0000  3
     sbm    200      lspar        0.50 221.0047 1.0000    0.9895 0.0105   0.0048   1.0000    0.0000 100.0000 100.0000  3
  sbm_ps     10      lspar        0.50  11.1709 0.6365    0.4282 0.2082   0.0307   0.4927    0.1437  38.5556  34.0000  3
  sbm_ps     50      lspar        0.15  49.2477 0.9884    0.9637 0.0247   0.0041   0.9992   -0.0108 106.4444 106.3333  3
  sbm_ps     50      lspar        0.20  49.2477 0.9934    0.9637 0.0297   0.0041   0.9992   -0.0058 106.7778 106.3333  3
  sbm_ps     50      lspar        0.50  49.2477 0.9866    0.9637 0.0229   0.0041   0.9916   -0.0050  87.6667  93.6667  3
  sbm_ps    100      lspar        0.05 101.7709 0.9999    0.9720 0.0280   0.0017   0.9990    0.0009 108.0000 107.6667  3
  sbm_ps    100      lspar        0.15 101.7709 1.0000    0.9720 0.0280   0.0017   0.9990    0.0010 108.0000 107.6667  3
  sbm_ps    100      lspar        0.20 101.7709 1.0000    0.9720 0.0280   0.0017   0.9990    0.0010 108.0000 107.6667  3
  sbm_ps    100      lspar        0.50 101.7709 0.9833    0.9720 0.0114   0.0017   0.9767    0.0067  81.8889  77.3333  3
  sbm_ps    200      lspar        0.05 220.5776 1.0000    0.9762 0.0238   0.0068   0.9995    0.0005  69.0000  69.0000  3
  sbm_ps    200      lspar        0.15 220.5776 1.0000    0.9762 0.0238   0.0068   0.9995    0.0005  69.0000  69.0000  3
  sbm_ps    200      lspar        0.20 220.5776 1.0000    0.9762 0.0238   0.0068   0.9995    0.0005  69.0000  69.0000  3
  sbm_ps    200      lspar        0.50 220.5776 0.9935    0.9762 0.0173   0.0068   0.9894    0.0041  62.6667  62.6667  3
  ...of which ALSO beat the resolution-matched control: 21
     gen  d_nom sparsifier  target_ret    d_avg    AMI  AMI_base   dAMI  base_sd  AMI_res  dAMI_res     nc_s   nc_res  n
   dcsbm    100      dspar        0.50 101.4337 0.9981    0.9803 0.0178   0.0062   0.9977    0.0004  98.8889  98.6667  3
   dcsbm    100      lspar        0.50 101.4337 0.9987    0.9803 0.0184   0.0062   0.9977    0.0010  99.3333  98.6667  3
   dcsbm    200      dspar        0.15 219.8186 0.9918    0.9562 0.0357   0.0082   0.9866    0.0052  95.3333  94.0000  3
   dcsbm    200      dspar        0.20 219.8186 0.9982    0.9562 0.0421   0.0082   0.9901    0.0081  99.0000  97.3333  3
   dcsbm    200      dspar        0.50 219.8186 0.9961    0.9562 0.0399   0.0082   0.9901    0.0060  97.7778  97.3333  3
   dcsbm    200      lspar        0.50 219.8186 1.0000    0.9562 0.0438   0.0082   0.9901    0.0099 100.0000  97.3333  3
dcsbm_ps    100      dspar        0.50 101.4281 0.9562    0.9174 0.0387   0.0137   0.9149    0.0413  60.6667  49.3333  3
dcsbm_ps    100      lspar        0.50 101.4281 0.9507    0.9174 0.0333   0.0137   0.9149    0.0358  59.7778  49.3333  3
dcsbm_ps    200      dspar        0.15 219.6995 0.9655    0.9290 0.0364   0.0117   0.9530    0.0125  48.0000  47.0000  3
dcsbm_ps    200      dspar        0.20 219.6995 0.9702    0.9290 0.0412   0.0117   0.9530    0.0173  50.2222  47.0000  3
dcsbm_ps    200      dspar        0.50 219.6995 0.9778    0.9290 0.0488   0.0117   0.9673    0.0106  54.2222  55.3333  3
dcsbm_ps    200      lspar        0.50 219.6995 0.9694    0.9290 0.0404   0.0117   0.9530    0.0165  49.0000  47.0000  3
  sbm_ps     10      lspar        0.50  11.1709 0.6365    0.4282 0.2082   0.0307   0.4927    0.1437  38.5556  34.0000  3
  sbm_ps    100      lspar        0.05 101.7709 0.9999    0.9720 0.0280   0.0017   0.9990    0.0009 108.0000 107.6667  3
  sbm_ps    100      lspar        0.15 101.7709 1.0000    0.9720 0.0280   0.0017   0.9990    0.0010 108.0000 107.6667  3
  sbm_ps    100      lspar        0.20 101.7709 1.0000    0.9720 0.0280   0.0017   0.9990    0.0010 108.0000 107.6667  3
  sbm_ps    100      lspar        0.50 101.7709 0.9833    0.9720 0.0114   0.0017   0.9767    0.0067  81.8889  77.3333  3
  sbm_ps    200      lspar        0.05 220.5776 1.0000    0.9762 0.0238   0.0068   0.9995    0.0005  69.0000  69.0000  3
  sbm_ps    200      lspar        0.15 220.5776 1.0000    0.9762 0.0238   0.0068   0.9995    0.0005  69.0000  69.0000  3
  sbm_ps    200      lspar        0.20 220.5776 1.0000    0.9762 0.0238   0.0068   0.9995    0.0005  69.0000  69.0000  3
  sbm_ps    200      lspar        0.50 220.5776 0.9935    0.9762 0.0173   0.0068   0.9894    0.0041  62.6667  62.6667  3

============================================================================================
ARM A -- chance floor / granularity / cost sanity
============================================================================================
                   AMI  AMI_chance  ARI_chance   nc_base  nc_sparse  n_restarts  speedup_pipe  speedup_det
gen      d_nom                                                                                            
dcsbm    10     0.2833      0.0000         0.0  182.0000  2565.2778      1.0000        1.4880       1.6232
         25     0.4856      0.0001         0.0   74.0667  1198.3333      1.0000        1.5641       1.9106
         50     0.6487     -0.0001        -0.0   87.2000   524.1759      1.0000        1.6240       2.4795
         100    0.7981      0.0001         0.0   90.4000   150.9074      1.0000        1.7461       3.3592
         200    0.8757     -0.0000        -0.0   80.1333    84.4074      1.0833        1.9714       4.4285
dcsbm_ps 10     0.2500      0.0001        -0.0  175.1333  2543.6574      1.0000        1.4269       1.5602
         25     0.4358      0.0001         0.0   51.2667  1199.6481      1.0000        1.5427       1.8866
         50     0.5794      0.0000        -0.0   52.6667   553.3889      1.0000        1.6046       2.4189
         100    0.7443      0.0001        -0.0   48.8000   141.4352      1.0000        1.7449       3.2880
         200    0.8095      0.0000         0.0   40.1333    51.6667      1.1944        1.9099       4.0975
sbm      10     0.2387      0.0002         0.0   20.2000  2069.2778      1.0000        2.2601       2.4095
         25     0.3909     -0.0001        -0.0   74.8000   893.6019      1.0000        2.1133       2.4164
         50     0.5639      0.0001         0.0   96.6667   218.3519      1.0000        2.1833       3.0260
         100    0.7493      0.0001         0.0   99.7333    78.7593      1.0000        2.0219       3.5776
         200    0.8346     -0.0001        -0.0   94.0667    76.5000      1.0000        2.0487       4.7112
sbm_ps   10     0.2202      0.0000        -0.0   26.2000  2016.4537      1.0000        2.2521       2.4011
         25     0.3664      0.0001         0.0   53.4000   886.5463      1.0000        2.0568       2.3363
         50     0.5471     -0.0001        -0.0   67.9333   216.8981      1.0000        2.1529       2.9096
         100    0.6989     -0.0000        -0.0   72.4667    68.7593      1.0000        2.0963       3.6112
         200    0.8123      0.0001         0.0   55.2000    48.1852      1.0000        1.9743       4.1856

============================================================================================
ARM B -- real Metis, k pinned to the planted block count.  P1: the sign flip should occur on both SBM variants.
============================================================================================

[exp_AA LFR, mu=0.5 (reference)]
        gen  d_nom  d_avg  deg_cv  AMI_base lspar_dQ+ lspar_dAMI+  lspar_dQ  lspar_dAMI  lspar_dQmax  lspar_dAMImax dspar_dQ+ dspar_dAMI+  dspar_dQ  dspar_dAMI  dspar_dQmax  dspar_dAMImax random_dQ+ random_dAMI+  random_dQ  random_dAMI  random_dQmax  random_dAMImax
LFR(exp_AA)     10   11.2   2.327     0.464      0/12        0/12   -0.1028     -0.2160      -0.0244        -0.0248      0/12        0/12   -0.1697     -0.3715      -0.0877        -0.2830       0/12         0/12    -0.1723      -0.3527       -0.0801         -0.2297
LFR(exp_AA)     25   24.6   1.765     0.586      0/12        6/12   -0.0455     -0.0715      -0.0015         0.0309      0/12        0/12   -0.1235     -0.4124      -0.0348        -0.1511       0/12         0/12    -0.1211      -0.3861       -0.0354         -0.1319
LFR(exp_AA)     50   49.4   1.367     0.596      8/12        9/12   -0.0157      0.0421       0.0064         0.1522      0/12        2/12   -0.0877     -0.3241      -0.0066         0.0114       0/12         1/12    -0.0804      -0.2938       -0.0108         -0.0303
LFR(exp_AA)    100  101.9   0.973     0.601     10/12       12/12    0.0061      0.1158       0.0098         0.1417      2/12        3/12   -0.0466     -0.2193       0.0027         0.0376       0/12         0/12    -0.0453      -0.2172       -0.0035         -0.0282
LFR(exp_AA)    200  220.9   0.734     0.574     12/12       12/12    0.0093      0.0927       0.0122         0.1155      3/12        3/12   -0.0272     -0.1549       0.0083         0.0397       2/12         1/12    -0.0269      -0.1588        0.0002         -0.0140

[exp_AC SBM family]
     gen  d_nom  d_avg  deg_cv  AMI_base lspar_dQ+ lspar_dAMI+  lspar_dQ  lspar_dAMI  lspar_dQmax  lspar_dAMImax dspar_dQ+ dspar_dAMI+  dspar_dQ  dspar_dAMI  dspar_dQmax  dspar_dAMImax random_dQ+ random_dAMI+  random_dQ  random_dAMI  random_dQmax  random_dAMImax
   dcsbm     10   11.1   1.575     0.684      0/12        0/12   -0.1471     -0.2396      -0.0064        -0.0482      0/12        0/12   -0.2614     -0.4899      -0.1425        -0.3340       0/12         0/12    -0.2625      -0.4730       -0.1014         -0.2758
   dcsbm     25   24.6   1.485     0.887      9/12        6/12   -0.0549     -0.0975       0.0125         0.0212      0/12        0/12   -0.2141     -0.5223      -0.0088        -0.0148       0/12         0/12    -0.2147      -0.5500       -0.0273         -0.1570
   dcsbm     50   49.1   1.387     0.950      6/12       10/12   -0.0419     -0.0470       0.0097         0.0377      2/12        2/12   -0.1321     -0.3287       0.0065         0.0244       0/12         0/12    -0.1518      -0.4154       -0.0120         -0.0510
   dcsbm    100  101.4   1.274     0.961      6/12       10/12   -0.0007      0.0212       0.0138         0.0335      5/12        5/12   -0.0731     -0.1795       0.0096         0.0246       1/12         1/12    -0.0891      -0.2407        0.0020          0.0064
   dcsbm    200  219.8   1.137     0.950      6/12        7/12    0.0039      0.0076       0.0072         0.0120      9/12        9/12    0.0111      0.0088       0.0305         0.0487       5/12         4/12    -0.0354      -0.1021        0.0101          0.0081
dcsbm_ps     10   11.1   1.619     0.545      0/12        0/12   -0.1143     -0.1590      -0.0106        -0.0212      0/12        0/12   -0.2135     -0.3835      -0.1174        -0.2736       0/12         0/12    -0.2195      -0.3644       -0.0938         -0.2124
dcsbm_ps     25   24.6   1.545     0.678      3/12        9/12   -0.0533     -0.0295       0.0011         0.0552      0/12        0/12   -0.1602     -0.3944      -0.0252        -0.0175       0/12         0/12    -0.1614      -0.4072       -0.0293         -0.1053
dcsbm_ps     50   49.2   1.469     0.722      3/12        9/12   -0.0386      0.0063       0.0075         0.1082      0/12        3/12   -0.0938     -0.2569      -0.0052         0.0472       0/12         0/12    -0.1008      -0.3128       -0.0079         -0.0262
dcsbm_ps    100  101.4   1.371     0.764      6/12       12/12    0.0020      0.0781       0.0127         0.0948      3/12        4/12   -0.0424     -0.1480       0.0045         0.0293       3/12         0/12    -0.0522      -0.2190        0.0011         -0.0117
dcsbm_ps    200  219.7   1.283     0.764      9/12       12/12    0.0068      0.0788       0.0183         0.0985      9/12        8/12   -0.0044     -0.0459       0.0171         0.0400       6/12         2/12    -0.0235      -0.1337        0.0080          0.0067
     sbm     10   11.1   0.296     0.807      0/12        0/12   -0.1485     -0.3761      -0.0164        -0.0337      0/12        0/12   -0.2407     -0.6709      -0.1671        -0.6189       0/12         0/12    -0.2412      -0.6664       -0.1666         -0.6136
     sbm     25   24.7   0.198     0.969      5/12        3/12   -0.0664     -0.1568       0.0080         0.0139      0/12        0/12   -0.2369     -0.6578      -0.0561        -0.1375       0/12         0/12    -0.2376      -0.6623       -0.0576         -0.1485
     sbm     50   49.5   0.137     0.979     12/12       12/12    0.0119      0.0203       0.0121         0.0207      2/12        2/12   -0.2081     -0.5283       0.0032         0.0056       1/12         1/12    -0.2061      -0.5223       -0.0090         -0.0176
     sbm    100  102.0   0.092     0.983     11/12       11/12    0.0092      0.0163       0.0096         0.0171      2/12        2/12   -0.1113     -0.2776      -0.0020        -0.0031       2/12         2/12    -0.1065      -0.2681        0.0010          0.0025
     sbm    200  221.0   0.058     0.993      4/12        4/12    0.0031      0.0052       0.0044         0.0075      2/12        2/12   -0.0762     -0.1995       0.0005        -0.0001       1/12         1/12    -0.0763      -0.1963       -0.0004         -0.0016
  sbm_ps     10   11.2   0.295     0.566      0/12        3/12   -0.1089     -0.1837      -0.0177         0.0634      0/12        0/12   -0.1897     -0.4420      -0.1153        -0.3971       0/12         0/12    -0.1906      -0.4405       -0.1146         -0.3921
  sbm_ps     25   24.5   0.198     0.739      3/12        6/12   -0.0481     -0.0902       0.0046         0.0476      0/12        0/12   -0.1604     -0.5077      -0.0443        -0.1731       0/12         0/12    -0.1607      -0.5090       -0.0435         -0.1742
  sbm_ps     50   49.2   0.136     0.789      9/12       12/12    0.0027      0.0309       0.0073         0.0402      0/12        0/12   -0.1327     -0.4454      -0.0109        -0.0407       0/12         0/12    -0.1320      -0.4424       -0.0149         -0.0561
  sbm_ps    100  101.8   0.098     0.797     12/12       12/12    0.0114      0.0510       0.0151         0.0715      2/12        1/12   -0.0627     -0.2552       0.0012        -0.0029       2/12         0/12    -0.0646      -0.2588        0.0016         -0.0082
  sbm_ps    200  220.6   0.069     0.809     12/12       12/12    0.0157      0.0600       0.0202         0.0798      3/12        1/12   -0.0425     -0.1932       0.0020        -0.0055       4/12         0/12    -0.0428      -0.1952        0.0013         -0.0072

============================================================================================
TRANSITION LOCATION -- smallest realized d_avg with a positive mean L-Spar+Metis gain at the best retention point
============================================================================================
        gen  deg_cv_at_d50  transition_dQ  transition_dAMI  max_dQ  max_dAMI
LFR(exp_AA)          1.367           49.4             24.6  0.0122    0.1522
      dcsbm          1.387           24.6             24.6  0.0138    0.0377
   dcsbm_ps          1.469           24.6             24.6  0.0183    0.1082
        sbm          0.137           24.7             24.7  0.0121    0.0207
     sbm_ps          0.136           24.5             11.2  0.0202    0.0798

============================================================================================
ARM B -- full cell detail
============================================================================================
                                         d_avg  deg_cv     ret  Q_base      dQ  AMI_base     AMI    dAMI    dARI    cv_b    cv_s  AMI_chance  n
gen      d_nom sparsifier target_ret                                                                                                           
dcsbm    10    dspar      0.05         11.1040  1.5748  0.0499  0.4208 -0.3656    0.6843  0.1316 -0.5528 -0.5465  0.0171  0.0078      0.0006  3
                          0.15         11.1040  1.5748  0.1496  0.4208 -0.2816    0.6843  0.1440 -0.5403 -0.5395  0.0171  0.0171      0.0001  3
                          0.20         11.1040  1.5748  0.2004  0.4208 -0.2560    0.6843  0.1519 -0.5324 -0.5363  0.0171  0.0155     -0.0008  3
                          0.50         11.1040  1.5748  0.4990  0.4208 -0.1425    0.6843  0.3503 -0.3340 -0.3953  0.0171  0.0153      0.0013  3
               lspar      0.05         11.1040  1.5748  0.1588  0.4208 -0.1940    0.6843  0.3809 -0.3034 -0.4246  0.0171  0.0199     -0.0013  3
                          0.15         11.1040  1.5748  0.1588  0.4208 -0.1940    0.6843  0.3809 -0.3034 -0.4246  0.0171  0.0199     -0.0003  3
                          0.20         11.1040  1.5748  0.1588  0.4208 -0.1940    0.6843  0.3809 -0.3034 -0.4246  0.0171  0.0199     -0.0012  3
                          0.50         11.1040  1.5748  0.5010  0.4208 -0.0064    0.6843  0.6361 -0.0482 -0.0603  0.0171  0.0156     -0.0002  3
               random     0.05         11.1040  1.5748  0.0500  0.4208 -0.3671    0.6843  0.1346 -0.5498 -0.5459  0.0171  0.0124      0.0025  3
                          0.15         11.1040  1.5748  0.1500  0.4208 -0.3036    0.6843  0.1415 -0.5429 -0.5399  0.0171  0.0158      0.0003  3
                          0.20         11.1040  1.5748  0.2000  0.4208 -0.2780    0.6843  0.1607 -0.5237 -0.5303  0.0171  0.0183     -0.0004  3
                          0.50         11.1040  1.5748  0.5000  0.4208 -0.1014    0.6843  0.4085 -0.2758 -0.3229  0.0171  0.0156      0.0002  3
         25    dspar      0.05         24.6003  1.4846  0.0500  0.3738 -0.3213    0.8868  0.1431 -0.7437 -0.8092  0.0163  0.0174      0.0001  3
                          0.15         24.6003  1.4846  0.1498  0.3738 -0.2761    0.8868  0.1871 -0.6997 -0.7883  0.0163  0.0160      0.0001  3
                          0.20         24.6003  1.4846  0.2000  0.3738 -0.2501    0.8868  0.2559 -0.6309 -0.7452  0.0163  0.0153      0.0006  3
                          0.50         24.6003  1.4846  0.5001  0.3738 -0.0088    0.8868  0.8720 -0.0148 -0.0273  0.0163  0.0162     -0.0007  3
               lspar      0.05         24.6003  1.4846  0.0693  0.3738 -0.2462    0.8868  0.4664 -0.4204 -0.6724  0.0163  0.0135     -0.0008  3
                          0.15         24.6003  1.4846  0.1502  0.3738  0.0062    0.8868  0.8839 -0.0029 -0.0032  0.0163  0.0187     -0.0002  3
                          0.20         24.6003  1.4846  0.1984  0.3738  0.0125    0.8868  0.9080  0.0212  0.0358  0.0163  0.0159     -0.0002  3
                          0.50         24.6003  1.4846  0.5023  0.3738  0.0077    0.8868  0.8988  0.0120  0.0192  0.0163  0.0155      0.0010  3
               random     0.05         24.6003  1.4846  0.0500  0.3738 -0.3273    0.8868  0.1386 -0.7482 -0.8102  0.0163  0.0167     -0.0004  3
                          0.15         24.6003  1.4846  0.1500  0.3738 -0.2762    0.8868  0.1974 -0.6894 -0.7781  0.0163  0.0165     -0.0009  3
                          0.20         24.6003  1.4846  0.2000  0.3738 -0.2280    0.8868  0.2814 -0.6054 -0.7128  0.0163  0.0169     -0.0014  3
                          0.50         24.6003  1.4846  0.5000  0.3738 -0.0273    0.8868  0.7298 -0.1570 -0.2122  0.0163  0.0176      0.0002  3
         50    dspar      0.05         49.1195  1.3875  0.0499  0.3574 -0.3147    0.9498  0.1548 -0.7949 -0.8903  0.0153  0.0165     -0.0024  3
                          0.15         49.1195  1.3875  0.1495  0.3574 -0.1673    0.9498  0.5497 -0.4000 -0.5490  0.0153  0.0164      0.0010  3
                          0.20         49.1195  1.3875  0.1994  0.3574 -0.0530    0.9498  0.8057 -0.1441 -0.2128  0.0153  0.0171     -0.0007  3
                          0.50         49.1195  1.3875  0.5002  0.3574  0.0065    0.9498  0.9742  0.0244  0.0380  0.0153  0.0106      0.0002  3
               lspar      0.05         49.1195  1.3875  0.0449  0.3574 -0.1737    0.9498  0.6665 -0.2833 -0.4774  0.0153  0.0131     -0.0001  3
                          0.15         49.1195  1.3875  0.1500  0.3574  0.0022    0.9498  0.9874  0.0377  0.0617  0.0153  0.0122      0.0006  3
                          0.20         49.1195  1.3875  0.2012  0.3574 -0.0059    0.9498  0.9831  0.0333  0.0565  0.0153  0.0140      0.0001  3
                          0.50         49.1195  1.3875  0.5009  0.3574  0.0097    0.9498  0.9740  0.0243  0.0395  0.0153  0.0136     -0.0008  3
               random     0.05         49.1195  1.3875  0.0500  0.3574 -0.3195    0.9498  0.1388 -0.8109 -0.8937  0.0153  0.0181     -0.0012  3
                          0.15         49.1195  1.3875  0.1500  0.3574 -0.1926    0.9498  0.4337 -0.5160 -0.6604  0.0153  0.0164      0.0009  3
                          0.20         49.1195  1.3875  0.2000  0.3574 -0.0830    0.9498  0.6663 -0.2835 -0.3856  0.0153  0.0170     -0.0022  3
                          0.50         49.1195  1.3875  0.5000  0.3574 -0.0120    0.9498  0.8987 -0.0510 -0.0729  0.0153  0.0172     -0.0008  3
         100   dspar      0.05        101.4337  1.2744  0.0499  0.3300 -0.2888    0.9613  0.2342 -0.7271 -0.8694  0.0167  0.0160      0.0007  3
                          0.15        101.4337  1.2744  0.1497  0.3300 -0.0168    0.9613  0.9316 -0.0297 -0.0522  0.0167  0.0159     -0.0003  3
                          0.20        101.4337  1.2744  0.1996  0.3300  0.0036    0.9613  0.9757  0.0144  0.0203  0.0167  0.0125     -0.0001  3
                          0.50        101.4337  1.2744  0.4997  0.3300  0.0096    0.9613  0.9859  0.0246  0.0410  0.0167  0.0095      0.0002  3
               lspar      0.05        101.4337  1.2744  0.0528  0.3300 -0.0020    0.9613  0.9843  0.0230  0.0354  0.0167  0.0121      0.0005  3
                          0.15        101.4337  1.2744  0.1468  0.3300 -0.0076    0.9613  0.9755  0.0142  0.0226  0.0167  0.0166     -0.0008  3
                          0.20        101.4337  1.2744  0.2034  0.3300 -0.0071    0.9613  0.9752  0.0139  0.0238  0.0167  0.0165      0.0007  3
                          0.50        101.4337  1.2744  0.4996  0.3300  0.0138    0.9613  0.9948  0.0335  0.0560  0.0167  0.0042     -0.0001  3
               random     0.05        101.4337  1.2744  0.0500  0.3300 -0.2953    0.9613  0.1893 -0.7720 -0.8885  0.0167  0.0168      0.0004  3
                          0.15        101.4337  1.2744  0.1500  0.3300 -0.0465    0.9613  0.8206 -0.1407 -0.2068  0.0167  0.0184     -0.0003  3
                          0.20        101.4337  1.2744  0.2000  0.3300 -0.0167    0.9613  0.9047 -0.0566 -0.0831  0.0167  0.0162      0.0007  3
                          0.50        101.4337  1.2744  0.5000  0.3300  0.0020    0.9613  0.9677  0.0064  0.0084  0.0167  0.0139      0.0002  3
         200   dspar      0.05        219.8186  1.1366  0.0500  0.2824 -0.0363    0.9503  0.8615 -0.0888 -0.1067  0.0171  0.0181     -0.0007  3
                          0.15        219.8186  1.1366  0.1499  0.2824  0.0305    0.9503  0.9990  0.0487  0.1110  0.0171  0.0031     -0.0010  3
                          0.20        219.8186  1.1366  0.1999  0.2824  0.0269    0.9503  0.9919  0.0417  0.0990  0.0171  0.0057      0.0010  3
                          0.50        219.8186  1.1366  0.4998  0.2824  0.0231    0.9503  0.9837  0.0334  0.0848  0.0171  0.0114     -0.0002  3
               lspar      0.05        219.8186  1.1366  0.0480  0.2824  0.0011    0.9503  0.9594  0.0091  0.0327  0.0171  0.0193      0.0003  3
                          0.15        219.8186  1.1366  0.1460  0.2824  0.0063    0.9503  0.9622  0.0120  0.0468  0.0171  0.0203     -0.0008  3
                          0.20        219.8186  1.1366  0.1975  0.2824  0.0009    0.9503  0.9499 -0.0004  0.0250  0.0171  0.0224      0.0003  3
                          0.50        219.8186  1.1366  0.5046  0.2824  0.0072    0.9503  0.9601  0.0098  0.0318  0.0171  0.0157     -0.0007  3
               random     0.05        219.8186  1.1366  0.0500  0.2824 -0.1566    0.9503  0.5348 -0.4154 -0.5262  0.0171  0.0182     -0.0006  3
                          0.15        219.8186  1.1366  0.1500  0.2824  0.0069    0.9503  0.9521  0.0018  0.0259  0.0171  0.0144     -0.0012  3
                          0.20        219.8186  1.1366  0.2000  0.2824  0.0101    0.9503  0.9583  0.0081  0.0347  0.0171  0.0152     -0.0019  3
                          0.50        219.8186  1.1366  0.5000  0.2824 -0.0020    0.9503  0.9473 -0.0030 -0.0037  0.0171  0.0186      0.0002  3
dcsbm_ps 10    dspar      0.05         11.1091  1.6191  0.0506  0.3638 -0.3085    0.5453  0.1172 -0.4281 -0.2787  0.0219  0.0085      0.0009  3
                          0.15         11.1091  1.6191  0.1496  0.3638 -0.2259    0.5453  0.1269 -0.4184 -0.2749  0.0219  0.0168     -0.0008  3
                          0.20         11.1091  1.6191  0.1990  0.3638 -0.2020    0.5453  0.1313 -0.4140 -0.2732  0.0219  0.0162     -0.0007  3
                          0.50         11.1091  1.6191  0.4999  0.3638 -0.1174    0.5453  0.2717 -0.2736 -0.2120  0.0219  0.0148      0.0001  3
               lspar      0.05         11.1091  1.6191  0.1600  0.3638 -0.1489    0.5453  0.3404 -0.2049 -0.1934  0.0219  0.0167     -0.0009  3
                          0.15         11.1091  1.6191  0.1600  0.3638 -0.1489    0.5453  0.3404 -0.2049 -0.1934  0.0219  0.0167      0.0005  3
                          0.20         11.1091  1.6191  0.1600  0.3638 -0.1489    0.5453  0.3404 -0.2049 -0.1934  0.0219  0.0167     -0.0012  3
                          0.50         11.1091  1.6191  0.5039  0.3638 -0.0106    0.5453  0.5241 -0.0212 -0.0176  0.0219  0.0214      0.0012  3
               random     0.05         11.1091  1.6191  0.0500  0.3638 -0.3113    0.5453  0.1225 -0.4228 -0.2774  0.0219  0.0141     -0.0010  3
                          0.15         11.1091  1.6191  0.1500  0.3638 -0.2489    0.5453  0.1248 -0.4205 -0.2739  0.0219  0.0158      0.0001  3
                          0.20         11.1091  1.6191  0.2000  0.3638 -0.2237    0.5453  0.1434 -0.4019 -0.2662  0.0219  0.0158     -0.0007  3
                          0.50         11.1091  1.6191  0.5000  0.3638 -0.0938    0.5453  0.3329 -0.2124 -0.1584  0.0219  0.0181      0.0001  3
         25    dspar      0.05         24.6062  1.5452  0.0500  0.2896 -0.2378    0.6775  0.1200 -0.5575 -0.3806  0.0244  0.0145      0.0003  3
                          0.15         24.6062  1.5452  0.1496  0.2896 -0.1972    0.6775  0.1570 -0.5205 -0.3689  0.0244  0.0156     -0.0006  3
                          0.20         24.6062  1.5452  0.2000  0.2896 -0.1808    0.6775  0.1954 -0.4821 -0.3544  0.0244  0.0149      0.0005  3
                          0.50         24.6062  1.5452  0.5004  0.2896 -0.0252    0.6775  0.6600 -0.0175 -0.0214  0.0244  0.0232     -0.0001  3
               lspar      0.05         24.6062  1.5452  0.0701  0.2896 -0.1643    0.6775  0.4374 -0.2401 -0.2617  0.0244  0.0129     -0.0012  3
                          0.15         24.6062  1.5452  0.1500  0.2896 -0.0301    0.6775  0.7147  0.0372  0.0070  0.0244  0.0199     -0.0005  3
                          0.20         24.6062  1.5452  0.2018  0.2896 -0.0201    0.6775  0.7327  0.0552  0.0269  0.0244  0.0234     -0.0001  3
                          0.50         24.6062  1.5452  0.5011  0.2896  0.0011    0.6775  0.7073  0.0298  0.0216  0.0244  0.0255      0.0006  3
               random     0.05         24.6062  1.5452  0.0500  0.2896 -0.2450    0.6775  0.1180 -0.5595 -0.3801  0.0244  0.0157     -0.0005  3
                          0.15         24.6062  1.5452  0.1500  0.2896 -0.2000    0.6775  0.1660 -0.5115 -0.3599  0.0244  0.0158     -0.0002  3
                          0.20         24.6062  1.5452  0.2000  0.2896 -0.1713    0.6775  0.2251 -0.4524 -0.3276  0.0244  0.0160     -0.0005  3
                          0.50         24.6062  1.5452  0.5000  0.2896 -0.0293    0.6775  0.5722 -0.1053 -0.0792  0.0244  0.0227      0.0001  3
         50    dspar      0.05         49.1870  1.4694  0.0498  0.2366 -0.1969    0.7225  0.1255 -0.5970 -0.4141  0.0266  0.0156      0.0007  3
                          0.15         49.1870  1.4694  0.1495  0.2366 -0.1189    0.7225  0.3829 -0.3396 -0.2761  0.0266  0.0164     -0.0002  3
                          0.20         49.1870  1.4694  0.1994  0.2366 -0.0542    0.7225  0.5844 -0.1381 -0.1192  0.0266  0.0199     -0.0002  3
                          0.50         49.1870  1.4694  0.4999  0.2366 -0.0052    0.7225  0.7697  0.0472  0.0316  0.0266  0.0257      0.0002  3
               lspar      0.05         49.1870  1.4694  0.0350  0.2366 -0.1488    0.7225  0.4846 -0.2379 -0.2864  0.0266  0.0131     -0.0006  3
                          0.15         49.1870  1.4694  0.1535  0.2366 -0.0061    0.7225  0.8307  0.1082  0.0712  0.0266  0.0252      0.0001  3
                          0.20         49.1870  1.4694  0.1995  0.2366 -0.0068    0.7225  0.8199  0.0974  0.0620  0.0266  0.0258      0.0012  3
                          0.50         49.1870  1.4694  0.5006  0.2366  0.0075    0.7225  0.7797  0.0573  0.0414  0.0266  0.0271     -0.0005  3
               random     0.05         49.1870  1.4694  0.0500  0.2366 -0.2011    0.7225  0.1215 -0.6010 -0.4135  0.0266  0.0150      0.0006  3
                          0.15         49.1870  1.4694  0.1500  0.2366 -0.1248    0.7225  0.3352 -0.3873 -0.2891  0.0266  0.0171     -0.0011  3
                          0.20         49.1870  1.4694  0.2000  0.2366 -0.0694    0.7225  0.4856 -0.2369 -0.1753  0.0266  0.0190     -0.0005  3
                          0.50         49.1870  1.4694  0.5000  0.2366 -0.0079    0.7225  0.6963 -0.0262 -0.0193  0.0266  0.0259      0.0012  3
         100   dspar      0.05        101.4281  1.3709  0.0502  0.1862 -0.1546    0.7638  0.1800 -0.5838 -0.4264  0.0275  0.0156      0.0006  3
                          0.15        101.4281  1.3709  0.1497  0.1862 -0.0120    0.7638  0.7325 -0.0313 -0.0321  0.0275  0.0241      0.0000  3
                          0.20        101.4281  1.3709  0.1996  0.1862 -0.0074    0.7638  0.7575 -0.0063 -0.0150  0.0275  0.0248     -0.0012  3
                          0.50        101.4281  1.3709  0.4994  0.1862  0.0045    0.7638  0.7931  0.0293  0.0233  0.0275  0.0264      0.0008  3
               lspar      0.05        101.4281  1.3709  0.0545  0.1862 -0.0066    0.7638  0.8586  0.0948  0.0622  0.0275  0.0281      0.0003  3
                          0.15        101.4281  1.3709  0.1505  0.1862  0.0022    0.7638  0.8480  0.0842  0.0546  0.0275  0.0266      0.0004  3
                          0.20        101.4281  1.3709  0.2021  0.1862 -0.0001    0.7638  0.8404  0.0766  0.0484  0.0275  0.0275      0.0012  3
                          0.50        101.4281  1.3709  0.5000  0.1862  0.0127    0.7638  0.8206  0.0568  0.0457  0.0275  0.0276     -0.0008  3
               random     0.05        101.4281  1.3709  0.0500  0.1862 -0.1584    0.7638  0.1540 -0.6098 -0.4297  0.0275  0.0159      0.0005  3
                          0.15        101.4281  1.3709  0.1500  0.1862 -0.0354    0.7638  0.5996 -0.1642 -0.1140  0.0275  0.0217      0.0003  3
                          0.20        101.4281  1.3709  0.2000  0.1862 -0.0161    0.7638  0.6734 -0.0904 -0.0592  0.0275  0.0243      0.0005  3
                          0.50        101.4281  1.3709  0.5000  0.1862  0.0011    0.7638  0.7521 -0.0117 -0.0058  0.0275  0.0268     -0.0006  3
         200   dspar      0.05        219.6995  1.2832  0.0500  0.1590 -0.0638    0.7638  0.4846 -0.2792 -0.2418  0.0302  0.0198     -0.0000  3
                          0.15        219.6995  1.2832  0.1497  0.1590  0.0130    0.7638  0.7901  0.0262  0.0228  0.0302  0.0284     -0.0009  3
                          0.20        219.6995  1.2832  0.1997  0.1590  0.0171    0.7638  0.8038  0.0400  0.0318  0.0302  0.0285      0.0012  3
                          0.50        219.6995  1.2832  0.4996  0.1590  0.0159    0.7638  0.7933  0.0295  0.0308  0.0302  0.0287      0.0008  3
               lspar      0.05        219.6995  1.2832  0.0540  0.1590  0.0064    0.7638  0.8624  0.0985  0.0701  0.0302  0.0273     -0.0005  3
                          0.15        219.6995  1.2832  0.1513  0.1590  0.0045    0.7638  0.8440  0.0802  0.0587  0.0302  0.0270      0.0005  3
                          0.20        219.6995  1.2832  0.2041  0.1590 -0.0022    0.7638  0.8326  0.0688  0.0505  0.0302  0.0277      0.0001  3
                          0.50        219.6995  1.2832  0.4969  0.1590  0.0183    0.7638  0.8316  0.0678  0.0557  0.0302  0.0292     -0.0002  3
               random     0.05        219.6995  1.2832  0.0500  0.1590 -0.1061    0.7638  0.2789 -0.4849 -0.3796  0.0302  0.0152     -0.0001  3
                          0.15        219.6995  1.2832  0.1500  0.1590 -0.0009    0.7638  0.7192 -0.0446 -0.0280  0.0302  0.0278     -0.0011  3
                          0.20        219.6995  1.2832  0.2000  0.1590  0.0050    0.7638  0.7517 -0.0121 -0.0074  0.0302  0.0275     -0.0011  3
                          0.50        219.6995  1.2832  0.5000  0.1590  0.0080    0.7638  0.7705  0.0067  0.0098  0.0302  0.0285     -0.0008  3
sbm      10    dspar      0.05         11.1430  0.2961  0.0498  0.3844 -0.3300    0.8073  0.1174 -0.6899 -0.6766  0.0184  0.0064     -0.0002  3
                          0.15         11.1430  0.2961  0.1493  0.3844 -0.2443    0.8073  0.1183 -0.6889 -0.6750  0.0184  0.0162      0.0001  3
                          0.20         11.1430  0.2961  0.1996  0.3844 -0.2215    0.8073  0.1215 -0.6858 -0.6740  0.0184  0.0176      0.0018  3
                          0.50         11.1430  0.2961  0.5010  0.3844 -0.1671    0.8073  0.1884 -0.6189 -0.6515  0.0184  0.0142     -0.0005  3
               lspar      0.05         11.1430  0.2961  0.1608  0.3844 -0.1926    0.8073  0.3171 -0.4902 -0.6273  0.0184  0.0138      0.0002  3
                          0.15         11.1430  0.2961  0.1608  0.3844 -0.1926    0.8073  0.3171 -0.4902 -0.6273  0.0184  0.0138     -0.0007  3
                          0.20         11.1430  0.2961  0.1608  0.3844 -0.1926    0.8073  0.3171 -0.4902 -0.6273  0.0184  0.0138      0.0006  3
                          0.50         11.1430  0.2961  0.4928  0.3844 -0.0164    0.8073  0.7736 -0.0337 -0.0452  0.0184  0.0156     -0.0006  3
               random     0.05         11.1430  0.2961  0.0500  0.3844 -0.3292    0.8073  0.1201 -0.6872 -0.6761  0.0184  0.0066     -0.0005  3
                          0.15         11.1430  0.2961  0.1500  0.3844 -0.2451    0.8073  0.1260 -0.6812 -0.6729  0.0184  0.0163      0.0012  3
                          0.20         11.1430  0.2961  0.2000  0.3844 -0.2239    0.8073  0.1236 -0.6836 -0.6729  0.0184  0.0172     -0.0003  3
                          0.50         11.1430  0.2961  0.5000  0.3844 -0.1666    0.8073  0.1936 -0.6136 -0.6475  0.0184  0.0145      0.0018  3
         25    dspar      0.05         24.6838  0.1980  0.0500  0.3769 -0.3242    0.9693  0.1203 -0.8490 -0.9258  0.0121  0.0152     -0.0002  3
                          0.15         24.6838  0.1980  0.1498  0.3769 -0.2879    0.9693  0.1359 -0.8334 -0.9206  0.0121  0.0159     -0.0001  3
                          0.20         24.6838  0.1980  0.2000  0.3769 -0.2794    0.9693  0.1580 -0.8113 -0.9127  0.0121  0.0154      0.0010  3
                          0.50         24.6838  0.1980  0.5008  0.3769 -0.0561    0.9693  0.8318 -0.1375 -0.2169  0.0121  0.0203     -0.0012  3
               lspar      0.05         24.6838  0.1980  0.0661  0.3769 -0.2635    0.9693  0.3930 -0.5763 -0.8518  0.0121  0.0100     -0.0002  3
                          0.15         24.6838  0.1980  0.1544  0.3769 -0.0099    0.9693  0.9245 -0.0448 -0.0607  0.0121  0.0195     -0.0005  3
                          0.20         24.6838  0.1980  0.2010  0.3769 -0.0004    0.9693  0.9492 -0.0201 -0.0204  0.0121  0.0156     -0.0007  3
                          0.50         24.6838  0.1980  0.5040  0.3769  0.0080    0.9693  0.9832  0.0139  0.0288  0.0121  0.0116      0.0001  3
               random     0.05         24.6838  0.1980  0.0500  0.3769 -0.3244    0.9693  0.1178 -0.8515 -0.9263  0.0121  0.0173      0.0008  3
                          0.15         24.6838  0.1980  0.1500  0.3769 -0.2888    0.9693  0.1314 -0.8380 -0.9219  0.0121  0.0150      0.0002  3
                          0.20         24.6838  0.1980  0.2000  0.3769 -0.2795    0.9693  0.1580 -0.8114 -0.9133  0.0121  0.0137     -0.0021  3
                          0.50         24.6838  0.1980  0.5000  0.3769 -0.0576    0.9693  0.8208 -0.1485 -0.2327  0.0121  0.0191     -0.0010  3
         50    dspar      0.05         49.4731  0.1367  0.0500  0.3645 -0.3247    0.9792  0.1129 -0.8663 -0.9448  0.0135  0.0170      0.0004  3
                          0.15         49.4731  0.1367  0.1493  0.3645 -0.2975    0.9792  0.2160 -0.7632 -0.9009  0.0135  0.0146      0.0007  3
                          0.20         49.4731  0.1367  0.1996  0.3645 -0.2133    0.9792  0.4897 -0.4895 -0.6582  0.0135  0.0178     -0.0002  3
                          0.50         49.4731  0.1367  0.5006  0.3645  0.0032    0.9792  0.9848  0.0056  0.0103  0.0135  0.0104     -0.0002  3
               lspar      0.05         49.4731  0.1367  0.0639  0.3645  0.0118    0.9792  0.9991  0.0199  0.0376  0.0135  0.0040      0.0010  3
                          0.15         49.4731  0.1367  0.1529  0.3645  0.0120    0.9792  0.9998  0.0206  0.0387  0.0135  0.0018      0.0009  3
                          0.20         49.4731  0.1367  0.1992  0.3645  0.0121    0.9792  0.9999  0.0207  0.0388  0.0135  0.0011      0.0003  3
                          0.50         49.4731  0.1367  0.4983  0.3645  0.0118    0.9792  0.9993  0.0201  0.0379  0.0135  0.0031     -0.0005  3
               random     0.05         49.4731  0.1367  0.0500  0.3645 -0.3245    0.9792  0.1119 -0.8673 -0.9447  0.0135  0.0168      0.0002  3
                          0.15         49.4731  0.1367  0.1500  0.3645 -0.2960    0.9792  0.2223 -0.7569 -0.8969  0.0135  0.0146     -0.0008  3
                          0.20         49.4731  0.1367  0.2000  0.3645 -0.1948    0.9792  0.5319 -0.4473 -0.6074  0.0135  0.0185      0.0005  3
                          0.50         49.4731  0.1367  0.5000  0.3645 -0.0090    0.9792  0.9616 -0.0176 -0.0297  0.0135  0.0143     -0.0010  3
         100   dspar      0.05        101.9777  0.0919  0.0500  0.3384 -0.3126    0.9829  0.1265 -0.8563 -0.9496  0.0122  0.0138      0.0001  3
                          0.15        101.9777  0.0919  0.1496  0.3384 -0.0793    0.9829  0.8246 -0.1582 -0.2468  0.0122  0.0215      0.0011  3
                          0.20        101.9777  0.0919  0.1997  0.3384 -0.0512    0.9829  0.8902 -0.0927 -0.1586  0.0122  0.0216     -0.0003  3
                          0.50        101.9777  0.0919  0.4998  0.3384 -0.0020    0.9829  0.9798 -0.0031 -0.0061  0.0122  0.0129      0.0000  3
               lspar      0.05        101.9777  0.0919  0.0486  0.3384  0.0096    0.9829  1.0000  0.0171  0.0302  0.0122  0.0000      0.0003  3
                          0.15        101.9777  0.0919  0.1506  0.3384  0.0096    0.9829  1.0000  0.0171  0.0302  0.0122  0.0000     -0.0009  3
                          0.20        101.9777  0.0919  0.2022  0.3384  0.0096    0.9829  1.0000  0.0171  0.0302  0.0122  0.0000      0.0005  3
                          0.50        101.9777  0.0919  0.5018  0.3384  0.0079    0.9829  0.9968  0.0139  0.0247  0.0122  0.0053     -0.0005  3
               random     0.05        101.9777  0.0919  0.0500  0.3384 -0.3126    0.9829  0.1265 -0.8564 -0.9497  0.0122  0.0149     -0.0001  3
                          0.15        101.9777  0.0919  0.1500  0.3384 -0.0756    0.9829  0.8341 -0.1487 -0.2372  0.0122  0.0213     -0.0009  3
                          0.20        101.9777  0.0919  0.2000  0.3384 -0.0388    0.9829  0.9131 -0.0698 -0.1220  0.0122  0.0192      0.0004  3
                          0.50        101.9777  0.0919  0.5000  0.3384  0.0010    0.9829  0.9854  0.0025  0.0033  0.0122  0.0089      0.0007  3
         200   dspar      0.05        221.0047  0.0576  0.0501  0.3134 -0.2802    0.9925  0.2402 -0.7523 -0.9064  0.0049  0.0149     -0.0004  3
                          0.15        221.0047  0.0576  0.1497  0.3134 -0.0174    0.9925  0.9625 -0.0300 -0.0557  0.0049  0.0155     -0.0007  3
                          0.20        221.0047  0.0576  0.1998  0.3134  0.0005    0.9925  0.9924 -0.0001  0.0018  0.0049  0.0058      0.0011  3
                          0.50        221.0047  0.0576  0.4999  0.3134 -0.0079    0.9925  0.9768 -0.0157 -0.0255  0.0049  0.0133      0.0001  3
               lspar      0.05        221.0047  0.0576  0.0481  0.3134  0.0044    0.9925  1.0000  0.0075  0.0143  0.0049  0.0000      0.0001  3
                          0.15        221.0047  0.0576  0.1509  0.3134  0.0044    0.9925  1.0000  0.0075  0.0143  0.0049  0.0000     -0.0010  3
                          0.20        221.0047  0.0576  0.1981  0.3134  0.0044    0.9925  1.0000  0.0075  0.0143  0.0049  0.0000     -0.0003  3
                          0.50        221.0047  0.0576  0.4976  0.3134 -0.0006    0.9925  0.9909 -0.0017 -0.0021  0.0049  0.0071     -0.0006  3
               random     0.05        221.0047  0.0576  0.0500  0.3134 -0.2724    0.9925  0.2656 -0.7269 -0.8810  0.0049  0.0149      0.0001  3
                          0.15        221.0047  0.0576  0.1500  0.3134 -0.0202    0.9925  0.9570 -0.0355 -0.0651  0.0049  0.0155     -0.0018  3
                          0.20        221.0047  0.0576  0.2000  0.3134 -0.0122    0.9925  0.9712 -0.0213 -0.0394  0.0049  0.0144     -0.0020  3
                          0.50        221.0047  0.0576  0.5000  0.3134 -0.0004    0.9925  0.9909 -0.0016 -0.0011  0.0049  0.0068      0.0004  3
sbm_ps   10    dspar      0.05         11.1709  0.2947  0.0502  0.3341 -0.2789    0.5660  0.1104 -0.4556 -0.2607  0.0190  0.0071     -0.0009  3
                          0.15         11.1709  0.2947  0.1495  0.3341 -0.1939    0.5660  0.1075 -0.4585 -0.2602  0.0190  0.0169      0.0001  3
                          0.20         11.1709  0.2947  0.2007  0.3341 -0.1708    0.5660  0.1091 -0.4569 -0.2598  0.0190  0.0156     -0.0004  3
                          0.50         11.1709  0.2947  0.5008  0.3341 -0.1153    0.5660  0.1689 -0.3971 -0.2453  0.0190  0.0138      0.0004  3
               lspar      0.05         11.1709  0.2947  0.1637  0.3341 -0.1393    0.5660  0.2999 -0.2661 -0.2228  0.0190  0.0175      0.0008  3
                          0.15         11.1709  0.2947  0.1637  0.3341 -0.1393    0.5660  0.2999 -0.2661 -0.2228  0.0190  0.0175      0.0009  3
                          0.20         11.1709  0.2947  0.1637  0.3341 -0.1393    0.5660  0.2999 -0.2661 -0.2228  0.0190  0.0175     -0.0014  3
                          0.50         11.1709  0.2947  0.4983  0.3341 -0.0177    0.5660  0.6295  0.0634  0.0578  0.0190  0.0177     -0.0001  3
               random     0.05         11.1709  0.2947  0.0500  0.3341 -0.2790    0.5660  0.1120 -0.4541 -0.2604  0.0190  0.0082      0.0004  3
                          0.15         11.1709  0.2947  0.1500  0.3341 -0.1954    0.5660  0.1077 -0.4584 -0.2602  0.0190  0.0164     -0.0004  3
                          0.20         11.1709  0.2947  0.2000  0.3341 -0.1736    0.5660  0.1086 -0.4574 -0.2602  0.0190  0.0165     -0.0002  3
                          0.50         11.1709  0.2947  0.5000  0.3341 -0.1146    0.5660  0.1739 -0.3921 -0.2433  0.0190  0.0146      0.0001  3
         25    dspar      0.05         24.5442  0.1979  0.0499  0.2795 -0.2266    0.7390  0.1025 -0.6366 -0.4029  0.0247  0.0129      0.0003  3
                          0.15         24.5442  0.1979  0.1497  0.2795 -0.1899    0.7390  0.1180 -0.6210 -0.3996  0.0247  0.0161      0.0021  3
                          0.20         24.5442  0.1979  0.2000  0.2795 -0.1809    0.7390  0.1390 -0.6000 -0.3944  0.0247  0.0152     -0.0000  3
                          0.50         24.5442  0.1979  0.5004  0.2795 -0.0443    0.7390  0.5659 -0.1731 -0.1432  0.0247  0.0190     -0.0001  3
               lspar      0.05         24.5442  0.1979  0.0676  0.2795 -0.1631    0.7390  0.3388 -0.4002 -0.3550  0.0247  0.0098     -0.0003  3
                          0.15         24.5442  0.1979  0.1452  0.2795 -0.0251    0.7390  0.7070 -0.0320 -0.0388  0.0247  0.0170      0.0008  3
                          0.20         24.5442  0.1979  0.2004  0.2795 -0.0085    0.7390  0.7626  0.0236  0.0253  0.0247  0.0206     -0.0001  3
                          0.50         24.5442  0.1979  0.5008  0.2795  0.0046    0.7390  0.7867  0.0476  0.0536  0.0247  0.0261     -0.0006  3
               random     0.05         24.5442  0.1979  0.0500  0.2795 -0.2271    0.7390  0.1019 -0.6371 -0.4029  0.0247  0.0139     -0.0003  3
                          0.15         24.5442  0.1979  0.1500  0.2795 -0.1909    0.7390  0.1154 -0.6236 -0.4000  0.0247  0.0157      0.0004  3
                          0.20         24.5442  0.1979  0.2000  0.2795 -0.1816    0.7390  0.1379 -0.6011 -0.3945  0.0247  0.0147     -0.0001  3
                          0.50         24.5442  0.1979  0.5000  0.2795 -0.0435    0.7390  0.5648 -0.1742 -0.1440  0.0247  0.0183      0.0006  3
         50    dspar      0.05         49.2477  0.1364  0.0499  0.2495 -0.2091    0.7893  0.0990 -0.6903 -0.4612  0.0265  0.0166     -0.0001  3
                          0.15         49.2477  0.1364  0.1493  0.2495 -0.1788    0.7893  0.1906 -0.5987 -0.4362  0.0265  0.0149     -0.0005  3
                          0.20         49.2477  0.1364  0.1996  0.2495 -0.1322    0.7893  0.3375 -0.4518 -0.3646  0.0265  0.0154      0.0009  3
                          0.50         49.2477  0.1364  0.5002  0.2495 -0.0109    0.7893  0.7486 -0.0407 -0.0401  0.0265  0.0244      0.0005  3
               lspar      0.05         49.2477  0.1364  0.0640  0.2495 -0.0052    0.7893  0.8184  0.0291  0.0059  0.0265  0.0191      0.0004  3
                          0.15         49.2477  0.1364  0.1503  0.2495  0.0050    0.7893  0.8295  0.0402  0.0226  0.0265  0.0252      0.0003  3
                          0.20         49.2477  0.1364  0.1980  0.2495  0.0073    0.7893  0.8284  0.0391  0.0249  0.0265  0.0257      0.0014  3
                          0.50         49.2477  0.1364  0.5007  0.2495  0.0039    0.7893  0.8045  0.0152  0.0124  0.0265  0.0266     -0.0009  3
               random     0.05         49.2477  0.1364  0.0500  0.2495 -0.2091    0.7893  0.0996 -0.6898 -0.4609  0.0265  0.0156      0.0000  3
                          0.15         49.2477  0.1364  0.1500  0.2495 -0.1785    0.7893  0.1967 -0.5926 -0.4340  0.0265  0.0146      0.0006  3
                          0.20         49.2477  0.1364  0.2000  0.2495 -0.1255    0.7893  0.3580 -0.4313 -0.3482  0.0265  0.0146     -0.0001  3
                          0.50         49.2477  0.1364  0.5000  0.2495 -0.0149    0.7893  0.7332 -0.0561 -0.0558  0.0265  0.0252      0.0001  3
         100   dspar      0.05        101.7709  0.0979  0.0500  0.2076 -0.1816    0.7966  0.1094 -0.6872 -0.4665  0.0272  0.0140     -0.0003  3
                          0.15        101.7709  0.0979  0.1496  0.2076 -0.0496    0.7966  0.5770 -0.2196 -0.1950  0.0272  0.0199      0.0007  3
                          0.20        101.7709  0.0979  0.1999  0.2076 -0.0207    0.7966  0.6855 -0.1111 -0.1003  0.0272  0.0230      0.0005  3
                          0.50        101.7709  0.0979  0.4997  0.2076  0.0012    0.7966  0.7937 -0.0029 -0.0057  0.0272  0.0260      0.0004  3
               lspar      0.05        101.7709  0.0979  0.0474  0.2076  0.0094    0.7966  0.8681  0.0715  0.0477  0.0272  0.0356      0.0009  3
                          0.15        101.7709  0.0979  0.1474  0.2076  0.0132    0.7966  0.8535  0.0569  0.0327  0.0272  0.0275      0.0013  3
                          0.20        101.7709  0.0979  0.1985  0.2076  0.0151    0.7966  0.8502  0.0536  0.0322  0.0272  0.0273      0.0005  3
                          0.50        101.7709  0.0979  0.4992  0.2076  0.0078    0.7966  0.8187  0.0221  0.0172  0.0272  0.0269     -0.0007  3
               random     0.05        101.7709  0.0979  0.0500  0.2076 -0.1814    0.7966  0.1104 -0.6861 -0.4662  0.0272  0.0152     -0.0010  3
                          0.15        101.7709  0.0979  0.1500  0.2076 -0.0552    0.7966  0.5678 -0.2287 -0.1953  0.0272  0.0205     -0.0006  3
                          0.20        101.7709  0.0979  0.2000  0.2076 -0.0233    0.7966  0.6846 -0.1120 -0.0995  0.0272  0.0233     -0.0009  3
                          0.50        101.7709  0.0979  0.5000  0.2076  0.0016    0.7966  0.7884 -0.0082 -0.0071  0.0272  0.0265     -0.0003  3
         200   dspar      0.05        220.5776  0.0687  0.0501  0.1883 -0.1645    0.8091  0.1383 -0.6708 -0.5273  0.0284  0.0117      0.0002  3
                          0.15        220.5776  0.0687  0.1496  0.1883 -0.0083    0.8091  0.7474 -0.0617 -0.0580  0.0284  0.0271      0.0001  3
                          0.20        220.5776  0.0687  0.1997  0.1883  0.0007    0.8091  0.7743 -0.0348 -0.0292  0.0284  0.0272      0.0008  3
                          0.50        220.5776  0.0687  0.4998  0.1883  0.0020    0.8091  0.8036 -0.0055  0.0006  0.0284  0.0282      0.0000  3
               lspar      0.05        220.5776  0.0687  0.0499  0.1883  0.0184    0.8091  0.8889  0.0798  0.0610  0.0284  0.0409      0.0000  3
                          0.15        220.5776  0.0687  0.1496  0.1883  0.0198    0.8091  0.8854  0.0764  0.0582  0.0284  0.0332      0.0010  3
                          0.20        220.5776  0.0687  0.1996  0.1883  0.0202    0.8091  0.8808  0.0718  0.0523  0.0284  0.0303      0.0002  3
                          0.50        220.5776  0.0687  0.5018  0.1883  0.0044    0.8091  0.8211  0.0121  0.0163  0.0284  0.0291      0.0003  3
               random     0.05        220.5776  0.0687  0.0500  0.1883 -0.1663    0.8091  0.1273 -0.6817 -0.5305  0.0284  0.0114     -0.0012  3
                          0.15        220.5776  0.0687  0.1500  0.1883 -0.0066    0.8091  0.7464 -0.0627 -0.0576  0.0284  0.0266     -0.0009  3
                          0.20        220.5776  0.0687  0.2000  0.1883  0.0006    0.8091  0.7799 -0.0291 -0.0258  0.0284  0.0270     -0.0013  3
                          0.50        220.5776  0.0687  0.5000  0.1883  0.0013    0.8091  0.8019 -0.0072  0.0006  0.0284  0.0285     -0.0000  3

============================================================================================
HETEROGENEITY AXIS -- the 2x2 factorial at each degree (best L-Spar+Metis dQ / dAMI)
============================================================================================
 het_deg  het_size  d_nom  d_avg  deg_cv  AMI_base  best_dQ  best_dAMI
       0         0     10   11.1   0.296     0.807  -0.0164    -0.0337
       0         1     10   11.2   0.295     0.566  -0.0177     0.0634
       1         0     10   11.1   1.575     0.684  -0.0064    -0.0482
       1         1     10   11.1   1.619     0.545  -0.0106    -0.0212
       0         0     25   24.7   0.198     0.969   0.0080     0.0139
       0         1     25   24.5   0.198     0.739   0.0046     0.0476
       1         0     25   24.6   1.485     0.887   0.0125     0.0212
       1         1     25   24.6   1.545     0.678   0.0011     0.0552
       0         0     50   49.5   0.137     0.979   0.0121     0.0207
       0         1     50   49.2   0.136     0.789   0.0073     0.0402
       1         0     50   49.1   1.387     0.950   0.0097     0.0377
       1         1     50   49.2   1.469     0.722   0.0075     0.1082
       0         0    100  102.0   0.092     0.983   0.0096     0.0171
       0         1    100  101.8   0.098     0.797   0.0151     0.0715
       1         0    100  101.4   1.274     0.961   0.0138     0.0335
       1         1    100  101.4   1.371     0.764   0.0127     0.0948
       0         0    200  221.0   0.058     0.993   0.0044     0.0075
       0         1    200  220.6   0.069     0.809   0.0202     0.0798
       1         0    200  219.8   1.137     0.950   0.0072     0.0120
       1         1    200  219.7   1.283     0.764   0.0183     0.0985

============================================================================================
METIS OPTION-SEED ROBUSTNESS (10 seeds; worst case = min sparse - max base)
============================================================================================
                                          d_avg   deg_cv      ret       Qb    Qb_sd       dQ  worst_dQ       Ab    Ab_sd     dAMI  worst_dAMI  n
gen      d_nom sparsifier target_ret                                                                                                            
dcsbm    10    dspar      0.15         11.10400  1.57475  0.14957  0.42105  0.00147 -0.28222  -0.28530  0.68455  0.00517 -0.53876    -0.55131  3
                          0.20         11.10400  1.57475  0.20039  0.42105  0.00147 -0.25668  -0.26030  0.68455  0.00517 -0.53369    -0.54629  3
                          0.50         11.10400  1.57475  0.49898  0.42105  0.00147 -0.14576  -0.15564  0.68455  0.00517 -0.33895    -0.36396  3
               lspar      0.15         11.10400  1.57475  0.15881  0.42105  0.00147 -0.19512  -0.19918  0.68455  0.00517 -0.30487    -0.31706  3
                          0.20         11.10400  1.57475  0.15881  0.42105  0.00147 -0.19512  -0.19918  0.68455  0.00517 -0.30487    -0.31706  3
                          0.50         11.10400  1.57475  0.50099  0.42105  0.00147 -0.00663  -0.01055  0.68455  0.00517 -0.04665    -0.06114  3
               random     0.15         11.10400  1.57475  0.15000  0.42105  0.00147 -0.30331  -0.30769  0.68455  0.00517 -0.54213    -0.55392  3
                          0.20         11.10400  1.57475  0.20000  0.42105  0.00147 -0.27740  -0.28253  0.68455  0.00517 -0.52153    -0.53640  3
                          0.50         11.10400  1.57475  0.50000  0.42105  0.00147 -0.10090  -0.11014  0.68455  0.00517 -0.27657    -0.29586  3
         25    dspar      0.15         24.60027  1.48460  0.14977  0.37463  0.00410 -0.27750  -0.28678  0.88979  0.01604 -0.70335    -0.73798  3
                          0.20         24.60027  1.48460  0.20005  0.37463  0.00410 -0.25317  -0.26429  0.88979  0.01604 -0.64098    -0.68053  3
                          0.50         24.60027  1.48460  0.50009  0.37463  0.00410 -0.00849  -0.02444  0.88979  0.01604 -0.01472    -0.06395  3
               lspar      0.15         24.60027  1.48460  0.15015  0.37463  0.00410  0.00612  -0.00721  0.88979  0.01604 -0.00448    -0.04529  3
                          0.20         24.60027  1.48460  0.19837  0.37463  0.00410  0.01103  -0.00136  0.88979  0.01604  0.01650    -0.02388  3
                          0.50         24.60027  1.48460  0.50226  0.37463  0.00410  0.00955  -0.00181  0.88979  0.01604  0.02015    -0.02595  3
               random     0.15         24.60027  1.48460  0.15000  0.37463  0.00410 -0.27642  -0.28580  0.88979  0.01604 -0.69234    -0.72788  3
                          0.20         24.60027  1.48460  0.20000  0.37463  0.00410 -0.23283  -0.24515  0.88979  0.01604 -0.61269    -0.64923  3
                          0.50         24.60027  1.48460  0.50000  0.37463  0.00410 -0.02699  -0.03850  0.88979  0.01604 -0.15921    -0.20151  3
         50    dspar      0.15         49.11947  1.38747  0.14945  0.35732  0.00431 -0.16052  -0.18371  0.94977  0.01206 -0.38941    -0.44089  3
                          0.20         49.11947  1.38747  0.19943  0.35732  0.00431 -0.05276  -0.07645  0.94977  0.01206 -0.14158    -0.19042  3
                          0.50         49.11947  1.38747  0.50023  0.35732  0.00431  0.00440  -0.01458  0.94977  0.01206  0.02014    -0.02582  3
               lspar      0.15         49.11947  1.38747  0.14996  0.35732  0.00431  0.00300  -0.00477  0.94977  0.01206  0.03810     0.01942  3
                          0.20         49.11947  1.38747  0.20124  0.35732  0.00431 -0.00691  -0.01610  0.94977  0.01206  0.03193     0.01109  3
                          0.50         49.11947  1.38747  0.50087  0.35732  0.00431  0.01147   0.00138  0.94977  0.01206  0.03025     0.00196  3
               random     0.15         49.11947  1.38747  0.15000  0.35732  0.00431 -0.18894  -0.20823  0.94977  0.01206 -0.51106    -0.55188  3
                          0.20         49.11947  1.38747  0.20000  0.35732  0.00431 -0.08476  -0.10208  0.94977  0.01206 -0.28965    -0.32672  3
                          0.50         49.11947  1.38747  0.50000  0.35732  0.00431 -0.00678  -0.02242  0.94977  0.01206 -0.03786    -0.07886  3
         100   dspar      0.15        101.43367  1.27443  0.14973  0.33458  0.00654 -0.01628  -0.03835  0.97380  0.01525 -0.03491    -0.08069  3
                          0.20        101.43367  1.27443  0.19963  0.33458  0.00654 -0.00397  -0.03233  0.97380  0.01525 -0.00343    -0.05991  3
                          0.50        101.43367  1.27443  0.49969  0.33458  0.00654  0.00551  -0.01361  0.97380  0.01525  0.01414    -0.02689  3
               lspar      0.15        101.43367  1.27443  0.14677  0.33458  0.00654 -0.01211  -0.02639  0.97380  0.01525  0.00196    -0.02802  3
                          0.20        101.43367  1.27443  0.20340  0.33458  0.00654 -0.01209  -0.02549  0.97380  0.01525  0.00064    -0.02868  3
                          0.50        101.43367  1.27443  0.49959  0.33458  0.00654  0.01034  -0.00498  0.97380  0.01525  0.02386    -0.01261  3
               random     0.15        101.43367  1.27443  0.15000  0.33458  0.00654 -0.04806  -0.06907  0.97380  0.01525 -0.14818    -0.19395  3
                          0.20        101.43367  1.27443  0.20000  0.33458  0.00654 -0.02205  -0.04111  0.97380  0.01525 -0.07104    -0.11166  3
                          0.50        101.43367  1.27443  0.50000  0.33458  0.00654 -0.00466  -0.02505  0.97380  0.01525 -0.00991    -0.05590  3
         200   dspar      0.15        219.81860  1.13663  0.14986  0.27941  0.01129  0.03099  -0.00170  0.94552  0.01821  0.04914    -0.00302  3
                          0.20        219.81860  1.13663  0.19995  0.27941  0.01129  0.03157   0.00170  0.94552  0.01821  0.04984     0.00145  3
                          0.50        219.81860  1.13663  0.49977  0.27941  0.01129  0.02879  -0.00424  0.94552  0.01821  0.04427    -0.00930  3
               lspar      0.15        219.81860  1.13663  0.14602  0.27941  0.01129  0.00935  -0.02091  0.94552  0.01821  0.01731    -0.03154  3
                          0.20        219.81860  1.13663  0.19749  0.27941  0.01129  0.00668  -0.02430  0.94552  0.01821  0.01018    -0.04022  3
                          0.50        219.81860  1.13663  0.50460  0.27941  0.01129  0.01027  -0.02433  0.94552  0.01821  0.01518    -0.03880  3
               random     0.15        219.81860  1.13663  0.15000  0.27941  0.01129  0.01101  -0.03605  0.94552  0.01821  0.00893    -0.07369  3
                          0.20        219.81860  1.13663  0.20000  0.27941  0.01129  0.00758  -0.02667  0.94552  0.01821  0.00479    -0.05119  3
                          0.50        219.81860  1.13663  0.50000  0.27941  0.01129  0.00045  -0.03607  0.94552  0.01821  0.00069    -0.05862  3
dcsbm_ps 10    dspar      0.15         11.10913  1.61909  0.14955  0.36428  0.00111 -0.22640  -0.22871  0.54342  0.00665 -0.41657    -0.42979  3
                          0.20         11.10913  1.61909  0.19899  0.36428  0.00111 -0.20259  -0.20523  0.54342  0.00665 -0.41146    -0.42392  3
                          0.50         11.10913  1.61909  0.49987  0.36428  0.00111 -0.11567  -0.12030  0.54342  0.00665 -0.26796    -0.28727  3
               lspar      0.15         11.10913  1.61909  0.16003  0.36428  0.00111 -0.14930  -0.15217  0.54342  0.00665 -0.20160    -0.21433  3
                          0.20         11.10913  1.61909  0.16003  0.36428  0.00111 -0.14930  -0.15217  0.54342  0.00665 -0.20160    -0.21433  3
                          0.50         11.10913  1.61909  0.50385  0.36428  0.00111 -0.01179  -0.01520  0.54342  0.00665 -0.02017    -0.03379  3
               random     0.15         11.10913  1.61909  0.15000  0.36428  0.00111 -0.24989  -0.25304  0.54342  0.00665 -0.41954    -0.43266  3
                          0.20         11.10913  1.61909  0.20000  0.36428  0.00111 -0.22541  -0.23001  0.54342  0.00665 -0.40263    -0.41697  3
                          0.50         11.10913  1.61909  0.50000  0.36428  0.00111 -0.09270  -0.09841  0.54342  0.00665 -0.21075    -0.22930  3
         25    dspar      0.15         24.60620  1.54520  0.14960  0.28936  0.00144 -0.19658  -0.20005  0.68104  0.00697 -0.52473    -0.54248  3
                          0.20         24.60620  1.54520  0.19996  0.28936  0.00144 -0.17961  -0.18459  0.68104  0.00697 -0.48219    -0.50220  3
                          0.50         24.60620  1.54520  0.50040  0.28936  0.00144 -0.02457  -0.03079  0.68104  0.00697 -0.01658    -0.04521  3
               lspar      0.15         24.60620  1.54520  0.14999  0.28936  0.00144 -0.02998  -0.03431  0.68104  0.00697  0.03396     0.01822  3
                          0.20         24.60620  1.54520  0.20178  0.28936  0.00144 -0.01933  -0.02333  0.68104  0.00697  0.05220     0.03241  3
                          0.50         24.60620  1.54520  0.50107  0.28936  0.00144  0.00142  -0.00273  0.68104  0.00697  0.02476     0.00568  3
               random     0.15         24.60620  1.54520  0.15000  0.28936  0.00144 -0.19962  -0.20381  0.68104  0.00697 -0.51436    -0.53258  3
                          0.20         24.60620  1.54520  0.20000  0.28936  0.00144 -0.17021  -0.17683  0.68104  0.00697 -0.45237    -0.47376  3
                          0.50         24.60620  1.54520  0.50000  0.28936  0.00144 -0.02935  -0.03457  0.68104  0.00697 -0.10736    -0.13033  3
         50    dspar      0.15         49.18700  1.46939  0.14947  0.23712  0.00255 -0.12213  -0.13342  0.72795  0.00912 -0.35291    -0.38854  3
                          0.20         49.18700  1.46939  0.19937  0.23712  0.00255 -0.05381  -0.06236  0.72795  0.00912 -0.14041    -0.16467  3
                          0.50         49.18700  1.46939  0.49991  0.23712  0.00255 -0.00686  -0.01449  0.72795  0.00912  0.03406     0.00741  3
               lspar      0.15         49.18700  1.46939  0.15351  0.23712  0.00255 -0.00736  -0.01583  0.72795  0.00912  0.10132     0.07936  3
                          0.20         49.18700  1.46939  0.19954  0.23712  0.00255 -0.00668  -0.01216  0.72795  0.00912  0.09379     0.07395  3
                          0.50         49.18700  1.46939  0.50056  0.23712  0.00255  0.00773   0.00144  0.72795  0.00912  0.05622     0.03424  3
               random     0.15         49.18700  1.46939  0.15000  0.23712  0.00255 -0.12281  -0.13479  0.72795  0.00912 -0.38586    -0.42031  3
                          0.20         49.18700  1.46939  0.20000  0.23712  0.00255 -0.07130  -0.07895  0.72795  0.00912 -0.24383    -0.26909  3
                          0.50         49.18700  1.46939  0.50000  0.23712  0.00255 -0.00744  -0.01679  0.72795  0.00912 -0.02664    -0.05674  3
         100   dspar      0.15        101.42813  1.37086  0.14973  0.18573  0.00208 -0.01457  -0.02303  0.76385  0.00671 -0.04373    -0.07418  3
                          0.20        101.42813  1.37086  0.19961  0.18573  0.00208 -0.00622  -0.01427  0.76385  0.00671 -0.00564    -0.03085  3
                          0.50        101.42813  1.37086  0.49940  0.18573  0.00208  0.00455  -0.00126  0.76385  0.00671  0.02578     0.00103  3
               lspar      0.15        101.42813  1.37086  0.15050  0.18573  0.00208  0.00262  -0.00284  0.76385  0.00671  0.08365     0.06707  3
                          0.20        101.42813  1.37086  0.20213  0.18573  0.00208  0.00055  -0.00371  0.76385  0.00671  0.07720     0.06235  3
                          0.50        101.42813  1.37086  0.50005  0.18573  0.00208  0.01126   0.00525  0.76385  0.00671  0.05188     0.03125  3
               random     0.15        101.42813  1.37086  0.15000  0.18573  0.00208 -0.03596  -0.04335  0.76385  0.00671 -0.16883    -0.19406  3
                          0.20        101.42813  1.37086  0.20000  0.18573  0.00208 -0.01606  -0.02195  0.76385  0.00671 -0.09034    -0.11863  3
                          0.50        101.42813  1.37086  0.50000  0.18573  0.00208 -0.00096  -0.00807  0.76385  0.00671 -0.01734    -0.04204  3
         200   dspar      0.15        219.69947  1.28317  0.14975  0.16188  0.00325  0.00915  -0.00482  0.76884  0.01215  0.01885    -0.02344  3
                          0.20        219.69947  1.28317  0.19966  0.16188  0.00325  0.01240   0.00184  0.76884  0.01215  0.02939    -0.00859  3
                          0.50        219.69947  1.28317  0.49962  0.16188  0.00325  0.01109   0.00057  0.76884  0.01215  0.02399    -0.00862  3
               lspar      0.15        219.69947  1.28317  0.15131  0.16188  0.00325  0.00019  -0.00965  0.76884  0.01215  0.07471     0.04616  3
                          0.20        219.69947  1.28317  0.20410  0.16188  0.00325 -0.00502  -0.01485  0.76884  0.01215  0.06494     0.03520  3
                          0.50        219.69947  1.28317  0.49691  0.16188  0.00325  0.01265   0.00189  0.76884  0.01215  0.05409     0.02038  3
               random     0.15        219.69947  1.28317  0.15000  0.16188  0.00325 -0.00264  -0.01844  0.76884  0.01215 -0.04259    -0.09328  3
                          0.20        219.69947  1.28317  0.20000  0.16188  0.00325  0.00139  -0.01247  0.76884  0.01215 -0.02132    -0.06416  3
                          0.50        219.69947  1.28317  0.50000  0.16188  0.00325  0.00324  -0.01032  0.76884  0.01215  0.00068    -0.04408  3
sbm      10    dspar      0.15         11.14300  0.29608  0.14931  0.38588  0.00627 -0.24560  -0.25459  0.81111  0.02345 -0.69094    -0.72809  3
                          0.20         11.14300  0.29608  0.19964  0.38588  0.00627 -0.22313  -0.23214  0.81111  0.02345 -0.68990    -0.72670  3
                          0.50         11.14300  0.29608  0.50099  0.38588  0.00627 -0.16905  -0.17853  0.81111  0.02345 -0.62539    -0.66340  3
               lspar      0.15         11.14300  0.29608  0.16078  0.38588  0.00627 -0.19364  -0.20268  0.81111  0.02345 -0.49273    -0.52936  3
                          0.20         11.14300  0.29608  0.16078  0.38588  0.00627 -0.19364  -0.20268  0.81111  0.02345 -0.49273    -0.52936  3
                          0.50         11.14300  0.29608  0.49279  0.38588  0.00627 -0.02333  -0.03875  0.81111  0.02345 -0.05237    -0.10565  3
               random     0.15         11.14300  0.29608  0.15000  0.38588  0.00627 -0.24694  -0.25615  0.81111  0.02345 -0.68669    -0.72383  3
                          0.20         11.14300  0.29608  0.20000  0.38588  0.00627 -0.22554  -0.23469  0.81111  0.02345 -0.68681    -0.72359  3
                          0.50         11.14300  0.29608  0.50000  0.38588  0.00627 -0.16781  -0.17792  0.81111  0.02345 -0.61787    -0.65970  3
         25    dspar      0.15         24.68380  0.19799  0.14982  0.37684  0.00759 -0.28806  -0.30002  0.96915  0.01594 -0.83494    -0.86224  3
                          0.20         24.68380  0.19799  0.20004  0.37684  0.00759 -0.27945  -0.29158  0.96915  0.01594 -0.81201    -0.83934  3
                          0.50         24.68380  0.19799  0.50085  0.37684  0.00759 -0.05979  -0.09161  0.96915  0.01594 -0.14773    -0.21609  3
               lspar      0.15         24.68380  0.19799  0.15440  0.37684  0.00759 -0.01094  -0.02940  0.96915  0.01594 -0.04658    -0.08220  3
                          0.20         24.68380  0.19799  0.20100  0.37684  0.00759 -0.00038  -0.01816  0.96915  0.01594 -0.02007    -0.05619  3
                          0.50         24.68380  0.19799  0.50404  0.37684  0.00759  0.00950  -0.00846  0.96915  0.01594  0.01740    -0.02101  3
               random     0.15         24.68380  0.19799  0.15000  0.37684  0.00759 -0.28850  -0.30035  0.96915  0.01594 -0.83779    -0.86387  3
                          0.20         24.68380  0.19799  0.20000  0.37684  0.00759 -0.27950  -0.29204  0.96915  0.01594 -0.81290    -0.84164  3
                          0.50         24.68380  0.19799  0.50000  0.37684  0.00759 -0.05756  -0.08734  0.96915  0.01594 -0.15019    -0.21564  3
         50    dspar      0.15         49.47307  0.13672  0.14928  0.36984  0.00599 -0.30281  -0.31200  0.98811  0.01052 -0.77339    -0.79623  3
                          0.20         49.47307  0.13672  0.19955  0.36984  0.00599 -0.21636  -0.24555  0.98811  0.01052 -0.49287    -0.56700  3
                          0.50         49.47307  0.13672  0.50060  0.36984  0.00599 -0.01276  -0.03443  0.98811  0.01052 -0.02093    -0.05950  3
               lspar      0.15         49.47307  0.13672  0.15290  0.36984  0.00599  0.00667  -0.00004  0.98811  0.01052  0.01166    -0.00023  3
                          0.20         49.47307  0.13672  0.19919  0.36984  0.00599  0.00669  -0.00002  0.98811  0.01052  0.01177    -0.00014  3
                          0.50         49.47307  0.13672  0.49827  0.36984  0.00599  0.00501  -0.01081  0.98811  0.01052  0.00859    -0.02074  3
               random     0.15         49.47307  0.13672  0.15000  0.36984  0.00599 -0.30218  -0.31251  0.98811  0.01052 -0.77082    -0.79319  3
                          0.20         49.47307  0.13672  0.20000  0.36984  0.00599 -0.21061  -0.24168  0.98811  0.01052 -0.47982    -0.55392  3
                          0.50         49.47307  0.13672  0.50000  0.36984  0.00599 -0.01261  -0.03212  0.98811  0.01052 -0.02202    -0.05759  3
         100   dspar      0.15        101.97773  0.09194  0.14958  0.34356  0.00549 -0.08532  -0.11186  0.99187  0.00995 -0.16735    -0.22233  3
                          0.20        101.97773  0.09194  0.19969  0.34356  0.00549 -0.04630  -0.06497  0.99187  0.00995 -0.08345    -0.11880  3
                          0.50        101.97773  0.09194  0.49981  0.34356  0.00549 -0.00306  -0.01710  0.99187  0.00995 -0.00445    -0.02755  3
               lspar      0.15        101.97773  0.09194  0.15058  0.34356  0.00549  0.00446   0.00000  0.99187  0.00995  0.00813     0.00000  3
                          0.20        101.97773  0.09194  0.20218  0.34356  0.00549  0.00446   0.00000  0.99187  0.00995  0.00813     0.00000  3
                          0.50        101.97773  0.09194  0.50176  0.34356  0.00549  0.00127  -0.01145  0.99187  0.00995  0.00205    -0.02194  3
               random     0.15        101.97773  0.09194  0.15000  0.34356  0.00549 -0.08362  -0.10698  0.99187  0.00995 -0.16419    -0.21038  3
                          0.20        101.97773  0.09194  0.20000  0.34356  0.00549 -0.04610  -0.07038  0.99187  0.00995 -0.08351    -0.13135  3
                          0.50        101.97773  0.09194  0.50000  0.34356  0.00549 -0.00153  -0.02000  0.99187  0.00995 -0.00205    -0.03413  3
         200   dspar      0.15        221.00467  0.05756  0.14967  0.31141  0.00606 -0.01245  -0.03573  0.98903  0.01038 -0.02232    -0.06332  3
                          0.20        221.00467  0.05756  0.19976  0.31141  0.00606 -0.00641  -0.02759  0.98903  0.01038 -0.01135    -0.04732  3
                          0.50        221.00467  0.05756  0.49992  0.31141  0.00606 -0.00017  -0.01794  0.98903  0.01038 -0.00099    -0.03323  3
               lspar      0.15        221.00467  0.05756  0.15095  0.31141  0.00606  0.00636   0.00000  0.98903  0.01038  0.01097     0.00000  3
                          0.20        221.00467  0.05756  0.19810  0.31141  0.00606  0.00636   0.00000  0.98903  0.01038  0.01097     0.00000  3
                          0.50        221.00467  0.05756  0.49757  0.31141  0.00606 -0.00030  -0.01319  0.98903  0.01038 -0.00180    -0.02545  3
               random     0.15        221.00467  0.05756  0.15000  0.31141  0.00606 -0.01704  -0.03770  0.98903  0.01038 -0.03019    -0.06746  3
                          0.20        221.00467  0.05756  0.20000  0.31141  0.00606 -0.00630  -0.02646  0.98903  0.01038 -0.01106    -0.04661  3
                          0.50        221.00467  0.05756  0.50000  0.31141  0.00606 -0.00056  -0.01971  0.98903  0.01038 -0.00202    -0.03748  3
sbm_ps   10    dspar      0.15         11.17087  0.29468  0.14952  0.33372  0.00192 -0.19334  -0.19655  0.56527  0.00993 -0.45741    -0.47697  3
                          0.20         11.17087  0.29468  0.20075  0.33372  0.00192 -0.17042  -0.17365  0.56527  0.00993 -0.45616    -0.47477  3
                          0.50         11.17087  0.29468  0.50082  0.33372  0.00192 -0.11469  -0.11867  0.56527  0.00993 -0.39537    -0.41544  3
               lspar      0.15         11.17087  0.29468  0.16368  0.33372  0.00192 -0.13945  -0.14313  0.56527  0.00993 -0.26588    -0.28705  3
                          0.20         11.17087  0.29468  0.16368  0.33372  0.00192 -0.13945  -0.14313  0.56527  0.00993 -0.26588    -0.28705  3
                          0.50         11.17087  0.29468  0.49832  0.33372  0.00192 -0.01889  -0.02450  0.56527  0.00993  0.05974     0.03221  3
               random     0.15         11.17087  0.29468  0.15000  0.33372  0.00192 -0.19501  -0.19803  0.56527  0.00993 -0.45740    -0.47615  3
                          0.20         11.17087  0.29468  0.20000  0.33372  0.00192 -0.17324  -0.17668  0.56527  0.00993 -0.45609    -0.47493  3
                          0.50         11.17087  0.29468  0.49999  0.33372  0.00192 -0.11432  -0.11812  0.56527  0.00993 -0.39207    -0.41288  3
         25    dspar      0.15         24.54420  0.19791  0.14968  0.28125  0.00209 -0.19196  -0.19633  0.74788  0.00906 -0.63028    -0.64868  3
                          0.20         24.54420  0.19791  0.20000  0.28125  0.00209 -0.18270  -0.18722  0.74788  0.00906 -0.61026    -0.62916  3
                          0.50         24.54420  0.19791  0.50037  0.28125  0.00209 -0.04753  -0.05754  0.74788  0.00906 -0.18249    -0.22099  3
               lspar      0.15         24.54420  0.19791  0.14521  0.28125  0.00209 -0.02655  -0.03257  0.74788  0.00906 -0.04214    -0.06396  3
                          0.20         24.54420  0.19791  0.20039  0.28125  0.00209 -0.01065  -0.01638  0.74788  0.00906  0.01311    -0.00770  3
                          0.50         24.54420  0.19791  0.50081  0.28125  0.00209  0.00335  -0.00371  0.74788  0.00906  0.04281     0.01497  3
               random     0.15         24.54420  0.19791  0.15000  0.28125  0.00209 -0.19250  -0.19685  0.74788  0.00906 -0.63342    -0.65149  3
                          0.20         24.54420  0.19791  0.20000  0.28125  0.00209 -0.18307  -0.18771  0.74788  0.00906 -0.61118    -0.63028  3
                          0.50         24.54420  0.19791  0.50000  0.28125  0.00209 -0.04489  -0.05357  0.74788  0.00906 -0.17683    -0.21336  3
         50    dspar      0.15         49.24767  0.13636  0.14931  0.24859  0.00224 -0.17844  -0.18402  0.78831  0.00711 -0.59857    -0.61859  3
                          0.20         49.24767  0.13636  0.19964  0.24859  0.00224 -0.13135  -0.14325  0.78831  0.00711 -0.45242    -0.49075  3
                          0.50         49.24767  0.13636  0.50016  0.24859  0.00224 -0.01072  -0.01776  0.78831  0.00711 -0.04124    -0.06864  3
               lspar      0.15         49.24767  0.13636  0.15030  0.24859  0.00224  0.00566   0.00014  0.78831  0.00711  0.04028     0.02113  3
                          0.20         49.24767  0.13636  0.19799  0.24859  0.00224  0.00720   0.00174  0.78831  0.00711  0.03747     0.01730  3
                          0.50         49.24767  0.13636  0.50074  0.24859  0.00224  0.00457  -0.00154  0.78831  0.00711  0.01697    -0.00546  3
               random     0.15         49.24767  0.13636  0.15000  0.24859  0.00224 -0.17812  -0.18496  0.78831  0.00711 -0.59567    -0.62176  3
                          0.20         49.24767  0.13636  0.20000  0.24859  0.00224 -0.12775  -0.14174  0.78831  0.00711 -0.44163    -0.48688  3
                          0.50         49.24767  0.13636  0.50000  0.24859  0.00224 -0.01216  -0.01909  0.78831  0.00711 -0.04992    -0.07645  3
         100   dspar      0.15        101.77093  0.09794  0.14958  0.20846  0.00259 -0.04960  -0.05766  0.79834  0.00597 -0.21999    -0.24673  3
                          0.20        101.77093  0.09794  0.19986  0.20846  0.00259 -0.02201  -0.03391  0.79834  0.00597 -0.11034    -0.14416  3
                          0.50        101.77093  0.09794  0.49971  0.20846  0.00259 -0.00080  -0.00838  0.79834  0.00597 -0.00919    -0.03420  3
               lspar      0.15        101.77093  0.09794  0.14745  0.20846  0.00259  0.01385   0.00628  0.79834  0.00597  0.05705     0.04047  3
                          0.20        101.77093  0.09794  0.19847  0.20846  0.00259  0.01441   0.00723  0.79834  0.00597  0.05262     0.03506  3
                          0.50        101.77093  0.09794  0.49924  0.20846  0.00259  0.00633  -0.00241  0.79834  0.00597  0.02115    -0.00207  3
               random     0.15        101.77093  0.09794  0.15000  0.20846  0.00259 -0.05315  -0.06451  0.79834  0.00597 -0.22684    -0.25948  3
                          0.20        101.77093  0.09794  0.20000  0.20846  0.00259 -0.02272  -0.03173  0.79834  0.00597 -0.11669    -0.14624  3
                          0.50        101.77093  0.09794  0.50000  0.20846  0.00259 -0.00039  -0.00924  0.79834  0.00597 -0.00983    -0.03504  3
         200   dspar      0.15        220.57760  0.06869  0.14963  0.18980  0.00292 -0.00898  -0.02075  0.81227  0.00925 -0.06598    -0.10054  3
                          0.20        220.57760  0.06869  0.19971  0.18980  0.00292 -0.00219  -0.01387  0.81227  0.00925 -0.03660    -0.06897  3
                          0.50        220.57760  0.06869  0.49983  0.18980  0.00292  0.00025  -0.01197  0.81227  0.00925 -0.00850    -0.04412  3
               lspar      0.15        220.57760  0.06869  0.14959  0.18980  0.00292  0.01802   0.00976  0.81227  0.00925  0.07077     0.05104  3
                          0.20        220.57760  0.06869  0.19958  0.18980  0.00292  0.01790   0.00873  0.81227  0.00925  0.06515     0.04174  3
                          0.50        220.57760  0.06869  0.50182  0.18980  0.00292  0.00299  -0.00533  0.81227  0.00925  0.01206    -0.01261  3
               random     0.15        220.57760  0.06869  0.15000  0.18980  0.00292 -0.00833  -0.01952  0.81227  0.00925 -0.06205    -0.09576  3
                          0.20        220.57760  0.06869  0.20000  0.18980  0.00292 -0.00233  -0.01124  0.81227  0.00925 -0.03542    -0.06457  3
                          0.50        220.57760  0.06869  0.50000  0.18980  0.00292 -0.00066  -0.01088  0.81227  0.00925 -0.01123    -0.04401  3

  cells with positive dQ in the WORST case over 10 Metis seeds: 42 / 540
                                dQ    worst     dAMI  n
gen      d_nom sparsifier                              
dcsbm    25    lspar       0.01119  0.00193  0.02358  2
         50    lspar       0.01147  0.00138  0.03025  3
         200   dspar       0.03375  0.01027  0.05243  4
dcsbm_ps 50    lspar       0.00991  0.00320  0.06907  2
         100   dspar       0.00812  0.00356  0.02855  1
               lspar       0.00877  0.00343  0.07145  5
         200   dspar       0.01274  0.00233  0.03000  4
               lspar       0.01265  0.00189  0.05409  3
sbm_ps   50    lspar       0.00657  0.00139  0.03462  5
         100   lspar       0.01342  0.00591  0.05171  7
         200   lspar       0.01796  0.00925  0.06796  6

============================================================================================
HETEROGENEITY vs GAIN -- Spearman with leave-one-out jackknife
============================================================================================
  spearman(deg_cv, dQ) = -0.260   jackknife [-0.293, -0.231]   n=60
  spearman(d_avg , dQ) = +0.652   jackknife [+0.636, +0.693]
  spearman(deg_cv, dAMI) = -0.068   jackknife [-0.102, -0.022]   n=60
  spearman(d_avg , dAMI) = +0.385   jackknife [+0.354, +0.423]
