gen,het_deg,het_size,d_nom,graph_seed,d_avg,mu_real,deg_cv,m,k,sparsifier,target_ret,realized_ret,status,n_metis_seeds,Q_base_mean,Q_base_std,Q_base_min,Q_base_max,AMI_base_mean,AMI_base_std,AMI_base_min,AMI_base_max,Q_sparse_mean,Q_sparse_std,Q_sparse_min,Q_sparse_max,AMI_sparse_mean,AMI_sparse_std,AMI_sparse_min,AMI_sparse_max,dQ,dAMI,worstcase_dQ,worstcase_dAMI
sbm,0,0,10,1,11.116,0.579614969413458,0.29296924501050137,55580,100,lspar,0.5,0.49311,ok,10,0.38552657446592514,0.003858591359315001,0.38096639889387846,0.39225787666740763,0.8085552516729008,0.014036931867906572,0.7937530716110207,0.8351592129318752,0.35890405053010943,0.005037195974633909,0.3523670851827718,0.36697932227919755,0.746941353938628,0.012779975982376327,0.7301104288137886,0.7688355116881149,-0.026622523935815712,-0.06161389773427273,-0.03989079148463581,-0.1050487841180866
sbm,0,0,10,1,11.116,0.579614969413458,0.29296924501050137,55580,100,lspar,0.2,0.16125,ok,10,0.38552657446592514,0.003858591359315001,0.38096639889387846,0.39225787666740763,0.8085552516729008,0.014036931867906572,0.7937530716110207,0.8351592129318752,0.19311842232023155,0.00028652281761804384,0.19261288025352316,0.1937349487060525,0.31888927812898105,0.0017418059255117466,0.3164358516202743,0.32169904736588373,-0.1924081521456936,-0.4896659735439197,-0.19964499641388447,-0.5187233613116009
sbm,0,0,10,1,11.116,0.579614969413458,0.29296924501050137,55580,100,lspar,0.15,0.16125,floor,10,0.38552657446592514,0.003858591359315001,0.38096639889387846,0.39225787666740763,0.8085552516729008,0.014036931867906572,0.7937530716110207,0.8351592129318752,0.19311842232023155,0.00028652281761804384,0.19261288025352316,0.1937349487060525,0.31888927812898105,0.0017418059255117466,0.3164358516202743,0.32169904736588373,-0.1924081521456936,-0.4896659735439197,-0.19964499641388447,-0.5187233613116009
sbm,0,0,10,1,11.116,0.579614969413458,0.29296924501050137,55580,100,dspar,0.5,0.49876,ok,10,0.38552657446592514,0.003858591359315001,0.38096639889387846,0.39225787666740763,0.8085552516729008,0.014036931867906572,0.7937530716110207,0.8351592129318752,0.21653991500666647,0.0006847534728896196,0.2154864244583048,0.21821900062425204,0.18243924825600363,0.0017274453774877155,0.1788290485019812,0.18438068164713448,-0.16898665945925867,-0.6261160034168971,-0.17677145220910284,-0.656330164429894
sbm,0,0,10,1,11.116,0.579614969413458,0.29296924501050137,55580,100,dspar,0.2,0.1996,ok,10,0.38552657446592514,0.003858591359315001,0.38096639889387846,0.39225787666740763,0.8085552516729008,0.014036931867906572,0.7937530716110207,0.8351592129318752,0.1628972239620108,0.00044138769165158877,0.16214010038533733,0.16357543195567523,0.12127002904076759,0.0022613309135996375,0.11697477567424,0.12464916704210152,-0.22262935050391433,-0.6872852226321332,-0.2301177762820703,-0.7181844372576353
sbm,0,0,10,1,11.116,0.579614969413458,0.29296924501050137,55580,100,dspar,0.15,0.14982,ok,10,0.38552657446592514,0.003858591359315001,0.38096639889387846,0.39225787666740763,0.8085552516729008,0.014036931867906572,0.7937530716110207,0.8351592129318752,0.14135451940548815,0.00032145587179993525,0.1406882119222706,0.1417128573539193,0.12104858490496688,0.0019653793697462485,0.11841407621070486,0.12443383770238678,-0.244172055060437,-0.6875066667679339,-0.25156966474513703,-0.7167451367211704
sbm,0,0,10,1,11.116,0.579614969413458,0.29296924501050137,55580,100,random,0.5,0.5,ok,10,0.38552657446592514,0.003858591359315001,0.38096639889387846,0.39225787666740763,0.8085552516729008,0.014036931867906572,0.7937530716110207,0.8351592129318752,0.21751380720838354,0.0008224203298736698,0.21582602600519676,0.2192252355706921,0.1872584993518833,0.0021703225493823895,0.18375566490140938,0.19000532469006745,-0.1680127672575416,-0.6212967523210174,-0.17643185066221087,-0.6514035480304659
sbm,0,0,10,1,11.116,0.579614969413458,0.29296924501050137,55580,100,random,0.2,0.2,ok,10,0.38552657446592514,0.003858591359315001,0.38096639889387846,0.39225787666740763,0.8085552516729008,0.014036931867906572,0.7937530716110207,0.8351592129318752,0.16024503451838507,0.0003917936547679117,0.1593939207410846,0.16074165728000867,0.1222657186276764,0.0028855037711586397,0.11847851585678948,0.1271496542198407,-0.22528153994754008,-0.6862895330452243,-0.23286395592632303,-0.7166806970750857
sbm,0,0,10,1,11.116,0.579614969413458,0.29296924501050137,55580,100,random,0.15,0.15,ok,10,0.38552657446592514,0.003858591359315001,0.38096639889387846,0.39225787666740763,0.8085552516729008,0.014036931867906572,0.7937530716110207,0.8351592129318752,0.13859081139958718,0.00040994137167169866,0.1379871686792463,0.13917615615807702,0.1209942694304222,0.0029649847651998487,0.11598939903098568,0.12453545937592977,-0.24693576306633797,-0.6875609822424785,-0.2542707079881613,-0.7191698139008895
sbm,0,0,10,2,11.1336,0.5790579866350507,0.295925453001744,55668,100,lspar,0.5,0.49283,ok,10,0.3869296447955709,0.007708108347761852,0.3674421779329199,0.39406276907868715,0.8166522289622827,0.029759948720200227,0.7425300407266112,0.847234161107879,0.3651928877284559,0.004170435751150622,0.3582528276736413,0.3727988396602758,0.7667469551158451,0.012902597373524264,0.7481607735298063,0.7903872481177029,-0.02173675706711503,-0.049905273846437614,-0.03580994140504584,-0.09907338757807271
sbm,0,0,10,2,11.1336,0.5790579866350507,0.295925453001744,55668,100,lspar,0.2,0.16068,ok,10,0.3869296447955709,0.007708108347761852,0.3674421779329199,0.39406276907868715,0.8166522289622827,0.029759948720200227,0.7425300407266112,0.847234161107879,0.1921756520170711,0.00017445420550909574,0.19184820951710405,0.19243977619778266,0.31977101372704164,0.0016534429739862406,0.31694815334145116,0.3221706918303908,-0.1947539927784998,-0.4968812152352411,-0.2022145595615831,-0.5302860077664278
sbm,0,0,10,2,11.1336,0.5790579866350507,0.295925453001744,55668,100,lspar,0.15,0.16068,floor,10,0.3869296447955709,0.007708108347761852,0.3674421779329199,0.39406276907868715,0.8166522289622827,0.029759948720200227,0.7425300407266112,0.847234161107879,0.1921756520170711,0.00017445420550909574,0.19184820951710405,0.19243977619778266,0.31977101372704164,0.0016534429739862406,0.31694815334145116,0.3221706918303908,-0.1947539927784998,-0.4968812152352411,-0.2022145595615831,-0.5302860077664278
sbm,0,0,10,2,11.1336,0.5790579866350507,0.295925453001744,55668,100,dspar,0.5,0.50435,ok,10,0.3869296447955709,0.007708108347761852,0.3674421779329199,0.39406276907868715,0.8166522289622827,0.029759948720200227,0.7425300407266112,0.847234161107879,0.2175798285316005,0.0006665866674858788,0.21663733353853476,0.21893303807803083,0.18600659973072822,0.003670625642718609,0.18260414215564627,0.19452850505496494,-0.16934981626397042,-0.6306456292315545,-0.1774254355401524,-0.6646300189522327
sbm,0,0,10,2,11.1336,0.5790579866350507,0.295925453001744,55668,100,dspar,0.2,0.20003,ok,10,0.3869296447955709,0.007708108347761852,0.3674421779329199,0.39406276907868715,0.8166522289622827,0.029759948720200227,0.7425300407266112,0.847234161107879,0.16303402689524632,0.00036946067935086105,0.16252704940161242,0.16362493113679236,0.12022256751976004,0.0012656998270574608,0.11815054575543509,0.12250241523379361,-0.22389561790032458,-0.6964296614425227,-0.23153571967707473,-0.7290836153524439
sbm,0,0,10,2,11.1336,0.5790579866350507,0.295925453001744,55668,100,dspar,0.15,0.14917,ok,10,0.3869296447955709,0.007708108347761852,0.3674421779329199,0.39406276907868715,0.8166522289622827,0.029759948720200227,0.7425300407266112,0.847234161107879,0.14001604073037144,0.0005776380651836726,0.1393761226566071,0.14097488207902564,0.1200073525671822,0.0015372535616929306,0.11769348033388892,0.12261842715884393,-0.24691360406519947,-0.6966448763951005,-0.25468664642208005,-0.72954068077399
sbm,0,0,10,2,11.1336,0.5790579866350507,0.295925453001744,55668,100,random,0.5,0.5,ok,10,0.3869296447955709,0.007708108347761852,0.3674421779329199,0.39406276907868715,0.8166522289622827,0.029759948720200227,0.7425300407266112,0.847234161107879,0.21889909398178697,0.0011519555558242554,0.21697899736770254,0.2211248530839501,0.20001112389146458,0.006432497428207856,0.18637057962254436,0.21129885665305104,-0.16803055081378393,-0.6166411050708182,-0.1770837717109846,-0.6608635814853346
sbm,0,0,10,2,11.1336,0.5790579866350507,0.295925453001744,55668,100,random,0.2,0.20001,ok,10,0.3869296447955709,0.007708108347761852,0.3674421779329199,0.39406276907868715,0.8166522289622827,0.029759948720200227,0.7425300407266112,0.847234161107879,0.1606960866777964,0.00038809371900176394,0.1598804754249613,0.1611408742591609,0.12578385682640103,0.002062627326282188,0.1228808913625724,0.13071054450810032,-0.2262335581177745,-0.6908683721358817,-0.23418229365372584,-0.7243532697453066
sbm,0,0,10,2,11.1336,0.5790579866350507,0.295925453001744,55668,100,random,0.15,0.15,ok,10,0.3869296447955709,0.007708108347761852,0.3674421779329199,0.39406276907868715,0.8166522289622827,0.029759948720200227,0.7425300407266112,0.847234161107879,0.13984216718158313,0.0005245280541125952,0.13899097037684116,0.14062971058326174,0.13027800719668226,0.001697022714094785,0.12822184406781112,0.13299935549391356,-0.24708747761398778,-0.6863742217656005,-0.255071798701846,-0.7190123170400678
sbm,0,0,10,3,11.1794,0.5790113959604272,0.2993419283538197,55897,100,lspar,0.5,0.49244,ok,10,0.38519518965948485,0.007246330227424131,0.370139918938288,0.3965452428165338,0.8081236907626627,0.026566976066699045,0.7519379446349462,0.8529684745088958,0.3635631906810607,0.0058049105863540425,0.3559882513674795,0.3728086821844291,0.7625230078722371,0.016275078299979727,0.7401437976202195,0.7872629989190078,-0.02163199897842416,-0.045600682890425515,-0.04055699144905428,-0.11282467688867626
sbm,0,0,10,3,11.1794,0.5790113959604272,0.2993419283538197,55897,100,lspar,0.2,0.16042,ok,10,0.38519518965948485,0.007246330227424131,0.370139918938288,0.3965452428165338,0.8081236907626627,0.026566976066699045,0.7519379446349462,0.8529684745088958,0.19144493198216286,0.0006585989657942488,0.1903750948356643,0.19221802659878812,0.31647480474562084,0.001715476859320099,0.31390941160469343,0.3190495739841469,-0.19375025767732199,-0.4916488860170418,-0.2061701479808695,-0.5390590629042024
sbm,0,0,10,3,11.1794,0.5790113959604272,0.2993419283538197,55897,100,lspar,0.15,0.16042,floor,10,0.38519518965948485,0.007246330227424131,0.370139918938288,0.3965452428165338,0.8081236907626627,0.026566976066699045,0.7519379446349462,0.8529684745088958,0.19144493198216286,0.0006585989657942488,0.1903750948356643,0.19221802659878812,0.31647480474562084,0.001715476859320099,0.31390941160469343,0.3190495739841469,-0.19375025767732199,-0.4916488860170418,-0.2061701479808695,-0.5390590629042024
sbm,0,0,10,3,11.1794,0.5790113959604272,0.2993419283538197,55897,100,dspar,0.5,0.49985,ok,10,0.38519518965948485,0.007246330227424131,0.370139918938288,0.3965452428165338,0.8081236907626627,0.026566976066699045,0.7519379446349462,0.8529684745088958,0.21638154770167306,0.0009295319165710127,0.21515197981242412,0.2177281604531035,0.18872292216769362,0.005432398119453906,0.18371667916367315,0.19842651601777897,-0.1688136419578118,-0.6194007685949691,-0.18139326300410968,-0.6692517953452226
sbm,0,0,10,3,11.1794,0.5790113959604272,0.2993419283538197,55897,100,dspar,0.2,0.1993,ok,10,0.38519518965948485,0.007246330227424131,0.370139918938288,0.3965452428165338,0.8081236907626627,0.026566976066699045,0.7519379446349462,0.8529684745088958,0.16232226475424033,0.000435133053030964,0.16178576393097494,0.1632367235537357,0.12214272801702988,0.000964027211517334,0.12013130615214802,0.12410433297623624,-0.22287292490524452,-0.6859809627456328,-0.23475947888555887,-0.7328371683567477
sbm,0,0,10,3,11.1794,0.5790113959604272,0.2993419283538197,55897,100,dspar,0.15,0.14893,ok,10,0.38519518965948485,0.007246330227424131,0.370139918938288,0.3965452428165338,0.8081236907626627,0.026566976066699045,0.7519379446349462,0.8529684745088958,0.13948842976499282,0.0005397316089987392,0.13903049467860154,0.14083813634857412,0.11946100537987832,0.002176337465068299,0.1149805918290644,0.12305381013188603,-0.24570675989449203,-0.6886626853827843,-0.2575147481379323,-0.7379878826798314
sbm,0,0,10,3,11.1794,0.5790113959604272,0.2993419283538197,55897,100,random,0.5,0.49999,ok,10,0.38519518965948485,0.007246330227424131,0.370139918938288,0.3965452428165338,0.8081236907626627,0.026566976066699045,0.7519379446349462,0.8529684745088958,0.21779388454297402,0.0007882323483486291,0.2162985152938396,0.21942521185007335,0.19244120759527764,0.003582072560325541,0.18614401738203198,0.19895765652242306,-0.16740130511651083,-0.615682483167385,-0.18024672752269422,-0.6668244571268638
sbm,0,0,10,3,11.1794,0.5790113959604272,0.2993419283538197,55897,100,random,0.2,0.19999,ok,10,0.38519518965948485,0.007246330227424131,0.370139918938288,0.3965452428165338,0.8081236907626627,0.026566976066699045,0.7519379446349462,0.8529684745088958,0.16009628303879742,0.00038851199027963506,0.15950913125183272,0.16074091722599748,0.12485975429833182,0.0009330446543324942,0.12322308505273703,0.12616544053911538,-0.22509890662068743,-0.6832639364643308,-0.23703611156470109,-0.7297453894561587
sbm,0,0,10,3,11.1794,0.5790113959604272,0.2993419283538197,55897,100,random,0.15,0.15001,ok,10,0.38519518965948485,0.007246330227424131,0.370139918938288,0.3965452428165338,0.8081236907626627,0.026566976066699045,0.7519379446349462,0.8529684745088958,0.13839311651132058,0.00040737948789396083,0.13743430231856935,0.1389922895353572,0.12199850661144632,0.0014424345303472518,0.11967531903992872,0.1241870272545321,-0.24680207314816427,-0.6861251841512164,-0.25911094049796446,-0.7332931554689671
sbm,0,0,25,1,24.7204,0.5986310901118105,0.19756037430806836,123602,100,lspar,0.5,0.50427,ok,10,0.3755500454282358,0.007047514241184712,0.3604688469931305,0.38423358301518284,0.9666449365084727,0.01395898424730526,0.9370525008753416,0.9821125120508006,0.3855441607279695,0.0033704470498654424,0.38127221505402825,0.39099976315007057,0.9848057917761164,0.007511634589430479,0.9735722050770983,0.9962552038663325,0.009994115299733708,0.01816085526764366,-0.002961367961154593,-0.008540306973702338
sbm,0,0,25,1,24.7204,0.5986310901118105,0.19756037430806836,123602,100,lspar,0.2,0.20084,ok,10,0.3755500454282358,0.007047514241184712,0.3604688469931305,0.38423358301518284,0.9666449365084727,0.01395898424730526,0.9370525008753416,0.9821125120508006,0.37616737705303377,0.004615343773892579,0.36992820620170086,0.3812802695372393,0.9488383528834301,0.0098133770402641,0.9352671205357932,0.9598678631956571,0.0006173316247979899,-0.017806583625042616,-0.014305376813481985,-0.04684539151500744
sbm,0,0,25,1,24.7204,0.5986310901118105,0.19756037430806836,123602,100,lspar,0.15,0.15466,ok,10,0.3755500454282358,0.007047514241184712,0.3604688469931305,0.38423358301518284,0.9666449365084727,0.01395898424730526,0.9370525008753416,0.9821125120508006,0.3695187055064571,0.003607956253984301,0.3618277730256353,0.3729131350579158,0.9308390999449297,0.0066411363626762455,0.9169951782856388,0.9370250299647369,-0.006031339921778678,-0.03580583656354297,-0.022405809989547554,-0.06511733376516182
sbm,0,0,25,1,24.7204,0.5986310901118105,0.19756037430806836,123602,100,dspar,0.5,0.50112,ok,10,0.3755500454282358,0.007047514241184712,0.3604688469931305,0.38423358301518284,0.9666449365084727,0.01395898424730526,0.9370525008753416,0.9821125120508006,0.3143013012948542,0.011742961979357933,0.292717046128387,0.3313369582484009,0.8159615102317185,0.027108924439551183,0.769365093657741,0.853175175540623,-0.061248744133381605,-0.15068342627675424,-0.09151653688679584,-0.21274741839305966
sbm,0,0,25,1,24.7204,0.5986310901118105,0.19756037430806836,123602,100,dspar,0.2,0.1987,ok,10,0.3755500454282358,0.007047514241184712,0.3604688469931305,0.38423358301518284,0.9666449365084727,0.01395898424730526,0.9370525008753416,0.9821125120508006,0.09742830377620286,0.00045334621620527686,0.09667386093545169,0.09812210570941131,0.1575932137058789,0.0035392938568359743,0.15067170857332163,0.16199304523466854,-0.2781217416520329,-0.8090517228025939,-0.28755972207973113,-0.831440803477479
sbm,0,0,25,1,24.7204,0.5986310901118105,0.19756037430806836,123602,100,dspar,0.15,0.14968,ok,10,0.3755500454282358,0.007047514241184712,0.3604688469931305,0.38423358301518284,0.9666449365084727,0.01395898424730526,0.9370525008753416,0.9821125120508006,0.08887340683828229,0.0004340872755414576,0.088293557115564,0.08946587709285754,0.13460816492274813,0.002413050732789165,0.12932389818465534,0.13767525857484986,-0.2866766385899535,-0.8320367715857246,-0.2959400258996189,-0.8527886138661454
sbm,0,0,25,1,24.7204,0.5986310901118105,0.19756037430806836,123602,100,random,0.5,0.5,ok,10,0.3755500454282358,0.007047514241184712,0.3604688469931305,0.38423358301518284,0.9666449365084727,0.01395898424730526,0.9370525008753416,0.9821125120508006,0.31555860654951556,0.010695063954367943,0.3006814340612446,0.33607985386332945,0.8112006973173994,0.02367957387226302,0.7753161458627883,0.8547493355067353,-0.059991438878720216,-0.1554442391910733,-0.08355214895393825,-0.20679636618801234
sbm,0,0,25,1,24.7204,0.5986310901118105,0.19756037430806836,123602,100,random,0.2,0.2,ok,10,0.3755500454282358,0.007047514241184712,0.3604688469931305,0.38423358301518284,0.9666449365084727,0.01395898424730526,0.9370525008753416,0.9821125120508006,0.09649631537529016,0.0007141339458178318,0.09498546987121483,0.0974997226704208,0.1504878501260495,0.0031561477190811954,0.14498798059180806,0.15413125435842245,-0.27905373005294565,-0.8161570863824232,-0.28924811314396803,-0.8371245314589926
sbm,0,0,25,1,24.7204,0.5986310901118105,0.19756037430806836,123602,100,random,0.15,0.15,ok,10,0.3755500454282358,0.007047514241184712,0.3604688469931305,0.38423358301518284,0.9666449365084727,0.01395898424730526,0.9370525008753416,0.9821125120508006,0.08826524053948011,0.00040952675981960096,0.08770855860968338,0.08898021918783007,0.12965175177242472,0.0026994787308547404,0.1264670428399251,0.13347082238045746,-0.2872848048887557,-0.836993184736048,-0.29652502440549944,-0.8556454692108755
sbm,0,0,25,2,24.7212,0.599242755206058,0.19883797125510866,123606,100,lspar,0.5,0.50388,ok,10,0.3753747512564964,0.006841075321028168,0.36398416403423683,0.38938378132545476,0.9660482835150825,0.014490780166948826,0.942974290638528,0.9952390075333954,0.38708687694141963,0.004970781208340962,0.37644541948147997,0.39037130523525,0.9884140679593699,0.011284111468124473,0.9643778337694482,0.9963934673523873,0.011712125684923247,0.022365784444287384,-0.012938361843974788,-0.03086117376394726
sbm,0,0,25,2,24.7212,0.599242755206058,0.19883797125510866,123606,100,lspar,0.2,0.20103,ok,10,0.3753747512564964,0.006841075321028168,0.36398416403423683,0.38938378132545476,0.9660482835150825,0.014490780166948826,0.942974290638528,0.9952390075333954,0.3768787416529692,0.0038848455905238373,0.37065180022114647,0.3797063656872168,0.9510010119763918,0.007694704498367048,0.9383182387622766,0.9566741789373826,0.0015039903964728096,-0.015047271538690787,-0.018731981104308293,-0.056920768771118846
sbm,0,0,25,2,24.7212,0.599242755206058,0.19883797125510866,123606,100,lspar,0.15,0.15428,ok,10,0.3753747512564964,0.006841075321028168,0.36398416403423683,0.38938378132545476,0.9660482835150825,0.014490780166948826,0.942974290638528,0.9952390075333954,0.3634603733098557,0.004457418047046186,0.3563707996224806,0.37086935762857726,0.919659477909119,0.008612090020797216,0.9054787234996706,0.934145687184646,-0.011914377946640686,-0.04638880560596359,-0.033012981702974176,-0.08976028403372482
sbm,0,0,25,2,24.7212,0.599242755206058,0.19883797125510866,123606,100,dspar,0.5,0.50073,ok,10,0.3753747512564964,0.006841075321028168,0.36398416403423683,0.38938378132545476,0.9660482835150825,0.014490780166948826,0.942974290638528,0.9952390075333954,0.31936759571176515,0.011047961160541322,0.2961857692305534,0.3338432905246291,0.8291525025175115,0.026455431045773893,0.7786894119893271,0.8659895818563348,-0.056007155544731235,-0.13689578099757105,-0.09319801209490136,-0.21654959554406839
sbm,0,0,25,2,24.7212,0.599242755206058,0.19883797125510866,123606,100,dspar,0.2,0.20068,ok,10,0.3753747512564964,0.006841075321028168,0.36398416403423683,0.38938378132545476,0.9660482835150825,0.014490780166948826,0.942974290638528,0.9952390075333954,0.09688231450912727,0.0006747112029619093,0.09577252972686306,0.0978194823526587,0.15329760890496585,0.002489246262414123,0.14964004439229367,0.1584286766893458,-0.2784924367473691,-0.8127506746101167,-0.2936112515985917,-0.8455989631411018
sbm,0,0,25,2,24.7212,0.599242755206058,0.19883797125510866,123606,100,dspar,0.15,0.14943,ok,10,0.3753747512564964,0.006841075321028168,0.36398416403423683,0.38938378132545476,0.9660482835150825,0.014490780166948826,0.942974290638528,0.9952390075333954,0.08838398495785074,0.0004247081062073479,0.08754557551049182,0.08892165939385897,0.13297488421903797,0.0027952706541493374,0.12832615050180318,0.13619251552015113,-0.2869907662986456,-0.8330733992960446,-0.30183820581496296,-0.8669128570315923
sbm,0,0,25,2,24.7212,0.599242755206058,0.19883797125510866,123606,100,random,0.5,0.5,ok,10,0.3753747512564964,0.006841075321028168,0.36398416403423683,0.38938378132545476,0.9660482835150825,0.014490780166948826,0.942974290638528,0.9952390075333954,0.32352756377056835,0.010744731513546192,0.3107463815628237,0.34426867821234086,0.8304593750769664,0.023079632878275667,0.8052852223423003,0.8738695442030121,-0.05184718748592804,-0.1355889084381161,-0.07863739976263107,-0.18995378519109518
sbm,0,0,25,2,24.7212,0.599242755206058,0.19883797125510866,123606,100,random,0.2,0.2,ok,10,0.3753747512564964,0.006841075321028168,0.36398416403423683,0.38938378132545476,0.9660482835150825,0.014490780166948826,0.942974290638528,0.9952390075333954,0.09716296459459518,0.0007514306373647168,0.0957956217719459,0.09852389050692936,0.15825523845772627,0.00397016818325917,0.14996687290340965,0.16507188208578383,-0.2782117866619012,-0.8077930450573563,-0.29358815955350887,-0.8452721346299858
sbm,0,0,25,2,24.7212,0.599242755206058,0.19883797125510866,123606,100,random,0.15,0.15,ok,10,0.3753747512564964,0.006841075321028168,0.36398416403423683,0.38938378132545476,0.9660482835150825,0.014490780166948826,0.942974290638528,0.9952390075333954,0.08809847389284108,0.00016074642757030462,0.08788617153324221,0.08837860730590474,0.13321542133971528,0.001286896155266372,0.13075322834291225,0.1348598227440753,-0.2872762773636553,-0.8328328621753672,-0.3014976097922125,-0.8644857791904832
sbm,0,0,25,3,24.6098,0.5990621622280555,0.1975857182314385,123049,100,lspar,0.5,0.50398,ok,10,0.37959949171845103,0.008877395947898518,0.3572722374009997,0.39097300143529123,0.974750771849466,0.019380704878130813,0.9254618912972057,0.9987514453690504,0.3863988624012786,0.004191008659700305,0.38149556652589334,0.39059915083662183,0.9864191940040431,0.009583754396625555,0.9751296936504288,0.9962557046988894,0.0067993706828275435,0.011668422154577085,-0.009477434909397897,-0.023621751718621575
sbm,0,0,25,3,24.6098,0.5990621622280555,0.1975857182314385,123049,100,lspar,0.2,0.20114,ok,10,0.37959949171845103,0.008877395947898518,0.3572722374009997,0.39097300143529123,0.974750771849466,0.019380704878130813,0.9254618912972057,0.9987514453690504,0.3763490104642665,0.004118906444237063,0.36952805638650654,0.37978025216392514,0.9473899232773567,0.008073358395854536,0.9339562959662697,0.9552877234820247,-0.003250481254184534,-0.027360848572109298,-0.02144494504878469,-0.06479514940278064
sbm,0,0,25,3,24.6098,0.5990621622280555,0.1975857182314385,123049,100,lspar,0.15,0.15426,ok,10,0.37959949171845103,0.008877395947898518,0.3572722374009997,0.39097300143529123,0.974750771849466,0.019380704878130813,0.9254618912972057,0.9987514453690504,0.36472576102980997,0.00310688738826897,0.35817753404193275,0.3697509503121756,0.9171915119233617,0.0052074674049197,0.907043987275542,0.9264715282152028,-0.014873730688641063,-0.057559259926104334,-0.03279546739335848,-0.09170745809350833
sbm,0,0,25,3,24.6098,0.5990621622280555,0.1975857182314385,123049,100,dspar,0.5,0.5007,ok,10,0.37959949171845103,0.008877395947898518,0.3572722374009997,0.39097300143529123,0.974750771849466,0.019380704878130813,0.9254618912972057,0.9987514453690504,0.3174959710065213,0.011233150833539547,0.3008558281771636,0.34115133734386244,0.8191391597105534,0.026774432742612687,0.7797812719572532,0.8757647583151625,-0.062103520711929705,-0.15561161213891261,-0.09011717325812763,-0.21897017341179714
sbm,0,0,25,3,24.6098,0.5990621622280555,0.1975857182314385,123049,100,dspar,0.2,0.20074,ok,10,0.37959949171845103,0.008877395947898518,0.3572722374009997,0.39097300143529123,0.974750771849466,0.019380704878130813,0.9254618912972057,0.9987514453690504,0.09787310845114654,0.0003674130370270338,0.09739697696407781,0.09882971193484026,0.16053711023269365,0.0023100858421159255,0.15777606442944808,0.1646932205133576,-0.2817263832673045,-0.8142136616167723,-0.29357602447121345,-0.8409753809396023
sbm,0,0,25,3,24.6098,0.5990621622280555,0.1975857182314385,123049,100,dspar,0.15,0.15036,ok,10,0.37959949171845103,0.008877395947898518,0.3572722374009997,0.39097300143529123,0.974750771849466,0.019380704878130813,0.9254618912972057,0.9987514453690504,0.0890907516473493,0.000335887097645832,0.08868555809033994,0.08989717579482112,0.13505299516155972,0.002460004741751417,0.1317436839289489,0.14081262650833987,-0.2905087400711017,-0.8396977766879063,-0.3022874433449513,-0.8670077614401015
sbm,0,0,25,3,24.6098,0.5990621622280555,0.1975857182314385,123049,100,random,0.5,0.5,ok,10,0.37959949171845103,0.008877395947898518,0.3572722374009997,0.39097300143529123,0.974750771849466,0.019380704878130813,0.9254618912972057,0.9987514453690504,0.31875543409779816,0.012501692699411553,0.2911567829051112,0.33059661954428776,0.8152194675865518,0.02876721363726135,0.7485801274087299,0.8436987064108069,-0.06084405762065287,-0.15953130426291418,-0.09981621853018002,-0.25017131796032044
sbm,0,0,25,3,24.6098,0.5990621622280555,0.1975857182314385,123049,100,random,0.2,0.2,ok,10,0.37959949171845103,0.008877395947898518,0.3572722374009997,0.39097300143529123,0.974750771849466,0.019380704878130813,0.9254618912972057,0.9987514453690504,0.09835890230893271,0.00046137643111061503,0.09769922991650039,0.0988530140737833,0.16000021356432326,0.002448987165766228,0.15622780092081232,0.16257297559874384,-0.28124058940951835,-0.8147505582851428,-0.29327377151879086,-0.842523644448238
sbm,0,0,25,3,24.6098,0.5990621622280555,0.1975857182314385,123049,100,random,0.15,0.15,ok,10,0.37959949171845103,0.008877395947898518,0.3572722374009997,0.39097300143529123,0.974750771849466,0.019380704878130813,0.9254618912972057,0.9987514453690504,0.08866072294409645,0.00039360443711154713,0.08793815891948333,0.08921408643658345,0.13121362466782072,0.002266773963865555,0.12728031212349514,0.13468326896595317,-0.2909387687743546,-0.8435371471816453,-0.3030348425158079,-0.8714711332455553
sbm,0,0,50,1,49.4126,0.6121596515868423,0.13674217325284943,247063,100,lspar,0.5,0.50326,ok,10,0.3728640246582841,0.005830054683203747,0.3637456617598743,0.377837147710228,0.991758142522486,0.009670664043738238,0.9750992837172071,1.0,0.3765177369395015,0.0027645521528257082,0.3683435682114849,0.377837147710228,0.9974775112042916,0.0051174293216777736,0.9823787630717354,1.0,0.003653712281217414,0.00571936868180567,-0.009493579498743132,-0.01762123692826456
sbm,0,0,50,1,49.4126,0.6121596515868423,0.13674217325284943,247063,100,lspar,0.2,0.2045,ok,10,0.3728640246582841,0.005830054683203747,0.3637456617598743,0.377837147710228,0.991758142522486,0.009670664043738238,0.9750992837172071,1.0,0.3777999089174845,1.4591630308997278e-05,0.37779260949938975,0.37782909217311705,0.9997502396531377,5.550230366186959e-05,0.9997224885013066,0.9998612442604613,0.004935884259200385,0.007992097130651743,-4.453821083827414e-05,-0.00027751149869337244
sbm,0,0,50,1,49.4126,0.6121596515868423,0.13674217325284943,247063,100,lspar,0.15,0.15234,ok,10,0.3728640246582841,0.005830054683203747,0.3637456617598743,0.377837147710228,0.991758142522486,0.009670664043738238,0.9750992837172071,1.0,0.3778262523853996,1.8590774532645574e-06,0.3778250353335207,0.37782909217311705,0.9998612442604614,1.1102230246251565e-16,0.9998612442604613,0.9998612442604613,0.004962227727115465,0.00810310173797546,-1.2112376707340555e-05,-0.00013875573953869846
sbm,0,0,50,1,49.4126,0.6121596515868423,0.13674217325284943,247063,100,dspar,0.5,0.50126,ok,10,0.3728640246582841,0.005830054683203747,0.3637456617598743,0.377837147710228,0.991758142522486,0.009670664043738238,0.9750992837172071,1.0,0.35957698438232055,0.013835203850800512,0.3342644795632005,0.3775092623859063,0.9690205762724965,0.023642705595560674,0.9229279473325311,0.9988899535344495,-0.013287040275963558,-0.02273756624998946,-0.04357266814702754,-0.07707205266746886
sbm,0,0,50,1,49.4126,0.6121596515868423,0.13674217325284943,247063,100,dspar,0.2,0.1994,ok,10,0.3728640246582841,0.005830054683203747,0.3637456617598743,0.377837147710228,0.991758142522486,0.009670664043738238,0.9750992837172071,1.0,0.14788923298642218,0.00955727080881243,0.1347443282420005,0.16719956656352888,0.4801800958190213,0.02263877593051829,0.44835044214161107,0.5271720501321976,-0.22497479167186193,-0.5115780467034646,-0.24309281946822753,-0.5516495578583889
sbm,0,0,50,1,49.4126,0.6121596515868423,0.13674217325284943,247063,100,dspar,0.15,0.14901,ok,10,0.3728640246582841,0.005830054683203747,0.3637456617598743,0.377837147710228,0.991758142522486,0.009670664043738238,0.9750992837172071,1.0,0.06450413714659817,0.0008571035383109467,0.06305007219275001,0.0661139789840791,0.2048425750375295,0.003493109350495535,0.19773297884295196,0.20916384291179743,-0.30835988751168597,-0.7869155674849564,-0.31478707551747803,-0.8022670211570481
sbm,0,0,50,1,49.4126,0.6121596515868423,0.13674217325284943,247063,100,random,0.5,0.5,ok,10,0.3728640246582841,0.005830054683203747,0.3637456617598743,0.377837147710228,0.991758142522486,0.009670664043738238,0.9750992837172071,1.0,0.35849280478079726,0.007990976151329897,0.3483755025063291,0.3693687005405331,0.9658882126472463,0.014433171337754513,0.9461168365649285,0.9847130873106243,-0.014371219877486852,-0.025869929875239617,-0.029461645203898934,-0.05388316343507149
sbm,0,0,50,1,49.4126,0.6121596515868423,0.13674217325284943,247063,100,random,0.2,0.2,ok,10,0.3728640246582841,0.005830054683203747,0.3637456617598743,0.377837147710228,0.991758142522486,0.009670664043738238,0.9750992837172071,1.0,0.174823815615478,0.019806968465358895,0.1363285277167708,0.1996315176706644,0.5506767155856832,0.04955482920453103,0.44624964120811467,0.6096165484480954,-0.19804020904280611,-0.44108142693680275,-0.24150861999345724,-0.5537503587918853
sbm,0,0,50,1,49.4126,0.6121596515868423,0.13674217325284943,247063,100,random,0.15,0.15,ok,10,0.3728640246582841,0.005830054683203747,0.3637456617598743,0.377837147710228,0.991758142522486,0.009670664043738238,0.9750992837172071,1.0,0.07165706371283331,0.002274417952911255,0.0659528197737426,0.07380852662047371,0.23445454137070562,0.00830877825154422,0.21739462178809393,0.2453782973754373,-0.3012069609454508,-0.7573036011517803,-0.31188432793648546,-0.782605378211906
sbm,0,0,50,2,49.4388,0.6138174874794695,0.13565001929402995,247194,100,lspar,0.5,0.49632,ok,10,0.3704446346414497,0.005872532765716367,0.3614601372399764,0.3761804216211892,0.9894087798039941,0.010812893276738941,0.9740596735554671,1.0,0.374355179221305,0.00378620805261081,0.36407829589869517,0.3761804216211892,0.9966135445433333,0.0072055650684865824,0.9765186594376322,1.0,0.003910544579855291,0.007204764739339176,-0.012102125722494028,-0.023481340562367836
sbm,0,0,50,2,49.4388,0.6138174874794695,0.13565001929402995,247194,100,lspar,0.2,0.19681,ok,10,0.3704446346414497,0.005872532765716367,0.3614601372399764,0.3761804216211892,0.9894087798039941,0.010812893276738941,0.9740596735554671,1.0,0.3761804216211892,0.0,0.3761804216211892,0.3761804216211892,1.0,0.0,1.0,1.0,0.005735786979739477,0.01059122019600589,0.0,0.0
sbm,0,0,50,2,49.4388,0.6138174874794695,0.13565001929402995,247194,100,lspar,0.15,0.15343,ok,10,0.3704446346414497,0.005872532765716367,0.3614601372399764,0.3761804216211892,0.9894087798039941,0.010812893276738941,0.9740596735554671,1.0,0.3761557332958523,1.2288217867251206e-06,0.3761520468304921,0.3761561429031145,0.9998612442604614,1.1102230246251565e-16,0.9998612442604613,0.9998612442604613,0.005711098654402558,0.010452464456467303,-2.837479069711657e-05,-0.00013875573953869846
sbm,0,0,50,2,49.4388,0.6138174874794695,0.13565001929402995,247194,100,dspar,0.5,0.49969,ok,10,0.3704446346414497,0.005872532765716367,0.3614601372399764,0.3761804216211892,0.9894087798039941,0.010812893276738941,0.9740596735554671,1.0,0.35539135279310846,0.005279433159578058,0.3491011368352189,0.3611378939911435,0.9656076522701443,0.00828650966834119,0.9556217090003395,0.9745020201873702,-0.01505328184834126,-0.023801127533849775,-0.027079284785970326,-0.04437829099966051
sbm,0,0,50,2,49.4388,0.6138174874794695,0.13565001929402995,247194,100,dspar,0.2,0.19929,ok,10,0.3704446346414497,0.005872532765716367,0.3614601372399764,0.3761804216211892,0.9894087798039941,0.010812893276738941,0.9740596735554671,1.0,0.15966750798911683,0.011771626223151579,0.13398389423518248,0.17893600465705414,0.5110356006674417,0.03021882514334048,0.4460453354114574,0.5598253788556612,-0.2107771266523329,-0.4783731791365524,-0.24219652738600672,-0.5539546645885426
sbm,0,0,50,2,49.4388,0.6138174874794695,0.13565001929402995,247194,100,dspar,0.15,0.1492,ok,10,0.3704446346414497,0.005872532765716367,0.3614601372399764,0.3761804216211892,0.9894087798039941,0.010812893276738941,0.9740596735554671,1.0,0.06939527390498969,0.002237120666443361,0.06589996528734507,0.07476683769473336,0.22432849445761383,0.008383033237265374,0.2129637956512631,0.24410588849918485,-0.30104936073646005,-0.7650802853463803,-0.31028045633384416,-0.7870362043487369
sbm,0,0,50,2,49.4388,0.6138174874794695,0.13565001929402995,247194,100,random,0.5,0.5,ok,10,0.3704446346414497,0.005872532765716367,0.3614601372399764,0.3761804216211892,0.9894087798039941,0.010812893276738941,0.9740596735554671,1.0,0.36181522980148406,0.011203465021852875,0.3434080199150808,0.37558134738501525,0.975313004045226,0.018493677225637817,0.9439152199584044,0.997918912834477,-0.00862940483996566,-0.014095775758768081,-0.0327724017061084,-0.05608478004159556
sbm,0,0,50,2,49.4388,0.6138174874794695,0.13565001929402995,247194,100,random,0.2,0.2,ok,10,0.3704446346414497,0.005872532765716367,0.3614601372399764,0.3761804216211892,0.9894087798039941,0.010812893276738941,0.9740596735554671,1.0,0.14889675061188115,0.009881458277961636,0.1329702579928595,0.16723846957568086,0.47939658833416854,0.0247171634203487,0.44394517132563843,0.5252152319083164,-0.22154788402956857,-0.5100121914698256,-0.2432101636283297,-0.5560548286743616
sbm,0,0,50,2,49.4388,0.6138174874794695,0.13565001929402995,247194,100,random,0.15,0.15,ok,10,0.3704446346414497,0.005872532765716367,0.3614601372399764,0.3761804216211892,0.9894087798039941,0.010812893276738941,0.9740596735554671,1.0,0.06518136251334089,0.0017471483722140747,0.0625001524469236,0.06794671148053762,0.2046158864306352,0.008892887453607574,0.196634496346283,0.2206853985116207,-0.30526327212810883,-0.7847928933733589,-0.3136802691742656,-0.8033655036537171
sbm,0,0,50,3,49.5678,0.6143706196361347,0.13778117508894158,247839,100,lspar,0.5,0.49524,ok,10,0.3662089358436672,0.00626725692481193,0.3581256744338902,0.3756271595965324,0.983166353547721,0.011091103922535258,0.9679945981790662,1.0,0.3736785751980141,0.003909969207299945,0.36479107106890496,0.3756271595965324,0.9960148406149477,0.007859043546715638,0.9788899769980349,1.0,0.007469639354346913,0.012848487067226744,-0.010836088527627463,-0.021110023001965073
sbm,0,0,50,3,49.5678,0.6143706196361347,0.13778117508894158,247839,100,lspar,0.2,0.19627,ok,10,0.3662089358436672,0.00626725692481193,0.3581256744338902,0.3756271595965324,0.983166353547721,0.011091103922535258,0.9679945981790662,1.0,0.3756110146424977,8.072477017376234e-06,0.37560697840398893,0.3756271595965324,0.9998889954083691,5.550229581547938e-05,0.9998612442604613,1.0,0.009402078798830482,0.01672264186064809,-2.0181192543489157e-05,-0.00013875573953869846
sbm,0,0,50,3,49.5678,0.6143706196361347,0.13778117508894158,247839,100,lspar,0.15,0.15293,ok,10,0.3662089358436672,0.00626725692481193,0.3581256744338902,0.3756271595965324,0.983166353547721,0.011091103922535258,0.9679945981790662,1.0,0.3755532773608289,8.46963826570309e-06,0.3755504541480736,0.37557868627562596,0.9995976083004134,4.162673363107642e-05,0.9995837327225362,0.9997224885013066,0.00934434151716168,0.01643125475269247,-7.670544845883587e-05,-0.0004162672774637999
sbm,0,0,50,3,49.5678,0.6143706196361347,0.13778117508894158,247839,100,dspar,0.5,0.50085,ok,10,0.3662089358436672,0.00626725692481193,0.3581256744338902,0.3756271595965324,0.983166353547721,0.011091103922535258,0.9679945981790662,1.0,0.35627300408122037,0.007284733279696547,0.3429860025393246,0.36523093024868303,0.9669093911374415,0.01323541576429574,0.9429356287653331,0.981738061526483,-0.009935931762446837,-0.01625696241027952,-0.032641157057207826,-0.0570643712346669
sbm,0,0,50,3,49.5678,0.6143706196361347,0.13778117508894158,247839,100,dspar,0.2,0.19996,ok,10,0.3662089358436672,0.00626725692481193,0.3581256744338902,0.3756271595965324,0.983166353547721,0.011091103922535258,0.9679945981790662,1.0,0.15287546472385644,0.013825196724907108,0.12425840710287843,0.18022695733190916,0.49452018177264323,0.0382651512608481,0.4046022932664077,0.5630153579540993,-0.21333347111981077,-0.48864617177507774,-0.251368752493654,-0.5953977067335923
sbm,0,0,50,3,49.5678,0.6143706196361347,0.13778117508894158,247839,100,dspar,0.15,0.14964,ok,10,0.3662089358436672,0.00626725692481193,0.3581256744338902,0.3756271595965324,0.983166353547721,0.011091103922535258,0.9679945981790662,1.0,0.0671983129720543,0.001827938196443096,0.06469470379674452,0.07063750413852342,0.21499673431282434,0.0075806280159531865,0.20061651841904363,0.22685994139587193,-0.2990106228716129,-0.7681696192348966,-0.3109324557997879,-0.7993834815809564
sbm,0,0,50,3,49.5678,0.6143706196361347,0.13778117508894158,247839,100,random,0.5,0.5,ok,10,0.3662089358436672,0.00626725692481193,0.3581256744338902,0.3756271595965324,0.983166353547721,0.011091103922535258,0.9679945981790662,1.0,0.3513669658386592,0.007174727058819781,0.3414882513345735,0.36363020143742764,0.9570678268131214,0.013527205402949511,0.9372121573119108,0.9805547400139695,-0.014841970005008032,-0.02609852673459956,-0.03413890826195892,-0.06278784268808923
sbm,0,0,50,3,49.5678,0.6143706196361347,0.13778117508894158,247839,100,random,0.2,0.2,ok,10,0.3662089358436672,0.00626725692481193,0.3581256744338902,0.3756271595965324,0.983166353547721,0.011091103922535258,0.9679945981790662,1.0,0.15397661993257955,0.00944033494072069,0.1352983265087435,0.16581683032264888,0.494803022480052,0.0231969207376619,0.4480308046094591,0.5226392414046946,-0.21223231591108765,-0.488363331067669,-0.24032883308778893,-0.5519691953905409
sbm,0,0,50,3,49.5678,0.6143706196361347,0.13778117508894158,247839,100,random,0.15,0.15,ok,10,0.3662089358436672,0.00626725692481193,0.3581256744338902,0.3756271595965324,0.983166353547721,0.011091103922535258,0.9679945981790662,1.0,0.0661270952366803,0.0014930128982340966,0.06366435591281876,0.06817972008227707,0.2128102304428499,0.005104601365471359,0.20640774640608467,0.22086286766298138,-0.3000818406069869,-0.770356123104871,-0.31196280368371365,-0.7935922535939153
sbm,0,0,100,1,101.843,0.6421570456486946,0.09157130871378914,509215,100,lspar,0.5,0.50217,ok,10,0.3418548763765609,0.005995956114342486,0.3341698212633115,0.3478420657615467,0.988894927624165,0.01121116974256181,0.9746904292678671,1.0,0.3454315134657734,0.002878752630927223,0.337042811427927,0.3478420657615467,0.9956020681433204,0.005218353987507149,0.9803899929434882,1.0,0.0035766370892124644,0.006707140519155441,-0.010799254333619668,-0.019610007056511836
sbm,0,0,100,1,101.843,0.6421570456486946,0.09157130871378914,509215,100,lspar,0.2,0.20258,ok,10,0.3418548763765609,0.005995956114342486,0.3341698212633115,0.3478420657615467,0.988894927624165,0.01121116974256181,0.9746904292678671,1.0,0.34784206576154675,5.551115123125783e-17,0.3478420657615467,0.3478420657615467,1.0,0.0,1.0,1.0,0.005987189384985825,0.011105072375835023,0.0,0.0
sbm,0,0,100,1,101.843,0.6421570456486946,0.09157130871378914,509215,100,lspar,0.15,0.15118,ok,10,0.3418548763765609,0.005995956114342486,0.3341698212633115,0.3478420657615467,0.988894927624165,0.01121116974256181,0.9746904292678671,1.0,0.34784206576154675,5.551115123125783e-17,0.3478420657615467,0.3478420657615467,1.0,0.0,1.0,1.0,0.005987189384985825,0.011105072375835023,0.0,0.0
sbm,0,0,100,1,101.843,0.6421570456486946,0.09157130871378914,509215,100,dspar,0.5,0.50026,ok,10,0.3418548763765609,0.005995956114342486,0.3341698212633115,0.3478420657615467,0.988894927624165,0.01121116974256181,0.9746904292678671,1.0,0.3410190761996649,0.0060430975954569675,0.3321952038956928,0.3478420657615467,0.9881603349400823,0.010520281875030237,0.9751814131201235,1.0,-0.000835800176896051,-0.0007345926840827133,-0.0156468618658539,-0.02481858687987648
sbm,0,0,100,1,101.843,0.6421570456486946,0.09157130871378914,509215,100,dspar,0.2,0.19957,ok,10,0.3418548763765609,0.005995956114342486,0.3341698212633115,0.3478420657615467,0.988894927624165,0.01121116974256181,0.9746904292678671,1.0,0.30152037961075884,0.013641931973156225,0.2815887698596189,0.33046146794797293,0.9168369101490214,0.02356981619552149,0.8816157264864488,0.9662650323375673,-0.040334496765802086,-0.07205801747514362,-0.0662532959019278,-0.11838427351355119
sbm,0,0,100,1,101.843,0.6421570456486946,0.09157130871378914,509215,100,dspar,0.15,0.14932,ok,10,0.3418548763765609,0.005995956114342486,0.3341698212633115,0.3478420657615467,0.988894927624165,0.01121116974256181,0.9746904292678671,1.0,0.2572513789228086,0.010572712691278225,0.23182439228148274,0.27555016116743036,0.8237930759081618,0.021561772246998564,0.7690704150801118,0.8572169124980578,-0.08460349745375234,-0.16510185171600322,-0.11601767348006395,-0.23092958491988824
sbm,0,0,100,1,101.843,0.6421570456486946,0.09157130871378914,509215,100,random,0.5,0.5,ok,10,0.3418548763765609,0.005995956114342486,0.3341698212633115,0.3478420657615467,0.988894927624165,0.01121116974256181,0.9746904292678671,1.0,0.3418347431253591,0.005110020220548983,0.3355896665600631,0.3478420657615467,0.989303031684962,0.009151609457421871,0.9765580815807349,1.0,-2.013325120181486e-05,0.0004081040607970543,-0.012252399201483577,-0.02344191841926513
sbm,0,0,100,1,101.843,0.6421570456486946,0.09157130871378914,509215,100,random,0.2,0.2,ok,10,0.3418548763765609,0.005995956114342486,0.3341698212633115,0.3478420657615467,0.988894927624165,0.01121116974256181,0.9746904292678671,1.0,0.29810537637168477,0.013239878672121418,0.28641508773399116,0.3307975657387813,0.9107311853841473,0.022564018782174042,0.8892693930517473,0.9674706515572795,-0.04374950000487615,-0.07816374224001765,-0.061426978027555534,-0.11073060694825265
sbm,0,0,100,1,101.843,0.6421570456486946,0.09157130871378914,509215,100,random,0.15,0.15,ok,10,0.3418548763765609,0.005995956114342486,0.3341698212633115,0.3478420657615467,0.988894927624165,0.01121116974256181,0.9746904292678671,1.0,0.25566438466846825,0.011602817239711932,0.23949985038411087,0.2716407001145377,0.8189871409829242,0.023333932882941864,0.7823927440323797,0.8488875501568153,-0.08619049170809268,-0.16990778664124073,-0.10834221537743582,-0.21760725596762032
sbm,0,0,100,2,101.9478,0.6418441594619991,0.0925850156183693,509739,100,lspar,0.5,0.50155,ok,10,0.3440135140256027,0.005811112830642129,0.334531819332182,0.34815450680572313,0.9926742612294956,0.010195035333787668,0.9763254941058608,1.0,0.3449219107337563,0.004015702166391557,0.3369129616947886,0.3479091290750653,0.9935498500474905,0.00787406774374277,0.9779768729076225,0.9994799235671851,0.0009083967081535693,0.0008755888179948768,-0.011241545110934503,-0.022023127092377526
sbm,0,0,100,2,101.9478,0.6418441594619991,0.0925850156183693,509739,100,lspar,0.2,0.20214,ok,10,0.3440135140256027,0.005811112830642129,0.334531819332182,0.34815450680572313,0.9926742612294956,0.010195035333787668,0.9763254941058608,1.0,0.34815450680572313,0.0,0.34815450680572313,0.34815450680572313,1.0,0.0,1.0,1.0,0.004140992780120423,0.007325738770504353,0.0,0.0
sbm,0,0,100,2,101.9478,0.6418441594619991,0.0925850156183693,509739,100,lspar,0.15,0.15045,ok,10,0.3440135140256027,0.005811112830642129,0.334531819332182,0.34815450680572313,0.9926742612294956,0.010195035333787668,0.9763254941058608,1.0,0.34815450680572313,0.0,0.34815450680572313,0.34815450680572313,1.0,0.0,1.0,1.0,0.004140992780120423,0.007325738770504353,0.0,0.0
sbm,0,0,100,2,101.9478,0.6418441594619991,0.0925850156183693,509739,100,dspar,0.5,0.49975,ok,10,0.3440135140256027,0.005811112830642129,0.334531819332182,0.34815450680572313,0.9926742612294956,0.010195035333787668,0.9763254941058608,1.0,0.3407605571071246,0.006155756455836649,0.3317066347447674,0.34815450680572313,0.9874336304266098,0.010731652885070657,0.973140249692522,1.0,-0.0032529569184781004,-0.005240630802885837,-0.016447872060955715,-0.026859750307478003
sbm,0,0,100,2,101.9478,0.6418441594619991,0.0925850156183693,509739,100,dspar,0.2,0.19943,ok,10,0.3440135140256027,0.005811112830642129,0.334531819332182,0.34815450680572313,0.9926742612294956,0.010195035333787668,0.9763254941058608,1.0,0.29536793574527087,0.0077935318094218674,0.2872239821839757,0.3149697466739926,0.9035039904647032,0.014772233836733888,0.8881448528911671,0.939495648052852,-0.048645578280331836,-0.08917027076479245,-0.06093052462174742,-0.11185514710883293
sbm,0,0,100,2,101.9478,0.6418441594619991,0.0925850156183693,509739,100,dspar,0.15,0.14947,ok,10,0.3440135140256027,0.005811112830642129,0.334531819332182,0.34815450680572313,0.9926742612294956,0.010195035333787668,0.9763254941058608,1.0,0.25528402104240333,0.009289105549882035,0.2395888175874213,0.26883854719332223,0.8181117346834466,0.01899650635102752,0.7842944721140985,0.8450769327080261,-0.08872949298319938,-0.1745625265460491,-0.10856568921830184,-0.21570552788590147
sbm,0,0,100,2,101.9478,0.6418441594619991,0.0925850156183693,509739,100,random,0.5,0.5,ok,10,0.3440135140256027,0.005811112830642129,0.334531819332182,0.34815450680572313,0.9926742612294956,0.010195035333787668,0.9763254941058608,1.0,0.3426309207058797,0.007681577343075357,0.3242411723828482,0.34815450680572313,0.9909659241068642,0.01292045977849561,0.9592005311371525,1.0,-0.0013825933197230134,-0.0017083371226314092,-0.02391333442287491,-0.040799468862847466
sbm,0,0,100,2,101.9478,0.6418441594619991,0.0925850156183693,509739,100,random,0.2,0.2,ok,10,0.3440135140256027,0.005811112830642129,0.334531819332182,0.34815450680572313,0.9926742612294956,0.010195035333787668,0.9763254941058608,1.0,0.29576265123765816,0.012996744799855934,0.27167968293579176,0.3130345857004079,0.9039188308614607,0.025283965956973655,0.8537662035143679,0.9378545043922039,-0.04825086278794455,-0.0887554303680349,-0.07647482386993137,-0.14623379648563206
sbm,0,0,100,2,101.9478,0.6418441594619991,0.0925850156183693,509739,100,random,0.15,0.15,ok,10,0.3440135140256027,0.005811112830642129,0.334531819332182,0.34815450680572313,0.9926742612294956,0.010195035333787668,0.9763254941058608,1.0,0.26467617119681097,0.009570726898855308,0.24738226254520448,0.2799351009058212,0.8359629497170828,0.01812782304959217,0.8010682627807252,0.8644305684916472,-0.07933734282879173,-0.1567113115124128,-0.10077224426051865,-0.19893173721927482
sbm,0,0,100,3,102.1424,0.641943012891806,0.09166392421857181,510712,100,lspar,0.5,0.50156,ok,10,0.3448048083642629,0.004650252694691407,0.3343690093877707,0.3480560589937931,0.9940295862142323,0.008458749841875042,0.9753966516112375,1.0,0.34411574272105033,0.0034118545853803733,0.3357392273339259,0.3480560589937931,0.992582512268233,0.006591046122087845,0.9758135118523301,1.0,-0.000689065643212583,-0.0014470739459992998,-0.012316831659867189,-0.024186488147669882
sbm,0,0,100,3,102.1424,0.641943012891806,0.09166392421857181,510712,100,lspar,0.2,0.20183,ok,10,0.3448048083642629,0.004650252694691407,0.3343690093877707,0.3480560589937931,0.9940295862142323,0.008458749841875042,0.9753966516112375,1.0,0.3480560589937931,0.0,0.3480560589937931,0.3480560589937931,1.0,0.0,1.0,1.0,0.003251250629530189,0.005970413785767681,0.0,0.0
sbm,0,0,100,3,102.1424,0.641943012891806,0.09166392421857181,510712,100,lspar,0.15,0.15011,ok,10,0.3448048083642629,0.004650252694691407,0.3343690093877707,0.3480560589937931,0.9940295862142323,0.008458749841875042,0.9753966516112375,1.0,0.3480560589937931,0.0,0.3480560589937931,0.3480560589937931,1.0,0.0,1.0,1.0,0.003251250629530189,0.005970413785767681,0.0,0.0
sbm,0,0,100,3,102.1424,0.641943012891806,0.09166392421857181,510712,100,dspar,0.5,0.49943,ok,10,0.3448048083642629,0.004650252694691407,0.3343690093877707,0.3480560589937931,0.9940295862142323,0.008458749841875042,0.9753966516112375,1.0,0.33971469998022874,0.005611167139023308,0.32884528270758734,0.3480560589937931,0.9866641216515436,0.00912868895060744,0.9690207136686602,1.0,-0.005090108384034175,-0.007365464562688717,-0.019210776286205766,-0.03097928633133984
sbm,0,0,100,3,102.1424,0.641943012891806,0.09166392421857181,510712,100,dspar,0.2,0.20008,ok,10,0.3448048083642629,0.004650252694691407,0.3343690093877707,0.3480560589937931,0.9940295862142323,0.008458749841875042,0.9753966516112375,1.0,0.29489181543932663,0.01084120647309352,0.28033860895101725,0.31525795306627225,0.9048991038294929,0.020277587400161744,0.8738259406033981,0.9417095172969983,-0.049912992924936284,-0.08913048238473942,-0.06771745004277585,-0.12617405939660187
sbm,0,0,100,3,102.1424,0.641943012891806,0.09166392421857181,510712,100,dspar,0.15,0.14996,ok,10,0.3448048083642629,0.004650252694691407,0.3343690093877707,0.3480560589937931,0.9940295862142323,0.008458749841875042,0.9753966516112375,1.0,0.262164113024732,0.011671368035682202,0.23705495442066404,0.28439816268508056,0.8316465176157172,0.02447280569828775,0.7796555645915589,0.8748394535358592,-0.08264069533953089,-0.16238306859851515,-0.11100110457312906,-0.22034443540844106
sbm,0,0,100,3,102.1424,0.641943012891806,0.09166392421857181,510712,100,random,0.5,0.5,ok,10,0.3448048083642629,0.004650252694691407,0.3343690093877707,0.3480560589937931,0.9940295862142323,0.008458749841875042,0.9753966516112375,1.0,0.3416043265822729,0.008256999606822458,0.3242202841553528,0.3480560589937931,0.9891842764907128,0.013615227959858006,0.9618593113908117,1.0,-0.0032004817819900055,-0.004845309723519486,-0.023835774838440293,-0.03814068860918829
sbm,0,0,100,3,102.1424,0.641943012891806,0.09166392421857181,510712,100,random,0.2,0.2,ok,10,0.3448048083642629,0.004650252694691407,0.3343690093877707,0.3480560589937931,0.9940295862142323,0.008458749841875042,0.9753966516112375,1.0,0.29849063665512593,0.01053392863054062,0.2748078835905938,0.30882254251629343,0.9104169297583781,0.020184241304420217,0.8629029085824836,0.9323127355882692,-0.046314171709136986,-0.08361265645585425,-0.07324817540319928,-0.13709709141751636
sbm,0,0,100,3,102.1424,0.641943012891806,0.09166392421857181,510712,100,random,0.15,0.15,ok,10,0.3448048083642629,0.004650252694691407,0.3343690093877707,0.3480560589937931,0.9940295862142323,0.008458749841875042,0.9753966516112375,1.0,0.2594769893527472,0.015141462125385904,0.2362414756076744,0.28246260590298233,0.8280933857048742,0.028439784285857802,0.7853979344951891,0.8708582285782941,-0.0853278190115157,-0.1659362005093581,-0.11181458338611872,-0.21460206550481087
sbm,0,0,200,1,221.049,0.6719912779519474,0.057385533261007655,1105245,100,lspar,0.5,0.49752,ok,10,0.31504027715697086,0.004967362415481803,0.30480842829211124,0.3180083910208454,0.9948512121716835,0.008669832570880248,0.9780396333880811,1.0,0.3136098622900684,0.004327306717684504,0.30433600884236034,0.3180083910208454,0.991427248735014,0.008678483162295775,0.9731985232399107,1.0,-0.0014304148669024852,-0.003423963436669508,-0.013672382178485043,-0.02680147676008926
sbm,0,0,200,1,221.049,0.6719912779519474,0.057385533261007655,1105245,100,lspar,0.2,0.19814,ok,10,0.31504027715697086,0.004967362415481803,0.30480842829211124,0.3180083910208454,0.9948512121716835,0.008669832570880248,0.9780396333880811,1.0,0.3180083910208454,0.0,0.3180083910208454,0.3180083910208454,1.0,0.0,1.0,1.0,0.002968113863874522,0.0051487878283165145,0.0,0.0
sbm,0,0,200,1,221.049,0.6719912779519474,0.057385533261007655,1105245,100,lspar,0.15,0.15092,ok,10,0.31504027715697086,0.004967362415481803,0.30480842829211124,0.3180083910208454,0.9948512121716835,0.008669832570880248,0.9780396333880811,1.0,0.3180083910208454,0.0,0.3180083910208454,0.3180083910208454,1.0,0.0,1.0,1.0,0.002968113863874522,0.0051487878283165145,0.0,0.0
sbm,0,0,200,1,221.049,0.6719912779519474,0.057385533261007655,1105245,100,dspar,0.5,0.50042,ok,10,0.31504027715697086,0.004967362415481803,0.30480842829211124,0.3180083910208454,0.9948512121716835,0.008669832570880248,0.9780396333880811,1.0,0.3129190853485143,0.00601093615316115,0.30466149920840857,0.3180083910208454,0.9901344566124882,0.011586774639054125,0.9742950959687899,1.0,-0.002121191808456546,-0.004716755559195263,-0.013346891812436812,-0.025704904031210063
sbm,0,0,200,1,221.049,0.6719912779519474,0.057385533261007655,1105245,100,dspar,0.2,0.19963,ok,10,0.31504027715697086,0.004967362415481803,0.30480842829211124,0.3180083910208454,0.9948512121716835,0.008669832570880248,0.9780396333880811,1.0,0.3028715304628629,0.010117322530416674,0.28762812595673504,0.3180083910208454,0.9733733244948904,0.01740970586894234,0.947797702410362,1.0,-0.012168746694107946,-0.02147788767679304,-0.030380265064110346,-0.052202297589638014
sbm,0,0,200,1,221.049,0.6719912779519474,0.057385533261007655,1105245,100,dspar,0.15,0.14947,ok,10,0.31504027715697086,0.004967362415481803,0.30480842829211124,0.3180083910208454,0.9948512121716835,0.008669832570880248,0.9780396333880811,1.0,0.29909792259716783,0.008538623530070006,0.28652113431207044,0.31077939109286024,0.9669768154787561,0.014148463514361626,0.9457638881317346,0.9866816545777684,-0.01594235455980303,-0.02787439669292735,-0.03148725670877495,-0.05423611186826538
sbm,0,0,200,1,221.049,0.6719912779519474,0.057385533261007655,1105245,100,random,0.5,0.5,ok,10,0.31504027715697086,0.004967362415481803,0.30480842829211124,0.3180083910208454,0.9948512121716835,0.008669832570880248,0.9780396333880811,1.0,0.30803890712012794,0.006506596002307216,0.2998646669418788,0.3180083910208454,0.9813703662001935,0.012205895105580289,0.9658502582378371,1.0,-0.007001370036842924,-0.013480845971490019,-0.018143724078966583,-0.0341497417621629
sbm,0,0,200,1,221.049,0.6719912779519474,0.057385533261007655,1105245,100,random,0.2,0.2,ok,10,0.31504027715697086,0.004967362415481803,0.30480842829211124,0.3180083910208454,0.9948512121716835,0.008669832570880248,0.9780396333880811,1.0,0.30507813925688165,0.009077008105125137,0.2947303231198044,0.3180083910208454,0.9778039195634314,0.015446458962987167,0.960984890452624,1.0,-0.009962137900089207,-0.017047292608252107,-0.023278067901040977,-0.03901510954737597
sbm,0,0,200,1,221.049,0.6719912779519474,0.057385533261007655,1105245,100,random,0.15,0.15,ok,10,0.31504027715697086,0.004967362415481803,0.30480842829211124,0.3180083910208454,0.9948512121716835,0.008669832570880248,0.9780396333880811,1.0,0.29436600234398264,0.008554256583766313,0.2824005753509401,0.3061272457660502,0.9590016071942078,0.014982752892791175,0.9366419250545475,0.980880231217954,-0.020674274812988225,-0.03584960497747569,-0.035607815669905285,-0.06335807494545254
sbm,0,0,200,2,220.9098,0.6722752906389848,0.05748273047343995,1104549,100,lspar,0.5,0.49764,ok,10,0.3127373339468331,0.006239126876484238,0.3033363536792107,0.3177243359594986,0.991788504309123,0.010407532315452377,0.973899641892375,1.0,0.3082198587041555,0.004259731932353118,0.30439234134627596,0.31683075433013774,0.9816351970069274,0.008206799906949542,0.9748674720757756,0.9986090445715263,-0.004517475242677593,-0.010153307302195658,-0.013331994613222653,-0.02513252792422438
sbm,0,0,200,2,220.9098,0.6722752906389848,0.05748273047343995,1104549,100,lspar,0.2,0.19783,ok,10,0.3127373339468331,0.006239126876484238,0.3033363536792107,0.3177243359594986,0.991788504309123,0.010407532315452377,0.973899641892375,1.0,0.3177243359594986,0.0,0.3177243359594986,0.3177243359594986,1.0,0.0,1.0,1.0,0.004987002012665498,0.00821149569087698,0.0,0.0
sbm,0,0,200,2,220.9098,0.6722752906389848,0.05748273047343995,1104549,100,lspar,0.15,0.15079,ok,10,0.3127373339468331,0.006239126876484238,0.3033363536792107,0.3177243359594986,0.991788504309123,0.010407532315452377,0.973899641892375,1.0,0.3177243359594986,0.0,0.3177243359594986,0.3177243359594986,1.0,0.0,1.0,1.0,0.004987002012665498,0.00821149569087698,0.0,0.0
sbm,0,0,200,2,220.9098,0.6722752906389848,0.05748273047343995,1104549,100,dspar,0.5,0.49976,ok,10,0.3127373339468331,0.006239126876484238,0.3033363536792107,0.3177243359594986,0.991788504309123,0.010407532315452377,0.973899641892375,1.0,0.31013012343141877,0.009253757393540804,0.29603628894902306,0.3177243359594986,0.9864532172404885,0.016868825863475732,0.95923920972733,1.0,-0.002607210515414349,-0.005335287068634509,-0.021688047010475553,-0.04076079027266999
sbm,0,0,200,2,220.9098,0.6722752906389848,0.05748273047343995,1104549,100,dspar,0.2,0.19987,ok,10,0.3127373339468331,0.006239126876484238,0.3033363536792107,0.3177243359594986,0.991788504309123,0.010407532315452377,0.973899641892375,1.0,0.3073151150497899,0.008302806574526478,0.2928917369760566,0.3177243359594986,0.981360224025204,0.014482098979964787,0.958508537948496,1.0,-0.005422218897043196,-0.010428280283919067,-0.024832598983442034,-0.041491462051504
sbm,0,0,200,2,220.9098,0.6722752906389848,0.05748273047343995,1104549,100,dspar,0.15,0.14964,ok,10,0.3127373339468331,0.006239126876484238,0.3033363536792107,0.3177243359594986,0.991788504309123,0.010407532315452377,0.973899641892375,1.0,0.29750027925618494,0.008798260710256692,0.28576265853236044,0.31741814433035176,0.9635053608579607,0.01544048232460985,0.9421674033161477,0.9993062211061493,-0.015237054690648177,-0.02828314345116234,-0.03196167742713818,-0.05783259668385232
sbm,0,0,200,2,220.9098,0.6722752906389848,0.05748273047343995,1104549,100,random,0.5,0.5,ok,10,0.3127373339468331,0.006239126876484238,0.3033363536792107,0.3177243359594986,0.991788504309123,0.010407532315452377,0.973899641892375,1.0,0.3111919418217736,0.006938653092265548,0.2987033031057413,0.3177243359594986,0.9880587596690272,0.013022232873596657,0.9632837095712228,1.0,-0.001545392125059497,-0.003729744640095789,-0.019021032853757336,-0.03671629042877722
sbm,0,0,200,2,220.9098,0.6722752906389848,0.05748273047343995,1104549,100,random,0.2,0.2,ok,10,0.3127373339468331,0.006239126876484238,0.3033363536792107,0.3177243359594986,0.991788504309123,0.010407532315452377,0.973899641892375,1.0,0.3070053961803997,0.007264692054822214,0.2927373791012045,0.3177243359594986,0.9807643192283806,0.012967586836647827,0.9553192825515051,1.0,-0.005731937766433437,-0.011024185080742432,-0.024986956858294107,-0.04468071744849489
sbm,0,0,200,2,220.9098,0.6722752906389848,0.05748273047343995,1104549,100,random,0.15,0.15,ok,10,0.3127373339468331,0.006239126876484238,0.3033363536792107,0.3177243359594986,0.991788504309123,0.010407532315452377,0.973899641892375,1.0,0.2929092337877829,0.006804372852053579,0.28417595233986515,0.30698568883989064,0.9564743535366362,0.012363994971629388,0.939675250354809,0.9819293013471692,-0.019828100159050233,-0.035314150772486785,-0.03354838361963347,-0.06032474964519097
sbm,0,0,200,3,221.0552,0.6724474248965869,0.05780302092863214,1105276,100,lspar,0.5,0.49754,ok,10,0.3064387799779974,0.00697000460397502,0.2931707297877482,0.3175522277507036,0.9804618605061555,0.012054258795558466,0.9587724542488512,1.0,0.3115000186271066,0.004705365066800056,0.3049988639576151,0.31588270511988226,0.9886330808520427,0.009413841661603695,0.9755828652322943,0.9973719005051235,0.005061238649109179,0.008171220345887242,-0.012553363793088468,-0.024417134767705684
sbm,0,0,200,3,221.0552,0.6724474248965869,0.05780302092863214,1105276,100,lspar,0.2,0.19832,ok,10,0.3064387799779974,0.00697000460397502,0.2931707297877482,0.3175522277507036,0.9804618605061555,0.012054258795558466,0.9587724542488512,1.0,0.3175522277507036,0.0,0.3175522277507036,0.3175522277507036,1.0,0.0,1.0,1.0,0.011113447772706175,0.01953813949384453,0.0,0.0
sbm,0,0,200,3,221.0552,0.6724474248965869,0.05780302092863214,1105276,100,lspar,0.15,0.15113,ok,10,0.3064387799779974,0.00697000460397502,0.2931707297877482,0.3175522277507036,0.9804618605061555,0.012054258795558466,0.9587724542488512,1.0,0.3175522277507036,0.0,0.3175522277507036,0.3175522277507036,1.0,0.0,1.0,1.0,0.011113447772706175,0.01953813949384453,0.0,0.0
sbm,0,0,200,3,221.0552,0.6724474248965869,0.05780302092863214,1105276,100,dspar,0.5,0.49959,ok,10,0.3064387799779974,0.00697000460397502,0.2931707297877482,0.3175522277507036,0.9804618605061555,0.012054258795558466,0.9587724542488512,1.0,0.3106540393801583,0.006529545152968956,0.29875284931081486,0.3175522277507036,0.9875459470363219,0.011634135747873383,0.9667868555533834,1.0,0.004215259402160887,0.007084086530166456,-0.018799378439888714,-0.033213144446616605
sbm,0,0,200,3,221.0552,0.6724474248965869,0.05780302092863214,1105276,100,dspar,0.2,0.19978,ok,10,0.3064387799779974,0.00697000460397502,0.2931707297877482,0.3175522277507036,0.9804618605061555,0.012054258795558466,0.9587724542488512,1.0,0.3047892607361805,0.007421929647484344,0.28999999419954425,0.31666984215224014,0.9783267482373759,0.013022486219575193,0.951731773421481,0.9986880930808141,-0.001649519241816888,-0.0021351122687796042,-0.027552233551159322,-0.048268226578519036
sbm,0,0,200,3,221.0552,0.6724474248965869,0.05780302092863214,1105276,100,dspar,0.15,0.1499,ok,10,0.3064387799779974,0.00697000460397502,0.2931707297877482,0.3175522277507036,0.9804618605061555,0.012054258795558466,0.9587724542488512,1.0,0.3002633481893718,0.01016358178477876,0.27381174516945433,0.31247867835832416,0.9696709214323145,0.01798049998000166,0.9220988312955986,0.9898119400614137,-0.006175431788625618,-0.010790939073840988,-0.04374048258124924,-0.07790116870440145
sbm,0,0,200,3,221.0552,0.6724474248965869,0.05780302092863214,1105276,100,random,0.5,0.5,ok,10,0.3064387799779974,0.00697000460397502,0.2931707297877482,0.3175522277507036,0.9804618605061555,0.012054258795558466,0.9587724542488512,1.0,0.31329173276318906,0.006990044589739722,0.29557691633688415,0.3175522277507036,0.9916196840974612,0.013438087498054248,0.9584381502525223,1.0,0.006852952785191657,0.011157823591305682,-0.02197531141381942,-0.041561849747477675
sbm,0,0,200,3,221.0552,0.6724474248965869,0.05780302092863214,1105276,100,random,0.2,0.2,ok,10,0.3064387799779974,0.00697000460397502,0.2931707297877482,0.3175522277507036,0.9804618605061555,0.012054258795558466,0.9587724542488512,1.0,0.30322361880371995,0.008207645447184799,0.2864325572249615,0.3175522277507036,0.9753479793658691,0.014622615109239323,0.9438733098543125,1.0,-0.0032151611742774477,-0.005113881140286325,-0.03111967052574205,-0.0561266901456875
sbm,0,0,200,3,221.0552,0.6724474248965869,0.05780302092863214,1105276,100,random,0.15,0.15,ok,10,0.3064387799779974,0.00697000460397502,0.2931707297877482,0.3175522277507036,0.9804618605061555,0.012054258795558466,0.9587724542488512,1.0,0.29581376981016516,0.009081224483578865,0.27362176069076194,0.3077848150049537,0.9610516058920504,0.01598190728824178,0.9213094005194274,0.9810015586227707,-0.010625010167832238,-0.01941025461410506,-0.043930467059941636,-0.07869059948057255
dcsbm,1,0,10,1,11.1128,0.5800518321215176,1.5414430459196407,55564,100,lspar,0.5,0.50245,ok,10,0.42003899313790516,0.002165539622645826,0.4153928785136947,0.42327692524333593,0.6855520154844885,0.006450620324594211,0.6704429883850506,0.6952199477121823,0.41299867563208653,0.0005968571186360392,0.4121920075124324,0.4138806320055722,0.6358417745558718,0.0033992561584967637,0.6314617485941374,0.6411686782384212,-0.007040317505818627,-0.049710240928616756,-0.011084917730903532,-0.06375819911804492
dcsbm,1,0,10,1,11.1128,0.5800518321215176,1.5414430459196407,55564,100,lspar,0.2,0.15935,ok,10,0.42003899313790516,0.002165539622645826,0.4153928785136947,0.42327692524333593,0.6855520154844885,0.006450620324594211,0.6704429883850506,0.6952199477121823,0.23035170852756176,0.0005348329944722123,0.22921241511208237,0.23107702178257458,0.3857510783933338,0.0020084520129900634,0.38302056841737386,0.38874183353135416,-0.1896872846103434,-0.29980093709115474,-0.19406451013125356,-0.31219937929480845
dcsbm,1,0,10,1,11.1128,0.5800518321215176,1.5414430459196407,55564,100,lspar,0.15,0.15935,floor,10,0.42003899313790516,0.002165539622645826,0.4153928785136947,0.42327692524333593,0.6855520154844885,0.006450620324594211,0.6704429883850506,0.6952199477121823,0.23035170852756176,0.0005348329944722123,0.22921241511208237,0.23107702178257458,0.3857510783933338,0.0020084520129900634,0.38302056841737386,0.38874183353135416,-0.1896872846103434,-0.29980093709115474,-0.19406451013125356,-0.31219937929480845
dcsbm,1,0,10,1,11.1128,0.5800518321215176,1.5414430459196407,55564,100,dspar,0.5,0.49825,ok,10,0.42003899313790516,0.002165539622645826,0.4153928785136947,0.42327692524333593,0.6855520154844885,0.006450620324594211,0.6704429883850506,0.6952199477121823,0.26904032296291147,0.003628282139196924,0.2636542487749045,0.2736146856739612,0.3302788036437986,0.008123927406924634,0.3183083319551289,0.3413856300794565,-0.1509986701749937,-0.35527321184068994,-0.15962267646843142,-0.3769116157570534
dcsbm,1,0,10,1,11.1128,0.5800518321215176,1.5414430459196407,55564,100,dspar,0.2,0.20121,ok,10,0.42003899313790516,0.002165539622645826,0.4153928785136947,0.42327692524333593,0.6855520154844885,0.006450620324594211,0.6704429883850506,0.6952199477121823,0.16439604443928424,0.0009941801845616144,0.16330536135514098,0.16679128270451207,0.15006734155451862,0.0022769905961771294,0.14595032858804613,0.1534514273312925,-0.2556429486986209,-0.5354846739299699,-0.259971563888195,-0.5492696191241362
dcsbm,1,0,10,1,11.1128,0.5800518321215176,1.5414430459196407,55564,100,dspar,0.15,0.14889,ok,10,0.42003899313790516,0.002165539622645826,0.4153928785136947,0.42327692524333593,0.6855520154844885,0.006450620324594211,0.6704429883850506,0.6952199477121823,0.1385268324895992,0.0006258880011818774,0.13745246851986812,0.1391946353928878,0.14568082630820056,0.0023357253598049227,0.14084613452914804,0.14828162558359567,-0.281512160648306,-0.539871189176288,-0.2858244567234678,-0.5543738131830342
dcsbm,1,0,10,1,11.1128,0.5800518321215176,1.5414430459196407,55564,100,random,0.5,0.5,ok,10,0.42003899313790516,0.002165539622645826,0.4153928785136947,0.42327692524333593,0.6855520154844885,0.006450620324594211,0.6704429883850506,0.6952199477121823,0.317449912651791,0.004681932316175603,0.30794902338403707,0.3240377584628589,0.4018862288743664,0.006155291220310952,0.3915874436830022,0.4123486259939646,-0.10258908048611415,-0.2836657866101221,-0.11532790185929886,-0.30363250402918013
dcsbm,1,0,10,1,11.1128,0.5800518321215176,1.5414430459196407,55564,100,random,0.2,0.2,ok,10,0.42003899313790516,0.002165539622645826,0.4153928785136947,0.42327692524333593,0.6855520154844885,0.006450620324594211,0.6704429883850506,0.6952199477121823,0.1434642775724193,0.001882403241092461,0.14020027222005796,0.14563255071788725,0.16080601389762378,0.0038568599150576345,0.15459996159570785,0.1663242673839539,-0.27657471556548585,-0.5247460015868648,-0.283076653023278,-0.5406199861164744
dcsbm,1,0,10,1,11.1128,0.5800518321215176,1.5414430459196407,55564,100,random,0.15,0.15001,ok,10,0.42003899313790516,0.002165539622645826,0.4153928785136947,0.42327692524333593,0.6855520154844885,0.006450620324594211,0.6704429883850506,0.6952199477121823,0.11817847744086245,0.0015525198923407682,0.11539557104230383,0.12037313001737394,0.14204706370608672,0.002340398666211459,0.13757373050154126,0.14606770906041855,-0.3018605156970427,-0.5435049517784019,-0.30788135420103213,-0.5576462172106411
dcsbm,1,0,10,2,11.0482,0.5772524031063884,1.5943029894425176,55241,100,lspar,0.5,0.50044,ok,10,0.42269336690574716,0.0009724623323589106,0.42087202084612413,0.42398152217400903,0.6833012097051072,0.004486928734179178,0.6748339329471875,0.6917977967151349,0.41670288449972814,0.0013236328136580972,0.4141110681318597,0.4188843183472792,0.6365508792787595,0.004206480993117493,0.6289793867045428,0.6414674583729879,-0.005990482406019015,-0.046750330426347686,-0.009870454042149313,-0.06281841001059207
dcsbm,1,0,10,2,11.0482,0.5772524031063884,1.5943029894425176,55241,100,lspar,0.2,0.15937,ok,10,0.42269336690574716,0.0009724623323589106,0.42087202084612413,0.42398152217400903,0.6833012097051072,0.004486928734179178,0.6748339329471875,0.6917977967151349,0.22202083170563877,0.0012939270651551606,0.22000700399906967,0.22377817154130858,0.368145224259644,0.0029051566319833414,0.3638383272154727,0.3724596465982425,-0.2006725352001084,-0.3151559854454632,-0.20397451817493936,-0.32795946949966215
dcsbm,1,0,10,2,11.0482,0.5772524031063884,1.5943029894425176,55241,100,lspar,0.15,0.15937,floor,10,0.42269336690574716,0.0009724623323589106,0.42087202084612413,0.42398152217400903,0.6833012097051072,0.004486928734179178,0.6748339329471875,0.6917977967151349,0.22202083170563877,0.0012939270651551606,0.22000700399906967,0.22377817154130858,0.368145224259644,0.0029051566319833414,0.3638383272154727,0.3724596465982425,-0.2006725352001084,-0.3151559854454632,-0.20397451817493936,-0.32795946949966215
dcsbm,1,0,10,2,11.0482,0.5772524031063884,1.5943029894425176,55241,100,dspar,0.5,0.50048,ok,10,0.42269336690574716,0.0009724623323589106,0.42087202084612413,0.42398152217400903,0.6833012097051072,0.004486928734179178,0.6748339329471875,0.6917977967151349,0.28049802420580494,0.0045631386014160875,0.27239104926920343,0.2878002642209444,0.35703623004826734,0.010349567207763252,0.3397160877554455,0.37125525394957776,-0.14219534269994222,-0.32626497965683987,-0.1515904729048056,-0.3520817089596894
dcsbm,1,0,10,2,11.0482,0.5772524031063884,1.5943029894425176,55241,100,dspar,0.2,0.20039,ok,10,0.42269336690574716,0.0009724623323589106,0.42087202084612413,0.42398152217400903,0.6833012097051072,0.004486928734179178,0.6748339329471875,0.6917977967151349,0.1646879721868476,0.0007490756004846757,0.1634510467276052,0.16566663583475866,0.1515141968044145,0.002357567916021855,0.1470675200454697,0.1554880905233159,-0.25800539471889955,-0.5317870129006927,-0.26053047544640384,-0.5447302766696651
dcsbm,1,0,10,2,11.0482,0.5772524031063884,1.5943029894425176,55241,100,dspar,0.15,0.15009,ok,10,0.42269336690574716,0.0009724623323589106,0.42087202084612413,0.42398152217400903,0.6833012097051072,0.004486928734179178,0.6748339329471875,0.6917977967151349,0.1390484997014884,0.0004114585444258426,0.1385420411008684,0.1400641459258991,0.1470644690147928,0.0025135499003199695,0.14394886097112272,0.15055101965313386,-0.28364486720425874,-0.5362367406903144,-0.28543948107314066,-0.5478489357440122
dcsbm,1,0,10,2,11.0482,0.5772524031063884,1.5943029894425176,55241,100,random,0.5,0.49999,ok,10,0.42269336690574716,0.0009724623323589106,0.42087202084612413,0.42398152217400903,0.6833012097051072,0.004486928734179178,0.6748339329471875,0.6917977967151349,0.32619233200060466,0.004594971833598455,0.3213325980191364,0.33343542581772073,0.4167297427261799,0.006224975682235025,0.40924277339873605,0.4262988057923378,-0.0965010349051425,-0.2665714669789273,-0.10264892415487264,-0.2825550233163988
dcsbm,1,0,10,2,11.0482,0.5772524031063884,1.5943029894425176,55241,100,random,0.2,0.2,ok,10,0.42269336690574716,0.0009724623323589106,0.42087202084612413,0.42398152217400903,0.6833012097051072,0.004486928734179178,0.6748339329471875,0.6917977967151349,0.14481365451141642,0.0018967421143615147,0.1415414872076058,0.14748473884695876,0.1670711118718597,0.003825883435991371,0.15871445288275443,0.17405128549149948,-0.27787971239433074,-0.5162300978332475,-0.28244003496640324,-0.5330833438323804
dcsbm,1,0,10,2,11.0482,0.5772524031063884,1.5943029894425176,55241,100,random,0.15,0.15,ok,10,0.42269336690574716,0.0009724623323589106,0.42087202084612413,0.42398152217400903,0.6833012097051072,0.004486928734179178,0.6748339329471875,0.6917977967151349,0.1181738112760133,0.0009307301914085761,0.11602543302392077,0.1197111245115295,0.14403504965975056,0.0015864006575247976,0.14231271298601997,0.14779974658943892,-0.3045195556297339,-0.5392661600453567,-0.30795608915008826,-0.5494850837291149
dcsbm,1,0,10,3,11.151,0.5793561115595014,1.5885094989698263,55755,100,lspar,0.5,0.50008,ok,10,0.42040543964520094,0.001262240082131992,0.4185655652784387,0.42290276422574363,0.6847848493933173,0.004560786898336006,0.6771895085400014,0.6921901281957448,0.41353143946886856,0.0009335086340839686,0.41220659076851957,0.4153809777700318,0.6412865040067788,0.0035087587396134485,0.635345427427711,0.6458947330355733,-0.006874000176332384,-0.04349834538653852,-0.010696173457224067,-0.05684470076803372
dcsbm,1,0,10,3,11.151,0.5793561115595014,1.5885094989698263,55755,100,lspar,0.2,0.15771,ok,10,0.42040543964520094,0.001262240082131992,0.4185655652784387,0.42290276422574363,0.6847848493933173,0.004560786898336006,0.6771895085400014,0.6921901281957448,0.2254029309355685,0.0013496438271596628,0.22338870235515523,0.2276812811819933,0.3851242280655843,0.0023411763453334844,0.38116383139967525,0.3893677099421932,-0.19500250870963243,-0.299660621327733,-0.1995140618705884,-0.3110262967960695
dcsbm,1,0,10,3,11.151,0.5793561115595014,1.5885094989698263,55755,100,lspar,0.15,0.15771,floor,10,0.42040543964520094,0.001262240082131992,0.4185655652784387,0.42290276422574363,0.6847848493933173,0.004560786898336006,0.6771895085400014,0.6921901281957448,0.2254029309355685,0.0013496438271596628,0.22338870235515523,0.2276812811819933,0.3851242280655843,0.0023411763453334844,0.38116383139967525,0.3893677099421932,-0.19500250870963243,-0.299660621327733,-0.1995140618705884,-0.3110262967960695
dcsbm,1,0,10,3,11.151,0.5793561115595014,1.5885094989698263,55755,100,dspar,0.5,0.4982,ok,10,0.42040543964520094,0.001262240082131992,0.4185655652784387,0.42290276422574363,0.6847848493933173,0.004560786898336006,0.6771895085400014,0.6921901281957448,0.2763115746833678,0.004527337223655063,0.26718346559579936,0.28383401876207115,0.34948492306292644,0.009102341718525081,0.3293078500259876,0.3675630893118475,-0.14409386496183313,-0.33529992633039085,-0.15571929862994427,-0.36288227816975716
dcsbm,1,0,10,3,11.151,0.5793561115595014,1.5885094989698263,55755,100,dspar,0.2,0.19957,ok,10,0.42040543964520094,0.001262240082131992,0.4185655652784387,0.42290276422574363,0.6847848493933173,0.004560786898336006,0.6771895085400014,0.6921901281957448,0.16402465777399086,0.0007494343682868365,0.16249040456464284,0.16540809840533646,0.15099470434406498,0.0025544139334878323,0.14730761241910434,0.15663999357540576,-0.25638078187121005,-0.5337901450492524,-0.26041235966110077,-0.5448825157766404
dcsbm,1,0,10,3,11.151,0.5793561115595014,1.5885094989698263,55755,100,dspar,0.15,0.14973,ok,10,0.42040543964520094,0.001262240082131992,0.4185655652784387,0.42290276422574363,0.6847848493933173,0.004560786898336006,0.6771895085400014,0.6921901281957448,0.138900932046206,0.0004974827668177516,0.13825922307760985,0.13962242506624792,0.14461677432050288,0.002286101927027308,0.1404947724982559,0.14764962495549952,-0.2815045075989949,-0.5401680750728144,-0.2846435411481338,-0.5516953556974888
dcsbm,1,0,10,3,11.151,0.5793561115595014,1.5885094989698263,55755,100,random,0.5,0.50001,ok,10,0.42040543964520094,0.001262240082131992,0.4185655652784387,0.42290276422574363,0.6847848493933173,0.004560786898336006,0.6771895085400014,0.6921901281957448,0.31678075074485823,0.0037111076618867186,0.3104581659188147,0.32310294356416264,0.40532676285716895,0.007472910643376627,0.39078405843684816,0.41624173850821283,-0.10362468890034271,-0.27945808653614834,-0.11244459830692893,-0.3014060697588966
dcsbm,1,0,10,3,11.151,0.5793561115595014,1.5885094989698263,55755,100,random,0.2,0.2,ok,10,0.42040543964520094,0.001262240082131992,0.4185655652784387,0.42290276422574363,0.6847848493933173,0.004560786898336006,0.6771895085400014,0.6921901281957448,0.1426685222327872,0.0012863265975839127,0.14081804240452322,0.1456099501900366,0.1611836802820078,0.0020610028935165257,0.15668121736788976,0.16406538899738823,-0.27773691741241374,-0.5236011691113095,-0.2820847218212204,-0.535508910827855
dcsbm,1,0,10,3,11.151,0.5793561115595014,1.5885094989698263,55755,100,random,0.15,0.15,ok,10,0.42040543964520094,0.001262240082131992,0.4185655652784387,0.42290276422574363,0.6847848493933173,0.004560786898336006,0.6771895085400014,0.6921901281957448,0.11686613110587558,0.0008113354891276456,0.11565650259876965,0.11849387398191259,0.1411795581521152,0.0022057428888961634,0.13754668397844524,0.14493789345350747,-0.30353930853932537,-0.5436052912412022,-0.307246261626974,-0.5546434442172995
dcsbm,1,0,25,1,24.6432,0.6000681729645501,1.4506733488728378,123216,100,lspar,0.5,0.50243,ok,10,0.3739477140170169,0.003700673129076849,0.36890703645213757,0.37891906060861985,0.8840369388173592,0.015306551787491993,0.866227119960775,0.9070511182020341,0.3843330780567314,0.0015162259791647468,0.3812768846324172,0.386250556680169,0.9088301695961116,0.005837096103429854,0.8960761149560796,0.9141163469520088,0.010385364039714517,0.024793230778752395,0.0023578240237973613,-0.010975003245954462
dcsbm,1,0,25,1,24.6432,0.6000681729645501,1.4506733488728378,123216,100,lspar,0.2,0.19982,ok,10,0.3739477140170169,0.003700673129076849,0.36890703645213757,0.37891906060861985,0.8840369388173592,0.015306551787491993,0.866227119960775,0.9070511182020341,0.3859393678572537,0.0018451821724197023,0.3804300756266704,0.3868754710429431,0.9064128888230231,0.0045992357494100905,0.8933285446189493,0.9096262986519513,0.011991653840236816,0.022375950005663836,0.0015110150180505655,-0.013722573583084818
dcsbm,1,0,25,1,24.6432,0.6000681729645501,1.4506733488728378,123216,100,lspar,0.15,0.15061,ok,10,0.3739477140170169,0.003700673129076849,0.36890703645213757,0.37891906060861985,0.8840369388173592,0.015306551787491993,0.866227119960775,0.9070511182020341,0.382186061742373,0.0029402902900538073,0.3754306743073875,0.38405836404528126,0.8897416150630726,0.005987961133271843,0.8778092199959766,0.895373328682258,0.008238347725356143,0.005704676245713358,-0.003488386301232327,-0.029241898206057493
dcsbm,1,0,25,1,24.6432,0.6000681729645501,1.4506733488728378,123216,100,dspar,0.5,0.50061,ok,10,0.3739477140170169,0.003700673129076849,0.36890703645213757,0.37891906060861985,0.8840369388173592,0.015306551787491993,0.866227119960775,0.9070511182020341,0.3663977294728181,0.00526985359240615,0.35690808461315354,0.37355476109745456,0.8723064389199969,0.011936021618172782,0.8511480879495835,0.8895804508305363,-0.007549984544198751,-0.011730499897362301,-0.02201097599546631,-0.05590303025245058
dcsbm,1,0,25,1,24.6432,0.6000681729645501,1.4506733488728378,123216,100,dspar,0.2,0.19973,ok,10,0.3739477140170169,0.003700673129076849,0.36890703645213757,0.37891906060861985,0.8840369388173592,0.015306551787491993,0.866227119960775,0.9070511182020341,0.12087545861363666,0.002309188688389476,0.11755561340810675,0.12388859975654883,0.24666972145072347,0.006394507119787463,0.23755446862807958,0.25575235032668486,-0.2530722554033802,-0.6373672173666358,-0.2613634472005131,-0.6694966495739545
dcsbm,1,0,25,1,24.6432,0.6000681729645501,1.4506733488728378,123216,100,dspar,0.15,0.14962,ok,10,0.3739477140170169,0.003700673129076849,0.36890703645213757,0.37891906060861985,0.8840369388173592,0.015306551787491993,0.866227119960775,0.9070511182020341,0.09520647810338131,0.0011827752246334115,0.09329766250310614,0.09728673284116222,0.18021568846619454,0.002934598629378602,0.17580233177629154,0.18650257479011967,-0.27874123591363553,-0.7038212503511647,-0.2856213981055137,-0.7312487864257425
dcsbm,1,0,25,1,24.6432,0.6000681729645501,1.4506733488728378,123216,100,random,0.5,0.5,ok,10,0.3739477140170169,0.003700673129076849,0.36890703645213757,0.37891906060861985,0.8840369388173592,0.015306551787491993,0.866227119960775,0.9070511182020341,0.34838462163144196,0.003045420435086754,0.34380329434629603,0.35291541818478295,0.7266594083384952,0.00681293960229906,0.7151617765894113,0.73604646101072,-0.025563092385574915,-0.15737753047886405,-0.03511576626232382,-0.19188934161262283
dcsbm,1,0,25,1,24.6432,0.6000681729645501,1.4506733488728378,123216,100,random,0.2,0.2,ok,10,0.3739477140170169,0.003700673129076849,0.36890703645213757,0.37891906060861985,0.8840369388173592,0.015306551787491993,0.866227119960775,0.9070511182020341,0.141753388110469,0.0029770989873034066,0.13720971389293213,0.14687657259338405,0.2754246470714178,0.004747975418543484,0.2667679602092837,0.28415050119753454,-0.23219432590654787,-0.6086122917459414,-0.24170934671568772,-0.6402831579927504
dcsbm,1,0,25,1,24.6432,0.6000681729645501,1.4506733488728378,123216,100,random,0.15,0.15,ok,10,0.3739477140170169,0.003700673129076849,0.36890703645213757,0.37891906060861985,0.8840369388173592,0.015306551787491993,0.866227119960775,0.9070511182020341,0.10107723490558432,0.001637093755695063,0.09817393528136456,0.10448874845232266,0.20327821890376327,0.003100995513171006,0.19707441140981538,0.20775186172684595,-0.2728704791114326,-0.6807587199135959,-0.28074512532725526,-0.7099767067922187
dcsbm,1,0,25,2,24.636,0.601988959246631,1.5136320487189854,123180,100,lspar,0.5,0.50145,ok,10,0.37255243950556244,0.005072792385163471,0.3632008009009293,0.38151198478586634,0.8898943710064069,0.019022093044432357,0.8581051691110043,0.9247369080971792,0.3829678148754125,0.002583071521903853,0.3795397642046832,0.387388846815017,0.9111273242904956,0.011078788416324231,0.8978020268658745,0.9298254798468144,0.010415375369850044,0.021232953284088696,-0.001972220581183126,-0.02693488123130472
dcsbm,1,0,25,2,24.636,0.601988959246631,1.5136320487189854,123180,100,lspar,0.2,0.19676,ok,10,0.37255243950556244,0.005072792385163471,0.3632008009009293,0.38151198478586634,0.8898943710064069,0.019022093044432357,0.8581051691110043,0.9247369080971792,0.3836057226337737,0.0019279451282980039,0.37782991355928325,0.3843860984830179,0.9028072707169009,0.003710893945052432,0.8919135623175994,0.9054915012846171,0.011053283128211244,0.01291289971049403,-0.0036820712265830946,-0.03282334577957979
dcsbm,1,0,25,2,24.636,0.601988959246631,1.5136320487189854,123180,100,lspar,0.15,0.14965,ok,10,0.37255243950556244,0.005072792385163471,0.3632008009009293,0.38151198478586634,0.8898943710064069,0.019022093044432357,0.8581051691110043,0.9247369080971792,0.3791674422652761,0.0033327942578968914,0.3738057002635759,0.381959100077581,0.8836035963741443,0.007063601351823756,0.871519276496241,0.8897471994138337,0.006615002759713662,-0.006290774632262575,-0.007706284522290441,-0.05321763160093829
dcsbm,1,0,25,2,24.636,0.601988959246631,1.5136320487189854,123180,100,dspar,0.5,0.50027,ok,10,0.37255243950556244,0.005072792385163471,0.3632008009009293,0.38151198478586634,0.8898943710064069,0.019022093044432357,0.8581051691110043,0.9247369080971792,0.36453618264987403,0.005626320230572429,0.35648566133127274,0.3725344754649617,0.876077518581168,0.013037868355429878,0.8555144392258603,0.8953079646233416,-0.008016256855688408,-0.01381685242523889,-0.025026323454593602,-0.06922246887131889
dcsbm,1,0,25,2,24.636,0.601988959246631,1.5136320487189854,123180,100,dspar,0.2,0.20079,ok,10,0.37255243950556244,0.005072792385163471,0.3632008009009293,0.38151198478586634,0.8898943710064069,0.019022093044432357,0.8581051691110043,0.9247369080971792,0.1227654181330901,0.0023102526933330516,0.12085490064120744,0.1270043847841689,0.2560159685415057,0.005859899675484304,0.24746154092924075,0.26564987387289357,-0.24978702137247233,-0.6338784024649011,-0.26065708414465893,-0.6772753671679385
dcsbm,1,0,25,2,24.636,0.601988959246631,1.5136320487189854,123180,100,dspar,0.15,0.14993,ok,10,0.37255243950556244,0.005072792385163471,0.3632008009009293,0.38151198478586634,0.8898943710064069,0.019022093044432357,0.8581051691110043,0.9247369080971792,0.09759693617393658,0.0014087165075414296,0.09535163917141781,0.0997149305381731,0.1896524412000263,0.0038070778049537493,0.18340784081766975,0.19398648573141078,-0.2749555033316259,-0.7002419298063806,-0.28616034561444853,-0.7413290672795094
dcsbm,1,0,25,2,24.636,0.601988959246631,1.5136320487189854,123180,100,random,0.5,0.5,ok,10,0.37255243950556244,0.005072792385163471,0.3632008009009293,0.38151198478586634,0.8898943710064069,0.019022093044432357,0.8581051691110043,0.9247369080971792,0.34613862224309044,0.003882420084361111,0.3415463738820798,0.3532785277985841,0.7319583621627841,0.0102065249026819,0.7157451729695062,0.7467692832003184,-0.026413817262471995,-0.1579360088436228,-0.03996561090378653,-0.208991735127673
dcsbm,1,0,25,2,24.636,0.601988959246631,1.5136320487189854,123180,100,random,0.2,0.2,ok,10,0.37255243950556244,0.005072792385163471,0.3632008009009293,0.38151198478586634,0.8898943710064069,0.019022093044432357,0.8581051691110043,0.9247369080971792,0.1409464193098667,0.004148249575796002,0.13500436592210413,0.14803226509064696,0.27871887982355537,0.006252893417964037,0.27145506757879295,0.28914046266557547,-0.23160602019569573,-0.6111754911828515,-0.2465076188637622,-0.6532818405183862
dcsbm,1,0,25,2,24.636,0.601988959246631,1.5136320487189854,123180,100,random,0.15,0.15,ok,10,0.37255243950556244,0.005072792385163471,0.3632008009009293,0.38151198478586634,0.8898943710064069,0.019022093044432357,0.8581051691110043,0.9247369080971792,0.09377853436274074,0.0016673134011481955,0.09135337726256797,0.09644849785733013,0.18995458147992278,0.0053738306857366355,0.18175442070115072,0.19977121757727778,-0.2787739051428217,-0.6999397895264841,-0.29015860752329836,-0.7429824873960285
dcsbm,1,0,25,3,24.5216,0.5985498499282266,1.4895059837312994,122608,100,lspar,0.5,0.50289,ok,10,0.37739921307705526,0.0035409228816066338,0.37183788990028105,0.38497652539919996,0.8954403452348844,0.013776641246186655,0.8746008637306438,0.9246560400870595,0.385257359781314,0.0036523900873374703,0.3791510753604545,0.39098135599592243,0.9098534969893193,0.015002452114208574,0.8847081795833661,0.9336778715554701,0.007858146704258717,0.014413151754434916,-0.005825450038745461,-0.039947860503693366
dcsbm,1,0,25,3,24.5216,0.5985498499282266,1.4895059837312994,122608,100,lspar,0.2,0.19854,ok,10,0.37739921307705526,0.0035409228816066338,0.37183788990028105,0.38497652539919996,0.8954403452348844,0.013776641246186655,0.8746008637306438,0.9246560400870595,0.38744544935585656,0.0014677320794544996,0.3830662409116764,0.38814308632302785,0.9096410557459402,0.0036743853926259405,0.8995757761482704,0.9126445088084153,0.010046236278801302,0.01420071051105587,-0.0019102844875235614,-0.025080263938789038
dcsbm,1,0,25,3,24.5216,0.5985498499282266,1.4895059837312994,122608,100,lspar,0.15,0.15019,ok,10,0.37739921307705526,0.0035409228816066338,0.37183788990028105,0.38497652539919996,0.8954403452348844,0.013776641246186655,0.8746008637306438,0.9246560400870595,0.3808966153090082,0.003618494024966325,0.37455240533614637,0.38398385355749787,0.8825759177894399,0.007003799714781021,0.8712372430976952,0.8912125443973115,0.0034974022319529396,-0.01286442744544447,-0.010424120063053599,-0.05341879698936425
dcsbm,1,0,25,3,24.5216,0.5985498499282266,1.4895059837312994,122608,100,dspar,0.5,0.4994,ok,10,0.37739921307705526,0.0035409228816066338,0.37183788990028105,0.38497652539919996,0.8954403452348844,0.013776641246186655,0.8746008637306438,0.9246560400870595,0.3675092754314966,0.004001410266332525,0.3587045810149846,0.3724594194349079,0.876820938872379,0.010090363583004499,0.8579421784416278,0.8895527326889211,-0.009889937645558677,-0.018619406362505364,-0.026271944384215373,-0.0667138616454317
dcsbm,1,0,25,3,24.5216,0.5985498499282266,1.4895059837312994,122608,100,dspar,0.2,0.19962,ok,10,0.37739921307705526,0.0035409228816066338,0.37183788990028105,0.38497652539919996,0.8954403452348844,0.013776641246186655,0.8746008637306438,0.9246560400870595,0.1207503728115324,0.00354518689734911,0.11412883427547504,0.12679509470095648,0.2437592810174498,0.009321975775129806,0.22984788588510152,0.2605019386236204,-0.25664884026552287,-0.6516810642174345,-0.2708476911237249,-0.694808154201958
dcsbm,1,0,25,3,24.5216,0.5985498499282266,1.4895059837312994,122608,100,dspar,0.15,0.14975,ok,10,0.37739921307705526,0.0035409228816066338,0.37183788990028105,0.38497652539919996,0.8954403452348844,0.013776641246186655,0.8746008637306438,0.9246560400870595,0.09858957225285592,0.0015187562917081856,0.0964229703308635,0.10122883131297758,0.18945484794071962,0.003266838687242705,0.18330564080676218,0.19616702611833378,-0.27880964082419935,-0.7059854972941647,-0.28855355506833646,-0.7413503992802973
dcsbm,1,0,25,3,24.5216,0.5985498499282266,1.4895059837312994,122608,100,random,0.5,0.5,ok,10,0.37739921307705526,0.0035409228816066338,0.37183788990028105,0.38497652539919996,0.8954403452348844,0.013776641246186655,0.8746008637306438,0.9246560400870595,0.34840182721153323,0.003931552926588269,0.34456658267041546,0.35673796095370847,0.7331138860371414,0.009334132197321768,0.7210117718166114,0.751500955515923,-0.02899738586552203,-0.1623264591977429,-0.04040994272878451,-0.20364426827044813
dcsbm,1,0,25,3,24.5216,0.5985498499282266,1.4895059837312994,122608,100,random,0.2,0.2,ok,10,0.37739921307705526,0.0035409228816066338,0.37183788990028105,0.38497652539919996,0.8954403452348844,0.013776641246186655,0.8746008637306438,0.9246560400870595,0.14271192806606864,0.0028955251587517027,0.13773952819592358,0.14599333544209492,0.2771702244878894,0.0044621727166831915,0.2705337845685685,0.2844115135905528,-0.23468728501098662,-0.6182701207469949,-0.24723699720327638,-0.6541222555184909
dcsbm,1,0,25,3,24.5216,0.5985498499282266,1.4895059837312994,122608,100,random,0.15,0.15,ok,10,0.37739921307705526,0.0035409228816066338,0.37183788990028105,0.38497652539919996,0.8954403452348844,0.013776641246186655,0.8746008637306438,0.9246560400870595,0.09977270128946888,0.0013136704710617582,0.09848780441039898,0.10268146058318449,0.19911731766977792,0.0031308002054091467,0.19397078679646668,0.20614567804230113,-0.27762651178758635,-0.6963230275651064,-0.28648872098880096,-0.7306852532905928
dcsbm,1,0,50,1,49.096,0.6153576666123514,1.3585811048759673,245480,100,lspar,0.5,0.50432,ok,10,0.3585394324722579,0.002935882719100526,0.35428323150509705,0.3628772571295806,0.9530724045595557,0.008427602552481457,0.941084433438376,0.9664169681269513,0.3660816091433029,0.00274400717951287,0.36289864519454246,0.3698772917161243,0.9713141726115628,0.009097374707166832,0.9601774106463998,0.9819771208328821,0.007542176671045009,0.018241768052007168,2.1388064961880282e-05,-0.006239557480551494
dcsbm,1,0,50,1,49.096,0.6153576666123514,1.3585811048759673,245480,100,lspar,0.2,0.20256,ok,10,0.3585394324722579,0.002935882719100526,0.35428323150509705,0.3628772571295806,0.9530724045595557,0.008427602552481457,0.941084433438376,0.9664169681269513,0.35782693222682344,0.0017689309540807744,0.35372967534430366,0.35937366341810956,0.9861164733859968,0.0021085026742689353,0.9812730002166589,0.987812265535635,-0.0007125002454344553,0.033044068826441175,-0.009147581785276915,0.014856032089707538
dcsbm,1,0,50,1,49.096,0.6153576666123514,1.3585811048759673,245480,100,lspar,0.15,0.15088,ok,10,0.3585394324722579,0.002935882719100526,0.35428323150509705,0.3628772571295806,0.9530724045595557,0.008427602552481457,0.941084433438376,0.9664169681269513,0.3640814101379205,0.0007132715007213523,0.36279496944980355,0.3648320952251284,0.9899499323454244,0.0003524738273430316,0.9893539337675793,0.9903816770611723,0.005541977665662612,0.036877527785868724,-8.228767977702667e-05,0.02293696564062797
dcsbm,1,0,50,1,49.096,0.6153576666123514,1.3585811048759673,245480,100,dspar,0.5,0.50052,ok,10,0.3585394324722579,0.002935882719100526,0.35428323150509705,0.3628772571295806,0.9530724045595557,0.008427602552481457,0.941084433438376,0.9664169681269513,0.3634914576074785,0.006090079705566918,0.3557602467439397,0.3706369758520678,0.973972098281776,0.013015793229281692,0.9561515318998097,0.9875773048612937,0.0049520251352205835,0.020899693722220336,-0.007117010385640887,-0.0102654362271416
dcsbm,1,0,50,1,49.096,0.6153576666123514,1.3585811048759673,245480,100,dspar,0.2,0.19947,ok,10,0.3585394324722579,0.002935882719100526,0.35428323150509705,0.3628772571295806,0.9530724045595557,0.008427602552481457,0.941084433438376,0.9664169681269513,0.295722750078466,0.0057147725189601204,0.2848537300357552,0.3035654456261567,0.7887631144349561,0.009598546071753774,0.769908632321848,0.7997027438901966,-0.0628166823937919,-0.1643092901245996,-0.07802352709382537,-0.1965083358051033
dcsbm,1,0,50,1,49.096,0.6153576666123514,1.3585811048759673,245480,100,dspar,0.15,0.14972,ok,10,0.3585394324722579,0.002935882719100526,0.35428323150509705,0.3628772571295806,0.9530724045595557,0.008427602552481457,0.941084433438376,0.9664169681269513,0.19154820298130498,0.008959907639435475,0.18058353700374502,0.2044039533029955,0.5453841697995954,0.018202183172080954,0.5237461748984827,0.5703404438776123,-0.1669912294909529,-0.4076882347599603,-0.18229372012583556,-0.4426707932284686
dcsbm,1,0,50,1,49.096,0.6153576666123514,1.3585811048759673,245480,100,random,0.5,0.5,ok,10,0.3585394324722579,0.002935882719100526,0.35428323150509705,0.3628772571295806,0.9530724045595557,0.008427602552481457,0.941084433438376,0.9664169681269513,0.3472865860355686,0.006314642302334776,0.338004244498393,0.35959151796897865,0.9017475646468176,0.01627606210261312,0.8785488212893586,0.9333478235358321,-0.011252846436689279,-0.05132483991273806,-0.024873012631187574,-0.0878681468375927
dcsbm,1,0,50,1,49.096,0.6153576666123514,1.3585811048759673,245480,100,random,0.2,0.2,ok,10,0.3585394324722579,0.002935882719100526,0.35428323150509705,0.3628772571295806,0.9530724045595557,0.008427602552481457,0.941084433438376,0.9664169681269513,0.2793381509908698,0.0057696645929734836,0.2654226041754259,0.28698638973710366,0.6723741008731167,0.012258659287758822,0.6440365102364322,0.6859321328280888,-0.07920128148138811,-0.280698303686439,-0.09745465295415467,-0.32238045789051917
dcsbm,1,0,50,1,49.096,0.6153576666123514,1.3585811048759673,245480,100,random,0.15,0.15,ok,10,0.3585394324722579,0.002935882719100526,0.35428323150509705,0.3628772571295806,0.9530724045595557,0.008427602552481457,0.941084433438376,0.9664169681269513,0.18179420426028017,0.009165095683028169,0.1650459039203942,0.196778322778126,0.46679014846885253,0.016459220706537752,0.4400787708669601,0.49721104125953114,-0.17674522821197772,-0.48628225609070314,-0.19783135320918638,-0.5263381972599912
dcsbm,1,0,50,2,49.1992,0.6128189076245142,1.4098021006619958,245996,100,lspar,0.5,0.49857,ok,10,0.3583646512005046,0.004946533887995064,0.34956435399820945,0.36764658908561343,0.9482352927819921,0.014091128050053435,0.9248052477481027,0.9724262742413948,0.37348982512723944,0.0030525197815326785,0.3699594802339504,0.37715569190573045,0.9884662291925436,0.009187389478012583,0.9778511677299736,0.9995837327225366,0.015125173926734847,0.04023093641055142,0.002312891148336993,0.005424893488578775
dcsbm,1,0,50,2,49.1992,0.6128189076245142,1.4098021006619958,245996,100,lspar,0.2,0.19983,ok,10,0.3583646512005046,0.004946533887995064,0.34956435399820945,0.36764658908561343,0.9482352927819921,0.014091128050053435,0.9248052477481027,0.9724262742413948,0.3500245329207218,0.0018170757459303126,0.3477737560428238,0.3527719051815232,0.9809621310816118,0.0013105298317340754,0.9789188241306703,0.9830956734015023,-0.008340118279782816,0.03272683829961964,-0.01987283304278964,0.006492549889275501
dcsbm,1,0,50,2,49.1992,0.6128189076245142,1.4098021006619958,245996,100,lspar,0.15,0.14887,ok,10,0.3583646512005046,0.004946533887995064,0.34956435399820945,0.36764658908561343,0.9482352927819921,0.014091128050053435,0.9248052477481027,0.9724262742413948,0.3619871779723455,0.0007841492285583052,0.3608562299769796,0.3632848153827767,0.9880355211999536,0.0004719021371662005,0.9874001556387104,0.9888276278758689,0.003622526771840884,0.03980022841796149,-0.006790359108633848,0.014973881397315592
dcsbm,1,0,50,2,49.1992,0.6128189076245142,1.4098021006619958,245996,100,dspar,0.5,0.49936,ok,10,0.3583646512005046,0.004946533887995064,0.34956435399820945,0.36764658908561343,0.9482352927819921,0.014091128050053435,0.9248052477481027,0.9724262742413948,0.36597599350419074,0.009236239881227553,0.3493787420727469,0.3771477159787608,0.9753531314578903,0.019648857844127923,0.940278786709459,0.9995837327225364,0.007611342303686153,0.02711783867589812,-0.018267847012866545,-0.03214748753193586
dcsbm,1,0,50,2,49.1992,0.6128189076245142,1.4098021006619958,245996,100,dspar,0.2,0.19809,ok,10,0.3583646512005046,0.004946533887995064,0.34956435399820945,0.36764658908561343,0.9482352927819921,0.014091128050053435,0.9248052477481027,0.9724262742413948,0.31215599694886487,0.0109661380962971,0.2858744602727186,0.32741919465490743,0.8208911160270226,0.019753560862330193,0.7765504835240284,0.8528329156906801,-0.046208654251639725,-0.12734417675496956,-0.0817721288128948,-0.19587579071736638
dcsbm,1,0,50,2,49.1992,0.6128189076245142,1.4098021006619958,245996,100,dspar,0.15,0.14855,ok,10,0.3583646512005046,0.004946533887995064,0.34956435399820945,0.36764658908561343,0.9482352927819921,0.014091128050053435,0.9248052477481027,0.9724262742413948,0.1984959080073208,0.014370973397018314,0.1723770799596028,0.2279764289355629,0.5685562293114798,0.030774172271383973,0.5123936547831416,0.6289701650807076,-0.15986874319318378,-0.3796790634705124,-0.19526950912601063,-0.46003261945825324
dcsbm,1,0,50,2,49.1992,0.6128189076245142,1.4098021006619958,245996,100,random,0.5,0.5,ok,10,0.3583646512005046,0.004946533887995064,0.34956435399820945,0.36764658908561343,0.9482352927819921,0.014091128050053435,0.9248052477481027,0.9724262742413948,0.3551633148294827,0.007922159778558544,0.34716846656235567,0.371775373562145,0.9209575142005739,0.02014184864478035,0.8992334869198526,0.9633205647556281,-0.003201336371021879,-0.02727777858141822,-0.020478122523257758,-0.07319278732154222
dcsbm,1,0,50,2,49.1992,0.6128189076245142,1.4098021006619958,245996,100,random,0.2,0.2,ok,10,0.3583646512005046,0.004946533887995064,0.34956435399820945,0.36764658908561343,0.9482352927819921,0.014091128050053435,0.9248052477481027,0.9724262742413948,0.27426712447638146,0.003503648840239763,0.26755349994228034,0.27942871770681454,0.6622804818137701,0.005561167335786243,0.6520265482048384,0.6697907019278981,-0.08409752672412313,-0.28595481096822206,-0.10009308914333309,-0.3203997260365564
dcsbm,1,0,50,2,49.1992,0.6128189076245142,1.4098021006619958,245996,100,random,0.15,0.15,ok,10,0.3583646512005046,0.004946533887995064,0.34956435399820945,0.36764658908561343,0.9482352927819921,0.014091128050053435,0.9248052477481027,0.9724262742413948,0.1654123388209102,0.008473118838263584,0.15361615869592257,0.1778597574799552,0.43401708430675756,0.01394109354286517,0.41090121629044174,0.4571064553992501,-0.1929523123795944,-0.5142182084752346,-0.21403043038969086,-0.5615250579509531
dcsbm,1,0,50,3,49.0632,0.6168003717653965,1.3940361747451309,245316,100,lspar,0.5,0.49973,ok,10,0.35506693288959135,0.005050795096134383,0.3427801588180434,0.36155675056446007,0.9480025039736445,0.013652335468943712,0.9164294313926568,0.9642970875659505,0.3668170744765059,0.001749995875689223,0.3633715934051365,0.36847412932050566,0.9802929977494111,0.004702717956300412,0.9709805485103402,0.9852035200580616,0.011750141586914564,0.03229049377576665,0.0018148428406764006,0.006683460944389763
dcsbm,1,0,50,3,49.0632,0.6168003717653965,1.3940361747451309,245316,100,lspar,0.2,0.20133,ok,10,0.35506693288959135,0.005050795096134383,0.3427801588180434,0.36155675056446007,0.9480025039736445,0.013652335468943712,0.9164294313926568,0.9642970875659505,0.343378764868269,0.000810033115785747,0.34226873373065364,0.34460153680981753,0.9780279862963633,0.0009747242802408849,0.9762047545816951,0.9794819735065415,-0.011688168021322332,0.030025482322718844,-0.01928801683380643,0.011907667015744638
dcsbm,1,0,50,3,49.0632,0.6168003717653965,1.3940361747451309,245316,100,lspar,0.15,0.15012,ok,10,0.35506693288959135,0.005050795096134383,0.3427801588180434,0.36155675056446007,0.9480025039736445,0.013652335468943712,0.9164294313926568,0.9642970875659505,0.3549098281596328,0.0005873220029434516,0.3541256771773799,0.35598493417012095,0.9856233440316678,0.0007986253743661832,0.9846555625515453,0.9869443703690319,-0.00015710472995855707,0.03762084005802335,-0.007431073387080156,0.020358474985594843
dcsbm,1,0,50,3,49.0632,0.6168003717653965,1.3940361747451309,245316,100,dspar,0.5,0.50081,ok,10,0.35506693288959135,0.005050795096134383,0.3427801588180434,0.36155675056446007,0.9480025039736445,0.013652335468943712,0.9164294313926568,0.9642970875659505,0.35569969563646553,0.00573029842944311,0.3431881268395927,0.3659345619685664,0.9603907110348431,0.01343070788610282,0.9292476182089943,0.9833393061679224,0.0006327627468741825,0.012388207061198586,-0.01836862372486736,-0.03504946935695619
dcsbm,1,0,50,3,49.0632,0.6168003717653965,1.3940361747451309,245316,100,dspar,0.2,0.20072,ok,10,0.35506693288959135,0.005050795096134383,0.3427801588180434,0.36155675056446007,0.9480025039736445,0.013652335468943712,0.9164294313926568,0.9642970875659505,0.3058073815774203,0.008551681955165159,0.2919944494136618,0.3251899283603031,0.8149214901657456,0.016344129663940707,0.7854095837291881,0.8516258932799223,-0.049259551312171024,-0.13308101380789894,-0.06956230115079826,-0.17888750383676233
dcsbm,1,0,50,3,49.0632,0.6168003717653965,1.3940361747451309,245316,100,dspar,0.15,0.15009,ok,10,0.35506693288959135,0.005050795096134383,0.3427801588180434,0.36155675056446007,0.9480025039736445,0.013652335468943712,0.9164294313926568,0.9642970875659505,0.20037954514668269,0.010356693193072657,0.18798743952835764,0.21572881110491235,0.5671337856512959,0.020213568357909825,0.5443252338625997,0.5985096221059836,-0.15468738774290866,-0.3808687183223486,-0.17356931103610243,-0.4199718537033508
dcsbm,1,0,50,3,49.0632,0.6168003717653965,1.3940361747451309,245316,100,random,0.5,0.5,ok,10,0.35506693288959135,0.005050795096134383,0.3427801588180434,0.36155675056446007,0.9480025039736445,0.013652335468943712,0.9164294313926568,0.9642970875659505,0.34916843558136235,0.006021928888309615,0.3396402613297418,0.3579517715545255,0.913012886409706,0.017214570524057688,0.888792480103956,0.9405449282618823,-0.005898497308229,-0.03498961756393848,-0.021916489234718284,-0.0755046074619945
dcsbm,1,0,50,3,49.0632,0.6168003717653965,1.3940361747451309,245316,100,random,0.2,0.2,ok,10,0.35506693288959135,0.005050795096134383,0.3427801588180434,0.36155675056446007,0.9480025039736445,0.013652335468943712,0.9164294313926568,0.9642970875659505,0.26408891289902914,0.005096451961823178,0.2528655953696967,0.2696544483648578,0.6457110620545822,0.009322571426020332,0.6269182620957242,0.6569142713209085,-0.09097801999056221,-0.3022914419190623,-0.10869115519476336,-0.33737882547022624
dcsbm,1,0,50,3,49.0632,0.6168003717653965,1.3940361747451309,245316,100,random,0.15,0.15,ok,10,0.35506693288959135,0.005050795096134383,0.3427801588180434,0.36155675056446007,0.9480025039736445,0.013652335468943712,0.9164294313926568,0.9642970875659505,0.1579423974715446,0.004877389485008954,0.14872489304436637,0.16476387159452147,0.41532282025409967,0.008909041167739924,0.3965145132943346,0.42640466098126784,-0.19712453541804675,-0.5326796837195449,-0.2128318575200937,-0.5677825742716158
dcsbm,1,0,100,1,101.0738,0.6453284629646852,1.254223566949353,505369,100,lspar,0.5,0.49982,ok,10,0.33554610135670104,0.006022358535674147,0.3256592879458137,0.3446418420414147,0.9778955354087138,0.014216889943412553,0.9583838676285173,1.0,0.3433662069485199,0.0025512701857894893,0.33826366657694096,0.3446418420414147,0.9968717197631018,0.006256560473796036,0.9843585988155099,1.0,0.007820105591818838,0.01897618435438808,-0.006378175464473723,-0.01564140118449009
dcsbm,1,0,100,1,101.0738,0.6453284629646852,1.254223566949353,505369,100,lspar,0.2,0.2036,ok,10,0.33554610135670104,0.006022358535674147,0.3256592879458137,0.3446418420414147,0.9778955354087138,0.014216889943412553,0.9583838676285173,1.0,0.32313306825730603,0.0014798921032347944,0.3213362363008717,0.3254131769277804,0.9759938578478466,0.001236603097003326,0.9744835197325807,0.9781766374293905,-0.01241303309939501,-0.001901677560867121,-0.023305605740542967,-0.02551648026741926
dcsbm,1,0,100,1,101.0738,0.6453284629646852,1.254223566949353,505369,100,lspar,0.15,0.14697,ok,10,0.33554610135670104,0.006022358535674147,0.3256592879458137,0.3446418420414147,0.9778955354087138,0.014216889943412553,0.9583838676285173,1.0,0.32361814977625325,0.0008861440038334234,0.32197757398358423,0.3249518849924851,0.9771508937800235,0.0007292295497552666,0.9762262560122303,0.9785269274874486,-0.011927951580447793,-0.0007446416286902569,-0.02266426805783045,-0.023773743987769658
dcsbm,1,0,100,1,101.0738,0.6453284629646852,1.254223566949353,505369,100,dspar,0.5,0.49993,ok,10,0.33554610135670104,0.006022358535674147,0.3256592879458137,0.3446418420414147,0.9778955354087138,0.014216889943412553,0.9583838676285173,1.0,0.33847901467103686,0.004604174023753294,0.33256243482846815,0.3446418420414147,0.9862701582207553,0.009885370039101298,0.9741985193491106,1.0,0.0029329133143358166,0.008374622812041488,-0.012079407212946536,-0.025801480650889386
dcsbm,1,0,100,1,101.0738,0.6453284629646852,1.254223566949353,505369,100,dspar,0.2,0.19986,ok,10,0.33554610135670104,0.006022358535674147,0.3256592879458137,0.3446418420414147,0.9778955354087138,0.014216889943412553,0.9583838676285173,1.0,0.33123423972673643,0.009998990194101312,0.3087999729675976,0.34359203044931835,0.9735241158967689,0.018636659086074554,0.9315996037480703,0.9963939588078787,-0.004311861629964608,-0.004371419511944863,-0.03584186907381709,-0.06840039625192973
dcsbm,1,0,100,1,101.0738,0.6453284629646852,1.254223566949353,505369,100,dspar,0.15,0.14971,ok,10,0.33554610135670104,0.006022358535674147,0.3256592879458137,0.3446418420414147,0.9778955354087138,0.014216889943412553,0.9583838676285173,1.0,0.31442235768024124,0.009206018888648606,0.3007252988777722,0.3254740546483691,0.9347160516912318,0.015270790662399456,0.9130537999177265,0.9539801912343412,-0.021123743676459805,-0.043179483717481926,-0.04391654316364246,-0.0869462000822735
dcsbm,1,0,100,1,101.0738,0.6453284629646852,1.254223566949353,505369,100,random,0.5,0.5,ok,10,0.33554610135670104,0.006022358535674147,0.3256592879458137,0.3446418420414147,0.9778955354087138,0.014216889943412553,0.9583838676285173,1.0,0.33088558657240663,0.005288346272356782,0.31872691110802565,0.33640689839050764,0.9688979085157591,0.01123742711017228,0.9444431075073234,0.9843966172835609,-0.004660514784294412,-0.008997626892954691,-0.025914930933389035,-0.05555689249267659
dcsbm,1,0,100,1,101.0738,0.6453284629646852,1.254223566949353,505369,100,random,0.2,0.2,ok,10,0.33554610135670104,0.006022358535674147,0.3256592879458137,0.3446418420414147,0.9778955354087138,0.014216889943412553,0.9583838676285173,1.0,0.31502942305852005,0.004041847622268634,0.3111412332437247,0.32563400158728417,0.9090753445245283,0.007671343183210338,0.9020584650412993,0.9296964964389894,-0.02051667829818099,-0.06882019088418545,-0.03350060879768996,-0.09794153495870073
dcsbm,1,0,100,1,101.0738,0.6453284629646852,1.254223566949353,505369,100,random,0.15,0.15,ok,10,0.33554610135670104,0.006022358535674147,0.3256592879458137,0.3446418420414147,0.9778955354087138,0.014216889943412553,0.9583838676285173,1.0,0.2802433436096704,0.005757211525431117,0.27252005013200187,0.2891266317785755,0.8146103819322701,0.009259734916976913,0.7994195779680617,0.8271495818505312,-0.05530275774703064,-0.16328515347644368,-0.07212179190941281,-0.20058042203193827
dcsbm,1,0,100,2,101.6808,0.6442081494244735,1.293572773993245,508404,100,lspar,0.5,0.49515,ok,10,0.3334497101474678,0.005585352183821867,0.32364029232197605,0.3457595490768072,0.9722686616418293,0.013602918289568711,0.9474585958851185,1.0,0.3456696644610512,0.00026965384726812536,0.3448607029192468,0.3457595490768072,0.9997746831218033,0.0006759506345903388,0.9977468312180322,1.0,0.012219954313583359,0.02750602147997394,-0.0008988461575604179,-0.002253168781967796
dcsbm,1,0,100,2,101.6808,0.6442081494244735,1.293572773993245,508404,100,lspar,0.2,0.20298,ok,10,0.3334497101474678,0.005585352183821867,0.32364029232197605,0.3457595490768072,0.9722686616418293,0.013602918289568711,0.9474585958851185,1.0,0.32113134546639915,0.0005992958154150771,0.3198505341451265,0.32213517604154945,0.9731676015115227,0.0007079187122973338,0.9718298302779237,0.9740133661255652,-0.012318364681068672,0.0008989398696933604,-0.02590901493168074,-0.02817016972207631
dcsbm,1,0,100,2,101.6808,0.6442081494244735,1.293572773993245,508404,100,lspar,0.15,0.14625,ok,10,0.3334497101474678,0.005585352183821867,0.32364029232197605,0.3457595490768072,0.9722686616418293,0.013602918289568711,0.9474585958851185,1.0,0.3199685879673862,0.0016061877054742674,0.3173618246596787,0.3225046480339405,0.9733662072944489,0.0022697203216026467,0.9689798331946697,0.9774025501764109,-0.013481122180081628,0.001097545652619547,-0.02839772441712851,-0.031020166805330263
dcsbm,1,0,100,2,101.6808,0.6442081494244735,1.293572773993245,508404,100,dspar,0.5,0.49968,ok,10,0.3334497101474678,0.005585352183821867,0.32364029232197605,0.3457595490768072,0.9722686616418293,0.013602918289568711,0.9474585958851185,1.0,0.3394954677621761,0.005426277547214472,0.3315701834299615,0.3457595490768072,0.9871930680226384,0.010894201086303056,0.9732507326181292,1.0,0.006045757614708269,0.014924406380809052,-0.014189365646845753,-0.026749267381870778
dcsbm,1,0,100,2,101.6808,0.6442081494244735,1.293572773993245,508404,100,dspar,0.2,0.19954,ok,10,0.3334497101474678,0.005585352183821867,0.32364029232197605,0.3457595490768072,0.9722686616418293,0.013602918289568711,0.9474585958851185,1.0,0.3331129761285914,0.005194961563096631,0.3242647990781657,0.34460449582374436,0.9747664310891789,0.008365232264718412,0.9627097328861081,0.9951471454229207,-0.00033673401887640564,0.002497769447349585,-0.021494749998641538,-0.03729026711389194
dcsbm,1,0,100,2,101.6808,0.6442081494244735,1.293572773993245,508404,100,dspar,0.15,0.14964,ok,10,0.3334497101474678,0.005585352183821867,0.32364029232197605,0.3457595490768072,0.9722686616418293,0.013602918289568711,0.9474585958851185,1.0,0.3209017005533207,0.0061706618524802305,0.31141623608662444,0.33365498770573954,0.9444375427815472,0.011801234750783408,0.9261823905114673,0.9649749782787863,-0.012548009594147147,-0.02783111886028211,-0.034343312990182784,-0.07381760948853267
dcsbm,1,0,100,2,101.6808,0.6442081494244735,1.293572773993245,508404,100,random,0.5,0.5,ok,10,0.3334497101474678,0.005585352183821867,0.32364029232197605,0.3457595490768072,0.9722686616418293,0.013602918289568711,0.9474585958851185,1.0,0.32658495547324123,0.008446695038039556,0.3175183811617071,0.34569858561138045,0.9577944826342802,0.018640688861091118,0.9369421747142551,0.9994449769241512,-0.006864754674226592,-0.014474179007549104,-0.028241167915100118,-0.06305782528574488
dcsbm,1,0,100,2,101.6808,0.6442081494244735,1.293572773993245,508404,100,random,0.2,0.2,ok,10,0.3334497101474678,0.005585352183821867,0.32364029232197605,0.3457595490768072,0.9722686616418293,0.013602918289568711,0.9474585958851185,1.0,0.3098413769241043,0.006139717864563981,0.2982395345098235,0.31869397403816385,0.8970321278137814,0.012042798472589392,0.8764219186847377,0.9158159862594714,-0.02360833322336353,-0.07523653382804796,-0.04752001456698374,-0.12357808131526227
dcsbm,1,0,100,2,101.6808,0.6442081494244735,1.293572773993245,508404,100,random,0.15,0.15,ok,10,0.3334497101474678,0.005585352183821867,0.32364029232197605,0.3457595490768072,0.9722686616418293,0.013602918289568711,0.9474585958851185,1.0,0.28718885787333864,0.0069454670256431554,0.2757075532541429,0.30004276337418145,0.8277480179107892,0.014239410742225417,0.8042905389612724,0.8532264138495914,-0.04626085227412918,-0.14452064373104012,-0.0700519958226643,-0.19570946103872755
dcsbm,1,0,100,3,101.5464,0.6428214097200885,1.2754939458300436,507732,100,lspar,0.5,0.5038,ok,10,0.3347464129384953,0.008004146610546532,0.3230088419898969,0.3471446349376187,0.9712360701328496,0.017937805848517285,0.9457560785940454,1.0,0.3457342247150484,0.002834005113428704,0.3394820226107316,0.3471446349376187,0.9963221027218008,0.00738831485912524,0.9800621549592866,1.0,0.010987811776553114,0.025086032588951146,-0.007662612326887086,-0.019937845040713387
dcsbm,1,0,100,3,101.5464,0.6428214097200885,1.2754939458300436,507732,100,lspar,0.2,0.20361,ok,10,0.3347464129384953,0.008004146610546532,0.3230088419898969,0.3471446349376187,0.9712360701328496,0.017937805848517285,0.9457560785940454,1.0,0.3232071159922399,0.0013994185839490184,0.3198981094420839,0.3249016417904253,0.9741634256882316,0.002437565680750506,0.9676348161192975,0.9760803145129104,-0.011539296946255384,0.0029273555553819275,-0.0272465254955348,-0.03236518388070253
dcsbm,1,0,100,3,101.5464,0.6428214097200885,1.2754939458300436,507732,100,lspar,0.15,0.14708,ok,10,0.3347464129384953,0.008004146610546532,0.3230088419898969,0.3471446349376187,0.9712360701328496,0.017937805848517285,0.9457560785940454,1.0,0.3238382069523036,0.0019951159983165644,0.3190351091955289,0.3276656029742561,0.9767596394307996,0.002424731331249443,0.9707204762709356,0.9810851117586604,-0.010908205986191688,0.0055235692979499484,-0.028109525742089803,-0.029279523729064394
dcsbm,1,0,100,3,101.5464,0.6428214097200885,1.2754939458300436,507732,100,dspar,0.5,0.49945,ok,10,0.3347464129384953,0.008004146610546532,0.3230088419898969,0.3471446349376187,0.9712360701328496,0.017937805848517285,0.9457560785940454,1.0,0.34231032920233256,0.006002933555472081,0.33259695998704547,0.3471446349376187,0.990362098725164,0.011911807991616164,0.9718897557257861,1.0,0.007563916263837289,0.01912602859231438,-0.014547674950573242,-0.028110244274213936
dcsbm,1,0,100,3,101.5464,0.6428214097200885,1.2754939458300436,507732,100,dspar,0.2,0.1995,ok,10,0.3347464129384953,0.008004146610546532,0.3230088419898969,0.3471446349376187,0.9712360701328496,0.017937805848517285,0.9457560785940454,1.0,0.32748296046621495,0.007538599903493227,0.3075004412228282,0.334716534561513,0.9628294030243685,0.013919779720596171,0.9259534101927553,0.9770239967115084,-0.0072634524722803295,-0.008406667108481147,-0.0396441937147905,-0.07404658980724466
dcsbm,1,0,100,3,101.5464,0.6428214097200885,1.2754939458300436,507732,100,dspar,0.15,0.14984,ok,10,0.3347464129384953,0.008004146610546532,0.3230088419898969,0.3471446349376187,0.9712360701328496,0.017937805848517285,0.9457560785940454,1.0,0.3195838851140297,0.008642716426677093,0.31036925843076896,0.3392885839108619,0.9375229819777802,0.016011416219612034,0.9187030407429032,0.9728112404469914,-0.015162527824465588,-0.03371308815506946,-0.036775376506849755,-0.08129695925709679
dcsbm,1,0,100,3,101.5464,0.6428214097200885,1.2754939458300436,507732,100,random,0.5,0.5,ok,10,0.3347464129384953,0.008004146610546532,0.3230088419898969,0.3471446349376187,0.9712360701328496,0.017937805848517285,0.9457560785940454,1.0,0.3322818644403796,0.005280282102461643,0.3261567897035989,0.340336164372869,0.9649723278443247,0.011851561682347345,0.9509179016298457,0.9826145245949274,-0.0024645484981156707,-0.006263742288524887,-0.02098784523401981,-0.049082098370154315
dcsbm,1,0,100,3,101.5464,0.6428214097200885,1.2754939458300436,507732,100,random,0.2,0.2,ok,10,0.3347464129384953,0.008004146610546532,0.3230088419898969,0.3471446349376187,0.9712360701328496,0.017937805848517285,0.9457560785940454,1.0,0.31273260645611173,0.004799453320865147,0.304837949314364,0.32343538979669223,0.9021742167796536,0.009099016754001241,0.8865469324751125,0.921991669384178,-0.022013806482383547,-0.06906185335319603,-0.042306685623254736,-0.11345306752488749
dcsbm,1,0,100,3,101.5464,0.6428214097200885,1.2754939458300436,507732,100,random,0.15,0.15,ok,10,0.3347464129384953,0.008004146610546532,0.3230088419898969,0.3471446349376187,0.9712360701328496,0.017937805848517285,0.9457560785940454,1.0,0.29211744391245886,0.005966647858560321,0.282107701606002,0.3004053576136133,0.8345027141676568,0.012541181780773117,0.814428909382851,0.8506902415616232,-0.04262896902603641,-0.13673335596519287,-0.0650369333316167,-0.18557109061714905
dcsbm,1,0,200,1,219.7654,0.6765514498642643,1.1182109030074288,1098827,100,lspar,0.5,0.50464,ok,10,0.28459136802003804,0.01420218171882297,0.2675992442666892,0.30991265465023227,0.9518836011101859,0.023082187290223963,0.9178830499561587,0.9940133288511752,0.29119657578355657,0.004046498425949276,0.2857009702678703,0.2999961180718489,0.9634493765085834,0.006459422605148743,0.9571835676344854,0.9781095748024093,0.006605207763518528,0.011565775398397538,-0.024211684382361987,-0.036829761216689794
dcsbm,1,0,200,1,219.7654,0.6765514498642643,1.1182109030074288,1098827,100,lspar,0.2,0.19765,ok,10,0.28459136802003804,0.01420218171882297,0.2675992442666892,0.30991265465023227,0.9518836011101859,0.023082187290223963,0.9178830499561587,0.9940133288511752,0.28735578136093154,0.0029456361033452583,0.284173367703983,0.294899866538687,0.9572270009521084,0.005272760527489965,0.9513062895012525,0.9708977477394488,0.002764413340893501,0.005343399841922558,-0.025739286946249273,-0.042707039349922704
dcsbm,1,0,200,1,219.7654,0.6765514498642643,1.1182109030074288,1098827,100,lspar,0.15,0.14607,ok,10,0.28459136802003804,0.01420218171882297,0.2675992442666892,0.30991265465023227,0.9518836011101859,0.023082187290223963,0.9178830499561587,0.9940133288511752,0.29040787781911515,0.003171473694321165,0.28536970097387293,0.2953264895989901,0.9656639302736378,0.004802164914641545,0.9569437457035862,0.9725973775768225,0.0058165097990771075,0.013780329163451954,-0.024542953676359336,-0.037069583147589014
dcsbm,1,0,200,1,219.7654,0.6765514498642643,1.1182109030074288,1098827,100,dspar,0.5,0.4999,ok,10,0.28459136802003804,0.01420218171882297,0.2675992442666892,0.30991265465023227,0.9518836011101859,0.023082187290223963,0.9178830499561587,0.9940133288511752,0.30767285397306643,0.005744248375816129,0.30085581211612417,0.31342546544789024,0.9889080190405366,0.011081974820253396,0.976419425997823,1.0,0.02308148595302839,0.03702441793035072,-0.0090568425341081,-0.01759390285335216
dcsbm,1,0,200,1,219.7654,0.6765514498642643,1.1182109030074288,1098827,100,dspar,0.2,0.2002,ok,10,0.28459136802003804,0.01420218171882297,0.2675992442666892,0.30991265465023227,0.9518836011101859,0.023082187290223963,0.9178830499561587,0.9940133288511752,0.30701766120069474,0.0059542380850692335,0.3004755445303301,0.313357335238737,0.9883064969897684,0.01106096096783774,0.9762019750340027,0.9998612442604613,0.022426293180656698,0.03642289587958247,-0.00943711011990217,-0.01781135381717247
dcsbm,1,0,200,1,219.7654,0.6765514498642643,1.1182109030074288,1098827,100,dspar,0.15,0.1501,ok,10,0.28459136802003804,0.01420218171882297,0.2675992442666892,0.30991265465023227,0.9518836011101859,0.023082187290223963,0.9178830499561587,0.9940133288511752,0.3091933251652963,0.004670792904984657,0.3010538594988319,0.3132763918365293,0.9924229735951402,0.008518110931808489,0.977754899373999,0.9997224885013066,0.024601957145258257,0.04053937248495432,-0.008858795151400367,-0.01625842947717626
dcsbm,1,0,200,1,219.7654,0.6765514498642643,1.1182109030074288,1098827,100,random,0.5,0.5,ok,10,0.28459136802003804,0.01420218171882297,0.2675992442666892,0.30991265465023227,0.9518836011101859,0.023082187290223963,0.9178830499561587,0.9940133288511752,0.28468924282044383,0.006859286611710884,0.271940738804057,0.29276628805605887,0.9535642327716085,0.01071009717166758,0.9318195617480285,0.96741668207478,9.787480040579499e-05,0.0016806316614226269,-0.037971915846175264,-0.062193767103146724
dcsbm,1,0,200,1,219.7654,0.6765514498642643,1.1182109030074288,1098827,100,random,0.2,0.2,ok,10,0.28459136802003804,0.01420218171882297,0.2675992442666892,0.30991265465023227,0.9518836011101859,0.023082187290223963,0.9178830499561587,0.9940133288511752,0.2882184355131664,0.003918542629074958,0.2819792729672398,0.2949863746364289,0.9523906736023233,0.006334572702095758,0.9448191470012933,0.9673944812098938,0.0036270674931283553,0.0005070724921374392,-0.027933381682992475,-0.04919418184988189
dcsbm,1,0,200,1,219.7654,0.6765514498642643,1.1182109030074288,1098827,100,random,0.15,0.15,ok,10,0.28459136802003804,0.01420218171882297,0.2675992442666892,0.30991265465023227,0.9518836011101859,0.023082187290223963,0.9178830499561587,0.9940133288511752,0.2920350290983269,0.016272350847231467,0.26375375047027233,0.30989969180098226,0.9565630277397,0.03166698163294426,0.9008299855506535,0.991115473812988,0.007443661078288866,0.0046794266295141496,-0.046158904179959936,-0.09318334330052169
dcsbm,1,0,200,2,219.6586,0.6765143727584534,1.1526871851071991,1098293,100,lspar,0.5,0.50482,ok,10,0.27572182067869866,0.012892532782945372,0.26395563397684024,0.31280028880891253,0.9409846903711344,0.020084833420310224,0.9251115194219294,0.9987580353613453,0.28804102256972125,0.007330920897477939,0.27233178433279837,0.2996260760511242,0.9581496812918978,0.011431266076794767,0.9334648482790644,0.976863331614714,0.012319201891022591,0.0171649909207634,-0.040468504476114164,-0.06529318708228093
dcsbm,1,0,200,2,219.6586,0.6765143727584534,1.1526871851071991,1098293,100,lspar,0.2,0.19752,ok,10,0.27572182067869866,0.012892532782945372,0.26395563397684024,0.31280028880891253,0.9409846903711344,0.020084833420310224,0.9251115194219294,0.9987580353613453,0.2833020451241142,0.004345637095569682,0.2770113568949737,0.2899662971792744,0.9509339421669152,0.007610591549142568,0.9389846349003687,0.9620087229091436,0.007580224445415562,0.009949251795780767,-0.03578893191393884,-0.05977340046097668
dcsbm,1,0,200,2,219.6586,0.6765143727584534,1.1526871851071991,1098293,100,lspar,0.15,0.14588,ok,10,0.27572182067869866,0.012892532782945372,0.26395563397684024,0.31280028880891253,0.9409846903711344,0.020084833420310224,0.9251115194219294,0.9987580353613453,0.2876597828172076,0.003524427529655807,0.28241619971632537,0.29249089549557084,0.9614592254096792,0.006254646844405924,0.9523385424769821,0.9702264788425805,0.01193796213850895,0.020474535038544794,-0.030384089092587163,-0.0464194928843632
dcsbm,1,0,200,2,219.6586,0.6765143727584534,1.1526871851071991,1098293,100,dspar,0.5,0.49966,ok,10,0.27572182067869866,0.012892532782945372,0.26395563397684024,0.31280028880891253,0.9409846903711344,0.020084833420310224,0.9251115194219294,0.9987580353613453,0.30927038977980426,0.005941968026432848,0.2967872220243309,0.31346222899310594,0.9918514793228965,0.011150209089263913,0.9704224444799283,1.0,0.033548569101105596,0.05086678895176211,-0.016013066784581642,-0.028335590881417017
dcsbm,1,0,200,2,219.6586,0.6765143727584534,1.1526871851071991,1098293,100,dspar,0.2,0.20007,ok,10,0.27572182067869866,0.012892532782945372,0.26395563397684024,0.31280028880891253,0.9409846903711344,0.020084833420310224,0.9251115194219294,0.9987580353613453,0.3134622289931059,5.551115123125783e-17,0.31346222899310594,0.31346222899310594,1.0,0.0,1.0,1.0,0.037740408314407226,0.059015309628865587,0.0006619401841934103,0.001241964638654669
dcsbm,1,0,200,2,219.6586,0.6765143727584534,1.1526871851071991,1098293,100,dspar,0.15,0.15007,ok,10,0.27572182067869866,0.012892532782945372,0.26395563397684024,0.31280028880891253,0.9409846903711344,0.020084833420310224,0.9251115194219294,0.9987580353613453,0.3110957540939442,0.004321388063423277,0.3023587449504631,0.31338510161839067,0.9961584781817756,0.006778060804926262,0.9825977963009582,0.9998612442604613,0.03537393341524553,0.055173787810641195,-0.01044154385844942,-0.016160239060387105
dcsbm,1,0,200,2,219.6586,0.6765143727584534,1.1526871851071991,1098293,100,random,0.5,0.5,ok,10,0.27572182067869866,0.012892532782945372,0.26395563397684024,0.31280028880891253,0.9409846903711344,0.020084833420310224,0.9251115194219294,0.9987580353613453,0.27657022938872744,0.007654457143472911,0.2594798852179696,0.2882731484423431,0.9425578811637744,0.011479811541220242,0.9182878788119959,0.959632022065707,0.0008484087100287807,0.0015731907926399558,-0.05332040359094292,-0.08047015654934941
dcsbm,1,0,200,2,219.6586,0.6765143727584534,1.1526871851071991,1098293,100,random,0.2,0.2,ok,10,0.27572182067869866,0.012892532782945372,0.26395563397684024,0.31280028880891253,0.9409846903711344,0.020084833420310224,0.9251115194219294,0.9987580353613453,0.28578773959318104,0.009895134179262443,0.2684579371203886,0.30037624264472224,0.9489561869545977,0.017033348127876262,0.9157694449114736,0.9729139730463549,0.010065918914482386,0.0079714965834633,-0.04434235168852391,-0.08298859044987172
dcsbm,1,0,200,2,219.6586,0.6765143727584534,1.1526871851071991,1098293,100,random,0.15,0.15,ok,10,0.27572182067869866,0.012892532782945372,0.26395563397684024,0.31280028880891253,0.9409846903711344,0.020084833420310224,0.9251115194219294,0.9987580353613453,0.2932097135924333,0.011559804251449436,0.268528259937245,0.3064231353991167,0.9609150323019604,0.02245691503975641,0.9099732934920836,0.9864170780414471,0.01748789291373465,0.01993034193082599,-0.044272028871667535,-0.08878474186926177
dcsbm,1,0,200,3,220.0318,0.676354054277609,1.1389914183767131,1100159,100,lspar,0.5,0.50433,ok,10,0.2779248475699191,0.006771056985188547,0.2681363120543713,0.28880112252451223,0.9437039381390131,0.011468332665409108,0.9280503719796377,0.9580349642431721,0.2898185561430236,0.006022435412373272,0.28050295197066577,0.30469607525153386,0.9605210226652796,0.010201132161445855,0.9437592621980759,0.9844750319661961,0.011893708573104511,0.016817084526266513,-0.008298170553846462,-0.014275702045096206
dcsbm,1,0,200,3,220.0318,0.676354054277609,1.1389914183767131,1100159,100,lspar,0.2,0.1973,ok,10,0.2779248475699191,0.006771056985188547,0.2681363120543713,0.28880112252451223,0.9437039381390131,0.011468332665409108,0.9280503719796377,0.9580349642431721,0.2876234131574133,0.005627435705583283,0.2774221789159547,0.29294638629801273,0.9589508761397056,0.010733016141389166,0.9398583163547992,0.9696387766820618,0.009698565587494212,0.015246938000692545,-0.011378943608557512,-0.01817664788837292
dcsbm,1,0,200,3,220.0318,0.676354054277609,1.1389914183767131,1100159,100,lspar,0.15,0.14612,ok,10,0.2779248475699191,0.006771056985188547,0.2681363120543713,0.28880112252451223,0.9437039381390131,0.011468332665409108,0.9280503719796377,0.9580349642431721,0.2882171881308454,0.004204065608692394,0.28100039472392924,0.2942259044585086,0.9613739852074795,0.007689567160672438,0.9468930835186995,0.9712066285316197,0.010292340560926316,0.01767004706846642,-0.007800727800582996,-0.011141880724472641
dcsbm,1,0,200,3,220.0318,0.676354054277609,1.1389914183767131,1100159,100,dspar,0.5,0.49974,ok,10,0.2779248475699191,0.006771056985188547,0.2681363120543713,0.28880112252451223,0.9437039381390131,0.011468332665409108,0.9280503719796377,0.9580349642431721,0.3076563428763242,0.005921704525716204,0.30115293034216456,0.3136221784461139,0.9886178061052675,0.011316148652302339,0.976074204503931,1.0,0.02973149530640512,0.044913867966254406,0.012351807817652327,0.01803924026075887
dcsbm,1,0,200,3,220.0318,0.676354054277609,1.1389914183767131,1100159,100,dspar,0.2,0.19957,ok,10,0.2779248475699191,0.006771056985188547,0.2681363120543713,0.28880112252451223,0.9437039381390131,0.011468332665409108,0.9280503719796377,0.9580349642431721,0.3124791458419419,0.0032697530979591974,0.30267224001659954,0.3136221784461139,0.9977781939211388,0.0062747091454566925,0.9789614779596959,1.0,0.03455429827202283,0.05407425578212566,0.013871117492087304,0.020926513716523765
dcsbm,1,0,200,3,220.0318,0.676354054277609,1.1389914183767131,1100159,100,dspar,0.15,0.14942,ok,10,0.2779248475699191,0.006771056985188547,0.2681363120543713,0.28880112252451223,0.9437039381390131,0.011468332665409108,0.9280503719796377,0.9580349642431721,0.31090637709117347,0.004140869710405711,0.30299927324140147,0.3136221784461139,0.9954221667282825,0.006996484724523916,0.9813999355903686,1.0,0.03298152952125438,0.051718228589269444,0.014198150716889235,0.023364971347196506
dcsbm,1,0,200,3,220.0318,0.676354054277609,1.1389914183767131,1100159,100,random,0.5,0.5,ok,10,0.2779248475699191,0.006771056985188547,0.2681363120543713,0.28880112252451223,0.9437039381390131,0.011468332665409108,0.9280503719796377,0.9580349642431721,0.2783294159619841,0.005567235166993788,0.2718817880203366,0.2879864291851125,0.9425096529494199,0.011021273805887606,0.9248294771871215,0.9603863262353999,0.0004045683920649856,-0.0011942851895931916,-0.016919334504175654,-0.03320548705605064
dcsbm,1,0,200,3,220.0318,0.676354054277609,1.1389914183767131,1100159,100,random,0.2,0.2,ok,10,0.2779248475699191,0.006771056985188547,0.2681363120543713,0.28880112252451223,0.9437039381390131,0.011468332665409108,0.9280503719796377,0.9580349642431721,0.2869763721957904,0.003202020383797071,0.281079268150443,0.2922006628780996,0.9495967533440531,0.006486056749167329,0.9366361218214948,0.9591754860571694,0.009051524625871332,0.005892815205040036,-0.007721854374069248,-0.021398842421677333
dcsbm,1,0,200,3,220.0318,0.676354054277609,1.1389914183767131,1100159,100,random,0.15,0.15,ok,10,0.2779248475699191,0.006771056985188547,0.2681363120543713,0.28880112252451223,0.9437039381390131,0.011468332665409108,0.9280503719796377,0.9580349642431721,0.28601520010128473,0.009012349140297637,0.2710700904309459,0.29778607079099845,0.9458695794721217,0.017006088761782275,0.9189316186247325,0.9690189551956396,0.008090352531365641,0.002165641333108592,-0.017731032093566357,-0.039103345618439644
sbm_ps,0,1,10,1,11.113,0.5759380905246109,0.29436458248790126,55565,128,lspar,0.5,0.4965,ok,10,0.3432970635683016,0.0020624338381277393,0.33937581839378483,0.3456577009281767,0.6195874205507769,0.010383256112780702,0.5987855075442565,0.6327186988006546,0.32359812810765726,0.0016639409673164587,0.3210451929281982,0.32681671134713886,0.6548240745286253,0.004149522197194432,0.6502930449279278,0.6653421077677767,-0.01969893546064433,0.035236653977848476,-0.024612507999978495,0.017574346127273266
sbm_ps,0,1,10,1,11.113,0.5759380905246109,0.29436458248790126,55565,128,lspar,0.2,0.16314,ok,10,0.3432970635683016,0.0020624338381277393,0.33937581839378483,0.3456577009281767,0.6195874205507769,0.010383256112780702,0.5987855075442565,0.6327186988006546,0.19824074374376977,0.00046357142050567615,0.19730620246101419,0.199033547451797,0.3283536052752369,0.0025449191357438568,0.3230054138024117,0.3321239830690736,-0.14505631982453182,-0.29123381527554,-0.14835149846716253,-0.30971328499824285
sbm_ps,0,1,10,1,11.113,0.5759380905246109,0.29436458248790126,55565,128,lspar,0.15,0.16314,floor,10,0.3432970635683016,0.0020624338381277393,0.33937581839378483,0.3456577009281767,0.6195874205507769,0.010383256112780702,0.5987855075442565,0.6327186988006546,0.19824074374376977,0.00046357142050567615,0.19730620246101419,0.199033547451797,0.3283536052752369,0.0025449191357438568,0.3230054138024117,0.3321239830690736,-0.14505631982453182,-0.29123381527554,-0.14835149846716253,-0.30971328499824285
sbm_ps,0,1,10,1,11.113,0.5759380905246109,0.29436458248790126,55565,128,dspar,0.5,0.50094,ok,10,0.3432970635683016,0.0020624338381277393,0.33937581839378483,0.3456577009281767,0.6195874205507769,0.010383256112780702,0.5987855075442565,0.6327186988006546,0.22275071400914145,0.0009796052934157298,0.22052277622297606,0.2243577195494151,0.20011164342299778,0.004395641330150977,0.1937026790549182,0.2097453210027073,-0.12054634955916013,-0.41947577712777906,-0.12513492470520066,-0.43901601974573634
sbm_ps,0,1,10,1,11.113,0.5759380905246109,0.29436458248790126,55565,128,dspar,0.2,0.19955,ok,10,0.3432970635683016,0.0020624338381277393,0.33937581839378483,0.3456577009281767,0.6195874205507769,0.010383256112780702,0.5987855075442565,0.6327186988006546,0.1639272145619526,0.0003417476188268104,0.16321913459720427,0.1644605929634813,0.13005504113404248,0.001856943102831332,0.12764594622600403,0.13406452273184752,-0.17936984900634897,-0.4895323794167344,-0.18243856633097244,-0.5050727525746506
sbm_ps,0,1,10,1,11.113,0.5759380905246109,0.29436458248790126,55565,128,dspar,0.15,0.14952,ok,10,0.3432970635683016,0.0020624338381277393,0.33937581839378483,0.3456577009281767,0.6195874205507769,0.010383256112780702,0.5987855075442565,0.6327186988006546,0.1411254822467099,0.0003021842164502811,0.14057954229487116,0.14160656662091925,0.12703218359572577,0.0033463110262436715,0.12197676128533225,0.13449618554171314,-0.2021715813215917,-0.4925552369550511,-0.20507815863330556,-0.5107419375153224
sbm_ps,0,1,10,1,11.113,0.5759380905246109,0.29436458248790126,55565,128,random,0.5,0.49999,ok,10,0.3432970635683016,0.0020624338381277393,0.33937581839378483,0.3456577009281767,0.6195874205507769,0.010383256112780702,0.5987855075442565,0.6327186988006546,0.2236629152149688,0.0009074759310496032,0.22212328529363734,0.22514527606344006,0.2053288565143924,0.003555073865735781,0.20136454576961169,0.21284020855535246,-0.11963414835333278,-0.4142585640363845,-0.12353441563453937,-0.43135415303104285
sbm_ps,0,1,10,1,11.113,0.5759380905246109,0.29436458248790126,55565,128,random,0.2,0.2,ok,10,0.3432970635683016,0.0020624338381277393,0.33937581839378483,0.3456577009281767,0.6195874205507769,0.010383256112780702,0.5987855075442565,0.6327186988006546,0.16076255998956576,0.0003689317879150159,0.15999386423033918,0.16145008894785032,0.12616976068389943,0.0017017135539098885,0.12360621135251502,0.1284981846980517,-0.18253450357873582,-0.49341765986687747,-0.18566383669783754,-0.5091124874481395
sbm_ps,0,1,10,1,11.113,0.5759380905246109,0.29436458248790126,55565,128,random,0.15,0.15,ok,10,0.3432970635683016,0.0020624338381277393,0.33937581839378483,0.3456577009281767,0.6195874205507769,0.010383256112780702,0.5987855075442565,0.6327186988006546,0.13909023172530582,0.00023581092009190342,0.13868805186228234,0.13962356677417573,0.12684882041424636,0.0018327717628273189,0.12348045586727514,0.12894091310952296,-0.20420683184299576,-0.4927386001365305,-0.20696964906589438,-0.5092382429333794
sbm_ps,0,1,10,2,11.1794,0.5773655115659159,0.2921535131003704,55897,95,lspar,0.5,0.49529,ok,10,0.32993656745699596,0.0021835376406422378,0.3262561147284395,0.3336262083863201,0.5280189254175252,0.009832705436239661,0.5111500446613492,0.5447913856642499,0.3121237759752907,0.0026286231638089053,0.30744325885478846,0.31633519477258126,0.6115142167221564,0.012407980009116172,0.5915105729064275,0.6308654418062254,-0.01781279148170528,0.08349529130463129,-0.026182949531531663,0.04671918724217761
sbm_ps,0,1,10,2,11.1794,0.5773655115659159,0.2921535131003704,55897,95,lspar,0.2,0.16453,ok,10,0.32993656745699596,0.0021835376406422378,0.3262561147284395,0.3336262083863201,0.5280189254175252,0.009832705436239661,0.5111500446613492,0.5447913856642499,0.19264789581460148,0.0006969179530950463,0.19158663356575859,0.19358868568101073,0.2804284763314677,0.0035368198694472304,0.2748220869251014,0.28758220157482844,-0.13728867164239447,-0.24759044908605743,-0.14203957482056154,-0.2699692987391485
sbm_ps,0,1,10,2,11.1794,0.5773655115659159,0.2921535131003704,55897,95,lspar,0.15,0.16453,floor,10,0.32993656745699596,0.0021835376406422378,0.3262561147284395,0.3336262083863201,0.5280189254175252,0.009832705436239661,0.5111500446613492,0.5447913856642499,0.19264789581460148,0.0006969179530950463,0.19158663356575859,0.19358868568101073,0.2804284763314677,0.0035368198694472304,0.2748220869251014,0.28758220157482844,-0.13728867164239447,-0.24759044908605743,-0.14203957482056154,-0.2699692987391485
sbm_ps,0,1,10,2,11.1794,0.5773655115659159,0.2921535131003704,55897,95,dspar,0.5,0.50056,ok,10,0.32993656745699596,0.0021835376406422378,0.3262561147284395,0.3336262083863201,0.5280189254175252,0.009832705436239661,0.5111500446613492,0.5447913856642499,0.21893509477708156,0.0004347354256824526,0.21839842642164986,0.2200498848733002,0.15211248462716248,0.0032204679058304405,0.14812199154834388,0.15828705185386807,-0.11100147267991439,-0.3759064407903627,-0.11522778196467026,-0.396669394115906
sbm_ps,0,1,10,2,11.1794,0.5773655115659159,0.2921535131003704,55897,95,dspar,0.2,0.20146,ok,10,0.32993656745699596,0.0021835376406422378,0.3262561147284395,0.3336262083863201,0.5280189254175252,0.009832705436239661,0.5111500446613492,0.5447913856642499,0.16376505532357805,0.0005742000541133116,0.16301464893741435,0.16507393099445727,0.09719896751096224,0.002063086441986202,0.09352425198765049,0.09965140136540548,-0.1661715121334179,-0.4308199579065629,-0.17061155944890577,-0.45126713367659943
sbm_ps,0,1,10,2,11.1794,0.5773655115659159,0.2921535131003704,55897,95,dspar,0.15,0.1492,ok,10,0.32993656745699596,0.0021835376406422378,0.3262561147284395,0.3336262083863201,0.5280189254175252,0.009832705436239661,0.5111500446613492,0.5447913856642499,0.14015077224140113,0.00043847870045557593,0.13950839566576226,0.14104567140042962,0.09637524260937855,0.001963299302452209,0.09307439385924221,0.09982607656924625,-0.18978579521559483,-0.4316436828081466,-0.19411781272055786,-0.4517169918050077
sbm_ps,0,1,10,2,11.1794,0.5773655115659159,0.2921535131003704,55897,95,random,0.5,0.49999,ok,10,0.32993656745699596,0.0021835376406422378,0.3262561147284395,0.3336262083863201,0.5280189254175252,0.009832705436239661,0.5111500446613492,0.5447913856642499,0.21957092119547444,0.0006022969228321331,0.21884847040534858,0.22074377305333384,0.15832923899844556,0.0027739300986747728,0.15406502923453314,0.16262221158925003,-0.11036564626152151,-0.3696896864190796,-0.11477773798097154,-0.39072635642971676
sbm_ps,0,1,10,2,11.1794,0.5773655115659159,0.2921535131003704,55897,95,random,0.2,0.19999,ok,10,0.32993656745699596,0.0021835376406422378,0.3262561147284395,0.3336262083863201,0.5280189254175252,0.009832705436239661,0.5111500446613492,0.5447913856642499,0.16156416014581218,0.0005285625194400254,0.16052098312955115,0.16216414594649697,0.1002246172992219,0.002559592106981601,0.09599945992739309,0.10436738192486586,-0.16837240731118377,-0.42779430811830327,-0.17310522525676897,-0.4487919257368568
sbm_ps,0,1,10,2,11.1794,0.5773655115659159,0.2921535131003704,55897,95,random,0.15,0.15001,ok,10,0.32993656745699596,0.0021835376406422378,0.3262561147284395,0.3336262083863201,0.5280189254175252,0.009832705436239661,0.5111500446613492,0.5447913856642499,0.13958501833995854,0.00022037592426836123,0.13916266922046208,0.13984318619245967,0.09611156636601016,0.0018879393841186563,0.09340711312571867,0.10095632487022335,-0.19035154911703742,-0.431907359051515,-0.19446353916585804,-0.4513842725385312
sbm_ps,0,1,10,3,11.2202,0.5802570364164632,0.2975320988917122,56101,101,lspar,0.5,0.50318,ok,10,0.3279175361588599,0.001511402828608128,0.3242414390162401,0.32970185676264685,0.5482125603456313,0.009575115648698753,0.5298383898264598,0.565568366473143,0.308756485272224,0.0012635581116269793,0.3069839076828598,0.31119432249065765,0.6087062476442209,0.00495000734202434,0.597910965312216,0.6145518638526368,-0.01916105088663589,0.060493687298589616,-0.022717949079787025,0.03234259883907298
sbm_ps,0,1,10,3,11.2202,0.5802570364164632,0.2975320988917122,56101,101,lspar,0.2,0.16338,ok,10,0.3279175361588599,0.001511402828608128,0.3242414390162401,0.32970185676264685,0.5482125603456313,0.009575115648698753,0.5298383898264598,0.565568366473143,0.19191804593698164,0.0005541270618216485,0.1906932661070757,0.19245565954688207,0.289405360192363,0.0027808120727890375,0.2840935735070265,0.2924446629249388,-0.13599949022187824,-0.25880720015326825,-0.13900859065557114,-0.2814747929661165
sbm_ps,0,1,10,3,11.2202,0.5802570364164632,0.2975320988917122,56101,101,lspar,0.15,0.16338,floor,10,0.3279175361588599,0.001511402828608128,0.3242414390162401,0.32970185676264685,0.5482125603456313,0.009575115648698753,0.5298383898264598,0.565568366473143,0.19191804593698164,0.0005541270618216485,0.1906932661070757,0.19245565954688207,0.289405360192363,0.0027808120727890375,0.2840935735070265,0.2924446629249388,-0.13599949022187824,-0.25880720015326825,-0.13900859065557114,-0.2814747929661165
sbm_ps,0,1,10,3,11.2202,0.5802570364164632,0.2975320988917122,56101,101,dspar,0.5,0.50095,ok,10,0.3279175361588599,0.001511402828608128,0.3242414390162401,0.32970185676264685,0.5482125603456313,0.009575115648698753,0.5298383898264598,0.565568366473143,0.21538292110182336,0.0007240077457509577,0.21404188321931522,0.21648633583924573,0.1574800768275016,0.002075739485272712,0.1549316447580404,0.1612019937714132,-0.11253461505703652,-0.39073248351812967,-0.11565997354333163,-0.4106367217151026
sbm_ps,0,1,10,3,11.2202,0.5802570364164632,0.2975320988917122,56101,101,dspar,0.2,0.20123,ok,10,0.3279175361588599,0.001511402828608128,0.3242414390162401,0.32970185676264685,0.5482125603456313,0.009575115648698753,0.5298383898264598,0.565568366473143,0.16220059680823257,0.0003172798938401418,0.1617946352420497,0.1628652874615556,0.1000709106703678,0.0017650937322374537,0.09759720189100289,0.10347447657840954,-0.1657169393506273,-0.4481416496752635,-0.16790722152059714,-0.4679711645821401
sbm_ps,0,1,10,3,11.2202,0.5802570364164632,0.2975320988917122,56101,101,dspar,0.15,0.14984,ok,10,0.3279175361588599,0.001511402828608128,0.3242414390162401,0.32970185676264685,0.5482125603456313,0.009575115648698753,0.5298383898264598,0.565568366473143,0.13984849239780775,0.0004684813310501154,0.13924633498303857,0.14069255790185928,0.10018733804105322,0.0019631729186204354,0.09710511783770256,0.10226888194156862,-0.18806904376105213,-0.44802522230457803,-0.19045552177960828,-0.4684632486354404
sbm_ps,0,1,10,3,11.2202,0.5802570364164632,0.2975320988917122,56101,101,random,0.5,0.49999,ok,10,0.3279175361588599,0.001511402828608128,0.3242414390162401,0.32970185676264685,0.5482125603456313,0.009575115648698753,0.5298383898264598,0.565568366473143,0.2149700486130813,0.000718901537660344,0.2136505788274074,0.21598401087884045,0.15596349643135451,0.004817370185979086,0.14901673773622326,0.16285882374823507,-0.11294748754577857,-0.3922490639142767,-0.11605127793523945,-0.41655162873691975
sbm_ps,0,1,10,3,11.2202,0.5802570364164632,0.2975320988917122,56101,101,random,0.2,0.2,ok,10,0.3279175361588599,0.001511402828608128,0.3242414390162401,0.32970185676264685,0.5482125603456313,0.009575115648698753,0.5298383898264598,0.565568366473143,0.15910082006885068,0.0005042756837388594,0.15842396254872682,0.16000888083209008,0.10114529584613807,0.002071423985426257,0.09869608823671565,0.1061192229278478,-0.1688167160900092,-0.4470672644994932,-0.17127789421392003,-0.46687227823642735
sbm_ps,0,1,10,3,11.2202,0.5802570364164632,0.2975320988917122,56101,101,random,0.15,0.15,ok,10,0.3279175361588599,0.001511402828608128,0.3242414390162401,0.32970185676264685,0.5482125603456313,0.009575115648698753,0.5298383898264598,0.565568366473143,0.13744541471240365,0.0003565459681521634,0.13703092103597433,0.1383691009969144,0.1006607986627106,0.0024662335053289453,0.09773546270411475,0.10548817679868298,-0.19047212144645623,-0.44755176168292066,-0.19267093572667252,-0.46783290376902825
sbm_ps,0,1,25,1,24.6564,0.5971918041563246,0.19603017030295386,123282,128,lspar,0.5,0.50187,ok,10,0.28947099306812263,0.0018924851969409425,0.2869909928068803,0.2924401590505086,0.7756826844419616,0.00681609256375763,0.7627385241054624,0.787374148221028,0.29245460688749053,0.000984273858460543,0.29069480144232646,0.2940938823893835,0.8054147378292129,0.00483761780561783,0.7954647904468533,0.8124210152915654,0.002983613819367903,0.029732053387251267,-0.0017453576081821187,0.008090642225825229
sbm_ps,0,1,25,1,24.6564,0.5971918041563246,0.19603017030295386,123282,128,lspar,0.2,0.19965,ok,10,0.28947099306812263,0.0018924851969409425,0.2869909928068803,0.2924401590505086,0.7756826844419616,0.00681609256375763,0.7627385241054624,0.787374148221028,0.2789060675889419,0.0010034249022424857,0.27735241704350877,0.2807909059854566,0.7859630682024034,0.001725733491258186,0.7839643078917871,0.7883547701461273,-0.010564925479180753,0.010280383760441714,-0.015087742006999805,-0.003409840329240965
sbm_ps,0,1,25,1,24.6564,0.5971918041563246,0.19603017030295386,123282,128,lspar,0.15,0.14518,ok,10,0.28947099306812263,0.0018924851969409425,0.2869909928068803,0.2924401590505086,0.7756826844419616,0.00681609256375763,0.7627385241054624,0.787374148221028,0.26808802261966547,0.0009867632598865629,0.2664925156095135,0.26957645659034185,0.7499650334737987,0.0021309646991591125,0.7464843117254112,0.7545985624083869,-0.02138297044845716,-0.02571765096816292,-0.025947643440995094,-0.04088983649561684
sbm_ps,0,1,25,1,24.6564,0.5971918041563246,0.19603017030295386,123282,128,dspar,0.5,0.49983,ok,10,0.28947099306812263,0.0018924851969409425,0.2869909928068803,0.2924401590505086,0.7756826844419616,0.00681609256375763,0.7627385241054624,0.787374148221028,0.24714733489911556,0.002996969687250852,0.2428550527118816,0.2502847249269548,0.6263859504928991,0.008560501062496673,0.6144115208612815,0.6396737829969737,-0.04232365816900707,-0.1492967339490625,-0.04958510633862698,-0.17296262735974655
sbm_ps,0,1,25,1,24.6564,0.5971918041563246,0.19603017030295386,123282,128,dspar,0.2,0.19969,ok,10,0.28947099306812263,0.0018924851969409425,0.2869909928068803,0.2924401590505086,0.7756826844419616,0.00681609256375763,0.7627385241054624,0.787374148221028,0.09949085492770231,0.0004961818734341472,0.09883971275809561,0.10031587067224709,0.1604432051359029,0.002540166728322954,0.1566642420354291,0.16494487092858875,-0.1899801381404203,-0.6152394793060587,-0.19360044629241296,-0.630709906185599
sbm_ps,0,1,25,1,24.6564,0.5971918041563246,0.19603017030295386,123282,128,dspar,0.15,0.14961,ok,10,0.28947099306812263,0.0018924851969409425,0.2869909928068803,0.2924401590505086,0.7756826844419616,0.00681609256375763,0.7627385241054624,0.787374148221028,0.08948403763056934,0.0004171454964738545,0.0888387541893903,0.0901441580635066,0.13513308254864556,0.0012894662911288697,0.13270798898384403,0.13664404301109281,-0.1999869554375533,-0.6405496018933161,-0.20360140486111827,-0.654666159237184
sbm_ps,0,1,25,1,24.6564,0.5971918041563246,0.19603017030295386,123282,128,random,0.5,0.5,ok,10,0.28947099306812263,0.0018924851969409425,0.2869909928068803,0.2924401590505086,0.7756826844419616,0.00681609256375763,0.7627385241054624,0.787374148221028,0.24873160917613496,0.0024615505292760963,0.24553575287634702,0.2550587687422359,0.619830025071604,0.010305500480651266,0.6067803485705805,0.6383859597154427,-0.04073938389198767,-0.15585265937035764,-0.046904406174161556,-0.18059379965044753
sbm_ps,0,1,25,1,24.6564,0.5971918041563246,0.19603017030295386,123282,128,random,0.2,0.2,ok,10,0.28947099306812263,0.0018924851969409425,0.2869909928068803,0.2924401590505086,0.7756826844419616,0.00681609256375763,0.7627385241054624,0.787374148221028,0.09957484571110442,0.0006453304920170355,0.09858805179158459,0.10051879091679491,0.1570296092646639,0.001633519049119028,0.1540867479730183,0.16013311625962798,-0.1898961473570182,-0.6186530751772977,-0.193852107258924,-0.6332874002480098
sbm_ps,0,1,25,1,24.6564,0.5971918041563246,0.19603017030295386,123282,128,random,0.15,0.15,ok,10,0.28947099306812263,0.0018924851969409425,0.2869909928068803,0.2924401590505086,0.7756826844419616,0.00681609256375763,0.7627385241054624,0.787374148221028,0.08935540480590869,0.0005437777305865965,0.08847967882625987,0.09010179493204006,0.12937529751106452,0.001773110742444045,0.12634687975543613,0.13310429829715445,-0.20011558826221393,-0.6463073869308971,-0.2039604802242487,-0.6610272684655919
sbm_ps,0,1,25,2,24.4118,0.5958675722396546,0.19696823126633037,122059,95,lspar,0.5,0.50224,ok,10,0.27408846911090556,0.0029656351452869364,0.2702354402655448,0.2802476493750022,0.721381003988004,0.01213153192175471,0.7020076128383292,0.7448187180082583,0.2777237850667619,0.0019246301046853959,0.27546877389305524,0.2803277977158706,0.7760733178404888,0.006504833564917115,0.7664345495067154,0.7854778827605433,0.003635315955856311,0.05469231385248485,-0.0047788754819469426,0.02161583149845714
sbm_ps,0,1,25,2,24.4118,0.5958675722396546,0.19696823126633037,122059,95,lspar,0.2,0.20105,ok,10,0.27408846911090556,0.0029656351452869364,0.2702354402655448,0.2802476493750022,0.721381003988004,0.01213153192175471,0.7020076128383292,0.7448187180082583,0.2639424652134551,0.0019986428384809085,0.26147919402135134,0.26659153502127786,0.7437636670334397,0.005092438313049224,0.7347833897694678,0.7520478867017795,-0.010146003897450462,0.02238266304543568,-0.018768455353650848,-0.010035328238790497
sbm_ps,0,1,25,2,24.4118,0.5958675722396546,0.19696823126633037,122059,95,lspar,0.15,0.1451,ok,10,0.27408846911090556,0.0029656351452869364,0.2702354402655448,0.2802476493750022,0.721381003988004,0.01213153192175471,0.7020076128383292,0.7448187180082583,0.244468936162902,0.0013670919877069225,0.2422272107888045,0.24692077462357606,0.6711509229374808,0.0027455066276609167,0.6665035885238656,0.6754836785900687,-0.02961953294800357,-0.05023008105052318,-0.03802043858619769,-0.07831512948439268
sbm_ps,0,1,25,2,24.4118,0.5958675722396546,0.19696823126633037,122059,95,dspar,0.5,0.50256,ok,10,0.27408846911090556,0.0029656351452869364,0.2702354402655448,0.2802476493750022,0.721381003988004,0.01213153192175471,0.7020076128383292,0.7448187180082583,0.22454824609290527,0.004564461379692146,0.21335533716583113,0.23063205758323302,0.520455042780507,0.017062747579285473,0.4805556410287663,0.5417010270523666,-0.04954022301800029,-0.20092596120749695,-0.06689231220917105,-0.264263076979492
sbm_ps,0,1,25,2,24.4118,0.5958675722396546,0.19696823126633037,122059,95,dspar,0.2,0.19964,ok,10,0.27408846911090556,0.0029656351452869364,0.2702354402655448,0.2802476493750022,0.721381003988004,0.01213153192175471,0.7020076128383292,0.7448187180082583,0.09779070920054353,0.000444436103634447,0.09716152395068128,0.09850506001477517,0.12300759215454755,0.0012604764769205813,0.12049155591451484,0.12455260011493301,-0.17629775991036203,-0.5983734118334564,-0.1830861254243209,-0.6243271620937434
sbm_ps,0,1,25,2,24.4118,0.5958675722396546,0.19696823126633037,122059,95,dspar,0.15,0.14979,ok,10,0.27408846911090556,0.0029656351452869364,0.2702354402655448,0.2802476493750022,0.721381003988004,0.01213153192175471,0.7020076128383292,0.7448187180082583,0.08912470050513609,0.00022321288804026681,0.08869797391224882,0.08958968160990743,0.10628815871175006,0.0024865264305299864,0.10272502704696337,0.10988594101877648,-0.18496376860576946,-0.615092845276254,-0.19154967546275337,-0.6420936909612949
sbm_ps,0,1,25,2,24.4118,0.5958675722396546,0.19696823126633037,122059,95,random,0.5,0.5,ok,10,0.27408846911090556,0.0029656351452869364,0.2702354402655448,0.2802476493750022,0.721381003988004,0.01213153192175471,0.7020076128383292,0.7448187180082583,0.22842533478110064,0.004261416825897997,0.21952917577965708,0.23415244120342565,0.5317837633232421,0.01677563093777608,0.49165953293097026,0.5500298863360669,-0.04566313432980493,-0.1895972406647619,-0.0607184735953451,-0.253159185077288
sbm_ps,0,1,25,2,24.4118,0.5958675722396546,0.19696823126633037,122059,95,random,0.2,0.2,ok,10,0.27408846911090556,0.0029656351452869364,0.2702354402655448,0.2802476493750022,0.721381003988004,0.01213153192175471,0.7020076128383292,0.7448187180082583,0.09845058825416522,0.0007221964033862956,0.09720938174244674,0.09995429874189714,0.1257842285962685,0.003011201895579372,0.12134178917622726,0.13009758343963262,-0.17563788085674034,-0.5955967753917355,-0.18303826763255543,-0.623476928832031
sbm_ps,0,1,25,2,24.4118,0.5958675722396546,0.19696823126633037,122059,95,random,0.15,0.15,ok,10,0.27408846911090556,0.0029656351452869364,0.2702354402655448,0.2802476493750022,0.721381003988004,0.01213153192175471,0.7020076128383292,0.7448187180082583,0.0892281896317343,0.00028562566190882887,0.08876391649898464,0.08979662484591953,0.10653838668441248,0.0016837157888226837,0.10384331586215288,0.11019747217880795,-0.18486027947917127,-0.6148426173035915,-0.19148373287601755,-0.6409754021461054
sbm_ps,0,1,25,3,24.5644,0.5994610086140919,0.20071821629788988,122822,101,lspar,0.5,0.49831,ok,10,0.2802005131235107,0.0014204897517274481,0.2779426126173275,0.28221861642947776,0.7465656475703346,0.008243589707433788,0.7334768705674556,0.7568327572015501,0.2836262889765593,0.0022873575106508205,0.277621853231443,0.28626594892731194,0.7905611925817486,0.007882560601845244,0.7720476065829102,0.800899127002089,0.003425775853048596,0.043995545011414006,-0.004596763198034759,0.015214849381360085
sbm_ps,0,1,25,3,24.5644,0.5994610086140919,0.20071821629788988,122822,101,lspar,0.2,0.20048,ok,10,0.2802005131235107,0.0014204897517274481,0.2779426126173275,0.28221861642947776,0.7465656475703346,0.008243589707433788,0.7334768705674556,0.7568327572015501,0.2689681261001763,0.0014227528029134079,0.26693487422884393,0.27134963387045563,0.7532342067282113,0.0034089373403149202,0.7471884167276506,0.7581894748339624,-0.0112323870233344,0.0066685591578766745,-0.015283742200633832,-0.009644340473899504
sbm_ps,0,1,25,3,24.5644,0.5994610086140919,0.20071821629788988,122822,101,lspar,0.15,0.14534,ok,10,0.2802005131235107,0.0014204897517274481,0.2779426126173275,0.28221861642947776,0.7465656475703346,0.008243589707433788,0.7334768705674556,0.7568327572015501,0.2515427024970557,0.0022846825727172253,0.24846548836167925,0.25550707159527786,0.6960990781881462,0.00521317428240055,0.6841500186948741,0.7026735750409633,-0.028657810626455005,-0.05046656938218841,-0.03375312806779851,-0.07268273850667595
sbm_ps,0,1,25,3,24.5644,0.5994610086140919,0.20071821629788988,122822,101,dspar,0.5,0.49873,ok,10,0.2802005131235107,0.0014204897517274481,0.2779426126173275,0.28221861642947776,0.7465656475703346,0.008243589707433788,0.7334768705674556,0.7568327572015501,0.22946836485455607,0.002455101866687667,0.22607055148980645,0.23400004968060276,0.5493163151830766,0.013299382860341878,0.5310867278026332,0.5710990998933824,-0.05073214826895461,-0.19724933238725806,-0.05614806493967131,-0.22574602939891686
sbm_ps,0,1,25,3,24.5644,0.5994610086140919,0.20071821629788988,122822,101,dspar,0.2,0.20066,ok,10,0.2802005131235107,0.0014204897517274481,0.2779426126173275,0.28221861642947776,0.7465656475703346,0.008243589707433788,0.7334768705674556,0.7568327572015501,0.09837305771029534,0.0005494186924469861,0.09723062598290604,0.0989815475492587,0.12940032386786282,0.002479014127521869,0.12439486993003407,0.13300505931846643,-0.18182745541321535,-0.6171653237024718,-0.18498799044657172,-0.632437887271516
sbm_ps,0,1,25,3,24.5644,0.5994610086140919,0.20071821629788988,122822,101,dspar,0.15,0.14965,ok,10,0.2802005131235107,0.0014204897517274481,0.2779426126173275,0.28221861642947776,0.7465656475703346,0.008243589707433788,0.7334768705674556,0.7568327572015501,0.0892630899876155,0.0006111444064510917,0.0883732008859738,0.09010737134738626,0.11135465843154994,0.0026872500060337997,0.1075630251395037,0.11505320946759029,-0.19093742313589518,-0.6352109891387847,-0.19384541554350398,-0.6492697320620464
sbm_ps,0,1,25,3,24.5644,0.5994610086140919,0.20071821629788988,122822,101,random,0.5,0.5,ok,10,0.2802005131235107,0.0014204897517274481,0.2779426126173275,0.28221861642947776,0.7465656475703346,0.008243589707433788,0.7334768705674556,0.7568327572015501,0.23192262399518024,0.0014844698295296888,0.2291226826296457,0.23398944882433884,0.5615301743735566,0.006726815349563468,0.5505012455953066,0.5715401765882395,-0.04827788912833045,-0.18503547319677804,-0.053095933799832074,-0.20633151160624352
sbm_ps,0,1,25,3,24.5644,0.5994610086140919,0.20071821629788988,122822,101,random,0.2,0.2,ok,10,0.2802005131235107,0.0014204897517274481,0.2779426126173275,0.28221861642947776,0.7465656475703346,0.008243589707433788,0.7334768705674556,0.7568327572015501,0.09651871080109228,0.00043358558435754993,0.0959782067051162,0.0972896513800858,0.12726876847916577,0.002349410226764066,0.12274883683974366,0.13239272714648878,-0.1836818023224184,-0.6192968790911688,-0.18624040972436157,-0.6340839203618064
sbm_ps,0,1,25,3,24.5644,0.5994610086140919,0.20071821629788988,122822,101,random,0.15,0.15,ok,10,0.2802005131235107,0.0014204897517274481,0.2779426126173275,0.28221861642947776,0.7465656475703346,0.008243589707433788,0.7334768705674556,0.7568327572015501,0.08767074851450572,0.00032792439159796364,0.08712752147279139,0.0883001070717075,0.10745534069233491,0.0018608247542048649,0.10437426350017344,0.11028046503270522,-0.19252976460900495,-0.6391103068779997,-0.19509109495668636,-0.6524584937013767
sbm_ps,0,1,50,1,49.3852,0.6114544438414747,0.13563677267449442,246926,128,lspar,0.5,0.50219,ok,10,0.2564970685671062,0.001257711820854924,0.2539338822379835,0.25808116366054734,0.8066363621931023,0.00354241203668442,0.8013820741067943,0.8138165252699059,0.26012012527794004,0.0013422859997577923,0.25884307644081506,0.2629495764281339,0.8174516661520178,0.004201306500215139,0.8113078733312116,0.8274729854684962,0.0036230567108338496,0.010815303958915501,0.000761912780267715,-0.0025086519386943174
sbm_ps,0,1,50,1,49.3852,0.6114544438414747,0.13563677267449442,246926,128,lspar,0.2,0.1999,ok,10,0.2564970685671062,0.001257711820854924,0.2539338822379835,0.25808116366054734,0.8066363621931023,0.00354241203668442,0.8013820741067943,0.8138165252699059,0.2622820351943506,0.001115221804799734,0.26009899418166527,0.2636260135461184,0.8375705455045142,0.002473245531474718,0.8328415597861265,0.8409831089284413,0.0057849666272444256,0.030934183311411845,0.002017830521117925,0.019025034516220618
sbm_ps,0,1,50,1,49.3852,0.6114544438414747,0.13563677267449442,246926,128,lspar,0.15,0.14503,ok,10,0.2564970685671062,0.001257711820854924,0.2539338822379835,0.25808116366054734,0.8066363621931023,0.00354241203668442,0.8013820741067943,0.8138165252699059,0.2598421783396813,0.001237249867496278,0.25807094652140766,0.26225606350773467,0.8396241215343639,0.0032083627534605515,0.8338401081264939,0.8439940417789008,0.0033451097725751278,0.032987759341261635,-1.021713913967881e-05,0.020023582856588007
sbm_ps,0,1,50,1,49.3852,0.6114544438414747,0.13563677267449442,246926,128,dspar,0.5,0.5003,ok,10,0.2564970685671062,0.001257711820854924,0.2539338822379835,0.25808116366054734,0.8066363621931023,0.00354241203668442,0.8013820741067943,0.8138165252699059,0.24629569946441293,0.0023248601315649033,0.24296657496647242,0.2503304364786578,0.7705689774885025,0.00644566880828205,0.7612439834172812,0.7810984081393236,-0.010201369102693258,-0.0360673847045998,-0.01511458869407492,-0.05257254185262472
sbm_ps,0,1,50,1,49.3852,0.6114544438414747,0.13563677267449442,246926,128,dspar,0.2,0.19919,ok,10,0.2564970685671062,0.001257711820854924,0.2539338822379835,0.25808116366054734,0.8066363621931023,0.00354241203668442,0.8013820741067943,0.8138165252699059,0.13848619447171248,0.004121474789035992,0.12844237424121574,0.14398556839110843,0.41571439486835204,0.01225890549490108,0.38725789662731064,0.42783549845216595,-0.11801087409539371,-0.39092196732475026,-0.1296387894193316,-0.42655862864259525
sbm_ps,0,1,50,1,49.3852,0.6114544438414747,0.13563677267449442,246926,128,dspar,0.15,0.14855,ok,10,0.2564970685671062,0.001257711820854924,0.2539338822379835,0.25808116366054734,0.8066363621931023,0.00354241203668442,0.8013820741067943,0.8138165252699059,0.07628562905334577,0.0020135775885588817,0.07358487434994769,0.08010090203809872,0.22842220286470655,0.005462915847515716,0.21971995218870266,0.23743206319404533,-0.18021143951376042,-0.5782141593283958,-0.18449628931059964,-0.5940965730812032
sbm_ps,0,1,50,1,49.3852,0.6114544438414747,0.13563677267449442,246926,128,random,0.5,0.5,ok,10,0.2564970685671062,0.001257711820854924,0.2539338822379835,0.25808116366054734,0.8066363621931023,0.00354241203668442,0.8013820741067943,0.8138165252699059,0.24587494812556296,0.0019232054841882543,0.24245923522916746,0.24825442713201334,0.7590676967714913,0.006047072243827775,0.7492918975284387,0.7671005451748435,-0.010622120441543231,-0.04756866542161098,-0.015621928431379883,-0.06452462774146717
sbm_ps,0,1,50,1,49.3852,0.6114544438414747,0.13563677267449442,246926,128,random,0.2,0.2,ok,10,0.2564970685671062,0.001257711820854924,0.2539338822379835,0.25808116366054734,0.8066363621931023,0.00354241203668442,0.8013820741067943,0.8138165252699059,0.1466081554714084,0.004530976405018704,0.13669104849200114,0.1515334740346426,0.4368717000388661,0.011672867644406395,0.40956763840999705,0.45198267738412456,-0.10988891309569779,-0.3697646621542362,-0.1213901151685462,-0.40424888685990884
sbm_ps,0,1,50,1,49.3852,0.6114544438414747,0.13563677267449442,246926,128,random,0.15,0.15,ok,10,0.2564970685671062,0.001257711820854924,0.2539338822379835,0.25808116366054734,0.8066363621931023,0.00354241203668442,0.8013820741067943,0.8138165252699059,0.07746601014871787,0.00272095934107643,0.07399775164479737,0.08468431596359645,0.23464723966408413,0.008922844895805056,0.22242721252331676,0.25784050945887904,-0.17903105841838832,-0.5719891225290181,-0.18408341201574996,-0.5913893127465891
sbm_ps,0,1,50,2,49.086,0.6106547691806218,0.13587892513062463,245430,95,lspar,0.5,0.49785,ok,10,0.2401479772375686,0.002304579597559766,0.23572052408746139,0.24439070894266884,0.7669420571670201,0.007576832900143198,0.7518503730362768,0.7789483566307147,0.2452466043476353,0.0017545159147208773,0.2421534311518018,0.2474107977286477,0.7886678689295914,0.005745100212030319,0.7803587422594043,0.799657405025575,0.0050986271100667,0.021725811762571268,-0.0022372777908670483,0.0014103856286895589
sbm_ps,0,1,50,2,49.086,0.6106547691806218,0.13587892513062463,245430,95,lspar,0.2,0.19707,ok,10,0.2401479772375686,0.002304579597559766,0.23572052408746139,0.24439070894266884,0.7669420571670201,0.007576832900143198,0.7518503730362768,0.7789483566307147,0.24956114138451052,0.0012304626296193379,0.2475687983376832,0.25109106167542994,0.8157115515489994,0.0044540325302839115,0.8076106768698915,0.8227921452385676,0.009413164146941932,0.048769494381979306,0.0031780893950143496,0.02866232023917681
sbm_ps,0,1,50,2,49.086,0.6106547691806218,0.13587892513062463,245430,95,lspar,0.15,0.15298,ok,10,0.2401479772375686,0.002304579597559766,0.23572052408746139,0.24439070894266884,0.7669420571670201,0.007576832900143198,0.7518503730362768,0.7789483566307147,0.24780302353954475,0.0010947805495711664,0.24537915870312055,0.2490295940933377,0.8168021885228971,0.004031065435618917,0.8090428201024588,0.8214838396310815,0.007655046301976165,0.04986013135587697,0.000988449760451704,0.03009446347174405
sbm_ps,0,1,50,2,49.086,0.6106547691806218,0.13587892513062463,245430,95,dspar,0.5,0.49958,ok,10,0.2401479772375686,0.002304579597559766,0.23572052408746139,0.24439070894266884,0.7669420571670201,0.007576832900143198,0.7518503730362768,0.7789483566307147,0.23023285809402966,0.002122622609905481,0.2272815469421285,0.23352229001619598,0.727267632931598,0.012398008137024992,0.7091427573973076,0.7530722836487503,-0.00991511914353893,-0.03967442423542211,-0.017109162000540357,-0.06980559923340712
sbm_ps,0,1,50,2,49.086,0.6106547691806218,0.13587892513062463,245430,95,dspar,0.2,0.19931,ok,10,0.2401479772375686,0.002304579597559766,0.23572052408746139,0.24439070894266884,0.7669420571670201,0.007576832900143198,0.7518503730362768,0.7789483566307147,0.10806688511352806,0.004908424612420827,0.09817277957844026,0.11652337256524638,0.29383269581992855,0.016480267787092454,0.26723259536839783,0.3184685316301305,-0.1320810921240405,-0.4731093613470916,-0.1462179293642286,-0.5117157612623169
sbm_ps,0,1,50,2,49.086,0.6106547691806218,0.13587892513062463,245430,95,dspar,0.15,0.14928,ok,10,0.2401479772375686,0.002304579597559766,0.23572052408746139,0.24439070894266884,0.7669420571670201,0.007576832900143198,0.7518503730362768,0.7789483566307147,0.06693733512247282,0.001151229778542825,0.06455393607905638,0.06889782335545966,0.1660489151884952,0.0025120448617572295,0.1621507325918604,0.17185256534879745,-0.17321064211509576,-0.600893141978525,-0.17983677286361247,-0.6167976240388543
sbm_ps,0,1,50,2,49.086,0.6106547691806218,0.13587892513062463,245430,95,random,0.5,0.5,ok,10,0.2401479772375686,0.002304579597559766,0.23572052408746139,0.24439070894266884,0.7669420571670201,0.007576832900143198,0.7518503730362768,0.7789483566307147,0.22828821157070775,0.002169532293436241,0.2251846146448827,0.23187716241220183,0.7188088340587313,0.007918300358831256,0.7053740768619677,0.7318574912626105,-0.011859765666860839,-0.048133223108288825,-0.019206094297786136,-0.07357427976874698
sbm_ps,0,1,50,2,49.086,0.6106547691806218,0.13587892513062463,245430,95,random,0.2,0.2,ok,10,0.2401479772375686,0.002304579597559766,0.23572052408746139,0.24439070894266884,0.7669420571670201,0.007576832900143198,0.7518503730362768,0.7789483566307147,0.11085165736977491,0.005561001610279633,0.10120044920266462,0.12051042108123815,0.30591302701438383,0.019059940350075695,0.2758621278251288,0.344544349999384,-0.12929631986779366,-0.4610290301526363,-0.1431902597400042,-0.503086228805586
sbm_ps,0,1,50,2,49.086,0.6106547691806218,0.13587892513062463,245430,95,random,0.15,0.15,ok,10,0.2401479772375686,0.002304579597559766,0.23572052408746139,0.24439070894266884,0.7669420571670201,0.007576832900143198,0.7518503730362768,0.7789483566307147,0.06748110641269917,0.0016707533847731952,0.06349788269649871,0.06999835961569814,0.17001087439906293,0.005870508458104783,0.15406135354867834,0.17475202877235782,-0.17266687082486942,-0.5969311827679572,-0.18089282624617015,-0.6248870030820364
sbm_ps,0,1,50,3,49.2718,0.6123502693224117,0.13755634888399645,246359,101,lspar,0.5,0.50218,ok,10,0.24911913867325505,0.003147747464817018,0.24202423289653624,0.253906337814162,0.7913608699084527,0.01020981372254277,0.7701933556098159,0.811946259136307,0.25409896768221907,0.0014480497110690147,0.25077322338219055,0.25650792518824694,0.8097447419847394,0.005526335258537864,0.7966756106328065,0.8184756619660186,0.004979829008964015,0.018383872076286778,-0.003133114431971451,-0.015270648503500572
sbm_ps,0,1,50,3,49.2718,0.6123502693224117,0.13755634888399645,246359,101,lspar,0.2,0.19699,ok,10,0.24911913867325505,0.003147747464817018,0.24202423289653624,0.253906337814162,0.7913608699084527,0.01020981372254277,0.7701933556098159,0.811946259136307,0.25551749778901256,0.0010231110615134854,0.2539189414433149,0.25697220742632737,0.824081437015527,0.0034463626938601374,0.8161678101674612,0.8290060053534128,0.006398359115757507,0.03272056710707438,1.2603629152896367e-05,0.00422155103115418
sbm_ps,0,1,50,3,49.2718,0.6123502693224117,0.13755634888399645,246359,101,lspar,0.15,0.15289,ok,10,0.24911913867325505,0.003147747464817018,0.24202423289653624,0.253906337814162,0.7913608699084527,0.01020981372254277,0.7701933556098159,0.811946259136307,0.25510787572490445,0.0010903524524456321,0.2533425606888767,0.2566600818206782,0.8293409703922545,0.003336600276467755,0.8252072169600734,0.8355902234436823,0.005988737051649401,0.03798010048380185,-0.0005637771252853252,0.01326095782376635
sbm_ps,0,1,50,3,49.2718,0.6123502693224117,0.13755634888399645,246359,101,dspar,0.5,0.50059,ok,10,0.24911913867325505,0.003147747464817018,0.24202423289653624,0.253906337814162,0.7913608699084527,0.01020981372254277,0.7701933556098159,0.811946259136307,0.2370636828750518,0.0024081314078690384,0.232858370434715,0.2398284127468387,0.7433754490339626,0.0062393232033205225,0.7284097301987358,0.7527740032460084,-0.012055455798203246,-0.04798542087449009,-0.021047967379447002,-0.08353652893757124
sbm_ps,0,1,50,3,49.2718,0.6123502693224117,0.13755634888399645,246359,101,dspar,0.2,0.20043,ok,10,0.24911913867325505,0.003147747464817018,0.24202423289653624,0.253906337814162,0.7913608699084527,0.01020981372254277,0.7701933556098159,0.811946259136307,0.10515576627147676,0.003784202766302157,0.10002801913255208,0.11234413962062972,0.2981180145320722,0.012015598887379693,0.2779652216508578,0.321141120718842,-0.1439633724017783,-0.49324285537638046,-0.15387831868160992,-0.5339810374854492
sbm_ps,0,1,50,3,49.2718,0.6123502693224117,0.13755634888399645,246359,101,dspar,0.15,0.15009,ok,10,0.24911913867325505,0.003147747464817018,0.24202423289653624,0.253906337814162,0.7913608699084527,0.01020981372254277,0.7701933556098159,0.811946259136307,0.06722784033604065,0.0008506796283886285,0.06618399508323367,0.06919549347106219,0.17476082648037627,0.00357535866762579,0.167079530534495,0.18154329047205806,-0.1818912983372144,-0.6166000434280764,-0.18772234273092833,-0.644866728601812
sbm_ps,0,1,50,3,49.2718,0.6123502693224117,0.13755634888399645,246359,101,random,0.5,0.5,ok,10,0.24911913867325505,0.003147747464817018,0.24202423289653624,0.253906337814162,0.7913608699084527,0.01020981372254277,0.7701933556098159,0.811946259136307,0.23513532735596615,0.0017973121573319456,0.23147618323790548,0.23748782843661317,0.7372882102289592,0.008116577077795707,0.7207044626983847,0.7493185268464879,-0.013983811317288902,-0.054072659679493484,-0.022430154576256522,-0.0912417964379223
sbm_ps,0,1,50,3,49.2718,0.6123502693224117,0.13755634888399645,246359,101,random,0.2,0.2,ok,10,0.24911913867325505,0.003147747464817018,0.24202423289653624,0.253906337814162,0.7913608699084527,0.01020981372254277,0.7701933556098159,0.811946259136307,0.10503939773076527,0.005641511447874447,0.09325282578771445,0.11168422038877597,0.297279071652605,0.019143847248467617,0.25863466671607993,0.31885430876673887,-0.14407974094248976,-0.4940817982558477,-0.16065351202644756,-0.5533115924202271
sbm_ps,0,1,50,3,49.2718,0.6123502693224117,0.13755634888399645,246359,101,random,0.15,0.15,ok,10,0.24911913867325505,0.003147747464817018,0.24202423289653624,0.253906337814162,0.7913608699084527,0.01020981372254277,0.7701933556098159,0.811946259136307,0.06646140939781184,0.001357175124585813,0.06398774842465212,0.06837884338714557,0.1732859295829196,0.004668631544943801,0.16293426279431286,0.17812180174171735,-0.18265772927544321,-0.618074940325533,-0.1899185893895099,-0.6490119963419941
sbm_ps,0,1,100,1,101.9802,0.6425168807278275,0.09877985752474228,509901,128,lspar,0.5,0.5043,ok,10,0.2140809000266351,0.002614946258889888,0.21010676711105916,0.21791662038841234,0.8153441718886631,0.004076552268590209,0.8096632578297599,0.8231695803736122,0.21741045028865943,0.001931928773031747,0.21303219522931827,0.22064661225816368,0.8257194424871361,0.00401984679500753,0.815429959973322,0.830354309885545,0.0033295502620243334,0.010375270598472985,-0.004884425159094069,-0.0077396204002901925
sbm_ps,0,1,100,1,101.9802,0.6425168807278275,0.09877985752474228,509901,128,lspar,0.2,0.20199,ok,10,0.2140809000266351,0.002614946258889888,0.21010676711105916,0.21791662038841234,0.8153441718886631,0.004076552268590209,0.8096632578297599,0.8231695803736122,0.22648968844545853,0.0010382175059597978,0.2245225172308527,0.22819734200320388,0.8557635860851646,0.0016069410313074269,0.8527923679389683,0.8578211410090947,0.012408788418823424,0.04041941419650141,0.0066058968424403675,0.02962278756535608
sbm_ps,0,1,100,1,101.9802,0.6425168807278275,0.09877985752474228,509901,128,lspar,0.15,0.15034,ok,10,0.2140809000266351,0.002614946258889888,0.21010676711105916,0.21791662038841234,0.8153441718886631,0.004076552268590209,0.8096632578297599,0.8231695803736122,0.22445194709771005,0.0023398107055696287,0.2204336703924098,0.22830401390894597,0.8568979067781314,0.0023845784772000738,0.8532339373945147,0.861651033960779,0.010371047071074946,0.04155373488946823,0.002517050003997462,0.030064357020902488
sbm_ps,0,1,100,1,101.9802,0.6425168807278275,0.09877985752474228,509901,128,dspar,0.5,0.50028,ok,10,0.2140809000266351,0.002614946258889888,0.21010676711105916,0.21791662038841234,0.8153441718886631,0.004076552268590209,0.8096632578297599,0.8231695803736122,0.2127878471856021,0.0014325617603827864,0.21102921916860531,0.21646250471425235,0.8073755910281569,0.004224273770185851,0.7998389687384941,0.8148073612660507,-0.00129305284103301,-0.007968580860506225,-0.006887401219807021,-0.02333061163511807
sbm_ps,0,1,100,1,101.9802,0.6425168807278275,0.09877985752474228,509901,128,dspar,0.2,0.19976,ok,10,0.2140809000266351,0.002614946258889888,0.21010676711105916,0.21791662038841234,0.8153441718886631,0.004076552268590209,0.8096632578297599,0.8231695803736122,0.19496257762729935,0.003490189249084391,0.1913677234952844,0.20129694764460496,0.7165831170877981,0.011175934447913816,0.7019456626957989,0.7351413339144572,-0.019118322399335752,-0.09876105480086506,-0.02654889689312795,-0.12122391767781326
sbm_ps,0,1,100,1,101.9802,0.6425168807278275,0.09877985752474228,509901,128,dspar,0.15,0.14936,ok,10,0.2140809000266351,0.002614946258889888,0.21010676711105916,0.21791662038841234,0.8153441718886631,0.004076552268590209,0.8096632578297599,0.8231695803736122,0.1723946309309559,0.0021681623328399075,0.16925411232950202,0.17610210438109825,0.6312519778396968,0.007761417739204475,0.6189974491481215,0.6440125230272931,-0.04168626909567921,-0.18409219404896637,-0.048662508058910314,-0.20417213122549072
sbm_ps,0,1,100,1,101.9802,0.6425168807278275,0.09877985752474228,509901,128,random,0.5,0.5,ok,10,0.2140809000266351,0.002614946258889888,0.21010676711105916,0.21791662038841234,0.8153441718886631,0.004076552268590209,0.8096632578297599,0.8231695803736122,0.21327452482165654,0.0016850622746473647,0.21035669886676478,0.2159387619252726,0.8062566846427591,0.004852343634174179,0.795506432969521,0.8136743465133045,-0.00080637520497856,-0.009087487245904025,-0.007559921521647556,-0.02766314740409126
sbm_ps,0,1,100,1,101.9802,0.6425168807278275,0.09877985752474228,509901,128,random,0.2,0.2,ok,10,0.2140809000266351,0.002614946258889888,0.21010676711105916,0.21791662038841234,0.8153441718886631,0.004076552268590209,0.8096632578297599,0.8231695803736122,0.19501668603882222,0.002201514681488583,0.19208889361904805,0.19922504020551837,0.7147605030103459,0.00642881569137307,0.7087077544348476,0.7297179953030231,-0.019064213987812884,-0.10058366887831727,-0.02582772676936429,-0.11446182593876464
sbm_ps,0,1,100,1,101.9802,0.6425168807278275,0.09877985752474228,509901,128,random,0.15,0.15,ok,10,0.2140809000266351,0.002614946258889888,0.21010676711105916,0.21791662038841234,0.8153441718886631,0.004076552268590209,0.8096632578297599,0.8231695803736122,0.17154914955812825,0.0036580453724010067,0.1667786337440911,0.17641694431362676,0.6297878194364087,0.009931682284018006,0.6099825152328352,0.6402080250166204,-0.04253175046850685,-0.18555635245225444,-0.05113798664432123,-0.213187065140777
sbm_ps,0,1,100,2,101.8912,0.6414940642567759,0.09645561696392987,509456,95,lspar,0.5,0.49691,ok,10,0.1995874406865795,0.0021386081929512845,0.19590247736464653,0.20323158872128497,0.774625462425944,0.006086845695704718,0.7646932337171778,0.7851826333950691,0.20875178709343922,0.0025009045030248258,0.2040742285121336,0.21280154244611782,0.8075424022095958,0.006579580633340575,0.7942746246870881,0.8178006143073614,0.00916434640685973,0.032916939783651844,0.0008426397908486427,0.009091991292018986
sbm_ps,0,1,100,2,101.8912,0.6414940642567759,0.09645561696392987,509456,95,lspar,0.2,0.19601,ok,10,0.1995874406865795,0.0021386081929512845,0.19590247736464653,0.20323158872128497,0.774625462425944,0.006086845695704718,0.7646932337171778,0.7851826333950691,0.21730467540200174,0.0018374188882927319,0.21353360796272403,0.22092211638266435,0.8421556199145863,0.003584756786576923,0.8356195815733941,0.8482926199184946,0.017717234715422248,0.06753015748864233,0.010302019241439059,0.050436948178325
sbm_ps,0,1,100,2,101.8912,0.6414940642567759,0.09645561696392987,509456,95,lspar,0.15,0.14529,ok,10,0.1995874406865795,0.0021386081929512845,0.19590247736464653,0.20323158872128497,0.774625462425944,0.006086845695704718,0.7646932337171778,0.7851826333950691,0.2181773361008362,0.0012749343221322706,0.21636316353530682,0.2205009171019692,0.850852020281587,0.0025686722558145333,0.8473093842646944,0.8554334174575933,0.018589895414256707,0.07622655785564303,0.013131574814021857,0.06212675086962527
sbm_ps,0,1,100,2,101.8912,0.6414940642567759,0.09645561696392987,509456,95,dspar,0.5,0.49971,ok,10,0.1995874406865795,0.0021386081929512845,0.19590247736464653,0.20323158872128497,0.774625462425944,0.006086845695704718,0.7646932337171778,0.7851826333950691,0.1995151151834212,0.001570665211970131,0.1971092649681588,0.2019649668805007,0.7677705613781645,0.006942761650596093,0.7495326776465371,0.7756515915293984,-7.232550315830477e-05,-0.006854901047779527,-0.006122323753126158,-0.035649955748532025
sbm_ps,0,1,100,2,101.8912,0.6414940642567759,0.09645561696392987,509456,95,dspar,0.2,0.19975,ok,10,0.1995874406865795,0.0021386081929512845,0.19590247736464653,0.20323158872128497,0.774625462425944,0.006086845695704718,0.7646932337171778,0.7851826333950691,0.17842322299970462,0.003527505939065885,0.17205125002674412,0.1838780464717135,0.6645383575621381,0.011201309831448255,0.6420299180383949,0.6819866278951772,-0.021164217686874875,-0.1100871048638059,-0.031180338694540843,-0.14315271535667418
sbm_ps,0,1,100,2,101.8912,0.6414940642567759,0.09645561696392987,509456,95,dspar,0.15,0.14968,ok,10,0.1995874406865795,0.0021386081929512845,0.19590247736464653,0.20323158872128497,0.774625462425944,0.006086845695704718,0.7646932337171778,0.7851826333950691,0.14732812499269493,0.0024460972104682634,0.14454433657865418,0.15369456229901773,0.5346651414615472,0.008537482368531992,0.5252130346741997,0.5573087144089443,-0.05225931569388456,-0.2399603209643968,-0.05868725214263079,-0.25996959872086944
sbm_ps,0,1,100,2,101.8912,0.6414940642567759,0.09645561696392987,509456,95,random,0.5,0.5,ok,10,0.1995874406865795,0.0021386081929512845,0.19590247736464653,0.20323158872128497,0.774625462425944,0.006086845695704718,0.7646932337171778,0.7851826333950691,0.19960286580374276,0.0038212905131372976,0.1936967463929188,0.20346177869125448,0.7683178101188206,0.01085489181995554,0.745822619685101,0.783512669025849,1.5425117163264668e-05,-0.006307652307123379,-0.009534842328366155,-0.03936001370996811
sbm_ps,0,1,100,2,101.8912,0.6414940642567759,0.09645561696392987,509456,95,random,0.2,0.2,ok,10,0.1995874406865795,0.0021386081929512845,0.19590247736464653,0.20323158872128497,0.774625462425944,0.006086845695704718,0.7646932337171778,0.7851826333950691,0.1754897318449706,0.0020046922989214043,0.1733574190406618,0.1793405365035528,0.6519121662019794,0.00897179111190191,0.6366833193836444,0.6620887843921842,-0.02409770884160889,-0.12271329622396454,-0.029874169680623175,-0.1484993140114247
sbm_ps,0,1,100,2,101.8912,0.6414940642567759,0.09645561696392987,509456,95,random,0.15,0.15,ok,10,0.1995874406865795,0.0021386081929512845,0.19590247736464653,0.20323158872128497,0.774625462425944,0.006086845695704718,0.7646932337171778,0.7851826333950691,0.14276229622751951,0.006214664183602398,0.1331055777132998,0.15321139566689757,0.5312115262225339,0.017144351640170155,0.5076381600371529,0.5571566283600603,-0.05682514445905998,-0.24341393620341012,-0.07012601100798516,-0.2775444733579162
sbm_ps,0,1,100,3,101.4414,0.6410656792985902,0.09858665468425977,507207,101,lspar,0.5,0.4965,ok,10,0.21169716414507925,0.003019676180052116,0.20817396444127567,0.21843780902831328,0.8050413791143578,0.00773276493189421,0.7938474334257399,0.8236279837323991,0.21820126965965544,0.002100590092584876,0.21524916150923054,0.22098727456811348,0.8252014893876819,0.005693020070619234,0.8160535010141665,0.8328942832441211,0.006504105514576197,0.020160110273324094,-0.003188647519082738,-0.007574482718232578
sbm_ps,0,1,100,3,101.4414,0.6410656792985902,0.09858665468425977,507207,101,lspar,0.2,0.19742,ok,10,0.21169716414507925,0.003019676180052116,0.20817396444127567,0.21843780902831328,0.8050413791143578,0.00773276493189421,0.7938474334257399,0.8236279837323991,0.22481363573383767,0.0010527671477227676,0.22321690157391155,0.22684037901622583,0.8549600993615927,0.0025947802287902147,0.848746537498367,0.8588561684969286,0.013116471588758422,0.04991872024723487,0.004779092545598274,0.025118553765967944
sbm_ps,0,1,100,3,101.4414,0.6410656792985902,0.09858665468425977,507207,101,lspar,0.15,0.14672,ok,10,0.21169716414507925,0.003019676180052116,0.20817396444127567,0.21843780902831328,0.8050413791143578,0.00773276493189421,0.7938474334257399,0.8236279837323991,0.22429989864927288,0.0009817060340440158,0.2216312806207435,0.2250917738598201,0.8584152182397082,0.002531713095041884,0.8528445395749383,0.8617301449736254,0.012602734504193636,0.05337383912535043,0.0031934715924302193,0.029216555842539238
sbm_ps,0,1,100,3,101.4414,0.6410656792985902,0.09858665468425977,507207,101,dspar,0.5,0.49914,ok,10,0.21169716414507925,0.003019676180052116,0.20817396444127567,0.21843780902831328,0.8050413791143578,0.00773276493189421,0.7938474334257399,0.8236279837323991,0.2106669685416714,0.0025609266946427073,0.20631501080521653,0.21349938618163877,0.79228412782076,0.009261546193471356,0.7799936584575369,0.8067186507187559,-0.0010301956034078352,-0.012757251293597838,-0.012122798223096753,-0.04363432527486222
sbm_ps,0,1,100,3,101.4414,0.6410656792985902,0.09858665468425977,507207,101,dspar,0.2,0.20007,ok,10,0.21169716414507925,0.003019676180052116,0.20817396444127567,0.21843780902831328,0.8050413791143578,0.00773276493189421,0.7938474334257399,0.8236279837323991,0.18594617732208518,0.006354533053400546,0.17443995296295797,0.19276991453761846,0.6828786749288701,0.020009907655260773,0.6555272039372741,0.7135858857346038,-0.025750986822994065,-0.12216270418548769,-0.043997856065355306,-0.16810077979512494
sbm_ps,0,1,100,3,101.4414,0.6410656792985902,0.09858665468425977,507207,101,dspar,0.15,0.14971,ok,10,0.21169716414507925,0.003019676180052116,0.20817396444127567,0.21843780902831328,0.8050413791143578,0.00773276493189421,0.7938474334257399,0.8236279837323991,0.15683474861047503,0.0029135348007469125,0.1528102138268319,0.1605612802364943,0.569118616693731,0.011218972937734743,0.5475860321323552,0.5894273246639204,-0.05486241553460422,-0.23592276242062682,-0.06562759520148137,-0.27604195160004386
sbm_ps,0,1,100,3,101.4414,0.6410656792985902,0.09858665468425977,507207,101,random,0.5,0.5,ok,10,0.21169716414507925,0.003019676180052116,0.20817396444127567,0.21843780902831328,0.8050413791143578,0.00773276493189421,0.7938474334257399,0.8236279837323991,0.21132875025502273,0.001447160419354362,0.20780260697480754,0.21350290519247267,0.7909436328349843,0.004364495725421668,0.7855307816882066,0.7970956615860427,-0.0003684138900565126,-0.014097746279373546,-0.010635202053505738,-0.038097202044192535
sbm_ps,0,1,100,3,101.4414,0.6410656792985902,0.09858665468425977,507207,101,random,0.2,0.2,ok,10,0.21169716414507925,0.003019676180052116,0.20817396444127567,0.21843780902831328,0.8050413791143578,0.00773276493189421,0.7938474334257399,0.8236279837323991,0.18668776694952594,0.003681906749881601,0.1789450019038237,0.1917938272433488,0.678264573689401,0.013681706996259783,0.647860380188911,0.6952590206100935,-0.025009397195553312,-0.12677680542495684,-0.039492807124489576,-0.17576760354348808
sbm_ps,0,1,100,3,101.4414,0.6410656792985902,0.09858665468425977,507207,101,random,0.15,0.15,ok,10,0.21169716414507925,0.003019676180052116,0.20817396444127567,0.21843780902831328,0.8050413791143578,0.00773276493189421,0.7938474334257399,0.8236279837323991,0.15161097477033172,0.00456266861081276,0.14618153537984674,0.1598644676829309,0.5534861091711212,0.01506779221308066,0.535915534654497,0.5796259665226379,-0.06008618937474752,-0.2515552699432366,-0.07225627364846654,-0.28771244907790205
sbm_ps,0,1,200,1,220.1428,0.6731939450211408,0.06987910078358177,1100714,78,lspar,0.5,0.50221,ok,10,0.19070063813668792,0.003243135995003244,0.1860108772779922,0.1956496465432254,0.8055681412667296,0.010263591632200883,0.7875076964186642,0.8159566559070481,0.1965820625617594,0.0020067897581659095,0.19460979752582647,0.20119021995786843,0.8239965446549034,0.005726219565121196,0.8166137241781225,0.8350729267550027,0.005881424425071474,0.018428403388173753,-0.001039849017398925,0.000657068271074368
sbm_ps,0,1,200,1,220.1428,0.6731939450211408,0.06987910078358177,1100714,78,lspar,0.2,0.19614,ok,10,0.19070063813668792,0.003243135995003244,0.1860108772779922,0.1956496465432254,0.8055681412667296,0.010263591632200883,0.7875076964186642,0.8159566559070481,0.2106869290453322,0.0019025940008614835,0.20629070490583282,0.2131987127707676,0.8762648878589555,0.0040597168650270705,0.8686223958524202,0.8819192398603791,0.01998629090864429,0.07069674659222591,0.010641058362607425,0.05266573994537205
sbm_ps,0,1,200,1,220.1428,0.6731939450211408,0.06987910078358177,1100714,78,lspar,0.15,0.14876,ok,10,0.19070063813668792,0.003243135995003244,0.1860108772779922,0.1956496465432254,0.8055681412667296,0.010263591632200883,0.7875076964186642,0.8159566559070481,0.21173341865708556,0.0015090658528737475,0.20962105413899465,0.21434494526964856,0.8850551829983614,0.00306263607748876,0.8816372108622668,0.8897362373266617,0.021032780520397643,0.07948704173163179,0.013971407595769259,0.06568055495521863
sbm_ps,0,1,200,1,220.1428,0.6731939450211408,0.06987910078358177,1100714,78,dspar,0.5,0.50037,ok,10,0.19070063813668792,0.003243135995003244,0.1860108772779922,0.1956496465432254,0.8055681412667296,0.010263591632200883,0.7875076964186642,0.8159566559070481,0.19298529677070264,0.0038123382395235913,0.18508848883006154,0.19780247429831563,0.800179112523273,0.009734387413528063,0.7790749095523318,0.8147554207513362,0.0022846586340147246,-0.005389028743456592,-0.010561157713163849,-0.036881746354716305
sbm_ps,0,1,200,1,220.1428,0.6731939450211408,0.06987910078358177,1100714,78,dspar,0.2,0.19963,ok,10,0.19070063813668792,0.003243135995003244,0.1860108772779922,0.1956496465432254,0.8055681412667296,0.010263591632200883,0.7875076964186642,0.8159566559070481,0.1935479334885239,0.0038504786965377607,0.18706186221895657,0.1990809353645165,0.7831559533562917,0.008697184092848366,0.7693970285944364,0.7970969831448584,0.0028472953518359767,-0.022412187910437864,-0.008587784324268821,-0.04655962731261176
sbm_ps,0,1,200,1,220.1428,0.6731939450211408,0.06987910078358177,1100714,78,dspar,0.15,0.14955,ok,10,0.19070063813668792,0.003243135995003244,0.1860108772779922,0.1956496465432254,0.8055681412667296,0.010263591632200883,0.7875076964186642,0.8159566559070481,0.1868400086365658,0.003138183574112614,0.1792463236081137,0.18999134031966988,0.7546888691500167,0.009021307534927994,0.7333829767391543,0.7679004712027659,-0.0038606295001221147,-0.05087927211671295,-0.01640332293511168,-0.08257367916789382
sbm_ps,0,1,200,1,220.1428,0.6731939450211408,0.06987910078358177,1100714,78,random,0.5,0.5,ok,10,0.19070063813668792,0.003243135995003244,0.1860108772779922,0.1956496465432254,0.8055681412667296,0.010263591632200883,0.7875076964186642,0.8159566559070481,0.19192602720020904,0.0033644610473420582,0.18647180656625173,0.19838791575047382,0.7974779028222883,0.010096883520250321,0.7840479690667405,0.813838360011831,0.0012253890635211262,-0.008090238444441344,-0.009177839976973662,-0.031908686840307676
sbm_ps,0,1,200,1,220.1428,0.6731939450211408,0.06987910078358177,1100714,78,random,0.2,0.2,ok,10,0.19070063813668792,0.003243135995003244,0.1860108772779922,0.1956496465432254,0.8055681412667296,0.010263591632200883,0.7875076964186642,0.8159566559070481,0.19157792322461964,0.0019913695933388613,0.18817426991308303,0.1940551712454195,0.7804585201039589,0.005148956184993713,0.7712293277623422,0.786644315115316,0.0008772850879317229,-0.025109621162770712,-0.007475376630142361,-0.044727328144705925
sbm_ps,0,1,200,1,220.1428,0.6731939450211408,0.06987910078358177,1100714,78,random,0.15,0.15,ok,10,0.19070063813668792,0.003243135995003244,0.1860108772779922,0.1956496465432254,0.8055681412667296,0.010263591632200883,0.7875076964186642,0.8159566559070481,0.18623359850667112,0.004383479220211136,0.1768837121911415,0.19129943963556303,0.7594101078694326,0.010217282168412998,0.7413263876873027,0.7716734298393895,-0.004467039630016795,-0.04615803339729696,-0.0187659343520839,-0.07463026821974539
sbm_ps,0,1,200,2,221.2814,0.672959408246694,0.06916597321397087,1106407,64,lspar,0.5,0.50176,ok,10,0.1819332276049443,0.002583964587449751,0.17728807118130344,0.1871716162329756,0.8094955142313832,0.008030546258279557,0.7976925415051664,0.8222177401817758,0.18284490593256872,0.002624288129944325,0.17934847025505327,0.18850406850900073,0.8188654831392317,0.00950264604908671,0.8094909082061928,0.838211062895764,0.0009116783276244267,0.00936996890784847,-0.00782314597792233,-0.012726831975582997
sbm_ps,0,1,200,2,221.2814,0.672959408246694,0.06916597321397087,1106407,64,lspar,0.2,0.20337,ok,10,0.1819332276049443,0.002583964587449751,0.17728807118130344,0.1871716162329756,0.8094955142313832,0.008030546258279557,0.7976925415051664,0.8222177401817758,0.19782659589904145,0.002333447163029233,0.19377781750516135,0.2008224657745374,0.8704808664500204,0.00446070548797161,0.8617324487204164,0.8749422692310048,0.015893368294097154,0.06098535221863721,0.006606201272185752,0.039514708538640586
sbm_ps,0,1,200,2,221.2814,0.672959408246694,0.06916597321397087,1106407,64,lspar,0.15,0.15417,ok,10,0.1819332276049443,0.002583964587449751,0.17728807118130344,0.1871716162329756,0.8094955142313832,0.008030546258279557,0.7976925415051664,0.8222177401817758,0.19849818688808984,0.0011711174300795281,0.19532861835750445,0.1998323864673266,0.8754141674364255,0.0021940201879474147,0.8709801649137514,0.8786917510039897,0.016564959283145553,0.06591865320504231,0.008157002124528856,0.04876242473197556
sbm_ps,0,1,200,2,221.2814,0.672959408246694,0.06916597321397087,1106407,64,dspar,0.5,0.49969,ok,10,0.1819332276049443,0.002583964587449751,0.17728807118130344,0.1871716162329756,0.8094955142313832,0.008030546258279557,0.7976925415051664,0.8222177401817758,0.1813061890467263,0.0030712788955606575,0.17766298291163507,0.18787031718967476,0.7990142378842306,0.011037475725107606,0.7845322175649555,0.8218123156599431,-0.000627038558217996,-0.010481276347152568,-0.009508633321340526,-0.037685522616820344
sbm_ps,0,1,200,2,221.2814,0.672959408246694,0.06916597321397087,1106407,64,dspar,0.2,0.19981,ok,10,0.1819332276049443,0.002583964587449751,0.17728807118130344,0.1871716162329756,0.8094955142313832,0.008030546258279557,0.7976925415051664,0.8222177401817758,0.17764869236755,0.0029736252515847154,0.17102968878145197,0.18322215073353215,0.7660667370285384,0.010935828682591851,0.745431662733311,0.7862958920163199,-0.004284535237394305,-0.04342877720284477,-0.016141927451523624,-0.07678607744846488
sbm_ps,0,1,200,2,221.2814,0.672959408246694,0.06916597321397087,1106407,64,dspar,0.15,0.1496,ok,10,0.1819332276049443,0.002583964587449751,0.17728807118130344,0.1871716162329756,0.8094955142313832,0.008030546258279557,0.7976925415051664,0.8222177401817758,0.1705692741624676,0.0036990242014291346,0.1640696958027746,0.1758913470542747,0.7333140594306063,0.00894062565598277,0.7181185154512812,0.7424741229827474,-0.011363953442476704,-0.07618145480077687,-0.023101920430200984,-0.1040992247304946
sbm_ps,0,1,200,2,221.2814,0.672959408246694,0.06916597321397087,1106407,64,random,0.5,0.5,ok,10,0.1819332276049443,0.002583964587449751,0.17728807118130344,0.1871716162329756,0.8094955142313832,0.008030546258279557,0.7976925415051664,0.8222177401817758,0.18114787371022478,0.0016859878931224734,0.17774042359851874,0.18345462872573776,0.7977896019546982,0.006433495612767801,0.7837546559856359,0.8090397225779286,-0.0007853538947195093,-0.011705912276685049,-0.009431192634456853,-0.038463084196139974
sbm_ps,0,1,200,2,221.2814,0.672959408246694,0.06916597321397087,1106407,64,random,0.2,0.2,ok,10,0.1819332276049443,0.002583964587449751,0.17728807118130344,0.1871716162329756,0.8094955142313832,0.008030546258279557,0.7976925415051664,0.8222177401817758,0.17809228092910753,0.0022921597166946123,0.17400480286333744,0.18097731965380415,0.7648840212766634,0.007638742431810338,0.7509506072244224,0.7758508333643828,-0.0038409466758367594,-0.04461149295471978,-0.013166813369638153,-0.07126713295735343
sbm_ps,0,1,200,2,221.2814,0.672959408246694,0.06916597321397087,1106407,64,random,0.15,0.15,ok,10,0.1819332276049443,0.002583964587449751,0.17728807118130344,0.1871716162329756,0.8094955142313832,0.008030546258279557,0.7976925415051664,0.8222177401817758,0.1705508853603807,0.0018268473457545367,0.16775509347906595,0.17389877421306954,0.7260956187961726,0.009676258078626643,0.7141510337916104,0.74448125280252,-0.011382342244563581,-0.08339989543521065,-0.01941652275390965,-0.10806670639016547
sbm_ps,0,1,200,3,220.3086,0.6713954879655175,0.06703790616598279,1101543,65,lspar,0.5,0.5015,ok,10,0.19678049085603738,0.002930890971647192,0.19242722520261205,0.20317898183742084,0.8217374667913185,0.00944453314458047,0.807018184819145,0.8464422819583639,0.19894537368326515,0.0018176777057686045,0.19606418364049466,0.200891428198085,0.8301273882607985,0.005193119741040638,0.8206941574312175,0.8395310509033426,0.0021648828272277654,0.008389921469479922,-0.007114798196926175,-0.025748124527146365
sbm_ps,0,1,200,3,220.3086,0.6713954879655175,0.06703790616598279,1101543,65,lspar,0.2,0.19922,ok,10,0.19678049085603738,0.002930890971647192,0.19242722520261205,0.20317898183742084,0.8217374667913185,0.00944453314458047,0.807018184819145,0.8464422819583639,0.21461081960703043,0.001649628493749339,0.21213316345232625,0.21689430105171092,0.8854993236452623,0.004178998439171415,0.8794730538856844,0.8919688765524623,0.017830328750993052,0.06376185685394375,0.00895418161490541,0.03303077192732051
sbm_ps,0,1,200,3,220.3086,0.6713954879655175,0.06703790616598279,1101543,65,lspar,0.15,0.14584,ok,10,0.19678049085603738,0.002930890971647192,0.19242722520261205,0.20317898183742084,0.8217374667913185,0.00944453314458047,0.807018184819145,0.8464422819583639,0.21323457867512077,0.0017508897487959361,0.2103287870589812,0.21505409674533657,0.888654224185099,0.0020144432072555472,0.8851269620620766,0.8906807889877757,0.01645408781908339,0.06691675739378045,0.0071498052215603625,0.03868468010371273
sbm_ps,0,1,200,3,220.3086,0.6713954879655175,0.06703790616598279,1101543,65,dspar,0.5,0.49944,ok,10,0.19678049085603738,0.002930890971647192,0.19242722520261205,0.20317898183742084,0.8217374667913185,0.00944453314458047,0.807018184819145,0.8464422819583639,0.1958723550266743,0.003395682284580504,0.1873500852787188,0.1990210412708719,0.8121114278571655,0.009279608195056537,0.7886540073885248,0.8222523091595373,-0.0009081358293630826,-0.009626038934153036,-0.015828896558702038,-0.05778827456983915
sbm_ps,0,1,200,3,220.3086,0.6713954879655175,0.06703790616598279,1101543,65,dspar,0.2,0.19969,ok,10,0.19678049085603738,0.002930890971647192,0.19242722520261205,0.20317898183742084,0.8217374667913185,0.00944453314458047,0.807018184819145,0.8464422819583639,0.19165119888067314,0.003126071535622566,0.18631221485883456,0.1971448571300417,0.7777921487620532,0.011009604343713543,0.7628724843954563,0.8006597747976547,-0.005129291975364242,-0.04394531802926538,-0.016866766978586273,-0.08356979756290761
sbm_ps,0,1,200,3,220.3086,0.6713954879655175,0.06703790616598279,1101543,65,dspar,0.15,0.14974,ok,10,0.19678049085603738,0.002930890971647192,0.19242722520261205,0.20317898183742084,0.8217374667913185,0.00944453314458047,0.807018184819145,0.8464422819583639,0.18506029610287467,0.0033293962571744285,0.1804435183490431,0.19271772770431872,0.7508634181115091,0.013745586915163458,0.7314853753878018,0.7710111929100362,-0.011720194753162716,-0.0708740486798094,-0.02273546348837774,-0.11495690657056212
sbm_ps,0,1,200,3,220.3086,0.6713954879655175,0.06703790616598279,1101543,65,random,0.5,0.5,ok,10,0.19678049085603738,0.002930890971647192,0.19242722520261205,0.20317898183742084,0.8217374667913185,0.00944453314458047,0.807018184819145,0.8464422819583639,0.19434736585630788,0.0026024817889950817,0.18915952956954246,0.19802629868246055,0.8078401332802405,0.009430271238132046,0.7847704264102165,0.8177083068748023,-0.0024331249997295024,-0.013897333511078025,-0.014019452267878374,-0.06167185554814736
sbm_ps,0,1,200,3,220.3086,0.6713954879655175,0.06703790616598279,1101543,65,random,0.2,0.2,ok,10,0.19678049085603738,0.002930890971647192,0.19242722520261205,0.20317898183742084,0.8217374667913185,0.00944453314458047,0.807018184819145,0.8464422819583639,0.19275157020747152,0.002370306118559509,0.1900994246813649,0.1979897331077145,0.7852073961339177,0.00863035366974226,0.7687366124786745,0.800072822354595,-0.004028920648565859,-0.03653007065740088,-0.013079557156055938,-0.07770566947968938
sbm_ps,0,1,200,3,220.3086,0.6713954879655175,0.06703790616598279,1101543,65,random,0.15,0.15,ok,10,0.19678049085603738,0.002930890971647192,0.19242722520261205,0.20317898183742084,0.8217374667913185,0.00944453314458047,0.807018184819145,0.8464422819583639,0.18765359103978663,0.002838388994356819,0.18279879986045777,0.19206453477405,0.7651415206265237,0.01198679074810512,0.7418606940644553,0.7846311243752087,-0.009126899816250755,-0.0565959461647948,-0.020380181976963063,-0.10458158789390859
dcsbm_ps,1,1,10,1,11.1184,0.578950208663117,1.5528322710655245,55592,128,lspar,0.5,0.50333,ok,10,0.36551786569670963,0.0009176381179778059,0.36416052801985294,0.367365401392815,0.5672772821351357,0.006347554163993688,0.5581878202786605,0.5791993851562598,0.35307305925121424,0.0009201440523969209,0.3518146808601887,0.3545556661239779,0.5475994604984101,0.0033134456363467122,0.543352431518216,0.5542975576211496,-0.012444806445495393,-0.0196778216367256,-0.015550720532626294,-0.0358469536380438
dcsbm_ps,1,1,10,1,11.1184,0.578950208663117,1.5528322710655245,55592,128,lspar,0.2,0.15909,ok,10,0.36551786569670963,0.0009176381179778059,0.36416052801985294,0.367365401392815,0.5672772821351357,0.006347554163993688,0.5581878202786605,0.5791993851562598,0.22085250663311293,0.0009753653804308916,0.21949475149554418,0.2230519369234781,0.37204504135570604,0.0026153411292180718,0.3680225235467785,0.3785414095801686,-0.1446653590635967,-0.1952322407794297,-0.1478706498972708,-0.2111768616094813
dcsbm_ps,1,1,10,1,11.1184,0.578950208663117,1.5528322710655245,55592,128,lspar,0.15,0.15909,floor,10,0.36551786569670963,0.0009176381179778059,0.36416052801985294,0.367365401392815,0.5672772821351357,0.006347554163993688,0.5581878202786605,0.5791993851562598,0.22085250663311293,0.0009753653804308916,0.21949475149554418,0.2230519369234781,0.37204504135570604,0.0026153411292180718,0.3680225235467785,0.3785414095801686,-0.1446653590635967,-0.1952322407794297,-0.1478706498972708,-0.2111768616094813
dcsbm_ps,1,1,10,1,11.1184,0.578950208663117,1.5528322710655245,55592,128,dspar,0.5,0.49987,ok,10,0.36551786569670963,0.0009176381179778059,0.36416052801985294,0.367365401392815,0.5672772821351357,0.006347554163993688,0.5581878202786605,0.5791993851562598,0.2568189767854064,0.0026680491412438816,0.25255698204918997,0.2604990204171065,0.3171145869647781,0.006587631099297003,0.30690395664821757,0.32932014127743525,-0.10869888891130325,-0.2501626951703576,-0.11480841934362501,-0.2722954285080422
dcsbm_ps,1,1,10,1,11.1184,0.578950208663117,1.5528322710655245,55592,128,dspar,0.2,0.19954,ok,10,0.36551786569670963,0.0009176381179778059,0.36416052801985294,0.367365401392815,0.5672772821351357,0.006347554163993688,0.5581878202786605,0.5791993851562598,0.1625223508203053,0.0008460939914790418,0.16137527839515367,0.16405386377444442,0.14780792926707437,0.0029879352867716743,0.1439252650836887,0.15244021817953732,-0.20299551487640433,-0.41946935286806136,-0.2059901229976613,-0.4352741200725711
dcsbm_ps,1,1,10,1,11.1184,0.578950208663117,1.5528322710655245,55592,128,dspar,0.15,0.15004,ok,10,0.36551786569670963,0.0009176381179778059,0.36416052801985294,0.367365401392815,0.5672772821351357,0.006347554163993688,0.5581878202786605,0.5791993851562598,0.13918844694061433,0.0003045209107504818,0.13879666623469797,0.13996798563158827,0.14591230911263248,0.0013817174282193029,0.14383366293178249,0.14859354576980063,-0.2263294187560953,-0.42136497302250325,-0.22856873515811701,-0.43536572222447734
dcsbm_ps,1,1,10,1,11.1184,0.578950208663117,1.5528322710655245,55592,128,random,0.5,0.5,ok,10,0.36551786569670963,0.0009176381179778059,0.36416052801985294,0.367365401392815,0.5672772821351357,0.006347554163993688,0.5581878202786605,0.5791993851562598,0.2724531843479219,0.002360306710639892,0.2680017604594714,0.27557496080959104,0.35253858137786576,0.006202075277501755,0.3414244132013958,0.3596083404966316,-0.09306468134878776,-0.21473870075726997,-0.0993636409333436,-0.23777497195486397
dcsbm_ps,1,1,10,1,11.1184,0.578950208663117,1.5528322710655245,55592,128,random,0.2,0.19999,ok,10,0.36551786569670963,0.0009176381179778059,0.36416052801985294,0.367365401392815,0.5672772821351357,0.006347554163993688,0.5581878202786605,0.5791993851562598,0.14049945984211157,0.0013315212263042137,0.13817652764339758,0.1425005270653835,0.1593034500886875,0.003856319359197932,0.15485937854814133,0.16456438895230238,-0.22501840585459806,-0.4079738320464482,-0.2291888737494174,-0.42434000660811844
dcsbm_ps,1,1,10,1,11.1184,0.578950208663117,1.5528322710655245,55592,128,random,0.15,0.15,ok,10,0.36551786569670963,0.0009176381179778059,0.36416052801985294,0.367365401392815,0.5672772821351357,0.006347554163993688,0.5581878202786605,0.5791993851562598,0.11592648076509815,0.0012884460713081323,0.11424020456194203,0.11788558497610022,0.1395978348618208,0.002331396219509145,0.13589820716618012,0.14317395926992066,-0.24959138493161148,-0.4276794472733149,-0.253125196830873,-0.4433011779900797
dcsbm_ps,1,1,10,2,11.0186,0.5770606066106402,1.6554987792286515,55093,95,lspar,0.5,0.50437,ok,10,0.3639444908274163,0.0012007289580150298,0.3620628038134868,0.36542470222742574,0.5177142351998391,0.007680929010215784,0.5025039243347305,0.5276901828155371,0.3520490963542682,0.0014193213158642034,0.3498202249598461,0.3541753419798391,0.4977659491746147,0.0026696014021436215,0.4937762750533597,0.502993425547579,-0.011895394473148135,-0.01994828602522436,-0.01560447726757963,-0.03391390776217745
dcsbm_ps,1,1,10,2,11.0186,0.5770606066106402,1.6554987792286515,55093,95,lspar,0.2,0.16156,ok,10,0.3639444908274163,0.0012007289580150298,0.3620628038134868,0.36542470222742574,0.5177142351998391,0.007680929010215784,0.5025039243347305,0.5276901828155371,0.21140851765030347,0.0005873581935799406,0.21065706059411715,0.21241852587519539,0.3217105272769744,0.0027594728574832994,0.3184338734625477,0.32882335782952143,-0.15253597317711284,-0.19600370792286465,-0.15476764163330858,-0.20925630935298944
dcsbm_ps,1,1,10,2,11.0186,0.5770606066106402,1.6554987792286515,55093,95,lspar,0.15,0.16156,floor,10,0.3639444908274163,0.0012007289580150298,0.3620628038134868,0.36542470222742574,0.5177142351998391,0.007680929010215784,0.5025039243347305,0.5276901828155371,0.21140851765030347,0.0005873581935799406,0.21065706059411715,0.21241852587519539,0.3217105272769744,0.0027594728574832994,0.3184338734625477,0.32882335782952143,-0.15253597317711284,-0.19600370792286465,-0.15476764163330858,-0.20925630935298944
dcsbm_ps,1,1,10,2,11.0186,0.5770606066106402,1.6554987792286515,55093,95,dspar,0.5,0.50123,ok,10,0.3639444908274163,0.0012007289580150298,0.3620628038134868,0.36542470222742574,0.5177142351998391,0.007680929010215784,0.5025039243347305,0.5276901828155371,0.24541156954673443,0.002222998077921052,0.2431842608959872,0.24959170434574945,0.24461354938060925,0.0059851685840677914,0.23312667239528953,0.2549239188074553,-0.11853292128068188,-0.2731006858192298,-0.12224044133143855,-0.29456351042024764
dcsbm_ps,1,1,10,2,11.0186,0.5770606066106402,1.6554987792286515,55093,95,dspar,0.2,0.19941,ok,10,0.3639444908274163,0.0012007289580150298,0.3620628038134868,0.36542470222742574,0.5177142351998391,0.007680929010215784,0.5025039243347305,0.5276901828155371,0.16197033543374595,0.0005084655188286298,0.1612569689244228,0.16270840718330615,0.1165918206063418,0.0013525676044259278,0.11491804812735663,0.11859924038376544,-0.20197415539367036,-0.4011224145934973,-0.20416773330300295,-0.4127721346881805
dcsbm_ps,1,1,10,2,11.0186,0.5770606066106402,1.6554987792286515,55093,95,dspar,0.15,0.14913,ok,10,0.3639444908274163,0.0012007289580150298,0.3620628038134868,0.36542470222742574,0.5177142351998391,0.007680929010215784,0.5025039243347305,0.5276901828155371,0.13759040053986865,0.00044184399242228284,0.13705715303047322,0.13821117332510613,0.11188107376330067,0.0024275861431313087,0.10646937930683824,0.11408087583722805,-0.22635409028754766,-0.40583316143653836,-0.2283675491969525,-0.4212208035086989
dcsbm_ps,1,1,10,2,11.0186,0.5770606066106402,1.6554987792286515,55093,95,random,0.5,0.49999,ok,10,0.3639444908274163,0.0012007289580150298,0.3620628038134868,0.36542470222742574,0.5177142351998391,0.007680929010215784,0.5025039243347305,0.5276901828155371,0.2693647614230811,0.0038316894222629205,0.26598712007900505,0.2769562807777754,0.31196863737071423,0.00705564683427839,0.30312117195065635,0.32403224120087665,-0.09457972940433523,-0.20574559782912483,-0.09943758214842069,-0.2245690108648808
dcsbm_ps,1,1,10,2,11.0186,0.5770606066106402,1.6554987792286515,55093,95,random,0.2,0.20001,ok,10,0.3639444908274163,0.0012007289580150298,0.3620628038134868,0.36542470222742574,0.5177142351998391,0.007680929010215784,0.5025039243347305,0.5276901828155371,0.13784157518811294,0.0018118281876071708,0.13446615446019902,0.14055621479403477,0.12902059112715028,0.0035400843051352723,0.12299744094898338,0.1348936751911414,-0.22610291563930338,-0.3886936440726888,-0.2309585477672267,-0.4046927418665538
dcsbm_ps,1,1,10,2,11.0186,0.5770606066106402,1.6554987792286515,55093,95,random,0.15,0.15,ok,10,0.3639444908274163,0.0012007289580150298,0.3620628038134868,0.36542470222742574,0.5177142351998391,0.007680929010215784,0.5025039243347305,0.5276901828155371,0.11346977108817122,0.0011263326124715096,0.11165373540286656,0.11542828374152005,0.11416187293022073,0.0023833295792622315,0.1099020420838013,0.11859771067079018,-0.25047471973924507,-0.4035523622696183,-0.2537709668245592,-0.41778814073173587
dcsbm_ps,1,1,10,3,11.1904,0.5752073205604804,1.648944455116466,55952,101,lspar,0.5,0.50386,ok,10,0.36338728338366383,0.0012169662059813013,0.36170131214741097,0.3651230843296459,0.5452810973647233,0.005928972335964563,0.5351732010198835,0.5515582109376157,0.3523526114057719,0.0012071080413865248,0.35066845940613406,0.3539772313559402,0.5243822570554201,0.0028077096055872477,0.5199553978812403,0.5281594161137348,-0.01103467197789193,-0.020898840309303224,-0.01445462492351185,-0.031602813056375356
dcsbm_ps,1,1,10,3,11.1904,0.5752073205604804,1.648944455116466,55952,101,lspar,0.2,0.15944,ok,10,0.36338728338366383,0.0012169662059813013,0.36170131214741097,0.3651230843296459,0.5452810973647233,0.005928972335964563,0.5351732010198835,0.5515582109376157,0.21267470057007481,0.0008425986812015014,0.21125002260889456,0.21401987843260661,0.33170743960318394,0.00230581929880707,0.32900561188942196,0.33724210312239483,-0.150712582813589,-0.21357365776153936,-0.15387306172075135,-0.22255259904819374
dcsbm_ps,1,1,10,3,11.1904,0.5752073205604804,1.648944455116466,55952,101,lspar,0.15,0.15944,floor,10,0.36338728338366383,0.0012169662059813013,0.36170131214741097,0.3651230843296459,0.5452810973647233,0.005928972335964563,0.5351732010198835,0.5515582109376157,0.21267470057007481,0.0008425986812015014,0.21125002260889456,0.21401987843260661,0.33170743960318394,0.00230581929880707,0.32900561188942196,0.33724210312239483,-0.150712582813589,-0.21357365776153936,-0.15387306172075135,-0.22255259904819374
dcsbm_ps,1,1,10,3,11.1904,0.5752073205604804,1.648944455116466,55952,101,dspar,0.5,0.49852,ok,10,0.36338728338366383,0.0012169662059813013,0.36170131214741097,0.3651230843296459,0.5452810973647233,0.005928972335964563,0.5351732010198835,0.5515582109376157,0.24360434107883866,0.0025472326901037905,0.241278013774716,0.24984830303783198,0.2646689307404376,0.005245304260391085,0.256621462354524,0.2755874900286771,-0.11978294230482517,-0.2806121666242857,-0.12384507055492991,-0.2949367485830917
dcsbm_ps,1,1,10,3,11.1904,0.5752073205604804,1.648944455116466,55952,101,dspar,0.2,0.19801,ok,10,0.36338728338366383,0.0012169662059813013,0.36170131214741097,0.3651230843296459,0.5452810973647233,0.005928972335964563,0.5351732010198835,0.5515582109376157,0.1606015739271065,0.0005222009853018683,0.15958900344050775,0.16157685663526591,0.13148003851617415,0.0019872330582979855,0.12783979590068817,0.1351046730448189,-0.20278570945655733,-0.4138010588485491,-0.20553408088913816,-0.42371841503692753
dcsbm_ps,1,1,10,3,11.1904,0.5752073205604804,1.648944455116466,55952,101,dspar,0.15,0.14949,ok,10,0.36338728338366383,0.0012169662059813013,0.36170131214741097,0.3651230843296459,0.5452810973647233,0.005928972335964563,0.5351732010198835,0.5515582109376157,0.13685744397297445,0.0005762343965520109,0.1359165657863201,0.13791574163557532,0.1227817707158368,0.002575241092708073,0.11875983596797327,0.12712866342110263,-0.22652983941068938,-0.4224993266488865,-0.2292065185433258,-0.43279837496964246
dcsbm_ps,1,1,10,3,11.1904,0.5752073205604804,1.648944455116466,55952,101,random,0.5,0.5,ok,10,0.36338728338366383,0.0012169662059813013,0.36170131214741097,0.3651230843296459,0.5452810973647233,0.005928972335964563,0.5351732010198835,0.5515582109376157,0.27293463725078304,0.002856342432446163,0.268679558280489,0.277585800927328,0.3335140892432533,0.0049367676986150286,0.3260003989458216,0.34053313175277417,-0.09045264613288079,-0.21176700812146998,-0.0964435260491569,-0.2255578119917941
dcsbm_ps,1,1,10,3,11.1904,0.5752073205604804,1.648944455116466,55952,101,random,0.2,0.19999,ok,10,0.36338728338366383,0.0012169662059813013,0.36170131214741097,0.3651230843296459,0.5452810973647233,0.005928972335964563,0.5351732010198835,0.5515582109376157,0.1382702513381808,0.0015395448193701753,0.13524087335465015,0.14049808370229552,0.1340554088928343,0.0032878406729274653,0.1296875424290146,0.14174046796036044,-0.22511703204548303,-0.411225688471889,-0.22988221097499575,-0.4218706685086011
dcsbm_ps,1,1,10,3,11.1904,0.5752073205604804,1.648944455116466,55952,101,random,0.15,0.15,ok,10,0.36338728338366383,0.0012169662059813013,0.36170131214741097,0.3651230843296459,0.5452810973647233,0.005928972335964563,0.5351732010198835,0.5515582109376157,0.11377240860555933,0.0006922548522568672,0.11290721509889923,0.11477736852235941,0.1178856783672461,0.0016062332947153152,0.1146543363509563,0.12013279331720714,-0.2496148747781045,-0.4273954189974772,-0.2522158692307467,-0.4369038745866594
dcsbm_ps,1,1,25,1,24.6164,0.5986253067060984,1.4720948014591484,123082,128,lspar,0.5,0.49547,ok,10,0.2952489499984593,0.0009139829884043671,0.2935691987681378,0.29680592753035867,0.7077117858004679,0.006140061013159353,0.6966057100655648,0.7149061554229097,0.29534338335528104,0.0007646372998869344,0.29402142589046654,0.29652867382066783,0.7279884427262664,0.004671785830770272,0.7203576000249888,0.7330368554239838,9.44333568217437e-05,0.020276656925798497,-0.002784501639892134,0.005451444602079136
dcsbm_ps,1,1,25,1,24.6164,0.5986253067060984,1.4720948014591484,123082,128,lspar,0.2,0.20172,ok,10,0.2952489499984593,0.0009139829884043671,0.2935691987681378,0.29680592753035867,0.7077117858004679,0.006140061013159353,0.6966057100655648,0.7149061554229097,0.275448549655648,0.001024276464168832,0.273643266544381,0.27698377792932044,0.7568389227881096,0.0031619615775148116,0.7503107456887987,0.7619733329657212,-0.019800400342811275,0.049127136987641706,-0.02316266098597769,0.03540459026588905
dcsbm_ps,1,1,25,1,24.6164,0.5986253067060984,1.4720948014591484,123082,128,lspar,0.15,0.15171,ok,10,0.2952489499984593,0.0009139829884043671,0.2935691987681378,0.29680592753035867,0.7077117858004679,0.006140061013159353,0.6966057100655648,0.7149061554229097,0.26731262390709654,0.001980186514732769,0.2644652954125385,0.2720678612412415,0.7458192192641782,0.0027555043260439277,0.7419573308517238,0.750029849460212,-0.027936326091362762,0.03810743346371026,-0.03234063211782018,0.027051175428814078
dcsbm_ps,1,1,25,1,24.6164,0.5986253067060984,1.4720948014591484,123082,128,dspar,0.5,0.50055,ok,10,0.2952489499984593,0.0009139829884043671,0.2935691987681378,0.29680592753035867,0.7077117858004679,0.006140061013159353,0.6966057100655648,0.7149061554229097,0.2702843573865279,0.0019321097465759994,0.26765494743132734,0.27333330627620095,0.6919042139099666,0.008937498863658352,0.6782646328978427,0.7119921957671743,-0.024964592611931402,-0.015807571890501304,-0.02915098009903133,-0.03664152252506703
dcsbm_ps,1,1,25,1,24.6164,0.5986253067060984,1.4720948014591484,123082,128,dspar,0.2,0.19981,ok,10,0.2952489499984593,0.0009139829884043671,0.2935691987681378,0.29680592753035867,0.7077117858004679,0.006140061013159353,0.6966057100655648,0.7149061554229097,0.11504927243275687,0.0020253337575927397,0.1119078804129633,0.11922406117888247,0.23308119162714108,0.004116807521867774,0.22694358376481333,0.24027110000013238,-0.18019967756570243,-0.4746305941733268,-0.18489804711739538,-0.48796257165809637
dcsbm_ps,1,1,25,1,24.6164,0.5986253067060984,1.4720948014591484,123082,128,dspar,0.15,0.14988,ok,10,0.2952489499984593,0.0009139829884043671,0.2935691987681378,0.29680592753035867,0.7077117858004679,0.006140061013159353,0.6966057100655648,0.7149061554229097,0.0959023868368747,0.0010078356747415648,0.09390118777504232,0.09763391679159387,0.18276148973442657,0.004858104939445696,0.17790069608488712,0.19290782473609977,-0.1993465631615846,-0.5249502960660413,-0.20290473975531637,-0.5370054593380226
dcsbm_ps,1,1,25,1,24.6164,0.5986253067060984,1.4720948014591484,123082,128,random,0.5,0.5,ok,10,0.2952489499984593,0.0009139829884043671,0.2935691987681378,0.29680592753035867,0.7077117858004679,0.006140061013159353,0.6966057100655648,0.7149061554229097,0.2643880311019558,0.0013751408450914946,0.26239927166496646,0.2664169663604265,0.5944852176087426,0.006272589905657379,0.5809684427073909,0.6041103203727713,-0.030860918896503498,-0.11322656819172527,-0.03440665586539221,-0.1339377127155188
dcsbm_ps,1,1,25,1,24.6164,0.5986253067060984,1.4720948014591484,123082,128,random,0.2,0.2,ok,10,0.2952489499984593,0.0009139829884043671,0.2935691987681378,0.29680592753035867,0.7077117858004679,0.006140061013159353,0.6966057100655648,0.7149061554229097,0.12395067137040135,0.002163167392154119,0.12085084672607234,0.12858137972285233,0.25552201398395136,0.0051243194969105696,0.24971683244652612,0.2631329923967785,-0.17129827862805797,-0.45218977181651654,-0.17595508080428635,-0.4651893229763836
dcsbm_ps,1,1,25,1,24.6164,0.5986253067060984,1.4720948014591484,123082,128,random,0.15,0.15,ok,10,0.2952489499984593,0.0009139829884043671,0.2935691987681378,0.29680592753035867,0.7077117858004679,0.006140061013159353,0.6966057100655648,0.7149061554229097,0.0921602847577574,0.0008414437862363061,0.09074497882331534,0.09357482245913464,0.1889919434181291,0.002219515850473244,0.18630718465347254,0.19382569509778746,-0.2030886652407019,-0.5187198423823388,-0.20606094870704333,-0.5285989707694372
dcsbm_ps,1,1,25,2,24.6942,0.6001247256440784,1.5887785083275598,123471,95,lspar,0.5,0.5046,ok,10,0.284874798849642,0.001631251640773376,0.2811308844658561,0.2867522201966689,0.6561128508852027,0.008770096895502734,0.6459943512033012,0.6727033626524661,0.2861564038757184,0.001344499032678286,0.283096762052957,0.287523071609437,0.684279345304778,0.0029458801568836555,0.6809886969457478,0.691576823354849,0.0012816050260763823,0.028166494419575305,-0.0036554581437119316,0.00828533429328171
dcsbm_ps,1,1,25,2,24.6942,0.6001247256440784,1.5887785083275598,123471,95,lspar,0.2,0.20184,ok,10,0.284874798849642,0.001631251640773376,0.2811308844658561,0.2867522201966689,0.6561128508852027,0.008770096895502734,0.6459943512033012,0.6727033626524661,0.2645820735025307,0.000987602434587315,0.2628073378642596,0.2655216358028199,0.7097079108263495,0.0025790287099539816,0.703230468744546,0.7122669597089957,-0.020292725347111296,0.05359505994114688,-0.023944882332409323,0.03052710609207987
dcsbm_ps,1,1,25,2,24.6942,0.6001247256440784,1.5887785083275598,123471,95,lspar,0.15,0.14569,ok,10,0.284874798849642,0.001631251640773376,0.2811308844658561,0.2867522201966689,0.6561128508852027,0.008770096895502734,0.6459943512033012,0.6727033626524661,0.2514515066118864,0.002247136340713077,0.2494568207257077,0.2555039585947375,0.6857140404531792,0.003322452648875749,0.6824322681012969,0.6926012828990703,-0.033423292237755586,0.029601189567976527,-0.037295399470961194,0.00972890544883076
dcsbm_ps,1,1,25,2,24.6942,0.6001247256440784,1.5887785083275598,123471,95,dspar,0.5,0.5005,ok,10,0.284874798849642,0.001631251640773376,0.2811308844658561,0.2867522201966689,0.6561128508852027,0.008770096895502734,0.6459943512033012,0.6727033626524661,0.25957561201827917,0.0019851208585880214,0.2568613940661387,0.2630374641538939,0.6382789772007529,0.008780846878453806,0.6234753134178647,0.6529612622036702,-0.02529918683136284,-0.017833873684449775,-0.02989082613053018,-0.049228049234601445
dcsbm_ps,1,1,25,2,24.6942,0.6001247256440784,1.5887785083275598,123471,95,dspar,0.2,0.19994,ok,10,0.284874798849642,0.001631251640773376,0.2811308844658561,0.2867522201966689,0.6561128508852027,0.008770096895502734,0.6459943512033012,0.6727033626524661,0.10640686262150087,0.0013335602971154355,0.10380801439161738,0.10860487491237669,0.1758435175814981,0.003839703327184591,0.1674456039779523,0.17988926569475583,-0.17846793622814114,-0.4802693333037046,-0.18294420580505152,-0.5052577586745138
dcsbm_ps,1,1,25,2,24.6942,0.6001247256440784,1.5887785083275598,123471,95,dspar,0.15,0.14944,ok,10,0.284874798849642,0.001631251640773376,0.2811308844658561,0.2867522201966689,0.6561128508852027,0.008770096895502734,0.6459943512033012,0.6727033626524661,0.09102307234452621,0.0009931219074169311,0.08972408937659992,0.09281317075751178,0.13867259982814198,0.004183175084556836,0.13370581026341347,0.14713420398209057,-0.19385172650511578,-0.5174402510570607,-0.19702813082006898,-0.5389975523890527
dcsbm_ps,1,1,25,2,24.6942,0.6001247256440784,1.5887785083275598,123471,95,random,0.5,0.5,ok,10,0.284874798849642,0.001631251640773376,0.2811308844658561,0.2867522201966689,0.6561128508852027,0.008770096895502734,0.6459943512033012,0.6727033626524661,0.25760343862947505,0.003212372041694919,0.2517321951520003,0.262109505971721,0.5558167921391108,0.00546991552844615,0.5465882333514223,0.569573377085484,-0.027271360220166962,-0.10029605874609182,-0.03502002504466861,-0.12611512930104385
dcsbm_ps,1,1,25,2,24.6942,0.6001247256440784,1.5887785083275598,123471,95,random,0.2,0.2,ok,10,0.284874798849642,0.001631251640773376,0.2811308844658561,0.2867522201966689,0.6561128508852027,0.008770096895502734,0.6459943512033012,0.6727033626524661,0.11984784814661668,0.002102179763820712,0.11562211785093776,0.12270130972740255,0.21944265722467793,0.0041514755834016984,0.21223475157208177,0.22748794138989245,-0.1650269507030253,-0.43667019366052473,-0.17113010234573114,-0.46046861108038434
dcsbm_ps,1,1,25,2,24.6942,0.6001247256440784,1.5887785083275598,123471,95,random,0.15,0.15,ok,10,0.284874798849642,0.001631251640773376,0.2811308844658561,0.2867522201966689,0.6561128508852027,0.008770096895502734,0.6459943512033012,0.6727033626524661,0.08821419505260034,0.0012765518991488816,0.08590965645194275,0.09015139150617375,0.15291421860169174,0.003836029485481391,0.14733898499977785,0.15982162490319338,-0.19666060379704167,-0.5031986322835109,-0.20084256374472614,-0.5253643776526883
dcsbm_ps,1,1,25,3,24.508,0.6015749959196997,1.5747416393818943,122540,101,lspar,0.5,0.50313,ok,10,0.2879644559226208,0.0017721037218361747,0.28470418195685987,0.29097225002210286,0.6793028029963459,0.0060017128259474495,0.6747322911162977,0.6933336556612242,0.29085220923188626,0.0012490715898235665,0.2892238925510884,0.2922423973623001,0.7051363268476779,0.005232860617915203,0.6966394150163543,0.7125901899371371,0.0028877533092654395,0.025833523851331974,-0.0017483574710144834,0.003305759355130111
dcsbm_ps,1,1,25,3,24.508,0.6015749959196997,1.5747416393818943,122540,101,lspar,0.2,0.20177,ok,10,0.2879644559226208,0.0017721037218361747,0.28470418195685987,0.29097225002210286,0.6793028029963459,0.0060017128259474495,0.6747322911162977,0.6933336556612242,0.2700558210521867,0.001529940844216992,0.26809538450840187,0.27281963688776883,0.7331671200451841,0.0037096849801890918,0.7246270058342826,0.7376903054099092,-0.017908634870434148,0.053864317048838206,-0.022876865513700995,0.031293350173058454
dcsbm_ps,1,1,25,3,24.508,0.6015749959196997,1.5747416393818943,122540,101,lspar,0.15,0.15257,ok,10,0.2879644559226208,0.0017721037218361747,0.28470418195685987,0.29097225002210286,0.6793028029963459,0.0060017128259474495,0.6747322911162977,0.6933336556612242,0.25939153980397883,0.0011235064172265548,0.2576653816573192,0.2608062657762843,0.7134770100767376,0.001746163905651707,0.7112120664287589,0.7165290407550823,-0.02857291611864199,0.03417420708039165,-0.03330686836478364,0.017878410767534714
dcsbm_ps,1,1,25,3,24.508,0.6015749959196997,1.5747416393818943,122540,101,dspar,0.5,0.50016,ok,10,0.2879644559226208,0.0017721037218361747,0.28470418195685987,0.29097225002210286,0.6793028029963459,0.0060017128259474495,0.6747322911162977,0.6933336556612242,0.26450652566684035,0.0030313860152090103,0.2576578567764111,0.2693957714556602,0.6632168216936756,0.009187169770892345,0.6435824729655375,0.6792047977859232,-0.023457930255780468,-0.01608598130267036,-0.03331439324569174,-0.04975118269568668
dcsbm_ps,1,1,25,3,24.508,0.6015749959196997,1.5747416393818943,122540,101,dspar,0.2,0.20013,ok,10,0.2879644559226208,0.0017721037218361747,0.28470418195685987,0.29097225002210286,0.6793028029963459,0.0060017128259474495,0.6747322911162977,0.6933336556612242,0.10780446751062042,0.0017039759449777,0.1050557292637433,0.11085614463391957,0.18761972154650297,0.005772450610217147,0.17996543235204449,0.20172495658236553,-0.1801599884120004,-0.49168308144984296,-0.18591652075835957,-0.5133682233091796
dcsbm_ps,1,1,25,3,24.508,0.6015749959196997,1.5747416393818943,122540,101,dspar,0.15,0.14948,ok,10,0.2879644559226208,0.0017721037218361747,0.28470418195685987,0.29097225002210286,0.6793028029963459,0.0060017128259474495,0.6747322911162977,0.6933336556612242,0.09143246674445368,0.000526828074627021,0.09075233738541501,0.09229782887799891,0.14751826260950834,0.002816161224483108,0.14190110960173907,0.15144774969835084,-0.19653198917816714,-0.5317845403868375,-0.20021991263668787,-0.5514325460594851
dcsbm_ps,1,1,25,3,24.508,0.6015749959196997,1.5747416393818943,122540,101,random,0.5,0.5,ok,10,0.2879644559226208,0.0017721037218361747,0.28470418195685987,0.29097225002210286,0.6793028029963459,0.0060017128259474495,0.6747322911162977,0.6933336556612242,0.25803664542548593,0.0011917827685130635,0.25669155731990184,0.2602322334853987,0.5707514487991616,0.007066983242228652,0.5624026559689927,0.5864984222857973,-0.029927810497134888,-0.10855135419718431,-0.03428069270220102,-0.13093099969223143
dcsbm_ps,1,1,25,3,24.508,0.6015749959196997,1.5747416393818943,122540,101,random,0.2,0.2,ok,10,0.2879644559226208,0.0017721037218361747,0.28470418195685987,0.29097225002210286,0.6793028029963459,0.0060017128259474495,0.6747322911162977,0.6933336556612242,0.11364920343640801,0.002732031660051445,0.10755745588274358,0.11749805831114751,0.21106084794637767,0.006802478751043758,0.19772328366852496,0.2216142282594099,-0.17431525248621282,-0.46824195504996824,-0.1834147941393593,-0.4956103719926992
dcsbm_ps,1,1,25,3,24.508,0.6015749959196997,1.5747416393818943,122540,101,random,0.15,0.15,ok,10,0.2879644559226208,0.0017721037218361747,0.28470418195685987,0.29097225002210286,0.6793028029963459,0.0060017128259474495,0.6747322911162977,0.6933336556612242,0.08886116637678577,0.0015911391381161083,0.08643369802352036,0.09161531437465231,0.1581387071783873,0.0059576376881104,0.14954571271058528,0.16649988420903605,-0.19910328954583506,-0.5211640958179586,-0.2045385519985825,-0.5437879429506389
dcsbm_ps,1,1,50,1,49.1036,0.6154538567437011,1.3966353597754082,245518,128,lspar,0.5,0.49918,ok,10,0.2480870998117919,0.001902664865212857,0.24480734803390541,0.2512682836805542,0.7636938433809632,0.005262648874835717,0.7558343096381103,0.7750129643719705,0.25145317224406544,0.0011862619005658702,0.2491804974017776,0.25379001656050343,0.794207632563151,0.004067420122923528,0.7883469481797974,0.8000020337178061,0.003366072432273548,0.030513789182187723,-0.0020877862787765933,0.01333398380782691
dcsbm_ps,1,1,50,1,49.1036,0.6154538567437011,1.3966353597754082,245518,128,lspar,0.2,0.1974,ok,10,0.2480870998117919,0.001902664865212857,0.24480734803390541,0.2512682836805542,0.7636938433809632,0.005262648874835717,0.7558343096381103,0.7750129643719705,0.23611637012902875,0.001508090179678027,0.2346854233256137,0.2390135934050561,0.8311965894182072,0.003203436946122078,0.8265009027875602,0.8371224077869592,-0.011970729682763137,0.06750274603724393,-0.0165828603549405,0.05148793841558963
dcsbm_ps,1,1,50,1,49.1036,0.6154538567437011,1.3966353597754082,245518,128,lspar,0.15,0.15397,ok,10,0.2480870998117919,0.001902664865212857,0.24480734803390541,0.2512682836805542,0.7636938433809632,0.005262648874835717,0.7558343096381103,0.7750129643719705,0.23407301018821564,0.0011474379214076933,0.23198035327505886,0.23635720013581268,0.8384006901852844,0.002651658975364709,0.8348408328249423,0.8423776307491108,-0.014014089623576254,0.07470684680432116,-0.01928793040549534,0.05982786845297172
dcsbm_ps,1,1,50,1,49.1036,0.6154538567437011,1.3966353597754082,245518,128,dspar,0.5,0.49969,ok,10,0.2480870998117919,0.001902664865212857,0.24480734803390541,0.2512682836805542,0.7636938433809632,0.005262648874835717,0.7558343096381103,0.7750129643719705,0.23652759581175253,0.0019177960917193676,0.2332341389510096,0.2389731931590055,0.789172590313324,0.007277831086566029,0.7791650315659637,0.8015069364793724,-0.011559504000039356,0.02547874693236074,-0.018034144729544593,0.004152067193993192
dcsbm_ps,1,1,50,1,49.1036,0.6154538567437011,1.3966353597754082,245518,128,dspar,0.2,0.19925,ok,10,0.2480870998117919,0.001902664865212857,0.24480734803390541,0.2512682836805542,0.7636938433809632,0.005262648874835717,0.7558343096381103,0.7750129643719705,0.19324223255317857,0.0023727793673964472,0.18801674302176866,0.19603622914773125,0.6257017288575846,0.0030415932918462165,0.6196472791083557,0.6297794850829521,-0.05484486725861332,-0.13799211452337867,-0.06325154065878555,-0.15536568526361483
dcsbm_ps,1,1,50,1,49.1036,0.6154538567437011,1.3966353597754082,245518,128,dspar,0.15,0.14912,ok,10,0.2480870998117919,0.001902664865212857,0.24480734803390541,0.2512682836805542,0.7636938433809632,0.005262648874835717,0.7558343096381103,0.7750129643719705,0.12841605388494262,0.005241049407476217,0.11776425397053746,0.1375012636463509,0.4320220719361611,0.011970860939864625,0.4145816582575728,0.4555936309488212,-0.11967104592684927,-0.33167177144480214,-0.13350402971001674,-0.3604313061143977
dcsbm_ps,1,1,50,1,49.1036,0.6154538567437011,1.3966353597754082,245518,128,random,0.5,0.5,ok,10,0.2480870998117919,0.001902664865212857,0.24480734803390541,0.2512682836805542,0.7636938433809632,0.005262648874835717,0.7558343096381103,0.7750129643719705,0.23691911024082196,0.002382329926920725,0.2332971827379291,0.24096490616160895,0.7311346886066705,0.0064547553591660905,0.7213671594033256,0.7432377202688976,-0.011167989570969927,-0.03255915477429272,-0.017971100942625107,-0.053645804968644906
dcsbm_ps,1,1,50,1,49.1036,0.6154538567437011,1.3966353597754082,245518,128,random,0.2,0.2,ok,10,0.2480870998117919,0.001902664865212857,0.24480734803390541,0.2512682836805542,0.7636938433809632,0.005262648874835717,0.7558343096381103,0.7750129643719705,0.16857242766401068,0.0031661607307175896,0.16374219181032607,0.1738954326607907,0.5071243131133343,0.005634109595198545,0.49728944054111607,0.5176852553793214,-0.07951467214778121,-0.25656953026762896,-0.08752609187022814,-0.27772352383085447
dcsbm_ps,1,1,50,1,49.1036,0.6154538567437011,1.3966353597754082,245518,128,random,0.15,0.15,ok,10,0.2480870998117919,0.001902664865212857,0.24480734803390541,0.2512682836805542,0.7636938433809632,0.005262648874835717,0.7558343096381103,0.7750129643719705,0.12051125841858053,0.003363177872145734,0.11411836675474665,0.12488974468286136,0.3748577674664278,0.007579149439398889,0.36146212761567453,0.3849422501420614,-0.12757584139321138,-0.38883607591453545,-0.13714991692580755,-0.413550836756296
dcsbm_ps,1,1,50,2,49.2866,0.6164312409458149,1.5157786971183376,246433,95,lspar,0.5,0.50283,ok,10,0.22760457267008607,0.0032716603059757083,0.22378371878839542,0.23295749035985183,0.6999006380927649,0.013153584500962198,0.6852954512505937,0.7194720899082583,0.2376511052173121,0.0013859866514916897,0.23636600662447185,0.2407712439654112,0.7698640264080937,0.004230335140406369,0.7633313136108156,0.775971614874696,0.010046532547226011,0.06996338831532878,0.0034085162646200207,0.04385922370255735
dcsbm_ps,1,1,50,2,49.2866,0.6164312409458149,1.5157786971183376,246433,95,lspar,0.2,0.20459,ok,10,0.22760457267008607,0.0032716603059757083,0.22378371878839542,0.23295749035985183,0.6999006380927649,0.013153584500962198,0.6852954512505937,0.7194720899082583,0.22392570176882276,0.0013417943513189727,0.22234621602638824,0.2264564801407515,0.8108017338013431,0.0028959728038111853,0.8066949558199745,0.8154323092568126,-0.0036788709012633147,0.1109010957085782,-0.010611274333463594,0.08722286591171624
dcsbm_ps,1,1,50,2,49.2866,0.6164312409458149,1.5157786971183376,246433,95,lspar,0.15,0.1531,ok,10,0.22760457267008607,0.0032716603059757083,0.22378371878839542,0.23295749035985183,0.6999006380927649,0.013153584500962198,0.6852954512505937,0.7194720899082583,0.2231838592000937,0.002638714402729161,0.21758511298754607,0.2280448531670834,0.8187059643882794,0.003974598251445319,0.8118931528307846,0.8264416097246389,-0.004420713469992371,0.11880532629551444,-0.015372377372305762,0.09242106292252628
dcsbm_ps,1,1,50,2,49.2866,0.6164312409458149,1.5157786971183376,246433,95,dspar,0.5,0.49944,ok,10,0.22760457267008607,0.0032716603059757083,0.22378371878839542,0.23295749035985183,0.6999006380927649,0.013153584500962198,0.6852954512505937,0.7194720899082583,0.22324909176890334,0.0017709412083939148,0.21891393191299505,0.22585054112348985,0.7406445016616392,0.004236327621543137,0.7354767802464631,0.7490262869998952,-0.0043554809011827345,0.04074386356887427,-0.014043558446856785,0.01600469033820484
dcsbm_ps,1,1,50,2,49.2866,0.6164312409458149,1.5157786971183376,246433,95,dspar,0.2,0.19906,ok,10,0.22760457267008607,0.0032716603059757083,0.22378371878839542,0.23295749035985183,0.6999006380927649,0.013153584500962198,0.6852954512505937,0.7194720899082583,0.17617141395506047,0.0029209166303848645,0.1715736794310784,0.18015954700098802,0.5569940773859455,0.007267656756586455,0.5469208122386173,0.573311815572035,-0.0514331587150256,-0.1429065607068194,-0.06138381092877343,-0.17255127766964096
dcsbm_ps,1,1,50,2,49.2866,0.6164312409458149,1.5157786971183376,246433,95,dspar,0.15,0.14929,ok,10,0.22760457267008607,0.0032716603059757083,0.22378371878839542,0.23295749035985183,0.6999006380927649,0.013153584500962198,0.6852954512505937,0.7194720899082583,0.10520836205253455,0.004153674212238114,0.09830492927480541,0.11126509100225711,0.3320217912491022,0.013254950930152347,0.30829018470769637,0.34984607785045563,-0.12239621061755153,-0.36787884684366273,-0.13465256108504642,-0.4111819052005619
dcsbm_ps,1,1,50,2,49.2866,0.6164312409458149,1.5157786971183376,246433,95,random,0.5,0.5,ok,10,0.22760457267008607,0.0032716603059757083,0.22378371878839542,0.23295749035985183,0.6999006380927649,0.013153584500962198,0.6852954512505937,0.7194720899082583,0.22116889741942547,0.0025802315508059105,0.21649185888868497,0.22549126035639824,0.6701885254922944,0.0050244727943700275,0.6600844680827552,0.6767559909180676,-0.006435675250660605,-0.029712112600470575,-0.016465631471166864,-0.059387621825503056
dcsbm_ps,1,1,50,2,49.2866,0.6164312409458149,1.5157786971183376,246433,95,random,0.2,0.2,ok,10,0.22760457267008607,0.0032716603059757083,0.22378371878839542,0.23295749035985183,0.6999006380927649,0.013153584500962198,0.6852954512505937,0.7194720899082583,0.16153193435985316,0.0014725580272814231,0.15850184978478313,0.16329130348251866,0.4582398744346993,0.004700278676890373,0.4472216922402469,0.4638118219461119,-0.06607263831023291,-0.2416607636580656,-0.0744556405750687,-0.2722503976680114
dcsbm_ps,1,1,50,2,49.2866,0.6164312409458149,1.5157786971183376,246433,95,random,0.15,0.15,ok,10,0.22760457267008607,0.0032716603059757083,0.22378371878839542,0.23295749035985183,0.6999006380927649,0.013153584500962198,0.6852954512505937,0.7194720899082583,0.10789822480912967,0.007589739265788993,0.09589322447955927,0.12008693183473622,0.3095562930069141,0.016565906070548888,0.2829874763881136,0.330238362619146,-0.11970634786095641,-0.3903443450858508,-0.13706426588029258,-0.43648461352014467
dcsbm_ps,1,1,50,3,49.1708,0.6157109504014577,1.4957593538857274,245854,101,lspar,0.5,0.49968,ok,10,0.23565872797353343,0.0024783224050003447,0.23146599073993276,0.23889209205057074,0.7202536036618715,0.008929937740553064,0.7074681851938301,0.7360503648930119,0.24542814774625737,0.0016854389405956602,0.24188028059348807,0.24813592894908504,0.7884226743571776,0.0057693104475907385,0.7815694169490374,0.7983816418997097,0.009769419772723942,0.06816907069530609,0.002988188542917325,0.045519052056025466
dcsbm_ps,1,1,50,3,49.1708,0.6157109504014577,1.4957593538857274,245854,101,lspar,0.2,0.19662,ok,10,0.23565872797353343,0.0024783224050003447,0.23146599073993276,0.23889209205057074,0.7202536036618715,0.008929937740553064,0.7074681851938301,0.7360503648930119,0.2312575540747616,0.0009278503267738104,0.22959924555273017,0.2323389561828829,0.8232197947002021,0.0026857686387785993,0.8191863779170556,0.828277947017653,-0.004401173898771843,0.1029661910383306,-0.009292846497840568,0.08313601302404372
dcsbm_ps,1,1,50,3,49.1708,0.6157109504014577,1.4957593538857274,245854,101,lspar,0.15,0.15347,ok,10,0.23565872797353343,0.0024783224050003447,0.23146599073993276,0.23889209205057074,0.7202536036618715,0.008929937740553064,0.7074681851938301,0.7360503648930119,0.23201518884029032,0.0029135567777761008,0.2260590856312973,0.23533570744300858,0.8306922370346481,0.004522338706851991,0.8218943610180638,0.8381014651852818,-0.003643539133243112,0.1104386333727766,-0.01283300641927343,0.08584399612505189
dcsbm_ps,1,1,50,3,49.1708,0.6157109504014577,1.4957593538857274,245854,101,dspar,0.5,0.50061,ok,10,0.23565872797353343,0.0024783224050003447,0.23146599073993276,0.23889209205057074,0.7202536036618715,0.008929937740553064,0.7074681851938301,0.7360503648930119,0.2310060384001859,0.0017017008843576327,0.22750966900402858,0.23257573228430714,0.7561964962132903,0.008188976337804065,0.7381105375790648,0.7653651484042125,-0.004652689573347524,0.035942892551418804,-0.011382423046542162,0.0020601726860528524
dcsbm_ps,1,1,50,3,49.1708,0.6157109504014577,1.4957593538857274,245854,101,dspar,0.2,0.1998,ok,10,0.23565872797353343,0.0024783224050003447,0.23146599073993276,0.23889209205057074,0.7202536036618715,0.008929937740553064,0.7074681851938301,0.7360503648930119,0.18052134735491696,0.0039041819122874397,0.1764327788937204,0.18906375732422923,0.57993321636537,0.009708488689199019,0.5699537203598143,0.5998572544178616,-0.05513738061861648,-0.14032038729650154,-0.062459313156850355,-0.1660966445331976
dcsbm_ps,1,1,50,3,49.1708,0.6157109504014577,1.4957593538857274,245854,101,dspar,0.15,0.14999,ok,10,0.23565872797353343,0.0024783224050003447,0.23146599073993276,0.23889209205057074,0.7202536036618715,0.008929937740553064,0.7074681851938301,0.7360503648930119,0.1113374634088872,0.003138298069916479,0.10678729252625448,0.11592363830653978,0.3610634539923344,0.010085543134325034,0.342057399913062,0.3730634782461923,-0.12432126456464623,-0.3591901496695371,-0.13210479952431625,-0.3939929649799499
dcsbm_ps,1,1,50,3,49.1708,0.6157109504014577,1.4957593538857274,245854,101,random,0.5,0.5,ok,10,0.23565872797353343,0.0024783224050003447,0.23146599073993276,0.23889209205057074,0.7202536036618715,0.008929937740553064,0.7074681851938301,0.7360503648930119,0.23094131498848544,0.003286093540074124,0.2229439242546495,0.2356336046470866,0.7025974821168856,0.01349763558713874,0.6788686915354645,0.7241981810255357,-0.004717412985047992,-0.01765612154498597,-0.01594816779592123,-0.057181673357547425
dcsbm_ps,1,1,50,3,49.1708,0.6157109504014577,1.4957593538857274,245854,101,random,0.2,0.2,ok,10,0.23565872797353343,0.0024783224050003447,0.23146599073993276,0.23889209205057074,0.7202536036618715,0.008929937740553064,0.7074681851938301,0.7360503648930119,0.16733210564497858,0.002923724079781735,0.16403280660553868,0.17341735409337888,0.48699509397421037,0.005904311165014832,0.4787670983699491,0.49807680211984157,-0.06832662232855485,-0.23325850968766115,-0.07485928544503206,-0.2572832665230628
dcsbm_ps,1,1,50,3,49.1708,0.6157109504014577,1.4957593538857274,245854,101,random,0.15,0.15,ok,10,0.23565872797353343,0.0024783224050003447,0.23146599073993276,0.23889209205057074,0.7202536036618715,0.008929937740553064,0.7074681851938301,0.7360503648930119,0.11450380354208738,0.0038766299620160987,0.10873215898621186,0.12328254724441284,0.3418523580167872,0.010335752941707617,0.32515193346012944,0.3660447851868684,-0.12115492443144606,-0.3784012456450843,-0.13015993306435888,-0.41089843143288246
dcsbm_ps,1,1,100,1,101.312,0.643596020214782,1.3041893369661013,506560,128,lspar,0.5,0.4968,ok,10,0.19245476646714904,0.0023647929171907735,0.18670061947778924,0.19544914443677103,0.7859739194990906,0.0060929710091064595,0.7742449129622597,0.7990068832652215,0.20107452201180834,0.002282119737882578,0.19785862325635398,0.20413374739814466,0.8209661968659638,0.006984347706962686,0.8110533985886437,0.8314200164116142,0.008619755544659297,0.03499227736687327,0.0024094788195829497,0.012046515323422158
dcsbm_ps,1,1,100,1,101.312,0.643596020214782,1.3041893369661013,506560,128,lspar,0.2,0.20096,ok,10,0.19245476646714904,0.0023647929171907735,0.18670061947778924,0.19544914443677103,0.7859739194990906,0.0060929710091064595,0.7742449129622597,0.7990068832652215,0.1916992578259215,0.0009539458218501488,0.19039831377309163,0.19345982473996762,0.8436262362922216,0.00174019986490908,0.8410501567266871,0.8469405694588782,-0.0007555086412275314,0.05765231679313099,-0.005050830663679395,0.042043273461465636
dcsbm_ps,1,1,100,1,101.312,0.643596020214782,1.3041893369661013,506560,128,lspar,0.15,0.15112,ok,10,0.19245476646714904,0.0023647929171907735,0.18670061947778924,0.19544914443677103,0.7859739194990906,0.0060929710091064595,0.7742449129622597,0.7990068832652215,0.19323964129335222,0.0016441555442095386,0.190419595588912,0.19694806259102632,0.8510471829142527,0.0017604783585370226,0.848653516987725,0.8539403582782448,0.0007848748262031802,0.06507326341516217,-0.005029548847859028,0.04964663372250344
dcsbm_ps,1,1,100,1,101.312,0.643596020214782,1.3041893369661013,506560,128,dspar,0.5,0.49928,ok,10,0.19245476646714904,0.0023647929171907735,0.18670061947778924,0.19544914443677103,0.7859739194990906,0.0060929710091064595,0.7742449129622597,0.7990068832652215,0.19293852248401477,0.002265796632928173,0.1892471702427293,0.195485080206394,0.8175080585646766,0.007140572781201842,0.8060398096303582,0.8259090145080812,0.0004837560168657329,0.031534139065586,-0.006201974194041726,0.007032926365136638
dcsbm_ps,1,1,100,1,101.312,0.643596020214782,1.3041893369661013,506560,128,dspar,0.2,0.20005,ok,10,0.19245476646714904,0.0023647929171907735,0.18670061947778924,0.19544914443677103,0.7859739194990906,0.0060929710091064595,0.7742449129622597,0.7990068832652215,0.18503742771340337,0.002755549928139058,0.18137695785409452,0.1895099857833482,0.7893677092762396,0.007335903294843395,0.7793997058816706,0.8010466165709877,-0.0074173387537456725,0.003393789777148992,-0.014072186582676505,-0.01960717738355089
dcsbm_ps,1,1,100,1,101.312,0.643596020214782,1.3041893369661013,506560,128,dspar,0.15,0.14993,ok,10,0.19245476646714904,0.0023647929171907735,0.18670061947778924,0.19544914443677103,0.7859739194990906,0.0060929710091064595,0.7742449129622597,0.7990068832652215,0.17649360742085937,0.0027852398150390698,0.17171594272024998,0.17948513104601108,0.7542283076036365,0.011786944150055127,0.7392972641860599,0.7724539132884273,-0.01596115904628967,-0.03174561189545411,-0.023733201716521046,-0.05970961907916161
dcsbm_ps,1,1,100,1,101.312,0.643596020214782,1.3041893369661013,506560,128,random,0.5,0.5,ok,10,0.19245476646714904,0.0023647929171907735,0.18670061947778924,0.19544914443677103,0.7859739194990906,0.0060929710091064595,0.7742449129622597,0.7990068832652215,0.19133314295217282,0.002787063414794691,0.18615027137582532,0.19448450662821784,0.7766870832643921,0.010694964654056272,0.7570138053792851,0.7858175938366996,-0.0011216235149762166,-0.009286836234698503,-0.009298873060945706,-0.041993077885936425
dcsbm_ps,1,1,100,1,101.312,0.643596020214782,1.3041893369661013,506560,128,random,0.2,0.2,ok,10,0.19245476646714904,0.0023647929171907735,0.18670061947778924,0.19544914443677103,0.7859739194990906,0.0060929710091064595,0.7742449129622597,0.7990068832652215,0.1709638489531092,0.0018340402794000824,0.16803104850744827,0.1738993137511372,0.6973064145183928,0.007019786691990272,0.6788572867594354,0.7057996741483015,-0.021490917514039837,-0.08866750498069775,-0.02741809592932276,-0.12014959650578616
dcsbm_ps,1,1,100,1,101.312,0.643596020214782,1.3041893369661013,506560,128,random,0.15,0.15,ok,10,0.19245476646714904,0.0023647929171907735,0.18670061947778924,0.19544914443677103,0.7859739194990906,0.0060929710091064595,0.7742449129622597,0.7990068832652215,0.14915721258312511,0.0029111235639809672,0.14377168296267556,0.15400853969678088,0.6144589550519769,0.008636428070525275,0.5971573110167562,0.6254924108844327,-0.043297553884023926,-0.17151496444711367,-0.051677461474095465,-0.20184957224846534
dcsbm_ps,1,1,100,2,101.3828,0.6442374840702763,1.4190537259461373,506914,95,lspar,0.5,0.50013,ok,10,0.17646951882326287,0.0015153880852601387,0.1732495461762976,0.17842291765965138,0.7371676494663146,0.007222717898100926,0.7211995476710733,0.7455175262642076,0.19135303396580777,0.0016192547803660672,0.1889560167709961,0.19387488959487714,0.8067365540606886,0.00406512177001354,0.7977649375847559,0.8118690049033995,0.014883515142544906,0.06956890459437393,0.01053309911134473,0.05224741132054822
dcsbm_ps,1,1,100,2,101.3828,0.6442374840702763,1.4190537259461373,506914,95,lspar,0.2,0.20487,ok,10,0.17646951882326287,0.0015153880852601387,0.1732495461762976,0.17842291765965138,0.7371676494663146,0.007222717898100926,0.7211995476710733,0.7455175262642076,0.17988245872837585,0.001171668429230554,0.1784967274195041,0.18292708958016166,0.8338252879341461,0.003073808397343806,0.8299207377625752,0.8400911430669429,0.0034129399051129883,0.09665763846783149,7.380975985271654e-05,0.0844032114983676
dcsbm_ps,1,1,100,2,101.3828,0.6442374840702763,1.4190537259461373,506914,95,lspar,0.15,0.14938,ok,10,0.17646951882326287,0.0015153880852601387,0.1732495461762976,0.17842291765965138,0.7371676494663146,0.007222717898100926,0.7211995476710733,0.7455175262642076,0.1831285180444935,0.0016931309060877753,0.17978213009855898,0.18504115698559168,0.8421196140910254,0.003151225368106725,0.8340800483302361,0.8465337796760253,0.006658999221230644,0.10495196462471079,0.0013592124389076032,0.08856252206602844
dcsbm_ps,1,1,100,2,101.3828,0.6442374840702763,1.4190537259461373,506914,95,dspar,0.5,0.49989,ok,10,0.17646951882326287,0.0015153880852601387,0.1732495461762976,0.17842291765965138,0.7371676494663146,0.007222717898100926,0.7211995476710733,0.7455175262642076,0.184586392280855,0.0016502552751819141,0.18198364614500506,0.18647732909803322,0.7657216120066918,0.008534522674903839,0.7464005558098155,0.7751661665039845,0.008116873457592128,0.02855396254037712,0.003560728485353687,0.0008830295456078163
dcsbm_ps,1,1,100,2,101.3828,0.6442374840702763,1.4190537259461373,506914,95,dspar,0.2,0.19965,ok,10,0.17646951882326287,0.0015153880852601387,0.1732495461762976,0.17842291765965138,0.7371676494663146,0.007222717898100926,0.7211995476710733,0.7455175262642076,0.17272918710412083,0.003524771697683216,0.1679010426600687,0.18004175394972413,0.7322677027140282,0.011856784619808249,0.711962743457505,0.7510859142240071,-0.003740331719142037,-0.004899946752286444,-0.010521874999582681,-0.033554782806702654
dcsbm_ps,1,1,100,2,101.3828,0.6442374840702763,1.4190537259461373,506914,95,dspar,0.15,0.14965,ok,10,0.17646951882326287,0.0015153880852601387,0.1732495461762976,0.17842291765965138,0.7371676494663146,0.007222717898100926,0.7211995476710733,0.7455175262642076,0.16660454554689044,0.0041228271754552934,0.16002167783330573,0.17113056996542114,0.6968495506330551,0.013818573608475925,0.6655920796926527,0.7118720270309117,-0.009864973276372424,-0.04031809883325954,-0.018401239826345644,-0.07992544657155498
dcsbm_ps,1,1,100,2,101.3828,0.6442374840702763,1.4190537259461373,506914,95,random,0.5,0.5,ok,10,0.17646951882326287,0.0015153880852601387,0.1732495461762976,0.17842291765965138,0.7371676494663146,0.007222717898100926,0.7211995476710733,0.7455175262642076,0.17660843477410945,0.001795142236592744,0.17376423611173603,0.178785134313138,0.7143064120227642,0.005396126838652832,0.703602397064984,0.7238655714897194,0.00013891595084658537,-0.022861237443550397,-0.00465868154791535,-0.04191512919922369
dcsbm_ps,1,1,100,2,101.3828,0.6442374840702763,1.4190537259461373,506914,95,random,0.2,0.2,ok,10,0.17646951882326287,0.0015153880852601387,0.1732495461762976,0.17842291765965138,0.7371676494663146,0.007222717898100926,0.7211995476710733,0.7455175262642076,0.16441246476131965,0.0010770296514109056,0.16221274539104844,0.16603989712917838,0.6428049385559198,0.008322906818042609,0.6252967229674864,0.6570702661471766,-0.012057054061943212,-0.09436271091039483,-0.01621017226860294,-0.12022080329672125
dcsbm_ps,1,1,100,2,101.3828,0.6442374840702763,1.4190537259461373,506914,95,random,0.15,0.15,ok,10,0.17646951882326287,0.0015153880852601387,0.1732495461762976,0.17842291765965138,0.7371676494663146,0.007222717898100926,0.7211995476710733,0.7455175262642076,0.14709022620553558,0.0032785719655039998,0.14224855533944697,0.15256513740909652,0.5689430405827902,0.010784086203284958,0.5524312915052161,0.5902215335237162,-0.029379292617727287,-0.16822460888352442,-0.036174362320204406,-0.19308623475899156
dcsbm_ps,1,1,100,3,101.5896,0.6435580020002047,1.3893236983030417,507948,101,lspar,0.5,0.50321,ok,10,0.18827823695850884,0.0023569736135892884,0.1835330602616652,0.19225023214365414,0.7684126938529965,0.006807036936146096,0.7560060996460526,0.7813508314232517,0.19854313643368857,0.0019452766472861762,0.19504620372710008,0.20090700087155705,0.819490274703764,0.0058032695241478,0.8108044210392045,0.8260234488550217,0.010264899475179723,0.05107758085076752,0.0027959715834459387,0.02945358961595279
dcsbm_ps,1,1,100,3,101.5896,0.6435580020002047,1.3893236983030417,507948,101,lspar,0.2,0.20057,ok,10,0.18827823695850884,0.0023569736135892884,0.1835330602616652,0.19225023214365414,0.7684126938529965,0.006807036936146096,0.7560060996460526,0.7813508314232517,0.18728533230325306,0.0007686331785148512,0.1861088972620036,0.1885617337759157,0.8456980411029624,0.0024825813742429485,0.8419672617841344,0.8492939914748127,-0.000992904655255783,0.07728534724996594,-0.006141334881650529,0.06061643036088271
dcsbm_ps,1,1,100,3,101.5896,0.6435580020002047,1.3893236983030417,507948,101,lspar,0.15,0.15101,ok,10,0.18827823695850884,0.0023569736135892884,0.1835330602616652,0.19225023214365414,0.7684126938529965,0.006807036936146096,0.7560060996460526,0.7813508314232517,0.18868170385110877,0.0011706241405893176,0.1873911977980511,0.19163342753180052,0.8493498601146143,0.003053834400407613,0.8443589987173149,0.8544407069272985,0.00040346689259992963,0.08093716626161784,-0.0048590343456030305,0.06300816729406322
dcsbm_ps,1,1,100,3,101.5896,0.6435580020002047,1.3893236983030417,507948,101,dspar,0.5,0.49904,ok,10,0.18827823695850884,0.0023569736135892884,0.1835330602616652,0.19225023214365414,0.7684126938529965,0.006807036936146096,0.7560060996460526,0.7813508314232517,0.19332894704499196,0.0017995425621968363,0.1911121381371087,0.19583149059839003,0.785664736728297,0.005702404365340578,0.7765354503726811,0.792906458038203,0.005050710086483112,0.017252042875300466,-0.001138094006545437,-0.004815381050570555
dcsbm_ps,1,1,100,3,101.5896,0.6435580020002047,1.3893236983030417,507948,101,dspar,0.2,0.19913,ok,10,0.18827823695850884,0.0023569736135892884,0.1835330602616652,0.19225023214365414,0.7684126938529965,0.006807036936146096,0.7560060996460526,0.7813508314232517,0.18076952035948002,0.0033243170070886194,0.17403626530773242,0.18588710947334372,0.7529952722302784,0.008078622878220127,0.7419514886340378,0.7696275548722556,-0.007508716599028825,-0.015417421622718086,-0.01821396683592172,-0.039399342789213865
dcsbm_ps,1,1,100,3,101.5896,0.6435580020002047,1.3893236983030417,507948,101,dspar,0.15,0.14962,ok,10,0.18827823695850884,0.0023569736135892884,0.1835330602616652,0.19225023214365414,0.7684126938529965,0.006807036936146096,0.7560060996460526,0.7813508314232517,0.17040100069441838,0.00291262032465861,0.16530472470678478,0.17363633127883593,0.7092742810335303,0.009578530947108631,0.6984363230348676,0.7212757197397969,-0.017877236264090463,-0.05913841281946619,-0.026945507436869354,-0.0829145083883841
dcsbm_ps,1,1,100,3,101.5896,0.6435580020002047,1.3893236983030417,507948,101,random,0.5,0.5,ok,10,0.18827823695850884,0.0023569736135892884,0.1835330602616652,0.19225023214365414,0.7684126938529965,0.006807036936146096,0.7560060996460526,0.7813508314232517,0.18638379394460253,0.0028807877536239056,0.18199533110863092,0.19098351371588923,0.7485543363453389,0.005503528797214295,0.7391473812028009,0.7568174609450985,-0.0018944430139063162,-0.01985835750765763,-0.010254901035023217,-0.0422034502204508
dcsbm_ps,1,1,100,3,101.5896,0.6435580020002047,1.3893236983030417,507948,101,random,0.2,0.2,ok,10,0.18827823695850884,0.0023569736135892884,0.1835330602616652,0.19225023214365414,0.7684126938529965,0.006807036936146096,0.7560060996460526,0.7813508314232517,0.17365287220916975,0.0018690330268189372,0.17004092097753432,0.1762118345881958,0.680418006578164,0.006513266879054634,0.6658229671778833,0.6883582863882529,-0.014625364749339093,-0.0879946872748325,-0.02220931116611982,-0.11552786424536843
dcsbm_ps,1,1,100,3,101.5896,0.6435580020002047,1.3893236983030417,507948,101,random,0.15,0.15,ok,10,0.18827823695850884,0.0023569736135892884,0.1835330602616652,0.19225023214365414,0.7684126938529965,0.006807036936146096,0.7560060996460526,0.7813508314232517,0.15307102820970114,0.002735087751273455,0.15005265699296255,0.16020474742901974,0.601669059334436,0.007070092585461022,0.5941166171241591,0.6201524983886951,-0.0352072087488077,-0.16674363451856045,-0.042197575150691585,-0.1872342142990926
dcsbm_ps,1,1,200,1,219.8864,0.6748120847855984,1.2419399518845022,1099432,78,lspar,0.5,0.49912,ok,10,0.1603539169315914,0.0030344208174562896,0.1569266595830647,0.16678763849989597,0.7605351531596971,0.011106086263365334,0.7422432179397853,0.7832425360490007,0.17399448051297828,0.0021013402390342864,0.17032507669990643,0.17610350088966586,0.8167159748982822,0.006373705631644746,0.8051370325045956,0.8255031662206463,0.013640563581386878,0.056180821738585074,0.0035374382000104565,0.021894496455594825
dcsbm_ps,1,1,200,1,219.8864,0.6748120847855984,1.2419399518845022,1099432,78,lspar,0.2,0.20352,ok,10,0.1603539169315914,0.0030344208174562896,0.1569266595830647,0.16678763849989597,0.7605351531596971,0.011106086263365334,0.7422432179397853,0.7832425360490007,0.16553241780844025,0.0009769399107947129,0.16357292135038792,0.16674912718020982,0.8356981671393562,0.0020334974823468487,0.8315838652374584,0.8392403999488037,0.005178500876848846,0.07516301397965908,-0.0032147171495080507,0.04834132918845768
dcsbm_ps,1,1,200,1,219.8864,0.6748120847855984,1.2419399518845022,1099432,78,lspar,0.15,0.15048,ok,10,0.1603539169315914,0.0030344208174562896,0.1569266595830647,0.16678763849989597,0.7605351531596971,0.011106086263365334,0.7422432179397853,0.7832425360490007,0.16828180483894856,0.0013462575393390693,0.16560773131737633,0.1695128038651331,0.8427136576745233,0.002034032088310371,0.8395041945943765,0.8462702307646253,0.007927887907357156,0.08217850451482622,-0.001179907182519646,0.05626165854537579
dcsbm_ps,1,1,200,1,219.8864,0.6748120847855984,1.2419399518845022,1099432,78,dspar,0.5,0.49942,ok,10,0.1603539169315914,0.0030344208174562896,0.1569266595830647,0.16678763849989597,0.7605351531596971,0.011106086263365334,0.7422432179397853,0.7832425360490007,0.17321840436614167,0.002313328802355173,0.16988839230533234,0.17727449490564254,0.7887187009329715,0.0069559102570788895,0.7795755893062687,0.7995035673705396,0.012864487434550265,0.028183547773274364,0.003100753805436368,-0.003666946742732047
dcsbm_ps,1,1,200,1,219.8864,0.6748120847855984,1.2419399518845022,1099432,78,dspar,0.2,0.19957,ok,10,0.1603539169315914,0.0030344208174562896,0.1569266595830647,0.16678763849989597,0.7605351531596971,0.011106086263365334,0.7422432179397853,0.7832425360490007,0.17563465680532103,0.002917441076514492,0.1715002099411229,0.18077477543148607,0.7953060760205541,0.007152089567817131,0.7852220341222013,0.806461952720778,0.015280739873729632,0.034770922860857034,0.004712571441226915,0.001979498073200525
dcsbm_ps,1,1,200,1,219.8864,0.6748120847855984,1.2419399518845022,1099432,78,dspar,0.15,0.14973,ok,10,0.1603539169315914,0.0030344208174562896,0.1569266595830647,0.16678763849989597,0.7605351531596971,0.011106086263365334,0.7422432179397853,0.7832425360490007,0.172294536887059,0.0031077137688745537,0.16427642431057965,0.17528574594731175,0.7886865782822763,0.010402267169496928,0.7676904281896552,0.8026094356702618,0.011940619955467607,0.028151425122579177,-0.0025112141893163242,-0.015552107859345576
dcsbm_ps,1,1,200,1,219.8864,0.6748120847855984,1.2419399518845022,1099432,78,random,0.5,0.5,ok,10,0.1603539169315914,0.0030344208174562896,0.1569266595830647,0.16678763849989597,0.7605351531596971,0.011106086263365334,0.7422432179397853,0.7832425360490007,0.1627529682015297,0.003822810162259684,0.15500814121894269,0.16883351706337005,0.7601011564946739,0.013172969981764279,0.7349966075978646,0.775234899593752,0.002399051269938307,-0.00043399666502319523,-0.011779497280953288,-0.04824592845113618
dcsbm_ps,1,1,200,1,219.8864,0.6748120847855984,1.2419399518845022,1099432,78,random,0.2,0.2,ok,10,0.1603539169315914,0.0030344208174562896,0.1569266595830647,0.16678763849989597,0.7605351531596971,0.011106086263365334,0.7422432179397853,0.7832425360490007,0.15956464307777404,0.0037952511412348232,0.15356558843335685,0.16420282580401024,0.7340812904656195,0.012891604255017964,0.7142843626443646,0.7545706590287146,-0.0007892738538173572,-0.026453862694077568,-0.01322205006653912,-0.06895817340463617
dcsbm_ps,1,1,200,1,219.8864,0.6748120847855984,1.2419399518845022,1099432,78,random,0.15,0.15,ok,10,0.1603539169315914,0.0030344208174562896,0.1569266595830647,0.16678763849989597,0.7605351531596971,0.011106086263365334,0.7422432179397853,0.7832425360490007,0.15919050764663378,0.0033750785007908043,0.15439659272870032,0.16497402002135564,0.7296360139418099,0.012182233779546208,0.7112889225266605,0.7513269629907824,-0.0011634092849576172,-0.030899139217887228,-0.012391045771195652,-0.0719536135223402
dcsbm_ps,1,1,200,2,219.4782,0.6761199973391435,1.318797081280263,1097391,64,lspar,0.5,0.49549,ok,10,0.15760213422624697,0.002195177295584675,0.1547598925168565,0.16182977619908984,0.776991550056149,0.01171227473213527,0.7592745952717945,0.7974528050972761,0.16641235198607665,0.0019477474666942554,0.16372288222871087,0.16993650861284662,0.8232745537323567,0.006077476763642331,0.8156526493475676,0.8328107451338773,0.00881021775982968,0.046283003676207746,0.0018931060296210334,0.01819984425029153
dcsbm_ps,1,1,200,2,219.4782,0.6761199973391435,1.318797081280263,1097391,64,lspar,0.2,0.20457,ok,10,0.15760213422624697,0.002195177295584675,0.1547598925168565,0.16182977619908984,0.776991550056149,0.01171227473213527,0.7592745952717945,0.7974528050972761,0.1427964849046494,0.0019532580448238606,0.13899677399037189,0.14561338236166432,0.8233456064151301,0.004743343191609881,0.8161593111790659,0.8324711085190817,-0.014805649321597558,0.046354056358981155,-0.02283300220871795,0.01870650608178981
dcsbm_ps,1,1,200,2,219.4782,0.6761199973391435,1.318797081280263,1097391,64,lspar,0.15,0.1518,ok,10,0.15760213422624697,0.002195177295584675,0.1547598925168565,0.16182977619908984,0.776991550056149,0.01171227473213527,0.7592745952717945,0.7974528050972761,0.1494209462462099,0.0018729028483580002,0.1465003100333492,0.1523567552578731,0.8352054312923574,0.002859342900115787,0.8297368752288752,0.8394506366442696,-0.008181187980037058,0.05821388123620841,-0.01532946616574063,0.03228407013159906
dcsbm_ps,1,1,200,2,219.4782,0.6761199973391435,1.318797081280263,1097391,64,dspar,0.5,0.49995,ok,10,0.15760213422624697,0.002195177295584675,0.1547598925168565,0.16182977619908984,0.776991550056149,0.01171227473213527,0.7592745952717945,0.7974528050972761,0.16628651565731062,0.002665914738137846,0.16213867128163756,0.16975814515252358,0.7961510391341268,0.007967212714263849,0.7847958309005757,0.8128354858272123,0.008684381431063648,0.01915948907797782,0.00030889508254772213,-0.012656974196700421
dcsbm_ps,1,1,200,2,219.4782,0.6761199973391435,1.318797081280263,1097391,64,dspar,0.2,0.19973,ok,10,0.15760213422624697,0.002195177295584675,0.1547598925168565,0.16182977619908984,0.776991550056149,0.01171227473213527,0.7592745952717945,0.7974528050972761,0.16539762250181975,0.002433035183178096,0.16146611552043832,0.17052755048307391,0.7925260324929109,0.009437742590740697,0.7709011614033351,0.8098989397312755,0.007795488275572776,0.01553448243676192,-0.00036366067865151175,-0.02655164369394103
dcsbm_ps,1,1,200,2,219.4782,0.6761199973391435,1.318797081280263,1097391,64,dspar,0.15,0.14981,ok,10,0.15760213422624697,0.002195177295584675,0.1547598925168565,0.16182977619908984,0.776991550056149,0.01171227473213527,0.7592745952717945,0.7974528050972761,0.16370688971597075,0.0022071421450750705,0.16023136803918722,0.16695563029143745,0.7820004910292794,0.008092549532486377,0.7690221623240644,0.7949101012289177,0.006104755489723779,0.005008940973130427,-0.0015984081599026145,-0.028430642773211723
dcsbm_ps,1,1,200,2,219.4782,0.6761199973391435,1.318797081280263,1097391,64,random,0.5,0.5,ok,10,0.15760213422624697,0.002195177295584675,0.1547598925168565,0.16182977619908984,0.776991550056149,0.01171227473213527,0.7592745952717945,0.7974528050972761,0.1626418331202811,0.0034716233741352662,0.15660688668907136,0.168630622226344,0.7830213405989684,0.013297888021109637,0.7593485589251318,0.8089801053582493,0.005039698894034134,0.006029790542819491,-0.00522288951001848,-0.03810424617214436
dcsbm_ps,1,1,200,2,219.4782,0.6761199973391435,1.318797081280263,1097391,64,random,0.2,0.2,ok,10,0.15760213422624697,0.002195177295584675,0.1547598925168565,0.16182977619908984,0.776991550056149,0.01171227473213527,0.7592745952717945,0.7974528050972761,0.1592733570395436,0.0037574823581722114,0.15254923587070698,0.16536072059032833,0.7513331875249845,0.0107949836062646,0.7338756354579474,0.7685003540652282,0.0016712228132966245,-0.02565836253116449,-0.009280540328382852,-0.06357716963932869
dcsbm_ps,1,1,200,2,219.4782,0.6761199973391435,1.318797081280263,1097391,64,random,0.15,0.15,ok,10,0.15760213422624697,0.002195177295584675,0.1547598925168565,0.16182977619908984,0.776991550056149,0.01171227473213527,0.7592745952717945,0.7974528050972761,0.15353432978685813,0.004482034036910448,0.14202515903676244,0.15775457893888217,0.7173220619619747,0.014555147974108075,0.6903043698787981,0.7354385691571975,-0.004067804439388839,-0.05966948809417427,-0.019804617162327398,-0.10714843521847806
dcsbm_ps,1,1,200,3,219.7338,0.6735504505906692,1.2887827901995224,1098669,65,lspar,0.5,0.49611,ok,10,0.16767747121673413,0.004519815581937235,0.16175451357202794,0.17735211165683412,0.7689870355435049,0.013617747467786823,0.744442759570239,0.7964848731263948,0.18316555243925903,0.0034429880415235217,0.17757858903024426,0.18854343666988238,0.8287851868969158,0.010048613448264966,0.817534337010249,0.8469191436236253,0.015488081222524902,0.05979815135341093,0.00022647737341013885,0.021049463883854203
dcsbm_ps,1,1,200,3,219.7338,0.6735504505906692,1.2887827901995224,1098669,65,lspar,0.2,0.2042,ok,10,0.16767747121673413,0.004519815581937235,0.16175451357202794,0.17735211165683412,0.7689870355435049,0.013617747467786823,0.744442759570239,0.7964848731263948,0.1622582485203987,0.0018070324068392848,0.15883992959604842,0.16551286675934293,0.8422867667840895,0.0038384615726793133,0.8350325490092115,0.8482717014184309,-0.005419222696335435,0.07329973124058464,-0.018512182060785698,0.03854767588281671
dcsbm_ps,1,1,200,3,219.7338,0.6735504505906692,1.2887827901995224,1098669,65,lspar,0.15,0.15164,ok,10,0.16767747121673413,0.004519815581937235,0.16175451357202794,0.17735211165683412,0.7689870355435049,0.013617747467786823,0.744442759570239,0.7964848731263948,0.168504168199843,0.0015537438493418672,0.16489788816691126,0.1702746658214885,0.8527156310264102,0.0035535440064742778,0.8464144399160989,0.8557309982860635,0.0008266969831088877,0.08372859548290534,-0.012454223489922867,0.04992956678970406
dcsbm_ps,1,1,200,3,219.7338,0.6735504505906692,1.2887827901995224,1098669,65,dspar,0.5,0.49949,ok,10,0.16767747121673413,0.004519815581937235,0.16175451357202794,0.17735211165683412,0.7689870355435049,0.013617747467786823,0.744442759570239,0.7964848731263948,0.1793907889304303,0.0018468013086063624,0.17564255327189537,0.18183747649876192,0.7936142661740316,0.005870384314739082,0.7869448513558933,0.8043921490762064,0.011713317713696186,0.024627230630526742,-0.0017095583849387475,-0.009540021770501506
dcsbm_ps,1,1,200,3,219.7338,0.6735504505906692,1.2887827901995224,1098669,65,dspar,0.2,0.19969,ok,10,0.16767747121673413,0.004519815581937235,0.16175451357202794,0.17735211165683412,0.7689870355435049,0.013617747467786823,0.744442759570239,0.7964848731263948,0.18180110104366584,0.002697358630007492,0.1785309970094143,0.18579797324322922,0.8068637893584734,0.009151830139963874,0.7952970206067472,0.8203099379668832,0.014123629826931716,0.03787675381496847,0.001178885352580178,-0.001187852519647592
dcsbm_ps,1,1,200,3,219.7338,0.6735504505906692,1.2887827901995224,1098669,65,dspar,0.15,0.1497,ok,10,0.16767747121673413,0.004519815581937235,0.16175451357202794,0.17735211165683412,0.7689870355435049,0.013617747467786823,0.744442759570239,0.7964848731263948,0.17707397666903396,0.005088319313998283,0.1669889475484335,0.18477621795419172,0.7923710806383262,0.012576805813270668,0.7701365067412412,0.8104813711810552,0.009396505452299836,0.023384045094821282,-0.01036316410840063,-0.026348366385153588
dcsbm_ps,1,1,200,3,219.7338,0.6735504505906692,1.2887827901995224,1098669,65,random,0.5,0.5,ok,10,0.16767747121673413,0.004519815581937235,0.16175451357202794,0.17735211165683412,0.7689870355435049,0.013617747467786823,0.744442759570239,0.7964848731263948,0.169948266517807,0.004399150848051934,0.16340703263548523,0.17757911592232015,0.7654374850377914,0.014694743692893327,0.7505801066876608,0.803782185202914,0.002270795301072881,-0.0035495505057134835,-0.013945079021348894,-0.04590476643873398
dcsbm_ps,1,1,200,3,219.7338,0.6735504505906692,1.2887827901995224,1098669,65,random,0.2,0.2,ok,10,0.16767747121673413,0.004519815581937235,0.16175451357202794,0.17735211165683412,0.7689870355435049,0.013617747467786823,0.744442759570239,0.7964848731263948,0.17095159032190937,0.0050551527555655115,0.16244449500656716,0.17788755898185854,0.7571243392168601,0.01327675200275377,0.7365465006963603,0.7739796979524243,0.0032741191051752494,-0.011862696326644828,-0.014907616650266964,-0.059938372430034526
dcsbm_ps,1,1,200,3,219.7338,0.6735504505906692,1.2887827901995224,1098669,65,random,0.15,0.15,ok,10,0.16767747121673413,0.004519815581937235,0.16175451357202794,0.17735211165683412,0.7689870355435049,0.013617747467786823,0.744442759570239,0.7964848731263948,0.16499261541526963,0.0055873125308580395,0.1542195630488896,0.17410611436900264,0.7317881681213833,0.01623886691440954,0.6957396588900401,0.756544608480121,-0.002684855801464492,-0.03719886742212164,-0.02313254860794453,-0.10074521423635474
