arm,gen,detector,d_nom,graph_seed,het_deg,het_size,d_target,mu_target,p_in_mean,p_out,cal_passes,cal_status,lfr_deg_cv,n,m,d_avg_real,n_comm_planted,mu_real,comm_size_min,comm_size_max,deg_min,deg_max,deg_cv,sparsifier,target_ret,realized_ret,knob,status,lspar_floor,m_sparse,Q_base_mean,Q_base_std,Q_base_best,AMI_base_mean,AMI_base_std,ARI_base_mean,nc_base,cv_base,T_leiden_orig,T_sparsify,T_detect_sparse,T_pipeline,Q_orig_transfer,Q_orig_transfer_std,AMI,AMI_std,ARI,AMI_chance,ARI_chance,nc_sparse,cv_sparse,budget,n_restarts,Q_matched_best,AMI_at_matched,ARI_at_matched,nc_matched,dQ_vs_matched,dQ_vs_base_best,dQ_vs_base_mean,dAMI_vs_base_mean,dAMI_vs_matched,dARI_vs_base_mean,speedup_pipeline,speedup_detect_only,Q_resmatch,AMI_resmatch,ARI_resmatch,nc_resmatch,gamma_resmatch
A,dcsbm_ps,leiden,10,1,1,1,11.183,0.57853,0.12047523432014687,0.000657378592895557,2,ok,2.327,10000,55592,11.1184,128,0.578950208663117,20,489,0,258,1.5528322710655245,lspar,0.5,0.50333,0.515625,ok,0.15909,27981,0.4254820861151579,0.0015105039863179807,0.4269931865946479,0.6145840857899706,0.00934308399505059,0.42163314698715804,183.2,1.8636898319465924,0.7968641442013904,0.06797246891073883,0.49082676266940933,0.5587992315801482,0.41014086251000875,0.0003958840845089399,0.5858306294796778,0.0012784620430084455,0.4291699908555764,-0.0008103496968485997,-3.5917108987980914e-05,206.33333333333334,1.4456005854758713,0.5587992315801482,1,0.4235226080452196,0.5998787026745025,0.3833090468072072,181,-0.01338174553521082,-0.01685232408463916,-0.015341223605149168,-0.028753456310292802,-0.014048073194824706,0.0075368438684183525,1.4260294201694812,1.6235140477417467,0.42380813010740337,0.6532250930286928,0.49506969357709935,208,1.5
A,dcsbm_ps,leiden,10,1,1,1,11.183,0.57853,0.12047523432014687,0.000657378592895557,2,ok,2.327,10000,55592,11.1184,128,0.578950208663117,20,489,0,258,1.5528322710655245,lspar,0.2,0.15909,0.0,ok,0.15909,8844,0.4254820861151579,0.0015105039863179807,0.4269931865946479,0.6145840857899706,0.00934308399505059,0.42163314698715804,183.2,1.8636898319465924,0.7968641442013904,0.09771119797369465,0.3324002273341951,0.43011142530788976,0.22721552177241586,0.0,0.46958922167681344,0.0,0.15320501514123042,5.179737215073075e-05,-1.1814321849413392e-06,1157.0,1.5969733623326345,0.43011142530788976,1,0.4235226080452196,0.5998787026745025,0.3833090468072072,181,-0.19630708627280372,-0.19977766482223205,-0.19826656434274206,-0.14499486411315715,-0.13028948099768906,-0.2684281318459276,1.8526923427597055,2.3973032467279975,0.21790049827183713,0.3368654190667376,0.05878363175580252,1275,60.0
A,dcsbm_ps,leiden,10,1,1,1,11.183,0.57853,0.12047523432014687,0.000657378592895557,2,ok,2.327,10000,55592,11.1184,128,0.578950208663117,20,489,0,258,1.5528322710655245,lspar,0.15,0.15909,0.0,floor,0.15909,8844,0.4254820861151579,0.0015105039863179807,0.4269931865946479,0.6145840857899706,0.00934308399505059,0.42163314698715804,183.2,1.8636898319465924,0.7968641442013904,0.061288653989322484,0.33168622065568343,0.3929748746450059,0.22721552177241586,0.0,0.46958922167681344,0.0,0.15320501514123042,-0.0008578601558523,-3.766778526267779e-05,1157.0,1.5969733623326345,0.3929748746450059,1,0.4235226080452196,0.5998787026745025,0.3833090468072072,181,-0.19630708627280372,-0.19977766482223205,-0.19826656434274206,-0.14499486411315715,-0.13028948099768906,-0.2684281318459276,2.0277737728684007,2.4024638184430294,0.21790049827183713,0.3368654190667376,0.05878363175580252,1275,60.0
A,dcsbm_ps,leiden,10,1,1,1,11.183,0.57853,0.12047523432014687,0.000657378592895557,2,ok,2.327,10000,55592,11.1184,128,0.578950208663117,20,489,0,258,1.5528322710655245,lspar,0.05,0.15909,0.0,floor,0.15909,8844,0.4254820861151579,0.0015105039863179807,0.4269931865946479,0.6145840857899706,0.00934308399505059,0.42163314698715804,183.2,1.8636898319465924,0.7968641442013904,0.06128260400146246,0.3321115350117907,0.39339413901325315,0.22721552177241586,0.0,0.46958922167681344,0.0,0.15320501514123042,0.0010479756755267264,0.00013673698244890246,1157.0,1.5969733623326345,0.39339413901325315,1,0.4235226080452196,0.5998787026745025,0.3833090468072072,181,-0.19630708627280372,-0.19977766482223205,-0.19826656434274206,-0.14499486411315715,-0.13028948099768906,-0.2684281318459276,2.0256126494414923,2.3993871341237814,0.21790049827183713,0.3368654190667376,0.05878363175580252,1275,60.0
A,dcsbm_ps,leiden,10,1,1,1,11.183,0.57853,0.12047523432014687,0.000657378592895557,2,ok,2.327,10000,55592,11.1184,128,0.578950208663117,20,489,0,258,1.5528322710655245,dspar,0.5,0.49987,0.5,ok,0.15909,27789,0.4254820861151579,0.0015105039863179807,0.4269931865946479,0.6145840857899706,0.00934308399505059,0.42163314698715804,183.2,1.8636898319465924,0.7968641442013904,0.0083407640340738,0.7574691249950168,0.7658098890290906,0.29249761037893124,0.004548801665824565,0.2712181485794935,0.010262808707132134,0.07937031050015893,0.0001898918552187792,-1.5448774876303257e-05,173.33333333333334,2.1732585153971655,0.7658098890290906,1,0.4235226080452196,0.5998787026745025,0.3833090468072072,181,-0.13102499766628833,-0.13449557621571667,-0.13298447573622668,-0.3433659372104771,-0.328660554095009,-0.3422628364869991,1.0405508672807438,1.0520087458437763,0.4235226080452196,0.5998787026745025,0.3833090468072072,181,1.0
A,dcsbm_ps,leiden,10,1,1,1,11.183,0.57853,0.12047523432014687,0.000657378592895557,2,ok,2.327,10000,55592,11.1184,128,0.578950208663117,20,489,0,258,1.5528322710655245,dspar,0.2,0.19954,0.2,ok,0.15909,11093,0.4254820861151579,0.0015105039863179807,0.4269931865946479,0.6145840857899706,0.00934308399505059,0.42163314698715804,183.2,1.8636898319465924,0.7968641442013904,0.010862516006454825,0.47502698966612417,0.485889505672579,0.16658111092261843,0.0008182402922633508,0.12353871551986628,0.0033439694559070803,0.01831530786796088,0.0014222086798381713,5.703059206287023e-05,1417.0,3.970090707132084,0.485889505672579,1,0.4235226080452196,0.5998787026745025,0.3833090468072072,181,-0.25694149712260117,-0.2604120756720295,-0.2589009751925395,-0.4910453702701043,-0.4763399871546362,-0.40331783911919716,1.6400110208150174,1.6775134077359932,0.21790049827183713,0.3368654190667376,0.05878363175580252,1275,60.0
A,dcsbm_ps,leiden,10,1,1,1,11.183,0.57853,0.12047523432014687,0.000657378592895557,2,ok,2.327,10000,55592,11.1184,128,0.578950208663117,20,489,0,258,1.5528322710655245,dspar,0.15,0.15004,0.15,ok,0.15909,8341,0.4254820861151579,0.0015105039863179807,0.4269931865946479,0.6145840857899706,0.00934308399505059,0.42163314698715804,183.2,1.8636898319465924,0.7968641442013904,0.010847266996279359,0.5002371579951918,0.5110844249914711,0.13940541686190408,9.053054266824438e-05,0.1153773712323915,0.0017007914123798812,0.015572506504305514,9.615834564347075e-05,9.730804499815109e-05,2615.6666666666665,4.348641499878647,0.5110844249914711,1,0.4235226080452196,0.5998787026745025,0.3833090468072072,181,-0.28411719118331547,-0.2875877697327438,-0.2860766692532538,-0.4992067145575791,-0.484501331442111,-0.4060606404828525,1.5591634282627345,1.592972715971351,0.16693378451909222,0.237127936188679,0.024064829300011203,2044,120.0
A,dcsbm_ps,leiden,10,1,1,1,11.183,0.57853,0.12047523432014687,0.000657378592895557,2,ok,2.327,10000,55592,11.1184,128,0.578950208663117,20,489,0,258,1.5528322710655245,dspar,0.05,0.04995,0.05,ok,0.15909,2777,0.4254820861151579,0.0015105039863179807,0.4269931865946479,0.6145840857899706,0.00934308399505059,0.42163314698715804,183.2,1.8636898319465924,0.7968641442013904,0.008837162051349878,0.5829668350052088,0.5918039970565587,0.04999388500870009,0.0,0.06967909820760633,1.5700924586837752e-16,0.0045150805439970465,3.686792281072869e-05,1.7989388955822964e-06,7224.0,1.134066594164558,0.5918039970565587,1,0.4235226080452196,0.5998787026745025,0.3833090468072072,181,-0.37352872303651946,-0.3769993015859478,-0.3754882011064578,-0.5449049875823643,-0.5301996044668962,-0.41711806644316096,1.346500105042775,1.3669116257604437,0.16693378451909222,0.237127936188679,0.024064829300011203,2044,120.0
A,dcsbm_ps,leiden,10,1,1,1,11.183,0.57853,0.12047523432014687,0.000657378592895557,2,ok,2.327,10000,55592,11.1184,128,0.578950208663117,20,489,0,258,1.5528322710655245,random,0.5,0.5,0.5,ok,0.15909,27796,0.4254820861151579,0.0015105039863179807,0.4269931865946479,0.6145840857899706,0.00934308399505059,0.42163314698715804,183.2,1.8636898319465924,0.7968641442013904,0.0011365640093572438,0.6704711346925857,0.6716076987019429,0.3218406741259123,0.0012374466252406163,0.3142872759581556,0.008896376888911163,0.13801760271131955,-0.0005641936626989964,-5.659068902298935e-05,819.6666666666666,4.93485149238825,0.6716076987019429,1,0.4235226080452196,0.5998787026745025,0.3833090468072072,181,-0.1016819339193073,-0.10515251246873564,-0.10364141198924565,-0.300296809831815,-0.2855914267163469,-0.28361554427583846,1.1865023967735007,1.1885137226179865,0.27753094148321916,0.45798931710488067,0.13659346595835703,755,30.0
A,dcsbm_ps,leiden,10,1,1,1,11.183,0.57853,0.12047523432014687,0.000657378592895557,2,ok,2.327,10000,55592,11.1184,128,0.578950208663117,20,489,0,258,1.5528322710655245,random,0.2,0.19999,0.2,ok,0.15909,11118,0.4254820861151579,0.0015105039863179807,0.4269931865946479,0.6145840857899706,0.00934308399505059,0.42163314698715804,183.2,1.8636898319465924,0.7968641442013904,0.0010182200348936021,0.5943566910185231,0.5953749110534167,0.15311346783995475,0.001503948693313092,0.12569722312903261,0.0013650721397493518,0.030128044371748253,0.0004948191709573457,-0.0001782176739350237,3140.6666666666665,5.996047173758346,0.5953749110534167,1,0.4235226080452196,0.5998787026745025,0.3833090468072072,181,-0.27040914020526485,-0.2738797187546932,-0.2723686182752032,-0.48888686266093795,-0.47418147954546985,-0.3915051026154098,1.3384241247107174,1.3407170412027147,0.16693378451909222,0.237127936188679,0.024064829300011203,2044,120.0
A,dcsbm_ps,leiden,10,1,1,1,11.183,0.57853,0.12047523432014687,0.000657378592895557,2,ok,2.327,10000,55592,11.1184,128,0.578950208663117,20,489,0,258,1.5528322710655245,random,0.15,0.15,0.15,ok,0.15909,8339,0.4254820861151579,0.0015105039863179807,0.4269931865946479,0.6145840857899706,0.00934308399505059,0.42163314698715804,183.2,1.8636898319465924,0.7968641442013904,0.0009220080100931227,0.6044819609960541,0.6054039690061472,0.1211620327266779,0.0007439307835994373,0.10259227576828996,0.003239007605408654,0.018642732727380183,-0.0007756279088194596,-4.7363038685610684e-05,4114.0,5.479938259428233,0.6054039690061472,1,0.4235226080452196,0.5998787026745025,0.3833090468072072,181,-0.30236057531854166,-0.30583115386797,-0.30432005338848,-0.5119918100216806,-0.49728642690621255,-0.40299041425977783,1.3162519325889968,1.3182595935341603,0.16693378451909222,0.237127936188679,0.024064829300011203,2044,120.0
A,dcsbm_ps,leiden,10,1,1,1,11.183,0.57853,0.12047523432014687,0.000657378592895557,2,ok,2.327,10000,55592,11.1184,128,0.578950208663117,20,489,0,258,1.5528322710655245,random,0.05,0.05001,0.05,ok,0.15909,2780,0.4254820861151579,0.0015105039863179807,0.4269931865946479,0.6145840857899706,0.00934308399505059,0.42163314698715804,183.2,1.8636898319465924,0.7968641442013904,0.0009624639642424881,0.7163558973309895,0.717318361295232,0.04879795166789605,6.500961476534628e-05,0.056453247926801675,0.00036372303831587775,0.004659596854740656,5.504135810652642e-05,-1.4469420754243588e-05,7326.0,2.606286432532863,0.717318361295232,1,0.4235226080452196,0.5998787026745025,0.3833090468072072,181,-0.37472465637732355,-0.3781952349267519,-0.3766841344472619,-0.5581308378631689,-0.5434254547477009,-0.4169735501324174,1.1108932758427177,1.1123858227039938,0.16693378451909222,0.237127936188679,0.024064829300011203,2044,120.0
A,dcsbm_ps,leiden,10,2,1,1,11.183,0.57853,0.10255264590481088,0.0006539438298103668,2,ok,2.327,10000,55093,11.0186,95,0.5770606066106402,21,468,0,244,1.6554987792286515,lspar,0.5,0.50437,0.507812,ok,0.16156,27787,0.4240183571805856,0.002019977520210243,0.4260012219882616,0.5817085071778922,0.011730546203908485,0.4164337018280196,188.0,2.072925237465852,0.7486221919883974,0.07410615199478343,0.4887549566531864,0.5628611086479698,0.41002675805300964,5.044011655922769e-05,0.5527752459722876,0.0021584867295349514,0.4241796044386594,-0.00040731533507686117,9.851544346106714e-06,207.66666666666666,1.6312497472275187,0.5628611086479698,1,0.42569334306733764,0.5868334772396762,0.44036632215744137,188,-0.015666585014327994,-0.01597446393525198,-0.013991599127575971,-0.028933261205604688,-0.034058231267388606,0.007745902610639788,1.330030056236499,1.5316922760531901,0.42505046643533306,0.6325507995942022,0.5269046867321237,213,1.5
A,dcsbm_ps,leiden,10,2,1,1,11.183,0.57853,0.10255264590481088,0.0006539438298103668,2,ok,2.327,10000,55093,11.0186,95,0.5770606066106402,21,468,0,244,1.6554987792286515,lspar,0.2,0.16156,0.0,ok,0.16156,8901,0.4240183571805856,0.002019977520210243,0.4260012219882616,0.5817085071778922,0.011730546203908485,0.4164337018280196,188.0,2.072925237465852,0.7486221919883974,0.10260901699075475,0.3325920906693985,0.43520110766015324,0.21174993841481068,0.0,0.4259072329648918,0.0,0.11557669856975879,4.266540020880385e-05,6.12569418119547e-05,1103.0,1.6289533326648737,0.43520110766015324,1,0.42569334306733764,0.5868334772396762,0.44036632215744137,188,-0.21394340465252695,-0.21425128357345094,-0.21226841876577493,-0.15580127421300044,-0.16092624427478436,-0.3008570032582608,1.7201752909438672,2.2508719028214625,0.24395962991047174,0.3669785762496026,0.0742294677593662,850,30.0
A,dcsbm_ps,leiden,10,2,1,1,11.183,0.57853,0.10255264590481088,0.0006539438298103668,2,ok,2.327,10000,55093,11.0186,95,0.5770606066106402,21,468,0,244,1.6554987792286515,lspar,0.15,0.16156,0.0,floor,0.16156,8901,0.4240183571805856,0.002019977520210243,0.4260012219882616,0.5817085071778922,0.011730546203908485,0.4164337018280196,188.0,2.072925237465852,0.7486221919883974,0.06526679405942559,0.3343353866560695,0.3996021807154951,0.21174993841481068,0.0,0.4259072329648918,0.0,0.11557669856975879,-0.0005715888224885856,-3.059948044785643e-05,1103.0,1.6289533326648737,0.3996021807154951,1,0.42569334306733764,0.5868334772396762,0.44036632215744137,188,-0.21394340465252695,-0.21425128357345094,-0.21226841876577493,-0.15580127421300044,-0.16092624427478436,-0.3008570032582608,1.873418685173278,2.2391353768319604,0.24395962991047174,0.3669785762496026,0.0742294677593662,850,30.0
A,dcsbm_ps,leiden,10,2,1,1,11.183,0.57853,0.10255264590481088,0.0006539438298103668,2,ok,2.327,10000,55093,11.0186,95,0.5770606066106402,21,468,0,244,1.6554987792286515,lspar,0.05,0.16156,0.0,floor,0.16156,8901,0.4240183571805856,0.002019977520210243,0.4260012219882616,0.5817085071778922,0.011730546203908485,0.4164337018280196,188.0,2.072925237465852,0.7486221919883974,0.06545078905764967,0.33639042898236465,0.4018412180400143,0.21174993841481068,0.0,0.4259072329648918,0.0,0.11557669856975879,-0.0005924544546196978,-7.681295996987322e-05,1103.0,1.6289533326648737,0.4018412180400143,1,0.42569334306733764,0.5868334772396762,0.44036632215744137,188,-0.21394340465252695,-0.21425128357345094,-0.21226841876577493,-0.15580127421300044,-0.16092624427478436,-0.3008570032582608,1.8629800985568672,2.2254562778527927,0.24395962991047174,0.3669785762496026,0.0742294677593662,850,30.0
A,dcsbm_ps,leiden,10,2,1,1,11.183,0.57853,0.10255264590481088,0.0006539438298103668,2,ok,2.327,10000,55093,11.0186,95,0.5770606066106402,21,468,0,244,1.6554987792286515,dspar,0.5,0.50123,0.5,ok,0.16156,27614,0.4240183571805856,0.002019977520210243,0.4260012219882616,0.5817085071778922,0.011730546203908485,0.4164337018280196,188.0,2.072925237465852,0.7486221919883974,0.011459113971795887,0.7575670956478765,0.7690262096196724,0.27932417591369885,0.0037153231671373547,0.2164545671965095,0.007359072145443795,0.06634215479132893,-0.00022311259693051134,-0.00020582980421141506,178.66666666666666,2.463442184882037,0.7690262096196724,1,0.42569334306733764,0.5868334772396762,0.44036632215744137,188,-0.1463691671536388,-0.14667704607456278,-0.14469418126688677,-0.3652539399813828,-0.3703789100431667,-0.35009154703669065,0.9734677214169776,0.9881925921665996,0.423042199144058,0.5210668012960732,0.3203633817642867,172,0.75
A,dcsbm_ps,leiden,10,2,1,1,11.183,0.57853,0.10255264590481088,0.0006539438298103668,2,ok,2.327,10000,55093,11.0186,95,0.5770606066106402,21,468,0,244,1.6554987792286515,dspar,0.2,0.19941,0.2,ok,0.16156,10986,0.4240183571805856,0.002019977520210243,0.4260012219882616,0.5817085071778922,0.011730546203908485,0.4164337018280196,188.0,2.072925237465852,0.7486221919883974,0.011511126009281725,0.48238316832187894,0.49389429433116067,0.16424216862296775,0.0004589930738690235,0.10378649720798315,0.0012956059402149907,0.01493951245024161,-0.0009339903208596032,-0.00016868596525446912,1424.3333333333333,3.940349802649321,0.49389429433116067,1,0.42569334306733764,0.5868334772396762,0.44036632215744137,188,-0.2614511744443699,-0.26175905336529387,-0.25977618855761786,-0.4779220099699091,-0.483046980031693,-0.401494189377778,1.5157538780685718,1.5519243645932224,0.1991416985281009,0.28022590755072607,0.03548130819256453,1401,60.0
A,dcsbm_ps,leiden,10,2,1,1,11.183,0.57853,0.10255264590481088,0.0006539438298103668,2,ok,2.327,10000,55093,11.0186,95,0.5770606066106402,21,468,0,244,1.6554987792286515,dspar,0.15,0.14913,0.15,ok,0.16156,8216,0.4240183571805856,0.002019977520210243,0.4260012219882616,0.5817085071778922,0.011730546203908485,0.4164337018280196,188.0,2.072925237465852,0.7486221919883974,0.009963931981474161,0.48570496431784704,0.4956688962993212,0.13800742004411715,0.00021809329628884962,0.1010293193724864,0.0009325035021670564,0.011981617586183817,0.001309941823407148,0.00014917310524359208,2657.6666666666665,4.231277767199957,0.4956688962993212,1,0.42569334306733764,0.5868334772396762,0.44036632215744137,188,-0.2876859230232205,-0.2879938019441445,-0.28601093713646847,-0.48067918780540586,-0.4858041578671898,-0.40445208424183576,1.5103271510026817,1.5413105629665675,0.15971493778906476,0.20385810858588094,0.015551833440127269,2095,120.0
A,dcsbm_ps,leiden,10,2,1,1,11.183,0.57853,0.10255264590481088,0.0006539438298103668,2,ok,2.327,10000,55093,11.0186,95,0.5770606066106402,21,468,0,244,1.6554987792286515,dspar,0.05,0.05008,0.05,ok,0.16156,2759,0.4240183571805856,0.002019977520210243,0.4260012219882616,0.5817085071778922,0.011730546203908485,0.4164337018280196,188.0,2.072925237465852,0.7486221919883974,0.010384582041297108,0.5577674743253738,0.5681520563666709,0.050568347912465596,0.0,0.0662715757626885,7.255486554779386e-17,0.0035800729355768466,-0.0003814209413064835,-1.8071637050610323e-05,7242.0,1.124983235430644,0.5681520563666709,1,0.42569334306733764,0.5868334772396762,0.44036632215744137,188,-0.375124995154872,-0.375432874075796,-0.37345000926812,-0.5154369314152037,-0.5205619014769877,-0.41285362889244276,1.3176440771434184,1.342176133332021,0.15971493778906476,0.20385810858588094,0.015551833440127269,2095,120.0
A,dcsbm_ps,leiden,10,2,1,1,11.183,0.57853,0.10255264590481088,0.0006539438298103668,2,ok,2.327,10000,55093,11.0186,95,0.5770606066106402,21,468,0,244,1.6554987792286515,random,0.5,0.49999,0.5,ok,0.16156,27546,0.4240183571805856,0.002019977520210243,0.4260012219882616,0.5817085071778922,0.011730546203908485,0.4164337018280196,188.0,2.072925237465852,0.7486221919883974,0.001107205986045301,0.6783908593157927,0.679498065301838,0.31675348405198495,0.0037666037392574173,0.2826657737147064,0.011196941005368777,0.13933716891925937,-0.0005683558215444148,-9.919310576929776e-05,909.6666666666666,5.274774454337589,0.679498065301838,1,0.42569334306733764,0.5868334772396762,0.44036632215744137,188,-0.10893985901535269,-0.10924773793627668,-0.10726487312860067,-0.29904273346318583,-0.30416770352496975,-0.27709653290876024,1.1017282170713083,1.1035263546201644,0.24395962991047174,0.3669785762496026,0.0742294677593662,850,30.0
A,dcsbm_ps,leiden,10,2,1,1,11.183,0.57853,0.10255264590481088,0.0006539438298103668,2,ok,2.327,10000,55093,11.0186,95,0.5770606066106402,21,468,0,244,1.6554987792286515,random,0.2,0.20001,0.2,ok,0.16156,11019,0.4240183571805856,0.002019977520210243,0.4260012219882616,0.5817085071778922,0.011730546203908485,0.4164337018280196,188.0,2.072925237465852,0.7486221919883974,0.0008664070046506822,0.6144595569930971,0.6153259639977477,0.14858303316015933,0.0020538643101952435,0.10667898230662319,0.003637348524208077,0.02509218489773485,0.0008897956569856201,8.028067295740425e-05,3247.3333333333335,5.978637151054278,0.6153259639977477,1,0.42569334306733764,0.5868334772396762,0.44036632215744137,188,-0.27711030990717833,-0.2774181888281023,-0.27543532402042625,-0.47502952487126904,-0.48015449493305296,-0.39134151693028474,1.216627016881637,1.218342498653345,0.15971493778906476,0.20385810858588094,0.015551833440127269,2095,120.0
A,dcsbm_ps,leiden,10,2,1,1,11.183,0.57853,0.10255264590481088,0.0006539438298103668,2,ok,2.327,10000,55093,11.0186,95,0.5770606066106402,21,468,0,244,1.6554987792286515,random,0.15,0.15,0.15,ok,0.16156,8264,0.4240183571805856,0.002019977520210243,0.4260012219882616,0.5817085071778922,0.011730546203908485,0.4164337018280196,188.0,2.072925237465852,0.7486221919883974,0.0008449580054730177,0.6134204436675645,0.6142654016730376,0.11780708043648529,0.0004556265259479573,0.08607063213557732,0.0012376629318295457,0.013832195099278207,0.00022346866505532312,4.865132810245008e-05,4212.0,5.494229680345015,0.6142654016730376,1,0.42569334306733764,0.5868334772396762,0.44036632215744137,188,-0.30788626263085234,-0.3081941415517763,-0.3062112767441003,-0.49563787504231493,-0.5007628451040989,-0.4026015067287414,1.218727589002116,1.2204063293236176,0.15971493778906476,0.20385810858588094,0.015551833440127269,2095,120.0
A,dcsbm_ps,leiden,10,2,1,1,11.183,0.57853,0.10255264590481088,0.0006539438298103668,2,ok,2.327,10000,55093,11.0186,95,0.5770606066106402,21,468,0,244,1.6554987792286515,random,0.05,0.05001,0.05,ok,0.16156,2755,0.4240183571805856,0.002019977520210243,0.4260012219882616,0.5817085071778922,0.011730546203908485,0.4164337018280196,188.0,2.072925237465852,0.7486221919883974,0.0007163729751482606,0.650731559668202,0.6514479326433502,0.0497048964775905,0.00011796075348265503,0.055032068318002926,0.0005066446712551003,0.004333263332355722,-0.0004488244895596164,-5.3418176622836917e-05,7344.666666666667,2.632564314195188,0.6514479326433502,1,0.42569334306733764,0.5868334772396762,0.44036632215744137,188,-0.3759884465897471,-0.3762963255106711,-0.3743134607029951,-0.5266764388598894,-0.5318014089216733,-0.41210043849566386,1.149166578748278,1.1504316655090594,0.15971493778906476,0.20385810858588094,0.015551833440127269,2095,120.0
A,dcsbm_ps,leiden,10,3,1,1,11.183,0.57853,0.1077722725965085,0.0006569839188320856,2,ok,2.327,10000,55952,11.1904,101,0.5752073205604804,20,444,0,270,1.648944455116466,lspar,0.5,0.50386,0.515625,ok,0.15944,28192,0.42502110897104367,0.0013237831588304297,0.4262879355146437,0.6166522368896447,0.006701821218562214,0.4626857762826287,154.2,1.7262965241223747,0.7489658496226184,0.0739595559425652,0.4911153303304066,0.5650748862729718,0.410427474110092,0.00020598886683173838,0.5717663983309714,0.0009062992723461317,0.4399408222378456,0.0006253332563268314,3.0204572416706052e-06,172.0,1.371492707995614,0.5650748862729718,1,0.4262879355146437,0.6230036739491185,0.4847269461316238,153,-0.015860461404551718,-0.015860461404551718,-0.014593634860951665,-0.04488583855867323,-0.05123727561814706,-0.022744954044783106,1.3254275987427515,1.5250304834075088,0.4260915409468175,0.6619533305142603,0.5651091870307413,176,1.5
A,dcsbm_ps,leiden,10,3,1,1,11.183,0.57853,0.1077722725965085,0.0006569839188320856,2,ok,2.327,10000,55952,11.1904,101,0.5752073205604804,20,444,0,270,1.648944455116466,lspar,0.2,0.15944,0.0,ok,0.15944,8921,0.42502110897104367,0.0013237831588304297,0.4262879355146437,0.6166522368896447,0.006701821218562214,0.4626857762826287,154.2,1.7262965241223747,0.7489658496226184,0.10282475996064022,0.324890694677985,0.4277154546386252,0.21560929500620918,0.00021587317785731462,0.43706848861591485,0.00016885178212476103,0.13184746470136013,0.0014103056686270807,6.878880677320145e-05,1080.3333333333333,1.628621088820891,0.4277154546386252,1,0.4262879355146437,0.6230036739491185,0.4847269461316238,153,-0.21067864050843454,-0.21067864050843454,-0.2094118139648345,-0.1795837482737298,-0.18593518533320363,-0.33083831158126853,1.7510843751377096,2.30528562957137,0.1989439692000982,0.2870430752744971,0.03793616388472808,1326,60.0
A,dcsbm_ps,leiden,10,3,1,1,11.183,0.57853,0.1077722725965085,0.0006569839188320856,2,ok,2.327,10000,55952,11.1904,101,0.5752073205604804,20,444,0,270,1.648944455116466,lspar,0.15,0.15944,0.0,floor,0.15944,8921,0.42502110897104367,0.0013237831588304297,0.4262879355146437,0.6166522368896447,0.006701821218562214,0.4626857762826287,154.2,1.7262965241223747,0.7489658496226184,0.06551115697948262,0.3244237389881164,0.389934895967599,0.21560929500620918,0.00021587317785731462,0.43706848861591485,0.00016885178212476103,0.13184746470136013,-6.198645543695556e-05,-9.586882584843746e-05,1080.3333333333333,1.628621088820891,0.389934895967599,1,0.4262879355146437,0.6230036739491185,0.4847269461316238,153,-0.21067864050843454,-0.21067864050843454,-0.2094118139648345,-0.1795837482737298,-0.18593518533320363,-0.33083831158126853,1.920745892116443,2.3086037167275633,0.1989439692000982,0.2870430752744971,0.03793616388472808,1326,60.0
A,dcsbm_ps,leiden,10,3,1,1,11.183,0.57853,0.1077722725965085,0.0006569839188320856,2,ok,2.327,10000,55952,11.1904,101,0.5752073205604804,20,444,0,270,1.648944455116466,lspar,0.05,0.15944,0.0,floor,0.15944,8921,0.42502110897104367,0.0013237831588304297,0.4262879355146437,0.6166522368896447,0.006701821218562214,0.4626857762826287,154.2,1.7262965241223747,0.7489658496226184,0.06517888396047056,0.3232726600059929,0.3884515439664635,0.21560929500620918,0.00021587317785731462,0.43706848861591485,0.00016885178212476103,0.13184746470136013,0.0015207399338077207,0.00010761308425546388,1080.3333333333333,1.628621088820891,0.3884515439664635,1,0.4262879355146437,0.6230036739491185,0.4847269461316238,153,-0.21067864050843454,-0.21067864050843454,-0.2094118139648345,-0.1795837482737298,-0.18593518533320363,-0.33083831158126853,1.928080506451223,2.316823976418958,0.1989439692000982,0.2870430752744971,0.03793616388472808,1326,60.0
A,dcsbm_ps,leiden,10,3,1,1,11.183,0.57853,0.1077722725965085,0.0006569839188320856,2,ok,2.327,10000,55952,11.1904,101,0.5752073205604804,20,444,0,270,1.648944455116466,dspar,0.5,0.49852,0.5,ok,0.15944,27893,0.42502110897104367,0.0013237831588304297,0.4262879355146437,0.6166522368896447,0.006701821218562214,0.4626857762826287,154.2,1.7262965241223747,0.7489658496226184,0.010679447965230793,0.7602064993310099,0.7708859472962407,0.2805384226295273,0.0038068735791605816,0.23929359249228543,0.011765942066119037,0.07535991128677381,7.854334663869923e-05,-2.7529876866471418e-05,143.33333333333334,2.0215193342606352,0.7708859472962407,1,0.4262879355146437,0.6230036739491185,0.4847269461316238,153,-0.14574951288511645,-0.14574951288511645,-0.1444826863415164,-0.3773586443973592,-0.38371008145683305,-0.38732586499585486,0.9715650573855917,0.98521368901965,0.4250084432945465,0.5615336899392548,0.3674985699959887,136,0.75
A,dcsbm_ps,leiden,10,3,1,1,11.183,0.57853,0.1077722725965085,0.0006569839188320856,2,ok,2.327,10000,55952,11.1904,101,0.5752073205604804,20,444,0,270,1.648944455116466,dspar,0.2,0.19801,0.2,ok,0.15944,11079,0.42502110897104367,0.0013237831588304297,0.4262879355146437,0.6166522368896447,0.006701821218562214,0.4626857762826287,154.2,1.7262965241223747,0.7489658496226184,0.009317759016994387,0.4867126379782955,0.4960303969952899,0.16305558987172683,0.00021951825741557273,0.11528564101193545,0.001617637744153539,0.017808437854086756,0.0006196378459920847,3.599056226916022e-06,1429.0,4.009764472987944,0.4960303969952899,1,0.4262879355146437,0.6230036739491185,0.4847269461316238,153,-0.26323234564291687,-0.26323234564291687,-0.26196551909931687,-0.5013665958777092,-0.5077180329371831,-0.44487733842854194,1.50991925930243,1.5388255639583737,0.1989439692000982,0.2870430752744971,0.03793616388472808,1326,60.0
A,dcsbm_ps,leiden,10,3,1,1,11.183,0.57853,0.1077722725965085,0.0006569839188320856,2,ok,2.327,10000,55952,11.1904,101,0.5752073205604804,20,444,0,270,1.648944455116466,dspar,0.15,0.14949,0.15,ok,0.15944,8364,0.42502110897104367,0.0013237831588304297,0.4262879355146437,0.6166522368896447,0.006701821218562214,0.4626857762826287,154.2,1.7262965241223747,0.7489658496226184,0.00839757703943178,0.5152961240188839,0.5236937010583157,0.13675650453275104,0.0007808438103962571,0.10959189435201871,0.0020471784130149245,0.01463838078218385,-0.0005942166140381883,-5.012758676797141e-05,2625.6666666666665,4.328824874091908,0.5236937010583157,1,0.4262879355146437,0.6230036739491185,0.4847269461316238,153,-0.2895314309818927,-0.2895314309818927,-0.2882646044382926,-0.5070603425376259,-0.5134117795970998,-0.44804739550044487,1.4301601262513899,1.4534668799394486,0.1594256795716225,0.21298606683816954,0.017653466906447823,2061,120.0
A,dcsbm_ps,leiden,10,3,1,1,11.183,0.57853,0.1077722725965085,0.0006569839188320856,2,ok,2.327,10000,55952,11.1904,101,0.5752073205604804,20,444,0,270,1.648944455116466,dspar,0.05,0.05162,0.05,ok,0.15944,2888,0.42502110897104367,0.0013237831588304297,0.4262879355146437,0.6166522368896447,0.006701821218562214,0.4626857762826287,154.2,1.7262965241223747,0.7489658496226184,0.010776622977573425,0.5855401106528006,0.5963167336303741,0.05210382161920152,0.0,0.07056844655215454,1.505382864222802e-16,0.004335487979860087,-1.2443797059276814e-05,-6.848077847258035e-06,7112.0,1.2185198233922991,0.5963167336303741,1,0.4262879355146437,0.6230036739491185,0.4847269461316238,153,-0.3741841138954422,-0.3741841138954422,-0.37291728735184215,-0.5460837903374901,-0.5524352273969639,-0.4583502883027686,1.2559866382801586,1.279102551638383,0.1594256795716225,0.21298606683816954,0.017653466906447823,2061,120.0
A,dcsbm_ps,leiden,10,3,1,1,11.183,0.57853,0.1077722725965085,0.0006569839188320856,2,ok,2.327,10000,55952,11.1904,101,0.5752073205604804,20,444,0,270,1.648944455116466,random,0.5,0.5,0.5,ok,0.15944,27976,0.42502110897104367,0.0013237831588304297,0.4262879355146437,0.6166522368896447,0.006701821218562214,0.4626857762826287,154.2,1.7262965241223747,0.7489658496226184,0.001223272003699094,0.6844959673665775,0.6857192393702766,0.32317259910814516,0.003983667708821006,0.30226617758682556,0.015093014735828742,0.15126905919277908,0.0008668410352741501,-8.221913648368744e-05,883.0,5.21509451750413,0.6857192393702766,1,0.4262879355146437,0.6230036739491185,0.4847269461316238,153,-0.10311533640649856,-0.10311533640649856,-0.1018485098628985,-0.3143860593028191,-0.32073749636229293,-0.31141671708984964,1.092233973645575,1.0941859197565067,0.2536907838489834,0.3942264620300626,0.09433957471294324,788,30.0
A,dcsbm_ps,leiden,10,3,1,1,11.183,0.57853,0.1077722725965085,0.0006569839188320856,2,ok,2.327,10000,55952,11.1904,101,0.5752073205604804,20,444,0,270,1.648944455116466,random,0.2,0.19999,0.2,ok,0.15944,11190,0.42502110897104367,0.0013237831588304297,0.4262879355146437,0.6166522368896447,0.006701821218562214,0.4626857762826287,154.2,1.7262965241223747,0.7489658496226184,0.001018579991068691,0.6177436816506088,0.6187622616416775,0.1512254782358002,0.0006937274432665594,0.11176095039290147,0.0028288664277902075,0.028190772668013675,0.0014640225232904341,4.629394569570381e-05,3208.0,6.0148568862047584,0.6187622616416775,1,0.4262879355146437,0.6230036739491185,0.4847269461316238,153,-0.2750624572788435,-0.2750624572788435,-0.2737956307352435,-0.5048912864967432,-0.511242723556217,-0.434495003614615,1.2104258712150437,1.2124217080155064,0.1594256795716225,0.21298606683816954,0.017653466906447823,2061,120.0
A,dcsbm_ps,leiden,10,3,1,1,11.183,0.57853,0.1077722725965085,0.0006569839188320856,2,ok,2.327,10000,55952,11.1904,101,0.5752073205604804,20,444,0,270,1.648944455116466,random,0.15,0.15,0.15,ok,0.15944,8393,0.42502110897104367,0.0013237831588304297,0.4262879355146437,0.6166522368896447,0.006701821218562214,0.4626857762826287,154.2,1.7262965241223747,0.7489658496226184,0.001004342979285866,0.6350795226753689,0.6360838656546548,0.12152435446561449,0.0011214996895285451,0.092230829320334,0.00036875424545383873,0.01952624034544367,-0.0009486638707421748,-8.455877747993074e-05,4198.666666666667,5.589198745631841,0.6360838656546548,1,0.4262879355146437,0.6230036739491185,0.4847269461316238,153,-0.30476358104902923,-0.30476358104902923,-0.3034967545054292,-0.5244214075693107,-0.5307728446287845,-0.44315953593718505,1.1774639950217665,1.1793260889084975,0.1594256795716225,0.21298606683816954,0.017653466906447823,2061,120.0
A,dcsbm_ps,leiden,10,3,1,1,11.183,0.57853,0.1077722725965085,0.0006569839188320856,2,ok,2.327,10000,55952,11.1904,101,0.5752073205604804,20,444,0,270,1.648944455116466,random,0.05,0.05001,0.05,ok,0.15944,2798,0.42502110897104367,0.0013237831588304297,0.4262879355146437,0.6166522368896447,0.006701821218562214,0.4626857762826287,154.2,1.7262965241223747,0.7489658496226184,0.0009203499648720026,0.660051603995574,0.6609719539604461,0.04932989493806483,0.00027397108306528184,0.05572125353315625,0.0008827958317779903,0.004962903136565547,-0.0011810727146988073,-6.022126083823689e-05,7318.333333333333,2.643842822684164,0.6609719539604461,1,0.4262879355146437,0.6230036739491185,0.4847269461316238,153,-0.3769580405765789,-0.3769580405765789,-0.37569121403297884,-0.5609309833564884,-0.5672824204159622,-0.45772287314606314,1.133128032339233,1.1347080214468208,0.1594256795716225,0.21298606683816954,0.017653466906447823,2061,120.0
A,dcsbm_ps,leiden,25,1,1,1,24.635,0.5976,0.2814048212836614,0.0014985139165585566,3,ok,1.765,10000,123082,24.6164,128,0.5986253067060984,20,489,0,548,1.4720948014591484,lspar,0.5,0.49547,0.703125,ok,0.0696,60984,0.3868367231232092,0.00040941246089398,0.3875046585330654,0.8636099123793356,0.005221301124185275,0.7264011435704727,59.0,0.575522984500572,1.0758814226021058,0.2154251430183649,0.5645797180089479,0.7800048610273128,0.3841782668904501,7.508064888137363e-05,0.8679818772532782,0.0014716157528422823,0.7944932532276234,0.0005027184212235211,6.727751350690536e-06,79.0,0.5893879784629781,0.7800048610273128,1,0.38671992364963803,0.8586614506040261,0.7176594439812124,57,-0.002541656759187938,-0.003326391642615334,-0.002658456232759121,0.0043719648739426464,0.009320426649252145,0.06809210965715073,1.3793265611000245,1.905632434683129,0.38683917621988684,0.9116605372351176,0.8545542197055482,88,1.5
A,dcsbm_ps,leiden,25,1,1,1,24.635,0.5976,0.2814048212836614,0.0014985139165585566,3,ok,1.765,10000,123082,24.6164,128,0.5986253067060984,20,489,0,548,1.4720948014591484,lspar,0.2,0.20172,0.328125,ok,0.0696,24828,0.3868367231232092,0.00040941246089398,0.3875046585330654,0.8636099123793356,0.005221301124185275,0.7264011435704727,59.0,0.575522984500572,1.0758814226021058,0.2091546020237729,0.34745722432853654,0.5566118263523094,0.3780552788488796,7.426995477015296e-05,0.8464264667517343,0.002273349558215066,0.7626182823817728,-0.0006513434577855127,-5.65958898339855e-05,94.33333333333333,0.6362531047560518,0.5566118263523094,1,0.38671992364963803,0.8586614506040261,0.7176594439812124,57,-0.008664644800758459,-0.009449379684185855,-0.008781444274329642,-0.017183445627601324,-0.012234983852291825,0.036217138811300065,1.9329115402609554,3.0964428058194904,0.38683917621988684,0.9116605372351176,0.8545542197055482,88,1.5
A,dcsbm_ps,leiden,25,1,1,1,24.635,0.5976,0.2814048212836614,0.0014985139165585566,3,ok,1.765,10000,123082,24.6164,128,0.5986253067060984,20,489,0,548,1.4720948014591484,lspar,0.15,0.15171,0.21875,ok,0.0696,18673,0.3868367231232092,0.00040941246089398,0.3875046585330654,0.8636099123793356,0.005221301124185275,0.7264011435704727,59.0,0.575522984500572,1.0758814226021058,0.20633748098043725,0.336245888339666,0.5425833693201032,0.37167725504571925,0.00017004534301379412,0.8132233306499268,0.0015517647931124015,0.6984271732277563,-0.00040424961259575735,0.00016381027721758585,91.0,0.6017319314887707,0.5425833693201032,1,0.38671992364963803,0.8586614506040261,0.7176594439812124,57,-0.015042668603918785,-0.01582740348734618,-0.015159468077489968,-0.0503865817294088,-0.0454381199540993,-0.027973970342716425,1.9828868399528432,3.1996864791853783,0.38683917621988684,0.9116605372351176,0.8545542197055482,88,1.5
A,dcsbm_ps,leiden,25,1,1,1,24.635,0.5976,0.2814048212836614,0.0014985139165585566,3,ok,1.765,10000,123082,24.6164,128,0.5986253067060984,20,489,0,548,1.4720948014591484,lspar,0.05,0.0696,0.0,floor,0.0696,8566,0.3868367231232092,0.00040941246089398,0.3875046585330654,0.8636099123793356,0.005221301124185275,0.7264011435704727,59.0,0.575522984500572,1.0758814226021058,0.19731541204964742,0.3536505926749669,0.5509660047246143,0.12827380955123507,0.0,0.5923623423150058,0.0,0.1889414808808522,-5.9825236200207326e-05,-3.880908015495201e-06,1434.0,1.4169738882562377,0.5509660047246143,1,0.38671992364963803,0.8586614506040261,0.7176594439812124,57,-0.25844611409840296,-0.25923084898183035,-0.25856291357197414,-0.27124757006432976,-0.26629910828902026,-0.5374596626896205,1.9527183408345792,3.0422158053356543,0.14913937261302843,0.4744085896361956,0.1110030528316656,1317,60.0
A,dcsbm_ps,leiden,25,1,1,1,24.635,0.5976,0.2814048212836614,0.0014985139165585566,3,ok,1.765,10000,123082,24.6164,128,0.5986253067060984,20,489,0,548,1.4720948014591484,dspar,0.5,0.50055,0.5,ok,0.0696,61609,0.3868367231232092,0.00040941246089398,0.3875046585330654,0.8636099123793356,0.005221301124185275,0.7264011435704727,59.0,0.575522984500572,1.0758814226021058,0.03580784099176526,1.0007378340039093,1.0365456749956745,0.37468740008377494,0.0009427647055245787,0.790087876854387,0.004774984923670397,0.5349399579032644,-8.669353967466472e-05,0.0003744584774061691,50.333333333333336,0.7758934914477492,1.0365456749956745,1,0.38671992364963803,0.8586614506040261,0.7176594439812124,57,-0.012032523565863096,-0.012817258449290492,-0.012149323039434279,-0.07352203552494863,-0.06857357374963913,-0.19146118566720827,1.0379488801654548,1.0750881859812877,0.38671992364963803,0.8586614506040261,0.7176594439812124,57,1.0
A,dcsbm_ps,leiden,25,1,1,1,24.635,0.5976,0.2814048212836614,0.0014985139165585566,3,ok,1.765,10000,123082,24.6164,128,0.5986253067060984,20,489,0,548,1.4720948014591484,dspar,0.2,0.19981,0.2,ok,0.0696,24593,0.3868367231232092,0.00040941246089398,0.3875046585330654,0.8636099123793356,0.005221301124185275,0.7264011435704727,59.0,0.575522984500572,1.0758814226021058,0.03458763100206852,0.7352431646625822,0.7698307956646507,0.135926145987776,0.0008732363545399223,0.18857617951751163,0.0012847657538586454,0.043992489159920024,-0.0002444297251687708,-2.3875206725979577e-05,150.33333333333334,1.998277067097532,0.7698307956646507,1,0.38671992364963803,0.8586614506040261,0.7176594439812124,57,-0.25079377766186206,-0.2515785125452894,-0.2509105771354332,-0.675033732861824,-0.6700852710865145,-0.6824086544105527,1.3975557079049032,1.4633001356712365,0.361924835061441,0.8933209689459016,0.7531031576901518,149,8.0
A,dcsbm_ps,leiden,25,1,1,1,24.635,0.5976,0.2814048212836614,0.0014985139165585566,3,ok,1.765,10000,123082,24.6164,128,0.5986253067060984,20,489,0,548,1.4720948014591484,dspar,0.15,0.14988,0.15,ok,0.0696,18448,0.3868367231232092,0.00040941246089398,0.3875046585330654,0.8636099123793356,0.005221301124185275,0.7264011435704727,59.0,0.575522984500572,1.0758814226021058,0.03511668503051624,0.6216122016776353,0.6567288867081515,0.10543302364875229,0.00206456670922229,0.14677371602887945,0.006197474497267045,0.027308342860728446,0.00046263300428483773,0.00015795470867745106,419.6666666666667,2.837149507291125,0.6567288867081515,1,0.38671992364963803,0.8586614506040261,0.7176594439812124,57,-0.28128690000088574,-0.28207163488431314,-0.2814036994744569,-0.7168361963504561,-0.7118877345751466,-0.6990928007097442,1.6382428797900959,1.7307919949101194,0.3123319161852672,0.8175289755982482,0.537430567565717,253,15.0
A,dcsbm_ps,leiden,25,1,1,1,24.635,0.5976,0.2814048212836614,0.0014985139165585566,3,ok,1.765,10000,123082,24.6164,128,0.5986253067060984,20,489,0,548,1.4720948014591484,dspar,0.05,0.05022,0.05,ok,0.0696,6181,0.3868367231232092,0.00040941246089398,0.3875046585330654,0.8636099123793356,0.005221301124185275,0.7264011435704727,59.0,0.575522984500572,1.0758814226021058,0.034048878005705774,0.5558761749998666,0.5899250530055724,0.05023415526552921,0.0003823857206948137,0.10526494574316715,0.0012795978933781331,0.012011960731844643,0.0006677627297563849,1.6821153039197516e-05,4149.666666666667,3.8334474992028476,0.5899250530055724,1,0.38671992364963803,0.8586614506040261,0.7176594439812124,57,-0.3364857683841088,-0.3372705032675362,-0.33660256785768,-0.7583449666361685,-0.753396504860859,-0.7143891828386281,1.8237595049077244,1.935469572162117,0.08909971168018474,0.3031902176933304,0.035809071865540276,2440,120.0
A,dcsbm_ps,leiden,25,1,1,1,24.635,0.5976,0.2814048212836614,0.0014985139165585566,3,ok,1.765,10000,123082,24.6164,128,0.5986253067060984,20,489,0,548,1.4720948014591484,random,0.5,0.5,0.5,ok,0.0696,61541,0.3868367231232092,0.00040941246089398,0.3875046585330654,0.8636099123793356,0.005221301124185275,0.7264011435704727,59.0,0.575522984500572,1.0758814226021058,0.001969665987417102,0.8562832770015424,0.8582529429889595,0.35237740865403744,0.0030621021504256244,0.6325043738922307,0.013072045731073954,0.41148427605468213,-4.342506124939705e-05,0.00010147716631018172,113.33333333333333,1.569257504675057,0.8582529429889595,1,0.38671992364963803,0.8586614506040261,0.7176594439812124,57,-0.03434251499560059,-0.03512724987902799,-0.034459314469171776,-0.2311055384871049,-0.2261570767117954,-0.31491686751579057,1.2535714924031969,1.256455020784165,0.38666041827865844,0.9321050696653304,0.9110243643080055,110,2.0
A,dcsbm_ps,leiden,25,1,1,1,24.635,0.5976,0.2814048212836614,0.0014985139165585566,3,ok,1.765,10000,123082,24.6164,128,0.5986253067060984,20,489,0,548,1.4720948014591484,random,0.2,0.2,0.2,ok,0.0696,24616,0.3868367231232092,0.00040941246089398,0.3875046585330654,0.8636099123793356,0.005221301124185275,0.7264011435704727,59.0,0.575522984500572,1.0758814226021058,0.001434464007616043,0.6942377586965449,0.695672222704161,0.1586685630263655,0.001560632576524954,0.208663647534011,0.0033687734006033845,0.07501306686545171,0.0002826739216034222,4.601968231582695e-05,1033.6666666666667,5.583361309255737,0.695672222704161,1,0.38671992364963803,0.8586614506040261,0.7176594439812124,57,-0.22805136062327253,-0.22883609550669992,-0.2281681600968437,-0.6549462648453246,-0.6499978030700151,-0.651388076705021,1.5465349736403537,1.5497304909230376,0.14913937261302843,0.4744085896361956,0.1110030528316656,1317,60.0
A,dcsbm_ps,leiden,25,1,1,1,24.635,0.5976,0.2814048212836614,0.0014985139165585566,3,ok,1.765,10000,123082,24.6164,128,0.5986253067060984,20,489,0,548,1.4720948014591484,random,0.15,0.15,0.15,ok,0.0696,18462,0.3868367231232092,0.00040941246089398,0.3875046585330654,0.8636099123793356,0.005221301124185275,0.7264011435704727,59.0,0.575522984500572,1.0758814226021058,0.0018820049590431154,0.6500522493345974,0.6519342542936405,0.11514095645791989,0.0048894817036573964,0.15340636631639665,0.006503048128049912,0.04554374945602716,0.0002554643492576535,-0.0001656741582103881,1652.6666666666667,6.051320401596111,0.6519342542936405,1,0.38671992364963803,0.8586614506040261,0.7176594439812124,57,-0.27157896719171815,-0.27236370207514554,-0.27169576666528933,-0.710203546062939,-0.7052550842876295,-0.6808573941144456,1.6502912916699013,1.6550691482159983,0.14913937261302843,0.4744085896361956,0.1110030528316656,1317,60.0
A,dcsbm_ps,leiden,25,1,1,1,24.635,0.5976,0.2814048212836614,0.0014985139165585566,3,ok,1.765,10000,123082,24.6164,128,0.5986253067060984,20,489,0,548,1.4720948014591484,random,0.05,0.05,0.05,ok,0.0696,6154,0.3868367231232092,0.00040941246089398,0.3875046585330654,0.8636099123793356,0.005221301124185275,0.7264011435704727,59.0,0.575522984500572,1.0758814226021058,0.0017819430213421583,0.6258610206811378,0.62764296370248,0.04513421684152288,0.00031475251758412786,0.0823754237330024,0.0012202777325520326,0.010729618171857904,-0.0002953032579286864,-3.582719872008834e-05,4966.666666666667,4.691208645131488,0.62764296370248,1,0.38671992364963803,0.8586614506040261,0.7176594439812124,57,-0.3415857068081152,-0.34237044169154257,-0.34170250628168636,-0.7812344886463332,-0.7762860268710237,-0.7156715253986148,1.7141615294393762,1.7190420669291744,0.08909971168018474,0.3031902176933304,0.035809071865540276,2440,120.0
A,dcsbm_ps,leiden,25,2,1,1,24.635,0.5976,0.23682785766720268,0.0015129751547282445,3,ok,1.765,10000,123471,24.6942,95,0.6001247256440784,21,468,0,528,1.5887785083275598,lspar,0.5,0.5046,0.703125,ok,0.07039,62303,0.3788663692095285,0.0021857382886484645,0.3807082434376639,0.8399997885033326,0.017201586158033605,0.6961462165657348,46.6,0.6410591225788411,1.0250539747998118,0.23105525999562815,0.5627853836437376,0.7938406436393658,0.3775375253564821,5.5188124995336646e-05,0.8496921859613239,0.0012530273749795406,0.8008166447944657,0.0002203757504491089,-2.2715904597452494e-06,66.33333333333333,0.5900624409248308,0.7938406436393658,1,0.3801811099712115,0.8456835392304599,0.73234904744217,47,-0.0026435846147294106,-0.0031707180811818003,-0.0013288438530463798,0.00969239745799133,0.004008646730863985,0.10467042822873085,1.2912591248798342,1.8213940954953902,0.3803546975574295,0.8931231024476566,0.8442109334398655,71,1.5
A,dcsbm_ps,leiden,25,2,1,1,24.635,0.5976,0.23682785766720268,0.0015129751547282445,3,ok,1.765,10000,123471,24.6942,95,0.6001247256440784,21,468,0,528,1.5887785083275598,lspar,0.2,0.20184,0.328125,ok,0.07039,24921,0.3788663692095285,0.0021857382886484645,0.3807082434376639,0.8399997885033326,0.017201586158033605,0.6961462165657348,46.6,0.6410591225788411,1.0250539747998118,0.2263282950152643,0.3721681939981257,0.5984964890133899,0.3692955049227213,3.792427933204051e-05,0.8053089582116622,0.0012560959182983367,0.7332147130091186,5.856207295267814e-05,3.8350862753774134e-05,76.0,0.6320169275870153,0.5984964890133899,1,0.3801811099712115,0.8456835392304599,0.73234904744217,47,-0.010885605048490232,-0.011412738514942622,-0.009570864286807201,-0.034690830291670416,-0.04037458101879776,0.037068496443383725,1.7127151012858801,2.754276134636519,0.3803546975574295,0.8931231024476566,0.8442109334398655,71,1.5
A,dcsbm_ps,leiden,25,2,1,1,24.635,0.5976,0.23682785766720268,0.0015129751547282445,3,ok,1.765,10000,123471,24.6942,95,0.6001247256440784,21,468,0,528,1.5887785083275598,lspar,0.15,0.14569,0.1875,ok,0.07039,17988,0.3788663692095285,0.0021857382886484645,0.3807082434376639,0.8399997885033326,0.017201586158033605,0.6961462165657348,46.6,0.6410591225788411,1.0250539747998118,0.22194990201387554,0.3448186650057323,0.5667685670196079,0.3608170226066634,0.00024251808992780942,0.7658786763059178,0.000994717539730177,0.6630797983113524,0.0009464040464058029,1.1313707916013209e-05,76.33333333333333,0.6156401186179513,0.5667685670196079,1,0.3801811099712115,0.8456835392304599,0.73234904744217,47,-0.019364087364548144,-0.019891220831000533,-0.018049346602865113,-0.0741211121974148,-0.07980486292454214,-0.03306641825438239,1.808593550256553,2.972733435943124,0.3803546975574295,0.8931231024476566,0.8442109334398655,71,1.5
A,dcsbm_ps,leiden,25,2,1,1,24.635,0.5976,0.23682785766720268,0.0015129751547282445,3,ok,1.765,10000,123471,24.6942,95,0.6001247256440784,21,468,0,528,1.5887785083275598,lspar,0.05,0.07039,0.0,floor,0.07039,8691,0.3788663692095285,0.0021857382886484645,0.3807082434376639,0.8399997885033326,0.017201586158033605,0.6961462165657348,46.6,0.6410591225788411,1.0250539747998118,0.214885788038373,0.35688229733689997,0.5717680853752729,0.12489190451756123,0.00016230713580735355,0.5585357295170473,0.000162737008315627,0.17074654128026015,0.00037760615967296235,6.507842253324781e-05,1313.0,1.5944939102684241,0.5717680853752729,1,0.3801811099712115,0.8456835392304599,0.73234904744217,47,-0.2552892054536503,-0.2558163389201027,-0.25397446469196727,-0.28146405898628524,-0.2871478097134126,-0.5253996752854747,1.792779277155755,2.872246627106169,0.11916165514733096,0.3689600117652979,0.056074637507626195,1513,60.0
A,dcsbm_ps,leiden,25,2,1,1,24.635,0.5976,0.23682785766720268,0.0015129751547282445,3,ok,1.765,10000,123471,24.6942,95,0.6001247256440784,21,468,0,528,1.5887785083275598,dspar,0.5,0.5005,0.5,ok,0.07039,61797,0.3788663692095285,0.0021857382886484645,0.3807082434376639,0.8399997885033326,0.017201586158033605,0.6961462165657348,46.6,0.6410591225788411,1.0250539747998118,0.03654586902121082,1.002305940007015,1.0388518090282257,0.3620948002228482,0.0026327506323223894,0.7447612392778246,0.007149801870177753,0.4754376092681339,0.00042719632931278767,-9.434258482093639e-05,39.666666666666664,0.9052371014095065,1.0388518090282257,1,0.3801811099712115,0.8456835392304599,0.73234904744217,47,-0.01808630974836334,-0.018613443214815728,-0.016771568986680307,-0.095238549225508,-0.10092229995263535,-0.22070860729760094,0.9867181881876677,1.0226956998704784,0.3801811099712115,0.8456835392304599,0.73234904744217,47,1.0
A,dcsbm_ps,leiden,25,2,1,1,24.635,0.5976,0.23682785766720268,0.0015129751547282445,3,ok,1.765,10000,123471,24.6942,95,0.6001247256440784,21,468,0,528,1.5887785083275598,dspar,0.2,0.19994,0.2,ok,0.07039,24687,0.3788663692095285,0.0021857382886484645,0.3807082434376639,0.8399997885033326,0.017201586158033605,0.6961462165657348,46.6,0.6410591225788411,1.0250539747998118,0.03559891798067838,0.7255437173492586,0.761142635329937,0.12252596852714999,0.001171188757458639,0.1399940921439548,0.001900221859254245,0.03257117014349092,-0.0009094166343259236,0.00015792208800375314,121.33333333333333,1.9551327288948077,0.761142635329937,1,0.3801811099712115,0.8456835392304599,0.73234904744217,47,-0.25765514144406154,-0.25818227491051393,-0.2563404006823785,-0.7000056963593777,-0.7056894470865052,-0.663575046422244,1.346730464462125,1.4128080090677382,0.34284939739364284,0.8357255819520234,0.6857374030393357,137,8.0
A,dcsbm_ps,leiden,25,2,1,1,24.635,0.5976,0.23682785766720268,0.0015129751547282445,3,ok,1.765,10000,123471,24.6942,95,0.6001247256440784,21,468,0,528,1.5887785083275598,dspar,0.15,0.14944,0.15,ok,0.07039,18452,0.3788663692095285,0.0021857382886484645,0.3807082434376639,0.8399997885033326,0.017201586158033605,0.6961462165657348,46.6,0.6410591225788411,1.0250539747998118,0.034853482036851346,0.6321311126812361,0.6669845947180875,0.09871095034206284,0.0011887565236925932,0.112537526578113,0.004205388207231483,0.023011309379463097,-2.4118721186584178e-05,4.5829786843973585e-07,439.0,3.076499443007529,0.6669845947180875,1,0.3801811099712115,0.8456835392304599,0.73234904744217,47,-0.2814701596291487,-0.28199729309560106,-0.28015541886746564,-0.7274622619252196,-0.7331460126523469,-0.6731349071862718,1.5368480515401837,1.6215844375258812,0.2605630605037848,0.7063163945587076,0.389591048082708,318,15.0
A,dcsbm_ps,leiden,25,2,1,1,24.635,0.5976,0.23682785766720268,0.0015129751547282445,3,ok,1.765,10000,123471,24.6942,95,0.6001247256440784,21,468,0,528,1.5887785083275598,dspar,0.05,0.04966,0.05,ok,0.07039,6132,0.3788663692095285,0.0021857382886484645,0.3807082434376639,0.8399997885033326,0.017201586158033605,0.6961462165657348,46.6,0.6410591225788411,1.0250539747998118,0.03522979997796938,0.5604074383154511,0.5956372382934205,0.04905004632523613,0.00014936868154135263,0.08860500433747913,0.0011966641406579675,0.009245408225724436,-4.6656544144691154e-05,-4.7139755134102076e-05,4219.333333333333,4.024167927071555,0.5956372382934205,1,0.3801811099712115,0.8456835392304599,0.73234904744217,47,-0.3311310636459754,-0.3316581971124278,-0.32981632288429236,-0.7513947841658535,-0.7570785348929808,-0.6869008083400104,1.7209366857866828,1.8291227145040372,0.0777339900799348,0.2417384179146148,0.01997150197905112,2557,120.0
A,dcsbm_ps,leiden,25,2,1,1,24.635,0.5976,0.23682785766720268,0.0015129751547282445,3,ok,1.765,10000,123471,24.6942,95,0.6001247256440784,21,468,0,528,1.5887785083275598,random,0.5,0.5,0.5,ok,0.07039,61736,0.3788663692095285,0.0021857382886484645,0.3807082434376639,0.8399997885033326,0.017201586158033605,0.6961462165657348,46.6,0.6410591225788411,1.0250539747998118,0.0022375069675035775,0.844308949347275,0.8465464563147785,0.34538645226251113,0.002270084990384888,0.610246215140031,0.020780043294602608,0.44177249705634686,0.0010466025394243069,0.00013751551586943335,125.33333333333333,1.7629171863258515,0.8465464563147785,1,0.3801811099712115,0.8456835392304599,0.73234904744217,47,-0.03479465770870038,-0.03532179117515277,-0.03347991694701735,-0.2297535733633016,-0.23543732409042895,-0.254373719509388,1.2108655906045838,1.2140745109859,0.34284939739364284,0.8357255819520234,0.6857374030393357,137,8.0
A,dcsbm_ps,leiden,25,2,1,1,24.635,0.5976,0.23682785766720268,0.0015129751547282445,3,ok,1.765,10000,123471,24.6942,95,0.6001247256440784,21,468,0,528,1.5887785083275598,random,0.2,0.2,0.2,ok,0.07039,24694,0.3788663692095285,0.0021857382886484645,0.3807082434376639,0.8399997885033326,0.017201586158033605,0.6961462165657348,46.6,0.6410591225788411,1.0250539747998118,0.0014381069922819734,0.6768999863415956,0.6783380933338776,0.15625942597676468,0.003942309261124942,0.19378910269191238,0.008331206526435781,0.08450812328602308,-0.00015938326394345314,9.699236128545343e-05,1085.3333333333333,5.992252599022085,0.6783380933338776,1,0.3801811099712115,0.8456835392304599,0.73234904744217,47,-0.22392168399444684,-0.22444881746089923,-0.2226069432327638,-0.6462106858114202,-0.6518944365385475,-0.6116380932797117,1.5111254769165392,1.5143359365980562,0.1695273230272496,0.5200068468916075,0.13964326762835577,779,30.0
A,dcsbm_ps,leiden,25,2,1,1,24.635,0.5976,0.23682785766720268,0.0015129751547282445,3,ok,1.765,10000,123471,24.6942,95,0.6001247256440784,21,468,0,528,1.5887785083275598,random,0.15,0.15,0.15,ok,0.07039,18521,0.3788663692095285,0.0021857382886484645,0.3807082434376639,0.8399997885033326,0.017201586158033605,0.6961462165657348,46.6,0.6410591225788411,1.0250539747998118,0.0019185399869456887,0.6539675429618607,0.6558860829488063,0.10934707695485502,0.0006064488010654293,0.13077837581950832,0.003011426628758295,0.044045367714597994,-1.7755569898510848e-05,-1.7905498097315183e-05,1744.0,6.438413693759152,0.6558860829488063,1,0.3801811099712115,0.8456835392304599,0.73234904744217,47,-0.2708340330163565,-0.2713611664828089,-0.26951929225467347,-0.7092214126838242,-0.7149051634109516,-0.6521008488511368,1.5628536745150299,1.567438607361578,0.11916165514733096,0.3689600117652979,0.056074637507626195,1513,60.0
A,dcsbm_ps,leiden,25,2,1,1,24.635,0.5976,0.23682785766720268,0.0015129751547282445,3,ok,1.765,10000,123471,24.6942,95,0.6001247256440784,21,468,0,528,1.5887785083275598,random,0.05,0.05,0.05,ok,0.07039,6174,0.3788663692095285,0.0021857382886484645,0.3807082434376639,0.8399997885033326,0.017201586158033605,0.6961462165657348,46.6,0.6410591225788411,1.0250539747998118,0.0013786540366709232,0.6121539596545821,0.613532613691253,0.04370796058701515,0.000607737669394031,0.07037012791834012,0.0007547794565792501,0.009081626893655726,-0.001738120462846603,-0.0001752043628085884,5078.666666666667,4.92049597324121,0.613532613691253,1,0.3801811099712115,0.8456835392304599,0.73234904744217,47,-0.33647314938419637,-0.33700028285064876,-0.33515840862251334,-0.7696296605849925,-0.7753134113121198,-0.6870645896720791,1.670740808109099,1.6745035438114544,0.0777339900799348,0.2417384179146148,0.01997150197905112,2557,120.0
A,dcsbm_ps,leiden,25,3,1,1,24.635,0.5976,0.24218806725516986,0.0014961040590030332,2,ok,1.765,10000,122540,24.508,101,0.6015749959196997,20,444,0,537,1.5747416393818943,lspar,0.5,0.50313,0.703125,ok,0.07034,61653,0.3780711068547474,0.0019240773185854924,0.380359369802645,0.8437393181777028,0.011062668590597931,0.6689860041674607,48.2,0.6828328048714656,1.021919071197044,0.21998211002210155,0.5690998859936371,0.7890819960157387,0.3776926450714469,7.243304467643088e-05,0.8630126888975337,0.0006418851203405662,0.811080214814648,-0.0006549842516346367,-0.00013130418824586822,71.66666666666667,0.6209291878587629,0.7890819960157387,1,0.3782496641127685,0.8486443262239523,0.675938144452966,50,-0.0005570190413216047,-0.0026667247311981113,-0.00037846178330047664,0.01927337071983093,0.014368362673581436,0.1420942106471873,1.2950733591147114,1.7956761130127334,0.3802030240759162,0.9053004642189163,0.8459976815196245,77,1.5
A,dcsbm_ps,leiden,25,3,1,1,24.635,0.5976,0.24218806725516986,0.0014961040590030332,2,ok,1.765,10000,122540,24.508,101,0.6015749959196997,20,444,0,537,1.5747416393818943,lspar,0.2,0.20177,0.328125,ok,0.07034,24725,0.3780711068547474,0.0019240773185854924,0.380359369802645,0.8437393181777028,0.011062668590597931,0.6689860041674607,48.2,0.6828328048714656,1.021919071197044,0.21661784802563488,0.3689204863233802,0.585538334349015,0.3706790635406891,5.987613872875398e-05,0.8264965278186969,0.0023101754696681583,0.7547211808788674,-0.0004942736235915662,-5.0204871698434635e-05,77.33333333333333,0.6059043794023333,0.585538334349015,1,0.3782496641127685,0.8486443262239523,0.675938144452966,50,-0.007570600572079422,-0.009680306261955929,-0.007392043314058294,-0.01724279035900589,-0.02214779840525538,0.08573517671140674,1.7452641633330204,2.770025273959096,0.3802030240759162,0.9053004642189163,0.8459976815196245,77,1.5
A,dcsbm_ps,leiden,25,3,1,1,24.635,0.5976,0.24218806725516986,0.0014961040590030332,2,ok,1.765,10000,122540,24.508,101,0.6015749959196997,20,444,0,537,1.5747416393818943,lspar,0.15,0.15257,0.21875,ok,0.07034,18696,0.3780711068547474,0.0019240773185854924,0.380359369802645,0.8437393181777028,0.011062668590597931,0.6689860041674607,48.2,0.6828328048714656,1.021919071197044,0.2131366600515321,0.3623581510037184,0.5754948110552505,0.36278583232891953,0.000271808839150407,0.7909805554816352,0.000560191875700289,0.6914293658408348,0.0013987444621896257,0.00021099277791492813,77.33333333333333,0.5745843923300423,0.5754948110552505,1,0.3782496641127685,0.8486443262239523,0.675938144452966,50,-0.01546383178384897,-0.017573537473725476,-0.015285274525827841,-0.05275876269606761,-0.0576637707423171,0.02244336167337413,1.7757224766687507,2.820190654926257,0.3802030240759162,0.9053004642189163,0.8459976815196245,77,1.5
A,dcsbm_ps,leiden,25,3,1,1,24.635,0.5976,0.24218806725516986,0.0014961040590030332,2,ok,1.765,10000,122540,24.508,101,0.6015749959196997,20,444,0,537,1.5747416393818943,lspar,0.05,0.07034,0.0,floor,0.07034,8620,0.3780711068547474,0.0019240773185854924,0.380359369802645,0.8437393181777028,0.011062668590597931,0.6689860041674607,48.2,0.6828328048714656,1.021919071197044,0.20349505299236625,0.34968257068733993,0.5531776236797061,0.11843136379694717,9.430864585476262e-05,0.5605941302027196,1.8463484635413353e-05,0.15594908076784322,-0.0008166077195012732,-3.732233083521974e-05,1382.0,1.4093051909328607,0.5531776236797061,1,0.3782496641127685,0.8486443262239523,0.675938144452966,50,-0.2598183003158213,-0.2619280060056978,-0.2596397430578002,-0.2831451879749831,-0.2880501960212326,-0.5130369233996175,1.847361547994831,2.9224192363615624,0.11932362875604485,0.3748581217522201,0.05871682370753128,1503,60.0
A,dcsbm_ps,leiden,25,3,1,1,24.635,0.5976,0.24218806725516986,0.0014961040590030332,2,ok,1.765,10000,122540,24.508,101,0.6015749959196997,20,444,0,537,1.5747416393818943,dspar,0.5,0.50016,0.5,ok,0.07034,61289,0.3780711068547474,0.0019240773185854924,0.380359369802645,0.8437393181777028,0.011062668590597931,0.6689860041674607,48.2,0.6828328048714656,1.021919071197044,0.03478710900526494,1.040245045015278,1.075032154020543,0.36398107020800774,0.0006855719546959952,0.7643150982241349,0.0009268468298714634,0.48671129413336156,-0.0007712560248033647,6.711643499368754e-05,42.666666666666664,0.9126965392220056,1.075032154020543,1,0.3782496641127685,0.8486443262239523,0.675938144452966,50,-0.014268593904760762,-0.01637829959463727,-0.014090036646739634,-0.07942421995356785,-0.08432922799981735,-0.18227471003409912,0.9505939588645235,0.9823830222445666,0.3782496641127685,0.8486443262239523,0.675938144452966,50,1.0
A,dcsbm_ps,leiden,25,3,1,1,24.635,0.5976,0.24218806725516986,0.0014961040590030332,2,ok,1.765,10000,122540,24.508,101,0.6015749959196997,20,444,0,537,1.5747416393818943,dspar,0.2,0.20013,0.2,ok,0.07034,24524,0.3780711068547474,0.0019240773185854924,0.380359369802645,0.8437393181777028,0.011062668590597931,0.6689860041674607,48.2,0.6828328048714656,1.021919071197044,0.033931867976207286,0.7347188156757815,0.7686506836519887,0.12861200825477537,0.0017472356474628361,0.16255417320320653,0.008493749588050657,0.040674016287480776,-0.00010383405620416996,4.3212367910412414e-05,145.33333333333334,1.9443351037511605,0.7686506836519887,1,0.3782496641127685,0.8486443262239523,0.675938144452966,50,-0.24963765585799313,-0.25174736154786964,-0.249459098599972,-0.6811851449744962,-0.6860901530207457,-0.6283119878799799,1.3294973814915958,1.3908981904282673,0.34562156505908675,0.8535660222416847,0.7047188269931209,136,8.0
A,dcsbm_ps,leiden,25,3,1,1,24.635,0.5976,0.24218806725516986,0.0014961040590030332,2,ok,1.765,10000,122540,24.508,101,0.6015749959196997,20,444,0,537,1.5747416393818943,dspar,0.15,0.14948,0.15,ok,0.07034,18317,0.3780711068547474,0.0019240773185854924,0.380359369802645,0.8437393181777028,0.011062668590597931,0.6689860041674607,48.2,0.6828328048714656,1.021919071197044,0.0324873179779388,0.6356684773345478,0.6681557953124866,0.09769427666990675,0.0005379196500393822,0.11481372372251092,0.002086301592801736,0.021356416810533786,-0.00021563151228235614,-1.4524987234245586e-05,463.6666666666667,3.0088076968256794,0.6681557953124866,1,0.3782496641127685,0.8486443262239523,0.675938144452966,50,-0.28055538744286174,-0.28266509313273824,-0.2803768301848406,-0.7289255944551918,-0.7338306025014414,-0.6476295873569269,1.5294622577045935,1.6076289884345096,0.2711943235464104,0.7412131917578709,0.4243901576226932,296,15.0
A,dcsbm_ps,leiden,25,3,1,1,24.635,0.5976,0.24218806725516986,0.0014961040590030332,2,ok,1.765,10000,122540,24.508,101,0.6015749959196997,20,444,0,537,1.5747416393818943,dspar,0.05,0.0502,0.05,ok,0.07034,6152,0.3780711068547474,0.0019240773185854924,0.380359369802645,0.8437393181777028,0.011062668590597931,0.6689860041674607,48.2,0.6828328048714656,1.021919071197044,0.034588290960527956,0.5705483056760082,0.6051365966365362,0.049025136907494236,0.0002331208051289219,0.0929677183150857,0.0008705712747049296,0.009506001083815994,-0.0004650379237139261,-5.248355968640536e-05,4191.0,3.998931197370259,0.6051365966365362,1,0.3782496641127685,0.8486443262239523,0.675938144452966,50,-0.3292245272052743,-0.3313342328951508,-0.32904596994725316,-0.7507715998626171,-0.7556766079088666,-0.6594800030836447,1.688741148489554,1.7911175285784677,0.07944126150978473,0.24202011319721545,0.02148533480618081,2588,120.0
A,dcsbm_ps,leiden,25,3,1,1,24.635,0.5976,0.24218806725516986,0.0014961040590030332,2,ok,1.765,10000,122540,24.508,101,0.6015749959196997,20,444,0,537,1.5747416393818943,random,0.5,0.5,0.5,ok,0.07034,61270,0.3780711068547474,0.0019240773185854924,0.380359369802645,0.8437393181777028,0.011062668590597931,0.6689860041674607,48.2,0.6828328048714656,1.021919071197044,0.0022537679760716856,0.8332837956647078,0.8355375636407795,0.34546225969948136,0.00044266085338807087,0.6215110492329741,0.005627848895275273,0.4511380883005733,0.0008381718080350572,0.00010572717915410342,129.66666666666666,1.6920133552690195,0.8355375636407795,1,0.3782496641127685,0.8486443262239523,0.675938144452966,50,-0.03278740441328715,-0.03489711010316365,-0.03260884715526602,-0.2222282689447287,-0.22713327699097818,-0.2178479158668874,1.223067777759894,1.2263757875933043,0.34562156505908675,0.8535660222416847,0.7047188269931209,136,8.0
A,dcsbm_ps,leiden,25,3,1,1,24.635,0.5976,0.24218806725516986,0.0014961040590030332,2,ok,1.765,10000,122540,24.508,101,0.6015749959196997,20,444,0,537,1.5747416393818943,random,0.2,0.2,0.2,ok,0.07034,24508,0.3780711068547474,0.0019240773185854924,0.380359369802645,0.8437393181777028,0.011062668590597931,0.6689860041674607,48.2,0.6828328048714656,1.021919071197044,0.001964864961337298,0.6847520739926646,0.6867169389540019,0.1605660737851133,0.008899310115433004,0.19254879960978447,0.014623765407416904,0.0883785915133775,-0.0001753232358562418,-2.2266951371014707e-05,1083.3333333333333,6.1360720949611505,0.6867169389540019,1,0.3782496641127685,0.8486443262239523,0.675938144452966,50,-0.2176835903276552,-0.2197932960175317,-0.21750503306963406,-0.6511905185679183,-0.6560955266141678,-0.5806074126540832,1.4881227085407527,1.4923928090329397,0.1867552499619811,0.5542947937293956,0.17870653899305838,739,30.0
A,dcsbm_ps,leiden,25,3,1,1,24.635,0.5976,0.24218806725516986,0.0014961040590030332,2,ok,1.765,10000,122540,24.508,101,0.6015749959196997,20,444,0,537,1.5747416393818943,random,0.15,0.15,0.15,ok,0.07034,18381,0.3780711068547474,0.0019240773185854924,0.380359369802645,0.8437393181777028,0.011062668590597931,0.6689860041674607,48.2,0.6828328048714656,1.021919071197044,0.0015478820423595607,0.6412339736707509,0.6427818557131104,0.10697131290713792,0.0014297936314567653,0.1271835913939183,0.0015145565357556558,0.03982423656768148,0.0009954653696592904,0.0003076276051382463,1782.6666666666667,6.7369796559753965,0.6427818557131104,1,0.3782496641127685,0.8486443262239523,0.675938144452966,50,-0.2712783512056306,-0.2733880568955071,-0.27109979394760947,-0.7165557267837844,-0.7214607348300339,-0.6291617675997792,1.5898380797686238,1.593675808140759,0.11932362875604485,0.3748581217522201,0.05871682370753128,1503,60.0
A,dcsbm_ps,leiden,25,3,1,1,24.635,0.5976,0.24218806725516986,0.0014961040590030332,2,ok,1.765,10000,122540,24.508,101,0.6015749959196997,20,444,0,537,1.5747416393818943,random,0.05,0.05,0.05,ok,0.07034,6127,0.3780711068547474,0.0019240773185854924,0.380359369802645,0.8437393181777028,0.011062668590597931,0.6689860041674607,48.2,0.6828328048714656,1.021919071197044,0.0018208890105597675,0.6319140853205075,0.6337349743310673,0.043443686177352135,0.00024304521021518768,0.07225751906359894,0.001368900569790386,0.009174222548281374,0.002371455015311769,0.00031735933762754714,5121.666666666667,4.753931447996819,0.6337349743310673,1,0.3782496641127685,0.8486443262239523,0.675938144452966,50,-0.3348059779354164,-0.3369156836252929,-0.33462742067739526,-0.7714817991141039,-0.7763868071603534,-0.6598117816191793,1.6125338076468332,1.617180396728656,0.07944126150978473,0.24202011319721545,0.02148533480618081,2588,120.0
A,dcsbm_ps,leiden,50,1,1,1,49.423,0.61286,0.6264892097654553,0.0030716435600844413,3,ok,1.367,10000,245518,49.1036,128,0.6154538567437011,20,489,3,978,1.3966353597754082,lspar,0.5,0.49918,0.785156,ok,0.035,122557,0.36664729203279034,0.0016718855990959906,0.3684031807123121,0.924158709760102,0.011143110172798683,0.7858044534776347,60.2,0.6397798751802557,1.5743017543922178,0.6687698309542611,0.7769804376487931,1.4457502686030543,0.36792123157138973,5.031499571750703e-05,0.9541617650026409,0.00040946922420383646,0.9135088297072359,0.000279649896951728,-0.00017258007087823468,77.0,0.626913427127724,1.4457502686030543,1,0.36736014763486974,0.9312576493842076,0.8244807784592494,62,0.0005610839365199904,-0.0004819491409223664,0.001273939538599389,0.03000305524253899,0.022904115618433307,0.12770437622960118,1.088916798828179,2.0261793966862083,0.36736014763486974,0.9312576493842076,0.8244807784592494,62,1.0
A,dcsbm_ps,leiden,50,1,1,1,49.423,0.61286,0.6264892097654553,0.0030716435600844413,3,ok,1.367,10000,245518,49.1036,128,0.6154538567437011,20,489,3,978,1.3966353597754082,lspar,0.2,0.1974,0.484375,ok,0.035,48466,0.36664729203279034,0.0016718855990959906,0.3684031807123121,0.924158709760102,0.011143110172798683,0.7858044534776347,60.2,0.6397798751802557,1.5743017543922178,0.6440292589832097,0.3839235896593891,1.0279528486425988,0.3490716895645047,0.0010782521911587033,0.9679006383700722,0.0008940854501899939,0.9184302087516124,0.0005117249673055006,0.00011798577862577959,112.66666666666667,0.9710171945696455,1.0279528486425988,1,0.36736014763486974,0.9312576493842076,0.8244807784592494,62,-0.018288458070365055,-0.01933149114780741,-0.017575602468285656,0.04374192860997028,0.0366429889858646,0.13262575527397769,1.5314921851435763,4.100560103089558,0.36774939229918646,0.9897540110539677,0.9871634775757941,113,2.0
A,dcsbm_ps,leiden,50,1,1,1,49.423,0.61286,0.6264892097654553,0.0030716435600844413,3,ok,1.367,10000,245518,49.1036,128,0.6154538567437011,20,489,3,978,1.3966353597754082,lspar,0.15,0.15397,0.40625,ok,0.035,37803,0.36664729203279034,0.0016718855990959906,0.3684031807123121,0.924158709760102,0.011143110172798683,0.7858044534776347,60.2,0.6397798751802557,1.5743017543922178,0.6386449719429947,0.35954697866691276,0.9981919506099075,0.3527075341765198,0.0005506757122355788,0.9683214521029698,0.0005747131153507351,0.9407948238708862,-0.000634420929683512,-7.032987838672091e-05,112.33333333333333,0.9135111435850781,0.9981919506099075,1,0.36736014763486974,0.9312576493842076,0.8244807784592494,62,-0.01465261345834995,-0.015695646535792307,-0.013939757856270552,0.04416274234286788,0.037063802718762195,0.15499037039325148,1.5771533255004713,4.3785703894084556,0.36774939229918646,0.9897540110539677,0.9871634775757941,113,2.0
A,dcsbm_ps,leiden,50,1,1,1,49.423,0.61286,0.6264892097654553,0.0030716435600844413,3,ok,1.367,10000,245518,49.1036,128,0.6154538567437011,20,489,3,978,1.3966353597754082,lspar,0.05,0.035,0.0,ok,0.035,8592,0.36664729203279034,0.0016718855990959906,0.3684031807123121,0.924158709760102,0.011143110172798683,0.7858044534776347,60.2,0.6397798751802557,1.5743017543922178,0.7388434519525617,0.34527074033394456,1.0841141922865063,0.08631807017163669,5.179713712766475e-06,0.6498523730845863,6.3897524154006865e-06,0.19183548269458586,0.0002659071550882687,4.879880632170996e-05,1410.0,1.2452217241497918,1.0841141922865063,1,0.36736014763486974,0.9312576493842076,0.8244807784592494,62,-0.28104207746323306,-0.2820851105406754,-0.28032922186115367,-0.2743063366755156,-0.2814052762996213,-0.5939689707830489,1.4521549165147045,4.55961531194204,0.1129680544917726,0.566425515119127,0.1527073709964782,1549,60.0
A,dcsbm_ps,leiden,50,1,1,1,49.423,0.61286,0.6264892097654553,0.0030716435600844413,3,ok,1.367,10000,245518,49.1036,128,0.6154538567437011,20,489,3,978,1.3966353597754082,dspar,0.5,0.49969,0.5,ok,0.035,122682,0.36664729203279034,0.0016718855990959906,0.3684031807123121,0.924158709760102,0.011143110172798683,0.7858044534776347,60.2,0.6397798751802557,1.5743017543922178,0.09473732300102711,1.2166218219984632,1.3113591449994904,0.3677573456018437,5.575286576424417e-05,0.9380225915146571,0.0013648346973927662,0.8765890138284035,-0.0011830064714105561,-0.00011111199890024204,63.666666666666664,0.49204684412103045,1.3113591449994904,1,0.36736014763486974,0.9312576493842076,0.8244807784592494,62,0.00039719796697396115,-0.0006458351104683957,0.0011100535690533597,0.013863881754555107,0.006764942130449425,0.09078456035076876,1.2005115153963635,1.2939943423061553,0.36736014763486974,0.9312576493842076,0.8244807784592494,62,1.0
A,dcsbm_ps,leiden,50,1,1,1,49.423,0.61286,0.6264892097654553,0.0030716435600844413,3,ok,1.367,10000,245518,49.1036,128,0.6154538567437011,20,489,3,978,1.3966353597754082,dspar,0.2,0.19925,0.2,ok,0.035,48920,0.36664729203279034,0.0016718855990959906,0.3684031807123121,0.924158709760102,0.011143110172798683,0.7858044534776347,60.2,0.6397798751802557,1.5743017543922178,0.08725246298126876,1.0863769013473454,1.1736293643286142,0.26747822268816884,0.020886370616391915,0.5573273917532049,0.048866374656504515,0.26059073404349387,-0.0002858217517283674,-9.777083961140824e-05,31.333333333333332,0.8518540212481028,1.1736293643286142,1,0.36736014763486974,0.9312576493842076,0.8244807784592494,62,-0.0998819249467009,-0.10092495802414325,-0.0991690693446215,-0.36683131800689706,-0.37393025763100274,-0.5252137194341409,1.3413960166997116,1.4491303639093749,0.3362753465189584,0.7448658741735411,0.21640269380415347,27,0.75
A,dcsbm_ps,leiden,50,1,1,1,49.423,0.61286,0.6264892097654553,0.0030716435600844413,3,ok,1.367,10000,245518,49.1036,128,0.6154538567437011,20,489,3,978,1.3966353597754082,dspar,0.15,0.14912,0.15,ok,0.035,36612,0.36664729203279034,0.0016718855990959906,0.3684031807123121,0.924158709760102,0.011143110172798683,0.7858044534776347,60.2,0.6397798751802557,1.5743017543922178,0.08766291500069201,0.9078746406594291,0.9955375556601211,0.14644976031129756,0.00462432704685246,0.3045329405559447,0.01127860189324758,0.08643308697596476,-0.00032518130728543274,2.834490837971788e-05,45.666666666666664,1.2553878817555384,0.9955375556601211,1,0.36736014763486974,0.9312576493842076,0.8244807784592494,62,-0.22091038732357218,-0.22195342040101454,-0.22019753172149278,-0.6196257692041572,-0.6267247088282629,-0.69937136650167,1.5813584785842958,1.7340519096873699,0.36736014763486974,0.9312576493842076,0.8244807784592494,62,1.0
A,dcsbm_ps,leiden,50,1,1,1,49.423,0.61286,0.6264892097654553,0.0030716435600844413,3,ok,1.367,10000,245518,49.1036,128,0.6154538567437011,20,489,3,978,1.3966353597754082,dspar,0.05,0.04957,0.05,ok,0.035,12171,0.36664729203279034,0.0016718855990959906,0.3684031807123121,0.924158709760102,0.011143110172798683,0.7858044534776347,60.2,0.6397798751802557,1.5743017543922178,0.09325094596715644,0.5480421053362079,0.6412930513033643,0.04136881061355488,0.0001308529201407911,0.11015188133500779,0.0012199028631638014,0.01637246826293931,0.0005017597088547602,-6.33460571707699e-05,1466.3333333333333,4.356033491246994,0.6412930513033643,1,0.36736014763486974,0.9312576493842076,0.8244807784592494,62,-0.3259913370213149,-0.32703437009875724,-0.32527848141923543,-0.8140068284250942,-0.8211057680491999,-0.7694319852146954,2.4548866562527163,2.872592706041134,0.1129680544917726,0.566425515119127,0.1527073709964782,1549,60.0
A,dcsbm_ps,leiden,50,1,1,1,49.423,0.61286,0.6264892097654553,0.0030716435600844413,3,ok,1.367,10000,245518,49.1036,128,0.6154538567437011,20,489,3,978,1.3966353597754082,random,0.5,0.5,0.5,ok,0.035,122759,0.36664729203279034,0.0016718855990959906,0.3684031807123121,0.924158709760102,0.011143110172798683,0.7858044534776347,60.2,0.6397798751802557,1.5743017543922178,0.003727228962816298,1.1381102140100363,1.1418374429728526,0.3562719286341542,0.0014472674205190427,0.8293235646040485,0.00768640047971974,0.5634780256099101,-5.799087634042726e-06,0.00017165641274126688,49.333333333333336,0.8442317580566465,1.1418374429728526,1,0.36736014763486974,0.9312576493842076,0.8244807784592494,62,-0.011088219000715549,-0.012131252078157906,-0.01037536339863615,-0.0948351451560534,-0.10193408478015908,-0.2223264278677246,1.3787442022337386,1.3832594901730098,0.36736014763486974,0.9312576493842076,0.8244807784592494,62,1.0
A,dcsbm_ps,leiden,50,1,1,1,49.423,0.61286,0.6264892097654553,0.0030716435600844413,3,ok,1.367,10000,245518,49.1036,128,0.6154538567437011,20,489,3,978,1.3966353597754082,random,0.2,0.2,0.2,ok,0.035,49104,0.36664729203279034,0.0016718855990959906,0.3684031807123121,0.924158709760102,0.011143110172798683,0.7858044534776347,60.2,0.6397798751802557,1.5743017543922178,0.0039652150007896125,0.8735982713211948,0.8775634863219844,0.2379500045671592,0.0025564322956079808,0.42137900582706944,0.008466604979440523,0.22244829757134402,0.0008425422016127832,0.00028888823182015314,141.0,2.5195573839612817,0.8775634863219844,1,0.36736014763486974,0.9312576493842076,0.8244807784592494,62,-0.12941014306771054,-0.1304531761451529,-0.12869728746563114,-0.5027797039330325,-0.5098786435571382,-0.5633561559062907,1.7939462830095405,1.802088907537909,0.3407521688632096,0.9688895829786264,0.8522129958134509,139,8.0
A,dcsbm_ps,leiden,50,1,1,1,49.423,0.61286,0.6264892097654553,0.0030716435600844413,3,ok,1.367,10000,245518,49.1036,128,0.6154538567437011,20,489,3,978,1.3966353597754082,random,0.15,0.15,0.15,ok,0.035,36828,0.36664729203279034,0.0016718855990959906,0.3684031807123121,0.924158709760102,0.011143110172798683,0.7858044534776347,60.2,0.6397798751802557,1.5743017543922178,0.0033498029806651175,0.8101948846597224,0.8135446876403876,0.15190869207324814,0.011939566352788953,0.2549943244984681,0.022210216524616043,0.10354572356627777,-4.8751597390666646e-05,-0.00022567780217353514,341.0,4.2425336866172145,0.8135446876403876,1,0.36736014763486974,0.9312576493842076,0.8244807784592494,62,-0.2154514555616216,-0.21649448863906395,-0.2147385999595422,-0.6691643852616338,-0.6762633248857395,-0.6822587299113569,1.9351140488156058,1.9431149025995347,0.2896150334451759,0.9012595435829938,0.6586953908701103,240,15.0
A,dcsbm_ps,leiden,50,1,1,1,49.423,0.61286,0.6264892097654553,0.0030716435600844413,3,ok,1.367,10000,245518,49.1036,128,0.6154538567437011,20,489,3,978,1.3966353597754082,random,0.05,0.05,0.05,ok,0.035,12276,0.36664729203279034,0.0016718855990959906,0.3684031807123121,0.924158709760102,0.011143110172798683,0.7858044534776347,60.2,0.6397798751802557,1.5743017543922178,0.003971201018430293,0.6045224443660118,0.6084936453844421,0.03783350030238058,0.0008236128689926292,0.0971386143076514,0.0038915483592687843,0.01696806010499085,-0.0012398145307448848,-0.000149385888092404,2722.6666666666665,5.830588181122579,0.6084936453844421,1,0.36736014763486974,0.9312576493842076,0.8244807784592494,62,-0.32952664733248915,-0.3305696804099315,-0.32881379173040975,-0.8270200954524506,-0.8341190350765563,-0.7688363933726439,2.5872114956888086,2.6042072863700776,0.05522730534852105,0.3624454338428606,0.04981040458493493,3004,120.0
A,dcsbm_ps,leiden,50,2,1,1,49.423,0.61286,0.514272052322014,0.003105990287245198,3,ok,1.367,10000,246433,49.2866,95,0.6164312409458149,21,468,3,968,1.5157786971183376,lspar,0.5,0.50283,0.78125,ok,0.03509,123913,0.35781505403796193,0.003788122459785835,0.36114659823491096,0.9195991747666341,0.02152833890335656,0.7409290558279963,46.8,0.7625806314069858,1.47718274560757,0.6837140670395456,0.7640243286732584,1.447738395712804,0.3621638219637447,2.3030006966333836e-05,0.962126722118192,0.0012947608601099265,0.9393037899676618,-0.0003234150540612716,9.935239966601712e-06,61.0,0.6055026463325771,1.447738395712804,1,0.35979468527137926,0.9332803240279236,0.8021141582335929,49,0.0023691366923654367,0.0010172237288337271,0.004348767925782759,0.04252754735155784,0.028846398090268344,0.19837473413966555,1.0203381701984002,1.9334237015367344,0.36196604895634166,0.9793524698264026,0.9645199599377884,71,1.5
A,dcsbm_ps,leiden,50,2,1,1,49.423,0.61286,0.514272052322014,0.003105990287245198,3,ok,1.367,10000,246433,49.2866,95,0.6164312409458149,21,468,3,968,1.5157786971183376,lspar,0.2,0.20459,0.5,ok,0.03509,50418,0.35781505403796193,0.003788122459785835,0.36114659823491096,0.9195991747666341,0.02152833890335656,0.7409290558279963,46.8,0.7625806314069858,1.47718274560757,0.6559641130152158,0.39362823334522545,1.0495923463604413,0.33415391430962454,0.00045710086524051866,0.9601408372750443,0.0008597822287731666,0.9267469780021916,-1.6027253803094336e-05,2.626872251858978e-07,81.66666666666667,0.8854028890189864,1.0495923463604413,1,0.35979468527137926,0.9332803240279236,0.8021141582335929,49,-0.02564077096175471,-0.02699268392528642,-0.023661139728337388,0.04054166250841018,0.026860513247120688,0.18581792217419535,1.407387116274083,3.752735755394939,0.36202306232323633,0.9930441916504752,0.9924930133270261,87,2.0
A,dcsbm_ps,leiden,50,2,1,1,49.423,0.61286,0.514272052322014,0.003105990287245198,3,ok,1.367,10000,246433,49.2866,95,0.6164312409458149,21,468,3,968,1.5157786971183376,lspar,0.15,0.1531,0.40625,ok,0.03509,37728,0.35781505403796193,0.003788122459785835,0.36114659823491096,0.9195991747666341,0.02152833890335656,0.7409290558279963,46.8,0.7625806314069858,1.47718274560757,0.6675723569933325,0.36764978064456955,1.035222137637902,0.3410909875910402,0.00013274187095918858,0.9617299386705724,0.0009822198416986464,0.9441400855392844,0.0009573593600257111,9.209251335096627e-05,79.66666666666667,0.8181636107157512,1.035222137637902,1,0.35979468527137926,0.9332803240279236,0.8021141582335929,49,-0.018703697680339082,-0.02005561064387079,-0.01672406644692176,0.04213076390393833,0.028449614642648835,0.20321102971128813,1.426923451403486,4.017907322065443,0.36202306232323633,0.9930441916504752,0.9924930133270261,87,2.0
A,dcsbm_ps,leiden,50,2,1,1,49.423,0.61286,0.514272052322014,0.003105990287245198,3,ok,1.367,10000,246433,49.2866,95,0.6164312409458149,21,468,3,968,1.5157786971183376,lspar,0.05,0.03509,0.0,ok,0.03509,8648,0.35781505403796193,0.003788122459785835,0.36114659823491096,0.9195991747666341,0.02152833890335656,0.7409290558279963,46.8,0.7625806314069858,1.47718274560757,0.7746837850427255,0.3611341110081412,1.1358178960508667,0.08005101555234924,3.374245392489218e-05,0.6238700416950825,4.316863395315583e-06,0.16899865234873168,0.000902726459347894,6.919424270610375e-05,1353.0,1.3488745414159933,1.1358178960508667,1,0.35979468527137926,0.9332803240279236,0.8021141582335929,49,-0.27974366971903003,-0.28109558268256174,-0.2777640384856127,-0.2957291330715516,-0.30941028233284107,-0.5719304034792646,1.3005454049840182,4.090399385103417,0.08102829370758052,0.44624072038479506,0.07634579681136774,1814,60.0
A,dcsbm_ps,leiden,50,2,1,1,49.423,0.61286,0.514272052322014,0.003105990287245198,3,ok,1.367,10000,246433,49.2866,95,0.6164312409458149,21,468,3,968,1.5157786971183376,dspar,0.5,0.49944,0.5,ok,0.03509,123078,0.35781505403796193,0.003788122459785835,0.36114659823491096,0.9195991747666341,0.02152833890335656,0.7409290558279963,46.8,0.7625806314069858,1.47718274560757,0.08413105498766527,1.1683728479935478,1.252503902981213,0.3620552327878182,2.5690080578074926e-05,0.9543796662079758,0.0018889412610890585,0.9191861048691002,0.000386237286306027,0.0001121249475483242,54.666666666666664,0.5337959012496143,1.252503902981213,1,0.35979468527137926,0.9332803240279236,0.8021141582335929,49,0.002260547516438949,0.0009086345529072393,0.0042401787498562715,0.034780491441341654,0.02109934218005216,0.17825704904110395,1.1793837465029655,1.264307663554783,0.35979468527137926,0.9332803240279236,0.8021141582335929,49,1.0
A,dcsbm_ps,leiden,50,2,1,1,49.423,0.61286,0.514272052322014,0.003105990287245198,3,ok,1.367,10000,246433,49.2866,95,0.6164312409458149,21,468,3,968,1.5157786971183376,dspar,0.2,0.19906,0.2,ok,0.03509,49054,0.35781505403796193,0.003788122459785835,0.36114659823491096,0.9195991747666341,0.02152833890335656,0.7409290558279963,46.8,0.7625806314069858,1.47718274560757,0.08776000200305134,1.1154654216758597,1.203225423678911,0.249063061104451,0.01245629848492041,0.5489439948614813,0.038498109886907037,0.27960464867830415,0.00032613518964150993,-0.00019231006517160903,34.0,0.8876741313657615,1.203225423678911,1,0.35979468527137926,0.9332803240279236,0.8021141582335929,49,-0.11073162416692825,-0.11208353713045996,-0.10875199293351093,-0.37065517990515284,-0.38433632916644234,-0.46132440714969214,1.2276857823457745,1.3242747976788658,0.3495944803467731,0.8274222736003148,0.46070102651765044,26,0.75
A,dcsbm_ps,leiden,50,2,1,1,49.423,0.61286,0.514272052322014,0.003105990287245198,3,ok,1.367,10000,246433,49.2866,95,0.6164312409458149,21,468,3,968,1.5157786971183376,dspar,0.15,0.14929,0.15,ok,0.03509,36790,0.35781505403796193,0.003788122459785835,0.36114659823491096,0.9195991747666341,0.02152833890335656,0.7409290558279963,46.8,0.7625806314069858,1.47718274560757,0.0878316389862448,0.9022837643278763,0.9901154033141211,0.11431863201616883,0.0038620966553252756,0.22557390481299522,0.014189314413841123,0.060646391359165656,-0.0003611611495707946,-0.0001629494469118055,42.666666666666664,1.362227692901146,0.9901154033141211,1,0.35979468527137926,0.9332803240279236,0.8021141582335929,49,-0.24547605325521044,-0.24682796621874215,-0.2434964220217931,-0.6940252699536389,-0.7077064192149284,-0.6802826644688307,1.491929870662686,1.6371598426221754,0.35979468527137926,0.9332803240279236,0.8021141582335929,49,1.0
A,dcsbm_ps,leiden,50,2,1,1,49.423,0.61286,0.514272052322014,0.003105990287245198,3,ok,1.367,10000,246433,49.2866,95,0.6164312409458149,21,468,3,968,1.5157786971183376,dspar,0.05,0.04988,0.05,ok,0.03509,12291,0.35781505403796193,0.003788122459785835,0.36114659823491096,0.9195991747666341,0.02152833890335656,0.7409290558279963,46.8,0.7625806314069858,1.47718274560757,0.08721090597100556,0.5513140523107722,0.6385249582817778,0.04038735393640622,0.0004931613727271564,0.09616098922968457,0.0020494360519109625,0.014639910082068339,0.00021840130471121222,6.725579354040474e-05,1519.6666666666667,4.386842038407425,0.6385249582817778,1,0.35979468527137926,0.9332803240279236,0.8021141582335929,49,-0.319407331334973,-0.3207592442985048,-0.31742770010155574,-0.8234381855369496,-0.8371193347982391,-0.726289145745928,2.3134299238397142,2.6793852603903723,0.08102829370758052,0.44624072038479506,0.07634579681136774,1814,60.0
A,dcsbm_ps,leiden,50,2,1,1,49.423,0.61286,0.514272052322014,0.003105990287245198,3,ok,1.367,10000,246433,49.2866,95,0.6164312409458149,21,468,3,968,1.5157786971183376,random,0.5,0.5,0.5,ok,0.03509,123216,0.35781505403796193,0.003788122459785835,0.36114659823491096,0.9195991747666341,0.02152833890335656,0.7409290558279963,46.8,0.7625806314069858,1.47718274560757,0.004302048007957637,1.108415450997806,1.1127174990057636,0.349738458772606,0.0033144853940448534,0.8368463851023394,0.01843002934246901,0.6620789821340095,0.0006006437574865471,0.0001711519876075457,45.0,0.7269688632911028,1.1127174990057636,1,0.35979468527137926,0.9332803240279236,0.8021141582335929,49,-0.010056226498773246,-0.011408139462304956,-0.008076595265355924,-0.08275278966429467,-0.09643393892558416,-0.07885007369398678,1.3275451737996964,1.332697721127756,0.35979468527137926,0.9332803240279236,0.8021141582335929,49,1.0
A,dcsbm_ps,leiden,50,2,1,1,49.423,0.61286,0.514272052322014,0.003105990287245198,3,ok,1.367,10000,246433,49.2866,95,0.6164312409458149,21,468,3,968,1.5157786971183376,random,0.2,0.2,0.2,ok,0.03509,49287,0.35781505403796193,0.003788122459785835,0.36114659823491096,0.9195991747666341,0.02152833890335656,0.7409290558279963,46.8,0.7625806314069858,1.47718274560757,0.003067062993068248,0.8557000549820563,0.8587671179751245,0.23621836562916657,0.007999379637470624,0.4084962061759192,0.014970238318737483,0.24677851405126439,6.892733333914296e-05,-0.00020222590022619748,191.33333333333334,3.0241187649514987,0.8587671179751245,1,0.35979468527137926,0.9332803240279236,0.8021141582335929,49,-0.12357631964221269,-0.1249282326057444,-0.12159668840879537,-0.5111029685907149,-0.5247841178520044,-0.4941505417767319,1.7201202918558403,1.7262856733584597,0.3355294572997596,0.9524452056400281,0.8652724898375855,115,8.0
A,dcsbm_ps,leiden,50,2,1,1,49.423,0.61286,0.514272052322014,0.003105990287245198,3,ok,1.367,10000,246433,49.2866,95,0.6164312409458149,21,468,3,968,1.5157786971183376,random,0.15,0.15,0.15,ok,0.03509,36965,0.35781505403796193,0.003788122459785835,0.36114659823491096,0.9195991747666341,0.02152833890335656,0.7409290558279963,46.8,0.7625806314069858,1.47718274560757,0.0040910390089266,0.8191898883281586,0.8232809273370852,0.14088924698474167,0.002684800593146784,0.21838964452922935,0.008913961644211755,0.10041582705048724,-0.00036084930001417377,0.00027305919787313837,412.0,4.95676674661127,0.8232809273370852,1,0.35979468527137926,0.9332803240279236,0.8021141582335929,49,-0.21890543828663758,-0.2202573512501693,-0.21692580705322026,-0.7012095302374047,-0.7148906794986942,-0.640513228777509,1.794263290400204,1.8032238515813155,0.23727359865897202,0.82219766025539,0.5110507946499264,305,15.0
A,dcsbm_ps,leiden,50,2,1,1,49.423,0.61286,0.514272052322014,0.003105990287245198,3,ok,1.367,10000,246433,49.2866,95,0.6164312409458149,21,468,3,968,1.5157786971183376,random,0.05,0.05,0.05,ok,0.03509,12322,0.35781505403796193,0.003788122459785835,0.36114659823491096,0.9195991747666341,0.02152833890335656,0.7409290558279963,46.8,0.7625806314069858,1.47718274560757,0.003738613973837346,0.6132870753256915,0.6170256892995288,0.03671263470439771,0.0011383154032412039,0.08054426497966714,0.001834458023049292,0.014119239234058403,-0.00043069039374157717,-9.960976376116835e-05,2778.6666666666665,6.126057583177391,0.6170256892995288,1,0.35979468527137926,0.9332803240279236,0.8021141582335929,49,-0.3230820505669815,-0.32443396353051324,-0.3211024193335642,-0.839054909786967,-0.8527360590482564,-0.7268098165939378,2.394037673349588,2.408631789318402,0.04403835844343372,0.2787544834312103,0.02596284168682586,3233,120.0
A,dcsbm_ps,leiden,50,3,1,1,49.423,0.61286,0.5405003640284772,0.0030794991806363404,3,ok,1.367,10000,245854,49.1708,101,0.6157109504014577,20,444,2,1022,1.4957593538857274,lspar,0.5,0.49968,0.78125,ok,0.03504,122849,0.3623372239025565,0.0007352751363252748,0.3631126051216673,0.930821758521964,0.004718092942054594,0.8039756539133938,51.0,0.6417016580279136,1.5234380970010535,0.6742416989873163,0.7692957913386635,1.4435374903259799,0.36408893787040303,4.007071132729471e-05,0.9660578434929915,0.0012298131065948492,0.9425889957070953,0.0007177308485569766,0.0003133777130475599,69.33333333333333,0.6625123602143972,1.4435374903259799,1,0.362459002319693,0.9370671184212093,0.8122027189296622,54,0.0016299355507100044,0.0009763327487357087,0.0017517139678465132,0.03523608497102748,0.028990725071782242,0.13861334179370155,1.0553505587562055,1.9803021336566722,0.3639490871652209,0.9776403054557238,0.9544356603007518,78,1.5
A,dcsbm_ps,leiden,50,3,1,1,49.423,0.61286,0.5405003640284772,0.0030794991806363404,3,ok,1.367,10000,245854,49.1708,101,0.6157109504014577,20,444,2,1022,1.4957593538857274,lspar,0.2,0.19662,0.484375,ok,0.03504,48341,0.3623372239025565,0.0007352751363252748,0.3631126051216673,0.930821758521964,0.004718092942054594,0.8039756539133938,51.0,0.6417016580279136,1.5234380970010535,0.6635339439962991,0.38169453700538725,1.0452284810016863,0.33540805691860726,0.0006840937505137764,0.9658345574109028,0.0025205478192577694,0.9276856620171218,-0.000735803210314337,-0.00013264913753476806,88.66666666666667,0.9071739786445138,1.0452284810016863,1,0.362459002319693,0.9370671184212093,0.8122027189296622,54,-0.02705094540108577,-0.027704548203060064,-0.02692916698394926,0.03501279888893882,0.028767438989693583,0.12371000810372801,1.4575168249731187,3.991249413610422,0.36397193456404664,0.9865308362908828,0.974019727277814,88,2.0
A,dcsbm_ps,leiden,50,3,1,1,49.423,0.61286,0.5405003640284772,0.0030794991806363404,3,ok,1.367,10000,245854,49.1708,101,0.6157109504014577,20,444,2,1022,1.4957593538857274,lspar,0.15,0.15347,0.40625,ok,0.03504,37730,0.3623372239025565,0.0007352751363252748,0.3631126051216673,0.930821758521964,0.004718092942054594,0.8039756539133938,51.0,0.6417016580279136,1.5234380970010535,0.6596700850059278,0.3581844466777208,1.0178545316836487,0.3434298297857799,0.0010409193858914114,0.9678101809951823,0.0010488821730318713,0.9472039267164668,1.125574793573792e-05,3.526556409579364e-05,88.66666666666667,0.8635181186074302,1.0178545316836487,1,0.362459002319693,0.9370671184212093,0.8122027189296622,54,-0.01902917253391312,-0.019682775335887415,-0.01890739411677661,0.03698842247321832,0.03074306257397308,0.14322827280307304,1.4967149524609487,4.253222358288992,0.36397193456404664,0.9865308362908828,0.974019727277814,88,2.0
A,dcsbm_ps,leiden,50,3,1,1,49.423,0.61286,0.5405003640284772,0.0030794991806363404,3,ok,1.367,10000,245854,49.1708,101,0.6157109504014577,20,444,2,1022,1.4957593538857274,lspar,0.05,0.03504,0.0,ok,0.03504,8614,0.3623372239025565,0.0007352751363252748,0.3631126051216673,0.930821758521964,0.004718092942054594,0.8039756539133938,51.0,0.6417016580279136,1.5234380970010535,0.7592451819800772,0.37307274465759593,1.132317926637673,0.08353724820873822,0.0007181662224953789,0.6233529344557778,0.0005545622468631925,0.16395385661223297,-0.0005087668305867253,-6.44815017975997e-05,1386.6666666666667,1.2776699224487602,1.132317926637673,1,0.362459002319693,0.9370671184212093,0.8122027189296622,54,-0.2789217541109548,-0.2795753569129291,-0.2787999756938183,-0.30746882406618625,-0.3137141839654315,-0.6400217973011608,1.3454155066896982,4.083488056462705,0.08244764054897859,0.47591746628117243,0.08154038407712313,1733,60.0
A,dcsbm_ps,leiden,50,3,1,1,49.423,0.61286,0.5405003640284772,0.0030794991806363404,3,ok,1.367,10000,245854,49.1708,101,0.6157109504014577,20,444,2,1022,1.4957593538857274,dspar,0.5,0.50061,0.5,ok,0.03504,123077,0.3623372239025565,0.0007352751363252748,0.3631126051216673,0.930821758521964,0.004718092942054594,0.8039756539133938,51.0,0.6417016580279136,1.5234380970010535,0.0850411009741947,1.1660087046523888,1.2510498056265835,0.36322274129977367,0.0009078954409900356,0.945484600984571,0.005470089073759398,0.8792161119336229,-0.001315855627908202,-4.335351021910773e-05,56.0,0.570133871983783,1.2510498056265835,1,0.362459002319693,0.9370671184212093,0.8122027189296622,54,0.0007637389800806416,0.0001101361781063459,0.0008855173972171504,0.014662842462606962,0.008417482563361722,0.07524045802022916,1.2177277756244447,1.3065409296881894,0.362459002319693,0.9370671184212093,0.8122027189296622,54,1.0
A,dcsbm_ps,leiden,50,3,1,1,49.423,0.61286,0.5405003640284772,0.0030794991806363404,3,ok,1.367,10000,245854,49.1708,101,0.6157109504014577,20,444,2,1022,1.4957593538857274,dspar,0.2,0.1998,0.2,ok,0.03504,49121,0.3623372239025565,0.0007352751363252748,0.3631126051216673,0.930821758521964,0.004718092942054594,0.8039756539133938,51.0,0.6417016580279136,1.5234380970010535,0.08950953895691782,1.100138270005118,1.189647808962036,0.24005660040882967,0.0258826860311484,0.4942561519624595,0.06399055100222517,0.2173710689535582,0.00039427732901210034,0.00010294231730980512,24.0,0.8137287300807676,1.189647808962036,1,0.362459002319693,0.9370671184212093,0.8122027189296622,54,-0.12240240191086335,-0.12305600471283765,-0.12228062349372684,-0.43656560655950455,-0.4428109664587498,-0.5866045849598356,1.280579080232366,1.3847696589938336,0.3581893810389641,0.8395371911494727,0.5450014033024605,27,0.75
A,dcsbm_ps,leiden,50,3,1,1,49.423,0.61286,0.5405003640284772,0.0030794991806363404,3,ok,1.367,10000,245854,49.1708,101,0.6157109504014577,20,444,2,1022,1.4957593538857274,dspar,0.15,0.14999,0.15,ok,0.03504,36875,0.3623372239025565,0.0007352751363252748,0.3631126051216673,0.930821758521964,0.004718092942054594,0.8039756539133938,51.0,0.6417016580279136,1.5234380970010535,0.08783456997480243,0.9047093243182948,0.9925438942930972,0.1308661744910878,0.004263865993387968,0.26673317848812655,0.009868574254386002,0.08019962751184302,0.0003057369186180812,-0.00023279023993413191,44.333333333333336,1.2514163969402847,0.9925438942930972,1,0.362459002319693,0.9370671184212093,0.8122027189296622,54,-0.2315928278286052,-0.2322464306305795,-0.2314710494114687,-0.6640885800338374,-0.6703339399330828,-0.7237760264015507,1.534882341990594,1.68389786205528,0.362459002319693,0.9370671184212093,0.8122027189296622,54,1.0
A,dcsbm_ps,leiden,50,3,1,1,49.423,0.61286,0.5405003640284772,0.0030794991806363404,3,ok,1.367,10000,245854,49.1708,101,0.6157109504014577,20,444,2,1022,1.4957593538857274,dspar,0.05,0.04981,0.05,ok,0.03504,12246,0.3623372239025565,0.0007352751363252748,0.3631126051216673,0.930821758521964,0.004718092942054594,0.8039756539133938,51.0,0.6417016580279136,1.5234380970010535,0.08712555799866095,0.5402670623540567,0.6273926203527177,0.04071315556848639,0.0001696941098611487,0.10122199853130835,0.0017561480957765856,0.015372745262537306,-0.0005559245871976458,-8.346846986409486e-05,1550.0,4.4115112812399,0.6273926203527177,1,0.362459002319693,0.9370671184212093,0.8122027189296622,54,-0.32174584675120665,-0.32239944955318095,-0.32162406833407015,-0.8295997599906557,-0.835845119889901,-0.7886029086508565,2.4282053176599088,2.8197871074411136,0.08244764054897859,0.47591746628117243,0.08154038407712313,1733,60.0
A,dcsbm_ps,leiden,50,3,1,1,49.423,0.61286,0.5405003640284772,0.0030794991806363404,3,ok,1.367,10000,245854,49.1708,101,0.6157109504014577,20,444,2,1022,1.4957593538857274,random,0.5,0.5,0.5,ok,0.03504,122927,0.3623372239025565,0.0007352751363252748,0.3631126051216673,0.930821758521964,0.004718092942054594,0.8039756539133938,51.0,0.6417016580279136,1.5234380970010535,0.004773042979650199,1.0945223713254866,1.0992954143051368,0.3541315312063238,0.001272161041772192,0.8534661348887532,0.009976490253219434,0.6916570348809429,0.0010190403375073597,0.00031511902766107497,45.333333333333336,0.6197202360877497,1.0992954143051368,1,0.362459002319693,0.9370671184212093,0.8122027189296622,54,-0.008327471113369234,-0.00898107391534353,-0.008205692696232725,-0.0773556236332108,-0.08360098353245604,-0.11231861903245088,1.3858313945246616,1.3918747911530964,0.362459002319693,0.9370671184212093,0.8122027189296622,54,1.0
A,dcsbm_ps,leiden,50,3,1,1,49.423,0.61286,0.5405003640284772,0.0030794991806363404,3,ok,1.367,10000,245854,49.1708,101,0.6157109504014577,20,444,2,1022,1.4957593538857274,random,0.2,0.2,0.2,ok,0.03504,49171,0.3623372239025565,0.0007352751363252748,0.3631126051216673,0.930821758521964,0.004718092942054594,0.8039756539133938,51.0,0.6417016580279136,1.5234380970010535,0.0033355180057697,0.8489962253176296,0.8523317433233993,0.24240040451037403,0.0018726914677145597,0.4368815700008015,0.0035737420002157276,0.2839838482045303,0.0011101374215275633,0.00023320083585451074,190.0,2.709593181848042,0.8523317433233993,1,0.362459002319693,0.9370671184212093,0.8122027189296622,54,-0.12005859780931899,-0.12071220061129329,-0.11993681939218248,-0.4939401885211625,-0.5001855484204077,-0.5199918057088635,1.7873769326728184,1.7943991405039512,0.34123968208371946,0.958318389756059,0.8779854221309168,114,8.0
A,dcsbm_ps,leiden,50,3,1,1,49.423,0.61286,0.5405003640284772,0.0030794991806363404,3,ok,1.367,10000,245854,49.1708,101,0.6157109504014577,20,444,2,1022,1.4957593538857274,random,0.15,0.15,0.15,ok,0.03504,36878,0.3623372239025565,0.0007352751363252748,0.3631126051216673,0.930821758521964,0.004718092942054594,0.8039756539133938,51.0,0.6417016580279136,1.5234380970010535,0.004113141039852053,0.8288277716686329,0.8329409127084849,0.1333067874847065,0.007213875434998185,0.2217534601067053,0.009669028894864335,0.08791552552193622,-0.00045406171009313426,-0.0003056559915795363,411.6666666666667,4.942805891899048,0.8329409127084849,1,0.362459002319693,0.9370671184212093,0.8122027189296622,54,-0.22915221483498652,-0.2298058176369608,-0.22903043641785,-0.7090682984152588,-0.715313658314504,-0.7160601283914575,1.8289869950645956,1.83806352667696,0.2483362141400514,0.8479109090378716,0.5455095216138341,285,15.0
A,dcsbm_ps,leiden,50,3,1,1,49.423,0.61286,0.5405003640284772,0.0030794991806363404,3,ok,1.367,10000,245854,49.1708,101,0.6157109504014577,20,444,2,1022,1.4957593538857274,random,0.05,0.05,0.05,ok,0.03504,12293,0.3623372239025565,0.0007352751363252748,0.3631126051216673,0.930821758521964,0.004718092942054594,0.8039756539133938,51.0,0.6417016580279136,1.5234380970010535,0.0038348989910446107,0.6252625986817293,0.6290974976727739,0.03702868337984149,0.0011346290632506045,0.08524521752303323,0.004312872160582814,0.015740000223872907,-0.00031235857006761203,-9.955383786680208e-05,2741.0,6.043443350223437,0.6290974976727739,1,0.362459002319693,0.9370671184212093,0.8122027189296622,54,-0.3254303189398515,-0.3260839217418258,-0.325308540522715,-0.8455765409989308,-0.851821900898176,-0.7882356536895209,2.4216247920818663,2.436477250059399,0.04652986952635809,0.29544990777849334,0.030294619754600002,3198,120.0
A,dcsbm_ps,leiden,100,1,1,1,101.93,0.64153,1.5468724815389865,0.006663124941142264,4,ok,0.973,10000,506560,101.312,128,0.643596020214782,20,489,10,1778,1.3041893369661013,lspar,0.5,0.4968,0.820312,ok,0.01719,251660,0.33622439581828856,0.0015330212194337096,0.3377869583261233,0.9079411295467767,0.015425887970856113,0.7289960482366424,53.8,0.6553659330879744,2.68660261859186,2.193582860985771,1.3101246219982083,3.5037074829839794,0.3388307042881611,0.00021124369745871522,0.9383355856475978,0.0033304000417893292,0.8472608522263315,4.4136281934862384e-05,-5.905833862192657e-05,66.0,0.617253287277776,3.5037074829839794,1,0.33728817438267417,0.9224129394886986,0.787845221224518,58,0.0015425299054869224,0.0010437459620377676,0.0026063084698725314,0.030394456100821032,0.015922646158899156,0.11826480398968908,0.7667885037890717,2.0506466129109464,0.33728817438267417,0.9224129394886986,0.787845221224518,58,1.0
A,dcsbm_ps,leiden,100,1,1,1,101.93,0.64153,1.5468724815389865,0.006663124941142264,4,ok,0.973,10000,506560,101.312,128,0.643596020214782,20,489,10,1778,1.3041893369661013,lspar,0.2,0.20096,0.585938,ok,0.01719,101798,0.33622439581828856,0.0015330212194337096,0.3377869583261233,0.9079411295467767,0.015425887970856113,0.7289960482366424,53.8,0.6553659330879744,2.68660261859186,2.1635842499672435,0.48836033333403367,2.6519445833012774,0.30378498955321764,0.00018451741045440105,0.9672983621771971,0.0008755426101662207,0.94335774238474,-0.0007453735631009124,-0.000327043074613482,120.66666666666667,0.9890235521251244,2.6519445833012774,1,0.33728817438267417,0.9224129394886986,0.787845221224518,58,-0.03350318482945652,-0.03400196877290568,-0.032439406265070914,0.059357232630420365,0.04488542268849849,0.21436169414809758,1.0130689138486593,5.501271162320733,0.3385040221929005,0.992163797237849,0.9829000931771207,117,2.0
A,dcsbm_ps,leiden,100,1,1,1,101.93,0.64153,1.5468724815389865,0.006663124941142264,4,ok,0.973,10000,506560,101.312,128,0.643596020214782,20,489,10,1778,1.3041893369661013,lspar,0.15,0.15112,0.515625,ok,0.01719,76550,0.33622439581828856,0.0015330212194337096,0.3377869583261233,0.9079411295467767,0.015425887970856113,0.7289960482366424,53.8,0.6553659330879744,2.68660261859186,2.1528595719719306,0.4389925953388835,2.591852167310814,0.3089290530624496,7.123975263705121e-07,0.9742960971031298,6.899289581035429e-05,0.9661367211229478,0.00019769218422687273,-6.553100796343133e-05,124.0,0.9795179146906207,2.591852167310814,1,0.33728817438267417,0.9224129394886986,0.787845221224518,58,-0.028359121320224556,-0.02885790526367371,-0.027295342755838947,0.06635496755635306,0.051883157614431186,0.23714067288630536,1.0365570430582678,6.119926958034264,0.33855590361188925,0.9970780852609777,0.9930922487088534,125,3.0
A,dcsbm_ps,leiden,100,1,1,1,101.93,0.64153,1.5468724815389865,0.006663124941142264,4,ok,0.973,10000,506560,101.312,128,0.643596020214782,20,489,10,1778,1.3041893369661013,lspar,0.05,0.05469,0.25,ok,0.01719,27705,0.33622439581828856,0.0015330212194337096,0.3377869583261233,0.9079411295467767,0.015425887970856113,0.7289960482366424,53.8,0.6553659330879744,2.68660261859186,2.1145941949798726,0.3262172883260064,2.440811483305879,0.3263742859540118,0.0005093141647811612,0.983731063840918,0.0004295956377623948,0.9843974815303387,0.00027218952674864697,-7.309810841338405e-05,124.66666666666667,0.97662233036171,2.440811483305879,1,0.33728817438267417,0.9224129394886986,0.787845221224518,58,-0.010913888428662366,-0.01141267237211152,-0.009850109864276757,0.07578993429414127,0.061318124352219394,0.25540143329369625,1.1007005813300572,8.235623048607389,0.33855590361188925,0.9970780852609777,0.9930922487088534,125,3.0
A,dcsbm_ps,leiden,100,1,1,1,101.93,0.64153,1.5468724815389865,0.006663124941142264,4,ok,0.973,10000,506560,101.312,128,0.643596020214782,20,489,10,1778,1.3041893369661013,dspar,0.5,0.49928,0.5,ok,0.01719,252916,0.33622439581828856,0.0015330212194337096,0.3377869583261233,0.9079411295467767,0.015425887970856113,0.7289960482366424,53.8,0.6553659330879744,2.68660261859186,0.18153902294579893,1.7046110746644747,1.8861500976102736,0.338571364569012,0.00014773250374865848,0.9417065087900669,0.0016515107325879557,0.8726677064881345,-0.0008128196634184531,-0.00018208876952736678,64.33333333333333,0.5286456768693159,1.8861500976102736,1,0.33728817438267417,0.9224129394886986,0.787845221224518,58,0.0012831901863378237,0.0007844062428886689,0.0023469687507234327,0.03376537924329015,0.019293569301368274,0.14367165825149208,1.4243843170253252,1.5760795283584994,0.33728817438267417,0.9224129394886986,0.787845221224518,58,1.0
A,dcsbm_ps,leiden,100,1,1,1,101.93,0.64153,1.5468724815389865,0.006663124941142264,4,ok,0.973,10000,506560,101.312,128,0.643596020214782,20,489,10,1778,1.3041893369661013,dspar,0.2,0.20005,0.2,ok,0.01719,101335,0.33622439581828856,0.0015330212194337096,0.3377869583261233,0.9079411295467767,0.015425887970856113,0.7289960482366424,53.8,0.6553659330879744,2.68660261859186,0.1814109740080312,1.1791677466826513,1.3605787206906825,0.33517042697061344,0.0005474308066232602,0.9155771753541732,0.002667380609650024,0.7984803906797607,-0.00010933286510359521,-8.801774583536854e-05,56.666666666666664,0.5236463758145619,1.3605787206906825,1,0.33728817438267417,0.9224129394886986,0.787845221224518,58,-0.002117747412060722,-0.002616531355509877,-0.001053968847675113,0.007636045807396408,-0.006835764134525468,0.0694843424431183,1.9746028493140304,2.2783888264838232,0.33728817438267417,0.9224129394886986,0.787845221224518,58,1.0
A,dcsbm_ps,leiden,100,1,1,1,101.93,0.64153,1.5468724815389865,0.006663124941142264,4,ok,0.973,10000,506560,101.312,128,0.643596020214782,20,489,10,1778,1.3041893369661013,dspar,0.15,0.14993,0.15,ok,0.01719,75949,0.33622439581828856,0.0015330212194337096,0.3377869583261233,0.9079411295467767,0.015425887970856113,0.7289960482366424,53.8,0.6553659330879744,2.68660261859186,0.17950649902923033,1.115561610320583,1.2950681093498133,0.3184027690927242,0.0013949266402767232,0.8275446102631859,0.007156509802655108,0.5484016993418604,0.000628755436812952,0.00028448036206607134,42.333333333333336,0.742022273406755,1.2950681093498133,1,0.33728817438267417,0.9224129394886986,0.787845221224518,58,-0.018885405289949975,-0.01938418923339913,-0.017821626725564366,-0.08039651928359082,-0.0948683292255127,-0.180594348894782,2.074487510885172,2.408296049036504,0.33728817438267417,0.9224129394886986,0.787845221224518,58,1.0
A,dcsbm_ps,leiden,100,1,1,1,101.93,0.64153,1.5468724815389865,0.006663124941142264,4,ok,0.973,10000,506560,101.312,128,0.643596020214782,20,489,10,1778,1.3041893369661013,dspar,0.05,0.05033,0.05,ok,0.01719,25496,0.33622439581828856,0.0015330212194337096,0.3377869583261233,0.9079411295467767,0.015425887970856113,0.7289960482366424,53.8,0.6553659330879744,2.68660261859186,0.17842626298079267,0.7718713913345709,0.9502976543153636,0.04446352289019335,0.002819174635489406,0.14621576805579536,0.006375673067269933,0.03303332008775776,0.00026514037474554235,0.0001553077881837224,197.33333333333334,2.648275316054727,0.9502976543153636,1,0.33728817438267417,0.9224129394886986,0.787845221224518,58,-0.2928246514924808,-0.29332343543593,-0.2917608729280952,-0.7617253614909814,-0.7761971714329032,-0.6959627281488847,2.827116963187084,3.4806350497674305,0.30644610899681896,0.980485857693115,0.8743951123167264,152,8.0
A,dcsbm_ps,leiden,100,1,1,1,101.93,0.64153,1.5468724815389865,0.006663124941142264,4,ok,0.973,10000,506560,101.312,128,0.643596020214782,20,489,10,1778,1.3041893369661013,random,0.5,0.5,0.5,ok,0.01719,253280,0.33622439581828856,0.0015330212194337096,0.3377869583261233,0.9079411295467767,0.015425887970856113,0.7289960482366424,53.8,0.6553659330879744,2.68660261859186,0.010703349020332098,1.7882044553213443,1.7989078043416764,0.3352602235408646,0.003337270363640175,0.896126208452204,0.022551967193704586,0.6995191193430248,0.0005509410695635367,9.43193879568101e-05,50.333333333333336,0.6466230967385148,1.7989078043416764,1,0.33728817438267417,0.9224129394886986,0.787845221224518,58,-0.002027950841809567,-0.002526734785258722,-0.0009641722774239581,-0.011814921094572717,-0.026286731036494593,-0.029476928893617638,1.4934632070124585,1.5024023738432482,0.33728817438267417,0.9224129394886986,0.787845221224518,58,1.0
A,dcsbm_ps,leiden,100,1,1,1,101.93,0.64153,1.5468724815389865,0.006663124941142264,4,ok,0.973,10000,506560,101.312,128,0.643596020214782,20,489,10,1778,1.3041893369661013,random,0.2,0.2,0.2,ok,0.01719,101312,0.33622439581828856,0.0015330212194337096,0.3377869583261233,0.9079411295467767,0.015425887970856113,0.7289960482366424,53.8,0.6553659330879744,2.68660261859186,0.010042959009297192,1.2721131623256952,1.2821561213349923,0.30196466019748053,0.00501025531988945,0.7272586352151196,0.02424561629596184,0.4684230819431583,0.0012440488782124062,0.00010274921165002794,47.333333333333336,1.00436586957069,1.2821561213349923,1,0.33728817438267417,0.9224129394886986,0.787845221224518,58,-0.03532351418519364,-0.03582229812864279,-0.03425973562080803,-0.18068249433165717,-0.19515430427357905,-0.26057296629348414,2.0953786936606016,2.111921091736977,0.33728817438267417,0.9224129394886986,0.787845221224518,58,1.0
A,dcsbm_ps,leiden,100,1,1,1,101.93,0.64153,1.5468724815389865,0.006663124941142264,4,ok,0.973,10000,506560,101.312,128,0.643596020214782,20,489,10,1778,1.3041893369661013,random,0.15,0.15,0.15,ok,0.01719,75984,0.33622439581828856,0.0015330212194337096,0.3377869583261233,0.9079411295467767,0.015425887970856113,0.7289960482366424,53.8,0.6553659330879744,2.68660261859186,0.008448282023891807,1.1308936416753568,1.1393419236992486,0.2568299962614575,0.0042001961492999845,0.5537086787261923,0.013445176322736303,0.3096729229850345,-0.0009168174916343586,-0.0002519817116076347,54.0,1.461415461569252,1.1393419236992486,1,0.33728817438267417,0.9224129394886986,0.787845221224518,58,-0.08045817812121664,-0.0809569620646658,-0.07939439955683103,-0.3542324508205844,-0.3687042607625063,-0.4193231252516079,2.3580301599619196,2.375645701404604,0.33728817438267417,0.9224129394886986,0.787845221224518,58,1.0
A,dcsbm_ps,leiden,100,1,1,1,101.93,0.64153,1.5468724815389865,0.006663124941142264,4,ok,0.973,10000,506560,101.312,128,0.643596020214782,20,489,10,1778,1.3041893369661013,random,0.05,0.05,0.05,ok,0.01719,25328,0.33622439581828856,0.0015330212194337096,0.3377869583261233,0.9079411295467767,0.015425887970856113,0.7289960482366424,53.8,0.6553659330879744,2.68660261859186,0.007501522020902485,0.750074712637191,0.7575762346580935,0.04274187948259687,0.004170214955238907,0.11704099353600407,0.004836085554322005,0.034645621085188594,-0.00013797888268161888,4.2581792710331544e-05,778.0,5.791443055794068,0.7575762346580935,1,0.33728817438267417,0.9224129394886986,0.787845221224518,58,-0.2945462949000773,-0.29504507884352643,-0.29348251633569167,-0.7909001360107727,-0.8053719459526946,-0.6943504271514538,3.5463132232551717,3.581780019147722,0.1539287164997878,0.7848126652968613,0.3898704571285087,866,30.0
A,dcsbm_ps,leiden,100,2,1,1,101.93,0.64153,1.215958573595452,0.006720395063287027,4,ok,0.973,10000,506914,101.3828,95,0.6442374840702763,21,468,11,1622,1.4190537259461373,lspar,0.5,0.50013,0.816406,ok,0.01716,253525,0.32977142852632657,0.002166559332332744,0.3318292081628787,0.9212682541445544,0.012381253127670034,0.7508389746360111,44.0,0.6832800564403275,2.516919977206271,2.338887310004793,1.2414106680080295,3.5802979780128226,0.33317971484161596,0.0009440077263165371,0.9531602253043076,0.009805932284071535,0.8853992497696597,-0.0009072120010507833,0.00011998394169355707,53.666666666666664,0.6043733334674172,3.5802979780128226,1,0.32789412294540105,0.9132323792762633,0.6815044000214486,43,0.005285591896214914,0.0013505066787372622,0.0034082863152893883,0.031891971159753174,0.03992784602804422,0.13456027513364854,0.7029917600889858,2.0274676560053466,0.32789412294540105,0.9132323792762633,0.6815044000214486,43,1.0
A,dcsbm_ps,leiden,100,2,1,1,101.93,0.64153,1.215958573595452,0.006720395063287027,4,ok,0.973,10000,506914,101.3828,95,0.6442374840702763,21,468,11,1622,1.4190537259461373,lspar,0.2,0.20487,0.59375,ok,0.01716,103850,0.32977142852632657,0.002166559332332744,0.3318292081628787,0.9212682541445544,0.012381253127670034,0.7508389746360111,44.0,0.6832800564403275,2.516919977206271,2.2790284349466674,0.5191727106575854,2.798201145604253,0.27893173761462275,0.0006109829469480581,0.9618540574600271,0.0016702650776849604,0.9237380261078204,-0.0004995530281304927,-0.00015440131442327266,86.66666666666667,0.9609922083175717,2.798201145604253,1,0.32789412294540105,0.9132323792762633,0.6815044000214486,43,-0.04896238533077829,-0.05289747054825594,-0.050839690911703816,0.04058580331547268,0.04862167818376373,0.17289905147180928,0.8994778596099671,4.84794351771366,0.3328974566958209,0.9822843115236617,0.9447012650205343,80,2.0
A,dcsbm_ps,leiden,100,2,1,1,101.93,0.64153,1.215958573595452,0.006720395063287027,4,ok,0.973,10000,506914,101.3828,95,0.6442374840702763,21,468,11,1622,1.4190537259461373,lspar,0.15,0.14938,0.515625,ok,0.01716,75723,0.32977142852632657,0.002166559332332744,0.3318292081628787,0.9212682541445544,0.012381253127670034,0.7508389746360111,44.0,0.6832800564403275,2.516919977206271,2.286957436997909,0.4560808856622316,2.7430383226601407,0.28908448671333953,0.0005867404075628597,0.9685912734527445,0.0010987134241974119,0.9437422524901856,0.00027429477049257297,3.1265647063558347e-05,88.0,0.949904917593578,2.7430383226601407,1,0.32789412294540105,0.9132323792762633,0.6815044000214486,43,-0.03880963623206152,-0.04274472144953917,-0.04068694181298704,0.04732301930819016,0.05535889417648121,0.1929032778541745,0.9175664650450145,5.518582462739458,0.33274909088620985,0.9978411088641795,0.9963228348010977,94,3.0
A,dcsbm_ps,leiden,100,2,1,1,101.93,0.64153,1.215958573595452,0.006720395063287027,4,ok,0.973,10000,506914,101.3828,95,0.6442374840702763,21,468,11,1622,1.4190537259461373,lspar,0.05,0.05437,0.25,ok,0.01716,27562,0.32977142852632657,0.002166559332332744,0.3318292081628787,0.9212682541445544,0.012381253127670034,0.7508389746360111,44.0,0.6832800564403275,2.516919977206271,2.2501221249694936,0.3289355863428985,2.5790577113123923,0.3214159167204551,0.0006296157757701456,0.9843986370546803,0.001008540334147816,0.9829770980634375,0.0026137893487180822,0.00027088650566556787,89.0,0.9218367459847571,2.5790577113123923,1,0.32789412294540105,0.9132323792762633,0.6815044000214486,43,-0.006478206224945937,-0.010413291442423589,-0.008355511805871463,0.06313038291012596,0.07116625777841701,0.23213812342742635,0.9759068074228935,7.651710795993083,0.33274909088620985,0.9978411088641795,0.9963228348010977,94,3.0
A,dcsbm_ps,leiden,100,2,1,1,101.93,0.64153,1.215958573595452,0.006720395063287027,4,ok,0.973,10000,506914,101.3828,95,0.6442374840702763,21,468,11,1622,1.4190537259461373,dspar,0.5,0.49989,0.5,ok,0.01716,253402,0.32977142852632657,0.002166559332332744,0.3318292081628787,0.9212682541445544,0.012381253127670034,0.7508389746360111,44.0,0.6832800564403275,2.516919977206271,0.18810045899590477,1.7041778550095235,1.8922783140054282,0.3335205774030645,0.00025928287015113485,0.9620754403574839,0.0007133801571439179,0.930421160515139,5.076328033802735e-05,2.681947902915121e-05,56.0,0.5539059241936912,1.8922783140054282,1,0.32789412294540105,0.9132323792762633,0.6815044000214486,43,0.005626454457663466,0.0016913692401858138,0.00374914887673794,0.04080718621292956,0.04884306108122061,0.1795821858791279,1.3301003127170283,1.4769115616704254,0.32789412294540105,0.9132323792762633,0.6815044000214486,43,1.0
A,dcsbm_ps,leiden,100,2,1,1,101.93,0.64153,1.215958573595452,0.006720395063287027,4,ok,0.973,10000,506914,101.3828,95,0.6442374840702763,21,468,11,1622,1.4190537259461373,dspar,0.2,0.19965,0.2,ok,0.01716,101204,0.32977142852632657,0.002166559332332744,0.3318292081628787,0.9212682541445544,0.012381253127670034,0.7508389746360111,44.0,0.6832800564403275,2.516919977206271,0.1860063600470312,1.1758562910060089,1.36186265105304,0.3275210654809592,0.0015659418007789709,0.9185967297918965,0.008821111319436331,0.7975583994728647,0.00021855374419728932,0.00015241529265931536,47.0,0.6071848917302641,1.36186265105304,1,0.32789412294540105,0.9132323792762633,0.6815044000214486,43,-0.0003730574644418283,-0.00430814268191948,-0.002250363045367354,-0.002671524352657828,0.0053643505156332205,0.04671942483685354,1.8481452408288752,2.140499648178018,0.32789412294540105,0.9132323792762633,0.6815044000214486,43,1.0
A,dcsbm_ps,leiden,100,2,1,1,101.93,0.64153,1.215958573595452,0.006720395063287027,4,ok,0.973,10000,506914,101.3828,95,0.6442374840702763,21,468,11,1622,1.4190537259461373,dspar,0.15,0.14965,0.15,ok,0.01716,75861,0.32977142852632657,0.002166559332332744,0.3318292081628787,0.9212682541445544,0.012381253127670034,0.7508389746360111,44.0,0.6832800564403275,2.516919977206271,0.1844955729902722,1.128730879999542,1.313226452989814,0.3059784410921412,0.002028258130179822,0.7982913508265179,0.009119976330906074,0.5254591988852336,0.00014916688625610147,8.586880940252401e-05,33.666666666666664,0.7851488289476672,1.313226452989814,1,0.32789412294540105,0.9132323792762633,0.6815044000214486,43,-0.021915681853259872,-0.025850767070737524,-0.023792987434185398,-0.12297690331803646,-0.11494102844974541,-0.2253797757507775,1.9165925050291333,2.2298672090970815,0.32789412294540105,0.9132323792762633,0.6815044000214486,43,1.0
A,dcsbm_ps,leiden,100,2,1,1,101.93,0.64153,1.215958573595452,0.006720395063287027,4,ok,0.973,10000,506914,101.3828,95,0.6442374840702763,21,468,11,1622,1.4190537259461373,dspar,0.05,0.05023,0.05,ok,0.01716,25464,0.32977142852632657,0.002166559332332744,0.3318292081628787,0.9212682541445544,0.012381253127670034,0.7508389746360111,44.0,0.6832800564403275,2.516919977206271,0.1844536479911767,0.8146067390140767,0.9990603870052533,0.03730806351359805,0.002802140692268789,0.11280960398092577,0.006253575571513855,0.025306779895147635,-0.00013855502860176012,-5.581254668036582e-05,203.0,2.688301715323222,0.9990603870052533,1,0.32789412294540105,0.9132323792762633,0.6815044000214486,43,-0.290586059431803,-0.29452114464928064,-0.2924633650127285,-0.8084586501636286,-0.8004227752953376,-0.7255321947408635,2.5192871321331216,3.089736257586715,0.3017338211975941,0.9756318019047785,0.9062385170475574,129,8.0
A,dcsbm_ps,leiden,100,2,1,1,101.93,0.64153,1.215958573595452,0.006720395063287027,4,ok,0.973,10000,506914,101.3828,95,0.6442374840702763,21,468,11,1622,1.4190537259461373,random,0.5,0.5,0.5,ok,0.01716,253457,0.32977142852632657,0.002166559332332744,0.3318292081628787,0.9212682541445544,0.012381253127670034,0.7508389746360111,44.0,0.6832800564403275,2.516919977206271,0.009805681009311229,1.6685755526608166,1.6783812336701278,0.32839917535313184,0.002541982278598548,0.8996081548685039,0.018025743311517458,0.7128814560041116,-0.0003737271839103456,-0.00016468665727895085,39.0,0.627262427445504,1.6783812336701278,1,0.32789412294540105,0.9132323792762633,0.6815044000214486,43,0.0005050524077307994,-0.0034300328097468524,-0.0013722531731947263,-0.021660099276050504,-0.013624224407759455,-0.037957518631899556,1.4996116059415803,1.5084243402659416,0.32789412294540105,0.9132323792762633,0.6815044000214486,43,1.0
A,dcsbm_ps,leiden,100,2,1,1,101.93,0.64153,1.215958573595452,0.006720395063287027,4,ok,0.973,10000,506914,101.3828,95,0.6442374840702763,21,468,11,1622,1.4190537259461373,random,0.2,0.2,0.2,ok,0.01716,101383,0.32977142852632657,0.002166559332332744,0.3318292081628787,0.9212682541445544,0.012381253127670034,0.7508389746360111,44.0,0.6832800564403275,2.516919977206271,0.00918631994863972,1.1716228310057584,1.180809150954398,0.29900741670838804,0.0017308230156869143,0.7346071741718637,0.014198704314493637,0.5452874438123547,-1.488092407582887e-05,-3.773591962254009e-05,42.0,0.8911273651243224,1.180809150954398,1,0.32789412294540105,0.9132323792762633,0.6815044000214486,43,-0.028886706237013005,-0.032821791454490656,-0.03076401181793853,-0.18666107997269066,-0.1786252051043996,-0.2055515308236564,2.1315214022282527,2.1482339799111516,0.32789412294540105,0.9132323792762633,0.6815044000214486,43,1.0
A,dcsbm_ps,leiden,100,2,1,1,101.93,0.64153,1.215958573595452,0.006720395063287027,4,ok,0.973,10000,506914,101.3828,95,0.6442374840702763,21,468,11,1622,1.4190537259461373,random,0.15,0.15,0.15,ok,0.01716,76037,0.32977142852632657,0.002166559332332744,0.3318292081628787,0.9212682541445544,0.012381253127670034,0.7508389746360111,44.0,0.6832800564403275,2.516919977206271,0.008184578968212008,1.0568601906610031,1.0650447696292151,0.24483279576204642,0.010061889839555332,0.5225114688672087,0.034619384740302725,0.30541939706504323,-0.0003010125435964263,-0.0003396435789931121,51.333333333333336,1.5925711871274082,1.0650447696292151,1,0.32789412294540105,0.9132323792762633,0.6815044000214486,43,-0.08306132718335463,-0.08699641240083228,-0.08493863276428015,-0.3987567852773457,-0.39072091040905466,-0.4454195775709679,2.3632058003369307,2.381507033235955,0.32789412294540105,0.9132323792762633,0.6815044000214486,43,1.0
A,dcsbm_ps,leiden,100,2,1,1,101.93,0.64153,1.215958573595452,0.006720395063287027,4,ok,0.973,10000,506914,101.3828,95,0.6442374840702763,21,468,11,1622,1.4190537259461373,random,0.05,0.05,0.05,ok,0.01716,25346,0.32977142852632657,0.002166559332332744,0.3318292081628787,0.9212682541445544,0.012381253127670034,0.7508389746360111,44.0,0.6832800564403275,2.516919977206271,0.009895100025460124,0.7482895836583339,0.758184683683794,0.030955526749663398,0.001845633260244076,0.08618237025183657,0.005535071690562497,0.019720779273514424,-0.000515569233685702,-0.0002523019959626082,932.3333333333334,6.292581345792025,0.758184683683794,1,0.32789412294540105,0.9132323792762633,0.6815044000214486,43,-0.29693859619573765,-0.3008736814132153,-0.2988159017766632,-0.8350858838927178,-0.8270500090244267,-0.7311181953624967,3.319666080535029,3.363564096270365,0.10287413220229386,0.6784978761597736,0.2395304549776258,1085,30.0
A,dcsbm_ps,leiden,100,3,1,1,101.93,0.64153,1.2918592820408157,0.006699137846598669,4,ok,0.973,10000,507948,101.5896,101,0.6435580020002047,20,444,9,1892,1.3893236983030417,lspar,0.5,0.50321,0.820312,ok,0.01713,255603,0.3320983496885146,0.0017239858109282724,0.33396140180051587,0.9230841948615913,0.013361033514265219,0.7498022588392741,48.6,0.7197035412146959,2.5595635012025015,2.252790397964418,1.2689052199906048,3.5216956179550225,0.3356358873721594,2.3277185236011755e-05,0.960583565166366,0.0003935280441405674,0.9269580168064954,0.0008675313362638302,7.060946491121963e-05,59.666666666666664,0.5573716221414986,3.5216956179550225,1,0.3290459262804462,0.9089912790779657,0.654934489798082,47,0.00658996109171317,0.0016744855716435136,0.003537537683644787,0.03749937030477468,0.051592286088400274,0.17715575796722127,0.7267986160282609,2.0171431726173,0.3290459262804462,0.9089912790779657,0.654934489798082,47,1.0
A,dcsbm_ps,leiden,100,3,1,1,101.93,0.64153,1.2918592820408157,0.006699137846598669,4,ok,0.973,10000,507948,101.5896,101,0.6435580020002047,20,444,9,1892,1.3893236983030417,lspar,0.2,0.20057,0.585938,ok,0.01713,101878,0.3320983496885146,0.0017239858109282724,0.33396140180051587,0.9230841948615913,0.013361033514265219,0.7498022588392741,48.6,0.7197035412146959,2.5595635012025015,2.2210106919519603,0.5138182113296352,2.7348289032815956,0.286137683964325,0.00035855077250313244,0.9658412554888182,0.0008223523665186638,0.9419372131861445,0.0009959003181223816,0.00019172054923107464,96.0,0.9622111504216978,2.7348289032815956,1,0.3290459262804462,0.9089912790779657,0.654934489798082,47,-0.042908242316121226,-0.04782371783619088,-0.04596066572418961,0.04275706062722684,0.05684997641085243,0.19213495434687045,0.9359135769448728,4.981457341846604,0.3353944947650225,0.9965575835337506,0.9943388779516124,97,3.0
A,dcsbm_ps,leiden,100,3,1,1,101.93,0.64153,1.2918592820408157,0.006699137846598669,4,ok,0.973,10000,507948,101.5896,101,0.6435580020002047,20,444,9,1892,1.3893236983030417,lspar,0.15,0.15101,0.515625,ok,0.01713,76707,0.3320983496885146,0.0017239858109282724,0.33396140180051587,0.9230841948615913,0.013361033514265219,0.7498022588392741,48.6,0.7197035412146959,2.5595635012025015,2.213877293979749,0.44397204600196954,2.6578493399817185,0.29557169523868887,0.00045072091687945175,0.9698192859840424,0.0010881759898306025,0.9513205289299719,-0.0002356578126594968,-0.00022179781084572255,96.0,0.9570778033368758,2.6578493399817185,1,0.3290459262804462,0.9089912790779657,0.654934489798082,47,-0.03347423104175734,-0.038389706561827,-0.036526654449825724,0.04673509112245111,0.060828006906076704,0.20151827009069778,0.9630205379587494,5.76514563079304,0.3353944947650225,0.9965575835337506,0.9943388779516124,97,3.0
A,dcsbm_ps,leiden,100,3,1,1,101.93,0.64153,1.2918592820408157,0.006699137846598669,4,ok,0.973,10000,507948,101.5896,101,0.6435580020002047,20,444,9,1892,1.3893236983030417,lspar,0.05,0.05435,0.25,ok,0.01713,27608,0.3320983496885146,0.0017239858109282724,0.33396140180051587,0.9230841948615913,0.013361033514265219,0.7498022588392741,48.6,0.7197035412146959,2.5595635012025015,2.1758043880108744,0.33685884535467875,2.512663233365553,0.3196675342497281,0.0002695447607968353,0.9859973066038892,0.0004317761361808658,0.98757190152591,-0.000742448817398576,-7.19921093942283e-05,98.33333333333333,0.9395315532383756,2.512663233365553,1,0.3290459262804462,0.9089912790779657,0.654934489798082,47,-0.009378392030718108,-0.014293867550787764,-0.012430815438786491,0.06291311174229786,0.07700602752592345,0.23776964268663592,1.0186655605948947,7.598326529046719,0.3353944947650225,0.9965575835337506,0.9943388779516124,97,3.0
A,dcsbm_ps,leiden,100,3,1,1,101.93,0.64153,1.2918592820408157,0.006699137846598669,4,ok,0.973,10000,507948,101.5896,101,0.6435580020002047,20,444,9,1892,1.3893236983030417,dspar,0.5,0.49904,0.5,ok,0.01713,253485,0.3320983496885146,0.0017239858109282724,0.33396140180051587,0.9230841948615913,0.013361033514265219,0.7498022588392741,48.6,0.7197035412146959,2.5595635012025015,0.18453684501582757,1.74660989100812,1.9311467360239476,0.33564987726966455,2.780435335676454e-05,0.9647009824343494,0.000759840297450913,0.9379714678711588,0.00021414949767448836,4.71012513363742e-05,61.666666666666664,0.5707923538804103,1.9311467360239476,1,0.3290459262804462,0.9089912790779657,0.654934489798082,47,0.0066039509892183434,0.001688475469148687,0.0035515275811499603,0.04161678757275811,0.0557097033563837,0.18816920903188472,1.3254111940102522,1.4654465856283199,0.3290459262804462,0.9089912790779657,0.654934489798082,47,1.0
A,dcsbm_ps,leiden,100,3,1,1,101.93,0.64153,1.2918592820408157,0.006699137846598669,4,ok,0.973,10000,507948,101.5896,101,0.6435580020002047,20,444,9,1892,1.3893236983030417,dspar,0.2,0.19913,0.2,ok,0.01713,101148,0.3320983496885146,0.0017239858109282724,0.33396140180051587,0.9230841948615913,0.013361033514265219,0.7498022588392741,48.6,0.7197035412146959,2.5595635012025015,0.18118420202517882,1.1662061693302046,1.3473903713553834,0.3277852786518473,0.0036954818911365582,0.9135878334380537,0.011311580287607412,0.7393209242602837,-0.0003295595488831629,-0.00019844420085281145,49.0,0.720665347121202,1.3473903713553834,1,0.3290459262804462,0.9089912790779657,0.654934489798082,47,-0.0012606476285988988,-0.006176123148668555,-0.004313071036667282,-0.009496361423537603,0.00459655436008799,-0.010481334578990364,1.8996450884740657,2.1947778776308082,0.3290459262804462,0.9089912790779657,0.654934489798082,47,1.0
A,dcsbm_ps,leiden,100,3,1,1,101.93,0.64153,1.2918592820408157,0.006699137846598669,4,ok,0.973,10000,507948,101.5896,101,0.6435580020002047,20,444,9,1892,1.3893236983030417,dspar,0.15,0.14962,0.15,ok,0.01713,76000,0.3320983496885146,0.0017239858109282724,0.33396140180051587,0.9230841948615913,0.013361033514265219,0.7498022588392741,48.6,0.7197035412146959,2.5595635012025015,0.18040759797440842,1.1495634076418355,1.329971005616244,0.30478208213207764,0.0012733909740768883,0.7783512547078569,0.009890449436666027,0.44210361529616704,0.00016379548040358077,-1.007351056234179e-05,32.333333333333336,0.9096317925549441,1.329971005616244,1,0.3290459262804462,0.9089912790779657,0.654934489798082,47,-0.024263844148368574,-0.02917931966843823,-0.027316267556436957,-0.1447329401537344,-0.1306400243701088,-0.30769864354310705,1.9245257907081397,2.22655269312467,0.3290459262804462,0.9089912790779657,0.654934489798082,47,1.0
A,dcsbm_ps,leiden,100,3,1,1,101.93,0.64153,1.2918592820408157,0.006699137846598669,4,ok,0.973,10000,507948,101.5896,101,0.6435580020002047,20,444,9,1892,1.3893236983030417,dspar,0.05,0.04995,0.05,ok,0.01713,25370,0.3320983496885146,0.0017239858109282724,0.33396140180051587,0.9230841948615913,0.013361033514265219,0.7498022588392741,48.6,0.7197035412146959,2.5595635012025015,0.17473620298551396,0.8231563723529689,0.9978925753384829,0.03733842072243264,0.002255238562034429,0.1159048773366322,0.004411808471789385,0.02640728682321747,0.0002406626636111141,-3.605120648409965e-05,183.0,2.444388833193462,0.9978925753384829,1,0.3290459262804462,0.9089912790779657,0.654934489798082,47,-0.29170750555801356,-0.2966229810780832,-0.29475992896608194,-0.8071793175249591,-0.7930864017413335,-0.7233949720160566,2.564968980087164,3.1094499018285706,0.3156937674297266,0.9872353802907372,0.950254414717851,125,8.0
A,dcsbm_ps,leiden,100,3,1,1,101.93,0.64153,1.2918592820408157,0.006699137846598669,4,ok,0.973,10000,507948,101.5896,101,0.6435580020002047,20,444,9,1892,1.3893236983030417,random,0.5,0.5,0.5,ok,0.01713,253974,0.3320983496885146,0.0017239858109282724,0.33396140180051587,0.9230841948615913,0.013361033514265219,0.7498022588392741,48.6,0.7197035412146959,2.5595635012025015,0.00897240499034524,1.6807386570144445,1.6897110620047897,0.331565134285639,0.00046910188906828295,0.9168991511040714,0.0009690375951752842,0.7477632931464742,0.0008334206780752602,0.000269728628862331,48.0,0.7059911607351849,1.6897110620047897,1,0.3290459262804462,0.9089912790779657,0.654934489798082,47,0.0025192080051927856,-0.002396267514876871,-0.0005332154028755975,-0.006185043757519937,0.007907872026105656,-0.0020389656927999322,1.514793599188289,1.522880128043907,0.3290459262804462,0.9089912790779657,0.654934489798082,47,1.0
A,dcsbm_ps,leiden,100,3,1,1,101.93,0.64153,1.2918592820408157,0.006699137846598669,4,ok,0.973,10000,507948,101.5896,101,0.6435580020002047,20,444,9,1892,1.3893236983030417,random,0.2,0.2,0.2,ok,0.01713,101590,0.3320983496885146,0.0017239858109282724,0.33396140180051587,0.9230841948615913,0.013361033514265219,0.7498022588392741,48.6,0.7197035412146959,2.5595635012025015,0.008793357003014535,1.2381031909996334,1.246896548002648,0.2987986397952427,0.005758026701244557,0.7152270651668236,0.03382931819765559,0.46672514879798627,-0.000592830196821504,0.0001013654246350961,36.0,0.9015932056387727,1.246896548002648,1,0.3290459262804462,0.9089912790779657,0.654934489798082,47,-0.03024728648520353,-0.035162762005273185,-0.03329970989327191,-0.20785712969476777,-0.19376421391114218,-0.2830771100412878,2.0527472830866045,2.0673264715002735,0.3290459262804462,0.9089912790779657,0.654934489798082,47,1.0
A,dcsbm_ps,leiden,100,3,1,1,101.93,0.64153,1.2918592820408157,0.006699137846598669,4,ok,0.973,10000,507948,101.5896,101,0.6435580020002047,20,444,9,1892,1.3893236983030417,random,0.15,0.15,0.15,ok,0.01713,76192,0.3320983496885146,0.0017239858109282724,0.33396140180051587,0.9230841948615913,0.013361033514265219,0.7498022588392741,48.6,0.7197035412146959,2.5595635012025015,0.008762000012211502,1.0544835363398306,1.063245536352042,0.24172912643532463,0.006712314835584147,0.5196416946074516,0.02413557896232761,0.29130516631241377,7.432491313523756e-05,-0.00022715804299281968,48.666666666666664,1.5364757188438958,1.063245536352042,1,0.3290459262804462,0.9089912790779657,0.654934489798082,47,-0.08731679984512158,-0.09223227536519124,-0.09036922325318997,-0.40344250025413975,-0.38934958447051415,-0.45849709252686033,2.407311776717421,2.4273148067222414,0.3290459262804462,0.9089912790779657,0.654934489798082,47,1.0
A,dcsbm_ps,leiden,100,3,1,1,101.93,0.64153,1.2918592820408157,0.006699137846598669,4,ok,0.973,10000,507948,101.5896,101,0.6435580020002047,20,444,9,1892,1.3893236983030417,random,0.05,0.05,0.05,ok,0.01713,25397,0.3320983496885146,0.0017239858109282724,0.33396140180051587,0.9230841948615913,0.013361033514265219,0.7498022588392741,48.6,0.7197035412146959,2.5595635012025015,0.008709751011338085,0.7557376069986882,0.7644473580100263,0.03513787973829302,0.004045164645778665,0.09720447566927082,0.004914714928899977,0.02406952254726219,0.0003500942362387645,0.00023200395488378028,835.6666666666666,6.001876995945191,0.7644473580100263,1,0.3290459262804462,0.9089912790779657,0.654934489798082,47,-0.2939080465421532,-0.29882352206222285,-0.2969604699502216,-0.8258797191923205,-0.8117868034086949,-0.7257327362920118,3.3482534466015266,3.386841514169804,0.12057763313547003,0.7131316064497311,0.29469268516376546,1021,30.0
A,dcsbm_ps,leiden,200,1,1,1,220.927,0.67193,1.9483680747183747,0.015540272164177896,5,ok,0.734,10000,1099432,219.8864,78,0.6748120847855984,41,553,38,3362,1.2419399518845022,lspar,0.5,0.49912,0.84375,ok,0.00814,548744,0.29849854542369153,0.0021544047716828157,0.30165997677787876,0.9247430465042529,0.01126544776539139,0.7136209643837192,45.0,0.7647648093118368,4.769640205206815,8.411213567946106,2.2499367933293493,10.661150361275455,0.3030729570261627,0.0002961892085990354,0.9685962048639695,0.003582427067340223,0.9184493110424848,0.0005092964798507751,0.0002492224342430234,56.0,0.5533077949724466,10.661150361275455,2,0.30165997677787876,0.9440000275563214,0.8319293867186554,47,0.001412980248283957,0.001412980248283957,0.0045744116024711845,0.04385315835971659,0.02459617730764807,0.2048283466587656,0.44738513608546415,2.1198996431134978,0.30165997677787876,0.9440000275563214,0.8319293867186554,47,1.0
A,dcsbm_ps,leiden,200,1,1,1,220.927,0.67193,1.9483680747183747,0.015540272164177896,5,ok,0.734,10000,1099432,219.8864,78,0.6748120847855984,41,553,38,3362,1.2419399518845022,lspar,0.2,0.20352,0.65625,ok,0.00814,223754,0.29849854542369153,0.0021544047716828157,0.30165997677787876,0.9247430465042529,0.01126544776539139,0.7136209643837192,45.0,0.7647648093118368,4.769640205206815,8.372705569956452,0.8483489956706762,9.221054565627128,0.2476083371977439,3.8945255516804927e-05,0.9505142221551712,4.595667389274881e-05,0.9107932146211892,-0.00032670026555868016,6.851639637175469e-05,79.0,0.7922221346997901,9.221054565627128,1,0.30165997677787876,0.9440000275563214,0.8319293867186554,47,-0.05405163958013487,-0.05405163958013487,-0.05089020822594764,0.025771175650918354,0.006514194598849832,0.19717225023746998,0.5172553932156924,5.6222618633927866,0.3031920149056243,0.9983783688761809,0.9958252297498806,77,2.0
A,dcsbm_ps,leiden,200,1,1,1,220.927,0.67193,1.9483680747183747,0.015540272164177896,5,ok,0.734,10000,1099432,219.8864,78,0.6748120847855984,41,553,38,3362,1.2419399518845022,lspar,0.15,0.15048,0.59375,ok,0.00814,165448,0.29849854542369153,0.0021544047716828157,0.30165997677787876,0.9247430465042529,0.01126544776539139,0.7136209643837192,45.0,0.7647648093118368,4.769640205206815,8.364510109007824,0.6861596233405484,9.050669732348373,0.26085823431099264,0.00011742457140704575,0.9574854625810764,0.0020670789825018585,0.92380955369355,0.0011050109127072679,3.4547962030497894e-05,78.66666666666667,0.8001722335912828,9.050669732348373,1,0.30165997677787876,0.9440000275563214,0.8319293867186554,47,-0.040801742466886115,-0.040801742466886115,-0.03764031111269889,0.03274241607682349,0.013485435024754966,0.21018858930983075,0.5269930675029989,6.95121083048571,0.3031920149056243,0.9983783688761809,0.9958252297498806,77,2.0
A,dcsbm_ps,leiden,200,1,1,1,220.927,0.67193,1.9483680747183747,0.015540272164177896,5,ok,0.734,10000,1099432,219.8864,78,0.6748120847855984,41,553,38,3362,1.2419399518845022,lspar,0.05,0.05357,0.375,ok,0.00814,58895,0.29849854542369153,0.0021544047716828157,0.30165997677787876,0.9247430465042529,0.01126544776539139,0.7136209643837192,45.0,0.7647648093118368,4.769640205206815,8.316703591961414,0.4129635516631727,8.729667143624587,0.2796863574064881,0.0003362677468318116,0.9737136735627692,0.0003047906433134401,0.9709991097063062,-0.0010260964302406467,-0.0001519070584060216,79.0,0.756546942885918,8.729667143624587,1,0.30165997677787876,0.9440000275563214,0.8319293867186554,47,-0.02197361937139064,-0.02197361937139064,-0.018812188017203413,0.04897062705851629,0.02971364600644777,0.25737814532258696,0.5463713709508567,11.54978492895445,0.3031920149056243,0.9983783688761809,0.9958252297498806,77,2.0
A,dcsbm_ps,leiden,200,1,1,1,220.927,0.67193,1.9483680747183747,0.015540272164177896,5,ok,0.734,10000,1099432,219.8864,78,0.6748120847855984,41,553,38,3362,1.2419399518845022,dspar,0.5,0.49942,0.5,ok,0.00814,549079,0.29849854542369153,0.0021544047716828157,0.30165997677787876,0.9247430465042529,0.01126544776539139,0.7136209643837192,45.0,0.7647648093118368,4.769640205206815,0.4361075090127997,2.8409369363216683,3.277044445334468,0.30254138917683376,0.0005322803020649759,0.9746717301967932,0.00416732447232296,0.9282798478322108,2.8886126344209936e-05,9.779479930387678e-05,60.333333333333336,0.6168069589115893,3.277044445334468,1,0.30165997677787876,0.9440000275563214,0.8319293867186554,47,0.000881412398955006,0.000881412398955006,0.004042843753142233,0.04992868369254033,0.03067170264047181,0.2146588834484916,1.4554700995884744,1.6788968963817812,0.3025653236438763,0.9869696940516258,0.9496542713680877,72,1.5
A,dcsbm_ps,leiden,200,1,1,1,220.927,0.67193,1.9483680747183747,0.015540272164177896,5,ok,0.734,10000,1099432,219.8864,78,0.6748120847855984,41,553,38,3362,1.2419399518845022,dspar,0.2,0.19957,0.2,ok,0.00814,219414,0.29849854542369153,0.0021544047716828157,0.30165997677787876,0.9247430465042529,0.01126544776539139,0.7136209643837192,45.0,0.7647648093118368,4.769640205206815,0.43478361499728635,1.6615890583295065,2.096372673326793,0.3029845753702096,3.326748946813745e-05,0.9698083625848039,0.0008219129279192823,0.9367393839370255,-0.00012240420221412444,2.9786077743322927e-05,55.333333333333336,0.49570015768613285,2.096372673326793,1,0.30165997677787876,0.9440000275563214,0.8319293867186554,47,0.0013245985923308612,0.0013245985923308612,0.004486029946518089,0.04506531608055098,0.025808335028482454,0.22311841955330625,2.275187167765232,2.8705293774635323,0.30165997677787876,0.9440000275563214,0.8319293867186554,47,1.0
A,dcsbm_ps,leiden,200,1,1,1,220.927,0.67193,1.9483680747183747,0.015540272164177896,5,ok,0.734,10000,1099432,219.8864,78,0.6748120847855984,41,553,38,3362,1.2419399518845022,dspar,0.15,0.14973,0.15,ok,0.00814,164616,0.29849854542369153,0.0021544047716828157,0.30165997677787876,0.9247430465042529,0.01126544776539139,0.7136209643837192,45.0,0.7647648093118368,4.769640205206815,0.43634815904079005,1.504283422313165,1.940631581353955,0.30241784323442267,0.00026127662836784643,0.9635931254881288,0.0037186660640425146,0.9178459715192434,-0.0011571199745517412,-3.654645582631802e-05,53.333333333333336,0.4932207210599276,1.940631581353955,1,0.30165997677787876,0.9440000275563214,0.8319293867186554,47,0.0007578664565439097,0.0007578664565439097,0.003919297810731137,0.038850078983875935,0.019593097931807413,0.20422500713552416,2.4577772777865934,3.170705822093319,0.30165997677787876,0.9440000275563214,0.8319293867186554,47,1.0
A,dcsbm_ps,leiden,200,1,1,1,220.927,0.67193,1.9483680747183747,0.015540272164177896,5,ok,0.734,10000,1099432,219.8864,78,0.6748120847855984,41,553,38,3362,1.2419399518845022,dspar,0.05,0.05003,0.05,ok,0.00814,55000,0.29849854542369153,0.0021544047716828157,0.30165997677787876,0.9247430465042529,0.01126544776539139,0.7136209643837192,45.0,0.7647648093118368,4.769640205206815,0.4322962500154972,1.2545306509903942,1.6868269010058914,0.11783605194140571,0.015863225454131484,0.3493007661098202,0.035767296155429604,0.13983795843315916,0.0002652495001431731,-8.023406681537861e-06,19.333333333333332,0.7849372843244917,1.6868269010058914,1,0.30165997677787876,0.9440000275563214,0.8319293867186554,47,-0.18382392483647303,-0.18382392483647303,-0.1806624934822858,-0.5754422803944327,-0.5946992614465012,-0.5737830059505601,2.827581302125651,3.801931982643392,0.26143757340718515,0.6692162582574177,0.126889892120935,17,0.75
A,dcsbm_ps,leiden,200,1,1,1,220.927,0.67193,1.9483680747183747,0.015540272164177896,5,ok,0.734,10000,1099432,219.8864,78,0.6748120847855984,41,553,38,3362,1.2419399518845022,random,0.5,0.5,0.5,ok,0.00814,549716,0.29849854542369153,0.0021544047716828157,0.30165997677787876,0.9247430465042529,0.01126544776539139,0.7136209643837192,45.0,0.7647648093118368,4.769640205206815,0.024710419005714357,2.8180669836583547,2.842777402664069,0.298542802653407,0.001927016135589166,0.9248662802061904,0.015149226690478157,0.714222730563706,0.00045444228728963777,-0.00011402172701449182,43.666666666666664,0.7310824988282034,2.842777402664069,1,0.30165997677787876,0.9440000275563214,0.8319293867186554,47,-0.0031171741244717666,-0.0031171741244717666,4.4257229715460866e-05,0.000123233701937564,-0.01913374735013096,0.0006017661799867513,1.677809947671954,1.6925219424752527,0.30165997677787876,0.9440000275563214,0.8319293867186554,47,1.0
A,dcsbm_ps,leiden,200,1,1,1,220.927,0.67193,1.9483680747183747,0.015540272164177896,5,ok,0.734,10000,1099432,219.8864,78,0.6748120847855984,41,553,38,3362,1.2419399518845022,random,0.2,0.2,0.2,ok,0.00814,219886,0.29849854542369153,0.0021544047716828157,0.30165997677787876,0.9247430465042529,0.01126544776539139,0.7136209643837192,45.0,0.7647648093118368,4.769640205206815,0.02142686297884211,1.8506502096812862,1.8720770726601283,0.2949962264860229,0.003210570025836439,0.8828440568545487,0.0246902079018221,0.6324846047660143,-0.0007640940918387586,0.0002097388976819677,36.333333333333336,0.7107388459159542,1.8720770726601283,1,0.30165997677787876,0.9440000275563214,0.8319293867186554,47,-0.006663750291855841,-0.006663750291855841,-0.0035023189376686137,-0.04189898964970418,-0.0611559707017727,-0.08113635961770493,2.547779829614276,2.5772780724609374,0.30165997677787876,0.9440000275563214,0.8319293867186554,47,1.0
A,dcsbm_ps,leiden,200,1,1,1,220.927,0.67193,1.9483680747183747,0.015540272164177896,5,ok,0.734,10000,1099432,219.8864,78,0.6748120847855984,41,553,38,3362,1.2419399518845022,random,0.15,0.15,0.15,ok,0.00814,164915,0.29849854542369153,0.0021544047716828157,0.30165997677787876,0.9247430465042529,0.01126544776539139,0.7136209643837192,45.0,0.7647648093118368,4.769640205206815,0.021582139015663415,1.6296475776471198,1.6512297166627832,0.27992771413403555,0.0022793711324348293,0.7965081082459875,0.019242719737968834,0.46474410695923574,0.0002780539909467012,0.00017290216787287628,30.0,0.892883155515464,1.6512297166627832,1,0.30165997677787876,0.9440000275563214,0.8319293867186554,47,-0.021732262643843203,-0.021732262643843203,-0.018570831289655976,-0.12823493825826537,-0.1474919193103339,-0.2488768574244835,2.8885382555048085,2.9267924369839564,0.26143757340718515,0.6692162582574177,0.126889892120935,17,0.75
A,dcsbm_ps,leiden,200,1,1,1,220.927,0.67193,1.9483680747183747,0.015540272164177896,5,ok,0.734,10000,1099432,219.8864,78,0.6748120847855984,41,553,38,3362,1.2419399518845022,random,0.05,0.05,0.05,ok,0.00814,54972,0.29849854542369153,0.0021544047716828157,0.30165997677787876,0.9247430465042529,0.01126544776539139,0.7136209643837192,45.0,0.7647648093118368,4.769640205206815,0.02101315400796011,0.9782649576663971,0.9992781116743572,0.03530346678624003,0.008990955863052775,0.09661538936835483,0.014389578191240959,0.028890106113427877,-0.0010682003327459459,-0.0002724023117818483,98.0,3.092311314749368,0.9992781116743572,1,0.30165997677787876,0.9440000275563214,0.8319293867186554,47,-0.26635650999163873,-0.26635650999163873,-0.2631950786374515,-0.8281276571358981,-0.8473846381879666,-0.6847308582702913,4.7730858401521115,4.875611834839262,0.2970241722127855,0.9972474319442504,0.9950331838908821,109,5.0
A,dcsbm_ps,leiden,200,2,1,1,220.927,0.67193,1.628217289714926,0.01572954528760805,4,ok,0.734,10000,1097391,219.4782,64,0.6761199973391435,43,536,33,3038,1.318797081280263,lspar,0.5,0.49549,0.835938,ok,0.00816,543744,0.29255000433206535,0.0017416127447117597,0.29432655939192787,0.9332590461349646,0.013717246824565502,0.7830483115182398,36.6,0.6504919549124658,4.578741766815074,8.98456484003691,2.2255802173361494,11.21014505737306,0.29616742140965296,4.843404569715343e-05,0.9619721633407471,0.0021106249520836365,0.9094142407716239,0.0013004136593471325,8.835047226889214e-05,41.666666666666664,0.5142002681592787,11.21014505737306,2,0.29432655939192787,0.945071648741123,0.8461311110703013,38,0.0018408620177250978,0.0018408620177250978,0.0036174170775876147,0.028713117205782512,0.01690051459962405,0.12636592925338408,0.408446255011087,2.05732497581933,0.29432655939192787,0.945071648741123,0.8461311110703013,38,1.0
A,dcsbm_ps,leiden,200,2,1,1,220.927,0.67193,1.628217289714926,0.01572954528760805,4,ok,0.734,10000,1097391,219.4782,64,0.6761199973391435,43,536,33,3038,1.318797081280263,lspar,0.2,0.20457,0.65625,ok,0.00816,224494,0.29255000433206535,0.0017416127447117597,0.29432655939192787,0.9332590461349646,0.013717246824565502,0.7830483115182398,36.6,0.6504919549124658,4.578741766815074,8.883035305014346,0.8697378826715673,9.752773187685913,0.22126888123698116,0.0019440218262109536,0.9432064278190198,0.004328687229897331,0.8660004756352312,-0.0010595920873899501,-1.7191823845737624e-05,63.666666666666664,0.9178101380727183,9.752773187685913,2,0.29432655939192787,0.945071648741123,0.8461311110703013,38,-0.07305767815494671,-0.07305767815494671,-0.07128112309508419,0.009947381684055179,-0.0018652209221032834,0.08295216411699136,0.4694810059354506,5.264507684488328,0.29573012538712845,0.9914337905369007,0.9736454571194104,61,2.0
A,dcsbm_ps,leiden,200,2,1,1,220.927,0.67193,1.628217289714926,0.01572954528760805,4,ok,0.734,10000,1097391,219.4782,64,0.6761199973391435,43,536,33,3038,1.318797081280263,lspar,0.15,0.1518,0.59375,ok,0.00816,166581,0.29255000433206535,0.0017416127447117597,0.29432655939192787,0.9332590461349646,0.013717246824565502,0.7830483115182398,36.6,0.6504919549124658,4.578741766815074,8.876690072007477,0.7126211810003346,9.589311253007812,0.23741416376754765,0.0012242373596495601,0.9503072690831037,0.0020367395259091535,0.887682142579914,0.0009690072569736641,0.0004031930657993844,63.666666666666664,0.9076243011693089,9.589311253007812,2,0.29432655939192787,0.945071648741123,0.8461311110703013,38,-0.05691239562438022,-0.05691239562438022,-0.0551358405645177,0.017048222948139125,0.005235620341980662,0.10463383106167412,0.4774839032760452,6.425211443178987,0.29573012538712845,0.9914337905369007,0.9736454571194104,61,2.0
A,dcsbm_ps,leiden,200,2,1,1,220.927,0.67193,1.628217289714926,0.01572954528760805,4,ok,0.734,10000,1097391,219.4782,64,0.6761199973391435,43,536,33,3038,1.318797081280263,lspar,0.05,0.0542,0.375,ok,0.00816,59476,0.29255000433206535,0.0017416127447117597,0.29432655939192787,0.9332590461349646,0.013717246824565502,0.7830483115182398,36.6,0.6504919549124658,4.578741766815074,8.826812217070255,0.41365439000461873,9.240466607074874,0.2733538055593588,0.0005617715870236666,0.9768161919775017,0.000280071385814364,0.9806748910113958,-0.0002463353212701569,9.768402616840414e-05,65.0,0.8047178578991804,9.240466607074874,2,0.29432655939192787,0.945071648741123,0.8461311110703013,38,-0.02097275383256908,-0.02097275383256908,-0.019196198772706563,0.043557145842537115,0.03174454323637865,0.19762657949315598,0.49550980069658,11.069003200386557,0.29573012538712845,0.9914337905369007,0.9736454571194104,61,2.0
A,dcsbm_ps,leiden,200,2,1,1,220.927,0.67193,1.628217289714926,0.01572954528760805,4,ok,0.734,10000,1097391,219.4782,64,0.6761199973391435,43,536,33,3038,1.318797081280263,dspar,0.5,0.49995,0.5,ok,0.00816,548639,0.29255000433206535,0.0017416127447117597,0.29432655939192787,0.9332590461349646,0.013717246824565502,0.7830483115182398,36.6,0.6504919549124658,4.578741766815074,0.40154089499264956,2.840420506351317,3.2419614013439664,0.2958343987582183,0.00023552158667738033,0.9758566996388668,0.0033231189738724223,0.9463828805387747,-0.0006364545335654392,-1.7011150876647703e-05,48.0,0.5969208980465953,3.2419614013439664,1,0.29432655939192787,0.945071648741123,0.8461311110703013,38,0.0015078393662904532,0.0015078393662904532,0.00328439442615297,0.04259765350390221,0.03078505089774375,0.1633345690205349,1.412336915830318,1.611994335548834,0.29432655939192787,0.945071648741123,0.8461311110703013,38,1.0
A,dcsbm_ps,leiden,200,2,1,1,220.927,0.67193,1.628217289714926,0.01572954528760805,4,ok,0.734,10000,1097391,219.4782,64,0.6761199973391435,43,536,33,3038,1.318797081280263,dspar,0.2,0.19973,0.2,ok,0.00816,219182,0.29255000433206535,0.0017416127447117597,0.29432655939192787,0.9332590461349646,0.013717246824565502,0.7830483115182398,36.6,0.6504919549124658,4.578741766815074,0.3965527120162733,1.6527215119955752,2.0492742240118487,0.2936491051016099,0.0032751797591071526,0.9655873735932984,0.012222829880924593,0.8826571574281044,-0.00035419135026241587,-2.501530331627232e-05,45.0,0.6540402692711657,2.0492742240118487,1,0.29432655939192787,0.945071648741123,0.8461311110703013,38,-0.0006774542903179581,-0.0006774542903179581,0.0010991007695445587,0.032328327458333805,0.020515724852175343,0.09960884590986452,2.234323602553935,2.7704254670748982,0.29432655939192787,0.945071648741123,0.8461311110703013,38,1.0
A,dcsbm_ps,leiden,200,2,1,1,220.927,0.67193,1.628217289714926,0.01572954528760805,4,ok,0.734,10000,1097391,219.4782,64,0.6761199973391435,43,536,33,3038,1.318797081280263,dspar,0.15,0.14981,0.15,ok,0.00816,164397,0.29255000433206535,0.0017416127447117597,0.29432655939192787,0.9332590461349646,0.013717246824565502,0.7830483115182398,36.6,0.6504919549124658,4.578741766815074,0.4197147430386394,1.498670897310755,1.9183856403493944,0.2944472240067266,0.0006525793311228473,0.9604598442997231,0.0007376714790924298,0.9000517281170609,-0.00039692712629443454,-0.00031737830475949156,42.666666666666664,0.5543017913104612,1.9183856403493944,1,0.29432655939192787,0.945071648741123,0.8461311110703013,38,0.00012066461479876,0.00012066461479876,0.0018972196746612768,0.02720079816475851,0.015388195558600049,0.11700341659882108,2.386768160952847,3.0552016290109187,0.29432655939192787,0.945071648741123,0.8461311110703013,38,1.0
A,dcsbm_ps,leiden,200,2,1,1,220.927,0.67193,1.628217289714926,0.01572954528760805,4,ok,0.734,10000,1097391,219.4782,64,0.6761199973391435,43,536,33,3038,1.318797081280263,dspar,0.05,0.05006,0.05,ok,0.00816,54930,0.29255000433206535,0.0017416127447117597,0.29432655939192787,0.9332590461349646,0.013717246824565502,0.7830483115182398,36.6,0.6504919549124658,4.578741766815074,0.3912165410001762,1.1646447473322041,1.5558612883323804,0.09186946597724,0.008507679660453385,0.2592295972574059,0.019476479291383568,0.11927637709359266,0.00012789591615464005,-0.00010822503629246734,17.666666666666668,0.7955183437475691,1.5558612883323804,1,0.29432655939192787,0.945071648741123,0.8461311110703013,38,-0.20245709341468787,-0.20245709341468787,-0.20068053835482536,-0.6740294488775587,-0.6858420514837171,-0.6637719344246472,2.9428984454794866,3.9314492915572563,0.2580501280769605,0.7054197901325451,0.17853150848019844,15,0.75
A,dcsbm_ps,leiden,200,2,1,1,220.927,0.67193,1.628217289714926,0.01572954528760805,4,ok,0.734,10000,1097391,219.4782,64,0.6761199973391435,43,536,33,3038,1.318797081280263,random,0.5,0.5,0.5,ok,0.00816,548696,0.29255000433206535,0.0017416127447117597,0.29432655939192787,0.9332590461349646,0.013717246824565502,0.7830483115182398,36.6,0.6504919549124658,4.578741766815074,0.024706561991479248,2.708446949662175,2.7331535116536543,0.2881893350535795,0.0001235189952916378,0.9085594036893943,0.00468426364382883,0.6532628306560716,-0.0006059246808095225,-0.00020182968787583815,32.666666666666664,0.8164409088499069,2.7331535116536543,1,0.29432655939192787,0.945071648741123,0.8461311110703013,38,-0.006137224338348346,-0.006137224338348346,-0.004360669278485829,-0.024699642445570325,-0.03651224505172879,-0.12978548086216823,1.6752596395673265,1.6905414253678406,0.29432655939192787,0.945071648741123,0.8461311110703013,38,1.0
A,dcsbm_ps,leiden,200,2,1,1,220.927,0.67193,1.628217289714926,0.01572954528760805,4,ok,0.734,10000,1097391,219.4782,64,0.6761199973391435,43,536,33,3038,1.318797081280263,random,0.2,0.2,0.2,ok,0.00816,219478,0.29255000433206535,0.0017416127447117597,0.29432655939192787,0.9332590461349646,0.013717246824565502,0.7830483115182398,36.6,0.6504919549124658,4.578741766815074,0.021702402969822288,1.7344961120009732,1.7561985149707955,0.28628172170534333,0.0031094643940779384,0.8778255478947316,0.018342151623080172,0.6873510404564422,0.00025095297532350705,-1.113342439935716e-05,29.666666666666668,0.6081032665170304,1.7561985149707955,1,0.29432655939192787,0.945071648741123,0.8461311110703013,38,-0.008044837686584538,-0.008044837686584538,-0.0062682826267220215,-0.055433498240233026,-0.06724610084639149,-0.0956972710617976,2.607189180370771,2.6398109140370933,0.29432655939192787,0.945071648741123,0.8461311110703013,38,1.0
A,dcsbm_ps,leiden,200,2,1,1,220.927,0.67193,1.628217289714926,0.01572954528760805,4,ok,0.734,10000,1097391,219.4782,64,0.6761199973391435,43,536,33,3038,1.318797081280263,random,0.15,0.15,0.15,ok,0.00816,164609,0.29255000433206535,0.0017416127447117597,0.29432655939192787,0.9332590461349646,0.013717246824565502,0.7830483115182398,36.6,0.6504919549124658,4.578741766815074,0.02036843402311206,1.5823254990003381,1.6026939330234502,0.2653374131191117,0.0034290395273147705,0.745912582732514,0.018244138250105343,0.45569440254918997,-0.0002393154210663443,-6.420206093753927e-05,22.333333333333332,0.8193766091608924,1.6026939330234502,1,0.29432655939192787,0.945071648741123,0.8461311110703013,38,-0.02898914627281618,-0.02898914627281618,-0.027212591212953663,-0.18734646340245054,-0.199159066008609,-0.32735390896904987,2.8569034127291966,2.8936788098957984,0.2580501280769605,0.7054197901325451,0.17853150848019844,15,0.75
A,dcsbm_ps,leiden,200,2,1,1,220.927,0.67193,1.628217289714926,0.01572954528760805,4,ok,0.734,10000,1097391,219.4782,64,0.6761199973391435,43,536,33,3038,1.318797081280263,random,0.05,0.05,0.05,ok,0.00816,54870,0.29255000433206535,0.0017416127447117597,0.29432655939192787,0.9332590461349646,0.013717246824565502,0.7830483115182398,36.6,0.6504919549124658,4.578741766815074,0.02084501599892974,0.9536173836677335,0.9744623996666633,0.02508651085671179,0.0005417640499801588,0.06980094190754108,0.003580070105982875,0.01835375337430249,0.0007572137522345342,3.112149195442362e-05,101.66666666666667,3.146807515419072,0.9744623996666633,1,0.29432655939192787,0.945071648741123,0.8461311110703013,38,-0.2692400485352161,-0.2692400485352161,-0.2674634934753536,-0.8634581042274235,-0.875270706833582,-0.7646945581439374,4.698736214328367,4.80144536502119,0.2859659519245055,0.9960290498182433,0.9939850226431527,107,5.0
A,dcsbm_ps,leiden,200,3,1,1,220.927,0.67193,1.5736570156941188,0.01563170801916759,5,ok,0.734,10000,1098669,219.7338,65,0.6735504505906692,42,475,23,3254,1.2887827901995224,lspar,0.5,0.49611,0.839844,ok,0.00815,545066,0.2960599448256914,0.0012975121370347323,0.29822506925031145,0.9291390231269491,0.010156915579841759,0.7261695991482497,38.8,0.7408119831382829,4.681324732187204,8.746475093008485,2.2231274903169833,10.969602583325468,0.3013646588308088,3.277468810138225e-05,0.9776952575856935,0.0007693781989225231,0.9540355767014289,0.0003854754576545175,8.827910622814286e-05,49.333333333333336,0.5021413099077895,10.969602583325468,2,0.29822506925031145,0.9469115282981332,0.8009694433745904,42,0.0031395895804973706,0.0031395895804973706,0.005304714005117395,0.04855623445874446,0.030783729287560346,0.22786597755317917,0.42675426904737024,2.105738313514229,0.2990035215718091,0.9698043959144191,0.8647065258383845,56,1.5
A,dcsbm_ps,leiden,200,3,1,1,220.927,0.67193,1.5736570156941188,0.01563170801916759,5,ok,0.734,10000,1098669,219.7338,65,0.6735504505906692,42,475,23,3254,1.2887827901995224,lspar,0.2,0.2042,0.65625,ok,0.00815,224350,0.2960599448256914,0.0012975121370347323,0.29822506925031145,0.9291390231269491,0.010156915579841759,0.7261695991482497,38.8,0.7408119831382829,4.681324732187204,8.622638867993373,0.8360913940123282,9.458730262005702,0.2355915636809459,0.0011255716222401619,0.9516985766884049,0.0027116334950866186,0.9036219190181735,-0.00034946441261696047,7.283938261204984e-05,65.33333333333333,0.7778417428956073,9.458730262005702,2,0.29822506925031145,0.9469115282981332,0.8009694433745904,42,-0.06263350556936556,-0.06263350556936556,-0.06046838114474554,0.02255955356145578,0.004787048390271664,0.1774523198699237,0.4949210520350054,5.599058626500081,0.30081134455949826,0.9971647491009829,0.9904319156778737,68,3.0
A,dcsbm_ps,leiden,200,3,1,1,220.927,0.67193,1.5736570156941188,0.01563170801916759,5,ok,0.734,10000,1098669,219.7338,65,0.6735504505906692,42,475,23,3254,1.2887827901995224,lspar,0.15,0.15164,0.59375,ok,0.00815,166607,0.2960599448256914,0.0012975121370347323,0.29822506925031145,0.9291390231269491,0.010156915579841759,0.7261695991482497,38.8,0.7408119831382829,4.681324732187204,8.610333640011959,0.7018325843382627,9.312166224350221,0.24717380440019773,0.001521764605364736,0.9551012465054868,0.005287866411889019,0.8925579596601985,0.0014821948839879586,5.292037529727165e-05,65.0,0.8240586160975153,9.312166224350221,1,0.29439460929374,0.9183837105828208,0.686016677879706,37,-0.04722080489354227,-0.051051264850113715,-0.04888614042549369,0.025962223378537708,0.03671753592266602,0.16638836051194872,0.5027106066841988,6.670144471278841,0.30081134455949826,0.9971647491009829,0.9904319156778737,68,3.0
A,dcsbm_ps,leiden,200,3,1,1,220.927,0.67193,1.5736570156941188,0.01563170801916759,5,ok,0.734,10000,1098669,219.7338,65,0.6735504505906692,42,475,23,3254,1.2887827901995224,lspar,0.05,0.05431,0.375,ok,0.00815,59667,0.2960599448256914,0.0012975121370347323,0.29822506925031145,0.9291390231269491,0.010156915579841759,0.7261695991482497,38.8,0.7408119831382829,4.681324732187204,8.560387386998627,0.416756155648424,8.97714354264705,0.2757308695551042,0.00022048257040676689,0.9775342289212349,0.0009814352390201471,0.977690750227796,2.808952708872223e-05,-3.692054884290119e-05,65.66666666666667,0.7171309836184264,8.97714354264705,1,0.29439460929374,0.9183837105828208,0.686016677879706,37,-0.01866373973863583,-0.022494199695207273,-0.02032907527058725,0.0483952057942858,0.059150518338414115,0.2515211510795462,0.5214715248729155,11.23276685596547,0.30081134455949826,0.9971647491009829,0.9904319156778737,68,3.0
A,dcsbm_ps,leiden,200,3,1,1,220.927,0.67193,1.5736570156941188,0.01563170801916759,5,ok,0.734,10000,1098669,219.7338,65,0.6735504505906692,42,475,23,3254,1.2887827901995224,dspar,0.5,0.49949,0.5,ok,0.00815,548773,0.2960599448256914,0.0012975121370347323,0.29822506925031145,0.9291390231269491,0.010156915579841759,0.7261695991482497,38.8,0.7408119831382829,4.681324732187204,0.42676673497771844,2.793233032687567,3.2199997676652856,0.30068943300734946,0.0007294509850171856,0.9829741537942428,0.003518152511854932,0.9485007665683436,-0.0006919805714256035,-0.0001680408925728462,54.333333333333336,0.626700602703384,3.2199997676652856,1,0.29439460929374,0.9183837105828208,0.686016677879706,37,0.006294823713609454,0.002464363757038013,0.004629488181658037,0.05383513066729373,0.06459044321142204,0.22233116742009384,1.453827661478832,1.6759520875646277,0.2990035215718091,0.9698043959144191,0.8647065258383845,56,1.5
A,dcsbm_ps,leiden,200,3,1,1,220.927,0.67193,1.5736570156941188,0.01563170801916759,5,ok,0.734,10000,1098669,219.7338,65,0.6735504505906692,42,475,23,3254,1.2887827901995224,dspar,0.2,0.19969,0.2,ok,0.00815,219388,0.2960599448256914,0.0012975121370347323,0.29822506925031145,0.9291390231269491,0.010156915579841759,0.7261695991482497,38.8,0.7408119831382829,4.681324732187204,0.4196723500499502,1.6548138816724531,2.0744862317224033,0.300337587095601,0.0010792218048929654,0.9753320381808764,0.007700382192313852,0.9232639935385536,0.00044839048032733905,3.146069828080641e-05,50.333333333333336,0.594000041619962,2.0744862317224033,1,0.29439460929374,0.9183837105828208,0.686016677879706,37,0.0059429778018609825,0.002112517845289541,0.004277642269909565,0.046193015053927367,0.05694832759805568,0.19709439439030385,2.256618848851263,2.8289131388334616,0.2990035215718091,0.9698043959144191,0.8647065258383845,56,1.5
A,dcsbm_ps,leiden,200,3,1,1,220.927,0.67193,1.5736570156941188,0.01563170801916759,5,ok,0.734,10000,1098669,219.7338,65,0.6735504505906692,42,475,23,3254,1.2887827901995224,dspar,0.15,0.1497,0.15,ok,0.00815,164476,0.2960599448256914,0.0012975121370347323,0.29822506925031145,0.9291390231269491,0.010156915579841759,0.7261695991482497,38.8,0.7408119831382829,4.681324732187204,0.3972882310044952,1.5743960396697123,1.9716842706742075,0.3005421556154087,0.0002782954479836472,0.9723290276900647,0.001458415999541821,0.9355392504813814,0.0004285802372500732,-0.00012833507327379918,48.0,0.5099539156965043,1.9716842706742075,1,0.29439460929374,0.9183837105828208,0.686016677879706,37,0.006147546321668695,0.002317086365097254,0.004482210789717278,0.043190004563115614,0.05394531710724393,0.20936965133313168,2.374277059372416,2.973409875427078,0.2990035215718091,0.9698043959144191,0.8647065258383845,56,1.5
A,dcsbm_ps,leiden,200,3,1,1,220.927,0.67193,1.5736570156941188,0.01563170801916759,5,ok,0.734,10000,1098669,219.7338,65,0.6735504505906692,42,475,23,3254,1.2887827901995224,dspar,0.05,0.05002,0.05,ok,0.00815,54953,0.2960599448256914,0.0012975121370347323,0.29822506925031145,0.9291390231269491,0.010156915579841759,0.7261695991482497,38.8,0.7408119831382829,4.681324732187204,0.41523523500654846,1.152130509998339,1.5673657450048875,0.08201737460305553,0.010508923280826931,0.23990726475478763,0.02738117520893954,0.09170154692661141,0.0003378841623885099,0.0001054242888663923,18.333333333333332,0.8320412979475259,1.5673657450048875,1,0.29439460929374,0.9183837105828208,0.686016677879706,37,-0.21237723469068448,-0.21620769464725592,-0.2140425702226359,-0.6892317583721614,-0.6784764458280331,-0.6344680522216384,2.98674686945682,4.063189622670398,0.2515029114678602,0.7076098702401704,0.16520718670360476,17,0.75
A,dcsbm_ps,leiden,200,3,1,1,220.927,0.67193,1.5736570156941188,0.01563170801916759,5,ok,0.734,10000,1098669,219.7338,65,0.6735504505906692,42,475,23,3254,1.2887827901995224,random,0.5,0.5,0.5,ok,0.00815,549334,0.2960599448256914,0.0012975121370347323,0.29822506925031145,0.9291390231269491,0.010156915579841759,0.7261695991482497,38.8,0.7408119831382829,4.681324732187204,0.023489424027502537,2.810512645635754,2.8340020696632564,0.29681087520982247,0.003717955896836146,0.9361896450251614,0.023356240846783262,0.7670721044659214,3.527031341166454e-05,-3.120346644095597e-05,39.666666666666664,0.6695734376694729,2.8340020696632564,1,0.29439460929374,0.9183837105828208,0.686016677879706,37,0.0024162659160824607,-0.0014141940404889808,0.0007509303841310433,0.0070506218982123725,0.017805934442340687,0.0409025053176717,1.6518423830027236,1.6656479875500656,0.29439460929374,0.9183837105828208,0.686016677879706,37,1.0
A,dcsbm_ps,leiden,200,3,1,1,220.927,0.67193,1.5736570156941188,0.01563170801916759,5,ok,0.734,10000,1098669,219.7338,65,0.6735504505906692,42,475,23,3254,1.2887827901995224,random,0.2,0.2,0.2,ok,0.00815,219734,0.2960599448256914,0.0012975121370347323,0.29822506925031145,0.9291390231269491,0.010156915579841759,0.7261695991482497,38.8,0.7408119831382829,4.681324732187204,0.02176816901192069,1.7140372156864032,1.735805384698324,0.2871300244720157,0.005999985349466746,0.8676704587373075,0.0327833471391406,0.5627815157736782,-0.0009430594534724449,-4.8522653827253597e-05,32.0,0.8966936967481379,1.735805384698324,1,0.29439460929374,0.9183837105828208,0.686016677879706,37,-0.007264584821724318,-0.01109504477829576,-0.008929920353675735,-0.061468564389641545,-0.05071325184551323,-0.16338808337457156,2.696917968716176,2.7311686638685506,0.29439460929374,0.9183837105828208,0.686016677879706,37,1.0
A,dcsbm_ps,leiden,200,3,1,1,220.927,0.67193,1.5736570156941188,0.01563170801916759,5,ok,0.734,10000,1098669,219.7338,65,0.6735504505906692,42,475,23,3254,1.2887827901995224,random,0.15,0.15,0.15,ok,0.00815,164800,0.2960599448256914,0.0012975121370347323,0.29822506925031145,0.9291390231269491,0.010156915579841759,0.7261695991482497,38.8,0.7408119831382829,4.681324732187204,0.0213478310033679,1.5618805389967747,1.5832283700001426,0.28221335934378744,0.0022769463650384784,0.8328329987617867,0.016220556300657153,0.5848040562345559,0.0013418713750028763,0.0001710905999743995,30.333333333333332,0.7455760794295075,1.5832283700001426,1,0.29439460929374,0.9183837105828208,0.686016677879706,37,-0.012181249949952566,-0.016011709906524008,-0.013846585481903984,-0.09630602436516233,-0.08555071182103402,-0.14136554291369385,2.9568221621665245,2.997236097963105,0.29439460929374,0.9183837105828208,0.686016677879706,37,1.0
A,dcsbm_ps,leiden,200,3,1,1,220.927,0.67193,1.5736570156941188,0.01563170801916759,5,ok,0.734,10000,1098669,219.7338,65,0.6735504505906692,42,475,23,3254,1.2887827901995224,random,0.05,0.05,0.05,ok,0.00815,54933,0.2960599448256914,0.0012975121370347323,0.29822506925031145,0.9291390231269491,0.010156915579841759,0.7261695991482497,38.8,0.7408119831382829,4.681324732187204,0.018077811982948333,0.9519435650048157,0.970021376987764,0.02562261534909573,0.00331595762553449,0.07014816651493429,0.006699938974145172,0.019646903906796444,0.0005177654544237462,-7.575136107126367e-05,79.0,2.6851308234358338,0.970021376987764,1,0.29439460929374,0.9183837105828208,0.686016677879706,37,-0.2687719939446443,-0.27260245390121574,-0.2704373294765957,-0.8589908566120148,-0.8482355440678865,-0.7065226952414533,4.826001615267758,4.917649432467693,0.30081134455949826,0.9971647491009829,0.9904319156778737,68,3.0
