arm,gen,detector,d_nom,graph_seed,het_deg,het_size,d_target,mu_target,p_in_mean,p_out,cal_passes,cal_status,lfr_deg_cv,n,m,d_avg_real,n_comm_planted,mu_real,comm_size_min,comm_size_max,deg_min,deg_max,deg_cv,sparsifier,target_ret,realized_ret,knob,status,lspar_floor,m_sparse,Q_base_mean,Q_base_std,Q_base_best,AMI_base_mean,AMI_base_std,ARI_base_mean,nc_base,cv_base,T_leiden_orig,T_sparsify,T_detect_sparse,T_pipeline,Q_orig_transfer,Q_orig_transfer_std,AMI,AMI_std,ARI,AMI_chance,ARI_chance,nc_sparse,cv_sparse,budget,n_restarts,Q_matched_best,AMI_at_matched,ARI_at_matched,nc_matched,dQ_vs_matched,dQ_vs_base_best,dQ_vs_base_mean,dAMI_vs_base_mean,dAMI_vs_matched,dARI_vs_base_mean,speedup_pipeline,speedup_detect_only,Q_resmatch,AMI_resmatch,ARI_resmatch,nc_resmatch,gamma_resmatch
A,dcsbm,leiden,10,1,1,0,11.183,0.57853,0.05297852344787707,0.0006536972261344852,2,ok,2.327,10000,55564,11.1128,100,0.5800518321215176,100,100,0,234,1.5414430459196407,lspar,0.5,0.50245,0.515625,ok,0.15935,27918,0.43008533299727725,0.0005672443448573865,0.43075534798604076,0.6427415053791574,0.005700012569727452,0.4150128354360227,179.2,1.5321176660839275,0.7991281728027388,0.07194702298147604,0.5017650613638883,0.5737120843453644,0.4167801207879924,0.0002344768720931831,0.6251318959933493,0.0013036710986435653,0.4658086025474906,0.0008949030221883852,6.591756376557532e-05,208.66666666666666,1.2172399834315832,0.5737120843453644,1,0.4292242011760465,0.6333668603458666,0.3882705286091596,177,-0.012444080388054057,-0.013975227198048334,-0.013305212209284822,-0.017609609385808134,-0.00823496435251736,0.05079576711146794,1.3929080362924307,1.592634151589917,0.42710380785060686,0.7000706668690524,0.5597622622040439,215,1.5
A,dcsbm,leiden,10,1,1,0,11.183,0.57853,0.05297852344787707,0.0006536972261344852,2,ok,2.327,10000,55564,11.1128,100,0.5800518321215176,100,100,0,234,1.5414430459196407,lspar,0.2,0.15935,0.0,ok,0.15935,8854,0.43008533299727725,0.0005672443448573865,0.43075534798604076,0.6427415053791574,0.005700012569727452,0.4150128354360227,179.2,1.5321176660839275,0.7991281728027388,0.10038185399025679,0.33085215801838785,0.43123401200864464,0.22648045392140423,0.0,0.48625426020544804,5.551115123125783e-17,0.20435570252305288,0.0005165659730247438,4.0390910693756834e-05,1146.0,1.4221484591982658,0.43123401200864464,1,0.4292242011760465,0.6333668603458666,0.3882705286091596,177,-0.20274374725464225,-0.20427489406463653,-0.20360487907587302,-0.15648724517370938,-0.1471126001404186,-0.2106571329129698,1.8531195373029141,2.4153633380814323,0.19331051709655614,0.30476936622642453,0.058275923223698865,1320,60.0
A,dcsbm,leiden,10,1,1,0,11.183,0.57853,0.05297852344787707,0.0006536972261344852,2,ok,2.327,10000,55564,11.1128,100,0.5800518321215176,100,100,0,234,1.5414430459196407,lspar,0.15,0.15935,0.0,floor,0.15935,8854,0.43008533299727725,0.0005672443448573865,0.43075534798604076,0.6427415053791574,0.005700012569727452,0.4150128354360227,179.2,1.5321176660839275,0.7991281728027388,0.06462701997952536,0.33460494367560994,0.3992319636551353,0.22648045392140423,0.0,0.48625426020544804,5.551115123125783e-17,0.20435570252305288,-0.0002859827276419661,-2.957381983513858e-05,1146.0,1.4221484591982658,0.3992319636551353,1,0.4292242011760465,0.6333668603458666,0.3882705286091596,177,-0.20274374725464225,-0.20427489406463653,-0.20360487907587302,-0.15648724517370938,-0.1471126001404186,-0.2106571329129698,2.0016638083944653,2.3882736579572805,0.19331051709655614,0.30476936622642453,0.058275923223698865,1320,60.0
A,dcsbm,leiden,10,1,1,0,11.183,0.57853,0.05297852344787707,0.0006536972261344852,2,ok,2.327,10000,55564,11.1128,100,0.5800518321215176,100,100,0,234,1.5414430459196407,lspar,0.05,0.15935,0.0,floor,0.15935,8854,0.43008533299727725,0.0005672443448573865,0.43075534798604076,0.6427415053791574,0.005700012569727452,0.4150128354360227,179.2,1.5321176660839275,0.7991281728027388,0.06465249799657613,0.33814458900208894,0.40279708699866507,0.22648045392140423,0.0,0.48625426020544804,5.551115123125783e-17,0.20435570252305288,0.0006428735292889311,6.084213961758781e-05,1146.0,1.4221484591982658,0.40279708699866507,1,0.4292242011760465,0.6333668603458666,0.3882705286091596,177,-0.20274374725464225,-0.20427489406463653,-0.20360487907587302,-0.15648724517370938,-0.1471126001404186,-0.2106571329129698,1.9839472493637653,2.3632735782082914,0.19331051709655614,0.30476936622642453,0.058275923223698865,1320,60.0
A,dcsbm,leiden,10,1,1,0,11.183,0.57853,0.05297852344787707,0.0006536972261344852,2,ok,2.327,10000,55564,11.1128,100,0.5800518321215176,100,100,0,234,1.5414430459196407,dspar,0.5,0.49825,0.5,ok,0.15935,27685,0.43008533299727725,0.0005672443448573865,0.43075534798604076,0.6427415053791574,0.005700012569727452,0.4150128354360227,179.2,1.5321176660839275,0.7991281728027388,0.009193092992063612,0.7433910983187767,0.7525841913108403,0.29925742558457874,0.0020613377747222034,0.28412614480016446,0.0018737826265166045,0.10269213846092175,-0.0018099940169446311,-0.0001971437228288509,161.66666666666666,1.9077197507067438,0.7525841913108403,1,0.4292242011760465,0.6333668603458666,0.3882705286091596,177,-0.12996677559146774,-0.13149792240146202,-0.1308279074126985,-0.35861536057899296,-0.3492407155457022,-0.31232069697510095,1.0618455476866036,1.0749767849117575,0.42747539610319324,0.5531483921662783,0.24845742578960295,152,0.75
A,dcsbm,leiden,10,1,1,0,11.183,0.57853,0.05297852344787707,0.0006536972261344852,2,ok,2.327,10000,55564,11.1128,100,0.5800518321215176,100,100,0,234,1.5414430459196407,dspar,0.2,0.20121,0.2,ok,0.15935,11180,0.43008533299727725,0.0005672443448573865,0.43075534798604076,0.6427415053791574,0.005700012569727452,0.4150128354360227,179.2,1.5321176660839275,0.7991281728027388,0.010084432957228273,0.4847816436473901,0.4948660766046184,0.16724271316922193,0.00023857337001167541,0.12944146452838134,0.0028752925984927235,0.023489149364840426,3.2508814413505304e-05,-3.575332811305317e-05,1377.3333333333333,3.984240168324485,0.4948660766046184,1,0.4292242011760465,0.6333668603458666,0.3882705286091596,177,-0.2619814880068245,-0.26351263481681886,-0.26284261982805535,-0.5133000408507761,-0.5039253958174853,-0.39152368607118226,1.614837247050207,1.6484291088051,0.19331051709655614,0.30476936622642453,0.058275923223698865,1320,60.0
A,dcsbm,leiden,10,1,1,0,11.183,0.57853,0.05297852344787707,0.0006536972261344852,2,ok,2.327,10000,55564,11.1128,100,0.5800518321215176,100,100,0,234,1.5414430459196407,dspar,0.15,0.14889,0.15,ok,0.15935,8273,0.43008533299727725,0.0005672443448573865,0.43075534798604076,0.6427415053791574,0.005700012569727452,0.4150128354360227,179.2,1.5321176660839275,0.7991281728027388,0.009676300047431141,0.48576155498934287,0.495437855036774,0.13907974358065525,0.0007215338183638057,0.13191083348815935,0.002131471557526177,0.022633011921953706,0.001016566770225981,0.00011846434513244593,2655.6666666666665,4.320880686012,0.495437855036774,1,0.4292242011760465,0.6333668603458666,0.3882705286091596,177,-0.2901444575953912,-0.29167560440538554,-0.291005589416622,-0.5108306718909981,-0.5014560268577073,-0.39237982351406897,1.6129735842317163,1.6451037851693944,0.156170287348481,0.2228714941295582,0.02929960781421023,2093,120.0
A,dcsbm,leiden,10,1,1,0,11.183,0.57853,0.05297852344787707,0.0006536972261344852,2,ok,2.327,10000,55564,11.1128,100,0.5800518321215176,100,100,0,234,1.5414430459196407,dspar,0.05,0.05021,0.05,ok,0.15935,2790,0.43008533299727725,0.0005672443448573865,0.43075534798604076,0.6427415053791574,0.005700012569727452,0.4150128354360227,179.2,1.5321176660839275,0.7991281728027388,0.01025319698965177,0.5933995693339966,0.6036527663236484,0.05053471824410103,0.0,0.07496854522595658,0.0,0.007417119691000444,-0.0003450919787552443,-2.768405829115597e-05,7211.0,1.1073300862886368,0.6036527663236484,1,0.4292242011760465,0.6333668603458666,0.3882705286091596,177,-0.37868948293194543,-0.3802206297419397,-0.3795506147531762,-0.5677729601532009,-0.5583983151199101,-0.40759571574502224,1.3238209404217098,1.346694898514406,0.156170287348481,0.2228714941295582,0.02929960781421023,2093,120.0
A,dcsbm,leiden,10,1,1,0,11.183,0.57853,0.05297852344787707,0.0006536972261344852,2,ok,2.327,10000,55564,11.1128,100,0.5800518321215176,100,100,0,234,1.5414430459196407,random,0.5,0.5,0.5,ok,0.15935,27782,0.43008533299727725,0.0005672443448573865,0.43075534798604076,0.6427415053791574,0.005700012569727452,0.4150128354360227,179.2,1.5321176660839275,0.7991281728027388,0.0011270889663137496,0.695423781988211,0.6965508709545247,0.33752015091805426,0.0022469487491062097,0.35827808295161195,0.006028223296606963,0.16901564983216186,-6.463635637950431e-05,1.162421420429009e-05,833.0,3.9968462978080694,0.6965508709545247,1,0.4292242011760465,0.6333668603458666,0.3882705286091596,177,-0.09170405025799222,-0.0932351970679865,-0.09256518207922299,-0.28446342242754546,-0.2750887773942547,-0.24599718560386083,1.1472646236270532,1.1491240212091076,0.28925623760879104,0.4790514793497011,0.2266734569139285,656,30.0
A,dcsbm,leiden,10,1,1,0,11.183,0.57853,0.05297852344787707,0.0006536972261344852,2,ok,2.327,10000,55564,11.1128,100,0.5800518321215176,100,100,0,234,1.5414430459196407,random,0.2,0.2,0.2,ok,0.15935,11113,0.43008533299727725,0.0005672443448573865,0.43075534798604076,0.6427415053791574,0.005700012569727452,0.4150128354360227,179.2,1.5321176660839275,0.7991281728027388,0.0009994220454245806,0.6145278249944871,0.6155272470399117,0.161218883218706,0.0014772327986558556,0.14579013567607033,0.0022391109826396852,0.03924583547872792,-0.0006416480747134339,-7.7777109890484e-05,3219.6666666666665,5.699730143095764,0.6155272470399117,1,0.4292242011760465,0.6333668603458666,0.3882705286091596,177,-0.2680053179573405,-0.2695364647673347,-0.2688664497785712,-0.49695136970308706,-0.4875767246697963,-0.3757669999572948,1.2982823695389105,1.3003937987834933,0.156170287348481,0.2228714941295582,0.02929960781421023,2093,120.0
A,dcsbm,leiden,10,1,1,0,11.183,0.57853,0.05297852344787707,0.0006536972261344852,2,ok,2.327,10000,55564,11.1128,100,0.5800518321215176,100,100,0,234,1.5414430459196407,random,0.15,0.15001,0.15,ok,0.15935,8335,0.43008533299727725,0.0005672443448573865,0.43075534798604076,0.6427415053791574,0.005700012569727452,0.4150128354360227,179.2,1.5321176660839275,0.7991281728027388,0.00097937899408862,0.6363789050180154,0.637358284012104,0.1249244256223599,0.0022594864479757964,0.11527280887726027,0.00298064274367207,0.024488865021829037,0.0006623409576520437,8.572691365776084e-05,4162.0,5.409762223321198,0.637358284012104,1,0.4292242011760465,0.6333668603458666,0.3882705286091596,177,-0.3042997755536866,-0.30583092236368087,-0.30516090737491736,-0.5274686965018971,-0.5180940514686063,-0.3905239704141936,1.2538131108492232,1.2557427131876977,0.156170287348481,0.2228714941295582,0.02929960781421023,2093,120.0
A,dcsbm,leiden,10,1,1,0,11.183,0.57853,0.05297852344787707,0.0006536972261344852,2,ok,2.327,10000,55564,11.1128,100,0.5800518321215176,100,100,0,234,1.5414430459196407,random,0.05,0.05,0.05,ok,0.15935,2778,0.43008533299727725,0.0005672443448573865,0.43075534798604076,0.6427415053791574,0.005700012569727452,0.4150128354360227,179.2,1.5321176660839275,0.7991281728027388,0.0009474529651924968,0.6601780346633556,0.6611254876285481,0.049452675152200844,0.00021254265560870965,0.0620326384551253,8.134234533296727e-05,0.0074810416743949296,3.918750043203286e-05,1.7955142040621286e-05,7311.333333333333,2.6234963820096664,0.6611254876285481,1,0.4292242011760465,0.6333668603458666,0.3882705286091596,177,-0.3797715260238456,-0.3813026728338399,-0.3806326578450764,-0.5807088669240321,-0.5713342218907413,-0.40753179376162774,1.2087390181691609,1.2104737371491587,0.156170287348481,0.2228714941295582,0.02929960781421023,2093,120.0
A,dcsbm,leiden,10,2,1,0,11.183,0.57853,0.05329054666947564,0.0006473516228553136,2,ok,2.327,10000,55241,11.0482,100,0.5772524031063884,100,100,0,238,1.5943029894425176,lspar,0.5,0.50044,0.515625,ok,0.15937,27645,0.4331848199391358,0.0001697647833578817,0.4335059850824277,0.6439061842393515,0.005094409926729045,0.420982502727319,194.8,1.5909907567476522,0.8160142178181559,0.07231570599833503,0.5021556089826239,0.5744713149809589,0.41993722188672117,7.469220795206671e-05,0.6264571079228484,0.0021805269013587293,0.4624077067834211,-0.0008791700459823337,-0.00015100852812287407,224.66666666666666,1.307110182163439,0.5744713149809589,1,0.433167779126472,0.6502235899328133,0.43413008874453707,197,-0.013230557239750806,-0.013568763195706546,-0.013247598052414655,-0.017449076316503165,-0.023766482009964895,0.04142520405610206,1.4204612076152192,1.625022608970584,0.4304984803319554,0.711918192905682,0.5919417936555775,236,1.5
A,dcsbm,leiden,10,2,1,0,11.183,0.57853,0.05329054666947564,0.0006473516228553136,2,ok,2.327,10000,55241,11.0482,100,0.5772524031063884,100,100,0,238,1.5943029894425176,lspar,0.2,0.15937,0.0,ok,0.15937,8804,0.4331848199391358,0.0001697647833578817,0.4335059850824277,0.6439061842393515,0.005094409926729045,0.420982502727319,194.8,1.5909907567476522,0.8160142178181559,0.10081456403713673,0.3290068846545182,0.42982144869165495,0.21976869340572955,2.7755575615628914e-17,0.4697772720410049,0.0,0.18481637522691688,0.00014219037535152467,2.1697878417071774e-06,1196.0,1.4005481783930174,0.42982144869165495,1,0.433167779126472,0.6502235899328133,0.43413008874453707,197,-0.21339908572074243,-0.21373729167669817,-0.21341612653340628,-0.17412891219834664,-0.18044631789180837,-0.23616612750040214,1.8984958063448054,2.4802344749564487,0.19241609818765026,0.30383866687081723,0.05683702532374071,1337,60.0
A,dcsbm,leiden,10,2,1,0,11.183,0.57853,0.05329054666947564,0.0006473516228553136,2,ok,2.327,10000,55241,11.0482,100,0.5772524031063884,100,100,0,238,1.5943029894425176,lspar,0.15,0.15937,0.0,floor,0.15937,8804,0.4331848199391358,0.0001697647833578817,0.4335059850824277,0.6439061842393515,0.005094409926729045,0.420982502727319,194.8,1.5909907567476522,0.8160142178181559,0.06397035700501874,0.33468355230676633,0.39865390931178507,0.21976869340572955,2.7755575615628914e-17,0.4697772720410049,0.0,0.18481637522691688,-0.0002582036076307148,-3.708070266798084e-05,1196.0,1.4005481783930174,0.39865390931178507,1,0.433167779126472,0.6502235899328133,0.43413008874453707,197,-0.21339908572074243,-0.21373729167669817,-0.21341612653340628,-0.17412891219834664,-0.18044631789180837,-0.23616612750040214,2.0469239075740644,2.4381664775393816,0.19241609818765026,0.30383866687081723,0.05683702532374071,1337,60.0
A,dcsbm,leiden,10,2,1,0,11.183,0.57853,0.05329054666947564,0.0006473516228553136,2,ok,2.327,10000,55241,11.0482,100,0.5772524031063884,100,100,0,238,1.5943029894425176,lspar,0.05,0.15937,0.0,floor,0.15937,8804,0.4331848199391358,0.0001697647833578817,0.4335059850824277,0.6439061842393515,0.005094409926729045,0.420982502727319,194.8,1.5909907567476522,0.8160142178181559,0.0639249529922381,0.3333539776698065,0.3972789306620446,0.21976869340572955,2.7755575615628914e-17,0.4697772720410049,0.0,0.18481637522691688,0.000997858064025606,0.00010029601411592723,1196.0,1.4005481783930174,0.3972789306620446,1,0.433167779126472,0.6502235899328133,0.43413008874453707,197,-0.21339908572074243,-0.21373729167669817,-0.21341612653340628,-0.17412891219834664,-0.18044631789180837,-0.23616612750040214,2.0540082920035823,2.447891048195122,0.19241609818765026,0.30383866687081723,0.05683702532374071,1337,60.0
A,dcsbm,leiden,10,2,1,0,11.183,0.57853,0.05329054666947564,0.0006473516228553136,2,ok,2.327,10000,55241,11.0482,100,0.5772524031063884,100,100,0,238,1.5943029894425176,dspar,0.5,0.50048,0.5,ok,0.15937,27647,0.4331848199391358,0.0001697647833578817,0.4335059850824277,0.6439061842393515,0.005094409926729045,0.420982502727319,194.8,1.5909907567476522,0.8160142178181559,0.008638144005089998,0.7462443980039097,0.7548825420089997,0.313265726546312,0.0009308423313875349,0.3120825497420597,0.0017383624667108113,0.11666108136565632,-0.0004075598362709017,-2.6115513272632506e-05,177.66666666666666,2.0588235807734816,0.7548825420089997,1,0.433167779126472,0.6502235899328133,0.43413008874453707,197,-0.11990205258015996,-0.1202402585361157,-0.1199190933928238,-0.33182363449729185,-0.3381410401907536,-0.3043214213616627,1.0809817056392164,1.0934945977495707,0.43202216631128804,0.5664534127211736,0.26968054591427576,171,0.75
A,dcsbm,leiden,10,2,1,0,11.183,0.57853,0.05329054666947564,0.0006473516228553136,2,ok,2.327,10000,55241,11.0482,100,0.5772524031063884,100,100,0,238,1.5943029894425176,dspar,0.2,0.20039,0.2,ok,0.15937,11070,0.4331848199391358,0.0001697647833578817,0.4335059850824277,0.6439061842393515,0.005094409926729045,0.420982502727319,194.8,1.5909907567476522,0.8160142178181559,0.009518605016637594,0.48900076098895323,0.4985193660055908,0.16869060064729616,0.0005507433260109771,0.13802363917500102,0.0010588736606081338,0.026547946232750596,0.00011086164158109298,4.1139404960836586e-05,1421.6666666666667,3.9374670336114512,0.4985193660055908,1,0.433167779126472,0.6502235899328133,0.43413008874453707,197,-0.26447717847917585,-0.26481538443513153,-0.2644942192918397,-0.5058825450643505,-0.5121999507578122,-0.39443455649456843,1.6368756631392418,1.6687381348197738,0.19241609818765026,0.30383866687081723,0.05683702532374071,1337,60.0
A,dcsbm,leiden,10,2,1,0,11.183,0.57853,0.05329054666947564,0.0006473516228553136,2,ok,2.327,10000,55241,11.0482,100,0.5772524031063884,100,100,0,238,1.5943029894425176,dspar,0.15,0.15009,0.15,ok,0.15937,8291,0.4331848199391358,0.0001697647833578817,0.4335059850824277,0.6439061842393515,0.005094409926729045,0.420982502727319,194.8,1.5909907567476522,0.8160142178181559,0.010227592021692544,0.5070669956621714,0.5172945876838639,0.13910096592948276,0.0002492770070587606,0.13071250376551624,0.0011318479612076682,0.023097597478440788,-0.00018533981855845956,-3.289002187024307e-05,2670.0,4.274341161383638,0.5172945876838639,1,0.433167779126472,0.6502235899328133,0.43413008874453707,197,-0.29406681319698924,-0.2944050191529449,-0.2940838540096531,-0.5131936804738353,-0.519511086167297,-0.3978849052488782,1.5774652146889452,1.6092828458545894,0.1569998013424607,0.22566025885828167,0.029448841174806353,2085,120.0
A,dcsbm,leiden,10,2,1,0,11.183,0.57853,0.05329054666947564,0.0006473516228553136,2,ok,2.327,10000,55241,11.0482,100,0.5772524031063884,100,100,0,238,1.5943029894425176,dspar,0.05,0.04944,0.05,ok,0.15937,2731,0.4331848199391358,0.0001697647833578817,0.4335059850824277,0.6439061842393515,0.005094409926729045,0.420982502727319,194.8,1.5909907567476522,0.8160142178181559,0.010487201041541994,0.6174115416555045,0.6278987426970465,0.04980787843022264,8.380818445832213e-06,0.07591566270456666,6.042267944216415e-05,0.00784975303194422,0.0005337895267388494,3.570588832869417e-05,7274.0,1.2658381466781596,0.6278987426970465,1,0.433167779126472,0.6502235899328133,0.43413008874453707,197,-0.3833599006962493,-0.38369810665220505,-0.38337694150891316,-0.5679905215347849,-0.5743079272282466,-0.4131327496953748,1.299595240966859,1.3216698470361041,0.1569998013424607,0.22566025885828167,0.029448841174806353,2085,120.0
A,dcsbm,leiden,10,2,1,0,11.183,0.57853,0.05329054666947564,0.0006473516228553136,2,ok,2.327,10000,55241,11.0482,100,0.5772524031063884,100,100,0,238,1.5943029894425176,random,0.5,0.49999,0.5,ok,0.15937,27620,0.4331848199391358,0.0001697647833578817,0.4335059850824277,0.6439061842393515,0.005094409926729045,0.420982502727319,194.8,1.5909907567476522,0.8160142178181559,0.0011496029910631478,0.7234783926784681,0.7246279956695313,0.3484339899280821,0.0005758039758937234,0.3803618753519113,0.0011101524650203407,0.18713201788834385,-0.0009010026935432373,-7.886209002317444e-05,904.3333333333334,4.053288664209892,0.7246279956695313,1,0.433167779126472,0.6502235899328133,0.43413008874453707,197,-0.08473378919838986,-0.0850719951543456,-0.08475083001105371,-0.26354430888744024,-0.26986171458090197,-0.23385048483897516,1.1261146722107898,1.1279040619265777,0.2883256829425455,0.4761696119042081,0.2240265106069609,661,30.0
A,dcsbm,leiden,10,2,1,0,11.183,0.57853,0.05329054666947564,0.0006473516228553136,2,ok,2.327,10000,55241,11.0482,100,0.5772524031063884,100,100,0,238,1.5943029894425176,random,0.2,0.2,0.2,ok,0.15937,11048,0.4331848199391358,0.0001697647833578817,0.4335059850824277,0.6439061842393515,0.005094409926729045,0.420982502727319,194.8,1.5909907567476522,0.8160142178181559,0.0007600840181112289,0.6109933906700462,0.6117534746881574,0.1582893954338329,0.0020394964798857384,0.147611617053905,0.00123106138900206,0.0380627289896892,0.0005967859753796514,8.598687075135092e-05,3292.3333333333335,5.734684370269822,0.6117534746881574,1,0.433167779126472,0.6502235899328133,0.43413008874453707,197,-0.27487838369263906,-0.2752165896485948,-0.2748954245053029,-0.4962945671854465,-0.5026119728789082,-0.3829197737376298,1.3338938830451608,1.3355532650251314,0.1569998013424607,0.22566025885828167,0.029448841174806353,2085,120.0
A,dcsbm,leiden,10,2,1,0,11.183,0.57853,0.05329054666947564,0.0006473516228553136,2,ok,2.327,10000,55241,11.0482,100,0.5772524031063884,100,100,0,238,1.5943029894425176,random,0.15,0.15,0.15,ok,0.15937,8286,0.4331848199391358,0.0001697647833578817,0.4335059850824277,0.6439061842393515,0.005094409926729045,0.420982502727319,194.8,1.5909907567476522,0.8160142178181559,0.000787661992944777,0.6361351989908144,0.6369228609837592,0.12482380180373455,0.001973025172312863,0.11814030623183648,0.0012124043373450083,0.025255902194062287,0.00013813910355830618,3.443939311731049e-05,4190.333333333333,5.45830272568476,0.6369228609837592,1,0.433167779126472,0.6502235899328133,0.43413008874453707,197,-0.30834397732273744,-0.3086821832786932,-0.3083610181354013,-0.5257658780075151,-0.5320832837009768,-0.39572660053325676,1.2811821773170162,1.282768535859527,0.1569998013424607,0.22566025885828167,0.029448841174806353,2085,120.0
A,dcsbm,leiden,10,2,1,0,11.183,0.57853,0.05329054666947564,0.0006473516228553136,2,ok,2.327,10000,55241,11.0482,100,0.5772524031063884,100,100,0,238,1.5943029894425176,random,0.05,0.05,0.05,ok,0.15937,2762,0.4331848199391358,0.0001697647833578817,0.4335059850824277,0.6439061842393515,0.005094409926729045,0.420982502727319,194.8,1.5909907567476522,0.8160142178181559,0.0009484749753028154,0.6332243846651787,0.6341728596404815,0.049800300741401966,2.1129721910227978e-05,0.06368400775200814,0.00033861723331134706,0.007902221991910133,0.0007632987963518737,6.1029192267154354e-05,7348.0,2.616526027930387,0.6341728596404815,1,0.433167779126472,0.6502235899328133,0.43413008874453707,197,-0.38336747838507,-0.38370568434102575,-0.38338451919773386,-0.5802221764873434,-0.5865395821808052,-0.41308028073540887,1.2867378434970582,1.288665183431981,0.1569998013424607,0.22566025885828167,0.029448841174806353,2085,120.0
A,dcsbm,leiden,10,3,1,0,11.183,0.57853,0.053134076983289445,0.0006506991687996528,2,ok,2.327,10000,55755,11.151,100,0.5793561115595014,100,100,0,218,1.5885094989698263,lspar,0.5,0.50008,0.515625,ok,0.15771,27882,0.43014728398656565,0.0006771587089396294,0.4308549238017601,0.6425452197875738,0.004789025480498017,0.4125532117053735,172.0,1.5058597858867877,0.7904033436090685,0.0682991310604848,0.487771903979592,0.5560710350400768,0.41744552520535216,6.56728223920476e-05,0.6329236611437704,0.0032629436909255237,0.4717505670759565,-0.0005680199825519584,-7.452961843647933e-05,201.66666666666666,1.1986758376773758,0.5560710350400768,1,0.43041294633621224,0.6477845596640898,0.4267216852406523,174,-0.01296742113086008,-0.01340939859640794,-0.01270175878121349,-0.00962155864380343,-0.014860898520319354,0.05919735537058296,1.4214071472938759,1.620436390781004,0.4279642210372757,0.7154718931854377,0.5937927395871065,212,1.5
A,dcsbm,leiden,10,3,1,0,11.183,0.57853,0.053134076983289445,0.0006506991687996528,2,ok,2.327,10000,55755,11.151,100,0.5793561115595014,100,100,0,218,1.5885094989698263,lspar,0.2,0.15771,0.0,ok,0.15771,8793,0.43014728398656565,0.0006771587089396294,0.4308549238017601,0.6425452197875738,0.004789025480498017,0.4125532117053735,172.0,1.5058597858867877,0.7904033436090685,0.0987638920196332,0.3334630273554164,0.4322269193750496,0.2209342690572169,2.2662332591841973e-17,0.4842970132578433,6.409875621278546e-17,0.19877345913676123,-6.861626275703904e-05,-1.895795290476946e-05,1207.0,1.4338012554046673,0.4322269193750496,1,0.43041294633621224,0.6477845596640898,0.4267216852406523,174,-0.20947867727899536,-0.20992065474454322,-0.20921301492934877,-0.15824820652973054,-0.16348754640624646,-0.21377975256861229,1.8286768088204706,2.370287794354573,0.1909450123290649,0.29869992277395957,0.05608156150842785,1318,60.0
A,dcsbm,leiden,10,3,1,0,11.183,0.57853,0.053134076983289445,0.0006506991687996528,2,ok,2.327,10000,55755,11.151,100,0.5793561115595014,100,100,0,218,1.5885094989698263,lspar,0.15,0.15771,0.0,floor,0.15771,8793,0.43014728398656565,0.0006771587089396294,0.4308549238017601,0.6425452197875738,0.004789025480498017,0.4125532117053735,172.0,1.5058597858867877,0.7904033436090685,0.06031211500521749,0.3516034330047357,0.41191554800995317,0.2209342690572169,2.2662332591841973e-17,0.4842970132578433,6.409875621278546e-17,0.19877345913676123,0.0009211051273238518,9.827183750635601e-05,1207.0,1.4338012554046673,0.41191554800995317,1,0.43041294633621224,0.6477845596640898,0.4267216852406523,174,-0.20947867727899536,-0.20992065474454322,-0.20921301492934877,-0.15824820652973054,-0.16348754640624646,-0.21377975256861229,1.9188480440412263,2.247996661620829,0.1909450123290649,0.29869992277395957,0.05608156150842785,1318,60.0
A,dcsbm,leiden,10,3,1,0,11.183,0.57853,0.053134076983289445,0.0006506991687996528,2,ok,2.327,10000,55755,11.151,100,0.5793561115595014,100,100,0,218,1.5885094989698263,lspar,0.05,0.15771,0.0,floor,0.15771,8793,0.43014728398656565,0.0006771587089396294,0.4308549238017601,0.6425452197875738,0.004789025480498017,0.4125532117053735,172.0,1.5058597858867877,0.7904033436090685,0.060257275006733835,0.32820085403121385,0.3884581290379477,0.2209342690572169,2.2662332591841973e-17,0.4842970132578433,6.409875621278546e-17,0.19877345913676123,0.00026931730448707226,1.4691338787312844e-05,1207.0,1.4338012554046673,0.3884581290379477,1,0.43041294633621224,0.6477845596640898,0.4267216852406523,174,-0.20947867727899536,-0.20992065474454322,-0.20921301492934877,-0.15824820652973054,-0.16348754640624646,-0.21377975256861229,2.0347195348095175,2.4082915504354427,0.1909450123290649,0.29869992277395957,0.05608156150842785,1318,60.0
A,dcsbm,leiden,10,3,1,0,11.183,0.57853,0.053134076983289445,0.0006506991687996528,2,ok,2.327,10000,55755,11.151,100,0.5793561115595014,100,100,0,218,1.5885094989698263,dspar,0.5,0.4982,0.5,ok,0.15771,27777,0.43014728398656565,0.0006771587089396294,0.4308549238017601,0.6425452197875738,0.004789025480498017,0.4125532117053735,172.0,1.5058597858867877,0.7904033436090685,0.009583692997694016,0.7283732156696109,0.7379569086673049,0.3071598684156754,0.007131751010487842,0.30625769111293605,0.017152185751707908,0.11831504150893046,-0.00034351535950044007,-4.3355092272092474e-05,158.0,1.8342432046581072,0.7379569086673049,1,0.43041294633621224,0.6477845596640898,0.4267216852406523,174,-0.12325307792053686,-0.12369505538608472,-0.12298741557089027,-0.3362875286746378,-0.3415268685511537,-0.29423817019644305,1.0710697797198998,1.0851625603536668,0.4292446668518131,0.5497413627693943,0.2463683096572023,144,0.75
A,dcsbm,leiden,10,3,1,0,11.183,0.57853,0.053134076983289445,0.0006506991687996528,2,ok,2.327,10000,55755,11.151,100,0.5793561115595014,100,100,0,218,1.5885094989698263,dspar,0.2,0.19957,0.2,ok,0.15771,11127,0.43014728398656565,0.0006771587089396294,0.4308549238017601,0.6425452197875738,0.004789025480498017,0.4125532117053735,172.0,1.5058597858867877,0.7904033436090685,0.011323988030198961,0.48282062500948086,0.4941446130396798,0.1677770025945812,0.0005693620340890662,0.13643209616912047,0.001056187899452951,0.025257995206733237,0.0005948435557505023,7.076749807666747e-05,1408.3333333333333,4.020048620297705,0.4941446130396798,1,0.43041294633621224,0.6477845596640898,0.4267216852406523,174,-0.262635943741631,-0.2630779212071789,-0.2623702813919845,-0.5061131236184534,-0.5113524634949693,-0.3872952164986403,1.5995385212174702,1.6370538097736562,0.1909450123290649,0.29869992277395957,0.05608156150842785,1318,60.0
A,dcsbm,leiden,10,3,1,0,11.183,0.57853,0.053134076983289445,0.0006506991687996528,2,ok,2.327,10000,55755,11.151,100,0.5793561115595014,100,100,0,218,1.5885094989698263,dspar,0.15,0.14973,0.15,ok,0.15771,8348,0.43014728398656565,0.0006771587089396294,0.4308549238017601,0.6425452197875738,0.004789025480498017,0.4125532117053735,172.0,1.5058597858867877,0.7904033436090685,0.009345735015813261,0.48725286500606063,0.4965986000218739,0.13945063570986135,0.0002383178055670287,0.1263695811419019,0.0010517022079552527,0.021957604287457872,-0.00017920389240642432,-2.2346628916844946e-05,2621.6666666666665,4.368350390734753,0.4965986000218739,1,0.43041294633621224,0.6477845596640898,0.4267216852406523,174,-0.2909623106263509,-0.2914042880918988,-0.2906966482767043,-0.516175638645672,-0.5214149785221879,-0.39059560741791566,1.5916342566697796,1.622162536898038,0.1551925949843338,0.2204554304769584,0.02859170269841464,2071,120.0
A,dcsbm,leiden,10,3,1,0,11.183,0.57853,0.053134076983289445,0.0006506991687996528,2,ok,2.327,10000,55755,11.151,100,0.5793561115595014,100,100,0,218,1.5885094989698263,dspar,0.05,0.05004,0.05,ok,0.15771,2790,0.43014728398656565,0.0006771587089396294,0.4308549238017601,0.6425452197875738,0.004789025480498017,0.4125532117053735,172.0,1.5058597858867877,0.7904033436090685,0.008703580009751022,0.5504971589931907,0.5592007390029418,0.05042800253465787,4.006172263299091e-18,0.0722275703372905,0.0,0.006854115438984118,-0.0004822418912212542,-3.695652460842582e-05,7210.0,1.0984299704578349,0.5592007390029418,1,0.43041294633621224,0.6477845596640898,0.4267216852406523,174,-0.37998494380155434,-0.3804269212671022,-0.3797192814519078,-0.5703176494502833,-0.5755569893267992,-0.4056990962663894,1.4134518938912033,1.4357991330139548,0.1551925949843338,0.2204554304769584,0.02859170269841464,2071,120.0
A,dcsbm,leiden,10,3,1,0,11.183,0.57853,0.053134076983289445,0.0006506991687996528,2,ok,2.327,10000,55755,11.151,100,0.5793561115595014,100,100,0,218,1.5885094989698263,random,0.5,0.50001,0.5,ok,0.15771,27878,0.43014728398656565,0.0006771587089396294,0.4308549238017601,0.6425452197875738,0.004789025480498017,0.4125532117053735,172.0,1.5058597858867877,0.7904033436090685,0.0011275099823251367,0.7022766036679968,0.703404113650322,0.339525348014615,0.005317915008638136,0.3682544932776945,0.016058083387849423,0.1723502515440645,-0.00011885147203456389,1.3935534073828315e-05,843.6666666666666,4.057763894499575,0.703404113650322,1,0.43041294633621224,0.6477845596640898,0.4267216852406523,174,-0.09088759832159726,-0.09132957578714512,-0.09062193597195067,-0.27429072650987935,-0.27953006638639527,-0.24020296016130901,1.1236831407016705,1.1254872218165677,0.28584242167068935,0.47990714637870935,0.22968153334594618,648,30.0
A,dcsbm,leiden,10,3,1,0,11.183,0.57853,0.053134076983289445,0.0006506991687996528,2,ok,2.327,10000,55755,11.151,100,0.5793561115595014,100,100,0,218,1.5885094989698263,random,0.2,0.2,0.2,ok,0.15771,11151,0.43014728398656565,0.0006771587089396294,0.4308549238017601,0.6425452197875738,0.004789025480498017,0.4125532117053735,172.0,1.5058597858867877,0.7904033436090685,0.0010061559733003378,0.6090315693290904,0.6100377253023908,0.1545928595223924,0.0014591701702764024,0.13913841011289307,0.0017562263011693402,0.03528046505437152,-0.0006345090666392358,-9.451982314072792e-05,3171.6666666666665,5.723442001469614,0.6100377253023908,1,0.43041294633621224,0.6477845596640898,0.4267216852406523,174,-0.27582008681381986,-0.2762620642793677,-0.2755544244641732,-0.5034068096746808,-0.5086461495511967,-0.37727274665100197,1.2956630562761868,1.297803567850805,0.1551925949843338,0.2204554304769584,0.02859170269841464,2071,120.0
A,dcsbm,leiden,10,3,1,0,11.183,0.57853,0.053134076983289445,0.0006506991687996528,2,ok,2.327,10000,55755,11.151,100,0.5793561115595014,100,100,0,218,1.5885094989698263,random,0.15,0.15,0.15,ok,0.15771,8363,0.43014728398656565,0.0006771587089396294,0.4308549238017601,0.6425452197875738,0.004789025480498017,0.4125532117053735,172.0,1.5058597858867877,0.7904033436090685,0.000988313986454159,0.6208459880047789,0.621834301991233,0.1224066648887711,0.00033695849920047663,0.11379439804788893,0.002504451774172141,0.02366209313469018,0.0009033631312088253,6.107610264653906e-05,4123.333333333333,5.451569575965202,0.621834301991233,1,0.43041294633621224,0.6477845596640898,0.4267216852406523,174,-0.30800628144744113,-0.308448258912989,-0.30774061909779454,-0.5287508217396849,-0.5339901616162008,-0.3888911185706833,1.271083536366593,1.2731069522559022,0.1551925949843338,0.2204554304769584,0.02859170269841464,2071,120.0
A,dcsbm,leiden,10,3,1,0,11.183,0.57853,0.053134076983289445,0.0006506991687996528,2,ok,2.327,10000,55755,11.151,100,0.5793561115595014,100,100,0,218,1.5885094989698263,random,0.05,0.05,0.05,ok,0.15771,2788,0.43014728398656565,0.0006771587089396294,0.4308549238017601,0.6425452197875738,0.004789025480498017,0.4125532117053735,172.0,1.5058597858867877,0.7904033436090685,0.0009581969934515655,0.6569385686695265,0.6578967656629781,0.05025650655604073,0.00045131547544373076,0.06250101835934843,0.0007459548178285688,0.007373856415730121,-0.0004868863156522554,-2.928385836031667e-05,7321.333333333333,2.61199026955987,0.6578967656629781,1,0.43041294633621224,0.6477845596640898,0.4267216852406523,174,-0.3801564397801715,-0.38059841724571936,-0.3798907774305249,-0.5800442014282254,-0.5852835413047414,-0.4051793552896434,1.2014093773702632,1.2031617282112745,0.1551925949843338,0.2204554304769584,0.02859170269841464,2071,120.0
A,dcsbm,leiden,25,1,1,0,24.635,0.5976,0.12360425190806736,0.0014897721928939839,3,ok,1.765,10000,123216,24.6432,100,0.6000681729645501,100,100,0,476,1.4506733488728378,lspar,0.5,0.50243,0.71875,ok,0.06959,61907,0.3910759643346503,9.731485893953641e-05,0.3912337998484427,0.9021152006976527,0.003314753548760657,0.7310967823395187,74.4,0.35522435267488245,1.052366773004178,0.2154611880541779,0.5522788696883557,0.7677400577425336,0.3893435533239313,3.0627635990495053e-05,0.929103264926769,0.0009856366225721028,0.8891783949775768,-0.0006653019144697257,-2.5267411435466263e-05,99.66666666666667,0.14738776765783457,0.7677400577425336,1,0.3909958728598242,0.9009293619208542,0.7276381990964434,74,-0.0016523195358928988,-0.0018902465245114186,-0.001732411010719026,0.02698806422911626,0.028173903005914824,0.1580816126380581,1.3707331829194402,1.9054988897149292,0.39071998008505604,0.948025573366879,0.9042322814026359,99,2.0
A,dcsbm,leiden,25,1,1,0,24.635,0.5976,0.12360425190806736,0.0014897721928939839,3,ok,1.765,10000,123216,24.6432,100,0.6000681729645501,100,100,0,476,1.4506733488728378,lspar,0.2,0.19982,0.328125,ok,0.06959,24621,0.3910759643346503,9.731485893953641e-05,0.3912337998484427,0.9021152006976527,0.003314753548760657,0.7310967823395187,74.4,0.35522435267488245,1.052366773004178,0.213007306039799,0.3484057383223747,0.5614130443621737,0.3865794363245825,7.664350385323548e-05,0.9110157560966244,0.0015637535154361657,0.8694589892676027,-0.0008361112207449414,-8.592184809861772e-05,100.66666666666667,0.11658534713298647,0.5614130443621737,1,0.3909958728598242,0.9009293619208542,0.7276381990964434,74,-0.004416436535241652,-0.004654363523860172,-0.00449652801006778,0.008900555398971721,0.010086394175770286,0.138362206928084,1.8744964755847118,3.020520781521797,0.3908818103406701,0.9519984450498356,0.9299695159537986,101,3.0
A,dcsbm,leiden,25,1,1,0,24.635,0.5976,0.12360425190806736,0.0014897721928939839,3,ok,1.765,10000,123216,24.6432,100,0.6000681729645501,100,100,0,476,1.4506733488728378,lspar,0.15,0.15061,0.21875,ok,0.06959,18557,0.3910759643346503,9.731485893953641e-05,0.3912337998484427,0.9021152006976527,0.003314753548760657,0.7310967823395187,74.4,0.35522435267488245,1.052366773004178,0.20997699699364603,0.33820568999120343,0.5481826869848494,0.3838495515353477,0.0002313324072550559,0.8932788445092218,0.0022121569826516504,0.834988709318491,-0.0006053535369468182,-4.317008152311568e-05,101.0,0.21215354155099186,0.5481826869848494,1,0.3909958728598242,0.9009293619208542,0.7276381990964434,74,-0.007146321324476457,-0.0073842483130949765,-0.007226412799302584,-0.008836356188430927,-0.007650517411632363,0.10389192697897232,1.9197373393758113,3.111617587012062,0.3908818103406701,0.9519984450498356,0.9299695159537986,101,3.0
A,dcsbm,leiden,25,1,1,0,24.635,0.5976,0.12360425190806736,0.0014897721928939839,3,ok,1.765,10000,123216,24.6432,100,0.6000681729645501,100,100,0,476,1.4506733488728378,lspar,0.05,0.06959,0.0,floor,0.06959,8575,0.3910759643346503,9.731485893953641e-05,0.3912337998484427,0.9021152006976527,0.003314753548760657,0.7310967823395187,74.4,0.35522435267488245,1.052366773004178,0.20223148103104904,0.3623038753479098,0.5645353563789588,0.12597781115116033,0.0,0.6109158008984968,0.0,0.23691053959066966,0.0003898711065303696,2.7417768304299198e-05,1425.0,1.1842930380611043,0.5645353563789588,1,0.3909958728598242,0.9009293619208542,0.7276381990964434,74,-0.2650180617086638,-0.2652559886972824,-0.26509815318348995,-0.2911993997991559,-0.2900135610223573,-0.49418624274884904,1.8641290773252293,2.904652267364297,0.10899807310288262,0.4187024657182866,0.09064848265730754,1409,60.0
A,dcsbm,leiden,25,1,1,0,24.635,0.5976,0.12360425190806736,0.0014897721928939839,3,ok,1.765,10000,123216,24.6432,100,0.6000681729645501,100,100,0,476,1.4506733488728378,dspar,0.5,0.50061,0.5,ok,0.06959,61683,0.3910759643346503,9.731485893953641e-05,0.3912337998484427,0.9021152006976527,0.003314753548760657,0.7310967823395187,74.4,0.35522435267488245,1.052366773004178,0.03093531000195071,0.9914880730017709,1.0224233830037215,0.38369247569054316,0.0002647784780309382,0.8327133739060216,0.002267124477357271,0.5880526098358612,-0.0003566045322194736,-6.448389326126914e-05,58.0,0.3457047331128855,1.0224233830037215,1,0.3909958728598242,0.9009293619208542,0.7276381990964434,74,-0.007303397169281023,-0.007541324157899543,-0.00738348864410715,-0.0694018267916311,-0.06821598801483253,-0.14304417250365753,1.0292866834798784,1.061401343758069,0.3909958728598242,0.9009293619208542,0.7276381990964434,74,1.0
A,dcsbm,leiden,25,1,1,0,24.635,0.5976,0.12360425190806736,0.0014897721928939839,3,ok,1.765,10000,123216,24.6432,100,0.6000681729645501,100,100,0,476,1.4506733488728378,dspar,0.2,0.19973,0.2,ok,0.06959,24610,0.3910759643346503,9.731485893953641e-05,0.3912337998484427,0.9021152006976527,0.003314753548760657,0.7310967823395187,74.4,0.35522435267488245,1.052366773004178,0.031138367019593716,0.7271917603211477,0.7583301273407415,0.13976520080012403,0.0026234373221434544,0.1969041628482302,0.006234821850738352,0.05285172908508051,0.0016244440607827398,0.00022681714359646307,141.66666666666666,1.8994986388771788,0.7583301273407415,1,0.3909958728598242,0.9009293619208542,0.7276381990964434,74,-0.2512306720597002,-0.25146859904831864,-0.2513107635345263,-0.7052110378494225,-0.704025199072624,-0.6782450532544382,1.3877422708953202,1.447165425168492,0.3908818103406701,0.9519984450498356,0.9299695159537986,101,3.0
A,dcsbm,leiden,25,1,1,0,24.635,0.5976,0.12360425190806736,0.0014897721928939839,3,ok,1.765,10000,123216,24.6432,100,0.6000681729645501,100,100,0,476,1.4506733488728378,dspar,0.15,0.14962,0.15,ok,0.06959,18435,0.3910759643346503,9.731485893953641e-05,0.3912337998484427,0.9021152006976527,0.003314753548760657,0.7310967823395187,74.4,0.35522435267488245,1.052366773004178,0.030117212038021535,0.6071665616667209,0.6372837737047424,0.10712986964298936,0.0018904280037889275,0.14802257117071135,0.004754140875534349,0.033384029219958325,0.0006393554531796661,5.913444790942973e-05,436.6666666666667,2.995727977412022,0.6372837737047424,1,0.3909958728598242,0.9009293619208542,0.7276381990964434,74,-0.2838660032168348,-0.2841039302054533,-0.28394609469166093,-0.7540926295269413,-0.7529067907501428,-0.6977127531195604,1.651331504780704,1.733242308527905,0.26318952949896623,0.7383460019522117,0.5286796644181891,396,30.0
A,dcsbm,leiden,25,1,1,0,24.635,0.5976,0.12360425190806736,0.0014897721928939839,3,ok,1.765,10000,123216,24.6432,100,0.6000681729645501,100,100,0,476,1.4506733488728378,dspar,0.05,0.05067,0.05,ok,0.06959,6243,0.3910759643346503,9.731485893953641e-05,0.3912337998484427,0.9021152006976527,0.003314753548760657,0.7310967823395187,74.4,0.35522435267488245,1.052366773004178,0.029464776976965368,0.5545064336620271,0.5839712106389925,0.050872399322729384,0.0002397560984167395,0.11306210007513744,0.0004581552005909773,0.016999247492088115,0.0014232525715229078,0.00015277968444860459,4097.333333333333,4.04920610686258,0.5839712106389925,1,0.3909958728598242,0.9009293619208542,0.7276381990964434,74,-0.3401234735370948,-0.3403614005257133,-0.34020356501192095,-0.7890531006225153,-0.7878672618457168,-0.7140975348474305,1.802086736181152,1.8978441170722244,0.0759179004505307,0.2701588736094902,0.03640808857313077,2539,120.0
A,dcsbm,leiden,25,1,1,0,24.635,0.5976,0.12360425190806736,0.0014897721928939839,3,ok,1.765,10000,123216,24.6432,100,0.6000681729645501,100,100,0,476,1.4506733488728378,random,0.5,0.5,0.5,ok,0.06959,61608,0.3910759643346503,9.731485893953641e-05,0.3912337998484427,0.9021152006976527,0.003314753548760657,0.7310967823395187,74.4,0.35522435267488245,1.052366773004178,0.002214682986959815,0.8891249879767807,0.8913396709637406,0.360047340141376,0.0008373718812552316,0.6824663162979631,0.003903827005689153,0.45528999126477715,-0.0009459620294673577,-7.712563176840054e-05,134.0,1.2199360156685457,0.8913396709637406,1,0.3909958728598242,0.9009293619208542,0.7276381990964434,74,-0.030948532718448163,-0.031186459707066683,-0.03102862419327429,-0.21964888439968966,-0.2184630456228911,-0.27580679107474154,1.1806573939049863,1.1835982423560683,0.3908818103406701,0.9519984450498356,0.9299695159537986,101,3.0
A,dcsbm,leiden,25,1,1,0,24.635,0.5976,0.12360425190806736,0.0014897721928939839,3,ok,1.765,10000,123216,24.6432,100,0.6000681729645501,100,100,0,476,1.4506733488728378,random,0.2,0.2,0.2,ok,0.06959,24643,0.3910759643346503,9.731485893953641e-05,0.3912337998484427,0.9021152006976527,0.003314753548760657,0.7310967823395187,74.4,0.35522435267488245,1.052366773004178,0.0024461610009893775,0.7178226386895403,0.7202687996905297,0.17331119669148243,0.003393001312816249,0.2520293541780299,0.005428490979278222,0.09524295693199965,0.00044958097527116855,4.5176969767334153e-05,1018.3333333333334,4.714040903000325,0.7202687996905297,1,0.3909958728598242,0.9009293619208542,0.7276381990964434,74,-0.21768467616834175,-0.21792260315696027,-0.21776476764316788,-0.6500858465196229,-0.6489000077428242,-0.635853825407519,1.4610750506704404,1.466054031014378,0.10899807310288262,0.4187024657182866,0.09064848265730754,1409,60.0
A,dcsbm,leiden,25,1,1,0,24.635,0.5976,0.12360425190806736,0.0014897721928939839,3,ok,1.765,10000,123216,24.6432,100,0.6000681729645501,100,100,0,476,1.4506733488728378,random,0.15,0.15,0.15,ok,0.06959,18482,0.3910759643346503,9.731485893953641e-05,0.3912337998484427,0.9021152006976527,0.003314753548760657,0.7310967823395187,74.4,0.35522435267488245,1.052366773004178,0.0018785620341077447,0.6378986646498864,0.6397772266839942,0.11917366718578797,0.002094934773055679,0.17406861663205428,0.003055372330693824,0.04950534882887903,0.0005598379116791011,7.99843521343034e-05,1618.6666666666667,5.770650067888919,0.6397772266839942,1,0.3909958728598242,0.9009293619208542,0.7276381990964434,74,-0.2718222056740362,-0.2720601326626547,-0.2719022971488623,-0.7280465840655984,-0.7268607452887998,-0.6815914335106397,1.6448956435330802,1.6497397334759656,0.10899807310288262,0.4187024657182866,0.09064848265730754,1409,60.0
A,dcsbm,leiden,25,1,1,0,24.635,0.5976,0.12360425190806736,0.0014897721928939839,3,ok,1.765,10000,123216,24.6432,100,0.6000681729645501,100,100,0,476,1.4506733488728378,random,0.05,0.05,0.05,ok,0.06959,6161,0.3910759643346503,9.731485893953641e-05,0.3912337998484427,0.9021152006976527,0.003314753548760657,0.7310967823395187,74.4,0.35522435267488245,1.052366773004178,0.0018197610042989254,0.6038956343351553,0.6057153953394542,0.04532555725080053,0.00047750079769921593,0.09244283829162757,0.0013344375679657401,0.015231345560348553,-0.0004087422312925231,-3.806236781769443e-05,5015.333333333333,4.774073777408525,0.6057153953394542,1,0.3909958728598242,0.9009293619208542,0.7276381990964434,74,-0.34567031560902367,-0.3459082425976422,-0.3457504070838498,-0.8096723624060251,-0.8084865236292266,-0.7158654367791701,1.7373947915165868,1.7426302049074365,0.0759179004505307,0.2701588736094902,0.03640808857313077,2539,120.0
A,dcsbm,leiden,25,2,1,0,24.635,0.5976,0.1255822310741266,0.0014980422439413099,3,ok,1.765,10000,123180,24.636,100,0.601988959246631,100,100,0,450,1.5136320487189854,lspar,0.5,0.50145,0.71875,ok,0.06905,61768,0.3887494425871046,0.0005980902522229272,0.38933695911381894,0.8981334574709591,0.006571942962874137,0.6962193866211883,71.6,0.4185999522069156,1.0443062653997912,0.21715029294136912,0.5636577433518445,0.7808080362932136,0.38737676018806083,4.379990642797928e-05,0.9270402934408485,0.0007932905537549353,0.8795731401670096,-0.000305708854375276,-1.5573725509107406e-05,98.66666666666667,0.17681240509861654,0.7808080362932136,1,0.3890160968741409,0.8993670037325686,0.7128002219662406,71,-0.0016393366860800729,-0.0019601989257581054,-0.0013726823990437564,0.02890683596988941,0.02767328970827987,0.18335375354582129,1.337468643839146,1.8527311612712432,0.3886910748967377,0.9462456255401357,0.9024030459481418,98,2.0
A,dcsbm,leiden,25,2,1,0,24.635,0.5976,0.1255822310741266,0.0014980422439413099,3,ok,1.765,10000,123180,24.636,100,0.601988959246631,100,100,0,450,1.5136320487189854,lspar,0.2,0.19676,0.328125,ok,0.06905,24237,0.3887494425871046,0.0005980902522229272,0.38933695911381894,0.8981334574709591,0.006571942962874137,0.6962193866211883,71.6,0.4185999522069156,1.0443062653997912,0.21402348898118362,0.3574091959938717,0.5714326849750553,0.38462749556473463,3.716150546731519e-05,0.9082478459324147,0.0006785103529817573,0.8648060655855175,-0.0002831865414856689,-4.22666764596061e-05,100.66666666666667,0.12249371883196908,0.5714326849750553,1,0.3890160968741409,0.8993670037325686,0.7128002219662406,71,-0.00438860130940627,-0.004709463549084303,-0.004121947022369954,0.010114388461455626,0.008880842199846084,0.16858667896432922,1.8275228086495932,2.9218785557428615,0.3887653006801598,0.9524241203133501,0.9299244719678879,101,3.0
A,dcsbm,leiden,25,2,1,0,24.635,0.5976,0.1255822310741266,0.0014980422439413099,3,ok,1.765,10000,123180,24.636,100,0.601988959246631,100,100,0,450,1.5136320487189854,lspar,0.15,0.14965,0.21875,ok,0.06905,18434,0.3887494425871046,0.0005980902522229272,0.38933695911381894,0.8981334574709591,0.006571942962874137,0.6962193866211883,71.6,0.4185999522069156,1.0443062653997912,0.21204112796112895,0.3341893570031971,0.546230484964326,0.3814091166738253,0.00014079259422917535,0.886512847918902,0.0022303953147713097,0.8223373224089041,0.00012054951470929938,-2.139602584542301e-05,99.33333333333333,0.19675080374099166,0.546230484964326,1,0.3890160968741409,0.8993670037325686,0.7128002219662406,71,-0.007606980200315583,-0.007927842439993615,-0.007340325913279266,-0.011620609552057126,-0.012854155813666668,0.1261179357877158,1.9118417850076497,3.124893846903092,0.3886910748967377,0.9462456255401357,0.9024030459481418,98,2.0
A,dcsbm,leiden,25,2,1,0,24.635,0.5976,0.1255822310741266,0.0014980422439413099,3,ok,1.765,10000,123180,24.636,100,0.601988959246631,100,100,0,450,1.5136320487189854,lspar,0.05,0.06905,0.0,floor,0.06905,8506,0.3887494425871046,0.0005980902522229272,0.38933695911381894,0.8981334574709591,0.006571942962874137,0.6962193866211883,71.6,0.4185999522069156,1.0443062653997912,0.2017845949740149,0.3625729913280035,0.5643575863020185,0.11874508867951654,0.0,0.5955076327068248,0.0,0.21439017198108332,-0.00020618891934319383,-3.4410555360208224e-05,1494.0,1.1367823362455982,0.5643575863020185,1,0.3890160968741409,0.8993670037325686,0.7128002219662406,71,-0.27027100819462435,-0.2705918704343024,-0.27000435390758803,-0.30262582476413424,-0.3038593710257438,-0.481829214640105,1.8504336448149137,2.8802649132104112,0.10959826036403204,0.42789591385235937,0.09292491629215477,1375,60.0
A,dcsbm,leiden,25,2,1,0,24.635,0.5976,0.1255822310741266,0.0014980422439413099,3,ok,1.765,10000,123180,24.636,100,0.601988959246631,100,100,0,450,1.5136320487189854,dspar,0.5,0.50027,0.5,ok,0.06905,61623,0.3887494425871046,0.0005980902522229272,0.38933695911381894,0.8981334574709591,0.006571942962874137,0.6962193866211883,71.6,0.4185999522069156,1.0443062653997912,0.03585167502751574,0.9841221490059979,1.0199738240335137,0.3818631644223796,0.00024797396226198116,0.8414179815118308,0.003984023525788468,0.6038513967246676,0.0002333164961870818,1.3146205557996134e-05,57.666666666666664,0.29907494475432966,1.0199738240335137,1,0.3890160968741409,0.8993670037325686,0.7128002219662406,71,-0.007152932451761296,-0.007473794691439328,-0.006886278164724979,-0.05671547595912829,-0.057949022220737834,-0.09236798989652073,1.0238559468811212,1.0611551284102096,0.3890160968741409,0.8993670037325686,0.7128002219662406,71,1.0
A,dcsbm,leiden,25,2,1,0,24.635,0.5976,0.1255822310741266,0.0014980422439413099,3,ok,1.765,10000,123180,24.636,100,0.601988959246631,100,100,0,450,1.5136320487189854,dspar,0.2,0.20079,0.2,ok,0.06905,24733,0.3887494425871046,0.0005980902522229272,0.38933695911381894,0.8981334574709591,0.006571942962874137,0.6962193866211883,71.6,0.4185999522069156,1.0443062653997912,0.034102639998309314,0.7028637070131177,0.736966347011427,0.1459114521691384,0.0031000304110407485,0.2154631643195094,0.004769943162265164,0.062003125252897556,-0.0008216360309297803,-6.98125535289274e-05,138.0,1.8094363827160123,0.736966347011427,1,0.3890160968741409,0.8993670037325686,0.7128002219662406,71,-0.2431046447050025,-0.24342550694468054,-0.2428379904179662,-0.6826702931514497,-0.6839038394130592,-0.6342162613682908,1.4170338572917207,1.48578772097604,0.38874317479286846,0.9515373158748709,0.9286989113155298,102,8.0
A,dcsbm,leiden,25,2,1,0,24.635,0.5976,0.1255822310741266,0.0014980422439413099,3,ok,1.765,10000,123180,24.636,100,0.601988959246631,100,100,0,450,1.5136320487189854,dspar,0.15,0.14993,0.15,ok,0.06905,18468,0.3887494425871046,0.0005980902522229272,0.38933695911381894,0.8981334574709591,0.006571942962874137,0.6962193866211883,71.6,0.4185999522069156,1.0443062653997912,0.03470098099205643,0.6288472359883599,0.6635482169804163,0.10804588052024018,0.000690727343652751,0.1538477943919798,0.006488793422340501,0.03559163441259461,0.0009406515150945051,9.502026341760611e-05,443.0,2.9503009458916982,0.6635482169804163,1,0.3890160968741409,0.8993670037325686,0.7128002219662406,71,-0.28097021635390074,-0.28129107859357877,-0.2807035620668644,-0.7442856630789793,-0.7455192093405888,-0.6606277522085937,1.573821221541482,1.6606676560459932,0.26368222867407587,0.7363866213637178,0.5396184183032288,408,30.0
A,dcsbm,leiden,25,2,1,0,24.635,0.5976,0.1255822310741266,0.0014980422439413099,3,ok,1.765,10000,123180,24.636,100,0.601988959246631,100,100,0,450,1.5136320487189854,dspar,0.05,0.04949,0.05,ok,0.06905,6096,0.3887494425871046,0.0005980902522229272,0.38933695911381894,0.8981334574709591,0.006571942962874137,0.6962193866211883,71.6,0.4185999522069156,1.0443062653997912,0.03472249599872157,0.5523080136820985,0.58703050968082,0.05002988966117983,9.686862367736044e-05,0.11281585073419453,0.0009557844015213062,0.017110749338407293,-0.0002010621384137893,-1.2512093129128017e-05,4216.666666666667,3.971745875076067,0.58703050968082,1,0.3890160968741409,0.8993670037325686,0.7128002219662406,71,-0.3389862072129611,-0.3393070694526391,-0.33871955292592476,-0.7853176067367645,-0.7865511529983741,-0.679108637282781,1.7789642074440064,1.8908041156920108,0.07468944678157304,0.26713768398581145,0.035681627547210236,2549,120.0
A,dcsbm,leiden,25,2,1,0,24.635,0.5976,0.1255822310741266,0.0014980422439413099,3,ok,1.765,10000,123180,24.636,100,0.601988959246631,100,100,0,450,1.5136320487189854,random,0.5,0.5,0.5,ok,0.06905,61590,0.3887494425871046,0.0005980902522229272,0.38933695911381894,0.8981334574709591,0.006571942962874137,0.6962193866211883,71.6,0.4185999522069156,1.0443062653997912,0.0018000819836743176,0.8970209546581221,0.8988210366417965,0.35882722957711005,0.00011663672988828001,0.6865555330323181,0.004862218236468641,0.44581120581516176,0.0006168405665520157,0.00010274666460404738,135.33333333333334,1.2931110452253658,0.8988210366417965,1,0.3890160968741409,0.8993670037325686,0.7128002219662406,71,-0.030188867297030852,-0.030509729536708885,-0.029922213009994536,-0.21157792443864099,-0.21281147070025053,-0.25040818080602656,1.1618622871818414,1.1641938351348808,0.38874317479286846,0.9515373158748709,0.9286989113155298,102,8.0
A,dcsbm,leiden,25,2,1,0,24.635,0.5976,0.1255822310741266,0.0014980422439413099,3,ok,1.765,10000,123180,24.636,100,0.601988959246631,100,100,0,450,1.5136320487189854,random,0.2,0.2,0.2,ok,0.06905,24636,0.3887494425871046,0.0005980902522229272,0.38933695911381894,0.8981334574709591,0.006571942962874137,0.6962193866211883,71.6,0.4185999522069156,1.0443062653997912,0.0014658590080216527,0.6832870690074438,0.6847529280154655,0.16902885114261065,0.0024843053068804243,0.24974720077577128,0.008244898828274819,0.08785594304029681,-0.0006614406922643666,4.389646622423066e-05,1017.6666666666666,4.91660013562579,0.6847529280154655,1,0.3890160968741409,0.8993670037325686,0.7128002219662406,71,-0.21998724573153025,-0.22030810797120828,-0.21972059144449393,-0.6483862566951878,-0.6496198029567973,-0.6083634435808916,1.5250847753603254,1.528356547002669,0.10959826036403204,0.42789591385235937,0.09292491629215477,1375,60.0
A,dcsbm,leiden,25,2,1,0,24.635,0.5976,0.1255822310741266,0.0014980422439413099,3,ok,1.765,10000,123180,24.636,100,0.601988959246631,100,100,0,450,1.5136320487189854,random,0.15,0.15,0.15,ok,0.06905,18477,0.3887494425871046,0.0005980902522229272,0.38933695911381894,0.8981334574709591,0.006571942962874137,0.6962193866211883,71.6,0.4185999522069156,1.0443062653997912,0.001908876991365105,0.6480996009971326,0.6500084779884977,0.11342163144504802,0.0009538050858150215,0.16013284354967935,0.004521885776402921,0.041972803485363384,0.0004710567248826245,5.828553549043992e-05,1684.0,6.104848288185515,0.6500084779884977,1,0.3890160968741409,0.8993670037325686,0.7128002219662406,71,-0.2755944654290929,-0.2759153276687709,-0.27532781114205657,-0.7380006139212797,-0.7392341601828892,-0.654246583135825,1.6066040686599643,1.6113360720992198,0.10959826036403204,0.42789591385235937,0.09292491629215477,1375,60.0
A,dcsbm,leiden,25,2,1,0,24.635,0.5976,0.1255822310741266,0.0014980422439413099,3,ok,1.765,10000,123180,24.636,100,0.601988959246631,100,100,0,450,1.5136320487189854,random,0.05,0.05,0.05,ok,0.06905,6159,0.3887494425871046,0.0005980902522229272,0.38933695911381894,0.8981334574709591,0.006571942962874137,0.6962193866211883,71.6,0.4185999522069156,1.0443062653997912,0.0013821179745718837,0.603104024019558,0.6044861419941299,0.045117007498853445,0.00034695773288116136,0.0890486811920622,0.0013255473849809539,0.014336869867939328,-0.0009663886852109429,-7.565774500342562e-05,4993.0,4.724250151238629,0.6044861419941299,1,0.3890160968741409,0.8993670037325686,0.7128002219662406,71,-0.34389908937528746,-0.3442199516149655,-0.34363243508825114,-0.8090847762788969,-0.8103183225405064,-0.681882516753249,1.727593393547031,1.7315524748777427,0.07468944678157304,0.26713768398581145,0.035681627547210236,2549,120.0
A,dcsbm,leiden,25,3,1,0,24.635,0.5976,0.12498044410841758,0.001480996797841278,3,ok,1.765,10000,122608,24.5216,100,0.5985498499282266,100,100,0,425,1.4895059837312994,lspar,0.5,0.50289,0.71875,ok,0.06926,61658,0.3927134720146974,0.0002782444497452253,0.39298105323451293,0.9047597961583709,0.004420133142873097,0.7278698429653817,76.2,0.41443885472783853,1.0373666685889475,0.21002560999477282,0.5591724586556666,0.7691980686504394,0.39086208207422396,2.387325606725862e-05,0.9248162548782091,0.000534067894152965,0.8617667538291237,-0.00021177938083640356,-8.851345482147714e-06,98.0,0.26560417605430536,0.7691980686504394,1,0.39242698427174183,0.9051894089246624,0.7224984341051125,76,-0.00156490219751787,-0.002118971160288974,-0.001851389940473458,0.02005645871983819,0.01962684595354669,0.133896910863742,1.3486340006144462,1.8551819792464934,0.3922350986262497,0.9478220013185714,0.8928993068017829,98,2.0
A,dcsbm,leiden,25,3,1,0,24.635,0.5976,0.12498044410841758,0.001480996797841278,3,ok,1.765,10000,122608,24.5216,100,0.5985498499282266,100,100,0,425,1.4895059837312994,lspar,0.2,0.19854,0.328125,ok,0.06926,24342,0.3927134720146974,0.0002782444497452253,0.39298105323451293,0.9047597961583709,0.004420133142873097,0.7278698429653817,76.2,0.41443885472783853,1.0373666685889475,0.20698685699608177,0.352899508686581,0.5598863656826627,0.38795032191672574,5.570363989055205e-05,0.9107600208295946,0.0008390183443889193,0.8646272125992169,0.0014930600473276594,0.00014831184796816493,102.0,0.2014361011136886,0.5598863656826627,1,0.39242698427174183,0.9051894089246624,0.7224984341051125,76,-0.004476662355016092,-0.005030731317787196,-0.00476315009797168,0.006000224671223742,0.005570611904932243,0.13675736963383522,1.85281645021682,2.939552600823424,0.3923642991491763,0.9563690215485487,0.935920986412184,103,3.0
A,dcsbm,leiden,25,3,1,0,24.635,0.5976,0.12498044410841758,0.001480996797841278,3,ok,1.765,10000,122608,24.5216,100,0.5985498499282266,100,100,0,425,1.4895059837312994,lspar,0.15,0.15019,0.21875,ok,0.06926,18414,0.3927134720146974,0.0002782444497452253,0.39298105323451293,0.9047597961583709,0.004420133142873097,0.7278698429653817,76.2,0.41443885472783853,1.0373666685889475,0.20465533097740263,0.33449417665057507,0.5391495076279778,0.38407422980674716,6.144100414577321e-05,0.8912362540797528,0.0010135718452008342,0.8333222659070557,0.0001899098878933148,1.3058161780513022e-05,103.33333333333333,0.2503535285099212,0.5391495076279778,1,0.39242698427174183,0.9051894089246624,0.7224984341051125,76,-0.008352754464994672,-0.008906823427765775,-0.00863924220795026,-0.013523542078618056,-0.013953154844909554,0.105452422941674,1.9240797847574926,3.1012996368920915,0.3923642991491763,0.9563690215485487,0.935920986412184,103,3.0
A,dcsbm,leiden,25,3,1,0,24.635,0.5976,0.12498044410841758,0.001480996797841278,3,ok,1.765,10000,122608,24.5216,100,0.5985498499282266,100,100,0,425,1.4895059837312994,lspar,0.05,0.06926,0.0,floor,0.06926,8492,0.3927134720146974,0.0002782444497452253,0.39298105323451293,0.9047597961583709,0.004420133142873097,0.7278698429653817,76.2,0.41443885472783853,1.0373666685889475,0.19472268701065332,0.3592536366583469,0.5539763236690003,0.11619730658508116,0.0,0.5949454451642405,0.0,0.2115826327369744,-5.3852203280850844e-05,-1.542851323835606e-05,1508.0,1.115142179275809,0.5539763236690003,1,0.39242698427174183,0.9051894089246624,0.7224984341051125,76,-0.2762296776866607,-0.2767837466494318,-0.27651616542961627,-0.30981435099413035,-0.31024396376042185,-0.5162872102284073,1.8725830405863555,2.8875606611478553,0.11094478536737688,0.4330010395983263,0.09540958375490749,1371,60.0
A,dcsbm,leiden,25,3,1,0,24.635,0.5976,0.12498044410841758,0.001480996797841278,3,ok,1.765,10000,122608,24.5216,100,0.5985498499282266,100,100,0,425,1.4895059837312994,dspar,0.5,0.4994,0.5,ok,0.06926,61231,0.3927134720146974,0.0002782444497452253,0.39298105323451293,0.9047597961583709,0.004420133142873097,0.7278698429653817,76.2,0.41443885472783853,1.0373666685889475,0.03616595099447295,0.9952144363390593,1.0313803873335323,0.38583306855360205,0.0005086518699090348,0.8410412500868225,0.002033112239484163,0.5945958230105198,-0.0003776642606552743,1.134767679828891e-05,60.0,0.40254003840708324,1.0313803873335323,1,0.39242698427174183,0.9051894089246624,0.7224984341051125,76,-0.006593915718139776,-0.007147984680910879,-0.0068804034610953635,-0.06371854607154837,-0.06414815883783986,-0.13327401995486188,1.0058041449390867,1.0423549244371366,0.39242698427174183,0.9051894089246624,0.7224984341051125,76,1.0
A,dcsbm,leiden,25,3,1,0,24.635,0.5976,0.12498044410841758,0.001480996797841278,3,ok,1.765,10000,122608,24.5216,100,0.5985498499282266,100,100,0,425,1.4895059837312994,dspar,0.2,0.19962,0.2,ok,0.06926,24475,0.3927134720146974,0.0002782444497452253,0.39298105323451293,0.9047597961583709,0.004420133142873097,0.7278698429653817,76.2,0.41443885472783853,1.0373666685889475,0.035071627993602306,0.7187361959950067,0.753807823988609,0.14224878801915736,0.0018279711223108273,0.19598935461114406,0.005053792528065003,0.053279219167836823,0.001173130328632487,0.00012279942419307836,134.33333333333334,1.8411484551443837,0.753807823988609,1,0.39242698427174183,0.9051894089246624,0.7224984341051125,76,-0.2501781962525845,-0.2507322652153556,-0.25046468399554006,-0.7087704415472268,-0.7092000543135183,-0.6745906237975449,1.3761686143027132,1.4433204760932263,0.39233587901278677,0.9559079982725397,0.9354491115142337,105,8.0
A,dcsbm,leiden,25,3,1,0,24.635,0.5976,0.12498044410841758,0.001480996797841278,3,ok,1.765,10000,122608,24.5216,100,0.5985498499282266,100,100,0,425,1.4895059837312994,dspar,0.15,0.14975,0.15,ok,0.06926,18361,0.3927134720146974,0.0002782444497452253,0.39298105323451293,0.9047597961583709,0.004420133142873097,0.7278698429653817,76.2,0.41443885472783853,1.0373666685889475,0.03554570995038375,0.6208307333290577,0.6563764432794414,0.10859419441719509,0.0019458864756565063,0.15818559152361608,0.003783862162891757,0.03570926221734522,0.00014968759825366397,6.626321659911623e-05,427.6666666666667,2.881137356461911,0.6563764432794414,1,0.39242698427174183,0.9051894089246624,0.7224984341051125,76,-0.28383278985454674,-0.28438685881731784,-0.28411927759750233,-0.7465742046347548,-0.7470038174010463,-0.6921605807480364,1.58044469634829,1.6709331753380097,0.2704626133494275,0.7457600282726551,0.5518204565385368,406,30.0
A,dcsbm,leiden,25,3,1,0,24.635,0.5976,0.12498044410841758,0.001480996797841278,3,ok,1.765,10000,122608,24.5216,100,0.5985498499282266,100,100,0,425,1.4895059837312994,dspar,0.05,0.0499,0.05,ok,0.06926,6118,0.3927134720146974,0.0002782444497452253,0.39298105323451293,0.9047597961583709,0.004420133142873097,0.7278698429653817,76.2,0.41443885472783853,1.0373666685889475,0.035008390026632696,0.5702006223339898,0.6052090123606225,0.0501843930546066,0.00016482198437079644,0.10965850994229519,0.0014143971098959309,0.016601373810613298,-0.0008229301720749633,-0.00010303959610748384,4193.666666666667,4.029248422285942,0.6052090123606225,1,0.39242698427174183,0.9051894089246624,0.7224984341051125,76,-0.34224259121713524,-0.34279666017990634,-0.3425290789600908,-0.7951012862160757,-0.7955308989823672,-0.7112684691547684,1.7140634845186635,1.8193011862083157,0.07610850530412543,0.2711750977490031,0.036298190063227,2523,120.0
A,dcsbm,leiden,25,3,1,0,24.635,0.5976,0.12498044410841758,0.001480996797841278,3,ok,1.765,10000,122608,24.5216,100,0.5985498499282266,100,100,0,425,1.4895059837312994,random,0.5,0.5,0.5,ok,0.06926,61304,0.3927134720146974,0.0002782444497452253,0.39298105323451293,0.9047597961583709,0.004420133142873097,0.7278698429653817,76.2,0.41443885472783853,1.0373666685889475,0.0022129149874672294,0.8935507016722113,0.8957636166596785,0.3621650682549349,0.0004462698336022892,0.6913482692074946,0.005822423358704121,0.45348821204332707,0.001422002430682136,0.00012352240144717554,128.33333333333334,1.221810867025816,0.8957636166596785,1,0.39242698427174183,0.9051894089246624,0.7224984341051125,76,-0.030261916016806945,-0.03081598497957805,-0.030548403759762532,-0.21341152695087628,-0.21384113971716778,-0.27438163092205464,1.1580808254495867,1.1609488601459277,0.39233587901278677,0.9559079982725397,0.9354491115142337,105,8.0
A,dcsbm,leiden,25,3,1,0,24.635,0.5976,0.12498044410841758,0.001480996797841278,3,ok,1.765,10000,122608,24.5216,100,0.5985498499282266,100,100,0,425,1.4895059837312994,random,0.2,0.2,0.2,ok,0.06926,24522,0.3927134720146974,0.0002782444497452253,0.39298105323451293,0.9047597961583709,0.004420133142873097,0.7278698429653817,76.2,0.41443885472783853,1.0373666685889475,0.0016723769949749112,0.6753685056852797,0.6770408826802546,0.17306403416601243,0.006279409466111525,0.24387998766666116,0.008852515170205997,0.08530434444296342,0.000300618539971934,4.273098515923616e-05,984.0,4.926819001651734,0.6770408826802546,1,0.39242698427174183,0.9051894089246624,0.7224984341051125,76,-0.2193629501057294,-0.2199170190685005,-0.219649437848685,-0.6608798084917097,-0.6613094212580012,-0.6425654985224183,1.5322068358445993,1.5360009533408094,0.11094478536737688,0.4330010395983263,0.09540958375490749,1371,60.0
A,dcsbm,leiden,25,3,1,0,24.635,0.5976,0.12498044410841758,0.001480996797841278,3,ok,1.765,10000,122608,24.5216,100,0.5985498499282266,100,100,0,425,1.4895059837312994,random,0.15,0.15,0.15,ok,0.06926,18391,0.3927134720146974,0.0002782444497452253,0.39298105323451293,0.9047597961583709,0.004420133142873097,0.7278698429653817,76.2,0.41443885472783853,1.0373666685889475,0.0018859709962271154,0.6448834966868162,0.6467694676830433,0.1161307911847196,0.0015699057163636833,0.165323953631443,0.00193125639597663,0.04451117024173986,0.00024057035103200366,3.1342096732129745e-05,1633.0,5.794894202835454,0.6467694676830433,1,0.39242698427174183,0.9051894089246624,0.7224984341051125,76,-0.27629619308702225,-0.27685026204979335,-0.27658268082997783,-0.7394358425269278,-0.7398654552932193,-0.6833586727236418,1.6039202844642022,1.6086109722431592,0.11094478536737688,0.4330010395983263,0.09540958375490749,1371,60.0
A,dcsbm,leiden,25,3,1,0,24.635,0.5976,0.12498044410841758,0.001480996797841278,3,ok,1.765,10000,122608,24.5216,100,0.5985498499282266,100,100,0,425,1.4895059837312994,random,0.05,0.05,0.05,ok,0.06926,6130,0.3927134720146974,0.0002782444497452253,0.39298105323451293,0.9047597961583709,0.004420133142873097,0.7278698429653817,76.2,0.41443885472783853,1.0373666685889475,0.0018260779906995595,0.6182702199827569,0.6200962979734564,0.04543200843900119,0.0002301794437976511,0.0923307393145709,0.0007804061593672851,0.01548351631564742,0.001046491679065855,0.00013651515800597994,5043.333333333333,4.758655153565723,0.6200962979734564,1,0.39242698427174183,0.9051894089246624,0.7224984341051125,76,-0.34699497583274064,-0.34754904479551174,-0.3472814635756962,-0.8124290568438,-0.8128586696100915,-0.7123863266497343,1.6729122105375842,1.6778532024684594,0.07610850530412543,0.2711750977490031,0.036298190063227,2523,120.0
A,dcsbm,leiden,50,1,1,0,49.423,0.61286,0.27730989758275687,0.0030516278877439173,3,ok,1.367,10000,245480,49.096,100,0.6153576666123514,100,100,4,818,1.3585811048759673,lspar,0.5,0.50432,0.796875,ok,0.03475,123800,0.37419686908675,0.000298490670810201,0.3744401106451441,0.9742949030312351,0.0042385534338293075,0.8652018801562873,86.0,0.344415299273567,1.529592286015395,0.6238809080095962,0.7789275436468112,1.4028084516564072,0.3746217662317484,1.957496745401767e-05,0.9933140188828773,0.0008126645819398742,0.9658627689749283,0.0007794777012248219,6.406454342413261e-05,96.66666666666667,0.17519120631364463,1.4028084516564072,1,0.3736351502643767,0.9661517108522035,0.822421085594953,82,0.0009866159673717068,0.00018165558660432346,0.00042489714499843734,0.019019115851642177,0.027162308030673765,0.10066088881864099,1.0903785789209381,1.9637157505743017,0.37437699176307265,0.9942922325189871,0.9694961076731068,97,2.0
A,dcsbm,leiden,50,1,1,0,49.423,0.61286,0.27730989758275687,0.0030516278877439173,3,ok,1.367,10000,245480,49.096,100,0.6153576666123514,100,100,4,818,1.3585811048759673,lspar,0.2,0.20256,0.5,ok,0.03475,49725,0.37419686908675,0.000298490670810201,0.3744401106451441,0.9742949030312351,0.0042385534338293075,0.8652018801562873,86.0,0.344415299273567,1.529592286015395,0.5903627070365474,0.3663086233233723,0.9566713303599197,0.3588112772147301,0.0003427267272372855,0.9835292129627046,0.0022614928775373695,0.915801102070238,-4.961603631128156e-05,-1.551675527506689e-05,97.0,0.335673496925361,0.9566713303599197,1,0.3736351502643767,0.9661517108522035,0.822421085594953,82,-0.014823873049646608,-0.01562883343041399,-0.015385591872019877,0.009234309931469453,0.017377502110501042,0.05059922191395072,1.5988691596307485,4.1756928137208815,0.37437699176307265,0.9942922325189871,0.9694961076731068,97,2.0
A,dcsbm,leiden,50,1,1,0,49.423,0.61286,0.27730989758275687,0.0030516278877439173,3,ok,1.367,10000,245480,49.096,100,0.6153576666123514,100,100,4,818,1.3585811048759673,lspar,0.15,0.15088,0.40625,ok,0.03475,37038,0.37419686908675,0.000298490670810201,0.3744401106451441,0.9742949030312351,0.0042385534338293075,0.8652018801562873,86.0,0.344415299273567,1.529592286015395,0.6040895330370404,0.3341300049990726,0.9382195380361129,0.3637844236256902,0.0002496623568078973,0.9879916494436044,0.001162441910185433,0.9607961478200897,-0.0013325274722429316,-0.00013959361465607867,98.33333333333333,0.18753554243699622,0.9382195380361129,1,0.3736351502643767,0.9661517108522035,0.822421085594953,82,-0.009850726638686524,-0.010655687019453908,-0.010412445461059794,0.013696746412369287,0.021839938591400876,0.09559426766380241,1.6303138274194835,4.5778357619203955,0.3744781283042415,0.9958805754350525,0.9790979350899579,98,3.0
A,dcsbm,leiden,50,1,1,0,49.423,0.61286,0.27730989758275687,0.0030516278877439173,3,ok,1.367,10000,245480,49.096,100,0.6153576666123514,100,100,4,818,1.3585811048759673,lspar,0.05,0.03475,0.0,ok,0.03475,8530,0.37419686908675,0.000298490670810201,0.3744401106451441,0.9742949030312351,0.0042385534338293075,0.8652018801562873,86.0,0.344415299273567,1.529592286015395,0.7073947209864855,0.3496298630100985,1.057024583996584,0.07955030688761915,0.0,0.6510599782896415,1.1102230246251565e-16,0.23079641797477746,-0.00017403689414474728,-1.6318586092568187e-05,1470.0,1.0386461380085135,1.057024583996584,1,0.3736351502643767,0.9661517108522035,0.822421085594953,82,-0.29408484337675755,-0.29488980375752494,-0.2946465621991308,-0.32323492474159365,-0.31509173256256207,-0.6344054621815098,1.4470735204966039,4.374890270660933,0.07247803191926795,0.552434875919037,0.13214638753094068,1494,60.0
A,dcsbm,leiden,50,1,1,0,49.423,0.61286,0.27730989758275687,0.0030516278877439173,3,ok,1.367,10000,245480,49.096,100,0.6153576666123514,100,100,4,818,1.3585811048759673,dspar,0.5,0.50052,0.5,ok,0.03475,122867,0.37419686908675,0.000298490670810201,0.3744401106451441,0.9742949030312351,0.0042385534338293075,0.8652018801562873,86.0,0.344415299273567,1.529592286015395,0.08711566001875326,1.211146598662405,1.2982622586811583,0.3742453647714627,2.3254874706410542e-05,0.9773511894330088,0.00016334286661154709,0.8885497710771316,0.00022558426766297192,-1.0310703962079973e-05,88.0,0.3001878982351705,1.2982622586811583,1,0.3736351502643767,0.9661517108522035,0.822421085594953,82,0.0006102145070859821,-0.00019474587368140117,4.8495684712712706e-05,0.003056286401773689,0.011199478580805278,0.023347890920844327,1.178184358196805,1.2629291018153233,0.3736351502643767,0.9661517108522035,0.822421085594953,82,1.0
A,dcsbm,leiden,50,1,1,0,49.423,0.61286,0.27730989758275687,0.0030516278877439173,3,ok,1.367,10000,245480,49.096,100,0.6153576666123514,100,100,4,818,1.3585811048759673,dspar,0.2,0.19947,0.2,ok,0.03475,48965,0.37419686908675,0.000298490670810201,0.3744401106451441,0.9742949030312351,0.0042385534338293075,0.8652018801562873,86.0,0.344415299273567,1.529592286015395,0.08560069202212617,1.0722544660287288,1.157855158050855,0.31034184739521326,0.00695878227284816,0.6936429120190913,0.02331633504460383,0.3698091843407652,0.00015974673827753839,6.183440847121721e-05,42.666666666666664,0.4716897240590914,1.157855158050855,1,0.3736351502643767,0.9661517108522035,0.822421085594953,82,-0.06329330286916346,-0.06409826324993084,-0.06385502169153673,-0.2806519910121438,-0.2725087988331122,-0.4953926958155221,1.3210566756815474,1.4265198555716838,0.37065937461342785,0.8699752370496425,0.4918831439169776,41,0.75
A,dcsbm,leiden,50,1,1,0,49.423,0.61286,0.27730989758275687,0.0030516278877439173,3,ok,1.367,10000,245480,49.096,100,0.6153576666123514,100,100,4,818,1.3585811048759673,dspar,0.15,0.14972,0.15,ok,0.03475,36754,0.37419686908675,0.000298490670810201,0.3744401106451441,0.9742949030312351,0.0042385534338293075,0.8652018801562873,86.0,0.344415299273567,1.529592286015395,0.0891479339916259,0.9036183373342889,0.9927662713259148,0.18602424084246164,0.006956345915484022,0.4017388290424499,0.01884790627988298,0.14784798050151846,0.0006535514908078119,6.727908895755118e-05,54.0,1.032288342333007,0.9927662713259148,1,0.3736351502643767,0.9661517108522035,0.822421085594953,82,-0.18761090942191508,-0.18841586980268246,-0.18817262824428835,-0.5725560739887852,-0.5644128818097536,-0.7173538996547688,1.5407375635077813,1.6927415290483756,0.37065937461342785,0.8699752370496425,0.4918831439169776,41,0.75
A,dcsbm,leiden,50,1,1,0,49.423,0.61286,0.27730989758275687,0.0030516278877439173,3,ok,1.367,10000,245480,49.096,100,0.6153576666123514,100,100,4,818,1.3585811048759673,dspar,0.05,0.04976,0.05,ok,0.03475,12215,0.37419686908675,0.000298490670810201,0.3744401106451441,0.9742949030312351,0.0042385534338293075,0.8652018801562873,86.0,0.344415299273567,1.529592286015395,0.0882096269633621,0.541587659662279,0.629797286625641,0.043671700932623785,0.0002784527618870221,0.12681208594690474,0.002090933649533371,0.022821618119724246,-0.0003896466189431857,-2.2309516520557173e-06,1531.6666666666667,4.484480003381105,0.629797286625641,1,0.3736351502643767,0.9661517108522035,0.822421085594953,82,-0.3299634493317529,-0.3307684097125203,-0.3305251681541262,-0.8474828170843304,-0.8393396249052988,-0.842380262036563,2.4287057415104467,2.8242746279876685,0.07247803191926795,0.552434875919037,0.13214638753094068,1494,60.0
A,dcsbm,leiden,50,1,1,0,49.423,0.61286,0.27730989758275687,0.0030516278877439173,3,ok,1.367,10000,245480,49.096,100,0.6153576666123514,100,100,4,818,1.3585811048759673,random,0.5,0.5,0.5,ok,0.03475,122740,0.37419686908675,0.000298490670810201,0.3744401106451441,0.9742949030312351,0.0042385534338293075,0.8652018801562873,86.0,0.344415299273567,1.529592286015395,0.004648928006645292,1.1364556139839503,1.1411045419905956,0.3680604328983794,0.0003923480038268542,0.9059047781732662,0.0027293899509947053,0.7039676821142725,-5.2270948264084245e-05,-2.9409798342029917e-06,74.0,0.4689801046052408,1.1411045419905956,1,0.3736351502643767,0.9661517108522035,0.822421085594953,82,-0.005574717365997295,-0.006379677746764678,-0.006136436188370564,-0.06839012485796891,-0.060246932678937326,-0.16123419804201478,1.3404488631226577,1.3459322715238016,0.3736351502643767,0.9661517108522035,0.822421085594953,82,1.0
A,dcsbm,leiden,50,1,1,0,49.423,0.61286,0.27730989758275687,0.0030516278877439173,3,ok,1.367,10000,245480,49.096,100,0.6153576666123514,100,100,4,818,1.3585811048759673,random,0.2,0.2,0.2,ok,0.03475,49096,0.37419686908675,0.000298490670810201,0.3744401106451441,0.9742949030312351,0.0042385534338293075,0.8652018801562873,86.0,0.344415299273567,1.529592286015395,0.0040439749718643725,0.925870729649129,0.9299147046209933,0.2708241411376756,0.005644927194313922,0.5326824757939332,0.020998311795836017,0.23017684538344643,0.00031750763040290275,1.671175942456641e-05,178.33333333333334,2.2974428193370904,0.9299147046209933,1,0.3736351502643767,0.9661517108522035,0.822421085594953,82,-0.1028110091267011,-0.10361596950746849,-0.10337272794907437,-0.4416124272373019,-0.4334692350582703,-0.6350250347728409,1.6448737485432205,1.6520581513523538,0.3742304695935264,0.999230484578977,0.9988835774602075,101,15.0
A,dcsbm,leiden,50,1,1,0,49.423,0.61286,0.27730989758275687,0.0030516278877439173,3,ok,1.367,10000,245480,49.096,100,0.6153576666123514,100,100,4,818,1.3585811048759673,random,0.15,0.15,0.15,ok,0.03475,36822,0.37419686908675,0.000298490670810201,0.3744401106451441,0.9742949030312351,0.0042385534338293075,0.8652018801562873,86.0,0.344415299273567,1.529592286015395,0.003963391005527228,0.8359337656681115,0.8398971566736387,0.16948400044948778,0.0028928030349057456,0.31800629560880816,0.0036543156135967233,0.09981424339127352,0.0007033793034828818,2.1514917152674104e-05,386.6666666666667,3.9552770711699132,0.8398971566736387,1,0.3736351502643767,0.9661517108522035,0.822421085594953,82,-0.20415114981488894,-0.20495611019565632,-0.2047128686372622,-0.656288607422427,-0.6481454152433954,-0.7653876367650138,1.8211661676213449,1.829800815370682,0.2974368432323707,0.9082407308613804,0.8472180862842305,325,30.0
A,dcsbm,leiden,50,1,1,0,49.423,0.61286,0.27730989758275687,0.0030516278877439173,3,ok,1.367,10000,245480,49.096,100,0.6153576666123514,100,100,4,818,1.3585811048759673,random,0.05,0.05,0.05,ok,0.03475,12274,0.37419686908675,0.000298490670810201,0.3744401106451441,0.9742949030312351,0.0042385534338293075,0.8652018801562873,86.0,0.344415299273567,1.529592286015395,0.0038249559584073722,0.6019988620149282,0.6058238179733356,0.03968349022943527,0.00022155381454006854,0.11278545996267227,0.0025280849048174544,0.02052449791150245,-0.0002495568140746678,-4.077501771633017e-05,2625.6666666666665,5.680313048178429,0.6058238179733356,1,0.3736351502643767,0.9661517108522035,0.822421085594953,82,-0.3339516600349414,-0.3347566204157088,-0.3345133788573147,-0.8615094430685628,-0.8533662508895312,-0.8446773822447848,2.5248137175133607,2.5408557765304622,0.04053200253113377,0.3223003205980191,0.043939599763853324,3144,120.0
A,dcsbm,leiden,50,2,1,0,49.423,0.61286,0.29125548714078586,0.0030632750271784733,4,ok,1.367,10000,245996,49.1992,100,0.6128189076245142,100,100,4,858,1.4098021006619958,lspar,0.5,0.49857,0.792969,ok,0.03424,122645,0.37659596884858815,0.0003040305584439144,0.37698373683756964,0.980790014561926,0.0036739089732719605,0.8846509622652843,90.0,0.35369954623919614,1.518676449218765,0.6511133659514599,0.7312530616763979,1.3823664276278578,0.37715638057245143,0.0,0.9975982645350522,1.1102230246251565e-16,0.9889939142690639,0.001542698950553946,0.00014063395668596158,99.0,0.0980402978371649,1.3823664276278578,1,0.3763490148859758,0.9747794668599384,0.8513943256801669,87,0.0008073656864756584,0.0001726437348817944,0.0005604117238632855,0.016808249973126133,0.022818797675113744,0.10434295200377963,1.0986062876431506,2.0768137992300484,0.3770398880208043,0.997867227224589,0.9892959913900445,99,1.5
A,dcsbm,leiden,50,2,1,0,49.423,0.61286,0.29125548714078586,0.0030632750271784733,4,ok,1.367,10000,245996,49.1992,100,0.6128189076245142,100,100,4,858,1.4098021006619958,lspar,0.2,0.19983,0.5,ok,0.03424,49157,0.37659596884858815,0.0003040305584439144,0.37698373683756964,0.980790014561926,0.0036739089732719605,0.8846509622652843,90.0,0.35369954623919614,1.518676449218765,0.6092674219980836,0.36229542299406603,0.9715628449921496,0.3493570221984814,0.0005438718639733683,0.9843015581853392,0.0009242248777928694,0.9498184269460109,0.00030264184345183293,6.914230520238326e-05,98.66666666666667,0.21846684036275263,0.9715628449921496,1,0.3763490148859758,0.9747794668599384,0.8513943256801669,87,-0.02699199268749436,-0.027626714639088223,-0.027238946650106732,0.0035115436234131048,0.009522091325400717,0.06516746468072665,1.5631273437911637,4.19181792766849,0.3770398880208043,0.997867227224589,0.9892959913900445,99,1.5
A,dcsbm,leiden,50,2,1,0,49.423,0.61286,0.29125548714078586,0.0030632750271784733,4,ok,1.367,10000,245996,49.1992,100,0.6128189076245142,100,100,4,858,1.4098021006619958,lspar,0.15,0.14887,0.40625,ok,0.03424,36621,0.37659596884858815,0.0003040305584439144,0.37698373683756964,0.980790014561926,0.0036739089732719605,0.8846509622652843,90.0,0.35369954623919614,1.518676449218765,0.6194711980060674,0.34162562066921964,0.9610968186752871,0.35959961894038717,0.0,0.9914624969469793,1.1102230246251565e-16,0.9861297099302541,0.0003583355849705739,8.102029668064164e-05,100.0,0.04907137658554119,0.9610968186752871,1,0.3763490148859758,0.9747794668599384,0.8513943256801669,87,-0.016749395945588608,-0.01738411789718247,-0.01699634990820098,0.01067248238505325,0.016683030087040862,0.10147874766496978,1.5801492833073876,4.445440732003029,0.37715981805617327,0.9995837327225369,0.9993909412211157,100,3.0
A,dcsbm,leiden,50,2,1,0,49.423,0.61286,0.29125548714078586,0.0030632750271784733,4,ok,1.367,10000,245996,49.1992,100,0.6128189076245142,100,100,4,858,1.4098021006619958,lspar,0.05,0.06565,0.0625,ok,0.03424,16149,0.37659596884858815,0.0003040305584439144,0.37698373683756964,0.980790014561926,0.0036739089732719605,0.8846509622652843,90.0,0.35369954623919614,1.518676449218765,0.7239633499411866,0.3065875763228784,1.030550926264065,0.3681098874435751,0.0004955278610964174,0.9914623807668496,0.0011275874123954494,0.98433980807221,0.0002631010616608908,6.075912809420821e-06,104.66666666666667,0.22326089083150713,1.030550926264065,1,0.3763490148859758,0.9747794668599384,0.8513943256801669,87,-0.008239127442400684,-0.008873849393994548,-0.008486081405013057,0.010672366204923511,0.016682913906911123,0.09968884580692572,1.4736549262288705,4.9534833323428344,0.37640200978473176,0.9993998231052987,0.9990936201054319,102,15.0
A,dcsbm,leiden,50,2,1,0,49.423,0.61286,0.29125548714078586,0.0030632750271784733,4,ok,1.367,10000,245996,49.1992,100,0.6128189076245142,100,100,4,858,1.4098021006619958,dspar,0.5,0.49936,0.5,ok,0.03424,122840,0.37659596884858815,0.0003040305584439144,0.37698373683756964,0.980790014561926,0.0036739089732719605,0.8846509622652843,90.0,0.35369954623919614,1.518676449218765,0.0863964959862642,1.1426633819743681,1.2290598779606323,0.3768984377039961,1.1942390850185953e-05,0.9816058044484554,6.970052229318555e-05,0.9058519916477992,0.0008130551256614495,9.98160384734601e-05,90.0,0.28212688089287824,1.2290598779606323,1,0.3763490148859758,0.9747794668599384,0.8513943256801669,87,0.0005494228180203398,-8.529913357352426e-05,0.00030246885540796686,0.0008157898865293056,0.0068263375885169175,0.02120102938251489,1.235640733581419,1.3290672241502104,0.3763490148859758,0.9747794668599384,0.8513943256801669,87,1.0
A,dcsbm,leiden,50,2,1,0,49.423,0.61286,0.29125548714078586,0.0030632750271784733,4,ok,1.367,10000,245996,49.1992,100,0.6128189076245142,100,100,4,858,1.4098021006619958,dspar,0.2,0.19809,0.2,ok,0.03424,48729,0.37659596884858815,0.0003040305584439144,0.37698373683756964,0.980790014561926,0.0036739089732719605,0.8846509622652843,90.0,0.35369954623919614,1.518676449218765,0.0900141799938865,1.0141208766532752,1.1041350566471617,0.3164859673637825,0.006388951325104452,0.6950792787338332,0.02157694553531462,0.3196460103573545,-0.0004213594407287509,-5.3434743022818366e-05,43.333333333333336,0.7620395609602214,1.1041350566471617,1,0.3763490148859758,0.9747794668599384,0.8513943256801669,87,-0.05986304752219329,-0.060497769473787155,-0.060110001484805664,-0.2857107358280928,-0.2797001881261052,-0.5650049519079298,1.375444462229474,1.497530012625897,0.35546194022921185,0.8000507730258686,0.21122429412337254,34,0.75
A,dcsbm,leiden,50,2,1,0,49.423,0.61286,0.29125548714078586,0.0030632750271784733,4,ok,1.367,10000,245996,49.1992,100,0.6128189076245142,100,100,4,858,1.4098021006619958,dspar,0.15,0.14855,0.15,ok,0.03424,36543,0.37659596884858815,0.0003040305584439144,0.37698373683756964,0.980790014561926,0.0036739089732719605,0.8846509622652843,90.0,0.35369954623919614,1.518676449218765,0.0852510069962591,0.894462542317342,0.9797135493136011,0.20847117072501678,0.0028533069580205916,0.4549308413376136,0.0018378162380029213,0.183114339418435,-5.251832830979066e-05,-3.2571786594440696e-05,59.333333333333336,1.0399572062403184,0.9797135493136011,1,0.3763490148859758,0.9747794668599384,0.8513943256801669,87,-0.167877844160959,-0.16851256611255286,-0.16812479812357137,-0.5258591732243125,-0.5198486255223249,-0.7015366228468493,1.5501229418361802,1.6978647817763632,0.35546194022921185,0.8000507730258686,0.21122429412337254,34,0.75
A,dcsbm,leiden,50,2,1,0,49.423,0.61286,0.29125548714078586,0.0030632750271784733,4,ok,1.367,10000,245996,49.1992,100,0.6128189076245142,100,100,4,858,1.4098021006619958,dspar,0.05,0.05005,0.05,ok,0.03424,12312,0.37659596884858815,0.0003040305584439144,0.37698373683756964,0.980790014561926,0.0036739089732719605,0.8846509622652843,90.0,0.35369954623919614,1.518676449218765,0.08413127798121423,0.5269969096407294,0.6111281876219437,0.04463681145808396,0.000676779936965993,0.13417469008255586,0.002245104007084228,0.024507351577223738,0.0002884824471226133,3.290668902649143e-05,1460.0,4.337994087736757,0.6111281876219437,1,0.3763490148859758,0.9747794668599384,0.8513943256801669,87,-0.3317122034278918,-0.3323469253794857,-0.3319591573905042,-0.8466153244793702,-0.8406047767773825,-0.8601436106880606,2.4850374765535266,2.881755891612524,0.07369553006847841,0.5622099090910745,0.1394023433182945,1454,60.0
A,dcsbm,leiden,50,2,1,0,49.423,0.61286,0.29125548714078586,0.0030632750271784733,4,ok,1.367,10000,245996,49.1992,100,0.6128189076245142,100,100,4,858,1.4098021006619958,random,0.5,0.5,0.5,ok,0.03424,122998,0.37659596884858815,0.0003040305584439144,0.37698373683756964,0.980790014561926,0.0036739089732719605,0.8846509622652843,90.0,0.35369954623919614,1.518676449218765,0.004961199010722339,1.1588284679649707,1.163789666975693,0.37118387508692835,3.892684872554948e-05,0.9090897376363417,0.0037048200067671968,0.7193859015479314,-0.0014919705877594021,-0.00012930856145733648,70.0,0.35340327651012143,1.163789666975693,1,0.3763490148859758,0.9747794668599384,0.8513943256801669,87,-0.005165139799047425,-0.005799861750641289,-0.0054120937616597975,-0.07170027692558434,-0.06568972922359673,-0.16526506071735292,1.3049406540662163,1.3105273914143019,0.3763490148859758,0.9747794668599384,0.8513943256801669,87,1.0
A,dcsbm,leiden,50,2,1,0,49.423,0.61286,0.29125548714078586,0.0030632750271784733,4,ok,1.367,10000,245996,49.1992,100,0.6128189076245142,100,100,4,858,1.4098021006619958,random,0.2,0.2,0.2,ok,0.03424,49199,0.37659596884858815,0.0003040305584439144,0.37698373683756964,0.980790014561926,0.0036739089732719605,0.8846509622652843,90.0,0.35369954623919614,1.518676449218765,0.004220102971885353,0.990063592675142,0.9942836956470273,0.2609465488157331,0.002680775362939004,0.5134718482314252,0.007913743854322345,0.2170586089064208,0.0009174870046918124,0.00011428611024490722,174.33333333333334,2.2725534864363404,0.9942836956470273,1,0.3763490148859758,0.9747794668599384,0.8513943256801669,87,-0.11540246607024268,-0.11603718802183655,-0.11564942003285505,-0.46731816633050083,-0.4613076186285132,-0.6675923533588635,1.527407575793034,1.533918084105402,0.37640200978473176,0.9993998231052987,0.9990936201054319,102,15.0
A,dcsbm,leiden,50,2,1,0,49.423,0.61286,0.29125548714078586,0.0030632750271784733,4,ok,1.367,10000,245996,49.1992,100,0.6128189076245142,100,100,4,858,1.4098021006619958,random,0.15,0.15,0.15,ok,0.03424,36899,0.37659596884858815,0.0003040305584439144,0.37698373683756964,0.980790014561926,0.0036739089732719605,0.8846509622652843,90.0,0.35369954623919614,1.518676449218765,0.003866630024276674,0.8312065119971521,0.8350731420214288,0.14914616646455967,0.0035684926543025864,0.2752767085044034,0.006908646833254279,0.07646623518530707,-0.00024259403744661436,2.005557691643025e-05,374.6666666666667,4.149377297933467,0.8350731420214288,1,0.3763490148859758,0.9747794668599384,0.8513943256801669,87,-0.2272028484214161,-0.22783757037300997,-0.22744980238402848,-0.7055133060575227,-0.6995027583555351,-0.8081847270799772,1.8186148886821631,1.8270747729945218,0.3072944802386205,0.926007366799538,0.8790310843158117,303,30.0
A,dcsbm,leiden,50,2,1,0,49.423,0.61286,0.29125548714078586,0.0030632750271784733,4,ok,1.367,10000,245996,49.1992,100,0.6128189076245142,100,100,4,858,1.4098021006619958,random,0.05,0.05,0.05,ok,0.03424,12300,0.37659596884858815,0.0003040305584439144,0.37698373683756964,0.980790014561926,0.0036739089732719605,0.8846509622652843,90.0,0.35369954623919614,1.518676449218765,0.003205362008884549,0.6237989306876747,0.6270042926965592,0.03913730134867071,0.0014583810500016304,0.10895089243755872,0.005701094923299535,0.01978841254643027,-0.0006201890972169702,-0.00011275836581554624,2723.6666666666665,5.925499894308294,0.6270042926965592,1,0.3763490148859758,0.9747794668599384,0.8513943256801669,87,-0.33721171353730506,-0.3378464354888989,-0.33745866749991743,-0.8718391221243673,-0.8658285744223797,-0.864862549718854,2.4221149151744856,2.434560840853926,0.04122788135882868,0.3342245013833492,0.04579876357765971,3057,120.0
A,dcsbm,leiden,50,3,1,0,49.423,0.61286,0.28152856671316234,0.0030489315135533678,3,ok,1.367,10000,245316,49.0632,100,0.6168003717653965,100,100,4,806,1.3940361747451309,lspar,0.5,0.49973,0.792969,ok,0.03444,122592,0.3727390608294796,0.00019982744703306489,0.3729967565140734,0.97351970931464,0.0025547374052005654,0.8562591581607503,85.6,0.36661093344747786,1.519086704601068,0.6587688510771841,0.7744117640152884,1.4331806150924726,0.3731638890589723,0.0,0.9995837327225366,0.0,0.9993909412211157,-0.0015285363000892874,-0.00013674706450628123,100.0,0.002449489742783178,1.4331806150924726,1,0.37267941466318927,0.9748139209792348,0.8665551201098595,86,0.00048447439578303,0.00016713254489891805,0.00042482822949269083,0.026064023407896597,0.02476981174330184,0.14313178306036545,1.0599408676086877,1.9616007596845833,0.37317199209133106,0.9997224885013068,0.9995939604080388,100,5.0
A,dcsbm,leiden,50,3,1,0,49.423,0.61286,0.28152856671316234,0.0030489315135533678,3,ok,1.367,10000,245316,49.0632,100,0.6168003717653965,100,100,4,806,1.3940361747451309,lspar,0.2,0.20133,0.5,ok,0.03444,49390,0.3727390608294796,0.00019982744703306489,0.3729967565140734,0.97351970931464,0.0025547374052005654,0.8562591581607503,85.6,0.36661093344747786,1.519086704601068,0.6158526460640132,0.3697220006530794,0.9855746467170927,0.34485764198711655,0.0005267505177027653,0.9843537211270692,0.0002665935890720225,0.9557901825212897,-0.0009126176598280439,-8.510645949058209e-05,99.0,0.19339219304342659,0.9855746467170927,1,0.37267941466318927,0.9748139209792348,0.8665551201098595,86,-0.02782177267607272,-0.028139114526956832,-0.02788141884236306,0.010834011812429156,0.009539800147834399,0.0995310243605394,1.5413208016877071,4.108726832370655,0.3730654252433857,0.9980060233023693,0.9894969904950083,99,3.0
A,dcsbm,leiden,50,3,1,0,49.423,0.61286,0.28152856671316234,0.0030489315135533678,3,ok,1.367,10000,245316,49.0632,100,0.6168003717653965,100,100,4,806,1.3940361747451309,lspar,0.15,0.15012,0.40625,ok,0.03444,36828,0.3727390608294796,0.00019982744703306489,0.3729967565140734,0.97351970931464,0.0025547374052005654,0.8562591581607503,85.6,0.36661093344747786,1.519086704601068,0.6284096040180884,0.3434299796742077,0.9718395836922962,0.35281255917068616,0.00045377508526403613,0.987919456277173,0.0008738627005900631,0.9712457953236183,0.0016291922165226147,0.00014613513681922013,99.33333333333333,0.12675399618710673,0.9718395836922962,1,0.37267941466318927,0.9748139209792348,0.8665551201098595,86,-0.01986685549250311,-0.020184197343387222,-0.01992650165879345,0.014399746962532989,0.013105535297938231,0.11498663716286806,1.5631043745199427,4.423279254892478,0.3730654252433857,0.9980060233023693,0.9894969904950083,99,3.0
A,dcsbm,leiden,50,3,1,0,49.423,0.61286,0.28152856671316234,0.0030489315135533678,3,ok,1.367,10000,245316,49.0632,100,0.6168003717653965,100,100,4,806,1.3940361747451309,lspar,0.05,0.03444,0.0,ok,0.03444,8448,0.3727390608294796,0.00019982744703306489,0.3729967565140734,0.97351970931464,0.0025547374052005654,0.8562591581607503,85.6,0.36661093344747786,1.519086704601068,0.731890762981493,0.3620762609837887,1.0939670239652817,0.0781469348798477,0.0,0.6415754126531883,0.0,0.2278385454576658,-0.0002447877576999284,-1.6641798229507695e-05,1552.0,1.0792120088286636,1.0939670239652817,1,0.37267941466318927,0.9748139209792348,0.8665551201098595,86,-0.29453247978334157,-0.2948498216342257,-0.2945921259496319,-0.33194429666145175,-0.3332385083260465,-0.6284206127030845,1.388603743369579,4.1954882666805995,0.07300670048878344,0.5576061935801758,0.13598180748059793,1479,60.0
A,dcsbm,leiden,50,3,1,0,49.423,0.61286,0.28152856671316234,0.0030489315135533678,3,ok,1.367,10000,245316,49.0632,100,0.6168003717653965,100,100,4,806,1.3940361747451309,dspar,0.5,0.50081,0.5,ok,0.03444,122857,0.3727390608294796,0.00019982744703306489,0.3729967565140734,0.97351970931464,0.0025547374052005654,0.8562591581607503,85.6,0.36661093344747786,1.519086704601068,0.09134480700595304,1.173463869354843,1.264808676360796,0.3728304836410207,8.003186307487066e-06,0.969521672778599,0.0005949783127179455,0.847737836659034,-0.0007965173753318957,-7.732036934163189e-05,83.33333333333333,0.34928224551550624,1.264808676360796,1,0.37267941466318927,0.9748139209792348,0.8665551201098595,86,0.0001510689778314589,-0.00016627287305265304,9.142281154111975e-05,-0.0039980365360410275,-0.005292248200635785,-0.00852132150171625,1.2010407052012801,1.294532149026663,0.37267941466318927,0.9748139209792348,0.8665551201098595,86,1.0
A,dcsbm,leiden,50,3,1,0,49.423,0.61286,0.28152856671316234,0.0030489315135533678,3,ok,1.367,10000,245316,49.0632,100,0.6168003717653965,100,100,4,806,1.3940361747451309,dspar,0.2,0.20072,0.2,ok,0.03444,49239,0.3727390608294796,0.00019982744703306489,0.3729967565140734,0.97351970931464,0.0025547374052005654,0.8562591581607503,85.6,0.36661093344747786,1.519086704601068,0.09018481394741684,1.0640553913350839,1.1542402052825007,0.3098081279068357,0.002480902285456875,0.6905098859747157,0.0058474105349757095,0.31783325779211136,0.000616828487579198,8.014219319515091e-05,45.333333333333336,0.7845740958186319,1.1542402052825007,1,0.37267941466318927,0.9748139209792348,0.8665551201098595,86,-0.06287128675635356,-0.06318862860723767,-0.0629309329226439,-0.2830098233399243,-0.28430403500451906,-0.5384259003686389,1.3160923503173856,1.427638746038447,0.369341770998529,0.8578423912492739,0.46984008480398765,36,0.75
A,dcsbm,leiden,50,3,1,0,49.423,0.61286,0.28152856671316234,0.0030489315135533678,3,ok,1.367,10000,245316,49.0632,100,0.6168003717653965,100,100,4,806,1.3940361747451309,dspar,0.15,0.15009,0.15,ok,0.03444,36820,0.3727390608294796,0.00019982744703306489,0.3729967565140734,0.97351970931464,0.0025547374052005654,0.8562591581607503,85.6,0.36661093344747786,1.519086704601068,0.09120299201458693,0.8715141586532505,0.9627171506678375,0.20759438545568928,0.013123002652651884,0.4558945812367128,0.03137280568324773,0.1957290829917171,-0.0005991463767065084,-2.4437131265625075e-05,57.0,0.912710231522623,0.9627171506678375,1,0.37267941466318927,0.9748139209792348,0.8665551201098595,86,-0.16508502920749998,-0.1654023710583841,-0.16514467537379032,-0.5176251280779273,-0.518919339742522,-0.6605300751690332,1.577915905567151,1.7430430584725214,0.369341770998529,0.8578423912492739,0.46984008480398765,36,0.75
A,dcsbm,leiden,50,3,1,0,49.423,0.61286,0.28152856671316234,0.0030489315135533678,3,ok,1.367,10000,245316,49.0632,100,0.6168003717653965,100,100,4,806,1.3940361747451309,dspar,0.05,0.04983,0.05,ok,0.03444,12225,0.3727390608294796,0.00019982744703306489,0.3729967565140734,0.97351970931464,0.0025547374052005654,0.8562591581607503,85.6,0.36661093344747786,1.519086704601068,0.08907251298660412,0.5319257913312564,0.6209983043178605,0.04495048569849346,0.000846605250054502,0.13527912092213923,0.0011296026402715202,0.025198196855178625,-0.00028962998350514133,-3.8698297983020374e-05,1497.0,4.32065801932697,0.6209983043178605,1,0.37267941466318927,0.9748139209792348,0.8665551201098595,86,-0.3277289289646958,-0.3280462708155799,-0.32778857513098614,-0.8382405883925008,-0.8395348000570956,-0.8310609613055716,2.446201050854267,2.8558244953666065,0.07300670048878344,0.5576061935801758,0.13598180748059793,1479,60.0
A,dcsbm,leiden,50,3,1,0,49.423,0.61286,0.28152856671316234,0.0030489315135533678,3,ok,1.367,10000,245316,49.0632,100,0.6168003717653965,100,100,4,806,1.3940361747451309,random,0.5,0.5,0.5,ok,0.03444,122658,0.3727390608294796,0.00019982744703306489,0.3729967565140734,0.97351970931464,0.0025547374052005654,0.8562591581607503,85.6,0.36661093344747786,1.519086704601068,0.004733957001008093,1.1478578073050205,1.1525917643060286,0.3662164672768895,0.0010353652550364367,0.903953981254015,0.006589199854971553,0.6720995477759706,-0.00011787154926494853,-1.4271535466943464e-05,68.0,0.45484846009017166,1.1525917643060286,1,0.37267941466318927,0.9748139209792348,0.8665551201098595,86,-0.006462947386299767,-0.0067802892371838785,-0.006522593552590106,-0.069565728060625,-0.07085993972521976,-0.18415961038477968,1.3179746304327489,1.3234101775790779,0.37267941466318927,0.9748139209792348,0.8665551201098595,86,1.0
A,dcsbm,leiden,50,3,1,0,49.423,0.61286,0.28152856671316234,0.0030489315135533678,3,ok,1.367,10000,245316,49.0632,100,0.6168003717653965,100,100,4,806,1.3940361747451309,random,0.2,0.2,0.2,ok,0.03444,49063,0.3727390608294796,0.00019982744703306489,0.3729967565140734,0.97351970931464,0.0025547374052005654,0.8562591581607503,85.6,0.36661093344747786,1.519086704601068,0.0033158049918711185,0.95758752701416,0.9609033320060311,0.24827504308608953,0.008257963383693787,0.4858992510865692,0.014457691671526558,0.20127396055742786,-0.001180727339376282,2.883146392786874e-06,158.33333333333334,2.1743738868953013,0.9609033320060311,1,0.37267941466318927,0.9748139209792348,0.8665551201098595,86,-0.12440437157709974,-0.12472171342798385,-0.12446401774339008,-0.4876204582280709,-0.48891466989266563,-0.6549851976033224,1.5808944084206107,1.5863685164506172,0.3731494948023136,0.9996532508864202,0.9994938299716514,103,15.0
A,dcsbm,leiden,50,3,1,0,49.423,0.61286,0.28152856671316234,0.0030489315135533678,3,ok,1.367,10000,245316,49.0632,100,0.6168003717653965,100,100,4,806,1.3940361747451309,random,0.15,0.15,0.15,ok,0.03444,36797,0.3727390608294796,0.00019982744703306489,0.3729967565140734,0.97351970931464,0.0025547374052005654,0.8562591581607503,85.6,0.36661093344747786,1.519086704601068,0.0034699090174399316,0.8289026026808036,0.8323725116982436,0.14501196336157418,0.004815894407462085,0.2705231947394303,0.01450292911624077,0.07546047525092815,-0.0006833321600386379,-7.903000740843446e-05,364.6666666666667,4.032424168280727,0.8323725116982436,1,0.37267941466318927,0.9748139209792348,0.8665551201098595,86,-0.2276674513016151,-0.2279847931524992,-0.22772709746790543,-0.7029965145752097,-0.7042907262398045,-0.7807986829098221,1.825008254419358,1.8326480091727286,0.29449793064612045,0.914199347422278,0.8528769804774752,314,30.0
A,dcsbm,leiden,50,3,1,0,49.423,0.61286,0.28152856671316234,0.0030489315135533678,3,ok,1.367,10000,245316,49.0632,100,0.6168003717653965,100,100,4,806,1.3940361747451309,random,0.05,0.05,0.05,ok,0.03444,12266,0.3727390608294796,0.00019982744703306489,0.3729967565140734,0.97351970931464,0.0025547374052005654,0.8562591581607503,85.6,0.36661093344747786,1.519086704601068,0.0033753360039554536,0.570820376665021,0.5741957126689764,0.03966248358469671,0.0004457062289247693,0.10508442375791431,0.0055086054508903205,0.01885363128371746,-0.0004379874072986016,-2.1263374631699164e-06,2605.6666666666665,5.879807639644818,0.5741957126689764,1,0.37267941466318927,0.9748139209792348,0.8665551201098595,86,-0.33301693107849256,-0.3333342729293767,-0.3330765772447829,-0.8684352855567258,-0.8697294972213205,-0.8374055268770328,2.6455904686923724,2.661234193278503,0.04167829267529633,0.3379807230693643,0.04744063855618635,3058,120.0
A,dcsbm,leiden,100,1,1,0,101.93,0.64153,0.7083880665669525,0.006628791298319278,4,ok,0.973,10000,505369,101.0738,100,0.6453284629646852,100,100,14,1569,1.254223566949353,lspar,0.5,0.49982,0.830078,ok,0.01698,252594,0.34355450335465176,0.0004568606191757931,0.34394508181962713,0.9798046477268969,0.004526645980000752,0.861612910311423,90.2,0.4240455745002457,2.602092538389843,2.1131393360556103,1.220069588336628,3.3332089243922383,0.34463579101888553,0.0,0.998283615399048,0.0,0.98989898989899,0.0005607785648864917,3.7037037037037037e-05,99.0,0.09899494936611668,3.3332089243922383,1,0.34394508181962713,0.9855634582137579,0.8988988988988988,93,0.0006907091992583991,0.0006907091992583991,0.0010812876642337654,0.01847896767215107,0.01272015718529007,0.128286079587567,0.7806568977263543,2.132741085643635,0.3445184921152483,0.9965662365295321,0.9799960388195682,98,2.0
A,dcsbm,leiden,100,1,1,0,101.93,0.64153,0.7083880665669525,0.006628791298319278,4,ok,0.973,10000,505369,101.0738,100,0.6453284629646852,100,100,14,1569,1.254223566949353,lspar,0.2,0.2036,0.59375,ok,0.01698,102892,0.34355450335465176,0.0004568606191757931,0.34394508181962713,0.9798046477268969,0.004526645980000752,0.861612910311423,90.2,0.4240455745002457,2.602092538389843,2.0402891660341993,0.4891286066849716,2.529417772719171,0.309149120141272,0.00010851139926110606,0.9746867394722548,0.00103196003326519,0.9427701413937196,-0.000215587232979088,-4.468414199536742e-05,100.33333333333333,0.1812776356490361,2.529417772719171,1,0.34394508181962713,0.9855634582137579,0.8988988988988988,93,-0.034795961678355136,-0.034795961678355136,-0.03440538321337977,-0.0051179082546420895,-0.010876718741503089,0.08115723108229667,1.028731815856795,5.319853516696372,0.3446418420414147,1.0,1.0,100,3.0
A,dcsbm,leiden,100,1,1,0,101.93,0.64153,0.7083880665669525,0.006628791298319278,4,ok,0.973,10000,505369,101.0738,100,0.6453284629646852,100,100,14,1569,1.254223566949353,lspar,0.15,0.14697,0.515625,ok,0.01698,74275,0.34355450335465176,0.0004568606191757931,0.34394508181962713,0.9798046477268969,0.004526645980000752,0.861612910311423,90.2,0.4240455745002457,2.602092538389843,2.0457731610513292,0.42250098233732086,2.46827414338865,0.3155868786416,0.0,0.9805421083134346,0.0,0.9676902203716415,0.00010741813521097274,-3.4861611095345425e-05,101.0,0.07568156975116198,2.46827414338865,1,0.34394508181962713,0.9855634582137579,0.8988988988988988,93,-0.02835820317802712,-0.02835820317802712,-0.027967624713051753,0.0007374605865376749,-0.005021349900323324,0.10607731006021859,1.0542153696175238,6.1587845878956,0.34447217771164595,0.9999306809963779,0.99989899000001,101,8.0
A,dcsbm,leiden,100,1,1,0,101.93,0.64153,0.7083880665669525,0.006628791298319278,4,ok,0.973,10000,505369,101.0738,100,0.6453284629646852,100,100,14,1569,1.254223566949353,lspar,0.05,0.05298,0.25,ok,0.01698,26774,0.34355450335465176,0.0004568606191757931,0.34394508181962713,0.9798046477268969,0.004526645980000752,0.861612910311423,90.2,0.4240455745002457,2.602092538389843,2.0097052370547317,0.32142682233825326,2.331132059392985,0.3311488053381148,0.00015941866492134196,0.9919344820891189,9.897924957656626e-05,0.9897430101504994,0.0013235033349170222,0.00016504690342935438,101.0,0.02673419191083186,2.331132059392985,1,0.34394508181962713,0.9855634582137579,0.8988988988988988,93,-0.012796276481512325,-0.012796276481512325,-0.012405698016536959,0.012129834362222036,0.006371023875361037,0.12813009983907642,1.1162355765753633,8.095443060602866,0.34447217771164595,0.9999306809963779,0.99989899000001,101,8.0
A,dcsbm,leiden,100,1,1,0,101.93,0.64153,0.7083880665669525,0.006628791298319278,4,ok,0.973,10000,505369,101.0738,100,0.6453284629646852,100,100,14,1569,1.254223566949353,dspar,0.5,0.49993,0.5,ok,0.01698,252647,0.34355450335465176,0.0004568606191757931,0.34394508181962713,0.9798046477268969,0.004526645980000752,0.861612910311423,90.2,0.4240455745002457,2.602092538389843,0.17752195399953052,1.712466439678489,1.8899883936780195,0.34458699746144883,0.0,0.9965662365295321,0.0,0.9799960388195682,0.0001829074914792043,1.9317356572258534e-05,98.0,0.13856406460551018,1.8899883936780195,1,0.34394508181962713,0.9855634582137579,0.8988988988988988,93,0.0006419156418216998,0.0006419156418216998,0.001032494106797066,0.01676158880263523,0.011002778315774231,0.11838312850814525,1.3767769934957272,1.5194998734564273,0.3445184921152483,0.9965662365295321,0.9799960388195682,98,2.0
A,dcsbm,leiden,100,1,1,0,101.93,0.64153,0.7083880665669525,0.006628791298319278,4,ok,0.973,10000,505369,101.0738,100,0.6453284629646852,100,100,14,1569,1.254223566949353,dspar,0.2,0.19986,0.2,ok,0.01698,101002,0.34355450335465176,0.0004568606191757931,0.34394508181962713,0.9798046477268969,0.004526645980000752,0.861612910311423,90.2,0.4240455745002457,2.602092538389843,0.17690425500040874,1.1839596353238449,1.3608638903242536,0.34166969956637194,9.607463815067956e-05,0.9481206461341318,0.0009349905328404438,0.7789744466371885,-0.0004157912916902026,-7.5472188618579724e-06,73.33333333333333,0.35144391545107495,1.3608638903242536,1,0.34394508181962713,0.9855634582137579,0.8988988988988988,93,-0.002275382253255187,-0.002275382253255187,-0.0018848037882798208,-0.031684001592765076,-0.037442812079626075,-0.08263846367423444,1.9120887525128183,2.1977882190874696,0.34394508181962713,0.9855634582137579,0.8988988988988988,93,1.0
A,dcsbm,leiden,100,1,1,0,101.93,0.64153,0.7083880665669525,0.006628791298319278,4,ok,0.973,10000,505369,101.0738,100,0.6453284629646852,100,100,14,1569,1.254223566949353,dspar,0.15,0.14971,0.15,ok,0.01698,75658,0.34355450335465176,0.0004568606191757931,0.34394508181962713,0.9798046477268969,0.004526645980000752,0.861612910311423,90.2,0.4240455745002457,2.602092538389843,0.17644673201721162,1.1484997103301187,1.3249464423473303,0.3333462327481385,0.0023035196033655944,0.8927861321577248,0.01344843134474023,0.5990886130516117,-5.1014423390461e-05,-5.0642801479113465e-05,58.666666666666664,0.5099312561184034,1.3249464423473303,1,0.34394508181962713,0.9855634582137579,0.8988988988988988,93,-0.010598849071488614,-0.010598849071488614,-0.010208270606513248,-0.08701851556917206,-0.09277732605603306,-0.2625242972598113,1.9639228086683016,2.265644923534122,0.34068976402582596,0.8738051991960295,0.4898989898989899,43,0.75
A,dcsbm,leiden,100,1,1,0,101.93,0.64153,0.7083880665669525,0.006628791298319278,4,ok,0.973,10000,505369,101.0738,100,0.6453284629646852,100,100,14,1569,1.254223566949353,dspar,0.05,0.04982,0.05,ok,0.01698,25179,0.34355450335465176,0.0004568606191757931,0.34394508181962713,0.9798046477268969,0.004526645980000752,0.861612910311423,90.2,0.4240455745002457,2.602092538389843,0.1752548569929786,0.7563700649964934,0.931624921989472,0.05610609310929262,0.0028247212229545616,0.18315597486326243,0.004867204586868255,0.04295907270704222,0.00026664190106201994,-2.859440797843578e-06,211.0,2.6673564619517856,0.931624921989472,1,0.34394508181962713,0.9855634582137579,0.8988988988988988,93,-0.28783898871033453,-0.28783898871033453,-0.28744841024535916,-0.7966486728636345,-0.8024074833504955,-0.8186538376043807,2.793068838082509,3.4402373372641426,0.33050371378567983,0.9945059550605438,0.991965358727236,179,15.0
A,dcsbm,leiden,100,1,1,0,101.93,0.64153,0.7083880665669525,0.006628791298319278,4,ok,0.973,10000,505369,101.0738,100,0.6453284629646852,100,100,14,1569,1.254223566949353,random,0.5,0.5,0.5,ok,0.01698,252684,0.34355450335465176,0.0004568606191757931,0.34394508181962713,0.9798046477268969,0.004526645980000752,0.861612910311423,90.2,0.4240455745002457,2.602092538389843,0.0109464269480668,1.7305027040226075,1.7414491309706743,0.34396581825036715,0.00037143917424662873,0.9734101097608151,0.0044780526248569315,0.8460532503214736,-0.0001073015281680408,1.3301679375216777e-05,86.0,0.39873397589144016,1.7414491309706743,1,0.34394508181962713,0.9855634582137579,0.8988988988988988,93,2.0736430740020406e-05,2.0736430740020406e-05,0.0004113148957153867,-0.006394537966081804,-0.012153348452942803,-0.015559659989949348,1.4942110522283534,1.5036627982962394,0.34394508181962713,0.9855634582137579,0.8988988988988988,93,1.0
A,dcsbm,leiden,100,1,1,0,101.93,0.64153,0.7083880665669525,0.006628791298319278,4,ok,0.973,10000,505369,101.0738,100,0.6453284629646852,100,100,14,1569,1.254223566949353,random,0.2,0.2,0.2,ok,0.01698,101074,0.34355450335465176,0.0004568606191757931,0.34394508181962713,0.9798046477268969,0.004526645980000752,0.861612910311423,90.2,0.4240455745002457,2.602092538389843,0.00988317996961996,1.3380148906532365,1.3478980706228565,0.32555236679038685,0.0011078009319796633,0.8441774661231709,0.010383980813009149,0.5361045097118611,0.0006390230705992699,5.273494157139821e-05,57.333333333333336,0.5767935387666804,1.3478980706228565,1,0.34394508181962713,0.9855634582137579,0.8988988988988988,93,-0.01839271502924028,-0.01839271502924028,-0.018002136564264914,-0.135627181603726,-0.141385992090587,-0.3255084005995619,1.930481684855762,1.944741091124529,0.34068976402582596,0.8738051991960295,0.4898989898989899,43,0.75
A,dcsbm,leiden,100,1,1,0,101.93,0.64153,0.7083880665669525,0.006628791298319278,4,ok,0.973,10000,505369,101.0738,100,0.6453284629646852,100,100,14,1569,1.254223566949353,random,0.15,0.15,0.15,ok,0.01698,75805,0.34355450335465176,0.0004568606191757931,0.34394508181962713,0.9798046477268969,0.004526645980000752,0.861612910311423,90.2,0.4240455745002457,2.602092538389843,0.009403825039044023,1.1912322820280679,1.2006361070671119,0.2835394152513922,0.00669230889327226,0.6794898739448471,0.02302630837721731,0.28338283484778504,-0.000327196170180173,-3.227202585432459e-05,55.333333333333336,1.1401167781154915,1.2006361070671119,1,0.34394508181962713,0.9855634582137579,0.8988988988988988,93,-0.06040566656823493,-0.06040566656823493,-0.06001508810325956,-0.30031477378204985,-0.30607358426891085,-0.5782300754636379,2.1672616066379833,2.1843704016816865,0.34068976402582596,0.8738051991960295,0.4898989898989899,43,0.75
A,dcsbm,leiden,100,1,1,0,101.93,0.64153,0.7083880665669525,0.006628791298319278,4,ok,0.973,10000,505369,101.0738,100,0.6453284629646852,100,100,14,1569,1.254223566949353,random,0.05,0.05,0.05,ok,0.01698,25268,0.34355450335465176,0.0004568606191757931,0.34394508181962713,0.9798046477268969,0.004526645980000752,0.861612910311423,90.2,0.4240455745002457,2.602092538389843,0.009186243987642229,0.7657410323154181,0.7749272763030604,0.03853511515062449,0.0004172324650866638,0.1258408501966514,0.0030031835828678395,0.020538286606136352,-0.0002451431769653165,-2.6562030359867314e-05,800.0,5.70490881363536,0.7749272763030604,1,0.34394508181962713,0.9855634582137579,0.8988988988988988,93,-0.30540996666900266,-0.30540996666900266,-0.3050193882040273,-0.8539637975302455,-0.8597226080171065,-0.8410746237052866,3.3578538502395037,3.3981364829330563,0.28166736902510564,0.9704965492019588,0.957126365397097,442,30.0
A,dcsbm,leiden,100,2,1,0,101.93,0.64153,0.7619177691252886,0.006651046721513366,5,ok,0.973,10000,508404,101.6808,100,0.6442081494244735,100,100,15,1540,1.293572773993245,lspar,0.5,0.49515,0.828125,ok,0.0168,251737,0.3446936610394884,0.00036938019916925795,0.345081627000326,0.9799482465356503,0.005171015232626455,0.8675418477471265,90.0,0.403351570043257,2.5773761431802997,2.139136711950414,1.1749581279970396,3.3140948399474537,0.3456316333318225,0.00018090018139852636,0.9977063750908012,0.003243675453585627,0.9807509052792072,0.00026813062935388416,6.268242170128963e-05,99.0,0.09797958971132709,3.3140948399474537,1,0.3441604775491614,0.9761249174576626,0.82996632996633,89,0.0014711557826611044,0.0005500063314964887,0.0009379722923341105,0.01775812855515091,0.021581457633138568,0.11320905753208066,0.777701383832807,2.1935897814281886,0.3456209783633652,0.9965662365295321,0.9799960388195682,98,3.0
A,dcsbm,leiden,100,2,1,0,101.93,0.64153,0.7619177691252886,0.006651046721513366,5,ok,0.973,10000,508404,101.6808,100,0.6442081494244735,100,100,15,1540,1.293572773993245,lspar,0.2,0.20298,0.59375,ok,0.0168,103194,0.3446936610394884,0.00036938019916925795,0.345081627000326,0.9799482465356503,0.005171015232626455,0.8675418477471265,90.0,0.403351570043257,2.5773761431802997,2.100849540962372,0.4898551133228466,2.5907046542852186,0.30651000646687787,0.0002815220113180428,0.973277292564834,0.00015912290751941073,0.947224235319749,0.0002238842011467394,5.887255634980762e-05,101.0,0.14402907596919623,2.5907046542852186,1,0.3441604775491614,0.9761249174576626,0.82996632996633,89,-0.03765047108228353,-0.03857162053344815,-0.038183654572610526,-0.006670953970816296,-0.0028476248928286374,0.07968238757262247,0.9948552564326958,5.261507072360884,0.3457595490768072,1.0,1.0,100,5.0
A,dcsbm,leiden,100,2,1,0,101.93,0.64153,0.7619177691252886,0.006651046721513366,5,ok,0.973,10000,508404,101.6808,100,0.6442081494244735,100,100,15,1540,1.293572773993245,lspar,0.15,0.14625,0.515625,ok,0.0168,74352,0.3446936610394884,0.00036938019916925795,0.345081627000326,0.9799482465356503,0.005171015232626455,0.8675418477471265,90.0,0.403351570043257,2.5773761431802997,2.1057876849663444,0.4186720480017054,2.5244597329680496,0.31405223026655055,8.162671899219016e-05,0.978349233553644,3.988039958942132e-05,0.961912182836771,0.0008741631929309958,7.438766758085569e-05,101.0,0.0964339068350673,2.5244597329680496,1,0.3441604775491614,0.9761249174576626,0.82996632996633,89,-0.030108247282610856,-0.03102939673377547,-0.03064143077293785,-0.0015990129820062648,0.0022243160959813935,0.09437033508964454,1.0209614792112511,6.156074081090318,0.3457595490768072,1.0,1.0,100,5.0
A,dcsbm,leiden,100,2,1,0,101.93,0.64153,0.7619177691252886,0.006651046721513366,5,ok,0.973,10000,508404,101.6808,100,0.6442081494244735,100,100,15,1540,1.293572773993245,lspar,0.05,0.05256,0.25,ok,0.0168,26720,0.3446936610394884,0.00036938019916925795,0.345081627000326,0.9799482465356503,0.005171015232626455,0.8675418477471265,90.0,0.403351570043257,2.5773761431802997,2.071378072956577,0.3202098076775049,2.391587880634082,0.31987519366935896,0.00025762031830627166,0.9849264211856604,0.00017783077449249707,0.9748762526949385,0.0009630060815268879,0.00010762753209422,102.0,0.10141118547542098,2.391587880634082,1,0.3441604775491614,0.9761249174576626,0.82996632996633,89,-0.024285283879802444,-0.02520643333096706,-0.024818467370129438,0.004978174650010159,0.008801503727997817,0.10733440494781199,1.0776840625638895,8.049023113545823,0.34542074215040514,0.999861355937513,0.9997979599960792,102,8.0
A,dcsbm,leiden,100,2,1,0,101.93,0.64153,0.7619177691252886,0.006651046721513366,5,ok,0.973,10000,508404,101.6808,100,0.6442081494244735,100,100,15,1540,1.293572773993245,dspar,0.5,0.49968,0.5,ok,0.0168,254037,0.3446936610394884,0.00036938019916925795,0.345081627000326,0.9799482465356503,0.005171015232626455,0.8675418477471265,90.0,0.403351570043257,2.5773761431802997,0.19062784599373117,1.6847535110233973,1.8753813570171285,0.3457339763307656,0.0,0.998283615399048,0.0,0.98989898989899,0.00025719079439165735,2.0202020202020203e-05,99.0,0.09899494936611668,1.8753813570171285,1,0.3441604775491614,0.9761249174576626,0.82996632996633,89,0.0015734987816041768,0.0006523493304395611,0.001040315291277183,0.018335368863397705,0.022158697941385364,0.12235714215186344,1.3743210859682016,1.529823874125469,0.3456209783633652,0.9965662365295321,0.9799960388195682,98,3.0
A,dcsbm,leiden,100,2,1,0,101.93,0.64153,0.7619177691252886,0.006651046721513366,5,ok,0.973,10000,508404,101.6808,100,0.6442081494244735,100,100,15,1540,1.293572773993245,dspar,0.2,0.19954,0.2,ok,0.0168,101446,0.3446936610394884,0.00036938019916925795,0.345081627000326,0.9799482465356503,0.005171015232626455,0.8675418477471265,90.0,0.403351570043257,2.5773761431802997,0.18983756296802312,1.2212566253147088,1.411094188282732,0.343394134925386,5.129341318928147e-05,0.955955033503189,0.0008346978919324221,0.8079721895773823,-0.0005936034133933249,-3.2203251012093486e-05,77.66666666666667,0.3488370739682643,1.411094188282732,1,0.3441604775491614,0.9761249174576626,0.82996632996633,89,-0.0007663426237753956,-0.0016874920749400113,-0.0012995261141023895,-0.02399321303246127,-0.02016988395447361,-0.059569658169744244,1.826508935110069,2.110429609760462,0.3441604775491614,0.9761249174576626,0.82996632996633,89,1.0
A,dcsbm,leiden,100,2,1,0,101.93,0.64153,0.7619177691252886,0.006651046721513366,5,ok,0.973,10000,508404,101.6808,100,0.6442081494244735,100,100,15,1540,1.293572773993245,dspar,0.15,0.14964,0.15,ok,0.0168,76079,0.3446936610394884,0.00036938019916925795,0.345081627000326,0.9799482465356503,0.005171015232626455,0.8675418477471265,90.0,0.403351570043257,2.5773761431802997,0.18204272299772128,1.1469035566745636,1.3289462796722848,0.3353344252131736,0.00011007627708470961,0.895940339173416,0.00047799664659162633,0.6476139325427245,9.251918448225495e-05,-2.4420384046694424e-06,58.0,0.34934664539670995,1.3289462796722848,1,0.3441604775491614,0.9761249174576626,0.82996632996633,89,-0.008826052335987822,-0.009747201787152437,-0.009359235826314816,-0.08400790736223429,-0.08018457828424663,-0.21992791520440202,1.9394133401809701,2.2472474936370226,0.3307589602191634,0.8144427770215128,0.28163289701751243,34,0.75
A,dcsbm,leiden,100,2,1,0,101.93,0.64153,0.7619177691252886,0.006651046721513366,5,ok,0.973,10000,508404,101.6808,100,0.6442081494244735,100,100,15,1540,1.293572773993245,dspar,0.05,0.05012,0.05,ok,0.0168,25483,0.3446936610394884,0.00036938019916925795,0.345081627000326,0.9799482465356503,0.005171015232626455,0.8675418477471265,90.0,0.403351570043257,2.5773761431802997,0.17735092801740393,0.7931978739992095,0.9705488020166134,0.056601212436507904,0.0011868054067376138,0.1875884237943206,0.0023088231349576716,0.04419130563007914,-0.0006848561847290261,-5.8090668043252974e-05,194.33333333333334,2.470805886183502,0.9705488020166134,1,0.3441604775491614,0.9761249174576626,0.82996632996633,89,-0.2875592651126535,-0.2884804145638181,-0.2880924486029805,-0.7923598227413297,-0.788536493663342,-0.8233505421170474,2.6555863423096384,3.249348274454488,0.32887401658950177,0.993389173778378,0.9903274177336168,195,15.0
A,dcsbm,leiden,100,2,1,0,101.93,0.64153,0.7619177691252886,0.006651046721513366,5,ok,0.973,10000,508404,101.6808,100,0.6442081494244735,100,100,15,1540,1.293572773993245,random,0.5,0.5,0.5,ok,0.0168,254202,0.3446936610394884,0.00036938019916925795,0.345081627000326,0.9799482465356503,0.005171015232626455,0.8675418477471265,90.0,0.403351570043257,2.5773761431802997,0.009145549964159727,1.7075387523315537,1.7166843022957134,0.3446059523690312,0.00035159875518493553,0.969210038507024,0.0038659503074123707,0.8256895746669578,0.0004896697422921476,2.6121868285019296e-05,84.0,0.4269955390784726,1.7166843022957134,1,0.3441604775491614,0.9761249174576626,0.82996632996633,89,0.00044547481986978443,-0.00047567463129483123,-8.770867045720943e-05,-0.01073820802862624,-0.006914878950638581,-0.0418522730801687,1.5013687372416624,1.509410043936648,0.3441604775491614,0.9761249174576626,0.82996632996633,89,1.0
A,dcsbm,leiden,100,2,1,0,101.93,0.64153,0.7619177691252886,0.006651046721513366,5,ok,0.973,10000,508404,101.6808,100,0.6442081494244735,100,100,15,1540,1.293572773993245,random,0.2,0.2,0.2,ok,0.0168,101681,0.3446936610394884,0.00036938019916925795,0.345081627000326,0.9799482465356503,0.005171015232626455,0.8675418477471265,90.0,0.403351570043257,2.5773761431802997,0.009633516950998455,1.3084968306551066,1.318130347606105,0.3228545513770297,0.00814181483689435,0.8254201961758562,0.04023653090843304,0.4683762051062506,-0.0006701384687124249,-1.435491612634632e-05,57.333333333333336,0.8109979033006525,1.318130347606105,1,0.3441604775491614,0.9761249174576626,0.82996632996633,89,-0.02130592617213173,-0.022227075623296344,-0.021839109662458722,-0.1545280503597941,-0.15070472128180645,-0.3991656426408759,1.9553272162052469,1.969722878037023,0.3307589602191634,0.8144427770215128,0.28163289701751243,34,0.75
A,dcsbm,leiden,100,2,1,0,101.93,0.64153,0.7619177691252886,0.006651046721513366,5,ok,0.973,10000,508404,101.6808,100,0.6442081494244735,100,100,15,1540,1.293572773993245,random,0.15,0.15,0.15,ok,0.0168,76261,0.3446936610394884,0.00036938019916925795,0.345081627000326,0.9799482465356503,0.005171015232626455,0.8675418477471265,90.0,0.403351570043257,2.5773761431802997,0.009387431025970727,1.2526033996449162,1.261990830670887,0.27875904077858055,0.008606267332370389,0.6697756910438573,0.03089634959698795,0.25054155153860824,6.325900221709051e-05,3.110317707326701e-05,54.0,1.2470882495059765,1.261990830670887,1,0.3441604775491614,0.9761249174576626,0.82996632996633,89,-0.06540143677058086,-0.06632258622174547,-0.06593462026090785,-0.310172555491793,-0.30634922641380535,-0.6170002962085183,2.0423097224962725,2.0576154782199425,0.3307589602191634,0.8144427770215128,0.28163289701751243,34,0.75
A,dcsbm,leiden,100,2,1,0,101.93,0.64153,0.7619177691252886,0.006651046721513366,5,ok,0.973,10000,508404,101.6808,100,0.6442081494244735,100,100,15,1540,1.293572773993245,random,0.05,0.05,0.05,ok,0.0168,25420,0.3446936610394884,0.00036938019916925795,0.345081627000326,0.9799482465356503,0.005171015232626455,0.8675418477471265,90.0,0.403351570043257,2.5773761431802997,0.008824596006888896,0.7636261270187484,0.7724507230256373,0.041323047892076345,0.001576852449575161,0.12329492594586022,0.006218021534907506,0.022440005671911022,-0.0004602441467872519,-5.81434902684923e-05,796.0,5.670074912771104,0.7724507230256373,1,0.3441604775491614,0.9761249174576626,0.82996632996633,89,-0.30283742965708504,-0.30375857910824966,-0.30337061314741204,-0.85665332058979,-0.8528299915118024,-0.8451018420752154,3.336622086500083,3.375180670209075,0.28453766336043435,0.9718667780522368,0.9591038989417234,435,30.0
A,dcsbm,leiden,100,3,1,0,101.93,0.64153,0.7420494364949374,0.006630926500991926,5,ok,0.973,10000,507732,101.5464,100,0.6428214097200885,100,100,16,1555,1.2754939458300436,lspar,0.5,0.5038,0.832031,ok,0.01685,255794,0.3459419659723748,0.0007294935537114572,0.3468375341203404,0.9810825293732025,0.009036233807884073,0.8662316744955035,91.0,0.4151983323145618,2.6465615128166973,2.097611823002808,1.2329253156591828,3.330537138661991,0.34714463493761877,5.551115123125783e-17,1.0,0.0,1.0,0.00042468741814336816,4.1508417508417503e-05,100.0,0.0,3.330537138661991,1,0.34621038534894893,0.9803765535562506,0.8747120326067694,90,0.0009342495886698332,0.0003071008172783607,0.0012026689652439582,0.018917470626797495,0.01962344644374936,0.13376832550449647,0.7946350401244666,2.146570825664095,0.3471446349376187,1.0,1.0,100,5.0
A,dcsbm,leiden,100,3,1,0,101.93,0.64153,0.7420494364949374,0.006630926500991926,5,ok,0.973,10000,507732,101.5464,100,0.6428214097200885,100,100,16,1555,1.2754939458300436,lspar,0.2,0.20361,0.59375,ok,0.01685,103381,0.3459419659723748,0.0007294935537114572,0.3468375341203404,0.9810825293732025,0.009036233807884073,0.8662316744955035,91.0,0.4151983323145618,2.6465615128166973,2.0378433520090766,0.4844320136665677,2.5222753656756445,0.3104279034572927,0.0005106522322459465,0.9728100967229203,0.0016444571002055951,0.9299662241715551,0.00020554526704706327,2.1884198624097847e-05,100.0,0.22329747132239816,2.5222753656756445,1,0.34621038534894893,0.9803765535562506,0.8747120326067694,90,-0.035782481891656226,-0.0364096306630477,-0.0355140625150821,-0.008272432650282213,-0.007566456833330348,0.06373454967605152,1.049275407765702,5.463225877219405,0.3471446349376187,1.0,1.0,100,5.0
A,dcsbm,leiden,100,3,1,0,101.93,0.64153,0.7420494364949374,0.006630926500991926,5,ok,0.973,10000,507732,101.5464,100,0.6428214097200885,100,100,16,1555,1.2754939458300436,lspar,0.15,0.14708,0.515625,ok,0.01685,74677,0.3459419659723748,0.0007294935537114572,0.3468375341203404,0.9810825293732025,0.009036233807884073,0.8662316744955035,91.0,0.4151983323145618,2.6465615128166973,2.045298636017833,0.42183654196560383,2.4671351779834367,0.3159029471982662,8.593946397600348e-05,0.9783851573344736,0.0009723449474730165,0.9571789265663382,-0.0009427212673560275,-4.450472447010731e-05,100.66666666666667,0.1251760455413389,2.4671351779834367,1,0.34621038534894893,0.9803765535562506,0.8747120326067694,90,-0.03030743815068271,-0.03093458692207418,-0.030039018774108583,-0.0026973720387288846,-0.00199139622177702,0.09094725207083465,1.0727265925411993,6.273902920986147,0.3469748548932327,0.9999306809963779,0.99989899000001,101,8.0
A,dcsbm,leiden,100,3,1,0,101.93,0.64153,0.7420494364949374,0.006630926500991926,5,ok,0.973,10000,507732,101.5464,100,0.6428214097200885,100,100,16,1555,1.2754939458300436,lspar,0.05,0.05272,0.25,ok,0.01685,26768,0.3459419659723748,0.0007294935537114572,0.3468375341203404,0.9810825293732025,0.009036233807884073,0.8662316744955035,91.0,0.4151983323145618,2.6465615128166973,2.0045120120048523,0.3197724729737577,2.32428448497861,0.3271217792265771,0.000800200140638531,0.9882080431959955,0.00047792476714324873,0.981917837529754,-0.0010293053361439557,-6.878591742443055e-05,101.0,0.024066056728408152,2.32428448497861,1,0.34621038534894893,0.9803765535562506,0.8747120326067694,90,-0.019088606122371843,-0.019715754893763315,-0.018820186745797718,0.007125513822793028,0.007831489639744893,0.1156861630342505,1.1386564467133433,8.276389422156074,0.3469748548932327,0.9999306809963779,0.99989899000001,101,8.0
A,dcsbm,leiden,100,3,1,0,101.93,0.64153,0.7420494364949374,0.006630926500991926,5,ok,0.973,10000,507732,101.5464,100,0.6428214097200885,100,100,16,1555,1.2754939458300436,dspar,0.5,0.49945,0.5,ok,0.01685,253585,0.3459419659723748,0.0007294935537114572,0.3468375341203404,0.9810825293732025,0.009036233807884073,0.8662316744955035,91.0,0.4151983323145618,2.6465615128166973,0.19032889301888645,1.6927545906704229,1.8830834836893093,0.34712278840738237,3.0895659351061795e-05,0.9994278717996826,0.0008091114603048958,0.9966329966329966,0.0006083673114725168,3.088888888888889e-05,99.66666666666667,0.032998316455372226,1.8830834836893093,1,0.34621038534894893,0.9803765535562506,0.8747120326067694,90,0.0009124030584334308,0.0002852542870419583,0.0011808224350075558,0.018345342426480116,0.01905131824343198,0.13040132213749311,1.4054403512857503,1.563464383675672,0.3471446349376187,1.0,1.0,100,5.0
A,dcsbm,leiden,100,3,1,0,101.93,0.64153,0.7420494364949374,0.006630926500991926,5,ok,0.973,10000,507732,101.5464,100,0.6428214097200885,100,100,16,1555,1.2754939458300436,dspar,0.2,0.1995,0.2,ok,0.01685,101295,0.3459419659723748,0.0007294935537114572,0.3468375341203404,0.9810825293732025,0.009036233807884073,0.8662316744955035,91.0,0.4151983323145618,2.6465615128166973,0.18877801403868943,1.207001843994173,1.3957798580328624,0.3443523986187474,0.00015140295370413086,0.9549742805919985,0.003394776439261912,0.8046222240739133,0.0008971248889292124,2.89558527233608e-05,78.0,0.3618814956220846,1.3957798580328624,1,0.34621038534894893,0.9803765535562506,0.8747120326067694,90,-0.001857986730201544,-0.0024851355015930165,-0.001589567353627419,-0.02610824878120399,-0.025402272964252126,-0.06160945042159027,1.8961167103719492,2.1926739598497864,0.34621038534894893,0.9803765535562506,0.8747120326067694,90,1.0
A,dcsbm,leiden,100,3,1,0,101.93,0.64153,0.7420494364949374,0.006630926500991926,5,ok,0.973,10000,507732,101.5464,100,0.6428214097200885,100,100,16,1555,1.2754939458300436,dspar,0.15,0.14984,0.15,ok,0.01685,76078,0.3459419659723748,0.0007294935537114572,0.3468375341203404,0.9810825293732025,0.009036233807884073,0.8662316744955035,91.0,0.4151983323145618,2.6465615128166973,0.18819445197004825,1.1413798639938857,1.329574315963934,0.3359270828317909,0.0003293578354095775,0.8984797844466318,0.0013990703165437798,0.6595455366144106,-0.0006792382100910761,-6.244757051185669e-06,62.0,0.39930147574958874,1.329574315963934,1,0.34621038534894893,0.9803765535562506,0.8747120326067694,90,-0.010283302517158033,-0.010910451288549505,-0.010014883140583908,-0.08260274492657071,-0.08189676910961885,-0.2066861378810929,1.990532970620717,2.3187385692576705,0.34123675566618406,0.856560203629278,0.4272550062023746,41,0.75
A,dcsbm,leiden,100,3,1,0,101.93,0.64153,0.7420494364949374,0.006630926500991926,5,ok,0.973,10000,507732,101.5464,100,0.6428214097200885,100,100,16,1555,1.2754939458300436,dspar,0.05,0.04968,0.05,ok,0.01685,25226,0.3459419659723748,0.0007294935537114572,0.3468375341203404,0.9810825293732025,0.009036233807884073,0.8662316744955035,91.0,0.4151983323145618,2.6465615128166973,0.1870181779959239,0.747279606332692,0.9342977843286159,0.05330339473004589,0.002343997952034845,0.17927491212510793,0.010376169894736227,0.04228750674234553,0.00030090951741887904,-9.862733407892746e-06,204.0,2.473028186272158,0.9342977843286159,1,0.34621038534894893,0.9803765535562506,0.8747120326067694,90,-0.292906990618903,-0.2935341393902945,-0.29263857124232895,-0.8018076172480946,-0.8011016414311427,-0.823944167753158,2.8326745040057117,3.5415947262428533,0.3325620913718919,0.9942969124671918,0.9916605860519109,182,15.0
A,dcsbm,leiden,100,3,1,0,101.93,0.64153,0.7420494364949374,0.006630926500991926,5,ok,0.973,10000,507732,101.5464,100,0.6428214097200885,100,100,16,1555,1.2754939458300436,random,0.5,0.5,0.5,ok,0.01685,253866,0.3459419659723748,0.0007294935537114572,0.3468375341203404,0.9810825293732025,0.009036233807884073,0.8662316744955035,91.0,0.4151983323145618,2.6465615128166973,0.010506288963370025,1.7047327569841098,1.7152390459474798,0.34565508915521526,0.001245702675854117,0.9692917122061976,0.010689403323589653,0.8115134770234537,0.001376548025202225,0.00012693092798743663,85.33333333333333,0.4640796943708263,1.7152390459474798,1,0.34621038534894893,0.9803765535562506,0.8747120326067694,90,-0.0005552961937336787,-0.0011824449651251512,-0.0002868768171595537,-0.011790817167004919,-0.011084841350053054,-0.05471819747204987,1.5429694881711167,1.5524788281177884,0.34621038534894893,0.9803765535562506,0.8747120326067694,90,1.0
A,dcsbm,leiden,100,3,1,0,101.93,0.64153,0.7420494364949374,0.006630926500991926,5,ok,0.973,10000,507732,101.5464,100,0.6428214097200885,100,100,16,1555,1.2754939458300436,random,0.2,0.2,0.2,ok,0.01685,101546,0.3459419659723748,0.0007294935537114572,0.3468375341203404,0.9810825293732025,0.009036233807884073,0.8662316744955035,91.0,0.4151983323145618,2.6465615128166973,0.009289876034017652,1.3023353216509956,1.3116251976850133,0.32743857409795957,0.0005508399329793382,0.8377489668309163,0.002924059001742226,0.46782678475512135,0.0004475599581052682,3.6299237043482275e-05,56.333333333333336,0.766729808751518,1.3116251976850133,1,0.34621038534894893,0.9803765535562506,0.8747120326067694,90,-0.018771811250989368,-0.01939896002238084,-0.018503391874415243,-0.14333356254228624,-0.14262758672533438,-0.3984048897403822,2.0177726971758503,2.032165962804111,0.34123675566618406,0.856560203629278,0.4272550062023746,41,0.75
A,dcsbm,leiden,100,3,1,0,101.93,0.64153,0.7420494364949374,0.006630926500991926,5,ok,0.973,10000,507732,101.5464,100,0.6428214097200885,100,100,16,1555,1.2754939458300436,random,0.15,0.15,0.15,ok,0.01685,76160,0.3459419659723748,0.0007294935537114572,0.3468375341203404,0.9810825293732025,0.009036233807884073,0.8662316744955035,91.0,0.4151983323145618,2.6465615128166973,0.00925288297003135,1.2133983496848184,1.2226512326548498,0.27985307536315496,0.007571236780516241,0.668251248634336,0.02031008103632861,0.2489043315375001,0.00043579225491172964,3.162635775185896e-05,55.333333333333336,1.269570773595709,1.2226512326548498,1,0.34621038534894893,0.9803765535562506,0.8747120326067694,90,-0.06635730998579398,-0.06698445875718545,-0.06608889060921985,-0.31283128073886646,-0.3121253049219146,-0.6173273429580034,2.164608714351014,2.1811151412099288,0.34123675566618406,0.856560203629278,0.4272550062023746,41,0.75
A,dcsbm,leiden,100,3,1,0,101.93,0.64153,0.7420494364949374,0.006630926500991926,5,ok,0.973,10000,507732,101.5464,100,0.6428214097200885,100,100,16,1555,1.2754939458300436,random,0.05,0.05,0.05,ok,0.01685,25387,0.3459419659723748,0.0007294935537114572,0.3468375341203404,0.9810825293732025,0.009036233807884073,0.8662316744955035,91.0,0.4151983323145618,2.6465615128166973,0.008916196995414793,0.7524311766610481,0.7613473736564629,0.0422209455109357,0.002947564859455667,0.1342717365997201,0.008671326466434067,0.024516148860148915,0.0006804564091707394,3.987352799231198e-05,726.0,5.428641433675364,0.7613473736564629,1,0.34621038534894893,0.9803765535562506,0.8747120326067694,90,-0.30398943983801324,-0.3046165886094047,-0.3037210204614391,-0.8468107927734824,-0.8461048169565305,-0.8417155256353546,3.476155043533237,3.517346961300766,0.28766094712168333,0.9735747306768617,0.9612257134855821,425,30.0
A,dcsbm,leiden,200,1,1,0,220.927,0.67193,2.729171918322397,0.015338644686583388,7,ok,0.734,10000,1098827,219.7654,100,0.6765514498642643,100,100,40,2891,1.1182109030074288,lspar,0.5,0.50464,0.855469,ok,0.00821,554515,0.3113062767719035,0.0012150476216093008,0.31277600198317834,0.9668249198135411,0.011827489306473054,0.7790239644532359,84.6,0.5487026372353545,4.938189821201377,7.757730056997389,2.3306576116592623,10.088387668656651,0.31342546544789024,0.0,1.0,0.0,1.0,-0.0006153328955554552,-7.071380471380472e-05,100.0,0.0,10.088387668656651,2,0.31277600198317834,0.984924458810114,0.9072543617998163,92,0.0006494634647118969,0.0006494634647118969,0.0021191886759867606,0.03317508018645887,0.015075541189885966,0.22097603554676415,0.48949247227519915,2.118796770704444,0.3130104525580263,0.9961236800942261,0.9794019235146042,99,3.0
A,dcsbm,leiden,200,1,1,0,220.927,0.67193,2.729171918322397,0.015338644686583388,7,ok,0.734,10000,1098827,219.7654,100,0.6765514498642643,100,100,40,2891,1.1182109030074288,lspar,0.2,0.19765,0.640625,ok,0.00821,217183,0.3113062767719035,0.0012150476216093008,0.31277600198317834,0.9668249198135411,0.011827489306473054,0.7790239644532359,84.6,0.5487026372353545,4.938189821201377,7.645695689949207,0.7662353926765112,8.411931082625719,0.28425285738969425,2.2952362194992548e-05,0.9529580779637388,0.001145051800018664,0.857560533717774,0.0005835823331412143,9.58404826330989e-05,100.66666666666667,0.37283109178986623,8.411931082625719,1,0.31277600198317834,0.984924458810114,0.9072543617998163,92,-0.028523144593484095,-0.028523144593484095,-0.02705341938220923,-0.013866841849802358,-0.031966380846375264,0.07853656926453811,0.5870459199791683,6.444742527426136,0.3130104525580263,0.9961236800942261,0.9794019235146042,99,3.0
A,dcsbm,leiden,200,1,1,0,220.927,0.67193,2.729171918322397,0.015338644686583388,7,ok,0.734,10000,1098827,219.7654,100,0.6765514498642643,100,100,40,2891,1.1182109030074288,lspar,0.15,0.14607,0.578125,ok,0.00821,160510,0.3113062767719035,0.0012150476216093008,0.31277600198317834,0.9668249198135411,0.011827489306473054,0.7790239644532359,84.6,0.5487026372353545,4.938189821201377,7.636209496005904,0.6350435089746801,8.271253004980585,0.2870231048456896,9.074977001667202e-05,0.9589163527833477,0.00018050248367805692,0.8922329532289092,-0.00022366236869362678,-3.9249070552013636e-05,101.0,0.2883753944164583,8.271253004980585,1,0.31277600198317834,0.984924458810114,0.9072543617998163,92,-0.02575289713748874,-0.02575289713748874,-0.024283171926213876,-0.00790856703019338,-0.026008106026766287,0.11320898877567331,0.5970304400346376,7.776144077394653,0.3130104525580263,0.9961236800942261,0.9794019235146042,99,3.0
A,dcsbm,leiden,200,1,1,0,220.927,0.67193,2.729171918322397,0.015338644686583388,7,ok,0.734,10000,1098827,219.7654,100,0.6765514498642643,100,100,40,2891,1.1182109030074288,lspar,0.05,0.04818,0.34375,ok,0.00821,52942,0.3113062767719035,0.0012150476216093008,0.31277600198317834,0.9668249198135411,0.011827489306473054,0.7790239644532359,84.6,0.5487026372353545,4.938189821201377,7.598281860991847,0.3880404886828425,7.98632234967469,0.2921864771789208,0.00011844236077785276,0.9697946498860371,0.00020542904677219032,0.93471947193287,-0.00042137949780336027,-8.754431900827099e-05,101.0,0.18128038796038903,7.98632234967469,1,0.31277600198317834,0.984924458810114,0.9072543617998163,92,-0.02058952480425752,-0.02058952480425752,-0.019119799592982656,0.002969730072496013,-0.015129808924076893,0.15569550747963412,0.6183308918657067,12.725965370169172,0.3130104525580263,0.9961236800942261,0.9794019235146042,99,3.0
A,dcsbm,leiden,200,1,1,0,220.927,0.67193,2.729171918322397,0.015338644686583388,7,ok,0.734,10000,1098827,219.7654,100,0.6765514498642643,100,100,40,2891,1.1182109030074288,dspar,0.5,0.4999,0.5,ok,0.00821,549307,0.3113062767719035,0.0012150476216093008,0.31277600198317834,0.9668249198135411,0.011827489306473054,0.7790239644532359,84.6,0.5487026372353545,4.938189821201377,0.4173402449814603,2.821636161999777,3.2389764069812372,0.3132415742157753,0.00011544353214842683,0.9954199901511164,0.0021431006306840013,0.9736486095709397,0.0005984689461521748,3.895514769301177e-05,97.33333333333333,0.1529189221786974,3.2389764069812372,1,0.31277600198317834,0.984924458810114,0.9072543617998163,92,0.0004655722325969669,0.0004655722325969669,0.0019352974438718307,0.028595070337575246,0.01049553134100234,0.19462464511770383,1.524614322771133,1.750115726366909,0.3130104525580263,0.9961236800942261,0.9794019235146042,99,3.0
A,dcsbm,leiden,200,1,1,0,220.927,0.67193,2.729171918322397,0.015338644686583388,7,ok,0.734,10000,1098827,219.7654,100,0.6765514498642643,100,100,40,2891,1.1182109030074288,dspar,0.2,0.2002,0.2,ok,0.00821,219989,0.3113062767719035,0.0012150476216093008,0.31277600198317834,0.9668249198135411,0.011827489306473054,0.7790239644532359,84.6,0.5487026372353545,4.938189821201377,0.386474956991151,1.6486941176699474,2.0351690746610984,0.31331728634156375,0.0,0.9981448193605224,0.0,0.9896979899979897,0.0021660876386410113,0.00017237039972661024,99.0,0.09900494937123099,2.0351690746610984,1,0.31277600198317834,0.984924458810114,0.9072543617998163,92,0.0005412843583854077,0.0005412843583854077,0.0020110095696602714,0.03131989954698122,0.013220360550408317,0.2106740255447539,2.426427309005615,2.9952128586352815,0.3130104525580263,0.9961236800942261,0.9794019235146042,99,3.0
A,dcsbm,leiden,200,1,1,0,220.927,0.67193,2.729171918322397,0.015338644686583388,7,ok,0.734,10000,1098827,219.7654,100,0.6765514498642643,100,100,40,2891,1.1182109030074288,dspar,0.15,0.1501,0.15,ok,0.00821,164932,0.3113062767719035,0.0012150476216093008,0.31277600198317834,0.9668249198135411,0.011827489306473054,0.7790239644532359,84.6,0.5487026372353545,4.938189821201377,0.3947113569593057,1.4998559513284515,1.8945673082877572,0.3131045180912944,7.423686053758999e-06,0.9928420506784348,0.0,0.9602768368735553,-0.0003159930903383027,-1.5117657425815648e-05,96.0,0.1923430269076579,1.8945673082877572,1,0.31277600198317834,0.984924458810114,0.9072543617998163,92,0.00032851610811607257,0.00032851610811607257,0.0017982413193909363,0.026017130864893656,0.00791759186832075,0.1812528724203194,2.606500069751725,3.29244272880174,0.31306008364786236,0.9914081256626769,0.9514189514189514,95,2.0
A,dcsbm,leiden,200,1,1,0,220.927,0.67193,2.729171918322397,0.015338644686583388,7,ok,0.734,10000,1098827,219.7654,100,0.6765514498642643,100,100,40,2891,1.1182109030074288,dspar,0.05,0.0501,0.05,ok,0.00821,55048,0.3113062767719035,0.0012150476216093008,0.31277600198317834,0.9668249198135411,0.011827489306473054,0.7790239644532359,84.6,0.5487026372353545,4.938189821201377,0.406932455021888,1.2230801623275813,1.6300126173494693,0.2080935702986512,0.009333677849747255,0.5876581684811865,0.027001444515164015,0.171940202191196,-0.00045770625725373855,-7.751209638108592e-05,26.0,0.867079360872865,1.6300126173494693,1,0.31277600198317834,0.984924458810114,0.9072543617998163,92,-0.10468243168452715,-0.10468243168452715,-0.10321270647325229,-0.37916675133235467,-0.3972662903289276,-0.6070837622620399,3.0295408567028566,4.037502997190111,0.30782485417648264,0.861423822861685,0.44352617079889806,42,0.75
A,dcsbm,leiden,200,1,1,0,220.927,0.67193,2.729171918322397,0.015338644686583388,7,ok,0.734,10000,1098827,219.7654,100,0.6765514498642643,100,100,40,2891,1.1182109030074288,random,0.5,0.5,0.5,ok,0.00821,549414,0.3113062767719035,0.0012150476216093008,0.31277600198317834,0.9668249198135411,0.011827489306473054,0.7790239644532359,84.6,0.5487026372353545,4.938189821201377,0.024692577950190753,2.968715526338201,2.9934081042883918,0.3107942852777277,0.0016001306957160654,0.9703307288606551,0.01444507947303509,0.7495548973317178,-0.00010090503089721615,-3.7544544311743496e-06,88.66666666666667,0.6561009226794903,2.9934081042883918,1,0.31277600198317834,0.984924458810114,0.9072543617998163,92,-0.0019817167054506646,-0.0019817167054506646,-0.0005119914941758008,0.0035058090471139502,-0.014593729949458956,-0.02946906712151809,1.649688131106102,1.6634095713752837,0.31277600198317834,0.984924458810114,0.9072543617998163,92,1.0
A,dcsbm,leiden,200,1,1,0,220.927,0.67193,2.729171918322397,0.015338644686583388,7,ok,0.734,10000,1098827,219.7654,100,0.6765514498642643,100,100,40,2891,1.1182109030074288,random,0.2,0.2,0.2,ok,0.00821,219765,0.3113062767719035,0.0012150476216093008,0.31277600198317834,0.9668249198135411,0.011827489306473054,0.7790239644532359,84.6,0.5487026372353545,4.938189821201377,0.02257822803221643,1.8741924433464494,1.8967706713786658,0.31051690202478327,0.0017640427444469578,0.9381256766859835,0.017250545932318034,0.6820146767360428,0.00021994544037942632,8.028679460167909e-05,70.0,0.5680113461504274,1.8967706713786658,1,0.31277600198317834,0.984924458810114,0.9072543617998163,92,-0.002259099958395072,-0.002259099958395072,-0.0007893747471202084,-0.028699243127557672,-0.04679878212413058,-0.09700928771719308,2.6034722571981033,2.634836053646674,0.31277600198317834,0.984924458810114,0.9072543617998163,92,1.0
A,dcsbm,leiden,200,1,1,0,220.927,0.67193,2.729171918322397,0.015338644686583388,7,ok,0.734,10000,1098827,219.7654,100,0.6765514498642643,100,100,40,2891,1.1182109030074288,random,0.15,0.15,0.15,ok,0.00821,164824,0.3113062767719035,0.0012150476216093008,0.31277600198317834,0.9668249198135411,0.011827489306473054,0.7790239644532359,84.6,0.5487026372353545,4.938189821201377,0.02016646898118779,1.6489920943276957,1.6691585633088835,0.30597078712217773,0.0036489772576777297,0.9052173604201873,0.021250365607472534,0.5449833883750937,-0.0014301322870559619,-5.926599785555429e-05,61.666666666666664,0.7768209043018593,1.6691585633088835,1,0.31277600198317834,0.984924458810114,0.9072543617998163,92,-0.006805214861000608,-0.006805214861000608,-0.005335489649725744,-0.06160755939335383,-0.07970709838992673,-0.2340405760781421,2.9584905411335374,2.9946716167943226,0.30782485417648264,0.861423822861685,0.44352617079889806,42,0.75
A,dcsbm,leiden,200,1,1,0,220.927,0.67193,2.729171918322397,0.015338644686583388,7,ok,0.734,10000,1098827,219.7654,100,0.6765514498642643,100,100,40,2891,1.1182109030074288,random,0.05,0.05,0.05,ok,0.00821,54941,0.3113062767719035,0.0012150476216093008,0.31277600198317834,0.9668249198135411,0.011827489306473054,0.7790239644532359,84.6,0.5487026372353545,4.938189821201377,0.019492346968036145,1.1099308286405478,1.129423175608584,0.0822860387926677,0.0031693651511683204,0.2793021264651247,0.011163154267214075,0.048886791328528155,0.0003613550268060247,3.280054362075779e-05,71.0,2.212605868875538,1.129423175608584,1,0.31277600198317834,0.984924458810114,0.9072543617998163,92,-0.23048996319051063,-0.23048996319051063,-0.22902023797923576,-0.6875227933484165,-0.7056223323449893,-0.7301371731247077,4.372311395629418,4.44909691106581,0.31277600198317834,0.984924458810114,0.9072543617998163,92,1.0
A,dcsbm,leiden,200,2,1,0,220.927,0.67193,2.9043606145619236,0.015425355460648502,7,ok,0.734,10000,1098293,219.6586,100,0.6765143727584534,100,100,44,2960,1.1526871851071991,lspar,0.5,0.50482,0.855469,ok,0.00821,554442,0.3108702623566538,0.0004939458727702838,0.311364902447804,0.9575872675741157,0.0030756431238115325,0.7340996708018915,80.4,0.6070414778726002,4.856009402987548,7.918738910055254,2.252008098662676,10.17074700871793,0.31346222899310594,0.0,1.0,0.0,1.0,0.00018483129629214118,4.8989898989899e-05,100.0,0.0,10.17074700871793,2,0.3112965354227506,0.9598700460175692,0.7706522590243521,80,0.0021656935703553426,0.002097326545301925,0.0025919666364521143,0.04241273242588428,0.0401299539824308,0.26590032919810846,0.477448647461704,2.156301927098407,0.3126668975864208,0.987077826002272,0.9246394356473353,97,3.0
A,dcsbm,leiden,200,2,1,0,220.927,0.67193,2.9043606145619236,0.015425355460648502,7,ok,0.734,10000,1098293,219.6586,100,0.6765143727584534,100,100,44,2960,1.1526871851071991,lspar,0.2,0.19752,0.640625,ok,0.00821,216932,0.3108702623566538,0.0004939458727702838,0.311364902447804,0.9575872675741157,0.0030756431238115325,0.7340996708018915,80.4,0.6070414778726002,4.856009402987548,7.811282770009711,0.7612409086626334,8.572523678672345,0.28266143517071624,7.353224780693155e-05,0.9499916503877767,0.00015696938870568767,0.850364103795433,-0.0006838829257732221,-5.5620183800130016e-05,101.0,0.3801815871614036,8.572523678672345,1,0.3104819779080455,0.9558551593360098,0.7085137085137085,81,-0.027820542737329257,-0.02870346727708778,-0.02820882718593759,-0.007595617186339054,-0.005863508948233176,0.1162644329935415,0.5664620577332268,6.379070472603349,0.3126668975864208,0.987077826002272,0.9246394356473353,97,3.0
A,dcsbm,leiden,200,2,1,0,220.927,0.67193,2.9043606145619236,0.015425355460648502,7,ok,0.734,10000,1098293,219.6586,100,0.6765143727584534,100,100,44,2960,1.1526871851071991,lspar,0.15,0.14588,0.578125,ok,0.00821,160216,0.3108702623566538,0.0004939458727702838,0.311364902447804,0.9575872675741157,0.0030756431238115325,0.7340996708018915,80.4,0.6070414778726002,4.856009402987548,7.80200575402705,0.6347781283354076,8.436783882362457,0.28512987020966796,0.0,0.9549226730962559,0.0,0.8747663662717717,0.0002931294464264712,2.301211998635e-05,101.0,0.3276521326040775,8.436783882362457,1,0.3104819779080455,0.9558551593360098,0.7085137085137085,81,-0.025352107698377535,-0.026235032238136058,-0.02574039214698587,-0.0026645944778598274,-0.0009324862397539491,0.1406666954698802,0.5755758913226747,7.649931820621429,0.3126668975864208,0.987077826002272,0.9246394356473353,97,3.0
A,dcsbm,leiden,200,2,1,0,220.927,0.67193,2.9043606145619236,0.015425355460648502,7,ok,0.734,10000,1098293,219.6586,100,0.6765143727584534,100,100,44,2960,1.1526871851071991,lspar,0.05,0.04789,0.34375,ok,0.00821,52595,0.3108702623566538,0.0004939458727702838,0.311364902447804,0.9575872675741157,0.0030756431238115325,0.7340996708018915,80.4,0.6070414778726002,4.856009402987548,7.764814427006058,0.37230252334848046,8.137116950354539,0.29005596440905784,0.00016688832468112475,0.9665209845513619,0.0002984348059780136,0.92305091453792,0.0003922093926171587,4.4592202481513906e-05,101.0,0.21283375427040374,8.137116950354539,1,0.3104819779080455,0.9558551593360098,0.7085137085137085,81,-0.02042601349898765,-0.021308938038746172,-0.020814297947595983,0.008933716977246209,0.010665825215352087,0.18895124373602845,0.5967727184719851,13.043181548469532,0.3126668975864208,0.987077826002272,0.9246394356473353,97,3.0
A,dcsbm,leiden,200,2,1,0,220.927,0.67193,2.9043606145619236,0.015425355460648502,7,ok,0.734,10000,1098293,219.6586,100,0.6765143727584534,100,100,44,2960,1.1526871851071991,dspar,0.5,0.49966,0.5,ok,0.00821,548776,0.3108702623566538,0.0004939458727702838,0.311364902447804,0.9575872675741157,0.0030756431238115325,0.7340996708018915,80.4,0.6070414778726002,4.856009402987548,0.3927022000425495,2.8355949633405544,3.228297163383104,0.31330181259063045,3.28857085164226e-05,0.9959934451954416,0.0008100492730805034,0.9767591518971682,-0.0009145605073805582,-0.0001080476700503352,97.66666666666667,0.14835222848282903,3.228297163383104,1,0.3104819779080455,0.9558551593360098,0.7085137085137085,81,0.002819834682584954,0.0019369101428264313,0.0024315502339766204,0.03840617762132592,0.0401382858594318,0.24265948109527669,1.5042014898958922,1.712518700931386,0.3126668975864208,0.987077826002272,0.9246394356473353,97,3.0
A,dcsbm,leiden,200,2,1,0,220.927,0.67193,2.9043606145619236,0.015425355460648502,7,ok,0.734,10000,1098293,219.6586,100,0.6765143727584534,100,100,44,2960,1.1526871851071991,dspar,0.2,0.20007,0.2,ok,0.00821,219735,0.3108702623566538,0.0004939458727702838,0.311364902447804,0.9575872675741157,0.0030756431238115325,0.7340996708018915,80.4,0.6070414778726002,4.856009402987548,0.3934131730347872,1.689977971992145,2.0833911450269325,0.3134134556200423,0.0,0.9982836153990476,1.1102230246251565e-16,0.98989898989899,-0.0006781982854524218,-4.8484848484848474e-05,99.0,0.09899494936611668,2.0833911450269325,1,0.3104819779080455,0.9558551593360098,0.7085137085137085,81,0.0029314777119968105,0.0020485531722382877,0.002543193263388477,0.04069634782493192,0.0424284560630378,0.2557993190970984,2.330819834085823,2.8734157979960453,0.3126668975864208,0.987077826002272,0.9246394356473353,97,3.0
A,dcsbm,leiden,200,2,1,0,220.927,0.67193,2.9043606145619236,0.015425355460648502,7,ok,0.734,10000,1098293,219.6586,100,0.6765143727584534,100,100,44,2960,1.1526871851071991,dspar,0.15,0.15007,0.15,ok,0.00821,164816,0.3108702623566538,0.0004939458727702838,0.311364902447804,0.9575872675741157,0.0030756431238115325,0.7340996708018915,80.4,0.6070414778726002,4.856009402987548,0.40095559996552765,1.4666101939898606,1.8675657939553882,0.3131057019047079,0.0,0.9895477631818747,1.1102230246251565e-16,0.9420612420043554,-6.383134820700397e-05,1.400163852840784e-05,94.0,0.22978659665002224,1.8675657939553882,1,0.3104819779080455,0.9558551593360098,0.7085137085137085,81,0.002623723996662386,0.0017407994569038632,0.0022354395480540523,0.03196049560775893,0.03369260384586481,0.20796157120246384,2.600181165613888,3.3110429907601744,0.3125455747896317,0.98141328203601,0.8907554766672513,91,2.0
A,dcsbm,leiden,200,2,1,0,220.927,0.67193,2.9043606145619236,0.015425355460648502,7,ok,0.734,10000,1098293,219.6586,100,0.6765143727584534,100,100,44,2960,1.1526871851071991,dspar,0.05,0.04992,0.05,ok,0.00821,54827,0.3108702623566538,0.0004939458727702838,0.311364902447804,0.9575872675741157,0.0030756431238115325,0.7340996708018915,80.4,0.6070414778726002,4.856009402987548,0.38679574395064265,1.1907391360145994,1.577534879965242,0.21407797172310614,0.013277552155379235,0.6090606414702252,0.03493257890289976,0.18090235931629528,-7.602107405922986e-07,-6.342550750648414e-06,28.333333333333332,0.9262432308186505,1.577534879965242,1,0.3104819779080455,0.9558551593360098,0.7085137085137085,81,-0.09640400618493936,-0.09728693072469788,-0.09679229063354769,-0.3485266261038905,-0.34679451786578464,-0.5531973114855963,3.0782263293566863,4.078147140809193,0.3045424745890801,0.8397458541336168,0.389059073151676,35,0.75
A,dcsbm,leiden,200,2,1,0,220.927,0.67193,2.9043606145619236,0.015425355460648502,7,ok,0.734,10000,1098293,219.6586,100,0.6765143727584534,100,100,44,2960,1.1526871851071991,random,0.5,0.5,0.5,ok,0.00821,549146,0.3108702623566538,0.0004939458727702838,0.311364902447804,0.9575872675741157,0.0030756431238115325,0.7340996708018915,80.4,0.6070414778726002,4.856009402987548,0.024713054997846484,2.967443404661026,2.9921564596588723,0.3125708049713734,0.0007657471842938691,0.9869989097507136,0.007940774103184991,0.9001283715880666,-0.0004145017443614484,-6.775232939415946e-05,94.0,0.3411432467458677,2.9921564596588723,1,0.3104819779080455,0.9558551593360098,0.7085137085137085,81,0.002088827063327914,0.001205902523569391,0.0017005426147195801,0.029411642176597863,0.03114375041470374,0.16602870078617504,1.6229129286712394,1.6364286494428542,0.3125455747896317,0.98141328203601,0.8907554766672513,91,2.0
A,dcsbm,leiden,200,2,1,0,220.927,0.67193,2.9043606145619236,0.015425355460648502,7,ok,0.734,10000,1098293,219.6586,100,0.6765143727584534,100,100,44,2960,1.1526871851071991,random,0.2,0.2,0.2,ok,0.00821,219659,0.3108702623566538,0.0004939458727702838,0.311364902447804,0.9575872675741157,0.0030756431238115325,0.7340996708018915,80.4,0.6070414778726002,4.856009402987548,0.022128263022750616,1.7841247220057994,1.80625298502855,0.3109487482401726,0.0015278328139929451,0.9412144854933405,0.01334380029743482,0.6948772786015242,0.0018543211190502262,0.0001266313904599104,70.66666666666667,0.5403464165669593,1.80625298502855,1,0.3104819779080455,0.9558551593360098,0.7085137085137085,81,0.00046677033212710883,-0.000416154207631414,7.848588351877517e-05,-0.016372782080775194,-0.014640673842669316,-0.039222392200367384,2.6884436694291707,2.7217880807840533,0.3104819779080455,0.9558551593360098,0.7085137085137085,81,1.0
A,dcsbm,leiden,200,2,1,0,220.927,0.67193,2.9043606145619236,0.015425355460648502,7,ok,0.734,10000,1098293,219.6586,100,0.6765143727584534,100,100,44,2960,1.1526871851071991,random,0.15,0.15,0.15,ok,0.00821,164744,0.3108702623566538,0.0004939458727702838,0.311364902447804,0.9575872675741157,0.0030756431238115325,0.7340996708018915,80.4,0.6070414778726002,4.856009402987548,0.02059747400926426,1.6540690619731322,1.6746665359823965,0.30718969943362634,0.0029652129753503656,0.9074198132274082,0.023325137213707207,0.5600176377931673,0.00025533619674447656,-2.4157436342719202e-05,60.666666666666664,0.7194278203826742,1.6746665359823965,1,0.3104819779080455,0.9558551593360098,0.7085137085137085,81,-0.0032922784744191524,-0.004175203014177675,-0.003680562923027486,-0.05016745434670755,-0.04843534610860167,-0.17408203300872427,2.8996873697836834,2.935796040580575,0.3104819779080455,0.9558551593360098,0.7085137085137085,81,1.0
A,dcsbm,leiden,200,2,1,0,220.927,0.67193,2.9043606145619236,0.015425355460648502,7,ok,0.734,10000,1098293,219.6586,100,0.6765143727584534,100,100,44,2960,1.1526871851071991,random,0.05,0.05,0.05,ok,0.00821,54915,0.3108702623566538,0.0004939458727702838,0.311364902447804,0.9575872675741157,0.0030756431238115325,0.7340996708018915,80.4,0.6070414778726002,4.856009402987548,0.020535853982437402,0.9649521626609688,0.9854880166434062,0.04958659932043399,0.004281635912760759,0.1814572417476993,0.014139207878144582,0.024216985264672374,-5.3921145648447656e-05,3.7079249074886606e-05,62.666666666666664,2.263000111379149,0.9854880166434062,1,0.3104819779080455,0.9558551593360098,0.7085137085137085,81,-0.2608953785876115,-0.26177830312737005,-0.26128366303621986,-0.7761300258264164,-0.7743979175883106,-0.7098826855372191,4.9275174542732865,5.0323835635504786,0.3104819779080455,0.9558551593360098,0.7085137085137085,81,1.0
A,dcsbm,leiden,200,3,1,0,220.927,0.67193,2.7799597683515636,0.015405244005419387,7,ok,0.734,10000,1100159,220.0318,100,0.676354054277609,100,100,46,2893,1.1389914183767131,lspar,0.5,0.50433,0.855469,ok,0.00822,554845,0.3100048825079882,0.001061247293644404,0.31126360238085343,0.9441436614338977,0.009605431309650074,0.6638149859751732,75.4,0.7032140278911279,4.871904675802216,7.833927558094729,2.2738961819947385,10.107823740089467,0.3136221784461139,0.0,1.0,0.0,1.0,0.0003798222411628086,3.402693602693602e-05,100.0,0.0,10.107823740089467,2,0.31088551829768835,0.9481642015612418,0.7137562677131023,75,0.0027366601484255515,0.002358576065260465,0.0036172959381257086,0.05585633856610228,0.051835798438758185,0.3361850140248268,0.4819934341038572,2.1425361080154577,0.3125639640854825,0.9870739430232928,0.9319254786041141,96,3.0
A,dcsbm,leiden,200,3,1,0,220.927,0.67193,2.7799597683515636,0.015405244005419387,7,ok,0.734,10000,1100159,220.0318,100,0.676354054277609,100,100,46,2893,1.1389914183767131,lspar,0.2,0.1973,0.640625,ok,0.00822,217065,0.3100048825079882,0.001061247293644404,0.31126360238085343,0.9441436614338977,0.009605431309650074,0.6638149859751732,75.4,0.7032140278911279,4.871904675802216,7.729775918996893,0.7596969233321337,8.489472842329027,0.2842843503146838,0.0,0.952816327459313,1.1102230246251565e-16,0.8650397119045548,5.728325996066081e-05,-2.5939540196284785e-05,101.0,0.3488349179769708,8.489472842329027,1,0.31088551829768835,0.9481642015612418,0.7137562677131023,75,-0.026601167983004548,-0.026979252066169634,-0.02572053219330439,0.008672666025415277,0.00465212589807118,0.20122472592938156,0.5738759951631629,6.412958281354335,0.3125639640854825,0.9870739430232928,0.9319254786041141,96,3.0
A,dcsbm,leiden,200,3,1,0,220.927,0.67193,2.7799597683515636,0.015405244005419387,7,ok,0.734,10000,1100159,220.0318,100,0.676354054277609,100,100,46,2893,1.1389914183767131,lspar,0.15,0.14612,0.578125,ok,0.00822,160750,0.3100048825079882,0.001061247293644404,0.31126360238085343,0.9441436614338977,0.009605431309650074,0.6638149859751732,75.4,0.7032140278911279,4.871904675802216,7.719330377003644,0.6419487689854577,8.361279145989101,0.2861750476669708,0.0,0.956766953983045,0.0,0.8833676408652685,9.827247438629134e-06,1.738161699703222e-06,101.0,0.30849515393276433,8.361279145989101,1,0.31088551829768835,0.9481642015612418,0.7137562677131023,75,-0.024710470630717518,-0.025088554713882605,-0.02382983484101736,0.012623292549147291,0.008602752421803195,0.21955265489009534,0.58267456339372,7.589242181275342,0.3125639640854825,0.9870739430232928,0.9319254786041141,96,3.0
A,dcsbm,leiden,200,3,1,0,220.927,0.67193,2.7799597683515636,0.015405244005419387,7,ok,0.734,10000,1100159,220.0318,100,0.676354054277609,100,100,46,2893,1.1389914183767131,lspar,0.05,0.04806,0.34375,ok,0.00822,52877,0.3100048825079882,0.001061247293644404,0.31126360238085343,0.9441436614338977,0.009605431309650074,0.6638149859751732,75.4,0.7032140278911279,4.871904675802216,7.6800301460316405,0.3755261930054985,8.055556339037139,0.2912881784125079,0.0,0.968454462754342,0.0,0.9305254716075608,-3.495678403213064e-05,1.9941340828247414e-05,101.0,0.19258296913278702,8.055556339037139,1,0.31088551829768835,0.9481642015612418,0.7137562677131023,75,-0.01959733988518042,-0.019975423968345507,-0.018716704095480263,0.024310801320444275,0.02029026119310018,0.26671048563238764,0.6047881078297496,12.973541570589939,0.3125639640854825,0.9870739430232928,0.9319254786041141,96,3.0
A,dcsbm,leiden,200,3,1,0,220.927,0.67193,2.7799597683515636,0.015405244005419387,7,ok,0.734,10000,1100159,220.0318,100,0.676354054277609,100,100,46,2893,1.1389914183767131,dspar,0.5,0.49974,0.5,ok,0.00822,549791,0.3100048825079882,0.001061247293644404,0.31126360238085343,0.9441436614338977,0.009605431309650074,0.6638149859751732,75.4,0.7032140278911279,4.871904675802216,0.38574222300667316,2.9164644203459225,3.3022066433525956,0.31348792998523695,7.912785659212326e-05,0.9969218639845234,0.0009988532130481246,0.9800601355903088,-0.0005105983004111978,-5.827396369943486e-05,98.33333333333333,0.1448453900025163,3.3022066433525956,1,0.31088551829768835,0.9481642015612418,0.7137562677131023,75,0.0026024116875486003,0.0022243276043835136,0.0034830474772487574,0.05277820255062571,0.04875766242328161,0.3162451496151356,1.4753482146883363,1.6704831513851823,0.3125639640854825,0.9870739430232928,0.9319254786041141,96,3.0
A,dcsbm,leiden,200,3,1,0,220.927,0.67193,2.7799597683515636,0.015405244005419387,7,ok,0.734,10000,1100159,220.0318,100,0.676354054277609,100,100,46,2893,1.1389914183767131,dspar,0.2,0.19957,0.2,ok,0.00822,219564,0.3100048825079882,0.001061247293644404,0.31126360238085343,0.9441436614338977,0.009605431309650074,0.6638149859751732,75.4,0.7032140278911279,4.871904675802216,0.38300868798978627,1.6505691640001412,2.0335778519899277,0.3135737280379962,0.0,0.998283615399048,0.0,0.98989898989899,0.000653010223634985,8.888888888888889e-05,99.0,0.09899494936611668,2.0335778519899277,1,0.31088551829768835,0.9481642015612418,0.7137562677131023,75,0.0026882097403078675,0.002310125657142781,0.0035688455300080246,0.054139953965150256,0.05011941383780616,0.32608400392381676,2.3957305942503675,2.9516513346191404,0.3125639640854825,0.9870739430232928,0.9319254786041141,96,3.0
A,dcsbm,leiden,200,3,1,0,220.927,0.67193,2.7799597683515636,0.015405244005419387,7,ok,0.734,10000,1100159,220.0318,100,0.676354054277609,100,100,46,2893,1.1389914183767131,dspar,0.15,0.14942,0.15,ok,0.00822,164386,0.3100048825079882,0.001061247293644404,0.31126360238085343,0.9441436614338977,0.009605431309650074,0.6638149859751732,75.4,0.7032140278911279,4.871904675802216,0.38421486102743074,1.4937857230155107,1.8780005840429415,0.3134262709657194,7.008565417525959e-06,0.9931284925270406,1.1102230246251565e-16,0.9607614607614607,-0.0007473616512593239,-0.0001145040145040145,96.0,0.19183326093250877,1.8780005840429415,1,0.31088551829768835,0.9481642015612418,0.7137562677131023,75,0.0025407526680310544,0.0021626685848659677,0.0034213884577312115,0.04898483109314289,0.04496429096579879,0.29694647478628755,2.5941976361445143,3.2614481452984325,0.3125639640854825,0.9870739430232928,0.9319254786041141,96,3.0
A,dcsbm,leiden,200,3,1,0,220.927,0.67193,2.7799597683515636,0.015405244005419387,7,ok,0.734,10000,1100159,220.0318,100,0.676354054277609,100,100,46,2893,1.1389914183767131,dspar,0.05,0.04991,0.05,ok,0.00822,54905,0.3100048825079882,0.001061247293644404,0.31126360238085343,0.9441436614338977,0.009605431309650074,0.6638149859751732,75.4,0.7032140278911279,4.871904675802216,0.3763701429706998,1.2391386430050868,1.6155087859757866,0.2135786950228633,0.007795952368024149,0.6022098603173888,0.018942501474354587,0.1769405231935901,-0.0006292452813777183,-1.0284159853024008e-06,27.333333333333332,0.9026196283575167,1.6155087859757866,1,0.31088551829768835,0.9481642015612418,0.7137562677131023,75,-0.09730682327482504,-0.09768490735799013,-0.09642618748512488,-0.34193380111650895,-0.34595434124385305,-0.4868744627815831,3.0157091797303517,3.9316865011869506,0.2851944597908793,0.7786821226102602,0.18884266295428093,35,0.75
A,dcsbm,leiden,200,3,1,0,220.927,0.67193,2.7799597683515636,0.015405244005419387,7,ok,0.734,10000,1100159,220.0318,100,0.676354054277609,100,100,46,2893,1.1389914183767131,random,0.5,0.5,0.5,ok,0.00822,550080,0.3100048825079882,0.001061247293644404,0.31126360238085343,0.9441436614338977,0.009605431309650074,0.6638149859751732,75.4,0.7032140278911279,4.871904675802216,0.024932836997322738,2.8878589313244447,2.9127917683217674,0.3130820009808799,0.0005400413887066944,0.988986111045068,0.010393209350406349,0.9268755935422602,-0.00028922757368166,-3.945825779159113e-05,94.66666666666667,0.2662776582701742,2.9127917683217674,1,0.31088551829768835,0.9481642015612418,0.7137562677131023,75,0.0021964826831915585,0.0018183986000264718,0.0030771184728917156,0.04484244961117023,0.040821909483826135,0.26306060756708705,1.6725894136295263,1.687030007926266,0.3125639640854825,0.9870739430232928,0.9319254786041141,96,3.0
A,dcsbm,leiden,200,3,1,0,220.927,0.67193,2.7799597683515636,0.015405244005419387,7,ok,0.734,10000,1100159,220.0318,100,0.676354054277609,100,100,46,2893,1.1389914183767131,random,0.2,0.2,0.2,ok,0.00822,220032,0.3100048825079882,0.001061247293644404,0.31126360238085343,0.9441436614338977,0.009605431309650074,0.6638149859751732,75.4,0.7032140278911279,4.871904675802216,0.020540661993436515,1.7994767543471728,1.8200174163406093,0.31072754752344905,0.000261154106170592,0.9395628605112735,0.0034126317544930325,0.6671924758235286,-0.0004661448763724873,2.888977147191504e-05,71.0,0.6260184130122833,1.8200174163406093,1,0.31088551829768835,0.9481642015612418,0.7137562677131023,75,-0.00015797077423929107,-0.0005360548574043777,0.000722665015460866,-0.004580800922624251,-0.008601341049968347,0.0033774898483553972,2.676845085140909,2.7074007285910624,0.31088551829768835,0.9481642015612418,0.7137562677131023,75,1.0
A,dcsbm,leiden,200,3,1,0,220.927,0.67193,2.7799597683515636,0.015405244005419387,7,ok,0.734,10000,1100159,220.0318,100,0.676354054277609,100,100,46,2893,1.1389914183767131,random,0.15,0.15,0.15,ok,0.00822,165024,0.3100048825079882,0.001061247293644404,0.31126360238085343,0.9441436614338977,0.009605431309650074,0.6638149859751732,75.4,0.7032140278911279,4.871904675802216,0.0211111240205355,1.640854191345473,1.6619653153660086,0.30675156219082045,0.001498923642804295,0.9031206117575667,0.007217852221889909,0.5395406344843436,0.00023428582228922788,-3.795896332540876e-05,59.333333333333336,0.7413355232681648,1.6619653153660086,1,0.31088551829768835,0.9481642015612418,0.7137562677131023,75,-0.004133956106867898,-0.004512040190032984,-0.0032533203171677405,-0.04102304967633097,-0.045043589803675066,-0.12427435149082955,2.9314117633852628,2.9691271177528185,0.31088551829768835,0.9481642015612418,0.7137562677131023,75,1.0
A,dcsbm,leiden,200,3,1,0,220.927,0.67193,2.7799597683515636,0.015405244005419387,7,ok,0.734,10000,1100159,220.0318,100,0.676354054277609,100,100,46,2893,1.1389914183767131,random,0.05,0.05,0.05,ok,0.00822,55008,0.3100048825079882,0.001061247293644404,0.31126360238085343,0.9441436614338977,0.009605431309650074,0.6638149859751732,75.4,0.7032140278911279,4.871904675802216,0.018358523026108742,1.032975808348662,1.0513343313747707,0.05617977036119575,0.00594667499741059,0.196090144172825,0.016196856187128173,0.027691733606825492,-0.0001514202451092664,3.125549621489089e-05,67.66666666666667,2.3755694609515072,1.0513343313747707,1,0.31088551829768835,0.9481642015612418,0.7137562677131023,75,-0.2547057479364926,-0.2550838320196577,-0.25382511214679243,-0.7480535172610727,-0.7520740573884168,-0.6361232523683477,4.63402034006775,4.716378289236561,0.31088551829768835,0.9481642015612418,0.7137562677131023,75,1.0
