arm,gen,detector,is_proxy,d_nom,graph_seed,het_deg,het_size,d_target,mu_target,cal_status,lfr_deg_cv,n,m,d_avg_real,n_comm_planted,mu_real,comm_size_min,comm_size_max,deg_min,deg_max,deg_cv,k_fixed,sparsifier,target_ret,realized_ret,knob,status,m_sparse,Q_base,AMI_base,ARI_base,nc_base,cv_base,T_base,Q_orig_transfer,AMI,ARI,nc_sparse,cv_sparse,AMI_chance,ARI_chance,T_sparsify,T_detect_sparse,T_pipeline,dQ,dAMI,dARI,dcv,speedup_pipeline,speedup_detect_only
B,sbm_ps,metis,0,10,1,0,1,11.183,0.57853,ok,2.327,10000,55565,11.113,128,0.5759380905246109,20,489,1,30,0.29436458248790126,128,lspar,0.5,0.4965,0.421875,ok,27588,0.34564981599128336,0.6327186988006546,0.3240963649296097,128,0.021644398813549893,0.33885953295975924,0.32392102450834914,0.6519417153602309,0.33927534870976306,128,0.019661129163911214,-0.0002387208225210869,-7.070561823294054e-05,0.04918753501260653,0.21948760998202488,0.2686751449946314,-0.021728791482934218,0.019223016559576367,0.015178983780153366,-0.001983269649638679,1.2612239698113132,1.5438663393688163
B,sbm_ps,metis,0,10,1,0,1,11.183,0.57853,ok,2.327,10000,55565,11.113,128,0.5759380905246109,20,489,1,30,0.29436458248790126,128,lspar,0.2,0.16314,0.0,ok,9065,0.34564981599128336,0.6327186988006546,0.3240963649296097,128,0.021644398813549893,0.33885953295975924,0.1986015951300698,0.3290893574645766,0.05687235224987825,128,0.020111688143962456,-0.002108144400677354,-0.00024402660345509126,0.07971625495702028,0.013044507009908557,0.09276076196692884,-0.14704822086121355,-0.30362934133607794,-0.26722401267973145,-0.0015327106695874372,3.6530481830299086,25.977182020168556
B,sbm_ps,metis,0,10,1,0,1,11.183,0.57853,ok,2.327,10000,55565,11.113,128,0.5759380905246109,20,489,1,30,0.29436458248790126,128,lspar,0.15,0.16314,0.0,floor,9065,0.34564981599128336,0.6327186988006546,0.3240963649296097,128,0.021644398813549893,0.33885953295975924,0.1986015951300698,0.3290893574645766,0.05687235224987825,128,0.020111688143962456,0.0017555571468410168,0.00017568959142549666,0.04193269397364929,0.012272297986783087,0.05420499196043238,-0.14704822086121355,-0.30362934133607794,-0.26722401267973145,-0.0015327106695874372,6.251445129022693,27.61174258681636
B,sbm_ps,metis,0,10,1,0,1,11.183,0.57853,ok,2.327,10000,55565,11.113,128,0.5759380905246109,20,489,1,30,0.29436458248790126,128,lspar,0.05,0.16314,0.0,floor,9065,0.34564981599128336,0.6327186988006546,0.3240963649296097,128,0.021644398813549893,0.33885953295975924,0.1986015951300698,0.3290893574645766,0.05687235224987825,128,0.020111688143962456,0.0006646619154773198,0.00011448097967207758,0.04175779497018084,0.013477154017891735,0.055234948988072574,-0.14704822086121355,-0.30362934133607794,-0.26722401267973145,-0.0015327106695874372,6.134875457799962,25.143255950766964
B,sbm_ps,metis,0,10,1,0,1,11.183,0.57853,ok,2.327,10000,55565,11.113,128,0.5759380905246109,20,489,1,30,0.29436458248790126,128,dspar,0.5,0.50094,0.5,ok,27835,0.34564981599128336,0.6327186988006546,0.3240963649296097,128,0.021644398813549893,0.33885953295975924,0.22248535627104118,0.2003091854527954,0.03612766160587949,128,0.016079800993793424,-0.0012135171154740215,-0.0002040277556131873,0.009105654957238585,0.22799622401362285,0.23710187897086143,-0.12316445972024218,-0.43240951334785915,-0.2879687033237302,-0.0055645978197564686,1.4291727017540983,1.4862506360610264
B,sbm_ps,metis,0,10,1,0,1,11.183,0.57853,ok,2.327,10000,55565,11.113,128,0.5759380905246109,20,489,1,30,0.29436458248790126,128,dspar,0.2,0.19955,0.2,ok,11088,0.34564981599128336,0.6327186988006546,0.3240963649296097,128,0.021644398813549893,0.33885953295975924,0.16368491365286422,0.12994691011578893,0.01659327382372778,128,0.01774485841025507,0.002443766680184155,0.00019762363450377058,0.010836927976924926,0.08360550599172711,0.09444243396865204,-0.18196490233841914,-0.5027717886848656,-0.3075030911058819,-0.0038995404032948246,3.588000845808736,4.053076755414767
B,sbm_ps,metis,0,10,1,0,1,11.183,0.57853,ok,2.327,10000,55565,11.113,128,0.5759380905246109,20,489,1,30,0.29436458248790126,128,dspar,0.15,0.14952,0.15,ok,8308,0.34564981599128336,0.6327186988006546,0.3240963649296097,128,0.021644398813549893,0.33885953295975924,0.1410660405853926,0.12568786054907333,0.015529239693185077,128,0.018998947339260667,-0.0010091154913507163,-5.46973805279052e-05,0.012634399987291545,0.056220015976578,0.06885441596386954,-0.20458377540589076,-0.5070308382515812,-0.3085671252364246,-0.002645451474289226,4.921391434611418,6.027382366823456
B,sbm_ps,metis,0,10,1,0,1,11.183,0.57853,ok,2.327,10000,55565,11.113,128,0.5759380905246109,20,489,1,30,0.29436458248790126,128,dspar,0.05,0.04965,0.05,ok,2759,0.34564981599128336,0.6327186988006546,0.3240963649296097,128,0.021644398813549893,0.33885953295975924,0.05574414219464811,0.12506585468035894,0.013967005653428372,128,0.006974238309665078,-0.0002050101260309361,-6.54100000611227e-05,0.011020759993698448,0.0070543549954891205,0.01807511498918757,-0.28990567379663523,-0.5076528441202957,-0.31012935927618135,-0.014670160503884814,18.74729611194524,48.03550901201338
B,sbm_ps,metis,0,10,1,0,1,11.183,0.57853,ok,2.327,10000,55565,11.113,128,0.5759380905246109,20,489,1,30,0.29436458248790126,128,random,0.5,0.49999,0.5,ok,27782,0.34564981599128336,0.6327186988006546,0.3240963649296097,128,0.021644398813549893,0.33885953295975924,0.22305657330074286,0.20265075169231359,0.03671663525592054,128,0.016627687752661224,0.0006208585379163974,1.4396420853047804e-05,0.001125820039305836,0.22062924201600254,0.22175506205530837,-0.1225932426905405,-0.43006794710834095,-0.28737972967368913,-0.005016711060888669,1.5280802603515928,1.5358777008134818
B,sbm_ps,metis,0,10,1,0,1,11.183,0.57853,ok,2.327,10000,55565,11.113,128,0.5759380905246109,20,489,1,30,0.29436458248790126,128,random,0.2,0.2,0.2,ok,11113,0.34564981599128336,0.6327186988006546,0.3240963649296097,128,0.021644398813549893,0.33885953295975924,0.16097894076984717,0.1245182220374432,0.015078038283128075,128,0.018998947339260667,0.0009136260376523391,0.0002268662900890615,0.0010111879673786461,0.08455442596459761,0.08556561393197626,-0.1846708752214362,-0.5082004767632113,-0.3090183266464816,-0.002645451474289226,3.9602302535823433,4.007590721526955
B,sbm_ps,metis,0,10,1,0,1,11.183,0.57853,ok,2.327,10000,55565,11.113,128,0.5759380905246109,20,489,1,30,0.29436458248790126,128,random,0.15,0.15,0.15,ok,8335,0.34564981599128336,0.6327186988006546,0.3240963649296097,128,0.021644398813549893,0.33885953295975924,0.1390286053782449,0.12894091310952296,0.016004317567457006,128,0.019983993594874874,6.16668503157873e-05,-2.8868252713262282e-05,0.0008450860041193664,0.06158783100545406,0.06243291700957343,-0.20662121061303845,-0.5037777856911316,-0.3080920473621527,-0.0016604052186750193,5.427578098069624,5.502053367161943
B,sbm_ps,metis,0,10,1,0,1,11.183,0.57853,ok,2.327,10000,55565,11.113,128,0.5759380905246109,20,489,1,30,0.29436458248790126,128,random,0.05,0.05,0.05,ok,2778,0.34564981599128336,0.6327186988006546,0.3240963649296097,128,0.021644398813549893,0.33885953295975924,0.056644173190098825,0.12772433722916357,0.014309579922367987,128,0.008,-0.0014151764971824794,-4.108503034759928e-05,0.0009264940163120627,0.008206269005313516,0.009132763021625578,-0.2890056428011845,-0.504994361571491,-0.3097867850072417,-0.013644398813549893,37.10372558199197,41.29276443903429
B,sbm_ps,metis,0,10,2,0,1,11.183,0.57853,ok,2.327,10000,55897,11.1794,95,0.5773655115659159,21,468,1,25,0.2921535131003704,95,lspar,0.5,0.49529,0.40625,ok,27685,0.3290463174316034,0.5229943413592153,0.23751253130702973,95,0.01840108692441835,0.26681614201515913,0.31633519477258126,0.6308654418062254,0.3425188211829132,95,0.017609656441850308,-0.0006032229982990996,-2.8705952063814488e-05,0.04335204401286319,0.1627640700316988,0.20611611404456198,-0.012711122659022134,0.1078711004470101,0.10500628987588348,-0.0007914304825680438,1.2944943351565124,1.6392815807763708
B,sbm_ps,metis,0,10,2,0,1,11.183,0.57853,ok,2.327,10000,55897,11.1794,95,0.5773655115659159,21,468,1,25,0.2921535131003704,95,lspar,0.2,0.16453,0.0,ok,9197,0.3290463174316034,0.5229943413592153,0.23751253130702973,95,0.01840108692441835,0.26681614201515913,0.19341001644222347,0.2781890343852469,0.04445517739953447,95,0.01466628787389638,-0.0016729307369659214,-8.414565757190845e-05,0.07647343998542055,0.010842333955224603,0.08731577394064516,-0.13563630098937993,-0.2448053069739684,-0.19305735390749526,-0.0037347990505219707,3.055761060957134,24.60873674589116
B,sbm_ps,metis,0,10,2,0,1,11.183,0.57853,ok,2.327,10000,55897,11.1794,95,0.5773655115659159,21,468,1,25,0.2921535131003704,95,lspar,0.15,0.16453,0.0,floor,9197,0.3290463174316034,0.5229943413592153,0.23751253130702973,95,0.01840108692441835,0.26681614201515913,0.19341001644222347,0.2781890343852469,0.04445517739953447,95,0.01466628787389638,0.000709655158825961,3.733362621018479e-05,0.03796377097023651,0.010748628992587328,0.04871239996282384,-0.13563630098937993,-0.2448053069739684,-0.19305735390749526,-0.0037347990505219707,5.477376237237068,24.82327208420403
B,sbm_ps,metis,0,10,2,0,1,11.183,0.57853,ok,2.327,10000,55897,11.1794,95,0.5773655115659159,21,468,1,25,0.2921535131003704,95,lspar,0.05,0.16453,0.0,floor,9197,0.3290463174316034,0.5229943413592153,0.23751253130702973,95,0.01840108692441835,0.26681614201515913,0.19341001644222347,0.2781890343852469,0.04445517739953447,95,0.01466628787389638,0.00237562692441785,0.0001772988879591183,0.03796927398070693,0.010604598035570234,0.048573872016277164,-0.13563630098937993,-0.2448053069739684,-0.19305735390749526,-0.0037347990505219707,5.492997180166093,25.160420142300264
B,sbm_ps,metis,0,10,2,0,1,11.183,0.57853,ok,2.327,10000,55897,11.1794,95,0.5773655115659159,21,468,1,25,0.2921535131003704,95,dspar,0.5,0.50056,0.5,ok,27980,0.3290463174316034,0.5229943413592153,0.23751253130702973,95,0.01840108692441835,0.26681614201515913,0.2188688730355433,0.14943162971321403,0.023019327632555785,95,0.012497999839974393,0.0010244737642893776,0.0001068284577945161,0.010065924027003348,0.16210301499813795,0.1721689390251413,-0.11017744439606009,-0.3735627116460013,-0.21449320367447394,-0.005903087084443958,1.549734484779492,1.645966560327234
B,sbm_ps,metis,0,10,2,0,1,11.183,0.57853,ok,2.327,10000,55897,11.1794,95,0.5773655115659159,21,468,1,25,0.2921535131003704,95,dspar,0.2,0.20146,0.2,ok,11261,0.3290463174316034,0.5229943413592153,0.23751253130702973,95,0.01840108692441835,0.26681614201515913,0.16365765512290648,0.09756848114932884,0.011470706656154137,95,0.015049916943292411,-0.000848118672900115,-0.00010279199261909537,0.010893767001107335,0.06563996605109423,0.07653373305220157,-0.16538866230869692,-0.4254258602098865,-0.2260418246508756,-0.0033511699811259402,3.486255424561234,4.064842778978117
B,sbm_ps,metis,0,10,2,0,1,11.183,0.57853,ok,2.327,10000,55897,11.1794,95,0.5773655115659159,21,468,1,25,0.2921535131003704,95,dspar,0.15,0.1492,0.15,ok,8340,0.3290463174316034,0.5229943413592153,0.23751253130702973,95,0.01840108692441835,0.26681614201515913,0.13972061598532892,0.0953751492081352,0.011153162120485208,95,0.01620493751916372,0.00137360525502722,2.0818390298121004e-05,0.01140842295717448,0.04193347704131156,0.05334189999848604,-0.18932570144627447,-0.42761919215108013,-0.22635936918654453,-0.00219614940525463,5.001999216802025,6.362843266068782
B,sbm_ps,metis,0,10,2,0,1,11.183,0.57853,ok,2.327,10000,55897,11.1794,95,0.5773655115659159,21,468,1,25,0.2921535131003704,95,dspar,0.05,0.05018,0.05,ok,2805,0.3290463174316034,0.5229943413592153,0.23751253130702973,95,0.01840108692441835,0.26681614201515913,0.05544284325467536,0.10920484238141946,0.012663435543526273,95,0.00782304288624318,-0.002836350053346744,-0.00031834832915508007,0.010981841012835503,0.005462018016260117,0.01644385902909562,-0.27360347417692804,-0.4137894989777958,-0.22484909576350345,-0.010578044038175171,16.22588356802725,48.84937054781999
B,sbm_ps,metis,0,10,2,0,1,11.183,0.57853,ok,2.327,10000,55897,11.1794,95,0.5773655115659159,21,468,1,25,0.2921535131003704,95,random,0.5,0.49999,0.5,ok,27948,0.3290463174316034,0.5229943413592153,0.23751253130702973,95,0.01840108692441835,0.26681614201515913,0.21935427736420438,0.1562268987432033,0.025602004529087792,95,0.01272399308393399,0.00014582602404013124,6.713436698333155e-05,0.0009238849743269384,0.1708457309869118,0.17176961596123874,-0.10969204006739902,-0.366767442616012,-0.21191052677794195,-0.005677093840484362,1.553337244902314,1.561737249586877
B,sbm_ps,metis,0,10,2,0,1,11.183,0.57853,ok,2.327,10000,55897,11.1794,95,0.5773655115659159,21,468,1,25,0.2921535131003704,95,random,0.2,0.19999,0.2,ok,11179,0.3290463174316034,0.5229943413592153,0.23751253130702973,95,0.01840108692441835,0.26681614201515913,0.1617723203907783,0.1010043396275898,0.011937277224416561,95,0.01655294535724685,-0.0014967403277141808,-0.0001496741714550301,0.000802229973487556,0.06708189501659945,0.067884124990087,-0.1672739970408251,-0.4219900017316255,-0.22557525408261317,-0.0018481415671715018,3.930464479789963,3.9774687633546333
B,sbm_ps,metis,0,10,2,0,1,11.183,0.57853,ok,2.327,10000,55897,11.1794,95,0.5773655115659159,21,468,1,25,0.2921535131003704,95,random,0.15,0.15001,0.15,ok,8385,0.3290463174316034,0.5229943413592153,0.23751253130702973,95,0.01840108692441835,0.26681614201515913,0.13968016870512512,0.09627918312257994,0.01144565267963899,95,0.01498666073546739,-0.0010482261476313266,-0.0001582230247833245,0.0009710239828564227,0.042534384003374726,0.04350540798623115,-0.18936614872647828,-0.42671515823663536,-0.22606687862739075,-0.0034144261889509607,6.132941957459695,6.272951831017222
B,sbm_ps,metis,0,10,2,0,1,11.183,0.57853,ok,2.327,10000,55897,11.1794,95,0.5773655115659159,21,468,1,25,0.2921535131003704,95,random,0.05,0.05,0.05,ok,2795,0.3290463174316034,0.5229943413592153,0.23751253130702973,95,0.01840108692441835,0.26681614201515913,0.05488733385959166,0.10745719579609693,0.012400137374708345,95,0.009471008394041261,0.001661128509066415,0.00013153724026464573,0.0009322979603894055,0.00616600300418213,0.007098300964571536,-0.27415898357201174,-0.4155371455631184,-0.22511239393232138,-0.00893007853037709,37.58873332461813,43.27213947741988
B,sbm_ps,metis,0,10,3,0,1,11.183,0.57853,ok,2.327,10000,56101,11.2202,101,0.5802570364164632,20,444,2,26,0.2975320988917122,101,lspar,0.5,0.50318,0.421875,ok,28229,0.32753077002172487,0.5423958005896942,0.2578606025188851,101,0.016846364592991568,0.2653855390381068,0.30894355420333414,0.6056060511412162,0.31114673575429463,101,0.01585812094795597,0.0006324132315752333,0.00014982921004008738,0.04693025100277737,0.1726286849589087,0.21955893596168607,-0.018587215818390734,0.06321025055152207,0.05328613323540954,-0.0009882436450355976,1.2087211931306574,1.537320052581512
B,sbm_ps,metis,0,10,3,0,1,11.183,0.57853,ok,2.327,10000,56101,11.2202,101,0.5802570364164632,20,444,2,26,0.2975320988917122,101,lspar,0.2,0.16338,0.0,ok,9166,0.32753077002172487,0.5423958005896942,0.2578606025188851,101,0.016846364592991568,0.2653855390381068,0.1924020387259996,0.2924446629249388,0.0497156108208811,101,0.017665786141578866,-0.00047095578369628734,5.263774484882951e-06,0.07940935500664636,0.01154456497170031,0.09095391997834668,-0.13512873129572528,-0.24995113766475535,-0.208144991698004,0.0008194215485872978,2.917802103540858,22.98792026279533
B,sbm_ps,metis,0,10,3,0,1,11.183,0.57853,ok,2.327,10000,56101,11.2202,101,0.5802570364164632,20,444,2,26,0.2975320988917122,101,lspar,0.15,0.16338,0.0,floor,9166,0.32753077002172487,0.5423958005896942,0.2578606025188851,101,0.016846364592991568,0.2653855390381068,0.1924020387259996,0.2924446629249388,0.0497156108208811,101,0.017665786141578866,0.00022372835485273048,-2.997179898151641e-05,0.04019238398177549,0.010967137000989169,0.05115952098276466,-0.13512873129572528,-0.24995113766475535,-0.208144991698004,0.0008194215485872978,5.1874125077815645,24.198251468379638
B,sbm_ps,metis,0,10,3,0,1,11.183,0.57853,ok,2.327,10000,56101,11.2202,101,0.5802570364164632,20,444,2,26,0.2975320988917122,101,lspar,0.05,0.16338,0.0,floor,9166,0.32753077002172487,0.5423958005896942,0.2578606025188851,101,0.016846364592991568,0.2653855390381068,0.1924020387259996,0.2924446629249388,0.0497156108208811,101,0.017665786141578866,-0.0006780381622227455,-0.00015963870933786607,0.03981982497498393,0.01169332698918879,0.05151315196417272,-0.13512873129572528,-0.24995113766475535,-0.208144991698004,0.0008194215485872978,5.151801606368056,22.69546890149162
B,sbm_ps,metis,0,10,3,0,1,11.183,0.57853,ok,2.327,10000,56101,11.2202,101,0.5802570364164632,20,444,2,26,0.2975320988917122,101,dspar,0.5,0.50095,0.5,ok,28104,0.32753077002172487,0.5423958005896942,0.2578606025188851,101,0.016846364592991568,0.2653855390381068,0.2148797950477138,0.15692587598964236,0.024415355664658907,101,0.012908911650483941,0.0013553682258494282,1.3966246173704596e-07,0.009464813978411257,0.16646065603708848,0.17592547001549974,-0.11265097497401108,-0.3854699246000518,-0.23344524685422618,-0.003937452942507627,1.508511183825317,1.5942838707723057
B,sbm_ps,metis,0,10,3,0,1,11.183,0.57853,ok,2.327,10000,56101,11.2202,101,0.5802570364164632,20,444,2,26,0.2975320988917122,101,dspar,0.2,0.20123,0.2,ok,11289,0.32753077002172487,0.5423958005896942,0.2578606025188851,101,0.016846364592991568,0.2653855390381068,0.16236872168271538,0.09979043784644934,0.012032482534661776,101,0.013961375290421787,-0.00266506420622526,-0.00027085411555559206,0.010901766014285386,0.07262610900215805,0.08352787501644343,-0.1651620483390095,-0.4426053627432448,-0.24582811998422333,-0.002884989302569781,3.1772092727830388,3.654134066720014
B,sbm_ps,metis,0,10,3,0,1,11.183,0.57853,ok,2.327,10000,56101,11.2202,101,0.5802570364164632,20,444,2,26,0.2975320988917122,101,dspar,0.15,0.14984,0.15,ok,8406,0.32753077002172487,0.5423958005896942,0.2578606025188851,101,0.016846364592991568,0.2653855390381068,0.139800421723648,0.10153087659502125,0.012037318415414205,101,0.015536408851468862,3.5328573908221174e-06,3.0159469780066133e-05,0.01007805997505784,0.04336159199010581,0.05343965196516365,-0.18773034829807686,-0.4408649239946729,-0.2458232841034709,-0.0013099557415227059,4.966079105663092,6.120290488842341
B,sbm_ps,metis,0,10,3,0,1,11.183,0.57853,ok,2.327,10000,56101,11.2202,101,0.5802570364164632,20,444,2,26,0.2975320988917122,101,dspar,0.05,0.05071,0.05,ok,2845,0.32753077002172487,0.5423958005896942,0.2578606025188851,101,0.016846364592991568,0.2653855390381068,0.054381768554111976,0.0970378396731057,0.010701697371265799,101,0.006434283176858165,0.00029409093281986004,5.958732287686491e-05,0.009780822962056845,0.006744696001987904,0.01652551896404475,-0.2731490014676129,-0.44535796091658847,-0.2471589051476193,-0.010412081416133402,16.059134942479993,39.34729437173864
B,sbm_ps,metis,0,10,3,0,1,11.183,0.57853,ok,2.327,10000,56101,11.2202,101,0.5802570364164632,20,444,2,26,0.2975320988917122,101,random,0.5,0.49999,0.5,ok,28050,0.32753077002172487,0.5423958005896942,0.2578606025188851,101,0.016846364592991568,0.2653855390381068,0.21598401087884045,0.16285882374823507,0.027332143982709924,101,0.01431851947653807,-0.0005801609515299776,3.4869024860971166e-05,0.0011045380379073322,0.1671527909929864,0.16825732903089374,-0.11154675914288442,-0.3795369768414591,-0.23052845853617518,-0.0025278451164534987,1.5772599063983677,1.5876823680990295
B,sbm_ps,metis,0,10,3,0,1,11.183,0.57853,ok,2.327,10000,56101,11.2202,101,0.5802570364164632,20,444,2,26,0.2975320988917122,101,random,0.2,0.2,0.2,ok,11220,0.32753077002172487,0.5423958005896942,0.2578606025188851,101,0.016846364592991568,0.2653855390381068,0.15879834938450263,0.10030161310248425,0.01174914270765208,101,0.014033531273346705,8.650656879211307e-05,0.0001308204205128289,0.0009362379787489772,0.07013518101302907,0.07107141899177805,-0.16873242063722224,-0.4420941874872099,-0.246111459811233,-0.0028128333196448634,3.7340683892748525,3.783914651746688
B,sbm_ps,metis,0,10,3,0,1,11.183,0.57853,ok,2.327,10000,56101,11.2202,101,0.5802570364164632,20,444,2,26,0.2975320988917122,101,random,0.15,0.15,0.15,ok,8415,0.32753077002172487,0.5423958005896942,0.2578606025188851,101,0.016846364592991568,0.2653855390381068,0.13733699932681276,0.09773546270411475,0.011455936929690217,101,0.014105318146004363,-0.00012009021273679028,-7.780889265571913e-05,0.0007902189972810447,0.050801623961888254,0.0515918429591693,-0.1901937706949121,-0.4446603378855794,-0.24640466558919488,-0.0027410464469872046,5.1439437673924076,5.223957786018828
B,sbm_ps,metis,0,10,3,0,1,11.183,0.57853,ok,2.327,10000,56101,11.2202,101,0.5802570364164632,20,444,2,26,0.2975320988917122,101,random,0.05,0.05,0.05,ok,2805,0.32753077002172487,0.5423958005896942,0.2578606025188851,101,0.016846364592991568,0.2653855390381068,0.053777519647090016,0.10066898489853547,0.011435935582123413,101,0.007034202158027589,0.001002057477575057,0.00011727175298688993,0.0009710189769975841,0.007503171975258738,0.008474190952256322,-0.2737532503746348,-0.4417268156911587,-0.24642466693676168,-0.009812162434963979,31.316917512632372,35.36977959630937
B,sbm_ps,metis,0,25,1,0,1,24.635,0.5976,ok,1.765,10000,123282,24.6564,128,0.5971918041563246,20,489,9,43,0.19603017030295386,128,lspar,0.5,0.50187,0.664062,ok,61872,0.2869909928068803,0.7690744456591434,0.4302907363417606,128,0.027293955374771167,0.44313017901731655,0.2925590408653529,0.8050239752912186,0.4727352688822775,128,0.0285769137591868,-0.0022191648710606017,-0.00023084184007776402,0.1443307509762235,0.26294928696006536,0.40728003793628886,0.005568048058472608,0.035949529632075206,0.04244453254051689,0.001282958384415632,1.0880233199316185,1.6852305786423967
B,sbm_ps,metis,0,25,1,0,1,24.635,0.5976,ok,1.765,10000,123282,24.6564,128,0.5971918041563246,20,489,9,43,0.19603017030295386,128,lspar,0.2,0.19965,0.335938,ok,24613,0.2869909928068803,0.7690744456591434,0.4302907363417606,128,0.027293955374771167,0.44313017901731655,0.27946276736106285,0.7868902141633584,0.4479365801741095,128,0.02307552816296953,0.0002801034358160655,3.618523238357294e-05,0.13892769598169252,0.12294239702168852,0.26187009300338104,-0.007528225445817438,0.017815768504214957,0.01764584383234885,-0.0042184272118016355,1.6921755895645374,3.604372370738331
B,sbm_ps,metis,0,25,1,0,1,24.635,0.5976,ok,1.765,10000,123282,24.6564,128,0.5971918041563246,20,489,9,43,0.19603017030295386,128,lspar,0.15,0.14518,0.210938,ok,17898,0.2869909928068803,0.7690744456591434,0.4302907363417606,128,0.027293955374771167,0.44313017901731655,0.2685852809119374,0.7510921084489651,0.4039818052858499,128,0.019066200460500775,0.001302796966012638,0.00017262509559008853,0.1374376789899543,0.09103203105041757,0.22846971004037187,-0.01840571189494289,-0.01798233721017828,-0.0263089310559107,-0.008227754914270392,1.9395576723891013,4.867848974740456
B,sbm_ps,metis,0,25,1,0,1,24.635,0.5976,ok,1.765,10000,123282,24.6564,128,0.5971918041563246,20,489,9,43,0.19603017030295386,128,lspar,0.05,0.06751,0.0,floor,8323,0.2869909928068803,0.7690744456591434,0.4302907363417606,128,0.027293955374771167,0.44313017901731655,0.12234823228956213,0.37732485769449137,0.07022916178864595,128,0.007838367176906169,-0.001019267149732002,-0.00010752074908633013,0.1235211530001834,0.011987111007329077,0.13550826400751248,-0.16464276051731816,-0.39174958796465204,-0.36006157455311466,-0.019455588197864998,3.2701339823285593,36.96722077124179
B,sbm_ps,metis,0,25,1,0,1,24.635,0.5976,ok,1.765,10000,123282,24.6564,128,0.5971918041563246,20,489,9,43,0.19603017030295386,128,dspar,0.5,0.49983,0.5,ok,61620,0.2869909928068803,0.7690744456591434,0.4302907363417606,128,0.027293955374771167,0.44313017901731655,0.25002567185870106,0.631783158574636,0.3166389746583831,128,0.02176235281397671,0.00034997636646404346,0.00011550018201840152,0.03430181602016091,0.36304377898341045,0.39734559500357136,-0.036965320948179226,-0.13729128708450744,-0.11365176168337754,-0.005531602560794456,1.1152261018857745,1.2205970868256242
B,sbm_ps,metis,0,25,1,0,1,24.635,0.5976,ok,1.765,10000,123282,24.6564,128,0.5971918041563246,20,489,9,43,0.19603017030295386,128,dspar,0.2,0.19969,0.2,ok,24618,0.2869909928068803,0.7690744456591434,0.4302907363417606,128,0.027293955374771167,0.44313017901731655,0.09934200382952124,0.1613410911035393,0.02439559882518464,128,0.016780941570722425,-0.0005728193984973127,-9.758632735086737e-05,0.03564817795995623,0.2047516310121864,0.24039980897214264,-0.18764898897735904,-0.6077333545556041,-0.40589513751657597,-0.010513013804048742,1.843305038019669,2.1642327185708345
B,sbm_ps,metis,0,25,1,0,1,24.635,0.5976,ok,1.765,10000,123282,24.6564,128,0.5971918041563246,20,489,9,43,0.19603017030295386,128,dspar,0.15,0.14961,0.15,ok,18444,0.2869909928068803,0.7690744456591434,0.4302907363417606,128,0.027293955374771167,0.44313017901731655,0.08986919686147889,0.1355162390338851,0.017408121904757462,128,0.01795995545651492,0.00380220699624864,0.0004266436579711039,0.035402951994910836,0.1621251199976541,0.19752807199256495,-0.1971217959454014,-0.6335582066252583,-0.41288261443700314,-0.009333999918256248,2.2433782426327546,2.733260453554196
B,sbm_ps,metis,0,25,1,0,1,24.635,0.5976,ok,1.765,10000,123282,24.6564,128,0.5971918041563246,20,489,9,43,0.19603017030295386,128,dspar,0.05,0.05018,0.05,ok,6186,0.2869909928068803,0.7690744456591434,0.4302907363417606,128,0.027293955374771167,0.44313017901731655,0.05374772885317,0.11637174631169238,0.01299440050750397,128,0.01329059818066892,-0.00016492483807113866,-6.150672642772836e-05,0.0352505570044741,0.034614506002981216,0.06986506300745532,-0.23324326395371028,-0.6527026993474511,-0.4172963358342567,-0.014003357194102247,6.3426576881499415,12.801863443584937
B,sbm_ps,metis,0,25,1,0,1,24.635,0.5976,ok,1.765,10000,123282,24.6564,128,0.5971918041563246,20,489,9,43,0.19603017030295386,128,random,0.5,0.5,0.5,ok,61641,0.2869909928068803,0.7690744456591434,0.4302907363417606,128,0.027293955374771167,0.44313017901731655,0.2469084087661299,0.6067803485705805,0.29212647161549266,128,0.018931455305918773,-0.0005805201328945834,-3.543321585032053e-05,0.0018029349739663303,0.3559664090280421,0.35776934400200844,-0.04008258404075038,-0.1622940970885629,-0.13816426472626797,-0.008362500068852394,1.2385918090702286,1.2448651551905503
B,sbm_ps,metis,0,25,1,0,1,24.635,0.5976,ok,1.765,10000,123282,24.6564,128,0.5971918041563246,20,489,9,43,0.19603017030295386,128,random,0.2,0.2,0.2,ok,24656,0.2869909928068803,0.7690744456591434,0.4302907363417606,128,0.027293955374771167,0.44313017901731655,0.09923080417886393,0.15611670914154757,0.02297776055339089,128,0.01591979899370592,-0.00024749802586992157,1.2889961938983263e-05,0.001870586012955755,0.2023268740158528,0.20419746002880856,-0.18776018862801636,-0.6129577365175958,-0.4073129757883697,-0.011374156381065249,2.1701062244104254,2.1901696508324258
B,sbm_ps,metis,0,25,1,0,1,24.635,0.5976,ok,1.765,10000,123282,24.6564,128,0.5971918041563246,20,489,9,43,0.19603017030295386,128,random,0.15,0.15,0.15,ok,18492,0.2869909928068803,0.7690744456591434,0.4302907363417606,128,0.027293955374771167,0.44313017901731655,0.08904785799150991,0.1287608247843089,0.016150157561644417,128,0.015676734353812338,0.00042140906483969,-2.550523256223831e-05,0.0018366790027357638,0.1567015319596976,0.15853821096243337,-0.19794313481537038,-0.6403136208748346,-0.41414057878011623,-0.011617221020958829,2.7951001611991133,2.827861179629604
B,sbm_ps,metis,0,25,1,0,1,24.635,0.5976,ok,1.765,10000,123282,24.6564,128,0.5971918041563246,20,489,9,43,0.19603017030295386,128,random,0.05,0.05,0.05,ok,6164,0.2869909928068803,0.7690744456591434,0.4302907363417606,128,0.027293955374771167,0.44313017901731655,0.05362656884571185,0.11733725029023918,0.013378710182110426,128,0.0144,-0.0014611168054288104,-6.532708395351159e-05,0.0017374290036968887,0.03282538597704843,0.034562814980745316,-0.23336442396116844,-0.6517371953689042,-0.4169120261596502,-0.012893955374771168,12.821009494283988,13.499618232277726
B,sbm_ps,metis,0,25,2,0,1,24.635,0.5976,ok,1.765,10000,122059,24.4118,95,0.5958675722396546,21,468,9,44,0.19696823126633037,95,lspar,0.5,0.50224,0.648438,ok,61303,0.2736287101979608,0.7144883026952373,0.401126825823855,95,0.025123693995907536,0.3383442379999906,0.27546877389305524,0.7689048917545722,0.4568119044840183,95,0.027263528751795874,-0.0003134056179456258,4.1762136397635134e-05,0.1327966750250198,0.19455992005532607,0.32735659508034587,0.0018400636950944294,0.054416589059334886,0.05568507866016331,0.002139834755888338,1.0335647519700892,1.7390233194163385
B,sbm_ps,metis,0,25,2,0,1,24.635,0.5976,ok,1.765,10000,122059,24.4118,95,0.5958675722396546,21,468,9,44,0.19696823126633037,95,lspar,0.2,0.20105,0.335938,ok,24540,0.2736287101979608,0.7144883026952373,0.401126825823855,95,0.025123693995907536,0.3383442379999906,0.26659153502127786,0.7492735837838707,0.43794086582494574,95,0.02154065922853802,-0.00030107771234800336,-6.520264730006263e-05,0.12604090594686568,0.0998206629883498,0.22586156893521547,-0.007037175176682953,0.034785281088633324,0.03681404000109073,-0.0035830347673695175,1.4980159732133926,3.3895210457526135
B,sbm_ps,metis,0,25,2,0,1,24.635,0.5976,ok,1.765,10000,122059,24.4118,95,0.5958675722396546,21,468,9,44,0.19696823126633037,95,lspar,0.15,0.1451,0.210938,ok,17711,0.2736287101979608,0.7144883026952373,0.401126825823855,95,0.025123693995907536,0.3383442379999906,0.24513027353424613,0.6722050169397055,0.35204946821131256,95,0.017005881335585057,0.0005996600233597519,-5.4819342739368975e-05,0.12663294398225844,0.07204013899900019,0.19867308298125863,-0.028498436663714682,-0.04228328575553186,-0.04907735761254245,-0.00811781266032248,1.703020021247204,4.696607234540265
B,sbm_ps,metis,0,25,2,0,1,24.635,0.5976,ok,1.765,10000,122059,24.4118,95,0.5958675722396546,21,468,9,44,0.19696823126633037,95,lspar,0.05,0.0678,0.0,floor,8276,0.2736287101979608,0.7144883026952373,0.401126825823855,95,0.025123693995907536,0.3383442379999906,0.1128926282413732,0.31359191593205576,0.05292867214621142,95,0.011045361017187262,-4.771221916253402e-05,-4.322141588714798e-05,0.1125075799645856,0.009698572976049036,0.12220615294063464,-0.16073608195658762,-0.40089638676318157,-0.34819815367764356,-0.014078332978720274,2.7686350470777983,34.885981559920566
B,sbm_ps,metis,0,25,2,0,1,24.635,0.5976,ok,1.765,10000,122059,24.4118,95,0.5958675722396546,21,468,9,44,0.19696823126633037,95,dspar,0.5,0.50256,0.5,ok,61342,0.2736287101979608,0.7144883026952373,0.401126825823855,95,0.025123693995907536,0.3383442379999906,0.22841287336534669,0.534781766233145,0.2503289241879056,95,0.01993740203737689,-0.00013434875820140412,-5.5024027614127145e-05,0.03419878100976348,0.27853444404900074,0.3127332250587642,-0.045215836832614126,-0.17970653646209234,-0.15079790163594942,-0.005186291958530646,1.0818941221752627,1.2147303331018835
B,sbm_ps,metis,0,25,2,0,1,24.635,0.5976,ok,1.765,10000,122059,24.4118,95,0.5958675722396546,21,468,9,44,0.19696823126633037,95,dspar,0.2,0.19964,0.2,ok,24368,0.2736287101979608,0.7144883026952373,0.401126825823855,95,0.025123693995907536,0.3383442379999906,0.09748689299493221,0.1240095468754099,0.017395591316983903,95,0.014795269514273809,-0.0005722075232091448,-5.11885003648338e-05,0.033710733987390995,0.1533053549937904,0.18701608898118138,-0.1761418172030286,-0.5904787558198274,-0.3837312345068711,-0.010328424481633727,1.8091718196183468,2.2069955613337524
B,sbm_ps,metis,0,25,2,0,1,24.635,0.5976,ok,1.765,10000,122059,24.4118,95,0.5958675722396546,21,468,9,44,0.19696823126633037,95,dspar,0.15,0.14979,0.15,ok,18283,0.2736287101979608,0.7144883026952373,0.401126825823855,95,0.025123693995907536,0.3383442379999906,0.0890169407251646,0.10463216187255472,0.012642162605256028,95,0.016893785839769606,0.001278962814033512,7.067179408131779e-05,0.03449054301017895,0.1190627230098471,0.15355326602002606,-0.18461176947279623,-0.6098561408226826,-0.388484663218599,-0.00822990815613793,2.203432377373624,2.841731059451813
B,sbm_ps,metis,0,25,2,0,1,24.635,0.5976,ok,1.765,10000,122059,24.4118,95,0.5958675722396546,21,468,9,44,0.19696823126633037,95,dspar,0.05,0.04978,0.05,ok,6076,0.2736287101979608,0.7144883026952373,0.401126825823855,95,0.025123693995907536,0.3383442379999906,0.052502921538488415,0.0945108289839436,0.010704414347168225,95,0.013307892395116514,0.0002680847223091884,4.315170668147123e-05,0.03440562798641622,0.019984584010671824,0.054390211997088045,-0.2211257886594724,-0.6199774737112937,-0.39042241147668677,-0.011815801600791022,6.2206824643026755,16.93026173671235
B,sbm_ps,metis,0,25,2,0,1,24.635,0.5976,ok,1.765,10000,122059,24.4118,95,0.5958675722396546,21,468,9,44,0.19696823126633037,95,random,0.5,0.5,0.5,ok,61030,0.2736287101979608,0.7144883026952373,0.401126825823855,95,0.025123693995907536,0.3383442379999906,0.228631096672095,0.5319540507095262,0.24715393105031472,95,0.020501219475923867,0.001654470533119773,0.00016251046829937198,0.0021390659967437387,0.2723032380454242,0.27444230404216796,-0.044997613525865815,-0.18253425198571116,-0.1539728947735403,-0.004622474519983669,1.232842870857126,1.242527413293373
B,sbm_ps,metis,0,25,2,0,1,24.635,0.5976,ok,1.765,10000,122059,24.4118,95,0.5958675722396546,21,468,9,44,0.19696823126633037,95,random,0.2,0.2,0.2,ok,24412,0.2736287101979608,0.7144883026952373,0.401126825823855,95,0.025123693995907536,0.3383442379999906,0.09843806063666931,0.13009758343963262,0.01755008107999229,95,0.014795269514273809,-0.0008217649139382468,-0.0001462591237546097,0.0019456699956208467,0.15027086797636002,0.15221653797198087,-0.1751906495612915,-0.5843907192556047,-0.3835767447438627,-0.010328424481633727,2.2227823763950734,2.251562412304809
B,sbm_ps,metis,0,25,2,0,1,24.635,0.5976,ok,1.765,10000,122059,24.4118,95,0.5958675722396546,21,468,9,44,0.19696823126633037,95,random,0.15,0.15,0.15,ok,18309,0.2736287101979608,0.7144883026952373,0.401126825823855,95,0.025123693995907536,0.3383442379999906,0.08931230956700643,0.1070489327505882,0.013119246785916186,95,0.01620493751916372,-0.00018343478828366705,8.934735503709454e-06,0.0018558260053396225,0.12495912599842995,0.12681495200376958,-0.1843164006309544,-0.6074393699446491,-0.3880075790379388,-0.008918756476743814,2.6680153456189717,2.707639280417516
B,sbm_ps,metis,0,25,2,0,1,24.635,0.5976,ok,1.765,10000,122059,24.4118,95,0.5958675722396546,21,468,9,44,0.19696823126633037,95,random,0.05,0.05,0.05,ok,6103,0.2736287101979608,0.7144883026952373,0.401126825823855,95,0.025123693995907536,0.3383442379999906,0.05177318821955949,0.09317330943580912,0.010250969590819762,95,0.014404860290887932,0.0015730590689089522,0.0001826882239879118,0.0016546459519304335,0.02616176998708397,0.027816415939014405,-0.2218555219784013,-0.6213149932594282,-0.3908758562330352,-0.010718833705019604,12.163473494996165,12.932773209420871
B,sbm_ps,metis,0,25,3,0,1,24.635,0.5976,ok,1.765,10000,122822,24.5644,101,0.5994610086140919,20,444,7,44,0.20071821629788988,101,lspar,0.5,0.49831,0.652344,ok,61204,0.2779426126173275,0.7334768705674556,0.4118497124712378,101,0.021717734688498247,0.341513926978223,0.2841883344613791,0.7860593037830237,0.47459004338209526,101,0.022404463840940272,0.0006770411841579189,-8.885363159976417e-05,0.1369771989993751,0.19990472996141762,0.3368819289607927,0.006245721844051588,0.0525824332155681,0.06274033091085746,0.0006867291524420248,1.0137496185435622,1.7083834236645452
B,sbm_ps,metis,0,25,3,0,1,24.635,0.5976,ok,1.765,10000,122822,24.5644,101,0.5994610086140919,20,444,7,44,0.20071821629788988,101,lspar,0.2,0.20048,0.335938,ok,24623,0.2779426126173275,0.7334768705674556,0.4118497124712378,101,0.021717734688498247,0.341513926978223,0.26693487422884393,0.7516019322949407,0.4334262027636546,101,0.01726093856080833,-0.0002338728064534648,-0.000125626197104774,0.12799998401897028,0.10096519504440948,0.22896517906337976,-0.011007738388483568,0.01812506172748507,0.021576490292416817,-0.004456796127689917,1.4915539925120609,3.3824916282091895
B,sbm_ps,metis,0,25,3,0,1,24.635,0.5976,ok,1.765,10000,122822,24.5644,101,0.5994610086140919,20,444,7,44,0.20071821629788988,101,lspar,0.15,0.14534,0.210938,ok,17851,0.2779426126173275,0.7334768705674556,0.4118497124712378,101,0.021717734688498247,0.341513926978223,0.24940057776397806,0.6977783346708671,0.3709717073529388,101,0.015007331541616584,0.0005991575750907365,5.151526626127913e-05,0.12629371997900307,0.07971112400991842,0.2060048439889215,-0.02854203485334944,-0.035698535896588446,-0.04087800511829903,-0.006710403146881663,1.6577956147312192,4.284394822179757
B,sbm_ps,metis,0,25,3,0,1,24.635,0.5976,ok,1.765,10000,122822,24.5644,101,0.5994610086140919,20,444,7,44,0.20071821629788988,101,lspar,0.05,0.06739,0.0,floor,8277,0.2779426126173275,0.7334768705674556,0.4118497124712378,101,0.021717734688498247,0.341513926978223,0.11401326438791386,0.32561637610787075,0.05524421046124682,101,0.010395191195932857,0.00021694545279338066,1.9238011229289154e-05,0.11258299398468807,0.009303661005105823,0.1218866549897939,-0.16392934822941363,-0.40786049445958483,-0.35660550200999097,-0.01132254349256539,2.8018976073042574,36.707477496310446
B,sbm_ps,metis,0,25,3,0,1,24.635,0.5976,ok,1.765,10000,122822,24.5644,101,0.5994610086140919,20,444,7,44,0.20071821629788988,101,dspar,0.5,0.49873,0.5,ok,61255,0.2779426126173275,0.7334768705674556,0.4118497124712378,101,0.021717734688498247,0.341513926978223,0.2271479047192566,0.5310867278026332,0.24672769856379945,101,0.015405843047363556,-0.0004650916282719214,-0.00011918965085926756,0.035556429997086525,0.27244946599239483,0.30800589598948136,-0.05079470789807089,-0.20239014276482237,-0.16512201390743836,-0.0063118916411346905,1.1087902258529687,1.2534945727798052
B,sbm_ps,metis,0,25,3,0,1,24.635,0.5976,ok,1.765,10000,122822,24.5644,101,0.5994610086140919,20,444,7,44,0.20071821629788988,101,dspar,0.2,0.20066,0.2,ok,24645,0.2779426126173275,0.7334768705674556,0.4118497124712378,101,0.021717734688498247,0.341513926978223,0.0989815475492587,0.13159982733120226,0.01833566978403422,101,0.013961375290421787,0.001072775017174352,6.037330027681501e-05,0.034456912020687014,0.14811563701368868,0.1825725490343757,-0.1789610650680688,-0.6018770432362534,-0.3935140426872036,-0.00775635939807646,1.8705655849386265,2.3057249988173814
B,sbm_ps,metis,0,25,3,0,1,24.635,0.5976,ok,1.765,10000,122822,24.5644,101,0.5994610086140919,20,444,7,44,0.20071821629788988,101,dspar,0.15,0.14965,0.15,ok,18380,0.2779426126173275,0.7334768705674556,0.4118497124712378,101,0.021717734688498247,0.341513926978223,0.09010737134738626,0.11396539888916875,0.014438644599924654,101,0.013594851966829209,0.0012695937088920953,0.00019158898439003866,0.033503644983284175,0.12651629699394107,0.16001994197722524,-0.18783524126994122,-0.6195114716782868,-0.39741106787131314,-0.008122882721669038,2.1341960430583633,2.699367078334409
B,sbm_ps,metis,0,25,3,0,1,24.635,0.5976,ok,1.765,10000,122822,24.5644,101,0.5994610086140919,20,444,7,44,0.20071821629788988,101,dspar,0.05,0.04972,0.05,ok,6107,0.2779426126173275,0.7334768705674556,0.4118497124712378,101,0.021717734688498247,0.341513926978223,0.05249355993764268,0.09648481140628982,0.011004349251911518,101,0.012184416276539472,0.0007305308321231048,3.8005099722356776e-07,0.03381475096102804,0.02572655800031498,0.05954130896134302,-0.22544905267968482,-0.6369920591611657,-0.4008453632193263,-0.009533318411958775,5.7357477176047595,13.2747617063286
B,sbm_ps,metis,0,25,3,0,1,24.635,0.5976,ok,1.765,10000,122822,24.5644,101,0.5994610086140919,20,444,7,44,0.20071821629788988,101,random,0.5,0.5,0.5,ok,61411,0.2779426126173275,0.7334768705674556,0.4118497124712378,101,0.021717734688498247,0.341513926978223,0.23263055178366718,0.5557036636096861,0.27199202740340744,101,0.015471263684650974,0.0006345829476000714,4.287131522409874e-05,0.001863144978415221,0.27557587501360103,0.27743901999201626,-0.04531206083366032,-0.17777320695776944,-0.13985768506783036,-0.006246471003847273,1.230951316754401,1.2392736735803438
B,sbm_ps,metis,0,25,3,0,1,24.635,0.5976,ok,1.765,10000,122822,24.5644,101,0.5994610086140919,20,444,7,44,0.20071821629788988,101,random,0.2,0.2,0.2,ok,24564,0.2779426126173275,0.7334768705674556,0.4118497124712378,101,0.021717734688498247,0.341513926978223,0.09621360843772235,0.12750118455802914,0.019122476111326805,101,0.013370115930686615,0.0007750282981571668,7.186319161028063e-05,0.0018813690403476357,0.15640409401385114,0.15828546305419877,-0.18172900417960514,-0.6059756860094264,-0.392727236359911,-0.008347618757811632,2.1575823855743765,2.1835357260403847
B,sbm_ps,metis,0,25,3,0,1,24.635,0.5976,ok,1.765,10000,122822,24.5644,101,0.5994610086140919,20,444,7,44,0.20071821629788988,101,random,0.15,0.15,0.15,ok,18423,0.2779426126173275,0.7334768705674556,0.4118497124712378,101,0.021717734688498247,0.341513926978223,0.08760794576369534,0.11028046503270522,0.014057178135267327,101,0.015340143415235727,0.000855814435667764,0.00016695720547499072,0.001328753016423434,0.1255954210064374,0.12692417402286083,-0.19033466685363215,-0.6231964055347503,-0.3977925343359705,-0.00637759127326252,2.690692530460837,2.719159060430386
B,sbm_ps,metis,0,25,3,0,1,24.635,0.5976,ok,1.765,10000,122822,24.5644,101,0.5994610086140919,20,444,7,44,0.20071821629788988,101,random,0.05,0.05,0.05,ok,6141,0.2779426126173275,0.7334768705674556,0.4118497124712378,101,0.021717734688498247,0.341513926978223,0.051890249895680716,0.09531853549266416,0.010930714021835371,101,0.012986916493148018,-0.0009974634889692669,-0.00013801714452066797,0.0017277019796893,0.029298846959136426,0.031026548938825727,-0.22605236272164678,-0.6381583350747915,-0.40091899844940243,-0.008730818195350229,11.007151573691857,11.656224132456066
B,sbm_ps,metis,0,50,1,0,1,49.423,0.61286,ok,1.367,10000,246926,49.3852,128,0.6114544438414747,20,489,25,75,0.13563677267449442,128,lspar,0.5,0.50219,0.785156,ok,124005,0.25756019953210874,0.8041084621911865,0.46864555257961144,128,0.029284808348357002,0.5860537760308944,0.25884307644081506,0.8183753282463242,0.47952371652588355,128,0.028888752136428462,-0.0013626497829160847,-0.00017332615705238107,0.39707792294211686,0.3286772779538296,0.7257552008959465,0.0012828769087063208,0.014266866055137717,0.010878163946272112,-0.0003960562119285395,0.8075088890956753,1.7830675113270813
B,sbm_ps,metis,0,50,1,0,1,49.423,0.61286,ok,1.367,10000,246926,49.3852,128,0.6114544438414747,20,489,25,75,0.13563677267449442,128,lspar,0.2,0.1999,0.484375,ok,49360,0.25756019953210874,0.8041084621911865,0.46864555257961144,128,0.029284808348357002,0.5860537760308944,0.26265969342930606,0.8380626107965512,0.49194651450034005,128,0.028261634772249113,0.0007761703405193906,8.059412967862611e-05,0.37018262495985255,0.16288634901866317,0.5330689739785157,0.005099493897197327,0.03395414860536472,0.023300961920728613,-0.0010231735761078893,1.09939577172712,3.597930578969178
B,sbm_ps,metis,0,50,1,0,1,49.423,0.61286,ok,1.367,10000,246926,49.3852,128,0.6114544438414747,20,489,25,75,0.13563677267449442,128,lspar,0.15,0.14503,0.375,ok,35811,0.25756019953210874,0.8041084621911865,0.46864555257961144,128,0.029284808348357002,0.5860537760308944,0.2598012103439478,0.8421069451863185,0.4925979358856966,128,0.027805035515172428,0.0020601983493825147,0.00014731098390204577,0.3576753619709052,0.1287387459888123,0.4864141079597175,0.0022410108118390837,0.03799848299513198,0.02395238330608518,-0.0014797728331845741,1.204845349755827,4.552271901746066
B,sbm_ps,metis,0,50,1,0,1,49.423,0.61286,ok,1.367,10000,246926,49.3852,128,0.6114544438414747,20,489,25,75,0.13563677267449442,128,lspar,0.05,0.06482,0.125,ok,16005,0.25756019953210874,0.8041084621911865,0.46864555257961144,128,0.029284808348357002,0.5860537760308944,0.2523040467327016,0.8331837184981119,0.47789588306356273,128,0.02122639865827456,0.0004314024199839642,6.502845011270229e-05,0.4642443899647333,0.07907484599854797,0.5433192359632812,-0.00525615279940711,0.029075256306925423,0.009250330483951297,-0.008058409690082442,1.0786545685095184,7.411380555096572
B,sbm_ps,metis,0,50,1,0,1,49.423,0.61286,ok,1.367,10000,246926,49.3852,128,0.6114544438414747,20,489,25,75,0.13563677267449442,128,dspar,0.5,0.5003,0.5,ok,123536,0.25756019953210874,0.8041084621911865,0.46864555257961144,128,0.029284808348357002,0.5860537760308944,0.2503304364786578,0.7810984081393236,0.45303832822449513,128,0.026916166146017155,0.0004889080067587987,6.913642391606352e-05,0.08729063300415874,0.44214026199188083,0.5294308949960396,-0.0072297630534509105,-0.02301005405186285,-0.0156072243551163,-0.002368642202339847,1.106950466189319,1.3254928953782008
B,sbm_ps,metis,0,50,1,0,1,49.423,0.61286,ok,1.367,10000,246926,49.3852,128,0.6114544438414747,20,489,25,75,0.13563677267449442,128,dspar,0.2,0.19919,0.2,ok,49186,0.25756019953210874,0.8041084621911865,0.46864555257961144,128,0.029284808348357002,0.5860537760308944,0.13601164787162232,0.405247382102808,0.1440762111588887,128,0.018172506706560874,0.00012620170608370474,-5.61236905450958e-05,0.08663257397711277,0.3248976850300096,0.41153025900712237,-0.12154855166048642,-0.3988610800883785,-0.32456934142072275,-0.011112301641796128,1.4240842883457363,1.803810254839959
B,sbm_ps,metis,0,50,1,0,1,49.423,0.61286,ok,1.367,10000,246926,49.3852,128,0.6114544438414747,20,489,25,75,0.13563677267449442,128,dspar,0.15,0.14855,0.15,ok,36680,0.25756019953210874,0.8041084621911865,0.46864555257961144,128,0.029284808348357002,0.5860537760308944,0.077978277129435,0.2336154643141624,0.05045375382183367,128,0.015094369811290566,-0.0005021517116343178,-0.00011626072552610011,0.08528092200867832,0.24770854704547673,0.33298946905415505,-0.17958192240267373,-0.5704929978770241,-0.4181917987577778,-0.014190438537066436,1.7599769076648568,2.3659005029136155
B,sbm_ps,metis,0,50,1,0,1,49.423,0.61286,ok,1.367,10000,246926,49.3852,128,0.6114544438414747,20,489,25,75,0.13563677267449442,128,dspar,0.05,0.04982,0.05,ok,12302,0.25756019953210874,0.8041084621911865,0.46864555257961144,128,0.029284808348357002,0.5860537760308944,0.041278403658207646,0.1130577340850563,0.013395689908205194,128,0.018931455305918773,-0.00033831544064720465,-7.390778729943789e-05,0.0853193830116652,0.09795336402021348,0.18327274703187868,-0.2162817958739011,-0.6910507281061302,-0.4552498626714062,-0.01035335304243823,3.197713710969561,5.982987740063296
B,sbm_ps,metis,0,50,1,0,1,49.423,0.61286,ok,1.367,10000,246926,49.3852,128,0.6114544438414747,20,489,25,75,0.13563677267449442,128,random,0.5,0.5,0.5,ok,123463,0.25756019953210874,0.8041084621911865,0.46864555257961144,128,0.029284808348357002,0.5860537760308944,0.24245923522916746,0.7492918975284387,0.41783197243642517,128,0.02705845524046042,0.0010552421220949152,1.1350765118298477e-05,0.004333208024036139,0.4333449919940904,0.4376782000181265,-0.015100964302941278,-0.05481656466274776,-0.050813580143186265,-0.002226353107896581,1.339006091705328,1.3523954051807445
B,sbm_ps,metis,0,50,1,0,1,49.423,0.61286,ok,1.367,10000,246926,49.3852,128,0.6114544438414747,20,489,25,75,0.13563677267449442,128,random,0.2,0.2,0.2,ok,49385,0.25756019953210874,0.8041084621911865,0.46864555257961144,128,0.029284808348357002,0.5860537760308944,0.14986072307291268,0.44378435762858187,0.17471065093365856,128,0.0176,0.0007556506438786481,2.4539461494012587e-05,0.0034862180473282933,0.34137338399887085,0.34485960204619914,-0.10769947645919606,-0.3603241045626046,-0.2939349016459529,-0.011684808348357001,1.69939816827946,1.7167529851502215
B,sbm_ps,metis,0,50,1,0,1,49.423,0.61286,ok,1.367,10000,246926,49.3852,128,0.6114544438414747,20,489,25,75,0.13563677267449442,128,random,0.15,0.15,0.15,ok,37039,0.25756019953210874,0.8041084621911865,0.46864555257961144,128,0.029284808348357002,0.5860537760308944,0.07828172829728232,0.23819546159671345,0.052836240714829806,128,0.016550528692461763,0.0018119336133904282,0.0002662639610174671,0.003967364958953112,0.2546755999792367,0.25864296493818983,-0.17927847123482643,-0.565913000594473,-0.41580931186478165,-0.012734279655895239,2.2658794379771696,2.3011775610960545
B,sbm_ps,metis,0,50,1,0,1,49.423,0.61286,ok,1.367,10000,246926,49.3852,128,0.6114544438414747,20,489,25,75,0.13563677267449442,128,random,0.05,0.05,0.05,ok,12346,0.25756019953210874,0.8041084621911865,0.46864555257961144,128,0.029284808348357002,0.5860537760308944,0.04049219428968182,0.11575048520713482,0.013567537720608655,128,0.018101933598375617,-0.0005171779700047178,-3.6309542484278767e-06,0.0025877170264720917,0.09598003001883626,0.09856774704530835,-0.21706800524242692,-0.6883579769840517,-0.4550780148590028,-0.011182874749981385,5.945695154841114,6.105997007042822
B,sbm_ps,metis,0,50,2,0,1,49.423,0.61286,ok,1.367,10000,245430,49.086,95,0.6106547691806218,21,468,26,77,0.13587892513062463,95,lspar,0.5,0.49785,0.777344,ok,122188,0.2417156244599306,0.7710719281263202,0.4687689573620228,95,0.02754087870784083,0.4474745610496029,0.24627212303143234,0.7877905913949724,0.4820111134358145,95,0.02733313008054512,-0.0006345703719523103,3.1146967616298294e-05,0.3776932829641737,0.24423816899070516,0.6219314519548789,0.004556498571501727,0.016718663268652234,0.0132421560737917,-0.0002077486272957091,0.7194917697811932,1.8321237949774845
B,sbm_ps,metis,0,50,2,0,1,49.423,0.61286,ok,1.367,10000,245430,49.086,95,0.6106547691806218,21,468,26,77,0.13587892513062463,95,lspar,0.2,0.19707,0.484375,ok,48367,0.2417156244599306,0.7710719281263202,0.4687689573620228,95,0.02754087870784083,0.4474745610496029,0.2507355496988808,0.820005401686074,0.4992602740721833,95,0.0268421310629391,0.0008342849143209049,9.357187279309365e-05,0.35152454097988084,0.1271947940113023,0.47871933499118313,0.009019925238950177,0.04893347355975386,0.030491316710160532,-0.0006987476449017288,0.9347325840888469,3.5180257535527844
B,sbm_ps,metis,0,50,2,0,1,49.423,0.61286,ok,1.367,10000,245430,49.086,95,0.6106547691806218,21,468,26,77,0.13587892513062463,95,lspar,0.15,0.15298,0.40625,ok,37547,0.2417156244599306,0.7710719281263202,0.4687689573620228,95,0.02754087870784083,0.4474745610496029,0.2485686434233826,0.8204155733052317,0.4945453424002235,95,0.02619732810803423,-0.00028809431009541904,-4.588817125452224e-05,0.3494776849402115,0.1098014060407877,0.45927909098099917,0.006853018963452001,0.049343645178911544,0.025776385038200733,-0.0013435505998065991,0.9742976979287642,4.075308114755657
B,sbm_ps,metis,0,50,2,0,1,49.423,0.61286,ok,1.367,10000,245430,49.086,95,0.6106547691806218,21,468,26,77,0.13587892513062463,95,lspar,0.05,0.06379,0.125,ok,15655,0.2417156244599306,0.7710719281263202,0.4687689573620228,95,0.02754087870784083,0.4474745610496029,0.2386003478136003,0.8071978259766076,0.47616169574137385,95,0.020221275924134956,0.0012681241800090168,0.00018115660692779573,0.44295123900519684,0.06212825299007818,0.505079491995275,-0.0031152766463303228,0.036125897850287414,0.00739273837935106,-0.0073196027837058725,0.8859487826003218,7.202432701931344
B,sbm_ps,metis,0,50,2,0,1,49.423,0.61286,ok,1.367,10000,245430,49.086,95,0.6106547691806218,21,468,26,77,0.13587892513062463,95,dspar,0.5,0.49958,0.5,ok,122613,0.2417156244599306,0.7710719281263202,0.4687689573620228,95,0.02754087870784083,0.4474745610496029,0.22748082591877075,0.7183785896301886,0.4120620499896339,95,0.0256846257516048,-0.0005179540214479912,2.3138472576999598e-05,0.08550589100923389,0.3407872800016776,0.42629317101091146,-0.01423479854115986,-0.05269333849613156,-0.05670690737238887,-0.0018562529562360305,1.0496873782623868,1.3130612182690626
B,sbm_ps,metis,0,50,2,0,1,49.423,0.61286,ok,1.367,10000,245430,49.086,95,0.6106547691806218,21,468,26,77,0.13587892513062463,95,dspar,0.2,0.19931,0.2,ok,48917,0.2417156244599306,0.7710719281263202,0.4687689573620228,95,0.02754087870784083,0.4474745610496029,0.11223279374451423,0.31067940001623956,0.09539761199432838,95,0.015362291495737217,0.001266125066173151,8.193286905189119e-05,0.08445490803569555,0.24062650697305799,0.32508141500875354,-0.12948283071541639,-0.46039252811008063,-0.3733713453676944,-0.012178587212103612,1.3764999793591821,1.8596228930826184
B,sbm_ps,metis,0,50,2,0,1,49.423,0.61286,ok,1.367,10000,245430,49.086,95,0.6106547691806218,21,468,26,77,0.13587892513062463,95,dspar,0.15,0.14928,0.15,ok,36638,0.2417156244599306,0.7710719281263202,0.4687689573620228,95,0.02754087870784083,0.4474745610496029,0.06745882242364135,0.16414134835837024,0.028444686391745213,95,0.01511290838985005,0.00040837283727861314,1.8660026470097392e-05,0.08405727002536878,0.1997270259889774,0.2837842960143462,-0.17425680203628927,-0.60693057976795,-0.4403242709702776,-0.01242797031799078,1.5768122737382964,2.2404307020237626
B,sbm_ps,metis,0,50,2,0,1,49.423,0.61286,ok,1.367,10000,245430,49.086,95,0.6106547691806218,21,468,26,77,0.13587892513062463,95,dspar,0.05,0.05023,0.05,ok,12329,0.2417156244599306,0.7710719281263202,0.4687689573620228,95,0.02754087870784083,0.4474745610496029,0.040195821876271645,0.0908027370023178,0.010412347532618358,95,0.016321764610482535,-0.0012899756436142457,-0.00011523687254168203,0.08565833303146064,0.07367779198102653,0.15933612501248717,-0.20151980258365898,-0.6802691911240024,-0.4583566098294044,-0.011219114097358294,2.8083685417511837,6.073398089411207
B,sbm_ps,metis,0,50,2,0,1,49.423,0.61286,ok,1.367,10000,245430,49.086,95,0.6106547691806218,21,468,26,77,0.13587892513062463,95,random,0.5,0.5,0.5,ok,122715,0.2417156244599306,0.7710719281263202,0.4687689573620228,95,0.02754087870784083,0.4474745610496029,0.22692869677589825,0.7120691052628638,0.40178550187674483,95,0.02652168923730161,-4.077361038261415e-06,-0.00012006086860283235,0.0044951969757676125,0.3392928800312802,0.34378807700704783,-0.014786927684032364,-0.05900282286345637,-0.06698345548527795,-0.001019189470539219,1.3016000000501164,1.31884453634379
B,sbm_ps,metis,0,50,2,0,1,49.423,0.61286,ok,1.367,10000,245430,49.086,95,0.6106547691806218,21,468,26,77,0.13587892513062463,95,random,0.2,0.2,0.2,ok,49086,0.2417156244599306,0.7710719281263202,0.4687689573620228,95,0.02754087870784083,0.4474745610496029,0.11118170125861303,0.311299427338274,0.09602479806011067,95,0.013379088160259652,-0.0023255737960800214,-0.00011796914474658743,0.003249651985242963,0.25718833395512775,0.2604379859403707,-0.13053392320131757,-0.4597725007880462,-0.3727441593019121,-0.014161790547581177,1.718161655389455,1.7398711448851132
B,sbm_ps,metis,0,50,2,0,1,49.423,0.61286,ok,1.367,10000,245430,49.086,95,0.6106547691806218,21,468,26,77,0.13587892513062463,95,random,0.15,0.15,0.15,ok,36814,0.2417156244599306,0.7710719281263202,0.4687689573620228,95,0.02754087870784083,0.4474745610496029,0.0672725456217212,0.17392513938775275,0.03210494006369178,95,0.013164345787011218,-0.0013418223992318309,-0.00018655215464791948,0.003562897036317736,0.18841028603492305,0.19197318307124078,-0.17444307883820942,-0.5971467887385674,-0.436664017298331,-0.014376532920829611,2.330922235547588,2.37500069909485
B,sbm_ps,metis,0,50,2,0,1,49.423,0.61286,ok,1.367,10000,245430,49.086,95,0.6106547691806218,21,468,26,77,0.13587892513062463,95,random,0.05,0.05,0.05,ok,12272,0.2417156244599306,0.7710719281263202,0.4687689573620228,95,0.02754087870784083,0.4474745610496029,0.0403342904239463,0.08760708885507748,0.01041843050992049,95,0.014859340496805368,0.00047686643843316157,0.00014024629164772446,0.0027725310064852238,0.07036074495408684,0.07313327596057206,-0.20138133403598432,-0.6834648392712427,-0.4583505268521023,-0.01268153821103546,6.118617758773002,6.359718921986937
B,sbm_ps,metis,0,50,3,0,1,49.423,0.61286,ok,1.367,10000,246359,49.2718,101,0.6123502693224117,20,444,24,77,0.13755634888399645,101,lspar,0.5,0.50218,0.78125,ok,123717,0.24919631795857228,0.792789696797318,0.48084747947958967,101,0.022762249449472253,0.46614878199761733,0.2549252328137951,0.8074637398136933,0.4939603446716277,101,0.023718347328597744,-0.0007639514713864469,4.770393113676344e-06,0.3653182299458422,0.25608073198236525,0.6213989619282074,0.005728914855222811,0.014674043016375315,0.013112865192038026,0.0009560978791254907,0.7501602200157413,1.820319624944364
B,sbm_ps,metis,0,50,3,0,1,49.423,0.61286,ok,1.367,10000,246359,49.2718,101,0.6123502693224117,20,444,24,77,0.13755634888399645,101,lspar,0.2,0.19699,0.484375,ok,48531,0.24919631795857228,0.792789696797318,0.48084747947958967,101,0.022762249449472253,0.46614878199761733,0.25697220742632737,0.8272706758143723,0.5016426751297753,101,0.021994999431689012,0.0024766990740101662,0.00010869402738098817,0.35347225796431303,0.1260089199640788,0.47948117792839184,0.007775889467755093,0.03448097901705427,0.02079519565018567,-0.0007672500177832407,0.9721941203440406,3.699331619781375
B,sbm_ps,metis,0,50,3,0,1,49.423,0.61286,ok,1.367,10000,246359,49.2718,101,0.6123502693224117,20,444,24,77,0.13755634888399645,101,lspar,0.15,0.15289,0.40625,ok,37666,0.24919631795857228,0.792789696797318,0.48084747947958967,101,0.022762249449472253,0.46614878199761733,0.2550037699695442,0.8260980559720955,0.49887482872014005,101,0.021624523116129057,-0.000955847150470715,-2.9207965496949056e-05,0.3497297699796036,0.10776982497191057,0.45749959495151415,0.005807452010971936,0.03330835917477748,0.018027349240550383,-0.0011377263333431954,1.0189053436146098,4.325410959135507
B,sbm_ps,metis,0,50,3,0,1,49.423,0.61286,ok,1.367,10000,246359,49.2718,101,0.6123502693224117,20,444,24,77,0.13755634888399645,101,lspar,0.05,0.06352,0.125,ok,15648,0.24919631795857228,0.792789696797318,0.48084747947958967,101,0.022762249449472253,0.46614878199761733,0.24197859857141543,0.8149059943688693,0.4819884769360415,101,0.01598499296215047,-0.00046502173447857077,-5.318516689027798e-05,0.45168517797719687,0.06625400698976591,0.5179391849669628,-0.007217719387156846,0.022116297571551313,0.0011409974564518532,-0.0067772564873217825,0.9000067875292175,7.035782485874736
B,sbm_ps,metis,0,50,3,0,1,49.423,0.61286,ok,1.367,10000,246359,49.2718,101,0.6123502693224117,20,444,24,77,0.13755634888399645,101,dspar,0.5,0.50059,0.5,ok,123324,0.24919631795857228,0.792789696797318,0.48084747947958967,101,0.022762249449472253,0.46614878199761733,0.2379294839055279,0.7462868102511859,0.4328502670411338,101,0.02047290892863054,0.0015572376077475235,0.00018142900664137483,0.09196166996844113,0.36851035995641723,0.46047202992485836,-0.011266834053044378,-0.046502886546132105,-0.047997212438455894,-0.0022893405208417143,1.0123281148557173,1.2649543476952658
B,sbm_ps,metis,0,50,3,0,1,49.423,0.61286,ok,1.367,10000,246359,49.2718,101,0.6123502693224117,20,444,24,77,0.13755634888399645,101,dspar,0.2,0.20043,0.2,ok,49377,0.24919631795857228,0.792789696797318,0.48084747947958967,101,0.022762249449472253,0.46614878199761733,0.10365281392365619,0.29654951894338755,0.0849646393094854,101,0.012592060990957755,0.0012306645993764957,0.00014401504933217574,0.09152410802198574,0.22917658503865823,0.32070069306064397,-0.1455435040349161,-0.4962401778539305,-0.3958828401701043,-0.010170188458514497,1.4535321939870873,2.0340157434451074
B,sbm_ps,metis,0,50,3,0,1,49.423,0.61286,ok,1.367,10000,246359,49.2718,101,0.6123502693224117,20,444,24,77,0.13755634888399645,101,dspar,0.15,0.15009,0.15,ok,36975,0.24919631795857228,0.792789696797318,0.48084747947958967,101,0.022762249449472253,0.46614878199761733,0.0666665116882615,0.17407001762683164,0.030854323217785192,101,0.014458907289280197,-0.001343097637405893,-8.076111822081361e-05,0.0901273469789885,0.19269053498283029,0.2828178819618188,-0.1825298062703108,-0.6187196791704864,-0.4499931562618045,-0.008303342160192056,1.6482295205808406,2.4191576510966333
B,sbm_ps,metis,0,50,3,0,1,49.423,0.61286,ok,1.367,10000,246359,49.2718,101,0.6123502693224117,20,444,24,77,0.13755634888399645,101,dspar,0.05,0.04979,0.05,ok,12267,0.24919631795857228,0.792789696797318,0.48084747947958967,101,0.022762249449472253,0.46614878199761733,0.03977114740779968,0.09310778825085776,0.010767840338604753,101,0.014666969693839287,0.001346541413466064,5.728686186380494e-05,0.08908854197943583,0.07591228699311614,0.16500082897255197,-0.2094251705507726,-0.6996819085464603,-0.47007963914098494,-0.008095279755632966,2.8251299396511613,6.140623612616078
B,sbm_ps,metis,0,50,3,0,1,49.423,0.61286,ok,1.367,10000,246359,49.2718,101,0.6123502693224117,20,444,24,77,0.13755634888399645,101,random,0.5,0.5,0.5,ok,123180,0.24919631795857228,0.792789696797318,0.48084747947958967,101,0.022762249449472253,0.46614878199761733,0.23441892329748426,0.7383848122288902,0.4313069771314239,101,0.02194903186931032,-0.0008361890823546754,-4.771622892032449e-05,0.004552387981675565,0.3517733769840561,0.35632576496573165,-0.014777394661088017,-0.05440488456842785,-0.04954050234816576,-0.0008132175801619339,1.308209587489267,1.3251394576649422
B,sbm_ps,metis,0,50,3,0,1,49.423,0.61286,ok,1.367,10000,246359,49.2718,101,0.6123502693224117,20,444,24,77,0.13755634888399645,101,random,0.2,0.2,0.2,ok,49272,0.24919631795857228,0.792789696797318,0.48084747947958967,101,0.022762249449472253,0.46614878199761733,0.11092628609209877,0.31885430876673887,0.10294810371785938,101,0.012830432572598636,0.001146945635429432,1.708028455912677e-05,0.0038610960473306477,0.2547156200162135,0.25857671606354415,-0.13827003186647352,-0.47393538803057916,-0.37789937576173027,-0.009931816876873617,1.8027484805826957,1.8300753678472699
B,sbm_ps,metis,0,50,3,0,1,49.423,0.61286,ok,1.367,10000,246359,49.2718,101,0.6123502693224117,20,444,24,77,0.13755634888399645,101,random,0.15,0.15,0.15,ok,36954,0.24919631795857228,0.792789696797318,0.48084747947958967,101,0.022762249449472253,0.46614878199761733,0.06749840148194805,0.17812180174171735,0.031239444217845653,101,0.013961375290421787,0.0014690265609628903,0.0002154159204536864,0.0038049719878472388,0.19248537201201543,0.19629034399986267,-0.18169791647662423,-0.6146678950556007,-0.44960803526174403,-0.008800874159050466,2.374792221047529,2.421736140907991
B,sbm_ps,metis,0,50,3,0,1,49.423,0.61286,ok,1.367,10000,246359,49.2718,101,0.6123502693224117,20,444,24,77,0.13755634888399645,101,random,0.05,0.05,0.05,ok,12318,0.24919631795857228,0.792789696797318,0.48084747947958967,101,0.022762249449472253,0.46614878199761733,0.04034636360811914,0.09529410152933457,0.011529333284827808,101,0.013888844444373334,7.922463618280778e-05,4.020877719368158e-06,0.0034296460216864944,0.07867321098456159,0.08210285700624809,-0.20884995435045314,-0.6974955952679834,-0.46931814619476186,-0.008873405005098919,5.677619500648352,5.925127195953548
B,sbm_ps,metis,0,100,1,0,1,101.93,0.64153,ok,0.973,10000,509901,101.9802,128,0.6425168807278275,20,489,64,139,0.09877985752474228,128,lspar,0.5,0.5043,0.835938,ok,257141,0.2127939375998671,0.812169453298726,0.4746690881582065,128,0.030357865537616442,0.9275260879658163,0.21808224625837405,0.8271927446947183,0.4803289900736007,128,0.029675579185586252,-0.0031800525193670863,-0.00024025267560764043,1.2482125269598328,0.4885370950214565,1.7367496219812892,0.005288308658506963,0.015023291395992233,0.005659901915394172,-0.0006822863520301904,0.534058609385325,1.8985786287632456
B,sbm_ps,metis,0,100,1,0,1,101.93,0.64153,ok,0.973,10000,509901,101.9802,128,0.6425168807278275,20,489,64,139,0.09877985752474228,128,lspar,0.2,0.20199,0.578125,ok,102993,0.2127939375998671,0.812169453298726,0.4746690881582065,128,0.030357865537616442,0.9275260879658163,0.2263679488017597,0.8563284913029366,0.5046503677729952,128,0.029589187214251085,0.0010089513964898348,0.00014448061810940215,1.208236531005241,0.18743933300720528,1.3956758640124463,0.01357401120189261,0.044159038004210616,0.029981279614788692,-0.0007686783233653571,0.6645712746649209,4.948406895633595
B,sbm_ps,metis,0,100,1,0,1,101.93,0.64153,ok,0.973,10000,509901,101.9802,128,0.6425168807278275,20,489,64,139,0.09877985752474228,128,lspar,0.15,0.15034,0.5,ok,76656,0.2127939375998671,0.812169453298726,0.4746690881582065,128,0.030357865537616442,0.9275260879658163,0.2204336703924098,0.8532339373945147,0.49546195706665563,128,0.02871097351188218,0.00225103718622452,0.00019922729771484248,1.160665447008796,0.14996036799857393,1.31062581500737,0.007639732792542708,0.04106448409578867,0.020792868908449114,-0.0016468920257342624,0.7076970996184755,6.185141450003888
B,sbm_ps,metis,0,100,1,0,1,101.93,0.64153,ok,0.973,10000,509901,101.9802,128,0.6425168807278275,20,489,64,139,0.09877985752474228,128,lspar,0.05,0.0483,0.1875,ok,24629,0.2127939375998671,0.812169453298726,0.4746690881582065,128,0.030357865537616442,0.9275260879658163,0.21942686482778764,0.8683938738863451,0.5140225676633836,128,0.03977536926289937,0.00012513515815573874,1.814521377413815e-05,1.1787695460370742,0.08051381300901994,1.2592833590460941,0.006632927227920554,0.05622442058761912,0.03935347950517709,0.009417503725282925,0.7365507384044337,11.520086470900413
B,sbm_ps,metis,0,100,1,0,1,101.93,0.64153,ok,0.973,10000,509901,101.9802,128,0.6425168807278275,20,489,64,139,0.09877985752474228,128,dspar,0.5,0.50028,0.5,ok,255095,0.2127939375998671,0.812169453298726,0.4746690881582065,128,0.030357865537616442,0.9275260879658163,0.21235418090697675,0.8048856012844654,0.4660575684950965,128,0.028933026112040197,0.0003021908001473561,8.193785669684123e-05,0.19070226803887635,0.6028652890236117,0.793567557062488,-0.0004397566928903418,-0.007283852014260628,-0.008611519663110023,-0.001424839425576245,1.1688054529335805,1.5385295933491518
B,sbm_ps,metis,0,100,1,0,1,101.93,0.64153,ok,0.973,10000,509901,101.9802,128,0.6425168807278275,20,489,64,139,0.09877985752474228,128,dspar,0.2,0.19976,0.2,ok,101860,0.2127939375998671,0.812169453298726,0.4746690881582065,128,0.030357865537616442,0.9275260879658163,0.19241434883349542,0.7058270731610004,0.3850285601190953,128,0.024992798962901294,-0.0004070939514011592,1.07332423916406e-05,0.17803871002979577,0.45461625402094796,0.6326549640507437,-0.020379588766371665,-0.10634238013772568,-0.08964052803911121,-0.005365066574715149,1.466085213379313,2.040239608157691
B,sbm_ps,metis,0,100,1,0,1,101.93,0.64153,ok,0.973,10000,509901,101.9802,128,0.6425168807278275,20,489,64,139,0.09877985752474228,128,dspar,0.15,0.14936,0.15,ok,76157,0.2127939375998671,0.812169453298726,0.4746690881582065,128,0.030357865537616442,0.9275260879658163,0.17243824678620998,0.6339298363911576,0.325840947405787,128,0.020738370234905153,-0.00034009470769248625,-5.367429238061814e-05,0.17632070899708197,0.4072163930395618,0.5835371020366438,-0.040355690813657114,-0.1782396169075684,-0.1488281407524195,-0.009619495302711289,1.5894894852933814,2.277722861406774
B,sbm_ps,metis,0,100,1,0,1,101.93,0.64153,ok,0.973,10000,509901,101.9802,128,0.6425168807278275,20,489,64,139,0.09877985752474228,128,dspar,0.05,0.04971,0.05,ok,25345,0.2127939375998671,0.812169453298726,0.4746690881582065,128,0.030357865537616442,0.9275260879658163,0.02620315233566229,0.12467124762433321,0.01635644728996864,128,0.015839191898578665,-0.0028759876716197984,-9.201748540097421e-05,0.17495609197067097,0.20652687700930983,0.3814829689799808,-0.1865907852642048,-0.6874982056743928,-0.45831264086823786,-0.014518673639037777,2.431369584980058,4.491067222809964
B,sbm_ps,metis,0,100,1,0,1,101.93,0.64153,ok,0.973,10000,509901,101.9802,128,0.6425168807278275,20,489,64,139,0.09877985752474228,128,random,0.5,0.5,0.5,ok,254950,0.2127939375998671,0.812169453298726,0.4746690881582065,128,0.030357865537616442,0.9275260879658163,0.21240779708012422,0.8040053750493398,0.4725360486259681,128,0.029109448637856406,-0.0006845209598242745,-2.3083771664898886e-05,0.01037192199146375,0.6185612690169364,0.6289331910084002,-0.0003861405197428669,-0.008164078249386253,-0.0021330395322384232,-0.001248416899760036,1.4747609145554348,1.4994894352824737
B,sbm_ps,metis,0,100,1,0,1,101.93,0.64153,ok,0.973,10000,509901,101.9802,128,0.6425168807278275,20,489,64,139,0.09877985752474228,128,random,0.2,0.2,0.2,ok,101980,0.2127939375998671,0.812169453298726,0.4746690881582065,128,0.030357865537616442,0.9275260879658163,0.19208889361904805,0.7087077544348476,0.3953836344403408,128,0.02629068276024797,-0.002565006040570701,-0.0002837404269711761,0.009122024988755584,0.4482669309945777,0.4573889559833333,-0.020705043980819043,-0.10346169886387846,-0.07928545371786572,-0.004067182777368471,2.027871630550726,2.069137881547269
B,sbm_ps,metis,0,100,1,0,1,101.93,0.64153,ok,0.973,10000,509901,101.9802,128,0.6425168807278275,20,489,64,139,0.09877985752474228,128,random,0.15,0.15,0.15,ok,76485,0.2127939375998671,0.812169453298726,0.4746690881582065,128,0.030357865537616442,0.9275260879658163,0.16759066520883,0.625572303359742,0.32769686671789333,128,0.02268391500601252,-0.0009602416409682467,-0.0001944615806627371,0.007828080037143081,0.39990936499089,0.4077374450280331,-0.04520327239103708,-0.18659714993898402,-0.1469722214403132,-0.007673950531603923,2.274812135299583,2.319340753590368
B,sbm_ps,metis,0,100,1,0,1,101.93,0.64153,ok,0.973,10000,509901,101.9802,128,0.6425168807278275,20,489,64,139,0.09877985752474228,128,random,0.05,0.05,0.05,ok,25495,0.2127939375998671,0.812169453298726,0.4746690881582065,128,0.030357865537616442,0.9275260879658163,0.026861047140619525,0.1264892810729731,0.016700365648358983,128,0.01700823330037544,-0.002867193039106781,-0.00016237557150023012,0.0061509020160883665,0.20715173502685502,0.2133026370429434,-0.18593289045924757,-0.685680172225753,-0.45796872250984755,-0.013349632237241001,4.348404224271644,4.47752024787807
B,sbm_ps,metis,0,100,2,0,1,101.93,0.64153,ok,0.973,10000,509456,101.8912,95,0.6414940642567759,21,468,63,141,0.09645561696392987,95,lspar,0.5,0.49691,0.832031,ok,253152,0.19978087313738555,0.7752489810869958,0.47665609370156015,95,0.027644167558456167,0.7246236280188896,0.20914411617034762,0.8021967004702947,0.49873893440267286,95,0.027367864366808024,0.002119319263372575,0.00017370089893243665,1.262909785087686,0.3709302510251291,1.6338400361128151,0.00936324303296207,0.026947719383298874,0.022082840701112716,-0.00027630319164814385,0.44350953092255785,1.9535306867430424
B,sbm_ps,metis,0,100,2,0,1,101.93,0.64153,ok,0.973,10000,509456,101.8912,95,0.6414940642567759,21,468,63,141,0.09645561696392987,95,lspar,0.2,0.19601,0.578125,ok,99856,0.19978087313738555,0.7752489810869958,0.47665609370156015,95,0.027644167558456167,0.7246236280188896,0.21765422629321207,0.839300857598658,0.510839058946929,95,0.028087363706834435,0.0005010854933138884,2.131601679060347e-05,1.2098841860424727,0.15181684400886297,1.3617010300513357,0.017873353155826527,0.06405187651166222,0.0341829652453689,0.0004431961483782679,0.532145905765799,4.773012064304186
B,sbm_ps,metis,0,100,2,0,1,101.93,0.64153,ok,0.973,10000,509456,101.8912,95,0.6414940642567759,21,468,63,141,0.09645561696392987,95,lspar,0.15,0.14529,0.5,ok,74018,0.19978087313738555,0.7752489810869958,0.47665609370156015,95,0.027644167558456167,0.7246236280188896,0.21719910393409053,0.8493930764576217,0.5162303869538176,95,0.029826163011691605,0.0010214172524958282,-7.647381855636307e-05,1.1628643060685135,0.12307713902555406,1.2859414450940676,0.017418230796704987,0.07414409537062594,0.039574293252257475,0.002181995453235438,0.5634965968189032,5.8875566474488705
B,sbm_ps,metis,0,100,2,0,1,101.93,0.64153,ok,0.973,10000,509456,101.8912,95,0.6414940642567759,21,468,63,141,0.09645561696392987,95,lspar,0.05,0.04667,0.1875,ok,23774,0.19978087313738555,0.7752489810869958,0.47665609370156015,95,0.027644167558456167,0.7246236280188896,0.21336445846400673,0.8666607648577592,0.5350290730378415,95,0.036448593937215196,0.0017663942141272202,4.8024643713377665e-05,1.1818647140171379,0.06525057303952053,1.2471152870566584,0.013583585326621184,0.09141178377076342,0.05837297933628138,0.008804426378759028,0.5810398088608858,11.10524542949231
B,sbm_ps,metis,0,100,2,0,1,101.93,0.64153,ok,0.973,10000,509456,101.8912,95,0.6414940642567759,21,468,63,141,0.09645561696392987,95,dspar,0.5,0.49971,0.5,ok,254582,0.19978087313738555,0.7752489810869958,0.47665609370156015,95,0.027644167558456167,0.7246236280188896,0.2006385444535875,0.7695095251521016,0.4629162821127217,95,0.02655748482066779,0.0017174229076150974,0.00010434833214391449,0.17720871296478435,0.49179372197249904,0.6690024349372834,0.0008576713162019578,-0.005739455934894222,-0.013739811588838469,-0.0010866827377883775,1.0831404942297713,1.4734300086478336
B,sbm_ps,metis,0,100,2,0,1,101.93,0.64153,ok,0.973,10000,509456,101.8912,95,0.6414940642567759,21,468,63,141,0.09645561696392987,95,dspar,0.2,0.19975,0.2,ok,101763,0.19978087313738555,0.7752489810869958,0.47665609370156015,95,0.027644167558456167,0.7246236280188896,0.17650001573249138,0.6559200132439206,0.35450737660389087,95,0.024159884105682296,-0.0011056008661984994,-5.8966101054435955e-05,0.1759178150095977,0.35072355397278443,0.5266413689823821,-0.023280857404894162,-0.11932896784307523,-0.12214871709766928,-0.0034842834527738717,1.3759337391573783,2.066082017619835
B,sbm_ps,metis,0,100,2,0,1,101.93,0.64153,ok,0.973,10000,509456,101.8912,95,0.6414940642567759,21,468,63,141,0.09645561696392987,95,dspar,0.15,0.14968,0.15,ok,76255,0.19978087313738555,0.7752489810869958,0.47665609370156015,95,0.027644167558456167,0.7246236280188896,0.14637506308286338,0.5319886124461707,0.24970885957910197,95,0.02145227260688247,0.001373596551424302,0.0001659066929826769,0.17353996104793623,0.31555836397456005,0.4890983250224963,-0.05340581005452216,-0.24326036864082512,-0.22694723412245818,-0.006191894951573698,1.4815500093678713,2.2963220460773712
B,sbm_ps,metis,0,100,2,0,1,101.93,0.64153,ok,0.973,10000,509456,101.8912,95,0.6414940642567759,21,468,63,141,0.09645561696392987,95,dspar,0.05,0.05018,0.05,ok,25565,0.19978087313738555,0.7752489810869958,0.47665609370156015,95,0.027644167558456167,0.7246236280188896,0.025790168327035932,0.099165868680768,0.012532047382628858,95,0.013019216566291535,-0.0005221634823817111,-7.690170067470328e-05,0.1739523420110345,0.15618626301875338,0.33013860502978787,-0.17399070481034962,-0.6760831124062278,-0.4641240463189313,-0.014624950992164633,2.1949072813023727,4.639483742125795
B,sbm_ps,metis,0,100,2,0,1,101.93,0.64153,ok,0.973,10000,509456,101.8912,95,0.6414940642567759,21,468,63,141,0.09645561696392987,95,random,0.5,0.5,0.5,ok,254728,0.19978087313738555,0.7752489810869958,0.47665609370156015,95,0.027644167558456167,0.7246236280188896,0.20343707849773762,0.7745286366423555,0.4672635324549084,95,0.027158792314828737,-0.00017014551488196298,3.524159046215406e-05,0.010522205964662135,0.49097019899636507,0.5014924049610272,0.003656205360352077,-0.0007203444446403084,-0.00939256124665172,-0.0004853752436274304,1.4449344014994658,1.4759014488051532
B,sbm_ps,metis,0,100,2,0,1,101.93,0.64153,ok,0.973,10000,509456,101.8912,95,0.6414940642567759,21,468,63,141,0.09645561696392987,95,random,0.2,0.2,0.2,ok,101891,0.19978087313738555,0.7752489810869958,0.47665609370156015,95,0.027644167558456167,0.7246236280188896,0.17673985014942953,0.6597448671596648,0.3670944976860702,95,0.024002083242918734,0.001545567810815483,0.00014578245780583535,0.008626725990325212,0.35291543300263584,0.36154215899296105,-0.023041022987956017,-0.11550411392733095,-0.10956159601548993,-0.0036420843155374333,2.0042576225059205,2.0532500430874543
B,sbm_ps,metis,0,100,2,0,1,101.93,0.64153,ok,0.973,10000,509456,101.8912,95,0.6414940642567759,21,468,63,141,0.09645561696392987,95,random,0.15,0.15,0.15,ok,76418,0.19978087313738555,0.7752489810869958,0.47665609370156015,95,0.027644167558456167,0.7246236280188896,0.14258722634933987,0.5400523113885825,0.2677988026589024,95,0.02109502310972899,-0.001309734400525044,-7.021647111080037e-05,0.008377531019505113,0.3173426120192744,0.3257201430387795,-0.05719364678804567,-0.23519666969841335,-0.20885729104265777,-0.006549144448727177,2.224681658489317,2.283411053460662
B,sbm_ps,metis,0,100,2,0,1,101.93,0.64153,ok,0.973,10000,509456,101.8912,95,0.6414940642567759,21,468,63,141,0.09645561696392987,95,random,0.05,0.05,0.05,ok,25473,0.19978087313738555,0.7752489810869958,0.47665609370156015,95,0.027644167558456167,0.7246236280188896,0.025899517805999573,0.09918681557700414,0.012870179237160703,95,0.015362291495737217,-0.0007347922257586059,6.476743768530218e-05,0.007438675966113806,0.16545045201200992,0.17288912797812372,-0.17388135533138596,-0.6760621655099917,-0.46378591446439943,-0.01228187606271895,4.191261975192441,4.379701712548297
B,sbm_ps,metis,0,100,3,0,1,101.93,0.64153,ok,0.973,10000,507207,101.4414,101,0.6410656792985902,20,444,61,147,0.09858665468425977,101,lspar,0.5,0.4965,0.832031,ok,251828,0.21035286142790774,0.8023279428300615,0.4905177731386208,101,0.0236757259656383,0.7397416479652748,0.21905924404811242,0.8267756208966399,0.5143678240202871,101,0.02363302773662316,-0.0011578686265906082,-0.0001501998885361471,1.2490227879607119,0.37567792600020766,1.6247007139609195,0.008706382620204678,0.024447678066578438,0.023850050881666307,-4.269822901514092e-05,0.45530948660804765,1.9690846780411204
B,sbm_ps,metis,0,100,3,0,1,101.93,0.64153,ok,0.973,10000,507207,101.4414,101,0.6410656792985902,20,444,61,147,0.09858665468425977,101,lspar,0.2,0.19742,0.578125,ok,100135,0.21035286142790774,0.8023279428300615,0.4905177731386208,101,0.0236757259656383,0.7397416479652748,0.2242587135906894,0.8550137464041783,0.5229547619678101,101,0.02409854767408193,3.48309471656032e-05,0.00011304579212774754,1.1966806009295397,0.1468941800412722,1.3435747809708118,0.013905852162781673,0.052685803574116785,0.03243698882918927,0.00042282170844363046,0.5505772052604083,5.03588125654422
B,sbm_ps,metis,0,100,3,0,1,101.93,0.64153,ok,0.973,10000,507207,101.4414,101,0.6410656792985902,20,444,61,147,0.09858665468425977,101,lspar,0.15,0.14672,0.5,ok,74419,0.21035286142790774,0.8023279428300615,0.4905177731386208,101,0.0236757259656383,0.7397416479652748,0.2248013634517177,0.8578041710567423,0.5281375123361065,101,0.02401457890532332,0.0007223349287983808,-6.306286366971149e-05,1.147676369000692,0.11727026803418994,1.2649466370348819,0.014448502023809956,0.05547622822668086,0.03761973919748568,0.00033885293968502136,0.584800675623185,6.308006798019805
B,sbm_ps,metis,0,100,3,0,1,101.93,0.64153,ok,0.973,10000,507207,101.4414,101,0.6410656792985902,20,444,61,147,0.09858665468425977,101,lspar,0.05,0.0473,0.1875,ok,23990,0.21035286142790774,0.8023279428300615,0.4905177731386208,101,0.0236757259656383,0.7397416479652748,0.21846786076713515,0.8692371725839877,0.5358794395711062,101,0.03063135648318566,0.0007219971441309659,-1.6060304947306869e-06,1.1669477099785581,0.07444844796555117,1.2413961579441093,0.008114999339227408,0.06690922975392621,0.04536166643248535,0.00695563051754736,0.5958949069009281,9.936293746614684
B,sbm_ps,metis,0,100,3,0,1,101.93,0.64153,ok,0.973,10000,507207,101.4414,101,0.6410656792985902,20,444,61,147,0.09858665468425977,101,dspar,0.5,0.49914,0.5,ok,253169,0.21035286142790774,0.8023279428300615,0.4905177731386208,101,0.0236757259656383,0.7397416479652748,0.21342814935333052,0.8067186507187559,0.495792050818533,101,0.02240446384094027,-0.0007906625531627752,-0.0001494549557001911,0.1806513100164011,0.4848137419903651,0.6654650520067662,0.003075287925422776,0.004390707888694445,0.005274277679912176,-0.0012712621246980318,1.1116160732025238,1.5258264852978858
B,sbm_ps,metis,0,100,3,0,1,101.93,0.64153,ok,0.973,10000,507207,101.4414,101,0.6410656792985902,20,444,61,147,0.09858665468425977,101,dspar,0.2,0.20007,0.2,ok,101478,0.21035286142790774,0.8023279428300615,0.4905177731386208,101,0.0236757259656383,0.7397416479652748,0.19180802946305758,0.6946552091647843,0.4012989030698838,101,0.019719026345131747,0.002918927353738432,0.00036927988694733494,0.17760026099858806,0.3475406870129518,0.5251409480115399,-0.018544831964850156,-0.10767273366527719,-0.08921887006873702,-0.003956699620506553,1.408653525813072,2.128503728076324
B,sbm_ps,metis,0,100,3,0,1,101.93,0.64153,ok,0.973,10000,507207,101.4414,101,0.6410656792985902,20,444,61,147,0.09858665468425977,101,dspar,0.15,0.14971,0.15,ok,75933,0.21035286142790774,0.8023279428300615,0.4905177731386208,101,0.0236757259656383,0.7397416479652748,0.15518451556726598,0.5650409829021614,0.2812707924665276,101,0.01737757175211773,0.0011874140028496091,0.0001266081177914724,0.1771791969658807,0.3162776709650643,0.493456867930945,-0.05516834586064176,-0.23728695992790005,-0.20924698067209324,-0.0062981542135205695,1.4991009266260635,2.3388993782206833
B,sbm_ps,metis,0,100,3,0,1,101.93,0.64153,ok,0.973,10000,507207,101.4414,101,0.6410656792985902,20,444,61,147,0.09858665468425977,101,dspar,0.05,0.05004,0.05,ok,25380,0.21035286142790774,0.8023279428300615,0.4905177731386208,101,0.0236757259656383,0.7397416479652748,0.02601802492621128,0.10434341714454533,0.013390239660091929,101,0.013064455595240086,0.0024940187943013484,0.00018895788085565625,0.17494800296844915,0.1547058270080015,0.32965382997645065,-0.18433483650169646,-0.6979845256855162,-0.4771275334785289,-0.010611270370398215,2.243995308709501,4.781601716443523
B,sbm_ps,metis,0,100,3,0,1,101.93,0.64153,ok,0.973,10000,507207,101.4414,101,0.6410656792985902,20,444,61,147,0.09858665468425977,101,random,0.5,0.5,0.5,ok,253604,0.21035286142790774,0.8023279428300615,0.4905177731386208,101,0.0236757259656383,0.7397416479652748,0.21185456984365797,0.7866513055259226,0.4805948561118445,101,0.023158151912447588,-0.00012753671834231294,-4.843642466680382e-05,0.00894669903209433,0.4929036889807321,0.5018503880128264,0.0015017084157502303,-0.01567663730413893,-0.009922917026776334,-0.0005175740531907121,1.4740282475309519,1.500783346732452
B,sbm_ps,metis,0,100,3,0,1,101.93,0.64153,ok,0.973,10000,507207,101.4414,101,0.6410656792985902,20,444,61,147,0.09858665468425977,101,random,0.2,0.2,0.2,ok,101441,0.21035286142790774,0.8023279428300615,0.4905177731386208,101,0.0236757259656383,0.7397416479652748,0.18424143994404624,0.6853268540440782,0.3808901452149419,101,0.019616319736382764,-0.001601110768565537,-7.603297512307886e-05,0.008219212992116809,0.3535113940015435,0.36173060699366033,-0.026111421483861502,-0.11700108878598325,-0.10962762792367892,-0.004059406229255536,2.0450070678653947,2.0925539049585624
B,sbm_ps,metis,0,100,3,0,1,101.93,0.64153,ok,0.973,10000,507207,101.4414,101,0.6410656792985902,20,444,61,147,0.09858665468425977,101,random,0.15,0.15,0.15,ok,76081,0.21035286142790774,0.8023279428300615,0.4905177731386208,101,0.0236757259656383,0.7397416479652748,0.14720583931319248,0.5378756913682896,0.26037098531891567,101,0.017608520664723654,0.00034243309471897686,6.166744211757156e-05,0.00821316201472655,0.32923608901910484,0.3374492510338314,-0.06314702211471526,-0.26445225146177187,-0.23014678781970516,-0.0060672053009146465,2.1921567337872414,2.246842532266714
B,sbm_ps,metis,0,100,3,0,1,101.93,0.64153,ok,0.973,10000,507207,101.4414,101,0.6410656792985902,20,444,61,147,0.09858665468425977,101,random,0.05,0.05,0.05,ok,25360,0.21035286142790774,0.8023279428300615,0.4905177731386208,101,0.0236757259656383,0.7397416479652748,0.02594763854842304,0.10563905019738173,0.013536683051187964,101,0.013370115930686615,0.000615817096199864,0.00020858333464168806,0.008612709993030876,0.16165948298294097,0.17027219297597185,-0.1844052228794847,-0.6966888926326797,-0.47698109008743284,-0.010305610034951685,4.3444653823755255,4.5759248657459555
B,sbm_ps,metis,0,200,1,0,1,220.927,0.67193,ok,0.734,10000,1100714,220.1428,78,0.6731939450211408,41,553,158,282,0.06987910078358177,78,lspar,0.5,0.50221,0.863281,ok,552785,0.18912167158991308,0.8053881975132556,0.5495559251633942,78,0.030141001974055212,1.2720234300359152,0.19680973367316634,0.8192328779737305,0.5727936798487375,78,0.03093283045568252,-0.00021219492133179004,-2.7885617401317054e-05,4.867379694012925,0.6238924830104224,5.4912721770233475,0.007688062083253261,0.013844680460474823,0.02323775468534328,0.0007918284816273088,0.2316445787113471,2.0388503863648335
B,sbm_ps,metis,0,200,1,0,1,220.927,0.67193,ok,0.734,10000,1100714,220.1428,78,0.6731939450211408,41,553,158,282,0.06987910078358177,78,lspar,0.2,0.19614,0.640625,ok,215895,0.18912167158991308,0.8053881975132556,0.5495559251633942,78,0.030141001974055212,1.2720234300359152,0.20979729565344257,0.8773810891336067,0.5977717320260509,78,0.03377750730885866,-9.739859358837135e-06,-9.573838044659225e-06,4.768398925021756,0.17443730303784832,4.942836228059605,0.02067562406352949,0.07199289162035105,0.048215806862656696,0.003636505334803447,0.2573468695593966,7.292152583670245
B,sbm_ps,metis,0,200,1,0,1,220.927,0.67193,ok,0.734,10000,1100714,220.1428,78,0.6731939450211408,41,553,158,282,0.06987910078358177,78,lspar,0.15,0.14876,0.578125,ok,163742,0.18912167158991308,0.8053881975132556,0.5495559251633942,78,0.030141001974055212,1.2720234300359152,0.21166593340154266,0.8897362373266617,0.616969474586139,78,0.03815809219549636,0.0009101099440251028,-1.4567523886267578e-05,4.7480911199818365,0.1413087240071036,4.88939984398894,0.02254426181162958,0.0843480398134061,0.0674135494227448,0.008017090221441148,0.2601594205063325,9.001733183663669
B,sbm_ps,metis,0,200,1,0,1,220.927,0.67193,ok,0.734,10000,1100714,220.1428,78,0.6731939450211408,41,553,158,282,0.06987910078358177,78,lspar,0.05,0.05091,0.34375,ok,56035,0.18912167158991308,0.8053881975132556,0.5495559251633942,78,0.030141001974055212,1.2720234300359152,0.208894242408327,0.8892700027726334,0.6116684231348063,78,0.03840260407836947,0.001438052215537747,0.00019114531911385647,4.708012680057436,0.06758302997332066,4.775595710030757,0.01977257081841391,0.08388180525937772,0.06211249797141205,0.008261602104314258,0.26635911146417435,18.821639552681553
B,sbm_ps,metis,0,200,1,0,1,220.927,0.67193,ok,0.734,10000,1100714,220.1428,78,0.6731939450211408,41,553,158,282,0.06987910078358177,78,dspar,0.5,0.50037,0.5,ok,550767,0.18912167158991308,0.8053881975132556,0.5495559251633942,78,0.030141001974055212,1.2720234300359152,0.19413709408248037,0.8039217059702204,0.550677189079547,78,0.030244338313145488,0.00018555359332398242,6.019846566602924e-05,0.40304361697053537,0.7612595710088499,1.1643031879793853,0.005015422492567284,-0.001466491543035242,0.0011212639161527482,0.0001033363390902757,1.0925190647665195,1.6709457305741087
B,sbm_ps,metis,0,200,1,0,1,220.927,0.67193,ok,0.734,10000,1100714,220.1428,78,0.6731939450211408,41,553,158,282,0.06987910078358177,78,dspar,0.2,0.19963,0.2,ok,219736,0.18912167158991308,0.8053881975132556,0.5495559251633942,78,0.030141001974055212,1.2720234300359152,0.1990809353645165,0.7970969831448584,0.5461085896841605,78,0.02868239878392322,0.0008225945224596743,0.00010162320620530642,0.39816726598655805,0.4511081390082836,0.8492754049948417,0.009959263774603405,-0.008291214368397193,-0.003447335479233704,-0.0014586031901319928,1.4977749532775428,2.8197749498209723
B,sbm_ps,metis,0,200,1,0,1,220.927,0.67193,ok,0.734,10000,1100714,220.1428,78,0.6731939450211408,41,553,158,282,0.06987910078358177,78,dspar,0.15,0.14955,0.15,ok,164617,0.18912167158991308,0.8053881975132556,0.5495559251633942,78,0.030141001974055212,1.2720234300359152,0.18906537534432813,0.756649172142056,0.5124960933462833,78,0.029354386384320832,0.0017600570739733335,0.00021589631914472975,0.42583876702701673,0.40007620595861226,0.825914972985629,-5.62962455849525e-05,-0.048739025371199673,-0.03705983181711092,-0.0007866155897343803,1.5401384787076,3.1794528419605776
B,sbm_ps,metis,0,200,1,0,1,220.927,0.67193,ok,0.734,10000,1100714,220.1428,78,0.6731939450211408,41,553,158,282,0.06987910078358177,78,dspar,0.05,0.05023,0.05,ok,55288,0.18912167158991308,0.8053881975132556,0.5495559251633942,78,0.030141001974055212,1.2720234300359152,0.02609943266841162,0.16217986860670136,0.03768730312585844,78,0.012636455199145049,0.0011670217436163639,4.970463214493772e-05,0.3932971789618023,0.22927288297796622,0.6225700619397685,-0.16302223892150147,-0.6432083289065542,-0.5118686220375358,-0.017504546774910163,2.04318117397521,5.5480762204144325
B,sbm_ps,metis,0,200,1,0,1,220.927,0.67193,ok,0.734,10000,1100714,220.1428,78,0.6731939450211408,41,553,158,282,0.06987910078358177,78,random,0.5,0.5,0.5,ok,550357,0.18912167158991308,0.8053881975132556,0.5495559251633942,78,0.030141001974055212,1.2720234300359152,0.19116155589099984,0.7928650374899858,0.5497860780105518,78,0.03029587430657845,-0.00018676234976513437,-8.596177877105383e-05,0.023420725017786026,0.7601676610065624,0.7835883860243484,0.0020398843010867584,-0.012523160023269808,0.0002301528471575498,0.00015487233252323845,1.6233311426292498,1.6733458883946577
B,sbm_ps,metis,0,200,1,0,1,220.927,0.67193,ok,0.734,10000,1100714,220.1428,78,0.6731939450211408,41,553,158,282,0.06987910078358177,78,random,0.2,0.2,0.2,ok,220143,0.18912167158991308,0.8053881975132556,0.5495559251633942,78,0.030141001974055212,1.2720234300359152,0.19401818585410355,0.786644315115316,0.5401255275662825,78,0.028763866221354874,-0.0012293560131479845,-7.578828825145294e-05,0.021275754959788173,0.46308905602199957,0.48436481098178774,0.004896514264190466,-0.01874388239793967,-0.009430397597111728,-0.0013771357527003376,2.6261681302933124,2.746822481539029
B,sbm_ps,metis,0,200,1,0,1,220.927,0.67193,ok,0.734,10000,1100714,220.1428,78,0.6731939450211408,41,553,158,282,0.06987910078358177,78,random,0.15,0.15,0.15,ok,165107,0.18912167158991308,0.8053881975132556,0.5495559251633942,78,0.030141001974055212,1.2720234300359152,0.18424492507509596,0.7470377518835186,0.48906576548240527,78,0.029221225162542382,-0.0022711302507974784,-0.000192350107516876,0.020773319993168116,0.4084848110214807,0.4292581310146488,-0.004876746514817121,-0.05835044562973701,-0.060490159680988975,-0.0009197768115128298,2.96330654711001,3.1140042315282668
B,sbm_ps,metis,0,200,1,0,1,220.927,0.67193,ok,0.734,10000,1100714,220.1428,78,0.6731939450211408,41,553,158,282,0.06987910078358177,78,random,0.05,0.05,0.05,ok,55036,0.18912167158991308,0.8053881975132556,0.5495559251633942,78,0.030141001974055212,1.2720234300359152,0.024456196028188427,0.15016957949303025,0.03467109548794326,78,0.011872657663724662,-0.000877947610152222,-5.492946847080919e-05,0.01914810697780922,0.2314964149845764,0.2506445219623856,-0.16466547556172464,-0.6552186180202254,-0.514884829675451,-0.018268344310330552,5.07500989878729,5.494786734043655
B,sbm_ps,metis,0,200,2,0,1,220.927,0.67193,ok,0.734,10000,1106407,221.2814,64,0.672959408246694,43,536,158,276,0.06916597321397087,64,lspar,0.5,0.50176,0.863281,ok,555149,0.17996731447435335,0.8021976407367616,0.5396795130211429,64,0.02672526894158411,1.2116883369744755,0.18045405208123608,0.8094909082061928,0.5481008614700743,64,0.027874002224294953,0.0014376850732797087,0.00014225969852979615,4.924346472020261,0.5990658299997449,5.523412302020006,0.0004867376068827256,0.007293267469431264,0.008421348448931387,0.0011487332827108433,0.2193731466563415,2.0226296949285048
B,sbm_ps,metis,0,200,2,0,1,220.927,0.67193,ok,0.734,10000,1106407,221.2814,64,0.672959408246694,43,536,158,276,0.06916597321397087,64,lspar,0.2,0.20337,0.65625,ok,225012,0.17996731447435335,0.8021976407367616,0.5396795130211429,64,0.02672526894158411,1.2116883369744755,0.1988595362259655,0.873162611564876,0.5921938900582479,64,0.02686856899799466,0.0018970318300668705,0.0002420610478677898,4.78482812398579,0.16955779900308698,4.954385922988877,0.018892221751612148,0.07096497082811437,0.05251437703710493,0.0001433000564105523,0.2445688236259741,7.146166935986327
B,sbm_ps,metis,0,200,2,0,1,220.927,0.67193,ok,0.734,10000,1106407,221.2814,64,0.672959408246694,43,536,158,276,0.06916597321397087,64,lspar,0.15,0.15417,0.59375,ok,170578,0.17996731447435335,0.8021976407367616,0.5396795130211429,64,0.02672526894158411,1.2116883369744755,0.19837906658659754,0.8763645115528216,0.5958171936653502,64,0.02679701475911076,0.001214878680964711,3.673907008737169e-05,4.77864066400798,0.15081337600713596,4.929454040015116,0.01841175211224419,0.07416687081606,0.05613768064420732,7.174581752665207e-05,0.24580578845822038,8.034355897696653
B,sbm_ps,metis,0,200,2,0,1,220.927,0.67193,ok,0.734,10000,1106407,221.2814,64,0.672959408246694,43,536,158,276,0.06916597321397087,64,lspar,0.05,0.04889,0.34375,ok,54093,0.17996731447435335,0.8021976407367616,0.5396795130211429,64,0.02672526894158411,1.2116883369744755,0.19618117934308685,0.8816975394338323,0.6006964011801408,64,0.03888032921671317,-0.001091227926398544,-2.4803883324680087e-05,4.756646864989307,0.06769035599427298,4.82433722098358,0.016213864868733496,0.07949989869707075,0.06101688815899786,0.012155060275129064,0.2511616169168701,17.900457445917286
B,sbm_ps,metis,0,200,2,0,1,220.927,0.67193,ok,0.734,10000,1106407,221.2814,64,0.672959408246694,43,536,158,276,0.06916597321397087,64,dspar,0.5,0.49969,0.5,ok,552862,0.17996731447435335,0.8021976407367616,0.5396795130211429,64,0.02672526894158411,1.2116883369744755,0.17766298291163507,0.7845322175649555,0.5292479764781444,64,0.027247018185482245,-0.0015317403182968689,-0.00011130823589648194,0.43263776699313894,0.7601768680033274,1.1928146349964663,-0.0023043315627182814,-0.017665423171806083,-0.010431536542998554,0.0005217492438981362,1.015822828983034,1.5939558120955237
B,sbm_ps,metis,0,200,2,0,1,220.927,0.67193,ok,0.734,10000,1106407,221.2814,64,0.672959408246694,43,536,158,276,0.06916597321397087,64,dspar,0.2,0.19981,0.2,ok,221074,0.17996731447435335,0.8021976407367616,0.5396795130211429,64,0.02672526894158411,1.2116883369744755,0.17747509135382233,0.7593723487169065,0.49826222552030575,64,0.02478709341572747,-0.0013379910817657961,-0.0002144780258599102,0.4314159950008616,0.4573946740129031,0.8888106690137647,-0.0024922231205310175,-0.04282529201985508,-0.041417287500837174,-0.0019381755258566398,1.363269343198794,2.6491089770325873
B,sbm_ps,metis,0,200,2,0,1,220.927,0.67193,ok,0.734,10000,1106407,221.2814,64,0.672959408246694,43,536,158,276,0.06916597321397087,64,dspar,0.15,0.1496,0.15,ok,165521,0.17996731447435335,0.8021976407367616,0.5396795130211429,64,0.02672526894158411,1.2116883369744755,0.1640696958027746,0.7181185154512812,0.4648626150664513,64,0.025222212432695113,-0.0008898352353120005,-9.724752360213108e-05,0.40627015894278884,0.42325374600477517,0.829523904947564,-0.01589761867157874,-0.08407912528548034,-0.0748168979546916,-0.001503056508888996,1.4607033380804968,2.8627941238842696
B,sbm_ps,metis,0,200,2,0,1,220.927,0.67193,ok,0.734,10000,1106407,221.2814,64,0.672959408246694,43,536,158,276,0.06916597321397087,64,dspar,0.05,0.04993,0.05,ok,55248,0.17996731447435335,0.8021976407367616,0.5396795130211429,64,0.02672526894158411,1.2116883369744755,0.022786259357360034,0.12576113809687675,0.027068846286370265,64,0.010244998779892558,-0.0006581783706173266,-0.00013064708716404937,0.42999505501938984,0.2180366080137901,0.6480316630331799,-0.15718105511699332,-0.6764365026398849,-0.5126106667347726,-0.01648027016169155,1.869798045519939,5.557270166750348
B,sbm_ps,metis,0,200,2,0,1,220.927,0.67193,ok,0.734,10000,1106407,221.2814,64,0.672959408246694,43,536,158,276,0.06916597321397087,64,random,0.5,0.5,0.5,ok,553204,0.17996731447435335,0.8021976407367616,0.5396795130211429,64,0.02672526894158411,1.2116883369744755,0.17987945707575134,0.7949958210710432,0.5424848124056323,64,0.027434285119171595,-0.00020594145017253343,-2.277132245532795e-05,0.023781351977959275,0.745507079991512,0.7692884319694713,-8.785739860200925e-05,-0.007201819665718423,0.002805299384489368,0.0007090161775874862,1.5750767678546875,1.6253210324820406
B,sbm_ps,metis,0,200,2,0,1,220.927,0.67193,ok,0.734,10000,1106407,221.2814,64,0.672959408246694,43,536,158,276,0.06916597321397087,64,random,0.2,0.2,0.2,ok,221281,0.17996731447435335,0.8021976407367616,0.5396795130211429,64,0.02672526894158411,1.2116883369744755,0.18058895766798438,0.7675954424705429,0.5018327931279138,64,0.024992798962901294,-0.001370952593915552,0.00013131866332174918,0.02239821298280731,0.45006319595267996,0.47246140893548727,0.0006216431936310329,-0.03460219826621869,-0.037846719893229075,-0.0017324699786828157,2.564629224859986,2.692262659712956
B,sbm_ps,metis,0,200,2,0,1,220.927,0.67193,ok,0.734,10000,1106407,221.2814,64,0.672959408246694,43,536,158,276,0.06916597321397087,64,random,0.15,0.15,0.15,ok,165961,0.17996731447435335,0.8021976407367616,0.5396795130211429,64,0.02672526894158411,1.2116883369744755,0.16997492934644767,0.7152842680622811,0.4648653995166145,64,0.02386629422428208,-0.000518332614807122,-9.593436118764516e-05,0.02148504398064688,0.4112940159975551,0.432779059978202,-0.009992385127905679,-0.08691337267448052,-0.07481411350452843,-0.0028589747173020305,2.7997850382028773,2.946039304840453
B,sbm_ps,metis,0,200,2,0,1,220.927,0.67193,ok,0.734,10000,1106407,221.2814,64,0.672959408246694,43,536,158,276,0.06916597321397087,64,random,0.05,0.05,0.05,ok,55320,0.17996731447435335,0.8021976407367616,0.5396795130211429,64,0.02672526894158411,1.2116883369744755,0.02033238162268321,0.10969436142873117,0.02088156740654748,64,0.010244998779892558,-0.001390719365428213,-0.0001466039637077574,0.02012297499459237,0.21748845401452854,0.2376114290091209,-0.15963493285167013,-0.6925032793080305,-0.5187979456145955,-0.01648027016169155,5.099453094606673,5.571276610819686
B,sbm_ps,metis,0,200,3,0,1,220.927,0.67193,ok,0.734,10000,1101543,220.3086,65,0.6713954879655175,42,475,160,272,0.06703790616598279,65,lspar,0.5,0.5015,0.863281,ok,552424,0.1957162668410769,0.8196369928920236,0.5844370754204963,65,0.028441167345944155,1.2775390559691004,0.200891428198085,0.834711244195842,0.601819955089972,65,0.028372521918222218,-0.00033027593859069116,-6.294088870308578e-05,4.837685501028318,0.6182417839881964,5.455927285016514,0.005175161357008101,0.015074251303818342,0.017382879669475715,-6.864542772193685e-05,0.2341561735028207,2.066406847702632
B,sbm_ps,metis,0,200,3,0,1,220.927,0.67193,ok,0.734,10000,1101543,220.3086,65,0.6713954879655175,42,475,160,272,0.06703790616598279,65,lspar,0.2,0.19922,0.648438,ok,219450,0.1957162668410769,0.8196369928920236,0.5844370754204963,65,0.028441167345944155,1.2775390559691004,0.21689430105171092,0.8919688765524623,0.640480237871828,65,0.0302787053884409,-0.0012003494625250895,-0.0001976548733073748,4.748471867991611,0.16897322901058942,4.917445097002201,0.021178034210634022,0.07233188366043863,0.056043162451331674,0.0018375380424967454,0.25979731969919106,7.560600359297378
B,sbm_ps,metis,0,200,3,0,1,220.927,0.67193,ok,0.734,10000,1101543,220.3086,65,0.6713954879655175,42,475,160,272,0.06703790616598279,65,lspar,0.15,0.14584,0.578125,ok,160644,0.1957162668410769,0.8196369928920236,0.5844370754204963,65,0.028441167345944155,1.2775390559691004,0.21410893957204474,0.8902285807426968,0.6355916402924505,65,0.03458757002161326,0.0010210383878946042,-3.318578256158729e-05,4.711949271964841,0.122319666959811,4.834268938924652,0.01839267273096784,0.07059158785067321,0.051154564871954245,0.006146402675669103,0.2642672702138247,10.444265323162178
B,sbm_ps,metis,0,200,3,0,1,220.927,0.67193,ok,0.734,10000,1101543,220.3086,65,0.6713954879655175,42,475,160,272,0.06703790616598279,65,lspar,0.05,0.0498,0.34375,ok,54862,0.1957162668410769,0.8196369928920236,0.5844370754204963,65,0.028441167345944155,1.2775390559691004,0.2148671245012311,0.8956073472026477,0.644367845372743,65,0.04538171437925192,-0.0002826921819886803,-9.186626589135236e-05,4.674705397046637,0.06241907802177593,4.737124475068413,0.019150857660154202,0.07597035431062404,0.059930769952246776,0.016940547033307763,0.2696866131960044,20.467124739064708
B,sbm_ps,metis,0,200,3,0,1,220.927,0.67193,ok,0.734,10000,1101543,220.3086,65,0.6713954879655175,42,475,160,272,0.06703790616598279,65,dspar,0.5,0.49944,0.5,ok,550151,0.1957162668410769,0.8196369928920236,0.5844370754204963,65,0.028441167345944155,1.2775390559691004,0.1990210412708719,0.8222523091595373,0.5954186427014094,65,0.027059194370860348,0.0014394947543574263,6.0438605905677654e-05,0.442433075979352,0.7337738359929062,1.1762069119722582,0.0033047744297949877,0.0026153162675136565,0.010981567280913151,-0.0013819729750838075,1.086151631116441,1.741052887556829
B,sbm_ps,metis,0,200,3,0,1,220.927,0.67193,ok,0.734,10000,1101543,220.3086,65,0.6713954879655175,42,475,160,272,0.06703790616598279,65,dspar,0.2,0.19969,0.2,ok,219965,0.1957162668410769,0.8196369928920236,0.5844370754204963,65,0.028441167345944155,1.2775390559691004,0.19020206195339182,0.7664560809167926,0.5416882150955075,65,0.028003571200830794,0.003043608093800608,0.0003596958490845207,0.42634339397773147,0.4446314629749395,0.870974856952671,-0.005514204887685087,-0.053180911975231004,-0.04274886032498881,-0.00043759614511336073,1.4667921189354405,2.873253834583239
B,sbm_ps,metis,0,200,3,0,1,220.927,0.67193,ok,0.734,10000,1101543,220.3086,65,0.6713954879655175,42,475,160,272,0.06703790616598279,65,dspar,0.15,0.14974,0.15,ok,164942,0.1957162668410769,0.8196369928920236,0.5844370754204963,65,0.028441167345944155,1.2775390559691004,0.18669042432716462,0.7674313994802056,0.5223385077247941,65,0.026574423794317723,-0.0006223129303770088,1.530891253831791e-05,0.40425375202903524,0.4021618589758873,0.8064156110049225,-0.00902584251391228,-0.052205593411818074,-0.06209856769570221,-0.0018667435516264326,1.584219152673747,3.1766788109205026
B,sbm_ps,metis,0,200,3,0,1,220.927,0.67193,ok,0.734,10000,1101543,220.3086,65,0.6713954879655175,42,475,160,272,0.06703790616598279,65,dspar,0.05,0.0502,0.05,ok,55295,0.1957162668410769,0.8196369928920236,0.5844370754204963,65,0.028441167345944155,1.2775390559691004,0.022386235679434506,0.126824155758259,0.02691073625272329,65,0.012292273996295398,7.16495540063613e-05,-3.151697621728836e-05,0.41210900800069794,0.2206187159754336,0.6327277239761315,-0.1733300311616424,-0.6928128371337646,-0.5575263391677729,-0.01614889334964876,2.01909764272838,5.790710231997531
B,sbm_ps,metis,0,200,3,0,1,220.927,0.67193,ok,0.734,10000,1101543,220.3086,65,0.6713954879655175,42,475,160,272,0.06703790616598279,65,random,0.5,0.5,0.5,ok,550772,0.1957162668410769,0.8196369928920236,0.5844370754204963,65,0.028441167345944155,1.2775390559691004,0.1975600291816875,0.8177083068748023,0.5831608435646314,65,0.02774707191759159,0.00034596790680397114,-6.050690907885757e-06,0.022320300980936736,0.7606290259864181,0.7829493269673549,0.001843762340610594,-0.0019286860172212927,-0.0012762318558648955,-0.000694095428352564,1.6317008163446158,1.679582309276628
B,sbm_ps,metis,0,200,3,0,1,220.927,0.67193,ok,0.734,10000,1101543,220.3086,65,0.6713954879655175,42,475,160,272,0.06703790616598279,65,random,0.2,0.2,0.2,ok,220309,0.1957162668410769,0.8196369928920236,0.5844370754204963,65,0.028441167345944155,1.2775390559691004,0.1919042407910668,0.7855654578934117,0.5544262448774566,65,0.02729835159858558,-0.001163274411273878,-0.00014987164733485455,0.021893802972044796,0.4767477119457908,0.4986415149178356,-0.0038120260500101033,-0.03407153499861193,-0.030010830543039657,-0.0011428157473585762,2.562039095721119,2.6796962501507813
B,sbm_ps,metis,0,200,3,0,1,220.927,0.67193,ok,0.734,10000,1101543,220.3086,65,0.6713954879655175,42,475,160,272,0.06703790616598279,65,random,0.15,0.15,0.15,ok,165231,0.1957162668410769,0.8196369928920236,0.5844370754204963,65,0.028441167345944155,1.2775390559691004,0.19063713020338097,0.7768284947167388,0.5470107440159445,65,0.0268421310629391,0.00021887387567066647,3.519697180482881e-05,0.020203295978717506,0.4054458140162751,0.4256491099949926,-0.005079136637695936,-0.04280849817528487,-0.03742633140455176,-0.001599036283005055,3.0013901731971897,3.1509489352326088
B,sbm_ps,metis,0,200,3,0,1,220.927,0.67193,ok,0.734,10000,1101543,220.3086,65,0.6713954879655175,42,475,160,272,0.06703790616598279,65,random,0.05,0.05,0.05,ok,55077,0.1957162668410769,0.8196369928920236,0.5844370754204963,65,0.028441167345944155,1.2775390559691004,0.02106648089037979,0.1221739501321983,0.026619026251900567,65,0.012132600710482482,-0.0014745919161314122,-8.556360332189595e-05,0.02001088805263862,0.22090448898961768,0.2409153770422563,-0.1746497859506971,-0.6974630427598253,-0.5578180491685957,-0.016308566635461673,5.30285393839772,5.783219081750501
