arm,gen,detector,is_proxy,d_nom,graph_seed,het_deg,het_size,d_target,mu_target,cal_status,lfr_deg_cv,n,m,d_avg_real,n_comm_planted,mu_real,comm_size_min,comm_size_max,deg_min,deg_max,deg_cv,k_fixed,sparsifier,target_ret,realized_ret,knob,status,m_sparse,Q_base,AMI_base,ARI_base,nc_base,cv_base,T_base,Q_orig_transfer,AMI,ARI,nc_sparse,cv_sparse,AMI_chance,ARI_chance,T_sparsify,T_detect_sparse,T_pipeline,dQ,dAMI,dARI,dcv,speedup_pipeline,speedup_detect_only
B,dcsbm_ps,metis,0,10,1,1,1,11.183,0.57853,ok,2.327,10000,55592,11.1184,128,0.578950208663117,20,489,0,258,1.5528322710655245,128,lspar,0.5,0.50333,0.515625,ok,27981,0.36520140756795766,0.5729993518798209,0.3020576419296855,128,0.02351510153071851,0.26121689699357376,0.3539886741334667,0.5454840645040235,0.27841706622362605,128,0.02340598214132447,0.0005182520639508803,2.0284896303865513e-05,0.06837113603251055,0.16441943001700565,0.2327905660495162,-0.011212733434490973,-0.027515287375797337,-0.02364057570605943,-0.00010911938939404259,1.1221111809918065,1.5887227985558428
B,dcsbm_ps,metis,0,10,1,1,1,11.183,0.57853,ok,2.327,10000,55592,11.1184,128,0.578950208663117,20,489,0,258,1.5528322710655245,128,lspar,0.2,0.15909,0.0,ok,8844,0.36520140756795766,0.5729993518798209,0.3020576419296855,128,0.02351510153071851,0.26121689699357376,0.22124486189556392,0.3723670460501656,0.1104296381689746,128,0.013670405992508048,-0.0005575369534411044,-4.0626903670884576e-05,0.09813904302427545,0.015429871971718967,0.11356891499599442,-0.14395654567239374,-0.2006323058296553,-0.19162800376071087,-0.009844695538210463,2.300073897886467,16.929297759070963
B,dcsbm_ps,metis,0,10,1,1,1,11.183,0.57853,ok,2.327,10000,55592,11.1184,128,0.578950208663117,20,489,0,258,1.5528322710655245,128,lspar,0.15,0.15909,0.0,floor,8844,0.36520140756795766,0.5729993518798209,0.3020576419296855,128,0.02351510153071851,0.26121689699357376,0.22124486189556392,0.3723670460501656,0.1104296381689746,128,0.013670405992508048,-0.0005552725263871874,6.605864774180896e-05,0.059790120052639395,0.014693349949084222,0.07448347000172362,-0.14395654567239374,-0.2006323058296553,-0.19162800376071087,-0.009844695538210463,3.507045214025729,17.77789938296912
B,dcsbm_ps,metis,0,10,1,1,1,11.183,0.57853,ok,2.327,10000,55592,11.1184,128,0.578950208663117,20,489,0,258,1.5528322710655245,128,lspar,0.05,0.15909,0.0,floor,8844,0.36520140756795766,0.5729993518798209,0.3020576419296855,128,0.02351510153071851,0.26121689699357376,0.22124486189556392,0.3723670460501656,0.1104296381689746,128,0.013670405992508048,-0.002674011966798345,-0.00028023215848299956,0.05988592404173687,0.012549407023470849,0.07243533106520772,-0.14395654567239374,-0.2006323058296553,-0.19162800376071087,-0.009844695538210463,3.6062083675495473,20.815078872254777
B,dcsbm_ps,metis,0,10,1,1,1,11.183,0.57853,ok,2.327,10000,55592,11.1184,128,0.578950208663117,20,489,0,258,1.5528322710655245,128,dspar,0.5,0.49987,0.5,ok,27789,0.36520140756795766,0.5729993518798209,0.3020576419296855,128,0.02351510153071851,0.26121689699357376,0.25255698204918997,0.30690395664821757,0.09491293539722453,128,0.015178932768808221,-0.0010768519427997462,-7.256459676854045e-05,0.011150403006467968,0.20477192802354693,0.2159223310300149,-0.11264442551876769,-0.2660953952316033,-0.20714470653246095,-0.00833616876191029,1.2097724943385433,1.2756479831724599
B,dcsbm_ps,metis,0,10,1,1,1,11.183,0.57853,ok,2.327,10000,55592,11.1184,128,0.578950208663117,20,489,0,258,1.5528322710655245,128,dspar,0.2,0.19954,0.2,ok,11093,0.36520140756795766,0.5729993518798209,0.3020576419296855,128,0.02351510153071851,0.26121689699357376,0.16193856852210306,0.14561190118118686,0.021226612641936204,128,0.016780941570722425,-0.0029700173886566847,-0.0002759729668052495,0.010930648015346378,0.08460583200212568,0.09553648001747206,-0.2032628390458546,-0.42738745069863404,-0.2808310292877493,-0.006734159959996086,2.734211025419834,3.087457339666736
B,dcsbm_ps,metis,0,10,1,1,1,11.183,0.57853,ok,2.327,10000,55592,11.1184,128,0.578950208663117,20,489,0,258,1.5528322710655245,128,dspar,0.15,0.15004,0.15,ok,8341,0.36520140756795766,0.5729993518798209,0.3020576419296855,128,0.02351510153071851,0.26121689699357376,0.1391634995415376,0.1452038281056049,0.020385864205110044,128,0.018863721796082554,-0.000824878606787495,-4.9397085659536256e-05,0.008523183001670986,0.06374631897779182,0.0722695019794628,-0.22603790802642007,-0.427795523774216,-0.2816717777245754,-0.004651379734635957,3.614483147646501,4.0977565635527515
B,dcsbm_ps,metis,0,10,1,1,1,11.183,0.57853,ok,2.327,10000,55592,11.1184,128,0.578950208663117,20,489,0,258,1.5528322710655245,128,dspar,0.05,0.04995,0.05,ok,2777,0.36520140756795766,0.5729993518798209,0.3020576419296855,128,0.02351510153071851,0.26121689699357376,0.05410204949300564,0.12541635839824983,0.014397187176110316,128,0.007332121111929344,0.003051946895451973,0.0002633521180200501,0.010967970010824502,0.008947547990828753,0.019915518001653254,-0.31109935807495204,-0.44758299348157105,-0.28766045475357516,-0.016182980418789166,13.116249196826779,29.19424374826728
B,dcsbm_ps,metis,0,10,1,1,1,11.183,0.57853,ok,2.327,10000,55592,11.1184,128,0.578950208663117,20,489,0,258,1.5528322710655245,128,random,0.5,0.5,0.5,ok,27796,0.36520140756795766,0.5729993518798209,0.3020576419296855,128,0.02351510153071851,0.26121689699357376,0.27402832832897767,0.3596083404966316,0.14249839671043577,128,0.019919839356781974,-0.00027239642862011206,-5.6822503011530566e-05,0.0011327469837851822,0.2147698620101437,0.21590260899392888,-0.09117307923897999,-0.21339101138318928,-0.15955924521924972,-0.003595262173936537,1.2098830033171073,1.2162642120673166
B,dcsbm_ps,metis,0,10,1,1,1,11.183,0.57853,ok,2.327,10000,55592,11.1184,128,0.578950208663117,20,489,0,258,1.5528322710655245,128,random,0.2,0.19999,0.2,ok,11118,0.36520140756795766,0.5729993518798209,0.3020576419296855,128,0.02351510153071851,0.26121689699357376,0.1425005270653835,0.1644986801386824,0.02931660900128281,128,0.01730664612222715,5.2968323463649344e-05,-3.1316855874026954e-05,0.0009944670018739998,0.09273052896605805,0.09372499596793205,-0.22270088050257417,-0.40850067174113847,-0.2727410329284027,-0.00620845540849136,2.787056902973343,2.816946046853528
B,dcsbm_ps,metis,0,10,1,1,1,11.183,0.57853,ok,2.327,10000,55592,11.1184,128,0.578950208663117,20,489,0,258,1.5528322710655245,128,random,0.15,0.15,0.15,ok,8339,0.36520140756795766,0.5729993518798209,0.3020576419296855,128,0.02351510153071851,0.26121689699357376,0.11788558497610022,0.14317395926992066,0.021608669215711068,128,0.018312837027615356,-0.00010783785682745406,-2.1400656717454568e-07,0.0009948359802365303,0.07263075502123684,0.07362559100147337,-0.24731582259185744,-0.4298253926099002,-0.2804489727139744,-0.0052022645031031545,3.54790900066726,3.596505322259081
B,dcsbm_ps,metis,0,10,1,1,1,11.183,0.57853,ok,2.327,10000,55592,11.1184,128,0.578950208663117,20,489,0,258,1.5528322710655245,128,random,0.05,0.05001,0.05,ok,2780,0.36520140756795766,0.5729993518798209,0.3020576419296855,128,0.02351510153071851,0.26121689699357376,0.053304315772939904,0.13653952349710666,0.016176919479490626,128,0.014576693726630879,-0.001656210167516648,-0.00018780583143629032,0.0009419349953532219,0.02712402498582378,0.028065959981177002,-0.31189709179501773,-0.43645982838271424,-0.28588072245019486,-0.008938407804087632,9.307249677857593,9.630462187308016
B,dcsbm_ps,metis,0,10,2,1,1,11.183,0.57853,ok,2.327,10000,55093,11.0186,95,0.5770606066106402,21,468,0,244,1.6554987792286515,95,lspar,0.5,0.50437,0.507812,ok,27787,0.3644144997838686,0.5276901828155371,0.2881240613462059,95,0.023481907929297406,0.22230864100856707,0.3516007630410219,0.49870480363181285,0.2621372619496477,95,0.022867006800191412,7.410215387661083e-06,-8.583618465602656e-05,0.07073806098196656,0.1290403800085187,0.19977844099048525,-0.012813736742846693,-0.02898537918372429,-0.02598679939655818,-0.0006149011291059943,1.112775932710151,1.7227835270935439
B,dcsbm_ps,metis,0,10,2,1,1,11.183,0.57853,ok,2.327,10000,55093,11.0186,95,0.5770606066106402,21,468,0,244,1.6554987792286515,95,lspar,0.2,0.16156,0.0,ok,8901,0.3644144997838686,0.5276901828155371,0.2881240613462059,95,0.023481907929297406,0.22230864100856707,0.21065706059411715,0.3184338734625477,0.09044157953011409,95,0.015728954192825412,-0.0011252872487550936,-0.00012025134356354907,0.09612035402096808,0.009289190056733787,0.10540954407770187,-0.15375743918975143,-0.20925630935298944,-0.1976824818160918,-0.007752953736471994,2.108999170366337,23.931972502534197
B,dcsbm_ps,metis,0,10,2,1,1,11.183,0.57853,ok,2.327,10000,55093,11.0186,95,0.5770606066106402,21,468,0,244,1.6554987792286515,95,lspar,0.15,0.16156,0.0,floor,8901,0.3644144997838686,0.5276901828155371,0.2881240613462059,95,0.023481907929297406,0.22230864100856707,0.21065706059411715,0.3184338734625477,0.09044157953011409,95,0.015728954192825412,-0.0005548522350917781,9.365552666559065e-05,0.060835701995529234,0.011863615014590323,0.07269931701011956,-0.15375743918975143,-0.20925630935298944,-0.1976824818160918,-0.007752953736471994,3.0579192508455377,18.738693116319393
B,dcsbm_ps,metis,0,10,2,1,1,11.183,0.57853,ok,2.327,10000,55093,11.0186,95,0.5770606066106402,21,468,0,244,1.6554987792286515,95,lspar,0.05,0.16156,0.0,floor,8901,0.3644144997838686,0.5276901828155371,0.2881240613462059,95,0.023481907929297406,0.22230864100856707,0.21065706059411715,0.3184338734625477,0.09044157953011409,95,0.015728954192825412,-1.190025496534669e-05,3.819818993951739e-05,0.06128543900558725,0.011862270999699831,0.07314771000528708,-0.15375743918975143,-0.20925630935298944,-0.1976824818160918,-0.007752953736471994,3.0391743089769823,18.740816241189606
B,dcsbm_ps,metis,0,10,2,1,1,11.183,0.57853,ok,2.327,10000,55093,11.0186,95,0.5770606066106402,21,468,0,244,1.6554987792286515,95,dspar,0.5,0.50123,0.5,ok,27614,0.3644144997838686,0.5276901828155371,0.2881240613462059,95,0.023481907929297406,0.22230864100856707,0.24522112264392176,0.24563005880476654,0.07104279288422666,95,0.01511290838985005,-0.0003282276331488464,-0.00013186798382539515,0.00941112102009356,0.1658245800063014,0.17523570102639496,-0.11919337713994682,-0.28206012401077063,-0.21708126846197923,-0.008368999539447357,1.2686264254741202,1.3406253825586005
B,dcsbm_ps,metis,0,10,2,1,1,11.183,0.57853,ok,2.327,10000,55093,11.0186,95,0.5770606066106402,21,468,0,244,1.6554987792286515,95,dspar,0.2,0.19941,0.2,ok,10986,0.3644144997838686,0.5276901828155371,0.2881240613462059,95,0.023481907929297406,0.22230864100856707,0.1623857404630722,0.11542581931512662,0.016534392057229,95,0.017337819932159874,-0.0009332622759098276,-3.121286906291101e-05,0.009561084036249667,0.0655668469844386,0.07512793102068827,-0.2020287593207964,-0.4122643635004105,-0.2715896692889769,-0.006144087997137532,2.95906779260764,3.390564763032284
B,dcsbm_ps,metis,0,10,2,1,1,11.183,0.57853,ok,2.327,10000,55093,11.0186,95,0.5770606066106402,21,468,0,244,1.6554987792286515,95,dspar,0.15,0.14913,0.15,ok,8216,0.3644144997838686,0.5276901828155371,0.2881240613462059,95,0.023481907929297406,0.22230864100856707,0.13821117332510613,0.11382422343232504,0.01565636983933197,95,0.017282939564784695,-0.001130375270094558,-2.986570809156909e-05,0.008265889016911387,0.04947078396799043,0.057736672984901816,-0.22620332645876245,-0.41386595938321213,-0.2724676915068739,-0.006198968364512711,3.8503888346095203,4.493735962470488
B,dcsbm_ps,metis,0,10,2,1,1,11.183,0.57853,ok,2.327,10000,55093,11.0186,95,0.5770606066106402,21,468,0,244,1.6554987792286515,95,dspar,0.05,0.05008,0.05,ok,2759,0.3644144997838686,0.5276901828155371,0.2881240613462059,95,0.023481907929297406,0.22230864100856707,0.05520102350278158,0.11737503808732354,0.014240423994791142,95,0.010695793565696752,6.943241352364376e-05,4.53572223145546e-05,0.009907322993967682,0.006455944036133587,0.01636326703010127,-0.309213476281087,-0.4103151447282136,-0.27388363735141474,-0.012786114363600654,13.585834699123115,34.43472244559696
B,dcsbm_ps,metis,0,10,2,1,1,11.183,0.57853,ok,2.327,10000,55093,11.0186,95,0.5770606066106402,21,468,0,244,1.6554987792286515,95,random,0.5,0.49999,0.5,ok,27546,0.3644144997838686,0.5276901828155371,0.2881240613462059,95,0.023481907929297406,0.22230864100856707,0.2661167767701287,0.30855899230948125,0.12284334487833735,95,0.018452642087245938,0.0006229836960596081,2.7641683447834735e-05,0.0010949280112981796,0.14709756197407842,0.1481924899853766,-0.0982977230137399,-0.2191311905060559,-0.16528071646786852,-0.005029265842051468,1.500134325501273,1.5113006498893733
B,dcsbm_ps,metis,0,10,2,1,1,11.183,0.57853,ok,2.327,10000,55093,11.0186,95,0.5770606066106402,21,468,0,244,1.6554987792286515,95,random,0.2,0.20001,0.2,ok,11019,0.3644144997838686,0.5276901828155371,0.2881240613462059,95,0.023481907929297406,0.22230864100856707,0.13893051494943578,0.13104010813332345,0.023793367741598882,95,0.016263455967290598,0.00023285063616625902,6.43649595748737e-05,0.000742339005228132,0.0796151990070939,0.08035753801232204,-0.2254839848344328,-0.3966500746822137,-0.264330693604607,-0.007218451962006808,2.7664939283540297,2.7922889571469742
B,dcsbm_ps,metis,0,10,2,1,1,11.183,0.57853,ok,2.327,10000,55093,11.0186,95,0.5770606066106402,21,468,0,244,1.6554987792286515,95,random,0.15,0.15,0.15,ok,8264,0.3644144997838686,0.5276901828155371,0.2881240613462059,95,0.023481907929297406,0.22230864100856707,0.11214721603922223,0.11316315601002697,0.016032358184294885,95,0.015728954192825412,-0.001812216129355404,-2.6502036240901408e-05,0.0007239300175569952,0.058569768036250025,0.05929369805380702,-0.25226728374464635,-0.4145270268055102,-0.272091703161911,-0.007752953736471994,3.749279405828753,3.7956209912078824
B,dcsbm_ps,metis,0,10,2,1,1,11.183,0.57853,ok,2.327,10000,55093,11.0186,95,0.5770606066106402,21,468,0,244,1.6554987792286515,95,random,0.05,0.05001,0.05,ok,2755,0.3644144997838686,0.5276901828155371,0.2881240613462059,95,0.023481907929297406,0.22230864100856707,0.05255240952883639,0.11723112829427013,0.014957941103548329,95,0.015049916943292413,-0.0020643597684135047,-0.00031273908733158183,0.000876333040650934,0.022251862043049186,0.02312819508370012,-0.3118620902550322,-0.410459054521267,-0.2731661202426576,-0.008431990986004993,9.61201858614734,9.990563512324561
B,dcsbm_ps,metis,0,10,3,1,1,11.183,0.57853,ok,2.327,10000,55952,11.1904,101,0.5752073205604804,20,444,0,270,1.648944455116466,101,lspar,0.5,0.50386,0.515625,ok,28192,0.36170131214741097,0.5351732010198835,0.2872350682847698,101,0.018558017135459272,0.2230362279806286,0.3539772313559402,0.5281594161137348,0.28414123193389834,101,0.01789301539707603,0.003064385162002565,0.0003067726182830941,0.06848834897391498,0.13602984399767593,0.2045181929715909,-0.007724080791470744,-0.007013784906148679,-0.0030938363508714595,-0.0006650017383832418,1.0905446832869778,1.6396124661029472
B,dcsbm_ps,metis,0,10,3,1,1,11.183,0.57853,ok,2.327,10000,55952,11.1904,101,0.5752073205604804,20,444,0,270,1.648944455116466,101,lspar,0.2,0.15944,0.0,ok,8921,0.36170131214741097,0.5351732010198835,0.2872350682847698,101,0.018558017135459272,0.2230362279806286,0.21269324564520115,0.33038510248213215,0.09629902609539152,101,0.02057133928552052,-0.0018787283132120326,-5.539887826974786e-05,0.09893495193682611,0.011244335968513042,0.11017928790533915,-0.14900806650220982,-0.20478809853775137,-0.19093604218937826,0.0020133221500612496,2.0243026817549485,19.835429020013805
B,dcsbm_ps,metis,0,10,3,1,1,11.183,0.57853,ok,2.327,10000,55952,11.1904,101,0.5752073205604804,20,444,0,270,1.648944455116466,101,lspar,0.15,0.15944,0.0,floor,8921,0.36170131214741097,0.5351732010198835,0.2872350682847698,101,0.018558017135459272,0.2230362279806286,0.21269324564520115,0.33038510248213215,0.09629902609539152,101,0.02057133928552052,0.0025534297630474354,0.00022506582794463322,0.061568114964757115,0.011980729002971202,0.07354884396772832,-0.14900806650220982,-0.20478809853775137,-0.19093604218937826,0.0020133221500612496,3.0324912799240216,18.61624847079973
B,dcsbm_ps,metis,0,10,3,1,1,11.183,0.57853,ok,2.327,10000,55952,11.1904,101,0.5752073205604804,20,444,0,270,1.648944455116466,101,lspar,0.05,0.15944,0.0,floor,8921,0.36170131214741097,0.5351732010198835,0.2872350682847698,101,0.018558017135459272,0.2230362279806286,0.21269324564520115,0.33038510248213215,0.09629902609539152,101,0.02057133928552052,-0.00014732855563281762,-2.8620840992997908e-05,0.06158645293908194,0.011831326002720743,0.07341777894180268,-0.14900806650220982,-0.20478809853775137,-0.19093604218937826,0.0020133221500612496,3.0379048671225335,18.85132976044604
B,dcsbm_ps,metis,0,10,3,1,1,11.183,0.57853,ok,2.327,10000,55952,11.1904,101,0.5752073205604804,20,444,0,270,1.648944455116466,101,dspar,0.5,0.49852,0.5,ok,27893,0.36170131214741097,0.5351732010198835,0.2872350682847698,101,0.018558017135459272,0.2230362279806286,0.241278013774716,0.26251961391751816,0.07539260783195789,101,0.014105318146004363,0.0016128609346183819,0.00012374624025341795,0.009550705028232187,0.164225798973348,0.17377650400158018,-0.12042329837269497,-0.27265358710236537,-0.2118424604528119,-0.004452698989454908,1.2834659625710994,1.3581071267421563
B,dcsbm_ps,metis,0,10,3,1,1,11.183,0.57853,ok,2.327,10000,55952,11.1904,101,0.5752073205604804,20,444,0,270,1.648944455116466,101,dspar,0.2,0.19801,0.2,ok,11079,0.36170131214741097,0.5351732010198835,0.2872350682847698,101,0.018558017135459272,0.2230362279806286,0.16090304944936665,0.13294176576468744,0.020077462463915802,101,0.014528592498931202,0.001682004383990587,0.00013345177678680993,0.010474513983353972,0.07433037494774908,0.08480488893110305,-0.20079826269804432,-0.4022314352551961,-0.267157605820854,-0.00402942463652807,2.6299925722658166,3.0006067928140157
B,dcsbm_ps,metis,0,10,3,1,1,11.183,0.57853,ok,2.327,10000,55952,11.1904,101,0.5752073205604804,20,444,0,270,1.648944455116466,101,dspar,0.15,0.14949,0.15,ok,8364,0.36170131214741097,0.5351732010198835,0.2872350682847698,101,0.018558017135459272,0.2230362279806286,0.13633289509982993,0.12162676814634053,0.016737092972398417,101,0.01438888459888396,-0.0003235847769297119,-4.408817534896336e-05,0.009220829990226775,0.050231782952323556,0.05945261294255033,-0.22536841704758104,-0.413546432873543,-0.2704979753123714,-0.004169132536575313,3.751495803828686,4.440141577142877
B,dcsbm_ps,metis,0,10,3,1,1,11.183,0.57853,ok,2.327,10000,55952,11.1904,101,0.5752073205604804,20,444,0,270,1.648944455116466,101,dspar,0.05,0.05162,0.05,ok,2888,0.36170131214741097,0.5351732010198835,0.2872350682847698,101,0.018558017135459272,0.2230362279806286,0.05638135675103562,0.10877562971664295,0.012828426556288493,101,0.007586830695356262,-0.0005014831262894774,-6.325695658571969e-05,0.00957645900780335,0.007479366031475365,0.017055825039278716,-0.30531995539637535,-0.4263975713032406,-0.2744066417284813,-0.01097118644010301,13.076836064335046,29.82020495347156
B,dcsbm_ps,metis,0,10,3,1,1,11.183,0.57853,ok,2.327,10000,55952,11.1904,101,0.5752073205604804,20,444,0,270,1.648944455116466,101,random,0.5,0.5,0.5,ok,27976,0.36170131214741097,0.5351732010198835,0.2872350682847698,101,0.018558017135459272,0.2230362279806286,0.269628340157203,0.33059305902264025,0.13676386456232817,101,0.015794302770302967,-4.973602412105351e-05,1.4548574447731772e-05,0.001103212998714298,0.1615610849694349,0.16266429796814919,-0.09207297199020797,-0.20458014199724328,-0.15047120372244163,-0.002763714365156305,1.3711443184926828,1.380507119166871
B,dcsbm_ps,metis,0,10,3,1,1,11.183,0.57853,ok,2.327,10000,55952,11.1904,101,0.5752073205604804,20,444,0,270,1.648944455116466,101,random,0.2,0.19999,0.2,ok,11190,0.36170131214741097,0.5351732010198835,0.2872350682847698,101,0.018558017135459272,0.2230362279806286,0.13873910946989854,0.1346567873704353,0.02563112980253864,101,0.013961375290421787,-0.0023723990325312284,-0.0002581688102683935,0.0010065200040116906,0.08567956497427076,0.08668608497828245,-0.22296220267751243,-0.40051641364944823,-0.2616039384822312,-0.004596641845037485,2.5729184567108563,2.6031437956951056
B,dcsbm_ps,metis,0,10,3,1,1,11.183,0.57853,ok,2.327,10000,55952,11.1904,101,0.5752073205604804,20,444,0,270,1.648944455116466,101,random,0.15,0.15,0.15,ok,8393,0.36170131214741097,0.5351732010198835,0.2872350682847698,101,0.018558017135459272,0.2230362279806286,0.11444604312632772,0.11802932762498176,0.018195112409064854,101,0.013218169313486645,0.0022005600440724413,0.00016353342300557547,0.0009835060336627066,0.07038462901255116,0.07136813504621387,-0.24725526902108325,-0.4171438733949018,-0.26903995587570495,-0.005339847821972627,3.1251514115676877,3.168820111857892
B,dcsbm_ps,metis,0,10,3,1,1,11.183,0.57853,ok,2.327,10000,55952,11.1904,101,0.5752073205604804,20,444,0,270,1.648944455116466,101,random,0.05,0.05001,0.05,ok,2798,0.36170131214741097,0.5351732010198835,0.2872350682847698,101,0.018558017135459272,0.2230362279806286,0.05152653058395821,0.11361826756201446,0.013962673416084754,101,0.012672016414130785,0.0005906283098180559,0.00010170340369679115,0.0007137070060707629,0.02557767299003899,0.026291379996109754,-0.31017478156345274,-0.4215549334578691,-0.27327239486868504,-0.005886000721328487,8.483245383605977,8.719957756418584
B,dcsbm_ps,metis,0,25,1,1,1,24.635,0.5976,ok,1.765,10000,123082,24.6164,128,0.5986253067060984,20,489,0,548,1.4720948014591484,128,lspar,0.5,0.49547,0.703125,ok,60984,0.29498878097069847,0.7117857126613192,0.4080244929828317,128,0.025848791074245616,0.36166526400484145,0.29566151503012644,0.7329695158516347,0.42491685323323686,128,0.027758962516635954,0.00013951110386357718,-1.8779498292723717e-05,0.21513942198362201,0.1961571439751424,0.4112965659587644,0.0006727340594279707,0.021183803190315542,0.016892360250405136,0.0019101714423903383,0.8793296466304587,1.8437527008991972
B,dcsbm_ps,metis,0,25,1,1,1,24.635,0.5976,ok,1.765,10000,123082,24.6164,128,0.5986253067060984,20,489,0,548,1.4720948014591484,128,lspar,0.2,0.20172,0.328125,ok,24828,0.29498878097069847,0.7117857126613192,0.4080244929828317,128,0.025848791074245616,0.36166526400484145,0.27479250930646043,0.754085287907897,0.42578390994378096,128,0.024475293665245368,0.0007971253319319648,0.00014740154303433567,0.20929667697055265,0.11194358504144475,0.3212402620119974,-0.02019627166423804,0.04229957524657779,0.017759416960949237,-0.0013734974090002482,1.1258403966540604,3.2307815036559937
B,dcsbm_ps,metis,0,25,1,1,1,24.635,0.5976,ok,1.765,10000,123082,24.6164,128,0.5986253067060984,20,489,0,548,1.4720948014591484,128,lspar,0.15,0.15171,0.21875,ok,18673,0.29498878097069847,0.7117857126613192,0.4080244929828317,128,0.025848791074245616,0.36166526400484145,0.26852919865255115,0.750029849460212,0.4205533433538186,128,0.022513995647152462,-0.002498050458713243,-0.00023285398343053627,0.206655811984092,0.10002082900609821,0.3066766409901902,-0.026459582318147323,0.038244136798892825,0.012528850370986888,-0.003334795427093154,1.1793048953357037,3.6158994841243612
B,dcsbm_ps,metis,0,25,1,1,1,24.635,0.5976,ok,1.765,10000,123082,24.6164,128,0.5986253067060984,20,489,0,548,1.4720948014591484,128,lspar,0.05,0.0696,0.0,floor,8566,0.29498878097069847,0.7117857126613192,0.4080244929828317,128,0.025848791074245616,0.36166526400484145,0.12808316700535097,0.45890223219933324,0.13943555996620263,128,0.01142628548566856,-0.002418503094617428,-0.00013972689613381015,0.19623345602303743,0.01109867898048833,0.20733213500352576,-0.1669056139653475,-0.25288348046198594,-0.2685889330166291,-0.014422505588577056,1.7443763071204141,32.5863343412901
B,dcsbm_ps,metis,0,25,1,1,1,24.635,0.5976,ok,1.765,10000,123082,24.6164,128,0.5986253067060984,20,489,0,548,1.4720948014591484,128,dspar,0.5,0.50055,0.5,ok,61609,0.29498878097069847,0.7117857126613192,0.4080244929828317,128,0.025848791074245616,0.36166526400484145,0.26765494743132734,0.6858029578888323,0.3754225438890213,128,0.02373183515870612,0.000937508926044457,0.0001495289461906812,0.036379747034516186,0.3173205959610641,0.3537003429955803,-0.027333833539371133,-0.025982754772486905,-0.03260194909381042,-0.002116955915539495,1.0225188388051993,1.139747210260561
B,dcsbm_ps,metis,0,25,1,1,1,24.635,0.5976,ok,1.765,10000,123082,24.6164,128,0.5986253067060984,20,489,0,548,1.4720948014591484,128,dspar,0.2,0.19981,0.2,ok,24593,0.29498878097069847,0.7117857126613192,0.4080244929828317,128,0.025848791074245616,0.36166526400484145,0.11428444505425059,0.23038519045245923,0.05353550874832682,128,0.01685704600456438,0.0008600557002187912,5.628889769474783e-05,0.03491700399899855,0.19378018897259608,0.22869719297159463,-0.18070433591644788,-0.48140052220886,-0.3544889842345049,-0.008991745069681235,1.5814154048220528,1.8663686206642478
B,dcsbm_ps,metis,0,25,1,1,1,24.635,0.5976,ok,1.765,10000,123082,24.6164,128,0.5986253067060984,20,489,0,548,1.4720948014591484,128,dspar,0.15,0.14988,0.15,ok,18448,0.29498878097069847,0.7117857126613192,0.4080244929828317,128,0.025848791074245616,0.36166526400484145,0.09598965693079116,0.18748550237182418,0.0345487468580791,128,0.01795995545651492,-7.870141037066181e-05,-0.00012949538244888187,0.03495389298768714,0.1517494170111604,0.18670330999884754,-0.19899912403990733,-0.524300210289495,-0.37347574612475265,-0.007888835617730697,1.9371122237044105,2.383305788767826
B,dcsbm_ps,metis,0,25,1,1,1,24.635,0.5976,ok,1.765,10000,123082,24.6164,128,0.5986253067060984,20,489,0,548,1.4720948014591484,128,dspar,0.05,0.05022,0.05,ok,6181,0.29498878097069847,0.7117857126613192,0.4080244929828317,128,0.025848791074245616,0.36166526400484145,0.052751892598240646,0.1336971458855411,0.017105062079498978,128,0.015676734353812338,0.0012418669166420443,4.4451142372161754e-05,0.03486959601286799,0.04262226197170094,0.07749185798456892,-0.24223688837245783,-0.578088566775778,-0.39091943090333275,-0.010172056720433278,4.667138889312222,8.485360637240914
B,dcsbm_ps,metis,0,25,1,1,1,24.635,0.5976,ok,1.765,10000,123082,24.6164,128,0.5986253067060984,20,489,0,548,1.4720948014591484,128,random,0.5,0.5,0.5,ok,61541,0.29498878097069847,0.7117857126613192,0.4080244929828317,128,0.025848791074245616,0.36166526400484145,0.2645353564382437,0.5947499637159723,0.31839604053422016,128,0.02351510153071851,-0.0005917143765870396,1.148735716678432e-05,0.0018588179955258965,0.2820165050216019,0.2838753230171278,-0.030453424532454754,-0.11703574894534685,-0.08962845244861156,-0.002333689543527105,1.274028542392958,1.282425877794417
B,dcsbm_ps,metis,0,25,1,1,1,24.635,0.5976,ok,1.765,10000,123082,24.6164,128,0.5986253067060984,20,489,0,548,1.4720948014591484,128,random,0.2,0.2,0.2,ok,24616,0.29498878097069847,0.7117857126613192,0.4080244929828317,128,0.025848791074245616,0.36166526400484145,0.12218805848976395,0.24971683244652612,0.07419609566901156,128,0.018863721796082554,-0.0006702377218505383,0.0001552178540939974,0.0019078979967162013,0.18516339804045856,0.18707129603717476,-0.17280072248093453,-0.4620688802147931,-0.3338283973138202,-0.006985069278163062,1.933301750007502,1.9532222233565668
B,dcsbm_ps,metis,0,25,1,1,1,24.635,0.5976,ok,1.765,10000,123082,24.6164,128,0.5986253067060984,20,489,0,548,1.4720948014591484,128,random,0.15,0.15,0.15,ok,18462,0.29498878097069847,0.7117857126613192,0.4080244929828317,128,0.025848791074245616,0.36166526400484145,0.09203090163503433,0.18742855544038395,0.040720491114815356,128,0.01795995545651492,0.002199029528616468,0.0001905468955286571,0.0018562849727459252,0.14593685400905088,0.1477931389817968,-0.20295787933566414,-0.5243571572209352,-0.36730400186801637,-0.007888835617730697,2.447104557738547,2.4782311943110087
B,dcsbm_ps,metis,0,25,1,1,1,24.635,0.5976,ok,1.765,10000,123082,24.6164,128,0.5986253067060984,20,489,0,548,1.4720948014591484,128,random,0.05,0.05,0.05,ok,6154,0.29498878097069847,0.7117857126613192,0.4080244929828317,128,0.025848791074245616,0.36166526400484145,0.045768094636151176,0.13214289199851145,0.018051577517136,128,0.018172506706560874,-0.0013000407061637246,-0.0002012791087639031,0.0017278459854424,0.05994610203197226,0.06167394801741466,-0.2492206863345473,-0.5796428206628077,-0.38997291546569574,-0.007676284367684742,5.864149703902842,6.033173997067353
B,dcsbm_ps,metis,0,25,2,1,1,24.635,0.5976,ok,1.765,10000,123471,24.6942,95,0.6001247256440784,21,468,0,528,1.5887785083275598,95,lspar,0.5,0.5046,0.703125,ok,62303,0.2860622814039447,0.6459943512033012,0.38000576391387975,95,0.025832150510555645,0.3041547190514393,0.28709720538500394,0.6824677724039535,0.4042191229706672,95,0.026124700955226263,0.0010271548270585223,-3.587574239752242e-06,0.23021944396896288,0.17319761897670105,0.40341706294566393,0.0010349239810592548,0.036473421200652334,0.024213359056787453,0.00029255044467061883,0.7539460944724735,1.7561137436442178
B,dcsbm_ps,metis,0,25,2,1,1,24.635,0.5976,ok,1.765,10000,123471,24.6942,95,0.6001247256440784,21,468,0,528,1.5887785083275598,95,lspar,0.2,0.20184,0.328125,ok,24921,0.2860622814039447,0.6459943512033012,0.38000576391387975,95,0.025832150510555645,0.3041547190514393,0.2654377475029727,0.7114677587166665,0.4123174514674108,95,0.02474267568392716,0.00039143764798099667,-7.256987919655775e-05,0.22382241406012326,0.09661673300433904,0.3204391470644623,-0.020624533900971964,0.06547340751336528,0.03231168755353103,-0.0010894748266284844,0.9491809032628992,3.1480542716941153
B,dcsbm_ps,metis,0,25,2,1,1,24.635,0.5976,ok,1.765,10000,123471,24.6942,95,0.6001247256440784,21,468,0,528,1.5887785083275598,95,lspar,0.15,0.14569,0.1875,ok,17988,0.2860622814039447,0.6459943512033012,0.38000576391387975,95,0.025832150510555645,0.3041547190514393,0.24949813527938997,0.6824455954563663,0.37992971169349193,95,0.019308029417835472,0.0017854597865098927,0.00014601814011174795,0.2201235020183958,0.07957590004662052,0.29969940206501633,-0.03656414612455472,0.03645124425306512,-7.605222038781223e-05,-0.006524121092720173,1.0148659522031895,3.8221964046054966
B,dcsbm_ps,metis,0,25,2,1,1,24.635,0.5976,ok,1.765,10000,123471,24.6942,95,0.6001247256440784,21,468,0,528,1.5887785083275598,95,lspar,0.05,0.07039,0.0,floor,8691,0.2860622814039447,0.6459943512033012,0.38000576391387975,95,0.025832150510555645,0.3041547190514393,0.12634747491055792,0.4252832723467672,0.1354542566581251,95,0.015112908389850046,-0.0005169202816035892,-5.264271524882013e-05,0.21198332804488018,0.009431800979655236,0.22141512902453542,-0.15971480649338676,-0.22071107885653396,-0.24455150725575464,-0.010719242120705599,1.3736853501900286,32.24778806375505
B,dcsbm_ps,metis,0,25,2,1,1,24.635,0.5976,ok,1.765,10000,123471,24.6942,95,0.6001247256440784,21,468,0,528,1.5887785083275598,95,dspar,0.5,0.5005,0.5,ok,61797,0.2860622814039447,0.6459943512033012,0.38000576391387975,95,0.025832150510555645,0.3041547190514393,0.2598665222738486,0.6316686238349812,0.3617868859266026,95,0.02462722071204951,0.0009028041261626939,5.4254799831254294e-05,0.03655846801120788,0.25006225099787116,0.28662071900907904,-0.026195759130096086,-0.01432572736831994,-0.01821887798727717,-0.0012049297985061332,1.0611749216978443,1.2163160086646931
B,dcsbm_ps,metis,0,25,2,1,1,24.635,0.5976,ok,1.765,10000,123471,24.6942,95,0.6001247256440784,21,468,0,528,1.5887785083275598,95,dspar,0.2,0.19994,0.2,ok,24687,0.2860622814039447,0.6459943512033012,0.38000576391387975,95,0.025832150510555645,0.3041547190514393,0.10696411857427748,0.175888577711303,0.03472074565208461,95,0.014986660735467389,0.0007559661055088126,0.00018640733011588174,0.03572490898659453,0.15354487899458036,0.1892697879811749,-0.1790981628296672,-0.47010577349199817,-0.34528501826179514,-0.010845489775088256,1.6069903300239925,1.9808848138932396
B,dcsbm_ps,metis,0,25,2,1,1,24.635,0.5976,ok,1.765,10000,123471,24.6942,95,0.6001247256440784,21,468,0,528,1.5887785083275598,95,dspar,0.15,0.14944,0.15,ok,18452,0.2860622814039447,0.6459943512033012,0.38000576391387975,95,0.025832150510555645,0.3041547190514393,0.0903547041752988,0.1363395321331551,0.02309838402824242,95,0.01498666073546739,-0.0005381225160822466,-8.824061555091862e-05,0.03594752203207463,0.1159343600156717,0.15188188204774633,-0.1957075772286459,-0.5096548190701461,-0.3569073798856373,-0.010845489775088254,2.002574072369104,2.6235079833996107
B,dcsbm_ps,metis,0,25,2,1,1,24.635,0.5976,ok,1.765,10000,123471,24.6942,95,0.6001247256440784,21,468,0,528,1.5887785083275598,95,dspar,0.05,0.04966,0.05,ok,6132,0.2860622814039447,0.6459943512033012,0.38000576391387975,95,0.025832150510555645,0.3041547190514393,0.05101459549537009,0.11268949821548188,0.014681157755240148,95,0.014138599647772757,-0.00020949920961457123,8.376332591400194e-05,0.03702928399434313,0.03353744494961575,0.07056672894395888,-0.2350476859085746,-0.5333048529878193,-0.3653246061586396,-0.011693550862782887,4.310171714108871,9.069108261180288
B,dcsbm_ps,metis,0,25,2,1,1,24.635,0.5976,ok,1.765,10000,123471,24.6942,95,0.6001247256440784,21,468,0,528,1.5887785083275598,95,random,0.5,0.5,0.5,ok,61736,0.2860622814039447,0.6459943512033012,0.38000576391387975,95,0.025832150510555645,0.3041547190514393,0.25904784542330006,0.5577884315905172,0.31590826112471243,95,0.02458861525177862,0.00026933336512523643,5.432166270646608e-06,0.0021780579700134695,0.2410174129763618,0.24319547094637528,-0.027014435980644624,-0.08820591961278401,-0.06409750278916732,-0.0012435352587770246,1.2506594710330998,1.2619615956182793
B,dcsbm_ps,metis,0,25,2,1,1,24.635,0.5976,ok,1.765,10000,123471,24.6942,95,0.6001247256440784,21,468,0,528,1.5887785083275598,95,random,0.2,0.2,0.2,ok,24694,0.2860622814039447,0.6459943512033012,0.38000576391387975,95,0.025832150510555645,0.3041547190514393,0.11989723264068135,0.21976326356131523,0.0699702957678613,95,0.016495453919186345,-0.0004018720576437823,-6.778255727704792e-05,0.0014121970161795616,0.14159901498351246,0.14301121199969202,-0.16616504876326332,-0.4262310876419859,-0.31003546814601846,-0.0093366965913693,2.1267893251061625,2.1480002462365615
B,dcsbm_ps,metis,0,25,2,1,1,24.635,0.5976,ok,1.765,10000,123471,24.6942,95,0.6001247256440784,21,468,0,528,1.5887785083275598,95,random,0.15,0.15,0.15,ok,18521,0.2860622814039447,0.6459943512033012,0.38000576391387975,95,0.025832150510555645,0.3041547190514393,0.08712339032432083,0.14733898499977785,0.02945125880039744,95,0.016321764610482535,-0.0006694143358169433,-3.8653416439928315e-05,0.001764164015185088,0.1131773050292395,0.1149414690444246,-0.19893889107962387,-0.49865536620352335,-0.3505545051134823,-0.00951038590007311,2.6461704516225057,2.687417932180489
B,dcsbm_ps,metis,0,25,2,1,1,24.635,0.5976,ok,1.765,10000,123471,24.6942,95,0.6001247256440784,21,468,0,528,1.5887785083275598,95,random,0.05,0.05,0.05,ok,6174,0.2860622814039447,0.6459943512033012,0.38000576391387975,95,0.025832150510555645,0.3041547190514393,0.04463240301378071,0.11463467005475567,0.015593687440772183,95,0.013935566009315874,0.0016524124944548538,0.00011685476446917967,0.0017805559909902513,0.04762753896648064,0.049408094957470894,-0.24142987839016397,-0.5313596811485455,-0.3644120764731076,-0.01189658450123977,6.155969367231163,6.386110339765773
B,dcsbm_ps,metis,0,25,3,1,1,24.635,0.5976,ok,1.765,10000,122540,24.508,101,0.6015749959196997,20,444,0,537,1.5747416393818943,101,lspar,0.5,0.50313,0.703125,ok,61653,0.287630039776901,0.6747322911162977,0.40006794607280444,101,0.021436884101939814,0.30651161598507315,0.2892238925510884,0.7063529730085251,0.4236280836893315,101,0.022673332353229422,0.000496296395321568,-8.196687202706835e-05,0.2181543090264313,0.17474785394733772,0.392902162973769,0.0015938527741873876,0.03162068189222733,0.023560137616527088,0.0012364482512896083,0.7801219867693538,1.7540222043438882
B,dcsbm_ps,metis,0,25,3,1,1,24.635,0.5976,ok,1.765,10000,122540,24.508,101,0.6015749959196997,20,444,0,537,1.5747416393818943,101,lspar,0.2,0.20177,0.328125,ok,24725,0.287630039776901,0.6747322911162977,0.40006794607280444,101,0.021436884101939814,0.30651161598507315,0.26809538450840187,0.7326930095636697,0.43080567054608226,101,0.02105659041725417,-0.001595155563075943,-0.00010217448098597888,0.21316534699872136,0.10127414902672172,0.3144394960254431,-0.019534655268499124,0.05796071844737194,0.030737724473277828,-0.0003802936846856453,0.9747872638756283,3.0265533596752165
B,dcsbm_ps,metis,0,25,3,1,1,24.635,0.5976,ok,1.765,10000,122540,24.508,101,0.6015749959196997,20,444,0,537,1.5747416393818943,101,lspar,0.15,0.15257,0.21875,ok,18696,0.287630039776901,0.6747322911162977,0.40006794607280444,101,0.021436884101939814,0.30651161598507315,0.26035006932181837,0.7116321143538922,0.40856444780482076,101,0.01794937324811092,-0.0008021644108740319,-2.164872933867708e-05,0.212156118999701,0.08838928997283801,0.300545408972539,-0.027279970455082625,0.03689982323759444,0.008496501732016326,-0.0034875108538288957,1.019851266512207,3.467746104525379
B,dcsbm_ps,metis,0,25,3,1,1,24.635,0.5976,ok,1.765,10000,122540,24.508,101,0.6015749959196997,20,444,0,537,1.5747416393818943,101,lspar,0.05,0.07034,0.0,floor,8620,0.287630039776901,0.6747322911162977,0.40006794607280444,101,0.021436884101939814,0.30651161598507315,0.12148976069714615,0.4280817113655122,0.1280889511086257,101,0.01201748725815842,-0.0007543287437586876,-1.7890058275470705e-05,0.20206256705569103,0.012385843030642718,0.21444841008633375,-0.16614027907975484,-0.24665057975078553,-0.27197899496417877,-0.009419396843781394,1.4293023476447138,24.746932059994617
B,dcsbm_ps,metis,0,25,3,1,1,24.635,0.5976,ok,1.765,10000,122540,24.508,101,0.6015749959196997,20,444,0,537,1.5747416393818943,101,dspar,0.5,0.50016,0.5,ok,61289,0.287630039776901,0.6747322911162977,0.40006794607280444,101,0.021436884101939814,0.30651161598507315,0.26550827469186356,0.6625175608271092,0.38664024144545434,101,0.02110450188940739,-0.002189928172249471,-0.00017125975253893107,0.03684163198340684,0.26274358096998185,0.2995852129533887,-0.022121765085037437,-0.012214730289188513,-0.013427704627350101,-0.0003323822125324248,1.0231199763279442,1.166580796583159
B,dcsbm_ps,metis,0,25,3,1,1,24.635,0.5976,ok,1.765,10000,122540,24.508,101,0.6015749959196997,20,444,0,537,1.5747416393818943,101,dspar,0.2,0.20013,0.2,ok,24524,0.287630039776901,0.6747322911162977,0.40006794607280444,101,0.021436884101939814,0.30651161598507315,0.1050557292637433,0.17996543235204449,0.03674851168384681,101,0.012751470503436066,-8.801301749942426e-05,-0.00010974742329342764,0.03486377897206694,0.15853738400619477,0.1934011629782617,-0.1825743105131577,-0.49476685876425325,-0.36331943438895764,-0.008685413598503748,1.5848488771472644,1.933371222859943
B,dcsbm_ps,metis,0,25,3,1,1,24.635,0.5976,ok,1.765,10000,122540,24.508,101,0.6015749959196997,20,444,0,537,1.5747416393818943,101,dspar,0.15,0.14948,0.15,ok,18317,0.287630039776901,0.6747322911162977,0.40006794607280444,101,0.021436884101939814,0.30651161598507315,0.09086654963279434,0.1472659472730082,0.02380871712862489,101,0.013888844444373334,-0.001272264980319477,-7.772892289360598e-05,0.03409425698919222,0.12695348600391299,0.1610477429931052,-0.19676349014410666,-0.5274663438432895,-0.37625922894417957,-0.00754803965756648,1.9032344712722584,2.4143615558191587
B,dcsbm_ps,metis,0,25,3,1,1,24.635,0.5976,ok,1.765,10000,122540,24.508,101,0.6015749959196997,20,444,0,537,1.5747416393818943,101,dspar,0.05,0.0502,0.05,ok,6152,0.287630039776901,0.6747322911162977,0.40006794607280444,101,0.021436884101939814,0.30651161598507315,0.051505566116994424,0.11352607809448372,0.014368097539847047,101,0.013742634390829147,-4.176243188089941e-06,-3.116272887369705e-05,0.034494121035095304,0.038770621991716325,0.07326474302681163,-0.23612447365990658,-0.5612062130218141,-0.3856998485329574,-0.007694249711110667,4.183616884766845,7.905769890680681
B,dcsbm_ps,metis,0,25,3,1,1,24.635,0.5976,ok,1.765,10000,122540,24.508,101,0.6015749959196997,20,444,0,537,1.5747416393818943,101,random,0.5,0.5,0.5,ok,61270,0.287630039776901,0.6747322911162977,0.40006794607280444,101,0.021436884101939814,0.30651161598507315,0.2571295038037828,0.5640486725156516,0.31611694792216805,101,0.020023985617254124,0.0007565328748992258,-5.6514890049167636e-05,0.0022279900149442255,0.24874743295367807,0.2509754229686223,-0.030500535973118192,-0.11068361860064613,-0.08395099815063639,-0.0014128984846856901,1.2212814002245715,1.2322202176942745
B,dcsbm_ps,metis,0,25,3,1,1,24.635,0.5976,ok,1.765,10000,122540,24.508,101,0.6015749959196997,20,444,0,537,1.5747416393818943,101,random,0.2,0.2,0.2,ok,24508,0.287630039776901,0.6747322911162977,0.40006794607280444,101,0.021436884101939814,0.30651161598507315,0.11278862161075687,0.20574453135666237,0.061162487661354736,101,0.012592060990957755,-0.0004762649141363017,3.0654925836077627e-06,0.0018824519938789308,0.1494844820117578,0.15136693400563672,-0.17484141816614412,-0.46898775975963536,-0.3389054584114497,-0.008844823110982059,2.024957550991018,2.050457758959651
B,dcsbm_ps,metis,0,25,3,1,1,24.635,0.5976,ok,1.765,10000,122540,24.508,101,0.6015749959196997,20,444,0,537,1.5747416393818943,101,random,0.15,0.15,0.15,ok,18381,0.287630039776901,0.6747322911162977,0.40006794607280444,101,0.021436884101939814,0.30651161598507315,0.08951004586984773,0.16310843806086134,0.03837480371718803,101,0.01314153720079961,-0.0020218780071179503,-0.00026210539764571963,0.0018502009916119277,0.12466786499135196,0.1265180659829639,-0.19811999390705326,-0.5116238530554365,-0.3616931423556164,-0.008295346901140204,2.4226707356271637,2.4586256932075914
B,dcsbm_ps,metis,0,25,3,1,1,24.635,0.5976,ok,1.765,10000,122540,24.508,101,0.6015749959196997,20,444,0,537,1.5747416393818943,101,random,0.05,0.05,0.05,ok,6127,0.287630039776901,0.6747322911162977,0.40006794607280444,101,0.021436884101939814,0.30651161598507315,0.043291218378604925,0.10720803380040503,0.014301196613240006,101,0.015007331541616584,-0.0017838796287067088,-0.0001260772015645685,0.0013041460188105702,0.058737904008012265,0.060042050026822835,-0.24433882139829607,-0.5675242573158927,-0.3857667494595644,-0.00642955256032323,5.104949212229495,5.218293385873333
B,dcsbm_ps,metis,0,50,1,1,1,49.423,0.61286,ok,1.367,10000,245518,49.1036,128,0.6154538567437011,20,489,3,978,1.3966353597754082,128,lspar,0.5,0.49918,0.785156,ok,122557,0.24863873141944473,0.7671426547086628,0.4558775372731498,128,0.02835207223467096,0.525051164033357,0.2506223033981269,0.789708191835332,0.46618798864470345,128,0.02937209560109731,-0.00118116771953183,-0.0002295743416195332,0.6479369620210491,0.2849475919501856,0.9328845539712347,0.0019835719786821804,0.0225655371266692,0.010310451371553675,0.001020023366426353,0.5628254447972636,1.8426236222594443
B,dcsbm_ps,metis,0,50,1,1,1,49.423,0.61286,ok,1.367,10000,245518,49.1036,128,0.6154538567437011,20,489,3,978,1.3966353597754082,128,lspar,0.2,0.1974,0.484375,ok,48466,0.24863873141944473,0.7671426547086628,0.4558775372731498,128,0.02835207223467096,0.525051164033357,0.23484151446371174,0.8289763002389359,0.4862815169181151,128,0.028397182958878157,0.002034799641696986,0.00022739428579638895,0.620080073014833,0.14144870499148965,0.7615287780063227,-0.013797216955732994,0.06183364553027304,0.03040397964496533,4.5110724207198666e-05,0.6894698916145199,3.711954549636542
B,dcsbm_ps,metis,0,50,1,1,1,49.423,0.61286,ok,1.367,10000,245518,49.1036,128,0.6154538567437011,20,489,3,978,1.3966353597754082,128,lspar,0.15,0.15397,0.40625,ok,37803,0.24863873141944473,0.7671426547086628,0.4558775372731498,128,0.02835207223467096,0.525051164033357,0.23418778127703524,0.8376351428582203,0.493845300902095,128,0.026820887382784337,8.138776759767024e-05,0.00016186805087349806,0.615779161977116,0.12467617698712274,0.7404553389642388,-0.014450950142409491,0.07049248814955744,0.03796776362894522,-0.0015311848518866217,0.7090922793099276,4.2113190885503915
B,dcsbm_ps,metis,0,50,1,1,1,49.423,0.61286,ok,1.367,10000,245518,49.1036,128,0.6154538567437011,20,489,3,978,1.3966353597754082,128,lspar,0.05,0.035,0.0,ok,8592,0.24863873141944473,0.7671426547086628,0.4558775372731498,128,0.02835207223467096,0.525051164033357,0.09119250934841001,0.5081225555963342,0.1569932108276641,128,0.01164817582284883,-0.0005412752319310943,-4.8833912021518e-05,0.7242295439937152,0.013889568974263966,0.7381191129679792,-0.1574462220710347,-0.2590200991123286,-0.2988843264454857,-0.016703896411822128,0.7113366322708062,37.80183280029973
B,dcsbm_ps,metis,0,50,1,1,1,49.423,0.61286,ok,1.367,10000,245518,49.1036,128,0.6154538567437011,20,489,3,978,1.3966353597754082,128,dspar,0.5,0.49969,0.5,ok,122682,0.24863873141944473,0.7671426547086628,0.4558775372731498,128,0.02835207223467096,0.525051164033357,0.2383002371202221,0.8015069364793724,0.47784241474186306,128,0.028442222135409884,0.0016312203417881165,0.0001346922548445793,0.09276229096576571,0.3946337359957397,0.4873960269615054,-0.010338494299222623,0.034364281770709604,0.021964877468713284,9.014990073892559e-05,1.0772577842018922,1.3304771390325973
B,dcsbm_ps,metis,0,50,1,1,1,49.423,0.61286,ok,1.367,10000,245518,49.1036,128,0.6154538567437011,20,489,3,978,1.3966353597754082,128,dspar,0.2,0.19925,0.2,ok,48920,0.24863873141944473,0.7671426547086628,0.4558775372731498,128,0.02835207223467096,0.525051164033357,0.19514522064887496,0.6297794850829521,0.3402025200203116,128,0.02262741699796952,-0.0016406746032958596,-0.0001996810872188567,0.09179854800458997,0.31264217902207747,0.40444072702666745,-0.05349351077056977,-0.1373631696257107,-0.11567501725283819,-0.005724655236701438,1.2982153599944868,1.6793996436299152
B,dcsbm_ps,metis,0,50,1,1,1,49.423,0.61286,ok,1.367,10000,245518,49.1036,128,0.6154538567437011,20,489,3,978,1.3966353597754082,128,dspar,0.15,0.14912,0.15,ok,36612,0.24863873141944473,0.7671426547086628,0.4558775372731498,128,0.02835207223467096,0.525051164033357,0.12955325890173963,0.4327267985217932,0.18411858835375045,128,0.018659046063504964,0.00019954968981550955,-9.303768718503674e-05,0.09112443699268624,0.27865210600430146,0.3697765429969877,-0.1190854725177051,-0.33441585618686964,-0.27175894891939933,-0.009693026171165995,1.4199147403399093,1.884253349318853
B,dcsbm_ps,metis,0,50,1,1,1,49.423,0.61286,ok,1.367,10000,245518,49.1036,128,0.6154538567437011,20,489,3,978,1.3966353597754082,128,dspar,0.05,0.04957,0.05,ok,12171,0.24863873141944473,0.7671426547086628,0.4558775372731498,128,0.02835207223467096,0.525051164033357,0.03981345157545253,0.13855168748776503,0.019268030409190947,128,0.016473008225579202,-0.0004455225466500231,-8.173890287894084e-05,0.09098725800868124,0.10084389697294682,0.19183115498162806,-0.20882527984399218,-0.6285909672208978,-0.43660950686395883,-0.011879064009091757,2.73704844285404,5.206573523970532
B,dcsbm_ps,metis,0,50,1,1,1,49.423,0.61286,ok,1.367,10000,245518,49.1036,128,0.6154538567437011,20,489,3,978,1.3966353597754082,128,random,0.5,0.5,0.5,ok,122759,0.24863873141944473,0.7671426547086628,0.4558775372731498,128,0.02835207223467096,0.525051164033357,0.23651010543442083,0.7283796103122718,0.42756636223128514,128,0.028933026112040197,0.002277533797397689,0.00012390346567024208,0.004724039987195283,0.3837684500031173,0.3884924899903126,-0.0121286259850239,-0.038763044396391,-0.028311175041864645,0.0005809538773692384,1.3515091734371742,1.3681457244051514
B,dcsbm_ps,metis,0,50,1,1,1,49.423,0.61286,ok,1.367,10000,245518,49.1036,128,0.6154538567437011,20,489,3,978,1.3966353597754082,128,random,0.2,0.2,0.2,ok,49104,0.24863873141944473,0.7671426547086628,0.4558775372731498,128,0.02835207223467096,0.525051164033357,0.1720872394128414,0.5127358618789282,0.26498661550723446,128,0.020614557962760204,-0.0016119364980658544,-0.00011482873069475879,0.0032904529944062233,0.2835021479986608,0.286792600993067,-0.07655149200660333,-0.25440679282973466,-0.19089092176591532,-0.007737514271910755,1.830769560355742,1.8520182924181487
B,dcsbm_ps,metis,0,50,1,1,1,49.423,0.61286,ok,1.367,10000,245518,49.1036,128,0.6154538567437011,20,489,3,978,1.3966353597754082,128,random,0.15,0.15,0.15,ok,36828,0.24863873141944473,0.7671426547086628,0.4558775372731498,128,0.02835207223467096,0.525051164033357,0.1239104805526092,0.38106844094316394,0.16826362060490294,128,0.019983993594874874,-0.0019639427123453045,-0.00019500619478527096,0.003732165030669421,0.25063344999216497,0.2543656150228344,-0.12472825086683553,-0.3860742137654989,-0.28761391666824687,-0.008368078639796085,2.064159355761286,2.0948966071758206
B,dcsbm_ps,metis,0,50,1,1,1,49.423,0.61286,ok,1.367,10000,245518,49.1036,128,0.6154538567437011,20,489,3,978,1.3966353597754082,128,random,0.05,0.05,0.05,ok,12276,0.24863873141944473,0.7671426547086628,0.4558775372731498,128,0.02835207223467096,0.525051164033357,0.03500759997658787,0.13138033665653315,0.01855371371888479,128,0.01781684596105607,-0.00022988948402865238,-1.4016471089538627e-05,0.004632253025192767,0.10450005199527368,0.10913230502046645,-0.21363113144285686,-0.6357623180521297,-0.43732382355426497,-0.01053522627361489,4.8111433542514295,5.024410552992873
B,dcsbm_ps,metis,0,50,2,1,1,49.423,0.61286,ok,1.367,10000,246433,49.2866,95,0.6164312409458149,21,468,3,968,1.5157786971183376,95,lspar,0.5,0.50283,0.78125,ok,123913,0.22378371878839542,0.6852954512505937,0.40724885176960973,95,0.027781288667014715,0.42289028299273923,0.23636600662447185,0.7633313136108156,0.46506529263028373,95,0.028019635971939395,-0.0004856559482862903,-0.000114608525092748,0.7017440010095015,0.24134834902361035,0.9430923500331119,0.012582287836076428,0.07803586236022197,0.057816440860674,0.00023834730492467912,0.44840813625292536,1.7521987811541615
B,dcsbm_ps,metis,0,50,2,1,1,49.423,0.61286,ok,1.367,10000,246433,49.2866,95,0.6164312409458149,21,468,3,968,1.5157786971183376,95,lspar,0.2,0.20459,0.5,ok,50418,0.22378371878839542,0.6852954512505937,0.40724885176960973,95,0.027781288667014715,0.42289028299273923,0.22241048185716594,0.809104452889809,0.4925853546275648,95,0.026700187265260897,0.0014137807999168193,0.00020589692875047083,0.6754978739772923,0.12376374303130433,0.7992616170085967,-0.0013732369312294823,0.12380900163921538,0.08533650285795508,-0.0010811014017538187,0.5291012029021165,3.4169157512129784
B,dcsbm_ps,metis,0,50,2,1,1,49.423,0.61286,ok,1.367,10000,246433,49.2866,95,0.6164312409458149,21,468,3,968,1.5157786971183376,95,lspar,0.15,0.1531,0.40625,ok,37728,0.22378371878839542,0.6852954512505937,0.40724885176960973,95,0.027781288667014715,0.42289028299273923,0.22182530663248276,0.8208490166496195,0.5007839568083301,95,0.02641401143332834,0.0007435310801571118,5.296737542876611e-05,0.6893117490108125,0.11172840895596892,0.8010401579667814,-0.0019584121559126644,0.13555356539902585,0.09353510503872037,-0.0013672772336863759,0.527926445118718,3.784984382614776
B,dcsbm_ps,metis,0,50,2,1,1,49.423,0.61286,ok,1.367,10000,246433,49.2866,95,0.6164312409458149,21,468,3,968,1.5157786971183376,95,lspar,0.05,0.03509,0.0,ok,8648,0.22378371878839542,0.6852954512505937,0.40724885176960973,95,0.027781288667014715,0.42289028299273923,0.08425732054563205,0.47442280634559697,0.14317138035398475,95,0.017447062790051513,-0.002188051143807254,-0.000164625567054826,0.7882037319941446,0.009003283979836851,0.7972070159739815,-0.13952639824276336,-0.2108726449049967,-0.264077471415625,-0.010334225876963202,0.5304648284813153,46.97067025096796
B,dcsbm_ps,metis,0,50,2,1,1,49.423,0.61286,ok,1.367,10000,246433,49.2866,95,0.6164312409458149,21,468,3,968,1.5157786971183376,95,dspar,0.5,0.49944,0.5,ok,123078,0.22378371878839542,0.6852954512505937,0.40724885176960973,95,0.027781288667014715,0.42289028299273923,0.2236380069631554,0.7440464902533049,0.448403510667419,95,0.026521689237301613,-0.0003092690595802805,9.381348851220855e-05,0.0882324010017328,0.3122814029920846,0.4005138039938174,-0.00014571182524003579,0.05875103900271128,0.04115465889780928,-0.001259599429713102,1.0558694326532307,1.3541961799225624
B,dcsbm_ps,metis,0,50,2,1,1,49.423,0.61286,ok,1.367,10000,246433,49.2866,95,0.6164312409458149,21,468,3,968,1.5157786971183376,95,dspar,0.2,0.19906,0.2,ok,49054,0.22378371878839542,0.6852954512505937,0.40724885176960973,95,0.027781288667014715,0.42289028299273923,0.17489007666834067,0.5533594280629542,0.2958613651333808,95,0.020454828280872958,0.001459680893182473,8.199677258281415e-05,0.08740944502642378,0.2425762889906764,0.3299857340171002,-0.04889364212005476,-0.13193602318763942,-0.11138748663622894,-0.007326460386141757,1.2815411073826137,1.743329015182491
B,dcsbm_ps,metis,0,50,2,1,1,49.423,0.61286,ok,1.367,10000,246433,49.2866,95,0.6164312409458149,21,468,3,968,1.5157786971183376,95,dspar,0.15,0.14929,0.15,ok,36790,0.22378371878839542,0.6852954512505937,0.40724885176960973,95,0.027781288667014715,0.42289028299273923,0.11126509100225711,0.34984607785045563,0.1359585885375071,95,0.01655294535724685,2.8746158713788096e-05,-0.00013514975968371837,0.08598449197597802,0.21746171702397987,0.3034462089999579,-0.11251862778613832,-0.33544937340013803,-0.2712902632321026,-0.011228343309767866,1.3936251976468024,1.9446654279203839
B,dcsbm_ps,metis,0,50,2,1,1,49.423,0.61286,ok,1.367,10000,246433,49.2866,95,0.6164312409458149,21,468,3,968,1.5157786971183376,95,dspar,0.05,0.04988,0.05,ok,12291,0.22378371878839542,0.6852954512505937,0.40724885176960973,95,0.027781288667014715,0.42289028299273923,0.039932158542077455,0.12004930692262707,0.017839812823937796,95,0.016028100324118267,0.0008996916014122092,0.00013313353338572202,0.08599893597420305,0.07688175200019032,0.16288068797439337,-0.18385156024631796,-0.5652461443279666,-0.3894090389456719,-0.011753188342896449,2.596319356529377,5.5005286949196
B,dcsbm_ps,metis,0,50,2,1,1,49.423,0.61286,ok,1.367,10000,246433,49.2866,95,0.6164312409458149,21,468,3,968,1.5157786971183376,95,random,0.5,0.5,0.5,ok,123216,0.22378371878839542,0.6852954512505937,0.40724885176960973,95,0.027781288667014715,0.42289028299273923,0.21894416125555102,0.6706415262003158,0.3941752465908152,95,0.02659323222175147,-4.9540037515786434e-05,-0.00017424291707964773,0.003973212966229767,0.3036929210065864,0.30766613397281617,-0.004839557532844402,-0.01465392505027785,-0.013073605178794523,-0.0011880564452632462,1.3745103418828142,1.392493053809337
B,dcsbm_ps,metis,0,50,2,1,1,49.423,0.61286,ok,1.367,10000,246433,49.2866,95,0.6164312409458149,21,468,3,968,1.5157786971183376,95,random,0.2,0.2,0.2,ok,49287,0.22378371878839542,0.6852954512505937,0.40724885176960973,95,0.027781288667014715,0.42289028299273923,0.16272740335285205,0.4614247592498513,0.24919772835829065,95,0.01950384577461584,-0.0011626914705557556,-0.00015909121758405772,0.0039016620139591396,0.2302870040293783,0.23418866604333743,-0.06105631543554338,-0.22387069200074233,-0.15805112341131908,-0.008277442892398876,1.8057675041988663,1.8363619118462717
B,dcsbm_ps,metis,0,50,2,1,1,49.423,0.61286,ok,1.367,10000,246433,49.2866,95,0.6164312409458149,21,468,3,968,1.5157786971183376,95,random,0.15,0.15,0.15,ok,36965,0.22378371878839542,0.6852954512505937,0.40724885176960973,95,0.027781288667014715,0.42289028299273923,0.09589322447955927,0.2829874763881136,0.1113461179535169,95,0.016667333320000532,0.00018287164744435286,4.5691547510227524e-05,0.0038861940265633166,0.2215739120147191,0.22546010604128242,-0.12789049430883614,-0.40230797486248004,-0.29590273381609283,-0.011113955347014183,1.8756767679125759,1.9085743404875513
B,dcsbm_ps,metis,0,50,2,1,1,49.423,0.61286,ok,1.367,10000,246433,49.2866,95,0.6164312409458149,21,468,3,968,1.5157786971183376,95,random,0.05,0.05,0.05,ok,12322,0.22378371878839542,0.6852954512505937,0.40724885176960973,95,0.027781288667014715,0.42289028299273923,0.03469820519575194,0.10848406602713523,0.016096699657084306,95,0.014071247279470287,0.0012818785978968908,0.0001075579918683362,0.0040389359928667545,0.07855596800800413,0.08259490400087088,-0.18908551359264347,-0.5768113852234584,-0.3911521521125254,-0.013710041387544428,5.120052963416245,5.383299241499393
B,dcsbm_ps,metis,0,50,3,1,1,49.423,0.61286,ok,1.367,10000,245854,49.1708,101,0.6157109504014577,20,444,2,1022,1.4957593538857274,101,lspar,0.5,0.49968,0.78125,ok,122849,0.2372890844149907,0.714995689909389,0.43272029984571625,101,0.023547399007109043,0.4224105899920687,0.24519013605294493,0.7861880664890298,0.4888420626972477,101,0.024014578905323318,0.00029924516501749713,1.1629917984325606e-05,0.6576813720166683,0.22778044902952388,0.8854618210461922,0.007901051637954237,0.07119237657964084,0.056121762851531476,0.0004671798982142754,0.47705116127195807,1.8544637689133616
B,dcsbm_ps,metis,0,50,3,1,1,49.423,0.61286,ok,1.367,10000,245854,49.1708,101,0.6157109504014577,20,444,2,1022,1.4957593538857274,101,lspar,0.2,0.19662,0.484375,ok,48341,0.2372890844149907,0.714995689909389,0.43272029984571625,101,0.023547399007109043,0.4224105899920687,0.23194561819176984,0.8215009428479184,0.502932835422169,101,0.022268812271874765,0.0001312622526881037,-7.045232462837894e-05,0.6501677950145677,0.1148074539960362,0.7649752490106039,-0.00534346622322085,0.10650525293852942,0.0702125355764528,-0.001278586735234278,0.5521885715105187,3.679295858321644
B,dcsbm_ps,metis,0,50,3,1,1,49.423,0.61286,ok,1.367,10000,245854,49.1708,101,0.6157109504014577,20,444,2,1022,1.4957593538857274,101,lspar,0.15,0.15347,0.40625,ok,37730,0.2372890844149907,0.714995689909389,0.43272029984571625,101,0.023547399007109043,0.4224105899920687,0.23533570744300858,0.8336679800355679,0.5149265665699632,101,0.022404463840940272,-0.0004081870780293397,-6.912296793916006e-05,0.6462177369976416,0.1052042410010472,0.7514219779986888,-0.0019533769719821126,0.11867229012617886,0.08220626672424691,-0.0011429351661687709,0.5621483032970401,4.0151479253375735
B,dcsbm_ps,metis,0,50,3,1,1,49.423,0.61286,ok,1.367,10000,245854,49.1708,101,0.6157109504014577,20,444,2,1022,1.4957593538857274,101,lspar,0.05,0.03504,0.0,ok,8614,0.2372890844149907,0.714995689909389,0.43272029984571625,101,0.023547399007109043,0.4224105899920687,0.08795274194525031,0.4712573228606394,0.13659756447473134,101,0.010297572529484801,0.0010472422682619288,0.0001137026022624285,0.7456367230042815,0.010587577009573579,0.7562243000138551,-0.14933634246974037,-0.24373836704874957,-0.2961227353709849,-0.013249826477624242,0.5585784402647859,39.896813936759415
B,dcsbm_ps,metis,0,50,3,1,1,49.423,0.61286,ok,1.367,10000,245854,49.1708,101,0.6157109504014577,20,444,2,1022,1.4957593538857274,101,dspar,0.5,0.50061,0.5,ok,123077,0.2372890844149907,0.714995689909389,0.43272029984571625,101,0.023547399007109043,0.4224105899920687,0.23212901295023156,0.7634879473531792,0.46444702992660913,101,0.02222341107931003,-0.0005881795833845644,-4.505760081709158e-05,0.08589943096740171,0.3089051279821433,0.394804558949545,-0.005160071464759136,0.048492257443790154,0.031726730080892884,-0.0013239879277990134,1.0699232833480317,1.3674444084220148
B,dcsbm_ps,metis,0,50,3,1,1,49.423,0.61286,ok,1.367,10000,245854,49.1708,101,0.6157109504014577,20,444,2,1022,1.4957593538857274,101,dspar,0.2,0.1998,0.2,ok,49121,0.2372890844149907,0.714995689909389,0.43272029984571625,101,0.023547399007109043,0.4224105899920687,0.17716644391598002,0.5699537203598143,0.3020964559292141,101,0.01666553329479738,-0.0002907152290596213,0.0001086069415036311,0.0856511130114086,0.2407875659991987,0.3264386790106073,-0.06012264049901067,-0.1450419695495747,-0.13062384391650217,-0.006881865712311662,1.293996750851767,1.7542873870550044
B,dcsbm_ps,metis,0,50,3,1,1,49.423,0.61286,ok,1.367,10000,245854,49.1708,101,0.6157109504014577,20,444,2,1022,1.4957593538857274,101,dspar,0.15,0.14999,0.15,ok,36875,0.2372890844149907,0.714995689909389,0.43272029984571625,101,0.023547399007109043,0.4224105899920687,0.11226806311394615,0.3660771894462777,0.1475241015721582,101,0.014033531273346705,-0.0007454470820643414,-0.00012006655839179157,0.08846055099274963,0.19805005501257256,0.2865106060053222,-0.12502102130104453,-0.3489185004631113,-0.285196198273558,-0.009513867733762338,1.4743279345973743,2.1328476276628825
B,dcsbm_ps,metis,0,50,3,1,1,49.423,0.61286,ok,1.367,10000,245854,49.1708,101,0.6157109504014577,20,444,2,1022,1.4957593538857274,101,dspar,0.05,0.04981,0.05,ok,12246,0.2372890844149907,0.714995689909389,0.43272029984571625,101,0.023547399007109043,0.4224105899920687,0.03913112996080671,0.11778591689770608,0.01645108361874686,101,0.014176741515595183,0.001711451678623755,0.0001082152165975291,0.08499326300807297,0.09071608097292483,0.1757093439809978,-0.198157954454184,-0.5972097730116829,-0.4162692162269694,-0.00937065749151386,2.4040303174642244,4.656402541442918
B,dcsbm_ps,metis,0,50,3,1,1,49.423,0.61286,ok,1.367,10000,245854,49.1708,101,0.6157109504014577,20,444,2,1022,1.4957593538857274,101,random,0.5,0.5,0.5,ok,122927,0.2372890844149907,0.714995689909389,0.43272029984571625,101,0.023547399007109043,0.4224105899920687,0.23055274611502097,0.6899377540699068,0.41610849101634734,101,0.02217791694456447,0.001330144271077741,7.47627964587269e-05,0.004859213018789887,0.310034197056666,0.3148934100754559,-0.006736338299969724,-0.025057935839482237,-0.016611808829368913,-0.001369482062544572,1.341439917370291,1.3624645087614746
B,dcsbm_ps,metis,0,50,3,1,1,49.423,0.61286,ok,1.367,10000,245854,49.1708,101,0.6157109504014577,20,444,2,1022,1.4957593538857274,101,random,0.2,0.2,0.2,ok,49171,0.2372890844149907,0.714995689909389,0.43272029984571625,101,0.023547399007109043,0.4224105899920687,0.1666778759713327,0.4826007104458869,0.25577161777281093,101,0.016906211876112284,0.0011836695971162235,0.00011695642508194138,0.0038658390403725207,0.2376812919974327,0.24154713103780523,-0.07061120844365798,-0.23239497946350207,-0.17694868207290532,-0.006641187130996758,1.7487708844944054,1.7772142958421453
B,dcsbm_ps,metis,0,50,3,1,1,49.423,0.61286,ok,1.367,10000,245854,49.1708,101,0.6157109504014577,20,444,2,1022,1.4957593538857274,101,random,0.15,0.15,0.15,ok,36878,0.2372890844149907,0.714995689909389,0.43272029984571625,101,0.023547399007109043,0.4224105899920687,0.1154313290318728,0.34155965337005073,0.14885772792601637,101,0.014666969693839287,-0.0015933420608015955,-0.00010480205112806359,0.0038795429863967,0.2125455400091596,0.2164250829955563,-0.1218577553831179,-0.37343603653933827,-0.2838625719196999,-0.008880429313269756,1.9517635578346608,1.987388631979128
B,dcsbm_ps,metis,0,50,3,1,1,49.423,0.61286,ok,1.367,10000,245854,49.1708,101,0.6157109504014577,20,444,2,1022,1.4957593538857274,101,random,0.05,0.05,0.05,ok,12293,0.2372890844149907,0.714995689909389,0.43272029984571625,101,0.023547399007109043,0.4224105899920687,0.03679483671909021,0.12467961661202519,0.020632157725012076,101,0.01314153720079961,0.0006981556314554527,5.6974891125764554e-06,0.003581433033104986,0.08679415105143562,0.0903755840845406,-0.2004942476959005,-0.5903160732973638,-0.41208814212070416,-0.010405861806309433,4.673945892254821,4.8668093975795825
B,dcsbm_ps,metis,0,100,1,1,1,101.93,0.64153,ok,0.973,10000,506560,101.312,128,0.643596020214782,20,489,10,1778,1.3041893369661013,128,lspar,0.5,0.4968,0.820312,ok,251660,0.1941180532325554,0.7865559850288719,0.46163483484752715,128,0.02954589650019102,0.9439580559846945,0.20413374739814466,0.8289874722456692,0.4984629717310725,128,0.03018873962258113,-0.003239428017074865,-0.00022833360875240972,2.187042543955613,0.44478997599799186,2.631832519953605,0.010015694165589256,0.04243148721679724,0.03682813688354536,0.0006428431223901125,0.358669500748222,2.1222556867804867
B,dcsbm_ps,metis,0,100,1,1,1,101.93,0.64153,ok,0.973,10000,506560,101.312,128,0.643596020214782,20,489,10,1778,1.3041893369661013,128,lspar,0.2,0.20096,0.585938,ok,101798,0.1941180532325554,0.7865559850288719,0.46163483484752715,128,0.02954589650019102,0.9439580559846945,0.1908184787960356,0.8420017763994985,0.49844433294340185,128,0.029632414683923417,0.0021711620219973834,0.0002651030650631249,2.1574950920185074,0.1878771359915845,2.345372228010092,-0.003299574436519792,0.05544579137062655,0.03680949809587469,8.651818373239806e-05,0.40247686261109455,5.024337054121246
B,dcsbm_ps,metis,0,100,1,1,1,101.93,0.64153,ok,0.973,10000,506560,101.312,128,0.643596020214782,20,489,10,1778,1.3041893369661013,128,lspar,0.15,0.15112,0.515625,ok,76550,0.1941180532325554,0.7865559850288719,0.46163483484752715,128,0.02954589650019102,0.9439580559846945,0.19264225058444512,0.8518973800029485,0.5064297768439158,128,0.028977232442039737,-0.00012738339784853229,-6.671720625934435e-05,2.14801784401061,0.1555183120071888,2.303536156017799,-0.001475802648110286,0.06534139497407654,0.044794941996388615,-0.0005686640581512824,0.40978651605649064,6.06975502628308
B,dcsbm_ps,metis,0,100,1,1,1,101.93,0.64153,ok,0.973,10000,506560,101.312,128,0.643596020214782,20,489,10,1778,1.3041893369661013,128,lspar,0.05,0.05469,0.25,ok,27705,0.1941180532325554,0.7865559850288719,0.46163483484752715,128,0.02954589650019102,0.9439580559846945,0.1802760435857139,0.8559108109822975,0.5071389256534745,128,0.029718680993610736,0.00014800831880705843,5.3475389650344886e-05,2.1096013570204377,0.08711829001549631,2.196719647035934,-0.013842009646841513,0.06935482595342557,0.04550409080594736,0.00017278449341971702,0.42971257495620385,10.835360241997247
B,dcsbm_ps,metis,0,100,1,1,1,101.93,0.64153,ok,0.973,10000,506560,101.312,128,0.643596020214782,20,489,10,1778,1.3041893369661013,128,dspar,0.5,0.49928,0.5,ok,252916,0.1941180532325554,0.7865559850288719,0.46163483484752715,128,0.02954589650019102,0.9439580559846945,0.19456039335771905,0.8259090145080812,0.493174790978931,128,0.028888752136428462,0.0015832877128073462,0.00022884460306045557,0.17590513703180477,0.5726536939619109,0.7485588309937157,0.00044234012516364274,0.03935302947920927,0.03153995613140387,-0.0006571443637625567,1.261033891927486,1.6483925030744329
B,dcsbm_ps,metis,0,100,1,1,1,101.93,0.64153,ok,0.973,10000,506560,101.312,128,0.643596020214782,20,489,10,1778,1.3041893369661013,128,dspar,0.2,0.20005,0.2,ok,101335,0.1941180532325554,0.7865559850288719,0.46163483484752715,128,0.02954589650019102,0.9439580559846945,0.1815601726814504,0.7793997058816706,0.4520895565961784,128,0.027434285119171595,-0.002076101893513903,-0.00022667645362840915,0.17386997397989035,0.3890234589925967,0.5628934329724871,-0.012557880551105016,-0.007156279147201294,-0.009545278251348766,-0.0021116113810194237,1.676974717931792,2.4264810621681776
B,dcsbm_ps,metis,0,100,1,1,1,101.93,0.64153,ok,0.973,10000,506560,101.312,128,0.643596020214782,20,489,10,1778,1.3041893369661013,128,dspar,0.15,0.14993,0.15,ok,75949,0.1941180532325554,0.7865559850288719,0.46163483484752715,128,0.02954589650019102,0.9439580559846945,0.17855067244614198,0.7724539132884273,0.45117685338592517,128,0.026820887382784337,0.0008471281130978073,-2.6984550730794605e-05,0.17496697802562267,0.35812265798449516,0.5330896360101178,-0.015567380786413426,-0.014102071740444644,-0.010457981461601984,-0.002725009117406682,1.7707304592332733,2.6358512507900658
B,dcsbm_ps,metis,0,100,1,1,1,101.93,0.64153,ok,0.973,10000,506560,101.312,128,0.643596020214782,20,489,10,1778,1.3041893369661013,128,dspar,0.05,0.05033,0.05,ok,25496,0.1941180532325554,0.7865559850288719,0.46163483484752715,128,0.02954589650019102,0.9439580559846945,0.03443139856550783,0.20885159956485327,0.04477546281255513,128,0.01670449041425688,0.001891151681988381,0.00026446076755301713,0.17431053600739688,0.20097417099168524,0.3752847069990821,-0.15968665466704757,-0.5777043854640187,-0.41685937203497203,-0.012841406085934138,2.5153118109526464,4.696912301351143
B,dcsbm_ps,metis,0,100,1,1,1,101.93,0.64153,ok,0.973,10000,506560,101.312,128,0.643596020214782,20,489,10,1778,1.3041893369661013,128,random,0.5,0.5,0.5,ok,253280,0.1941180532325554,0.7865559850288719,0.46163483484752715,128,0.02954589650019102,0.9439580559846945,0.19448450662821784,0.7858175938366996,0.46855902546042427,128,0.02937209560109731,-0.00014666242987778526,1.1725865290109252e-05,0.008814839995466173,0.5757180969812907,0.5845329369767569,0.00036645339566243607,-0.0007383911921723385,0.006924190612897119,-0.00017380089909370747,1.6148928422526678,1.6396185232568268
B,dcsbm_ps,metis,0,100,1,1,1,101.93,0.64153,ok,0.973,10000,506560,101.312,128,0.643596020214782,20,489,10,1778,1.3041893369661013,128,random,0.2,0.2,0.2,ok,101312,0.1941180532325554,0.7865559850288719,0.46163483484752715,128,0.02954589650019102,0.9439580559846945,0.1722562443685001,0.6997679275059293,0.41067109570474164,128,0.026193128869991842,0.000573115864123,-3.887543819540943e-05,0.0080039530294016,0.39120542095042765,0.39920937397982925,-0.02186180886405531,-0.08678805752294261,-0.050963739142785514,-0.003352767630199177,2.364568864137919,2.41294727892922
B,dcsbm_ps,metis,0,100,1,1,1,101.93,0.64153,ok,0.973,10000,506560,101.312,128,0.643596020214782,20,489,10,1778,1.3041893369661013,128,random,0.15,0.15,0.15,ok,75984,0.1941180532325554,0.7865559850288719,0.46163483484752715,128,0.02954589650019102,0.9439580559846945,0.1503115699739724,0.6202545227324626,0.3507736175896989,128,0.022342784070030305,0.0002877655655792154,-0.00011385794355375228,0.008702867955435067,0.36378205503569916,0.3724849229911342,-0.043806483258582996,-0.1663014622964093,-0.11086121725782827,-0.007203112430160714,2.534218159501619,2.5948450258000237
B,dcsbm_ps,metis,0,100,1,1,1,101.93,0.64153,ok,0.973,10000,506560,101.312,128,0.643596020214782,20,489,10,1778,1.3041893369661013,128,random,0.05,0.05,0.05,ok,25328,0.1941180532325554,0.7865559850288719,0.46163483484752715,128,0.02954589650019102,0.9439580559846945,0.030112714719675075,0.1798275113833838,0.04058318926937925,128,0.016932808390813382,-0.000629438667047733,-4.3424558446434715e-05,0.009086794045288116,0.1859527939814143,0.1950395880267024,-0.16400533851288032,-0.6067284736454881,-0.4210516455781479,-0.012613088109377637,4.839827983309006,5.076331663395398
B,dcsbm_ps,metis,0,100,2,1,1,101.93,0.64153,ok,0.973,10000,506914,101.3828,95,0.6442374840702763,21,468,11,1622,1.4190537259461373,95,lspar,0.5,0.50013,0.816406,ok,253525,0.17611921701746774,0.7319814289517567,0.44714585309264704,95,0.02852367437761132,0.7098520619911142,0.19173996414584224,0.8067369094133678,0.5084627449246351,95,0.028087363706834435,0.000875378812696223,7.148264615014277e-05,2.3316365680657327,0.3312430609948933,2.662879629060626,0.015620747128374496,0.07475548046161118,0.06131689183198802,-0.0004363106707768842,0.2665730941212412,2.1429945124255987
B,dcsbm_ps,metis,0,100,2,1,1,101.93,0.64153,ok,0.973,10000,506914,101.3828,95,0.6442374840702763,21,468,11,1622,1.4190537259461373,95,lspar,0.2,0.20487,0.59375,ok,103850,0.17611921701746774,0.7319814289517567,0.44714585309264704,95,0.02852367437761132,0.7098520619911142,0.1801656629435092,0.8299207377625752,0.5065530807628749,95,0.027506362900245464,0.0020949277233356226,0.0002686468973370918,2.2724965080269612,0.14781963999848813,2.4203161480254494,0.004046445926041448,0.09793930881081858,0.059407227670227825,-0.001017311477365855,0.2932889831645457,4.8021498496300925
B,dcsbm_ps,metis,0,100,2,1,1,101.93,0.64153,ok,0.973,10000,506914,101.3828,95,0.6442374840702763,21,468,11,1622,1.4190537259461373,95,lspar,0.15,0.14938,0.515625,ok,75723,0.17611921701746774,0.7319814289517567,0.44714585309264704,95,0.02852367437761132,0.7098520619911142,0.18406379930176126,0.8429159734909085,0.5192161793805598,95,0.027263528751795874,0.0014090800454848746,8.796894469438248e-05,2.279345451039262,0.12230403500143439,2.4016494860406965,0.007944582284293511,0.11093454453915186,0.07207032628791271,-0.0012601456258154453,0.29556855241243374,5.803995444490355
B,dcsbm_ps,metis,0,100,2,1,1,101.93,0.64153,ok,0.973,10000,506914,101.3828,95,0.6442374840702763,21,468,11,1622,1.4190537259461373,95,lspar,0.05,0.05437,0.25,ok,27562,0.17611921701746774,0.7319814289517567,0.44714585309264704,95,0.02852367437761132,0.7098520619911142,0.17076404031293865,0.8526040674262138,0.5228040147687479,95,0.025721586265236445,0.0006439591018651551,0.0001181682648737495,2.2404656600556336,0.07900698599405587,2.3194726460496895,-0.005355176704529091,0.12062263847445709,0.0756581616761009,-0.0028020881123748745,0.3060402816994062,8.984674621615364
B,dcsbm_ps,metis,0,100,2,1,1,101.93,0.64153,ok,0.973,10000,506914,101.3828,95,0.6442374840702763,21,468,11,1622,1.4190537259461373,95,dspar,0.5,0.49989,0.5,ok,253402,0.17611921701746774,0.7319814289517567,0.44714585309264704,95,0.02852367437761132,0.7098520619911142,0.18647732909803322,0.7740715008758597,0.47991631428198933,95,0.02644995274097858,-0.0005818084552579758,-0.00012528830176129703,0.18538707098923624,0.4427585289813578,0.628145599970594,0.010358112080565474,0.04209007192410308,0.03277046118934229,-0.00207372163663274,1.1300756735768667,1.6032487586952893
B,dcsbm_ps,metis,0,100,2,1,1,101.93,0.64153,ok,0.973,10000,506914,101.3828,95,0.6442374840702763,21,468,11,1622,1.4190537259461373,95,dspar,0.2,0.19965,0.2,ok,101204,0.17611921701746774,0.7319814289517567,0.44714585309264704,95,0.02852367437761132,0.7098520619911142,0.17490557277976984,0.740440718850829,0.443537377004404,95,0.02572158626523645,-0.0027692014115655,-0.0001221136817137023,0.18959210702450946,0.30438247497659177,0.4939745820011012,-0.0012136442376979029,0.008459289899072298,-0.003608476088243051,-0.002802088112374871,1.4370214336039089,2.332105559118358
B,dcsbm_ps,metis,0,100,2,1,1,101.93,0.64153,ok,0.973,10000,506914,101.3828,95,0.6442374840702763,21,468,11,1622,1.4190537259461373,95,dspar,0.15,0.14965,0.15,ok,75861,0.17611921701746774,0.7319814289517567,0.44714585309264704,95,0.02852367437761132,0.7098520619911142,0.1703816866393518,0.7051596117025014,0.4100159030833381,95,0.02443358344574124,-0.001014982920413648,-6.44343904164969e-05,0.1907350269611925,0.2833842480322346,0.4741192749934271,-0.005737530378115946,-0.026821817249255253,-0.037129950009308965,-0.004090090931870079,1.4972014415590995,2.504910089111126
B,dcsbm_ps,metis,0,100,2,1,1,101.93,0.64153,ok,0.973,10000,506914,101.3828,95,0.6442374840702763,21,468,11,1622,1.4190537259461373,95,dspar,0.05,0.05023,0.05,ok,25464,0.17611921701746774,0.7319814289517567,0.44714585309264704,95,0.02852367437761132,0.7098520619911142,0.030018198629361236,0.1628454104257397,0.031154859644504238,95,0.015968719422671314,-9.375661744626714e-05,-1.2084629060620744e-05,0.18812286702450365,0.15895252802874893,0.3470753950532526,-0.14610101838810652,-0.569136018526017,-0.4159909934481428,-0.012554954954940006,2.0452387928052347,4.465811716204519
B,dcsbm_ps,metis,0,100,2,1,1,101.93,0.64153,ok,0.973,10000,506914,101.3828,95,0.6442374840702763,21,468,11,1622,1.4190537259461373,95,random,0.5,0.5,0.5,ok,253457,0.17611921701746774,0.7319814289517567,0.44714585309264704,95,0.02852367437761132,0.7098520619911142,0.17661855708009275,0.7136566960247527,0.43172670753293907,95,0.02743720102342803,-0.0018011787253772464,-0.00029766084626331143,0.009076926042325795,0.46876558696385473,0.4778425130061805,0.0004993400626250033,-0.018324732927003984,-0.01541914555970797,-0.0010864733541832879,1.4855355952431397,1.51430071176673
B,dcsbm_ps,metis,0,100,2,1,1,101.93,0.64153,ok,0.973,10000,506914,101.3828,95,0.6442374840702763,21,468,11,1622,1.4190537259461373,95,random,0.2,0.2,0.2,ok,101383,0.17611921701746774,0.7319814289517567,0.44714585309264704,95,0.02852367437761132,0.7098520619911142,0.16459912460537468,0.6374753097230244,0.3817315929276769,95,0.025610544703305323,2.8692063145985893e-05,0.00015257490904339822,0.00914593500783667,0.320952580019366,0.33009851502720267,-0.011520092412093064,-0.09450611922873231,-0.06541426016497015,-0.002913129674305997,2.150424887347999,2.2117038658741497
B,dcsbm_ps,metis,0,100,2,1,1,101.93,0.64153,ok,0.973,10000,506914,101.3828,95,0.6442374840702763,21,468,11,1622,1.4190537259461373,95,random,0.15,0.15,0.15,ok,76037,0.17611921701746774,0.7319814289517567,0.44714585309264704,95,0.02852367437761132,0.7098520619911142,0.14871627908685073,0.5780534629667138,0.3407407893891923,95,0.023319519720611748,-0.00019491173857623392,-2.2756707270330566e-05,0.008769178006332368,0.3042703060200438,0.31303948402637616,-0.027402937930617016,-0.15392796598504288,-0.10640506370345476,-0.005204154656999572,2.267611909082061,2.3329652875964593
B,dcsbm_ps,metis,0,100,2,1,1,101.93,0.64153,ok,0.973,10000,506914,101.3828,95,0.6442374840702763,21,468,11,1622,1.4190537259461373,95,random,0.05,0.05,0.05,ok,25346,0.17611921701746774,0.7319814289517567,0.44714585309264704,95,0.02852367437761132,0.7098520619911142,0.027015651780750476,0.1390304306431447,0.027791033531436703,95,0.015175638372075159,0.0024224685531635515,0.00013747105108613146,0.008832459978293628,0.14522907295031473,0.15406153292860836,-0.14910356523671728,-0.592950998308612,-0.41935481956121035,-0.01334803600553616,4.607587945526009,4.887809634603715
B,dcsbm_ps,metis,0,100,3,1,1,101.93,0.64153,ok,0.973,10000,507948,101.5896,101,0.6435580020002047,20,444,9,1892,1.3893236983030417,101,lspar,0.5,0.50321,0.820312,ok,255603,0.18847740007462432,0.7728556886272007,0.47821772905514504,101,0.024307200579252224,0.7024837819626555,0.20090700087155705,0.8260234488550217,0.5171651746710665,101,0.024431536996267753,-0.00011853348002702121,8.60550571966357e-05,2.2342722140601836,0.3502037279540673,2.584475942014251,0.012429600796932727,0.05316776022782099,0.03894744561592145,0.00012433641701552894,0.27180898477049237,2.005928909057168
B,dcsbm_ps,metis,0,100,3,1,1,101.93,0.64153,ok,0.973,10000,507948,101.5896,101,0.6435580020002047,20,444,9,1892,1.3893236983030417,101,lspar,0.2,0.20057,0.585938,ok,101878,0.18847740007462432,0.7728556886272007,0.47821772905514504,101,0.024307200579252224,0.7024837819626555,0.1875132845139636,0.8492939914748127,0.5271686921695239,101,0.025284778029478525,-0.0007996556531086597,3.616863464665191e-05,2.2121432050480507,0.14431992004392669,2.3564631250919774,-0.0009641155606607277,0.076438302847612,0.048950963114378854,0.000977577450226301,0.2981093888049855,4.867545531821528
B,dcsbm_ps,metis,0,100,3,1,1,101.93,0.64153,ok,0.973,10000,507948,101.5896,101,0.6435580020002047,20,444,9,1892,1.3893236983030417,101,lspar,0.15,0.15101,0.515625,ok,76707,0.18847740007462432,0.7728556886272007,0.47821772905514504,101,0.024307200579252224,0.7024837819626555,0.18849761617994154,0.8490826985977661,0.5252311402738138,101,0.023590252224170893,-1.367247675195678e-05,-5.434038642669463e-05,2.195839121006429,0.11540933098876849,2.3112484519951977,2.0216105317216737e-05,0.07622700997056542,0.047013411218668755,-0.0007169483550813309,0.30394126661555254,6.086888953814492
B,dcsbm_ps,metis,0,100,3,1,1,101.93,0.64153,ok,0.973,10000,507948,101.5896,101,0.6435580020002047,20,444,9,1892,1.3893236983030417,101,lspar,0.05,0.05435,0.25,ok,27608,0.18847740007462432,0.7728556886272007,0.47821772905514504,101,0.024307200579252224,0.7024837819626555,0.18773505824121678,0.867257144569854,0.5437425753868865,101,0.028795833031881535,0.0002483863073534298,-2.975683801514252e-05,2.1574561710003763,0.07288799696834758,2.230344167968724,-0.0007423418334075449,0.09440145594265337,0.0655248463317415,0.004488632452629312,0.3149665383717166,9.637852749166873
B,dcsbm_ps,metis,0,100,3,1,1,101.93,0.64153,ok,0.973,10000,507948,101.5896,101,0.6435580020002047,20,444,9,1892,1.3893236983030417,101,dspar,0.5,0.49904,0.5,ok,253485,0.18847740007462432,0.7728556886272007,0.47821772905514504,101,0.024307200579252224,0.7024837819626555,0.19124858320033578,0.7793096525012814,0.48367206754006614,101,0.0237608922391395,0.0014782928578516465,-2.302833630881992e-06,0.18118376401253045,0.44065015501109883,0.6218339190236293,0.0027711831257114516,0.006453963874080704,0.005454338484921106,-0.000546308340112725,1.129696789563455,1.5941984224309684
B,dcsbm_ps,metis,0,100,3,1,1,101.93,0.64153,ok,0.973,10000,507948,101.5896,101,0.6435580020002047,20,444,9,1892,1.3893236983030417,101,dspar,0.2,0.19913,0.2,ok,101148,0.18847740007462432,0.7728556886272007,0.47821772905514504,101,0.024307200579252224,0.7024837819626555,0.17995213830980136,0.7526722514358218,0.44623967334973763,101,0.021247588098417192,0.0013669357794165457,0.00023596464938773593,0.1797040030360222,0.30317116901278496,0.48287517204880714,-0.008525261764822961,-0.020183437191378828,-0.031978055705407404,-0.0030596124808350313,1.4547937492459255,2.317119349607519
B,dcsbm_ps,metis,0,100,3,1,1,101.93,0.64153,ok,0.973,10000,507948,101.5896,101,0.6435580020002047,20,444,9,1892,1.3893236983030417,101,dspar,0.15,0.14962,0.15,ok,76000,0.18847740007462432,0.7728556886272007,0.47821772905514504,101,0.024307200579252224,0.7024837819626555,0.17363633127883593,0.719917423273925,0.4296337183119164,101,0.02096043892670189,0.00021936508841461565,6.136487244747303e-05,0.17851981200510636,0.28137567499652505,0.4598954870016314,-0.014841068795788392,-0.052938265353275615,-0.048584010743228656,-0.0033467616525503334,1.5274857045078234,2.496604519816189
B,dcsbm_ps,metis,0,100,3,1,1,101.93,0.64153,ok,0.973,10000,507948,101.5896,101,0.6435580020002047,20,444,9,1892,1.3893236983030417,101,dspar,0.05,0.04995,0.05,ok,25370,0.18847740007462432,0.7728556886272007,0.47821772905514504,101,0.024307200579252224,0.7024837819626555,0.030495813026354422,0.1682602274188062,0.03173271342062797,101,0.014033531273346705,1.2721196051525755e-05,4.7661253347814254e-05,0.17817902198294178,0.1600525330286473,0.3382315550115891,-0.1579815870482699,-0.6045954612083945,-0.44648501563451704,-0.010273669305905519,2.07693153271458,4.389082563516318
B,dcsbm_ps,metis,0,100,3,1,1,101.93,0.64153,ok,0.973,10000,507948,101.5896,101,0.6435580020002047,20,444,9,1892,1.3893236983030417,101,random,0.5,0.5,0.5,ok,253974,0.18847740007462432,0.7728556886272007,0.47821772905514504,101,0.024307200579252224,0.7024837819626555,0.19098351371588923,0.7568174609450985,0.4692368866057381,101,0.02354739900710904,0.00027937504294636473,-4.5857867502977796e-05,0.009215352009050548,0.47503813705407083,0.4842534890631214,0.0025061136412649065,-0.01603822768210217,-0.008980842449406945,-0.0007598015721431844,1.4506530109297535,1.4787944949411416
B,dcsbm_ps,metis,0,100,3,1,1,101.93,0.64153,ok,0.973,10000,507948,101.5896,101,0.6435580020002047,20,444,9,1892,1.3893236983030417,101,random,0.2,0.2,0.2,ok,101590,0.18847740007462432,0.7728556886272007,0.47821772905514504,101,0.024307200579252224,0.7024837819626555,0.17346554952787602,0.683035589440447,0.41703824351479263,101,0.02096043892670189,0.0007908794459596796,9.378021544107795e-05,0.009471559023950249,0.32287731795804575,0.332348876981996,-0.015011850546748307,-0.08982009918675371,-0.06117948554035241,-0.0033467616525503334,2.113693863935368,2.1756987651078523
B,dcsbm_ps,metis,0,100,3,1,1,101.93,0.64153,ok,0.973,10000,507948,101.5896,101,0.6435580020002047,20,444,9,1892,1.3893236983030417,101,random,0.15,0.15,0.15,ok,76192,0.18847740007462432,0.7728556886272007,0.47821772905514504,101,0.024307200579252224,0.7024837819626555,0.15357262900433685,0.6005309680073286,0.3534377312152842,101,0.019409276132818554,0.0008253664434770013,4.409014003202726e-06,0.007334914000239223,0.2929128319956362,0.30024774599587545,-0.03490477107028747,-0.17232472061987203,-0.12477999783986082,-0.004897924446433669,2.3396804516637593,2.3982690590117985
B,dcsbm_ps,metis,0,100,3,1,1,101.93,0.64153,ok,0.973,10000,507948,101.5896,101,0.6435580020002047,20,444,9,1892,1.3893236983030417,101,random,0.05,0.05,0.05,ok,25397,0.18847740007462432,0.7728556886272007,0.47821772905514504,101,0.024307200579252224,0.7024837819626555,0.026464846432302708,0.14305211702278192,0.029456836561481074,101,0.015471263684650974,-0.0003517342617590581,-7.129472938497764e-05,0.006032277015037835,0.14953059301478788,0.15556287002982572,-0.16201255364232162,-0.6298035716044188,-0.44876089249366397,-0.00883593689460125,4.515754831650829,4.6979268108244785
B,dcsbm_ps,metis,0,200,1,1,1,220.927,0.67193,ok,0.734,10000,1099432,219.8864,78,0.6748120847855984,41,553,38,3362,1.2419399518845022,78,lspar,0.5,0.49912,0.84375,ok,548744,0.157011717141729,0.7530476518839443,0.5109012639585562,78,0.03073044093403152,1.3627695519826375,0.17605695928605247,0.8218967277005638,0.5631495918815455,78,0.03108375781658325,0.00037196901330407143,4.5644482364085305e-05,8.408011558989529,0.5530785769806243,8.961090135970153,0.01904524214432346,0.06884907581661948,0.05224832792298928,0.00035331688255172897,0.15207631340660543,2.463970959465274
B,dcsbm_ps,metis,0,200,1,1,1,220.927,0.67193,ok,0.734,10000,1099432,219.8864,78,0.6748120847855984,41,553,38,3362,1.2419399518845022,78,lspar,0.2,0.20352,0.65625,ok,223754,0.157011717141729,0.7530476518839443,0.5109012639585562,78,0.03073044093403152,1.3627695519826375,0.16674912718020982,0.8364870062164673,0.5737733527118786,78,0.03037301433838927,0.0008317460348774631,9.379242008324728e-05,8.373382193036377,0.1921824979945086,8.565564691030886,0.009737410038480804,0.08343935433252303,0.0628720887533224,-0.0003574265956422483,0.15909862351627688,7.091017996974819
B,dcsbm_ps,metis,0,200,1,1,1,220.927,0.67193,ok,0.734,10000,1099432,219.8864,78,0.6748120847855984,41,553,38,3362,1.2419399518845022,78,lspar,0.15,0.15048,0.59375,ok,165448,0.157011717141729,0.7530476518839443,0.5109012639585562,78,0.03073044093403152,1.3627695519826375,0.16943178582794227,0.8413153378167821,0.5700477573270558,78,0.02906062628368494,-0.0004241946484368615,-0.00018595817965481727,8.36199459398631,0.14744480705121532,8.509439401037525,0.01242006868621326,0.08826768593283785,0.05914649336849964,-0.0016698146503465808,0.1601479824648002,9.24257408068143
B,dcsbm_ps,metis,0,200,1,1,1,220.927,0.67193,ok,0.734,10000,1099432,219.8864,78,0.6748120847855984,41,553,38,3362,1.2419399518845022,78,lspar,0.05,0.05357,0.375,ok,58895,0.157011717141729,0.7530476518839443,0.5109012639585562,78,0.03073044093403152,1.3627695519826375,0.16480640932073062,0.8647069363893111,0.5915201716454476,78,0.028899134935149878,0.00031389343509244795,1.2756565248480574e-05,8.312988794001285,0.07240826700581238,8.385397061007097,0.007794692179001611,0.11165928450536677,0.0806189076868914,-0.0018313059988816424,0.16251699735479994,18.82063482990478
B,dcsbm_ps,metis,0,200,1,1,1,220.927,0.67193,ok,0.734,10000,1099432,219.8864,78,0.6748120847855984,41,553,38,3362,1.2419399518845022,78,dspar,0.5,0.49942,0.5,ok,549079,0.157011717141729,0.7530476518839443,0.5109012639585562,78,0.03073044093403152,1.3627695519826375,0.17727449490564254,0.7995035673705396,0.5516255654301263,78,0.030115112485262285,0.00187804688200256,0.0002164241461762812,0.39875889098038897,0.7229790190467611,1.12173791002715,0.020262777763913525,0.046455915486595334,0.040724301471570135,-0.0006153284487692354,1.2148734029588548,1.8849365141735819
B,dcsbm_ps,metis,0,200,1,1,1,220.927,0.67193,ok,0.734,10000,1099432,219.8864,78,0.6748120847855984,41,553,38,3362,1.2419399518845022,78,dspar,0.2,0.19957,0.2,ok,219414,0.157011717141729,0.7530476518839443,0.5109012639585562,78,0.03073044093403152,1.3627695519826375,0.1762363971543742,0.7946111388813569,0.5481750903779969,78,0.030115112485262285,0.0005395133806898985,8.779623073316349e-05,0.40582406701287255,0.4111236599856056,0.8169477269984782,0.019224680012645184,0.041563486997412635,0.03727382641944077,-0.0006153284487692354,1.6681233167629292,3.3147436759790256
B,dcsbm_ps,metis,0,200,1,1,1,220.927,0.67193,ok,0.734,10000,1099432,219.8864,78,0.6748120847855984,41,553,38,3362,1.2419399518845022,78,dspar,0.15,0.14973,0.15,ok,164616,0.157011717141729,0.7530476518839443,0.5109012639585562,78,0.03073044093403152,1.3627695519826375,0.17312704006307822,0.7919204892547381,0.5454844745044423,78,0.030347322781425056,0.001079156964967766,0.00020870754189871962,0.40552433900302276,0.36013172299135476,0.7656560619943775,0.016115322921349207,0.038872837370793834,0.03458321054588609,-0.0003831181526064639,1.7798716938685255,3.7840863911212614
B,dcsbm_ps,metis,0,200,1,1,1,220.927,0.67193,ok,0.734,10000,1099432,219.8864,78,0.6748120847855984,41,553,38,3362,1.2419399518845022,78,dspar,0.05,0.05003,0.05,ok,55000,0.157011717141729,0.7530476518839443,0.5109012639585562,78,0.03073044093403152,1.3627695519826375,0.1179218811659305,0.5789137729423777,0.356724832330155,78,0.023676993052328246,0.0007206874683284805,0.0001345155672257119,0.3892473000450991,0.24303852603770792,0.632285826082807,-0.039089835975798515,-0.17413387894156662,-0.15417643162840117,-0.007053447881703274,2.155306185535405,5.607216165272501
B,dcsbm_ps,metis,0,200,1,1,1,220.927,0.67193,ok,0.734,10000,1099432,219.8864,78,0.6748120847855984,41,553,38,3362,1.2419399518845022,78,random,0.5,0.5,0.5,ok,549716,0.157011717141729,0.7530476518839443,0.5109012639585562,78,0.03073044093403152,1.3627695519826375,0.16534839872535975,0.775234899593752,0.5313832151973397,78,0.029854982833691267,5.457637939548778e-06,-4.5579895128180134e-05,0.02366216399241239,0.7684198060305789,0.7920819700229913,0.00833668158363074,0.022187247709807734,0.02048195123878349,-0.0008754581003402526,1.7204905597624969,1.7734701022638746
B,dcsbm_ps,metis,0,200,1,1,1,220.927,0.67193,ok,0.734,10000,1099432,219.8864,78,0.6748120847855984,41,553,38,3362,1.2419399518845022,78,random,0.2,0.2,0.2,ok,219886,0.157011717141729,0.7530476518839443,0.5109012639585562,78,0.03073044093403152,1.3627695519826375,0.16420282580401024,0.7500059698354782,0.5104854990868393,78,0.029750294116193208,-0.001220299255815392,3.4443737714562054e-05,0.021418116986751556,0.4469513730145991,0.46836949000135064,0.0071911086622812315,-0.00304168204846611,-0.000415764871716906,-0.0009801468178383121,2.9096035951844508,3.0490331482618007
B,dcsbm_ps,metis,0,200,1,1,1,220.927,0.67193,ok,0.734,10000,1099432,219.8864,78,0.6748120847855984,41,553,38,3362,1.2419399518845022,78,random,0.15,0.15,0.15,ok,164915,0.157011717141729,0.7530476518839443,0.5109012639585562,78,0.03073044093403152,1.3627695519826375,0.15439659272870032,0.7168946616797339,0.48929061332964363,78,0.030347322781425056,-0.0035454248269943998,-0.00032703107857304795,0.02109972998732701,0.39711898198584095,0.41821871197316796,-0.002615124413028691,-0.03615299020421037,-0.021610650628912542,-0.0003831181526064639,3.258509275094487,3.431640424660502
B,dcsbm_ps,metis,0,200,1,1,1,220.927,0.67193,ok,0.734,10000,1099432,219.8864,78,0.6748120847855984,41,553,38,3362,1.2419399518845022,78,random,0.05,0.05,0.05,ok,54972,0.157011717141729,0.7530476518839443,0.5109012639585562,78,0.03073044093403152,1.3627695519826375,0.06583552083282118,0.33321971381416937,0.18822965855254106,78,0.019079832284378182,0.0008174744317315034,6.769441670622888e-05,0.0199306050199084,0.23983634496107697,0.2597669499809854,-0.09117619630890783,-0.4198279380697749,-0.32267160540601514,-0.011650608649653338,5.246123696961413,5.682081054911845
B,dcsbm_ps,metis,0,200,2,1,1,220.927,0.67193,ok,0.734,10000,1097391,219.4782,64,0.6761199973391435,43,536,33,3038,1.318797081280263,64,lspar,0.5,0.49549,0.835938,ok,543744,0.15737973865020805,0.7785196761697804,0.532398541309038,64,0.028011426240018556,1.3011028559994884,0.16747029724690346,0.8260372619769059,0.5636673786202383,64,0.027758962516635954,0.0010829190735234314,7.957178139715227e-05,9.07177437003702,0.5503474929719232,9.622121863008942,0.010090558596695415,0.047517585807125506,0.03126883731120034,-0.00025246372338260173,0.13521995195274106,2.364147874960641
B,dcsbm_ps,metis,0,200,2,1,1,220.927,0.67193,ok,0.734,10000,1097391,219.4782,64,0.6761199973391435,43,536,33,3038,1.318797081280263,64,lspar,0.2,0.20457,0.65625,ok,224494,0.15737973865020805,0.7785196761697804,0.532398541309038,64,0.028011426240018556,1.3011028559994884,0.14302624635428557,0.8208466612603966,0.5524760918195918,64,0.02604611295375953,0.0006360628587515073,0.00020104715886856426,8.999788418062963,0.1907195289968513,9.190507947059814,-0.014353492295922476,0.042326985090616276,0.02007755051055382,-0.0019653132862590267,0.1415702878985847,6.822074607896966
B,dcsbm_ps,metis,0,200,2,1,1,220.927,0.67193,ok,0.734,10000,1097391,219.4782,64,0.6761199973391435,43,536,33,3038,1.318797081280263,64,lspar,0.15,0.1518,0.59375,ok,166581,0.15737973865020805,0.7785196761697804,0.532398541309038,64,0.028011426240018556,1.3011028559994884,0.15101150607248212,0.8356226878718988,0.5662099381607472,64,0.025972292929196682,0.0002983527038782182,-8.404576132371207e-05,8.971315077040344,0.14974186604376882,9.121056943084113,-0.006368232577725924,0.0571030117021184,0.0338113968517092,-0.0020391333108218737,0.1426482549246694,8.688971831158979
B,dcsbm_ps,metis,0,200,2,1,1,220.927,0.67193,ok,0.734,10000,1097391,219.4782,64,0.6761199973391435,43,536,33,3038,1.318797081280263,64,lspar,0.05,0.0542,0.375,ok,59476,0.15737973865020805,0.7785196761697804,0.532398541309038,64,0.028011426240018556,1.3011028559994884,0.1585691122877119,0.8532269503178631,0.5740435197560857,64,0.027152900397563424,5.2955339377710346e-05,0.00013008407923817192,8.922760782996193,0.07373021601233631,8.996490999008529,0.0011893736375038488,0.07470727414808276,0.04164497844704773,-0.0008585258424551323,0.14462337106132583,17.64680651121098
B,dcsbm_ps,metis,0,200,2,1,1,220.927,0.67193,ok,0.734,10000,1097391,219.4782,64,0.6761199973391435,43,536,33,3038,1.318797081280263,64,dspar,0.5,0.49995,0.5,ok,548639,0.15737973865020805,0.7785196761697804,0.532398541309038,64,0.028011426240018556,1.3011028559994884,0.16852099398672135,0.7931684898145339,0.5488835512207014,64,0.027874002224294953,0.00026496002163497063,4.953339686314105e-05,0.4235074569587596,0.6836301140137948,1.1071375709725544,0.011141255336513306,0.014648813644753567,0.016485009911663462,-0.00013742401572360355,1.1751952874804412,1.903226363684198
B,dcsbm_ps,metis,0,200,2,1,1,220.927,0.67193,ok,0.734,10000,1097391,219.4782,64,0.6761199973391435,43,536,33,3038,1.318797081280263,64,dspar,0.2,0.19973,0.2,ok,219182,0.15737973865020805,0.7785196761697804,0.532398541309038,64,0.028011426240018556,1.3011028559994884,0.16637987378765678,0.7965989350075124,0.5363991604962308,64,0.027480902459708266,0.0009296358375650217,-2.4816025782829106e-05,0.42224692896706983,0.4137051129946485,0.8359520419617184,0.00900013513744874,0.018079258837732093,0.004000619187192855,-0.0005305237803102901,1.556432415603898,3.145000666250694
B,dcsbm_ps,metis,0,200,2,1,1,220.927,0.67193,ok,0.734,10000,1097391,219.4782,64,0.6761199973391435,43,536,33,3038,1.318797081280263,64,dspar,0.15,0.14981,0.15,ok,164397,0.15737973865020805,0.7785196761697804,0.532398541309038,64,0.028011426240018556,1.3011028559994884,0.1631174403534174,0.7779328519762783,0.5295514926899557,64,0.026436338626973286,-0.0023343802936703034,-0.00029989619711229693,0.4263117969967425,0.3433968140161596,0.7697086110129021,0.005737701703209364,-0.000586824193502089,-0.0028470486190822486,-0.0015750876130452701,1.690383656079013,3.7889194159450206
B,dcsbm_ps,metis,0,200,2,1,1,220.927,0.67193,ok,0.734,10000,1097391,219.4782,64,0.6761199973391435,43,536,33,3038,1.318797081280263,64,dspar,0.05,0.05006,0.05,ok,54930,0.15737973865020805,0.7785196761697804,0.532398541309038,64,0.028011426240018556,1.3011028559994884,0.07682955905611946,0.41020512772280576,0.22260884168888204,64,0.016627687752661224,0.0012784398518278972,6.641629345093927e-05,0.4184747770195827,0.24118462699698284,0.6596594040165655,-0.08055017959408858,-0.3683145484469746,-0.3097896996201559,-0.011383738487357332,1.9723858222550479,5.394634277481395
B,dcsbm_ps,metis,0,200,2,1,1,220.927,0.67193,ok,0.734,10000,1097391,219.4782,64,0.6761199973391435,43,536,33,3038,1.318797081280263,64,random,0.5,0.5,0.5,ok,548696,0.15737973865020805,0.7785196761697804,0.532398541309038,64,0.028011426240018556,1.3011028559994884,0.16360962888396194,0.7737331633146967,0.5290166799819623,64,0.02766658634526493,-0.0002810795280441112,-0.00024437178617949527,0.023570081975776702,0.716309041948989,0.7398791239247657,0.006229890233753893,-0.004786512855083691,-0.0033818613270756304,-0.0003448398947536249,1.758534352338059,1.8163987605954925
B,dcsbm_ps,metis,0,200,2,1,1,220.927,0.67193,ok,0.734,10000,1097391,219.4782,64,0.6761199973391435,43,536,33,3038,1.318797081280263,64,random,0.2,0.2,0.2,ok,219478,0.15737973865020805,0.7785196761697804,0.532398541309038,64,0.028011426240018556,1.3011028559994884,0.16536072059032833,0.7685003540652282,0.52715431735225,64,0.025649951267010238,-8.579806536746857e-05,0.00020943026146641593,0.019608675967901945,0.4254254460101947,0.44503412197809666,0.007980981940120285,-0.010019322104552142,-0.005244223956787919,-0.0023614749730083186,2.923602464944306,3.058356918237348
B,dcsbm_ps,metis,0,200,2,1,1,220.927,0.67193,ok,0.734,10000,1097391,219.4782,64,0.6761199973391435,43,536,33,3038,1.318797081280263,64,random,0.15,0.15,0.15,ok,164609,0.15737973865020805,0.7785196761697804,0.532398541309038,64,0.028011426240018556,1.3011028559994884,0.15471519563718406,0.7070514727469948,0.48770870552009193,64,0.02672526894158411,-0.000310497218332018,-1.0047750375897412e-05,0.021724190970417112,0.37977451301412657,0.4014987039845437,-0.00266454301302399,-0.07146820342278559,-0.04468983578894603,-0.0012861572984344469,3.2406153322217857,3.425987820175523
B,dcsbm_ps,metis,0,200,2,1,1,220.927,0.67193,ok,0.734,10000,1097391,219.4782,64,0.6761199973391435,43,536,33,3038,1.318797081280263,64,random,0.05,0.05,0.05,ok,54870,0.15737973865020805,0.7785196761697804,0.532398541309038,64,0.028011426240018556,1.3011028559994884,0.040801686240462945,0.23010172607690693,0.10433935293543176,64,0.012949131244990917,-0.0021982172549928412,-0.0002585386693894178,0.020152997982222587,0.21481017104815692,0.2349631690303795,-0.1165780524097451,-0.5484179500928734,-0.42805918837360624,-0.015062294995027639,5.537475772772126,6.056989059925856
B,dcsbm_ps,metis,0,200,3,1,1,220.927,0.67193,ok,0.734,10000,1098669,219.7338,65,0.6735504505906692,42,475,23,3254,1.2887827901995224,65,lspar,0.5,0.49611,0.839844,ok,545066,0.16270367578425196,0.7598876431630173,0.5281474997127044,65,0.031888869531546585,1.234727617003955,0.18854343666988238,0.8469191436236253,0.6116863614648472,65,0.02873673607075097,-0.0020404245324622625,3.2148199635654055e-05,8.731900470040273,0.5174162340117618,9.249316704052035,0.02583976088563042,0.08703150046060804,0.08353886175214287,-0.003152133460795615,0.13349392787718392,2.3863333537692735
B,dcsbm_ps,metis,0,200,3,1,1,220.927,0.67193,ok,0.734,10000,1098669,219.7338,65,0.6735504505906692,42,475,23,3254,1.2887827901995224,65,lspar,0.2,0.2042,0.65625,ok,224350,0.16270367578425196,0.7598876431630173,0.5281474997127044,65,0.031888869531546585,1.234727617003955,0.1608161851170065,0.8404096370431012,0.5966021588073535,65,0.026623298067669984,-0.0011264151392519212,-7.173787781325181e-05,8.607489855028689,0.18802208796842024,8.79551194299711,-0.0018874906672454728,0.08052199388008396,0.0684546590946491,-0.0052655714638766005,0.14038155197856694,6.566928547306298
B,dcsbm_ps,metis,0,200,3,1,1,220.927,0.67193,ok,0.734,10000,1098669,219.7338,65,0.6735504505906692,42,475,23,3254,1.2887827901995224,65,lspar,0.15,0.15164,0.59375,ok,166607,0.16270367578425196,0.7598876431630173,0.5281474997127044,65,0.031888869531546585,1.234727617003955,0.1702746658214885,0.8550285600941283,0.6114334016017082,65,0.02605570954704554,0.0014872429050023697,5.7201553327763095e-05,8.603780527075287,0.141462333034724,8.745242860110011,0.007570990037236547,0.09514091693111104,0.08328590188900387,-0.005833159984501044,0.14118848804485032,8.728313682631496
B,dcsbm_ps,metis,0,200,3,1,1,220.927,0.67193,ok,0.734,10000,1098669,219.7338,65,0.6735504505906692,42,475,23,3254,1.2887827901995224,65,lspar,0.05,0.05431,0.375,ok,59667,0.16270367578425196,0.7598876431630173,0.5281474997127044,65,0.031888869531546585,1.234727617003955,0.17304034300070364,0.8691217807940759,0.6163278436528294,65,0.025880494585691364,-0.0017606773019420735,-0.0002513670819023855,8.55139193602372,0.06749013403896242,8.618882070062682,0.010336667216451684,0.1092341376310586,0.08818034394012508,-0.006008374945855221,0.1432584419843414,18.294935024001283
B,dcsbm_ps,metis,0,200,3,1,1,220.927,0.67193,ok,0.734,10000,1098669,219.7338,65,0.6735504505906692,42,475,23,3254,1.2887827901995224,65,dspar,0.5,0.49949,0.5,ok,548773,0.16270367578425196,0.7598876431630173,0.5281474997127044,65,0.031888869531546585,1.234727617003955,0.17913149695620945,0.787258575182683,0.5633075314648899,65,0.028165581833152323,0.00019514803074164092,-8.818236944771576e-05,0.4011128230486065,0.6982478610007092,1.0993606840493158,0.016427821171957485,0.027370932019665783,0.03516003175218552,-0.0037232876983942613,1.1231324122453035,1.7683228062229621
B,dcsbm_ps,metis,0,200,3,1,1,220.927,0.67193,ok,0.734,10000,1098669,219.7338,65,0.6735504505906692,42,475,23,3254,1.2887827901995224,65,dspar,0.2,0.19969,0.2,ok,219388,0.16270367578425196,0.7598876431630173,0.5281474997127044,65,0.031888869531546585,1.234727617003955,0.18579797324322922,0.8203099379668832,0.5822693494334961,65,0.027770487932335653,0.002135803446341762,0.00021459658467937323,0.39104212896199897,0.39591682102764025,0.7869589499896392,0.02309429745897726,0.06042229480386596,0.054121849720791704,-0.004118381599210932,1.5689860532372253,3.118654099613905
B,dcsbm_ps,metis,0,200,3,1,1,220.927,0.67193,ok,0.734,10000,1098669,219.7338,65,0.6735504505906692,42,475,23,3254,1.2887827901995224,65,dspar,0.15,0.1497,0.15,ok,164476,0.16270367578425196,0.7598876431630173,0.5281474997127044,65,0.031888869531546585,1.234727617003955,0.17996581913940288,0.8003156532451645,0.5648618486527681,65,0.02839542216625772,-0.0015002886152922447,-0.0002475633046789279,0.4122022629599087,0.35099123005056754,0.7631934930104762,0.017262143355150916,0.04042801008214725,0.03671434894006376,-0.0034934473652888653,1.6178434804697766,3.517830393728262
B,dcsbm_ps,metis,0,200,3,1,1,220.927,0.67193,ok,0.734,10000,1098669,219.7338,65,0.6735504505906692,42,475,23,3254,1.2887827901995224,65,dspar,0.05,0.05002,0.05,ok,54953,0.16270367578425196,0.7598876431630173,0.5281474997127044,65,0.031888869531546585,1.234727617003955,0.09104726410120567,0.46475825097157225,0.26677467530180204,65,0.01905255888325765,-0.0020762354386627446,-0.0002763800630816859,0.39247086801333353,0.23480490501970053,0.6272757730330341,-0.07165641168304629,-0.295129392191445,-0.2613728244109023,-0.012836310648288933,1.968396788279803,5.258525655161928
B,dcsbm_ps,metis,0,200,3,1,1,220.927,0.67193,ok,0.734,10000,1098669,219.7338,65,0.6735504505906692,42,475,23,3254,1.2887827901995224,65,random,0.5,0.5,0.5,ok,549334,0.16270367578425196,0.7598876431630173,0.5281474997127044,65,0.031888869531546585,1.234727617003955,0.17201161614903882,0.762679247587424,0.540298246897468,65,0.027933850432763474,-0.002244268631353995,-0.00024177073269418143,0.021539533976465464,0.7160534700378776,0.737593004014343,0.009307940364786854,0.002791604424406735,0.01215074718476361,-0.003955019098783111,1.673995835486456,1.7243511395016922
B,dcsbm_ps,metis,0,200,3,1,1,220.927,0.67193,ok,0.734,10000,1098669,219.7338,65,0.6735504505906692,42,475,23,3254,1.2887827901995224,65,random,0.2,0.2,0.2,ok,219734,0.16270367578425196,0.7598876431630173,0.5281474997127044,65,0.031888869531546585,1.234727617003955,0.16244449500656716,0.7365465006963603,0.5116296311837181,65,0.027179036038829634,-0.001882326886247398,-9.458075614489532e-05,0.02138575300341472,0.4184145220206119,0.43980027502402663,-0.0002591807776848032,-0.023341142466656972,-0.01651786852898629,-0.004709833492716951,2.8074734990479504,2.950967406774495
B,dcsbm_ps,metis,0,200,3,1,1,220.927,0.67193,ok,0.734,10000,1098669,219.7338,65,0.6735504505906692,42,475,23,3254,1.2887827901995224,65,random,0.15,0.15,0.15,ok,164800,0.16270367578425196,0.7598876431630173,0.5281474997127044,65,0.031888869531546585,1.234727617003955,0.16543120450666648,0.7335890123714571,0.5103967468306024,65,0.02618014514856631,0.0004948716001952209,0.0001472601726226876,0.021426204009912908,0.37543162901420146,0.39685783302411437,0.002727528722414524,-0.02629863079156014,-0.017750752882101928,-0.005708724382980274,3.111259282940571,3.2888215099139897
B,dcsbm_ps,metis,0,200,3,1,1,220.927,0.67193,ok,0.734,10000,1098669,219.7338,65,0.6735504505906692,42,475,23,3254,1.2887827901995224,65,random,0.05,0.05,0.05,ok,54933,0.16270367578425196,0.7598876431630173,0.5281474997127044,65,0.031888869531546585,1.234727617003955,0.052109801459870105,0.27340820909241964,0.1400310083144563,65,0.013549907748763457,0.0010059421899260151,0.00011855557099279664,0.018673865008167922,0.21657753200270236,0.23525139701087028,-0.11059387432438186,-0.4864794340705976,-0.38811649139824805,-0.018338961782783127,5.248545312344741,5.701088222708847
