arm,gen,detector,d_nom,graph_seed,het_deg,het_size,d_target,mu_target,p_in_mean,p_out,cal_passes,cal_status,lfr_deg_cv,n,m,d_avg_real,n_comm_planted,mu_real,comm_size_min,comm_size_max,deg_min,deg_max,deg_cv,sparsifier,target_ret,realized_ret,knob,status,lspar_floor,m_sparse,Q_base_mean,Q_base_std,Q_base_best,AMI_base_mean,AMI_base_std,ARI_base_mean,nc_base,cv_base,T_leiden_orig,T_sparsify,T_detect_sparse,T_pipeline,Q_orig_transfer,Q_orig_transfer_std,AMI,AMI_std,ARI,AMI_chance,ARI_chance,nc_sparse,cv_sparse,budget,n_restarts,Q_matched_best,AMI_at_matched,ARI_at_matched,nc_matched,dQ_vs_matched,dQ_vs_base_best,dQ_vs_base_mean,dAMI_vs_base_mean,dAMI_vs_matched,dARI_vs_base_mean,speedup_pipeline,speedup_detect_only,Q_resmatch,AMI_resmatch,ARI_resmatch,nc_resmatch,gamma_resmatch
A,sbm,leiden,10,1,0,0,11.183,0.57853,0.04760908090909089,0.0006535051505050505,1,ok,2.327,10000,55580,11.116,100,0.579614969413458,100,100,1,24,0.29296924501050137,lspar,0.5,0.49311,0.421875,ok,0.16125,27407,0.3652029020473165,0.009506267405412128,0.37898229631427066,0.41531509815560386,0.06671816978557558,0.0960406290206432,20.0,0.8818535410318938,1.1704243265790866,0.08778917300514877,0.6646136616667112,0.75240283467186,0.379965942315356,0.002132558327239902,0.700434856967837,0.0069444545129979905,0.42153438716382724,0.00038868542592965715,3.901072342742405e-05,47.333333333333336,0.27389774470718886,0.75240283467186,1,0.36598422782496753,0.42794131048416256,0.09860037049047801,21,0.013981714490388486,0.0009836460010853587,0.01476304026803954,0.28511975881223317,0.27249354648367446,0.32549375814318404,1.555582026866679,1.7610596863806691,0.40359266703147195,0.7497552248885899,0.4239809686515481,53,1.5
A,sbm,leiden,10,1,0,0,11.183,0.57853,0.04760908090909089,0.0006535051505050505,1,ok,2.327,10000,55580,11.116,100,0.579614969413458,100,100,1,24,0.29296924501050137,lspar,0.2,0.16125,0.0,ok,0.16125,8962,0.3652029020473165,0.009506267405412128,0.37898229631427066,0.41531509815560386,0.06671816978557558,0.0960406290206432,20.0,0.8818535410318938,1.1704243265790866,0.08111957093933597,0.3377051129937172,0.41882468393305317,0.19266470072347655,0.0,0.4476762423861455,0.0,0.10047148602062196,0.0007645201312646947,7.753451990558434e-05,1042.0,0.8078569427813318,0.41882468393305317,1,0.36598422782496753,0.42794131048416256,0.09860037049047801,21,-0.17331952710149098,-0.1863175955907941,-0.17253820132383993,0.03236114423054165,0.019734931901982944,0.004430856999978763,2.794544761755667,3.46581760697494,0.24686729809017063,0.46966427121426535,0.17289283786286525,764,30.0
A,sbm,leiden,10,1,0,0,11.183,0.57853,0.04760908090909089,0.0006535051505050505,1,ok,2.327,10000,55580,11.116,100,0.579614969413458,100,100,1,24,0.29296924501050137,lspar,0.15,0.16125,0.0,floor,0.16125,8962,0.3652029020473165,0.009506267405412128,0.37898229631427066,0.41531509815560386,0.06671816978557558,0.0960406290206432,20.0,0.8818535410318938,1.1704243265790866,0.043289818975608796,0.3498317833485392,0.393121602324148,0.19266470072347655,0.0,0.4476762423861455,0.0,0.10047148602062196,-0.0004007786727045445,-3.4001269973588334e-05,1042.0,0.8078569427813318,0.393121602324148,1,0.36598422782496753,0.42794131048416256,0.09860037049047801,21,-0.17331952710149098,-0.1863175955907941,-0.17253820132383993,0.03236114423054165,0.019734931901982944,0.004430856999978763,2.977257722952641,3.345677500700349,0.24686729809017063,0.46966427121426535,0.17289283786286525,764,30.0
A,sbm,leiden,10,1,0,0,11.183,0.57853,0.04760908090909089,0.0006535051505050505,1,ok,2.327,10000,55580,11.116,100,0.579614969413458,100,100,1,24,0.29296924501050137,lspar,0.05,0.16125,0.0,floor,0.16125,8962,0.3652029020473165,0.009506267405412128,0.37898229631427066,0.41531509815560386,0.06671816978557558,0.0960406290206432,20.0,0.8818535410318938,1.1704243265790866,0.043654713954310864,0.34092548697177943,0.3845802009260903,0.19266470072347655,0.0,0.4476762423861455,0.0,0.10047148602062196,-0.000584711550858038,-5.278624511113321e-05,1042.0,0.8078569427813318,0.3845802009260903,1,0.36598422782496753,0.42794131048416256,0.09860037049047801,21,-0.17331952710149098,-0.1863175955907941,-0.17253820132383993,0.03236114423054165,0.019734931901982944,0.004430856999978763,3.043381650331037,3.433079576933977,0.24686729809017063,0.46966427121426535,0.17289283786286525,764,30.0
A,sbm,leiden,10,1,0,0,11.183,0.57853,0.04760908090909089,0.0006535051505050505,1,ok,2.327,10000,55580,11.116,100,0.579614969413458,100,100,1,24,0.29296924501050137,dspar,0.5,0.49876,0.5,ok,0.16125,27721,0.3652029020473165,0.009506267405412128,0.37898229631427066,0.41531509815560386,0.06671816978557558,0.0960406290206432,20.0,0.8818535410318938,1.1704243265790866,0.01004253898281604,0.8800281669828109,0.890070705965627,0.23197509731198654,0.0014209194495008316,0.12015541988942498,0.006887744045532021,0.019473882079506375,0.0004814101817501701,1.3618000058639436e-07,32.666666666666664,0.6662671595124657,0.890070705965627,1,0.36598422782496753,0.42794131048416256,0.09860037049047801,21,-0.134009130512981,-0.14700719900228412,-0.13322780473532994,-0.2951596782661789,-0.3077858905947376,-0.07656674694113683,1.314979044624671,1.3299850737640626,0.36598422782496753,0.42794131048416256,0.09860037049047801,21,1.0
A,sbm,leiden,10,1,0,0,11.183,0.57853,0.04760908090909089,0.0006535051505050505,1,ok,2.327,10000,55580,11.116,100,0.579614969413458,100,100,1,24,0.29296924501050137,dspar,0.2,0.1996,0.2,ok,0.16125,11094,0.3652029020473165,0.009506267405412128,0.37898229631427066,0.41531509815560386,0.06671816978557558,0.0960406290206432,20.0,0.8818535410318938,1.1704243265790866,0.010700709011871368,0.4869391000053535,0.4976398090172249,0.16404972114536448,5.818281685256608e-05,0.10678540351620029,0.0026394590579662596,0.015100654378568284,0.000791614365307412,8.796164479877754e-05,1124.3333333333333,3.571319486456691,0.4976398090172249,1,0.36598422782496753,0.42794131048416256,0.09860037049047801,21,-0.20193450667960305,-0.21493257516890618,-0.201153180901952,-0.30852969463940355,-0.32115590696796226,-0.08093997464207492,2.351950759105316,2.4036359507096856,0.20330480648248617,0.34431744305861944,0.07069283183618436,1372,60.0
A,sbm,leiden,10,1,0,0,11.183,0.57853,0.04760908090909089,0.0006535051505050505,1,ok,2.327,10000,55580,11.116,100,0.579614969413458,100,100,1,24,0.29296924501050137,dspar,0.15,0.14982,0.15,ok,0.16125,8327,0.3652029020473165,0.009506267405412128,0.37898229631427066,0.41531509815560386,0.06671816978557558,0.0960406290206432,20.0,0.8818535410318938,1.1704243265790866,0.010318451968487352,0.4784243906615302,0.48874284263001755,0.1410233973482004,0.00023840869670023977,0.11222978895033875,0.0008199691102120138,0.015752142126380927,0.0005624881468011023,5.950921595431637e-05,2262.3333333333335,3.857709971381599,0.48874284263001755,1,0.36598422782496753,0.42794131048416256,0.09860037049047801,21,-0.22496083047676713,-0.23795889896607025,-0.22417950469911607,-0.3030853092052651,-0.3157115215338238,-0.08028848689426227,2.3947651494614473,2.446414416624348,0.17007739752119552,0.25521579319140086,0.03586037104083331,2212,120.0
A,sbm,leiden,10,1,0,0,11.183,0.57853,0.04760908090909089,0.0006535051505050505,1,ok,2.327,10000,55580,11.116,100,0.579614969413458,100,100,1,24,0.29296924501050137,dspar,0.05,0.04964,0.05,ok,0.16125,2759,0.3652029020473165,0.009506267405412128,0.37898229631427066,0.41531509815560386,0.06671816978557558,0.0960406290206432,20.0,0.8818535410318938,1.1704243265790866,0.01064104400575161,0.4880668339901604,0.498707877995912,0.049689900063978144,0.0,0.0659913766360704,0.0,0.005529742974003389,0.00013286772073812142,1.1984825336844706e-05,7241.0,0.6891964161253309,0.498707877995912,1,0.36598422782496753,0.42794131048416256,0.09860037049047801,21,-0.31629432776098937,-0.3292923962502925,-0.3155130019833383,-0.34932372151953345,-0.36194993384809215,-0.09051088604663982,2.346913650697695,2.398082076199185,0.17007739752119552,0.25521579319140086,0.03586037104083331,2212,120.0
A,sbm,leiden,10,1,0,0,11.183,0.57853,0.04760908090909089,0.0006535051505050505,1,ok,2.327,10000,55580,11.116,100,0.579614969413458,100,100,1,24,0.29296924501050137,random,0.5,0.5,0.5,ok,0.16125,27790,0.3652029020473165,0.009506267405412128,0.37898229631427066,0.41531509815560386,0.06671816978557558,0.0960406290206432,20.0,0.8818535410318938,1.1704243265790866,0.0012086579808965325,0.8683842246731123,0.8695928826540088,0.2346811118473111,0.0017675714669141088,0.12473584237825992,0.0019849880778519276,0.02196026000965141,0.0005777600589481357,5.627128812020877e-05,57.0,1.2296738892850396,0.8695928826540088,1,0.36598422782496753,0.42794131048416256,0.09860037049047801,21,-0.13130311597765643,-0.14430118446695955,-0.13052179020000537,-0.29057925577734395,-0.30320546810590265,-0.07408036901099178,1.3459451542507297,1.3478185039803918,0.40359266703147195,0.7497552248885899,0.4239809686515481,53,1.5
A,sbm,leiden,10,1,0,0,11.183,0.57853,0.04760908090909089,0.0006535051505050505,1,ok,2.327,10000,55580,11.116,100,0.579614969413458,100,100,1,24,0.29296924501050137,random,0.2,0.2,0.2,ok,0.16125,11116,0.3652029020473165,0.009506267405412128,0.37898229631427066,0.41531509815560386,0.06671816978557558,0.0960406290206432,20.0,0.8818535410318938,1.1704243265790866,0.001012495020404458,0.5062505806563422,0.5072630756767467,0.16193763376715728,0.00028225629769268516,0.1051908496656258,0.0010856461987470325,0.015459100444815096,0.00015558966731918808,-3.22861432416837e-05,1319.6666666666667,3.8594758102313627,0.5072630756767467,1,0.36598422782496753,0.42794131048416256,0.09860037049047801,21,-0.20404659405781025,-0.21704466254711338,-0.2032652682801592,-0.31012424848997805,-0.32275046081853676,-0.0805815285758281,2.3073319993133885,2.311946635323674,0.20330480648248617,0.34431744305861944,0.07069283183618436,1372,60.0
A,sbm,leiden,10,1,0,0,11.183,0.57853,0.04760908090909089,0.0006535051505050505,1,ok,2.327,10000,55580,11.116,100,0.579614969413458,100,100,1,24,0.29296924501050137,random,0.15,0.15,0.15,ok,0.16125,8337,0.3652029020473165,0.009506267405412128,0.37898229631427066,0.41531509815560386,0.06671816978557558,0.0960406290206432,20.0,0.8818535410318938,1.1704243265790866,0.0010420330218039453,0.49711874199177447,0.4981607750135784,0.138129744287105,0.00021990741268078528,0.10750562138028964,0.0018517478555966165,0.015166236527091669,-0.00022209893427913203,2.1100987368110437e-05,2426.3333333333335,4.099706325197336,0.4981607750135784,1,0.36598422782496753,0.42794131048416256,0.09860037049047801,21,-0.22785448353786253,-0.24085255202716566,-0.22707315776021147,-0.30780947677531423,-0.32043568910387293,-0.08087439249355152,2.3494911387737907,2.3544160131433003,0.17007739752119552,0.25521579319140086,0.03586037104083331,2212,120.0
A,sbm,leiden,10,1,0,0,11.183,0.57853,0.04760908090909089,0.0006535051505050505,1,ok,2.327,10000,55580,11.116,100,0.579614969413458,100,100,1,24,0.29296924501050137,random,0.05,0.05,0.05,ok,0.16125,2779,0.3652029020473165,0.009506267405412128,0.37898229631427066,0.41531509815560386,0.06671816978557558,0.0960406290206432,20.0,0.8818535410318938,1.1704243265790866,0.0009559569880366325,0.5312396540151288,0.5321956110031655,0.05018381156623514,0.0,0.06554462370645335,0.0,0.005771616564361463,-4.657360170819925e-05,-6.94933069258767e-06,7221.0,0.8252568085147797,0.5321956110031655,1,0.36598422782496753,0.42794131048416256,0.09860037049047801,21,-0.3158004162587324,-0.3287984847480355,-0.31501909048108134,-0.3497704744491505,-0.3623966867777092,-0.09026901245628173,2.1992370894846123,2.203194580323544,0.17007739752119552,0.25521579319140086,0.03586037104083331,2212,120.0
A,sbm,leiden,10,2,0,0,11.183,0.57853,0.04760908090909089,0.0006535051505050505,1,ok,2.327,10000,55668,11.1336,100,0.5790579866350507,100,100,2,26,0.295925453001744,lspar,0.5,0.49283,0.425781,ok,0.16068,27435,0.3687425313807664,0.008620588893541534,0.3795956933048949,0.4378037305693632,0.06787517826508455,0.11269373455339884,21.2,0.7966996640108066,1.1313314305967652,0.08102475799387321,0.6486474963409515,0.7296722543348247,0.38427288806601806,0.0011370451769380835,0.711266555971548,0.007867265188325279,0.4299270426922017,9.047793902569138e-06,-3.0775085286939216e-05,45.0,0.21534403014320802,0.7296722543348247,1,0.3724559902591602,0.4757188374808194,0.12803547048767944,24,0.011816897806857851,0.00467719476112316,0.015530356685251656,0.27346282540218475,0.23554771849072859,0.3172333081388029,1.550465190194324,1.744139053921667,0.3989878538973571,0.7396386834292654,0.46825184495653865,57,1.5
A,sbm,leiden,10,2,0,0,11.183,0.57853,0.04760908090909089,0.0006535051505050505,1,ok,2.327,10000,55668,11.1336,100,0.5790579866350507,100,100,2,26,0.295925453001744,lspar,0.2,0.16068,0.0,ok,0.16068,8945,0.3687425313807664,0.008620588893541534,0.3795956933048949,0.4378037305693632,0.06787517826508455,0.11269373455339884,21.2,0.7966996640108066,1.1313314305967652,0.0783135750098154,0.33239051365914446,0.41070408866895985,0.191256966496922,0.0,0.4475910401814413,9.064933036736789e-17,0.10010722094228534,-0.0005695635929217985,-4.451802332982225e-05,1060.0,0.804248717748434,0.41070408866895985,1,0.3724559902591602,0.4757188374808194,0.12803547048767944,24,-0.1811990237622382,-0.1883387268079729,-0.1774855648838444,0.009787309612078077,-0.028127797299378088,-0.0125865136111135,2.7546144823229484,3.403621295151968,0.2045704757636076,0.3509447197621691,0.0731842728049347,1370,60.0
A,sbm,leiden,10,2,0,0,11.183,0.57853,0.04760908090909089,0.0006535051505050505,1,ok,2.327,10000,55668,11.1336,100,0.5790579866350507,100,100,2,26,0.295925453001744,lspar,0.15,0.16068,0.0,floor,0.16068,8945,0.3687425313807664,0.008620588893541534,0.3795956933048949,0.4378037305693632,0.06787517826508455,0.11269373455339884,21.2,0.7966996640108066,1.1313314305967652,0.04045716597465798,0.3312849626527168,0.37174212862737477,0.191256966496922,0.0,0.4475910401814413,9.064933036736789e-17,0.10010722094228534,0.0004239881637132382,4.4960988736089133e-05,1060.0,0.804248717748434,0.37174212862737477,1,0.3724559902591602,0.4757188374808194,0.12803547048767944,24,-0.1811990237622382,-0.1883387268079729,-0.1774855648838444,0.009787309612078077,-0.028127797299378088,-0.0125865136111135,3.0433231626829795,3.4149797248199594,0.2045704757636076,0.3509447197621691,0.0731842728049347,1370,60.0
A,sbm,leiden,10,2,0,0,11.183,0.57853,0.04760908090909089,0.0006535051505050505,1,ok,2.327,10000,55668,11.1336,100,0.5790579866350507,100,100,2,26,0.295925453001744,lspar,0.05,0.16068,0.0,floor,0.16068,8945,0.3687425313807664,0.008620588893541534,0.3795956933048949,0.4378037305693632,0.06787517826508455,0.11269373455339884,21.2,0.7966996640108066,1.1313314305967652,0.04008277499815449,0.3253976403696773,0.36548041536783177,0.191256966496922,0.0,0.4475910401814413,9.064933036736789e-17,0.10010722094228534,0.0007755972668158957,8.852313934712495e-05,1060.0,0.804248717748434,0.36548041536783177,1,0.3724559902591602,0.4757188374808194,0.12803547048767944,24,-0.1811990237622382,-0.1883387268079729,-0.1774855648838444,0.009787309612078077,-0.028127797299378088,-0.0125865136111135,3.095463896357224,3.4767659326339424,0.2045704757636076,0.3509447197621691,0.0731842728049347,1370,60.0
A,sbm,leiden,10,2,0,0,11.183,0.57853,0.04760908090909089,0.0006535051505050505,1,ok,2.327,10000,55668,11.1336,100,0.5790579866350507,100,100,2,26,0.295925453001744,dspar,0.5,0.50435,0.5,ok,0.16068,28076,0.3687425313807664,0.008620588893541534,0.3795956933048949,0.4378037305693632,0.06787517826508455,0.11269373455339884,21.2,0.7966996640108066,1.1313314305967652,0.011286485998425633,0.8641258293452362,0.8754123153436618,0.23313408433910066,0.00036753992419543015,0.1236748795494474,0.0061242295448949114,0.02091845484198986,9.872779203260666e-05,-4.748918088278404e-05,34.333333333333336,0.6259949274499416,0.8754123153436618,1,0.3724559902591602,0.4757188374808194,0.12803547048767944,24,-0.13932190592005955,-0.14646160896579424,-0.13560844704166575,-0.31412885101991583,-0.352043957931372,-0.09177527971140899,1.2923412325455312,1.3092207085789758,0.3724559902591602,0.4757188374808194,0.12803547048767944,24,1.0
A,sbm,leiden,10,2,0,0,11.183,0.57853,0.04760908090909089,0.0006535051505050505,1,ok,2.327,10000,55668,11.1336,100,0.5790579866350507,100,100,2,26,0.295925453001744,dspar,0.2,0.20003,0.2,ok,0.16068,11135,0.3687425313807664,0.008620588893541534,0.3795956933048949,0.4378037305693632,0.06787517826508455,0.11269373455339884,21.2,0.7966996640108066,1.1313314305967652,0.011278938967734575,0.4808775899970594,0.49215652896479395,0.1648899837334963,0.00034320063224450924,0.1058789549449405,0.0005603077739879069,0.015420034165830763,-0.00042322594995743054,-4.047251897776363e-05,1127.0,3.59621033209408,0.49215652896479395,1,0.3724559902591602,0.4757188374808194,0.12803547048767944,24,-0.2075660065256639,-0.2147057095713986,-0.2038525476472701,-0.33192477562442274,-0.3698398825358789,-0.09727370038756808,2.298722792475022,2.3526391209115887,0.2045704757636076,0.3509447197621691,0.0731842728049347,1370,60.0
A,sbm,leiden,10,2,0,0,11.183,0.57853,0.04760908090909089,0.0006535051505050505,1,ok,2.327,10000,55668,11.1336,100,0.5790579866350507,100,100,2,26,0.295925453001744,dspar,0.15,0.14917,0.15,ok,0.16068,8304,0.3687425313807664,0.008620588893541534,0.3795956933048949,0.4378037305693632,0.06787517826508455,0.11269373455339884,21.2,0.7966996640108066,1.1313314305967652,0.009875527990516275,0.46428339132883895,0.4741589193193552,0.13938296131569872,0.0002452083674115931,0.109698434883514,0.0012060054067759868,0.015181838820155608,0.000581047550225307,5.007040984850147e-05,2318.0,3.861805849507412,0.4741589193193552,1,0.3724559902591602,0.4757188374808194,0.12803547048767944,24,-0.2330730289434615,-0.24021273198919618,-0.22935957006506769,-0.32810529568584923,-0.3660204025973054,-0.09751189573324323,2.3859752173823217,2.4367260421673684,0.16969921740221647,0.2611738021846616,0.0370593687598466,2206,120.0
A,sbm,leiden,10,2,0,0,11.183,0.57853,0.04760908090909089,0.0006535051505050505,1,ok,2.327,10000,55668,11.1336,100,0.5790579866350507,100,100,2,26,0.295925453001744,dspar,0.05,0.04954,0.05,ok,0.16068,2758,0.3687425313807664,0.008620588893541534,0.3795956933048949,0.4378037305693632,0.06787517826508455,0.11269373455339884,21.2,0.7966996640108066,1.1313314305967652,0.01108001999091357,0.5243066483526491,0.5353866683435626,0.04968907707691355,0.0,0.06616443954176408,0.0,0.005684048620759862,-0.0004856964649631467,-3.555514197645601e-05,7242.0,0.7328315495391831,0.5353866683435626,1,0.3724559902591602,0.4757188374808194,0.12803547048767944,24,-0.32276691318224665,-0.32990661622798134,-0.31905345430385285,-0.37163929102759913,-0.4095543979390553,-0.10700968593263899,2.113110948572928,2.1577667079968643,0.16969921740221647,0.2611738021846616,0.0370593687598466,2206,120.0
A,sbm,leiden,10,2,0,0,11.183,0.57853,0.04760908090909089,0.0006535051505050505,1,ok,2.327,10000,55668,11.1336,100,0.5790579866350507,100,100,2,26,0.295925453001744,random,0.5,0.5,0.5,ok,0.16068,27834,0.3687425313807664,0.008620588893541534,0.3795956933048949,0.4378037305693632,0.06787517826508455,0.11269373455339884,21.2,0.7966996640108066,1.1313314305967652,0.0009084879420697689,0.8310734670182379,0.8319819549603077,0.23677663378496305,0.0008661465029509191,0.1328460951540439,0.0015910486438165828,0.02295896565344709,0.0012580572430112992,7.092929924893693e-05,73.0,1.6088194589291884,0.8319819549603077,1,0.3724559902591602,0.4757188374808194,0.12803547048767944,24,-0.13567935647419715,-0.14281905951993185,-0.13196589759580335,-0.30495763541531934,-0.3428727423267755,-0.08973476889995176,1.3598028465061347,1.3612893149576848,0.40219434423683115,0.8030696276415256,0.5959438091146418,74,2.0
A,sbm,leiden,10,2,0,0,11.183,0.57853,0.04760908090909089,0.0006535051505050505,1,ok,2.327,10000,55668,11.1336,100,0.5790579866350507,100,100,2,26,0.295925453001744,random,0.2,0.20001,0.2,ok,0.16068,11134,0.3687425313807664,0.008620588893541534,0.3795956933048949,0.4378037305693632,0.06787517826508455,0.11269373455339884,21.2,0.7966996640108066,1.1313314305967652,0.0010012409766204655,0.5040422959912879,0.5050435369679084,0.16289008116982662,0.00032670477104809227,0.1119949673204436,0.0024148036242092833,0.0168584476426252,0.000605399952698909,4.228692164288846e-05,1272.6666666666667,3.8201182321243885,0.5050435369679084,1,0.3724559902591602,0.4757188374808194,0.12803547048767944,24,-0.2095659090893336,-0.21670561213506828,-0.20585245021093979,-0.3258087632489196,-0.3637238701603758,-0.09583528691077364,2.2400671383478223,2.2445168581969948,0.2045704757636076,0.3509447197621691,0.0731842728049347,1370,60.0
A,sbm,leiden,10,2,0,0,11.183,0.57853,0.04760908090909089,0.0006535051505050505,1,ok,2.327,10000,55668,11.1336,100,0.5790579866350507,100,100,2,26,0.295925453001744,random,0.15,0.15,0.15,ok,0.16068,8350,0.3687425313807664,0.008620588893541534,0.3795956933048949,0.4378037305693632,0.06787517826508455,0.11269373455339884,21.2,0.7966996640108066,1.1313314305967652,0.0010055959573946893,0.49605044499427703,0.4970560409516717,0.13989570843684473,9.417035986650824e-05,0.11726919212515581,0.00223106834771393,0.01734827816234347,-6.278107476476234e-05,4.953330260993607e-06,2372.6666666666665,3.995592218561665,0.4970560409516717,1,0.3724559902591602,0.4757188374808194,0.12803547048767944,24,-0.23256028182231547,-0.23969998486805016,-0.22884682294392167,-0.32053453844420743,-0.3584496453556636,-0.09534545639105538,2.2760641404351496,2.2806781891100156,0.16969921740221647,0.2611738021846616,0.0370593687598466,2206,120.0
A,sbm,leiden,10,2,0,0,11.183,0.57853,0.04760908090909089,0.0006535051505050505,1,ok,2.327,10000,55668,11.1336,100,0.5790579866350507,100,100,2,26,0.295925453001744,random,0.05,0.04999,0.05,ok,0.16068,2783,0.3687425313807664,0.008620588893541534,0.3795956933048949,0.4378037305693632,0.06787517826508455,0.11269373455339884,21.2,0.7966996640108066,1.1313314305967652,0.0009620269993320107,0.5111246373465596,0.5120866643458916,0.050111892725073055,0.0,0.07013009934674166,0.0,0.00617860979837238,0.00023821919816243594,1.9138446793073014e-05,7217.0,0.789734550339543,0.5120866643458916,1,0.3724559902591602,0.4757188374808194,0.12803547048767944,24,-0.32234409753408716,-0.32948380057982185,-0.31863063865569335,-0.36767363122262153,-0.4055887381340777,-0.10651512475502646,2.2092577474983837,2.2134159614569406,0.16969921740221647,0.2611738021846616,0.0370593687598466,2206,120.0
A,sbm,leiden,10,3,0,0,11.183,0.57853,0.04760908090909089,0.0006535051505050505,1,ok,2.327,10000,55897,11.1794,100,0.5790113959604272,100,100,2,26,0.2993419283538197,lspar,0.5,0.49244,0.425781,ok,0.16042,27526,0.3690668295009979,0.003417469701597178,0.37212103697399584,0.4366112603196187,0.021501427805366072,0.10266978199085024,19.4,0.8175831258035974,1.194641968398355,0.0833819160470739,0.665623059302258,0.7490049753493319,0.38231258995006295,0.001293186189777718,0.7055643107203307,0.009032598766543457,0.42537314091761164,-0.00030841890605314476,-3.457236959620363e-05,46.0,0.23982640758503534,0.7490049753493319,1,0.36285767589030193,0.39552875663895104,0.08454589423979761,16,0.01945491405976102,0.010191552976067109,0.013245760449065058,0.26895305040071193,0.3100355540813796,0.3227033589267614,1.5949720064825743,1.7947725093097633,0.3934607592773688,0.6786129103970969,0.350127352625181,47,1.5
A,sbm,leiden,10,3,0,0,11.183,0.57853,0.04760908090909089,0.0006535051505050505,1,ok,2.327,10000,55897,11.1794,100,0.5790113959604272,100,100,2,26,0.2993419283538197,lspar,0.2,0.16042,0.0,ok,0.16042,8967,0.3690668295009979,0.003417469701597178,0.37212103697399584,0.4366112603196187,0.021501427805366072,0.10266978199085024,19.4,0.8175831258035974,1.194641968398355,0.07936215406516567,0.3443657250027172,0.4237278790678829,0.19074446813659454,2.7755575615628914e-17,0.441078139652389,5.551115123125783e-17,0.09759379714058465,-0.0004008597264705466,-4.053136551137085e-05,1038.0,0.8762639784905003,0.4237278790678829,1,0.36285767589030193,0.39552875663895104,0.08454589423979761,16,-0.1721132077537074,-0.1813765688374013,-0.17832236136440335,0.0044668793327702905,0.04554938301343797,-0.005075984850265586,2.8193612632388736,3.4691082232092887,0.25035070464226056,0.48672102970137077,0.18557983523046498,739,30.0
A,sbm,leiden,10,3,0,0,11.183,0.57853,0.04760908090909089,0.0006535051505050505,1,ok,2.327,10000,55897,11.1794,100,0.5790113959604272,100,100,2,26,0.2993419283538197,lspar,0.15,0.16042,0.0,floor,0.16042,8967,0.3690668295009979,0.003417469701597178,0.37212103697399584,0.4366112603196187,0.021501427805366072,0.10266978199085024,19.4,0.8175831258035974,1.194641968398355,0.04030948400031775,0.341229705993707,0.38153918999402475,0.19074446813659454,2.7755575615628914e-17,0.441078139652389,5.551115123125783e-17,0.09759379714058465,-0.00020884301399160194,-3.588211177298532e-05,1038.0,0.8762639784905003,0.38153918999402475,1,0.36285767589030193,0.39552875663895104,0.08454589423979761,16,-0.1721132077537074,-0.1813765688374013,-0.17832236136440335,0.0044668793327702905,0.04554938301343797,-0.005075984850265586,3.1311120842319347,3.5009905275374433,0.25035070464226056,0.48672102970137077,0.18557983523046498,739,30.0
A,sbm,leiden,10,3,0,0,11.183,0.57853,0.04760908090909089,0.0006535051505050505,1,ok,2.327,10000,55897,11.1794,100,0.5790113959604272,100,100,2,26,0.2993419283538197,lspar,0.05,0.16042,0.0,floor,0.16042,8967,0.3690668295009979,0.003417469701597178,0.37212103697399584,0.4366112603196187,0.021501427805366072,0.10266978199085024,19.4,0.8175831258035974,1.194641968398355,0.040691788017284125,0.33946134167490527,0.3801531296921894,0.19074446813659454,2.7755575615628914e-17,0.441078139652389,5.551115123125783e-17,0.09759379714058465,0.0007007060302257712,8.616079885963471e-05,1038.0,0.8762639784905003,0.3801531296921894,1,0.36285767589030193,0.39552875663895104,0.08454589423979761,16,-0.1721132077537074,-0.1813765688374013,-0.17832236136440335,0.0044668793327702905,0.04554938301343797,-0.005075984850265586,3.1425283000186224,3.5192283236258386,0.25035070464226056,0.48672102970137077,0.18557983523046498,739,30.0
A,sbm,leiden,10,3,0,0,11.183,0.57853,0.04760908090909089,0.0006535051505050505,1,ok,2.327,10000,55897,11.1794,100,0.5790113959604272,100,100,2,26,0.2993419283538197,dspar,0.5,0.49985,0.5,ok,0.16042,27940,0.3690668295009979,0.003417469701597178,0.37212103697399584,0.4366112603196187,0.021501427805366072,0.10266978199085024,19.4,0.8175831258035974,1.194641968398355,0.012468690983951092,0.8774968749882343,0.8899655659721853,0.2310664312714855,0.0010584570719490653,0.12052667163482955,0.003020725762103465,0.018997548139749024,0.000267596397481867,-1.9482113092592597e-05,32.333333333333336,0.6854939846439457,0.8899655659721853,1,0.36285767589030193,0.39552875663895104,0.08454589423979761,16,-0.13179124461881644,-0.14105460570251036,-0.1380003982295124,-0.31608458868478917,-0.2750020850041215,-0.08367223385110122,1.342346281783774,1.361420196982893,0.3934607592773688,0.6786129103970969,0.350127352625181,47,1.5
A,sbm,leiden,10,3,0,0,11.183,0.57853,0.04760908090909089,0.0006535051505050505,1,ok,2.327,10000,55897,11.1794,100,0.5790113959604272,100,100,2,26,0.2993419283538197,dspar,0.2,0.1993,0.2,ok,0.16042,11140,0.3690668295009979,0.003417469701597178,0.37212103697399584,0.4366112603196187,0.021501427805366072,0.10266978199085024,19.4,0.8175831258035974,1.194641968398355,0.010477880015969276,0.47948651931559044,0.4899643993315597,0.1636873724924748,0.00011993556138867425,0.10703144241512492,0.0004617491300155463,0.01560805756619676,-0.0009928987028863772,-9.256759577532226e-05,1137.3333333333333,3.584081983820461,0.4899643993315597,1,0.36285767589030193,0.39552875663895104,0.08454589423979761,16,-0.19917030339782713,-0.20843366448152104,-0.2053794570085231,-0.3295798179044938,-0.28849731422382613,-0.08706172442465347,2.4382219810830352,2.491502722753422,0.20345861066333487,0.34916867508856547,0.07371161261644775,1380,60.0
A,sbm,leiden,10,3,0,0,11.183,0.57853,0.04760908090909089,0.0006535051505050505,1,ok,2.327,10000,55897,11.1794,100,0.5790113959604272,100,100,2,26,0.2993419283538197,dspar,0.15,0.14893,0.15,ok,0.16042,8325,0.3690668295009979,0.003417469701597178,0.37212103697399584,0.4366112603196187,0.021501427805366072,0.10266978199085024,19.4,0.8175831258035974,1.194641968398355,0.00902011402649805,0.46095294466552633,0.4699730586920244,0.13896433262176233,0.0001696521031263077,0.10698678399026283,0.0016822404711144664,0.014751390774435852,0.0007423052090821883,7.44166655791433e-05,2272.6666666666665,3.9697489785017908,0.4699730586920244,1,0.36285767589030193,0.39552875663895104,0.08454589423979761,16,-0.2238933432685396,-0.2331567043522335,-0.23010249687923556,-0.3296244763293559,-0.2885419726486882,-0.08791839121641438,2.541937130871175,2.5916787867907063,0.17029874285657873,0.26600816007974615,0.0390007842767531,2205,120.0
A,sbm,leiden,10,3,0,0,11.183,0.57853,0.04760908090909089,0.0006535051505050505,1,ok,2.327,10000,55897,11.1794,100,0.5790113959604272,100,100,2,26,0.2993419283538197,dspar,0.05,0.05016,0.05,ok,0.16042,2804,0.3690668295009979,0.003417469701597178,0.37212103697399584,0.4366112603196187,0.021501427805366072,0.10266978199085024,19.4,0.8175831258035974,1.194641968398355,0.01085744600277394,0.5160001573385671,0.526857603341341,0.0502345780144585,6.938893903907228e-18,0.06694193605602132,0.0,0.005735928758024267,0.00039552510576015853,3.053887587030851e-05,7196.0,0.7340249587037214,0.526857603341341,1,0.36285767589030193,0.39552875663895104,0.08454589423979761,16,-0.3126230978758434,-0.3218864589595373,-0.3188322514865394,-0.3696693242635974,-0.3285868205829297,-0.09693385323282597,2.2674854853036432,2.3151969072259515,0.17029874285657873,0.26600816007974615,0.0390007842767531,2205,120.0
A,sbm,leiden,10,3,0,0,11.183,0.57853,0.04760908090909089,0.0006535051505050505,1,ok,2.327,10000,55897,11.1794,100,0.5790113959604272,100,100,2,26,0.2993419283538197,random,0.5,0.49999,0.5,ok,0.16042,27948,0.3690668295009979,0.003417469701597178,0.37212103697399584,0.4366112603196187,0.021501427805366072,0.10266978199085024,19.4,0.8175831258035974,1.194641968398355,0.0009511499665677547,0.8359252906714877,0.8368764406380554,0.23731403381041183,0.002050618317872266,0.13217605061647766,0.00392414690818973,0.024383778271546936,0.0006135594149228725,3.065918234370408e-05,66.0,1.4228150097971464,0.8368764406380554,1,0.36285767589030193,0.39552875663895104,0.08454589423979761,16,-0.1255436420798901,-0.13480700316358402,-0.13175279569058607,-0.3044352097031411,-0.2633527060224734,-0.0782860037193033,1.4275010149497458,1.4291252839577504,0.4086331621394208,0.8284810431891493,0.6261063496780621,75,2.0
A,sbm,leiden,10,3,0,0,11.183,0.57853,0.04760908090909089,0.0006535051505050505,1,ok,2.327,10000,55897,11.1794,100,0.5790113959604272,100,100,2,26,0.2993419283538197,random,0.2,0.19999,0.2,ok,0.16042,11179,0.3690668295009979,0.003417469701597178,0.37212103697399584,0.4366112603196187,0.021501427805366072,0.10266978199085024,19.4,0.8175831258035974,1.194641968398355,0.0010302510345354676,0.48661659033192944,0.4876468413664649,0.16148165584276386,9.284883342128793e-05,0.10792189938203711,0.0009910691026647337,0.01597377534762724,0.0007350164802804267,0.00010901118957703752,1285.3333333333333,3.8150936931864448,0.4876468413664649,1,0.36285767589030193,0.39552875663895104,0.08454589423979761,16,-0.20137602004753807,-0.21063938113123198,-0.20758517365823403,-0.3286893609375816,-0.28760685725691393,-0.086696006643223,2.4498097128052256,2.4549963814087583,0.20345861066333487,0.34916867508856547,0.07371161261644775,1380,60.0
A,sbm,leiden,10,3,0,0,11.183,0.57853,0.04760908090909089,0.0006535051505050505,1,ok,2.327,10000,55897,11.1794,100,0.5790113959604272,100,100,2,26,0.2993419283538197,random,0.15,0.15001,0.15,ok,0.16042,8385,0.3690668295009979,0.003417469701597178,0.37212103697399584,0.4366112603196187,0.021501427805366072,0.10266978199085024,19.4,0.8175831258035974,1.194641968398355,0.0007392329862341285,0.4938152470276691,0.49455448001390323,0.13797308420800236,0.0003271153640317074,0.11057953633714128,0.003628579364442928,0.01599821248711597,3.823964174474525e-05,4.711427887822591e-05,2399.0,4.068227480178923,0.49455448001390323,1,0.36285767589030193,0.39552875663895104,0.08454589423979761,16,-0.22488459168229957,-0.23414795276599348,-0.23109374529299553,-0.32603172398247743,-0.28494922030180975,-0.08667156950373427,2.4155922485319925,2.419208348849175,0.17029874285657873,0.26600816007974615,0.0390007842767531,2205,120.0
A,sbm,leiden,10,3,0,0,11.183,0.57853,0.04760908090909089,0.0006535051505050505,1,ok,2.327,10000,55897,11.1794,100,0.5790113959604272,100,100,2,26,0.2993419283538197,random,0.05,0.05,0.05,ok,0.16042,2795,0.3690668295009979,0.003417469701597178,0.37212103697399584,0.4366112603196187,0.021501427805366072,0.10266978199085024,19.4,0.8175831258035974,1.194641968398355,0.0009692470193840563,0.5439168946468271,0.5448861416662112,0.05007662473854511,0.0,0.06762799814105284,0.0,0.0058136385266189606,0.00018454310091121408,1.329950908335381e-05,7206.0,0.754821197370609,0.5448861416662112,1,0.36285767589030193,0.39552875663895104,0.08454589423979761,16,-0.3127810511517568,-0.3220444122354507,-0.31899020476245277,-0.36898326217856586,-0.3279007584978982,-0.09685614346423127,2.192461648492749,2.196368563204959,0.17029874285657873,0.26600816007974615,0.0390007842767531,2205,120.0
A,sbm,leiden,25,1,0,0,24.635,0.5976,0.10013256565656567,0.001487058181818182,1,ok,1.765,10000,123602,24.7204,100,0.5986310901118105,100,100,8,45,0.19756037430806836,lspar,0.5,0.50427,0.679688,ok,0.06612,62329,0.39176992898325536,1.2848436917183332e-05,0.3917887745705099,0.9548532476322876,0.0019871275124303213,0.7920868151197189,74.6,0.35280657181671227,1.41662707059877,0.14320107904495671,0.7653347006610906,0.9085357797060473,0.39013109852730493,5.5703116118841856e-05,0.94923196060896,0.0015720732841343823,0.7721638144140762,-0.000759088550800726,-4.4136064767859084e-05,74.0,0.39155088246777314,0.9085357797060473,1,0.3917528156021196,0.9519080656313683,0.7815104245145292,73,-0.001621717074814677,-0.001657676043204992,-0.001638830455950424,-0.005621287023327648,-0.002676105022408337,-0.01992300070564268,1.5592419167653622,1.8509902522061235,0.3917528156021196,0.9519080656313683,0.7815104245145292,73,1.0
A,sbm,leiden,25,1,0,0,24.635,0.5976,0.10013256565656567,0.001487058181818182,1,ok,1.765,10000,123602,24.7204,100,0.5986310901118105,100,100,8,45,0.19756037430806836,lspar,0.2,0.20084,0.34375,ok,0.06612,24824,0.39176992898325536,1.2848436917183332e-05,0.3917887745705099,0.9548532476322876,0.0019871275124303213,0.7920868151197189,74.6,0.35280657181671227,1.41662707059877,0.13326770102139562,0.4051798790072401,0.5384475800286357,0.3789429188860303,0.00019326463277010485,0.9283982405242597,0.004925685142602833,0.8095287918848567,-0.0006566337845009047,-8.652130290605081e-05,84.33333333333333,0.30763817413773636,0.5384475800286357,1,0.3917528156021196,0.9519080656313683,0.7815104245145292,73,-0.012809896716089286,-0.012845855684479601,-0.012827010097225033,-0.02645500710802795,-0.02350982510710864,0.017441976765137812,2.6309470469222482,3.496291755823977,0.3917528156021196,0.9519080656313683,0.7815104245145292,73,1.0
A,sbm,leiden,25,1,0,0,24.635,0.5976,0.10013256565656567,0.001487058181818182,1,ok,1.765,10000,123602,24.7204,100,0.5986310901118105,100,100,8,45,0.19756037430806836,lspar,0.15,0.15466,0.21875,ok,0.06612,19116,0.39176992898325536,1.2848436917183332e-05,0.3917887745705099,0.9548532476322876,0.0019871275124303213,0.7920868151197189,74.6,0.35280657181671227,1.41662707059877,0.1314040900906548,0.34472861697819707,0.47613270706885186,0.3720511402417797,0.0006846711441775267,0.9187400869015975,0.0014640337441900473,0.820575218068223,-0.0005151662927692621,-5.871512141710195e-05,89.33333333333333,0.2660859846341193,0.47613270706885186,1,0.3917528156021196,0.9519080656313683,0.7815104245145292,73,-0.0197016753603399,-0.019737634328730214,-0.019718788741475646,-0.03611316073069015,-0.03316797872977084,0.028488402948504077,2.9752777945454536,4.109397946177375,0.39138816244376745,0.9993062211061493,0.9989849040653787,100,1.5
A,sbm,leiden,25,1,0,0,24.635,0.5976,0.10013256565656567,0.001487058181818182,1,ok,1.765,10000,123602,24.7204,100,0.5986310901118105,100,100,8,45,0.19756037430806836,lspar,0.05,0.06612,0.0,floor,0.06612,8172,0.39176992898325536,1.2848436917183332e-05,0.3917887745705099,0.9548532476322876,0.0019871275124303213,0.7920868151197189,74.6,0.35280657181671227,1.41662707059877,0.12250065500847995,0.3657842200094213,0.48828487501790124,0.10614563006487575,0.0,0.5401686259101173,0.0,0.12010147925471476,-0.0001835612570940812,-1.7345603104563897e-05,1828.0,0.6909338608000045,0.48828487501790124,1,0.3917528156021196,0.9519080656313683,0.7815104245145292,73,-0.28560718553724385,-0.28564314450563416,-0.2856242989183796,-0.41468462172217035,-0.41173943972125104,-0.6719853358650041,2.901230701743187,3.8728490544569767,0.1380576418508424,0.5668376764111799,0.13922365863624836,1333,60.0
A,sbm,leiden,25,1,0,0,24.635,0.5976,0.10013256565656567,0.001487058181818182,1,ok,1.765,10000,123602,24.7204,100,0.5986310901118105,100,100,8,45,0.19756037430806836,dspar,0.5,0.50112,0.5,ok,0.06612,61939,0.39176992898325536,1.2848436917183332e-05,0.3917887745705099,0.9548532476322876,0.0019871275124303213,0.7920868151197189,74.6,0.35280657181671227,1.41662707059877,0.03606352303177118,1.1912719790125266,1.2273355020442978,0.24757507482243682,0.001769045929693164,0.3643492336498719,0.010708617190736711,0.07056705201697336,-0.0005331949904871085,-2.0130723037226102e-05,16.666666666666668,0.8991052502557931,1.2273355020442978,1,0.3917528156021196,0.9519080656313683,0.7815104245145292,73,-0.1441777407796828,-0.1442136997480731,-0.14419485416081854,-0.5905040139824158,-0.5875588319814964,-0.7215197631027456,1.1542296855580083,1.1891718226874148,2.220446049250313e-16,0.0,0.0,1,0.25
A,sbm,leiden,25,1,0,0,24.635,0.5976,0.10013256565656567,0.001487058181818182,1,ok,1.765,10000,123602,24.7204,100,0.5986310901118105,100,100,8,45,0.19756037430806836,dspar,0.2,0.1987,0.2,ok,0.06612,24560,0.39176992898325536,1.2848436917183332e-05,0.3917887745705099,0.9548532476322876,0.0019871275124303213,0.7920868151197189,74.6,0.35280657181671227,1.41662707059877,0.0355133039993234,0.8189640580094419,0.8544773620087653,0.10253344496470547,0.0016038518216257775,0.1020960278949581,0.0008352411076282977,0.01592298637624018,0.0014101890728094567,0.00013539416816102408,89.66666666666667,1.375221770371563,0.8544773620087653,1,0.3917528156021196,0.9519080656313683,0.7815104245145292,73,-0.28921937063741415,-0.28925532960580447,-0.2892364840185499,-0.8527572197373295,-0.8498120377364102,-0.7761638287434787,1.6578871876353327,1.729779294639616,0.39138816244376745,0.9993062211061493,0.9989849040653787,100,1.5
A,sbm,leiden,25,1,0,0,24.635,0.5976,0.10013256565656567,0.001487058181818182,1,ok,1.765,10000,123602,24.7204,100,0.5986310901118105,100,100,8,45,0.19756037430806836,dspar,0.15,0.14968,0.15,ok,0.06612,18501,0.39176992898325536,1.2848436917183332e-05,0.3917887745705099,0.9548532476322876,0.0019871275124303213,0.7920868151197189,74.6,0.35280657181671227,1.41662707059877,0.0355737810023129,0.6314137093140744,0.6669874903163873,0.09174649277956111,0.0002991252754523945,0.09592436985999765,0.003179517118181924,0.014362771584910812,0.0004607674310535451,1.5507854290879895e-05,254.66666666666666,2.140342703661352,0.6669874903163873,1,0.3917528156021196,0.9519080656313683,0.7815104245145292,73,-0.3000063228225585,-0.30004228179094883,-0.30002343620369426,-0.85892887777229,-0.8559836957713707,-0.7777240435348081,2.1239185009703694,2.24357984266401,0.39000544812229876,0.9949686200372098,0.993183464271826,137,15.0
A,sbm,leiden,25,1,0,0,24.635,0.5976,0.10013256565656567,0.001487058181818182,1,ok,1.765,10000,123602,24.7204,100,0.5986310901118105,100,100,8,45,0.19756037430806836,dspar,0.05,0.05011,0.05,ok,0.06612,6194,0.39176992898325536,1.2848436917183332e-05,0.3917887745705099,0.9548532476322876,0.0019871275124303213,0.7920868151197189,74.6,0.35280657181671227,1.41662707059877,0.034115543006919324,0.5502481169921035,0.5843636599990228,0.05006264974570108,5.27587715294015e-05,0.10637636582240136,0.001564398741585847,0.013586805362080498,0.0004180212695798489,1.7213880149854812e-05,3900.6666666666665,3.3174943773451364,0.5843636599990228,1,0.3917528156021196,0.9519080656313683,0.7815104245145292,73,-0.34169016585641854,-0.34172612482480885,-0.3417072792375543,-0.8484768818098862,-0.8455316998089669,-0.7785000097576384,2.424221709134238,2.574524158924291,0.09398677057246212,0.36805002057732555,0.0533971881941959,2709,120.0
A,sbm,leiden,25,1,0,0,24.635,0.5976,0.10013256565656567,0.001487058181818182,1,ok,1.765,10000,123602,24.7204,100,0.5986310901118105,100,100,8,45,0.19756037430806836,random,0.5,0.5,0.5,ok,0.06612,61801,0.39176992898325536,1.2848436917183332e-05,0.3917887745705099,0.9548532476322876,0.0019871275124303213,0.7920868151197189,74.6,0.35280657181671227,1.41662707059877,0.0019643519772216678,1.1267034233314916,1.1286677753087133,0.2428409530732185,0.0041060258693979826,0.34226986576443935,0.007944933291495853,0.06704664986711846,-0.00026635816074728865,-1.819997327605967e-05,16.0,0.8508813500678031,1.1286677753087133,1,0.3917528156021196,0.9519080656313683,0.7815104245145292,73,-0.1489118625289011,-0.1489478214972914,-0.14892897591003684,-0.6125833818678483,-0.6096381998669289,-0.7250401652526004,1.2551320251978435,1.2573202861228716,2.220446049250313e-16,0.0,0.0,1,0.25
A,sbm,leiden,25,1,0,0,24.635,0.5976,0.10013256565656567,0.001487058181818182,1,ok,1.765,10000,123602,24.7204,100,0.5986310901118105,100,100,8,45,0.19756037430806836,random,0.2,0.2,0.2,ok,0.06612,24720,0.39176992898325536,1.2848436917183332e-05,0.3917887745705099,0.9548532476322876,0.0019871275124303213,0.7920868151197189,74.6,0.35280657181671227,1.41662707059877,0.0018924589967355132,0.8088213266649594,0.8107137856616949,0.10300900486326846,0.0003967594099282965,0.0979728972767286,0.0019628520435713615,0.015654484831270868,-0.0013770704025641931,-9.76199055645774e-05,108.0,1.6547993936966698,0.8107137856616949,1,0.3917528156021196,0.9519080656313683,0.7815104245145292,73,-0.28874381073885114,-0.28877976970724145,-0.2887609241199869,-0.856880350355559,-0.8539351683546397,-0.776432330288448,1.7473824864622671,1.7514709663257728,0.39137453752992424,0.9993062843393564,0.9989857224220691,102,8.0
A,sbm,leiden,25,1,0,0,24.635,0.5976,0.10013256565656567,0.001487058181818182,1,ok,1.765,10000,123602,24.7204,100,0.5986310901118105,100,100,8,45,0.19756037430806836,random,0.15,0.15,0.15,ok,0.06612,18540,0.39176992898325536,1.2848436917183332e-05,0.3917887745705099,0.9548532476322876,0.0019871275124303213,0.7920868151197189,74.6,0.35280657181671227,1.41662707059877,0.0019608410075306892,0.6576730033266358,0.6596338443341665,0.09102050301669214,0.0005257754280717668,0.09206997096120079,0.0024784729121622123,0.01354442527247345,-0.0014844471784803898,-0.00017958069125804943,288.6666666666667,2.3558592717625166,0.6596338443341665,1,0.3917528156021196,0.9519080656313683,0.7815104245145292,73,-0.3007323125854275,-0.3007682715538178,-0.30074942596656323,-0.8627832766710868,-0.8598380946701676,-0.7785423898472454,2.1475960986033265,2.153999120281963,0.23077035848177146,0.8055964050819632,0.47407460006284147,432,30.0
A,sbm,leiden,25,1,0,0,24.635,0.5976,0.10013256565656567,0.001487058181818182,1,ok,1.765,10000,123602,24.7204,100,0.5986310901118105,100,100,8,45,0.19756037430806836,random,0.05,0.05,0.05,ok,0.06612,6180,0.39176992898325536,1.2848436917183332e-05,0.3917887745705099,0.9548532476322876,0.0019871275124303213,0.7920868151197189,74.6,0.35280657181671227,1.41662707059877,0.0018559659947641194,0.5323999763350002,0.5342559423297644,0.05035044384086901,2.727045605967972e-05,0.10315968539451753,0.0016031940394701453,0.012988264547502787,-0.00028010512880358645,-3.65259974443416e-05,3905.3333333333335,3.3441470245257765,0.5342559423297644,1,0.3917528156021196,0.9519080656313683,0.7815104245145292,73,-0.3414023717612506,-0.3414383307296409,-0.34141948514238635,-0.8516935622377702,-0.8487483802368507,-0.7790985505722161,2.6515887954773003,2.660832332019847,0.09398677057246212,0.36805002057732555,0.0533971881941959,2709,120.0
A,sbm,leiden,25,2,0,0,24.635,0.5976,0.10013256565656567,0.001487058181818182,1,ok,1.765,10000,123606,24.7212,100,0.599242755206058,100,100,8,46,0.19883797125510866,lspar,0.5,0.50388,0.679688,ok,0.06601,62283,0.39119219606203604,3.222141708242898e-05,0.39122936533322605,0.9515623626251726,0.0015412607419153718,0.7780854322030664,73.0,0.3634604320704514,1.4299408972030505,0.14255174697609618,0.7467658566699052,0.8893176036460014,0.3894641086411621,5.5731932773345575e-05,0.9508843473314498,0.0025422154752955035,0.7840949658039543,-0.0007091925822772664,-5.855178613180403e-05,75.0,0.371780618667686,0.8893176036460014,1,0.39119953827604736,0.9511179265141737,0.7753372614556882,73,-0.001735429634885266,-0.0017652566920639545,-0.001728087420873936,-0.0006780152937228001,-0.00023357918272393086,0.006009533600887962,1.6079080087255841,1.9148450406927626,0.39119953827604736,0.9511179265141737,0.7753372614556882,73,1.0
A,sbm,leiden,25,2,0,0,24.635,0.5976,0.10013256565656567,0.001487058181818182,1,ok,1.765,10000,123606,24.7212,100,0.599242755206058,100,100,8,46,0.19883797125510866,lspar,0.2,0.20103,0.34375,ok,0.06601,24848,0.39119219606203604,3.222141708242898e-05,0.39122936533322605,0.9515623626251726,0.0015412607419153718,0.7780854322030664,73.0,0.3634604320704514,1.4299408972030505,0.13239389093359932,0.39414377134138096,0.5265376622749802,0.37807639406977794,0.0005890798563819113,0.9321150887569489,0.005089721176804201,0.8319506121503263,-0.0005065286310149505,-6.01698076902722e-05,87.66666666666667,0.27932423280018814,0.5265376622749802,1,0.39119953827604736,0.9511179265141737,0.7753372614556882,73,-0.013123144206269421,-0.01315297126344811,-0.013115801992258092,-0.019447273868223647,-0.019002837757224778,0.05386517994725992,2.7157428606812077,3.6279677650025106,0.3907681800284693,0.9986126894726034,0.9979718546090015,100,1.5
A,sbm,leiden,25,2,0,0,24.635,0.5976,0.10013256565656567,0.001487058181818182,1,ok,1.765,10000,123606,24.7212,100,0.599242755206058,100,100,8,46,0.19883797125510866,lspar,0.15,0.15428,0.21875,ok,0.06601,19070,0.39119219606203604,3.222141708242898e-05,0.39122936533322605,0.9515623626251726,0.0015412607419153718,0.7780854322030664,73.0,0.3634604320704514,1.4299408972030505,0.1309191429754719,0.34937490231823176,0.4802940452937037,0.3709642059372443,0.0004202897305934038,0.9133742597931901,0.0027889041649476294,0.8051477180187945,0.0002864860183920995,-3.6879111740898154e-05,87.33333333333333,0.27582551880470657,0.4802940452937037,1,0.39119953827604736,0.9511179265141737,0.7753372614556882,73,-0.02023533233880309,-0.02026515939598178,-0.02022799012479176,-0.038188102831982484,-0.037743666720983615,0.027062285815728115,2.9772197078325844,4.092855232917028,0.3907681800284693,0.9986126894726034,0.9979718546090015,100,1.5
A,sbm,leiden,25,2,0,0,24.635,0.5976,0.10013256565656567,0.001487058181818182,1,ok,1.765,10000,123606,24.7212,100,0.599242755206058,100,100,8,46,0.19883797125510866,lspar,0.05,0.06601,0.0,floor,0.06601,8159,0.39119219606203604,3.222141708242898e-05,0.39122936533322605,0.9515623626251726,0.0015412607419153718,0.7780854322030664,73.0,0.3634604320704514,1.4299408972030505,0.12166585598606616,0.3537168539866495,0.47538270997271564,0.10559588549562175,1.3877787807814457e-17,0.5393080640019972,1.5700924586837752e-16,0.12182893030785687,-0.0003071423702888048,-2.7233591592956655e-05,1841.0,0.7080764930429481,0.47538270997271564,1,0.39119953827604736,0.9511179265141737,0.7753372614556882,73,-0.2856036527804256,-0.2856334798376043,-0.28559631056641427,-0.4122542986231754,-0.41180986251217655,-0.6562565018952095,3.0079783450372464,4.042614540660314,0.13659853610493966,0.5605742754353424,0.1360512427813908,1340,60.0
A,sbm,leiden,25,2,0,0,24.635,0.5976,0.10013256565656567,0.001487058181818182,1,ok,1.765,10000,123606,24.7212,100,0.599242755206058,100,100,8,46,0.19883797125510866,dspar,0.5,0.50073,0.5,ok,0.06601,61893,0.39119219606203604,3.222141708242898e-05,0.39122936533322605,0.9515623626251726,0.0015412607419153718,0.7780854322030664,73.0,0.3634604320704514,1.4299408972030505,0.035996162972878665,1.1993789406648527,1.2353751036377314,0.2373143289967757,0.007206979861172435,0.322605235905763,0.014046616035305123,0.05855501138170622,0.00014834537776748621,1.1532992804139828e-05,14.0,0.8181994886136374,1.2353751036377314,1,0.39119953827604736,0.9511179265141737,0.7753372614556882,73,-0.15388520927927166,-0.15391503633645034,-0.15387786706526033,-0.6289571267194096,-0.6285126906084106,-0.7195304208213601,1.1574953170032272,1.1922344546173123,0.0,0.0,0.0,1,0.25
A,sbm,leiden,25,2,0,0,24.635,0.5976,0.10013256565656567,0.001487058181818182,1,ok,1.765,10000,123606,24.7212,100,0.599242755206058,100,100,8,46,0.19883797125510866,dspar,0.2,0.20068,0.2,ok,0.06601,24805,0.39119219606203604,3.222141708242898e-05,0.39122936533322605,0.9515623626251726,0.0015412607419153718,0.7780854322030664,73.0,0.3634604320704514,1.4299408972030505,0.036232406040653586,0.8028299343228961,0.8390623403635497,0.10453085382003369,0.0012318261091591718,0.10068316268471629,0.004770224896353861,0.015915784209555778,0.0007146288166111162,0.0001540283108170147,75.33333333333333,1.4085647691965297,0.8390623403635497,1,0.39119953827604736,0.9511179265141737,0.7753372614556882,73,-0.2866686844560137,-0.28669851151319237,-0.28666134224200235,-0.8508791999404562,-0.8504347638294574,-0.7621696479935106,1.704212939152393,1.7811255361436635,0.39119953827604736,0.9511179265141737,0.7753372614556882,73,1.0
A,sbm,leiden,25,2,0,0,24.635,0.5976,0.10013256565656567,0.001487058181818182,1,ok,1.765,10000,123606,24.7212,100,0.599242755206058,100,100,8,46,0.19883797125510866,dspar,0.15,0.14943,0.15,ok,0.06601,18470,0.39119219606203604,3.222141708242898e-05,0.39122936533322605,0.9515623626251726,0.0015412607419153718,0.7780854322030664,73.0,0.3634604320704514,1.4299408972030505,0.035477729979902506,0.6699144459950427,0.7053921759749452,0.09032243165641289,7.479220004915999e-05,0.09920357039633802,0.00022797729546246916,0.014965588143232006,-0.0009016497002445525,-2.7839528290505867e-05,272.0,2.129733918526732,0.7053921759749452,1,0.39119953827604736,0.9511179265141737,0.7753372614556882,73,-0.30087710661963446,-0.30090693367681315,-0.30086976440562313,-0.8523587922288346,-0.8519143561178357,-0.7631198440598344,2.027157297607793,2.134512706438386,0.38961773346604833,0.9953005369502138,0.9937698040760906,124,15.0
A,sbm,leiden,25,2,0,0,24.635,0.5976,0.10013256565656567,0.001487058181818182,1,ok,1.765,10000,123606,24.7212,100,0.599242755206058,100,100,8,46,0.19883797125510866,dspar,0.05,0.05019,0.05,ok,0.06601,6204,0.39119219606203604,3.222141708242898e-05,0.39122936533322605,0.9515623626251726,0.0015412607419153718,0.7780854322030664,73.0,0.3634604320704514,1.4299408972030505,0.03504604997579008,0.5634718540046985,0.5985179039804885,0.05010380693518032,0.00016481619393161006,0.10199625025808817,0.0016802266558624392,0.012962146607231134,0.0012532196971956693,0.00011638870096602767,3908.0,3.465154954765687,0.5985179039804885,1,0.39119953827604736,0.9511179265141737,0.7753372614556882,73,-0.341095731340867,-0.3411255583980457,-0.3410883891268557,-0.8495661123670843,-0.8491216762560856,-0.7651232855958352,2.3891363778645895,2.5377326072991875,0.09273828223947861,0.36373662666453355,0.05168144315952612,2751,120.0
A,sbm,leiden,25,2,0,0,24.635,0.5976,0.10013256565656567,0.001487058181818182,1,ok,1.765,10000,123606,24.7212,100,0.599242755206058,100,100,8,46,0.19883797125510866,random,0.5,0.5,0.5,ok,0.06601,61803,0.39119219606203604,3.222141708242898e-05,0.39122936533322605,0.9515623626251726,0.0015412607419153718,0.7780854322030664,73.0,0.3634604320704514,1.4299408972030505,0.002063463965896517,1.1957438666722737,1.1978073306381702,0.2686320310433142,0.003659023380138902,0.4347531392551957,0.018828491793115385,0.09884334939618106,0.0001702691651567786,-2.481199450638301e-05,20.666666666666668,0.9223116662788251,1.1978073306381702,1,0.39119953827604736,0.9511179265141737,0.7753372614556882,73,-0.12256750723273319,-0.12259733428991187,-0.12256016501872186,-0.5168092233699768,-0.516364787258978,-0.6792420828068853,1.1937987526267715,1.195858859960153,0.3871617214286714,0.8336410525265294,0.4086657265381474,31,0.75
A,sbm,leiden,25,2,0,0,24.635,0.5976,0.10013256565656567,0.001487058181818182,1,ok,1.765,10000,123606,24.7212,100,0.599242755206058,100,100,8,46,0.19883797125510866,random,0.2,0.2,0.2,ok,0.06601,24721,0.39119219606203604,3.222141708242898e-05,0.39122936533322605,0.9515623626251726,0.0015412607419153718,0.7780854322030664,73.0,0.3634604320704514,1.4299408972030505,0.0019689330365508795,0.8114784716744907,0.8134474047110416,0.10311148773464814,0.0011723145447052206,0.09911739996266422,0.0012228343253829147,0.01564142896608839,3.9697019960925304e-05,-3.639390839531026e-05,115.66666666666667,1.7723920125838928,0.8134474047110416,1,0.39119953827604736,0.9511179265141737,0.7753372614556882,73,-0.28808805054139924,-0.28811787759857793,-0.2880807083273879,-0.8524449626625084,-0.8520005265515095,-0.7624440032369779,1.757877508639915,1.7621427396001754,0.38961773346604833,0.9953005369502138,0.9937698040760906,124,15.0
A,sbm,leiden,25,2,0,0,24.635,0.5976,0.10013256565656567,0.001487058181818182,1,ok,1.765,10000,123606,24.7212,100,0.599242755206058,100,100,8,46,0.19883797125510866,random,0.15,0.15,0.15,ok,0.06601,18541,0.39119219606203604,3.222141708242898e-05,0.39122936533322605,0.9515623626251726,0.0015412607419153718,0.7780854322030664,73.0,0.3634604320704514,1.4299408972030505,0.0019404730410315096,0.6622753239935264,0.6642157970345579,0.0910241619091438,0.0005573734764423831,0.09559292474814028,0.0022441130590937445,0.014383935363599346,0.0005307461042056854,7.952528351379721e-06,313.0,2.4422232932126824,0.6642157970345579,1,0.39119953827604736,0.9511179265141737,0.7753372614556882,73,-0.30017537636690356,-0.30020520342408225,-0.3001680341528922,-0.8559694378770323,-0.8555250017660334,-0.763701496839467,2.152825788828165,2.1591335890041825,0.22855452732069145,0.805630536731837,0.46829920021959803,440,30.0
A,sbm,leiden,25,2,0,0,24.635,0.5976,0.10013256565656567,0.001487058181818182,1,ok,1.765,10000,123606,24.7212,100,0.599242755206058,100,100,8,46,0.19883797125510866,random,0.05,0.05,0.05,ok,0.06601,6180,0.39119219606203604,3.222141708242898e-05,0.39122936533322605,0.9515623626251726,0.0015412607419153718,0.7780854322030664,73.0,0.3634604320704514,1.4299408972030505,0.001574538997374475,0.5235737563537745,0.5251482953511489,0.05009003029161707,8.645527772106306e-05,0.10163271908057492,0.0007123808586822133,0.01276110930164793,-0.0002200254735539444,-4.442509839624741e-05,3918.0,3.4320456710109135,0.5251482953511489,1,0.39119953827604736,0.9511179265141737,0.7753372614556882,73,-0.3411095079844303,-0.341139335041609,-0.34110216577041896,-0.8499296435445977,-0.8494852074335988,-0.7653243229014184,2.722927808890434,2.7311164470146805,0.09273828223947861,0.36373662666453355,0.05168144315952612,2751,120.0
A,sbm,leiden,25,3,0,0,24.635,0.5976,0.10013256565656567,0.001487058181818182,1,ok,1.765,10000,123049,24.6098,100,0.5990621622280555,100,100,9,46,0.1975857182314385,lspar,0.5,0.50398,0.679688,ok,0.06621,62014,0.39135341003079843,3.272418915512814e-05,0.39138569413879293,0.9586794389075166,0.0011937195821434825,0.8065404034728759,76.8,0.3521449224289578,1.4219684502109886,0.13153408496873453,0.7341738989925943,0.8657079839613289,0.38972369456182343,3.119033529629465e-05,0.9468280688065732,0.001339582691234556,0.7703527581767725,0.00019357687762738777,8.20979373663749e-05,72.0,0.35504133869049453,0.8657079839613289,1,0.39138569413879293,0.9590312128413514,0.8078824029652086,77,-0.0016619995769694973,-0.0016619995769694973,-0.0016297154689750015,-0.011851370100943392,-0.01220314403477818,-0.03618764529610341,1.6425497703097398,1.936827844414191,0.39138569413879293,0.9590312128413514,0.8078824029652086,77,1.0
A,sbm,leiden,25,3,0,0,24.635,0.5976,0.10013256565656567,0.001487058181818182,1,ok,1.765,10000,123049,24.6098,100,0.5990621622280555,100,100,9,46,0.1975857182314385,lspar,0.2,0.20114,0.34375,ok,0.06621,24750,0.39135341003079843,3.272418915512814e-05,0.39138569413879293,0.9586794389075166,0.0011937195821434825,0.8065404034728759,76.8,0.3521449224289578,1.4219684502109886,0.12356736196670681,0.39654473031017307,0.5201120922768798,0.37798974855250805,0.0003361022062846157,0.9255460973845131,0.003467662971805359,0.8086611961579027,0.0005467655625572141,1.4866464475718122e-05,84.66666666666667,0.304147342829857,0.5201120922768798,1,0.39138569413879293,0.9590312128413514,0.8078824029652086,77,-0.013395945586284874,-0.013395945586284874,-0.013363661478290378,-0.03313334152300351,-0.0334851154568383,0.00212079268502674,2.733965372706637,3.58589672619969,0.39138569413879293,0.9590312128413514,0.8078824029652086,77,1.0
A,sbm,leiden,25,3,0,0,24.635,0.5976,0.10013256565656567,0.001487058181818182,1,ok,1.765,10000,123049,24.6098,100,0.5990621622280555,100,100,9,46,0.1975857182314385,lspar,0.15,0.15426,0.21875,ok,0.06621,18981,0.39135341003079843,3.272418915512814e-05,0.39138569413879293,0.9586794389075166,0.0011937195821434825,0.8065404034728759,76.8,0.3521449224289578,1.4219684502109886,0.12294060096610337,0.3547060133229631,0.47764661428906646,0.3694729950589089,9.72219895387116e-05,0.9086238239869622,0.0035734945947805976,0.8035701181461731,0.0010906351965537422,7.170998804592757e-05,90.33333333333333,0.310377927574021,0.47764661428906646,1,0.39138569413879293,0.9590312128413514,0.8078824029652086,77,-0.021912699079884024,-0.021912699079884024,-0.021880414971889528,-0.050055614920554437,-0.05040738885438922,-0.0029702853267028484,2.9770303141946464,4.008864797328015,0.39097327994954334,0.9987511988632547,0.9981728346263066,100,1.5
A,sbm,leiden,25,3,0,0,24.635,0.5976,0.10013256565656567,0.001487058181818182,1,ok,1.765,10000,123049,24.6098,100,0.5990621622280555,100,100,9,46,0.1975857182314385,lspar,0.05,0.06621,0.0,floor,0.06621,8147,0.39135341003079843,3.272418915512814e-05,0.39138569413879293,0.9586794389075166,0.0011937195821434825,0.8065404034728759,76.8,0.3521449224289578,1.4219684502109886,0.11375839897664264,0.3665110840035292,0.48026948298017186,0.10667593708278572,0.0,0.5377327379593081,1.9229626863835638e-16,0.12344187577911807,-2.5754443848489586e-05,2.473982653577386e-06,1853.0,0.7376095444067953,0.48026948298017186,1,0.39138569413879293,0.9590312128413514,0.8078824029652086,77,-0.2847097570560072,-0.2847097570560072,-0.2846774729480127,-0.4209467009482085,-0.4212984748820433,-0.6830985276937579,2.960772026128704,3.87974201128743,0.1371915716107382,0.5635241307311869,0.13722498564912067,1334,60.0
A,sbm,leiden,25,3,0,0,24.635,0.5976,0.10013256565656567,0.001487058181818182,1,ok,1.765,10000,123049,24.6098,100,0.5990621622280555,100,100,9,46,0.1975857182314385,dspar,0.5,0.5007,0.5,ok,0.06621,61611,0.39135341003079843,3.272418915512814e-05,0.39138569413879293,0.9586794389075166,0.0011937195821434825,0.8065404034728759,76.8,0.3521449224289578,1.4219684502109886,0.03562159900320694,1.176030921342317,1.211652520345524,0.24139208841852067,0.0049744813683258214,0.3279860147824499,0.015549555696672131,0.061939102250583765,0.00030408628702985693,2.208758410380389e-05,14.333333333333334,0.809372465009513,1.211652520345524,1,0.39138569413879293,0.9590312128413514,0.8078824029652086,77,-0.14999360572027226,-0.14999360572027226,-0.14996132161227776,-0.6306934241250668,-0.6310451980589016,-0.7446013012222922,1.1735777595754016,1.2091250530963586,2.220446049250313e-16,0.0,0.0,1,0.25
A,sbm,leiden,25,3,0,0,24.635,0.5976,0.10013256565656567,0.001487058181818182,1,ok,1.765,10000,123049,24.6098,100,0.5990621622280555,100,100,9,46,0.1975857182314385,dspar,0.2,0.20074,0.2,ok,0.06621,24701,0.39135341003079843,3.272418915512814e-05,0.39138569413879293,0.9586794389075166,0.0011937195821434825,0.8065404034728759,76.8,0.3521449224289578,1.4219684502109886,0.03525963198626414,0.7964888106798753,0.8317484426661395,0.1049927025608116,0.0006052863522113533,0.11053142500815583,0.005238737899956541,0.018492403799215018,0.0005355453836067724,0.0001163210724588071,84.0,1.3252087735077926,0.8317484426661395,1,0.39138569413879293,0.9590312128413514,0.8078824029652086,77,-0.2863929915779813,-0.2863929915779813,-0.2863607074699868,-0.8481480138993608,-0.8484997878331956,-0.7880479996736609,1.7096136010221075,1.785296203969532,0.39138569413879293,0.9590312128413514,0.8078824029652086,77,1.0
A,sbm,leiden,25,3,0,0,24.635,0.5976,0.10013256565656567,0.001487058181818182,1,ok,1.765,10000,123049,24.6098,100,0.5990621622280555,100,100,9,46,0.1975857182314385,dspar,0.15,0.15036,0.15,ok,0.06621,18502,0.39135341003079843,3.272418915512814e-05,0.39138569413879293,0.9586794389075166,0.0011937195821434825,0.8065404034728759,76.8,0.3521449224289578,1.4219684502109886,0.03511637600604445,0.6537668463036729,0.6888832223097173,0.0921799761436164,0.00010478522948368148,0.1020918983930207,0.002917092315199173,0.01576604841259754,-0.00025591449410847976,-4.28101425481548e-05,242.0,2.101311343056705,0.6888832223097173,1,0.39138569413879293,0.9590312128413514,0.8078824029652086,77,-0.29920571799517653,-0.29920571799517653,-0.29917343388718204,-0.8565875405144959,-0.8569393144483307,-0.7907743550602784,2.064164729463655,2.1750390957428394,0.3893922415552597,0.9941415946862961,0.9918680904954059,144,15.0
A,sbm,leiden,25,3,0,0,24.635,0.5976,0.10013256565656567,0.001487058181818182,1,ok,1.765,10000,123049,24.6098,100,0.5990621622280555,100,100,9,46,0.1975857182314385,dspar,0.05,0.04974,0.05,ok,0.06621,6120,0.39135341003079843,3.272418915512814e-05,0.39138569413879293,0.9586794389075166,0.0011937195821434825,0.8065404034728759,76.8,0.3521449224289578,1.4219684502109886,0.035172514035366476,0.5508089190116152,0.5859814330469817,0.04992508436311954,8.434166139427065e-05,0.10327980896256898,0.0011463333696396477,0.012656953279342123,-0.000768166289977033,-0.00010569296506931758,3959.6666666666665,3.2234462326906246,0.5859814330469817,1,0.39138569413879293,0.9590312128413514,0.8078824029652086,77,-0.3414606097756734,-0.3414606097756734,-0.3414283256676789,-0.8553996299449477,-0.8557514038787825,-0.7938834501935338,2.426644207508501,2.581600263050575,0.09285903887836439,0.3633762171683031,0.051743686102924236,2755,120.0
A,sbm,leiden,25,3,0,0,24.635,0.5976,0.10013256565656567,0.001487058181818182,1,ok,1.765,10000,123049,24.6098,100,0.5990621622280555,100,100,9,46,0.1975857182314385,random,0.5,0.5,0.5,ok,0.06621,61524,0.39135341003079843,3.272418915512814e-05,0.39138569413879293,0.9586794389075166,0.0011937195821434825,0.8065404034728759,76.8,0.3521449224289578,1.4219684502109886,0.0016777620185166597,1.1988094009963486,1.2004871630148652,0.2788830968373592,0.007987031897882897,0.4760911116942565,0.02633834728480309,0.1126934830896106,0.00046093568273554967,5.339157619785436e-05,23.666666666666668,0.9917298625677115,1.2004871630148652,1,0.39138569413879293,0.9590312128413514,0.8078824029652086,77,-0.11250259730143375,-0.11250259730143375,-0.11247031319343925,-0.4825883272132601,-0.4829401011470949,-0.6938469203832653,1.1844928409229318,1.1861505665781142,0.3882573910174288,0.8473507585383024,0.45265905831622816,33,0.75
A,sbm,leiden,25,3,0,0,24.635,0.5976,0.10013256565656567,0.001487058181818182,1,ok,1.765,10000,123049,24.6098,100,0.5990621622280555,100,100,9,46,0.1975857182314385,random,0.2,0.2,0.2,ok,0.06621,24610,0.39135341003079843,3.272418915512814e-05,0.39138569413879293,0.9586794389075166,0.0011937195821434825,0.8065404034728759,76.8,0.3521449224289578,1.4219684502109886,0.0018664199742488563,0.7866548213448065,0.7885212413190553,0.1060409189630449,0.00131667202326698,0.10668835946196194,0.006653124277932093,0.017935361053773743,-0.00045571700330664187,-2.117115453537773e-05,100.66666666666667,1.6297885767616263,0.7885212413190553,1,0.39138569413879293,0.9590312128413514,0.8078824029652086,77,-0.285344775175748,-0.285344775175748,-0.2853124910677535,-0.8519910794455546,-0.8523428533793894,-0.7886050424191022,1.8033356309238913,1.807614231334777,0.39096704016035705,0.9988205872359529,0.998274681379844,101,5.0
A,sbm,leiden,25,3,0,0,24.635,0.5976,0.10013256565656567,0.001487058181818182,1,ok,1.765,10000,123049,24.6098,100,0.5990621622280555,100,100,9,46,0.1975857182314385,random,0.15,0.15,0.15,ok,0.06621,18457,0.39135341003079843,3.272418915512814e-05,0.39138569413879293,0.9586794389075166,0.0011937195821434825,0.8065404034728759,76.8,0.3521449224289578,1.4219684502109886,0.00140108703635633,0.643817193650951,0.6452182806873074,0.09178953831615566,0.00026070497182150386,0.09635800935819212,0.00280145527172776,0.01472086935620783,-0.0007720627630394168,-9.540747002882276e-05,308.6666666666667,2.453421198857771,0.6452182806873074,1,0.39138569413879293,0.9590312128413514,0.8078824029652086,77,-0.29959615582263727,-0.29959615582263727,-0.29956387171464277,-0.8623214295493244,-0.8626732034831592,-0.7918195341166681,2.203856420026199,2.2086524936485565,0.22914705682430814,0.8011625859033076,0.468328631872754,449,30.0
A,sbm,leiden,25,3,0,0,24.635,0.5976,0.10013256565656567,0.001487058181818182,1,ok,1.765,10000,123049,24.6098,100,0.5990621622280555,100,100,9,46,0.1975857182314385,random,0.05,0.05,0.05,ok,0.06621,6152,0.39135341003079843,3.272418915512814e-05,0.39138569413879293,0.9586794389075166,0.0011937195821434825,0.8065404034728759,76.8,0.3521449224289578,1.4219684502109886,0.001370974991004914,0.555109647665328,0.5564806226563329,0.050113559543302634,0.00019112270391432129,0.09965086471113353,0.0002601956747801937,0.012812270921837446,0.000517208864587164,7.39230864105247e-05,3953.6666666666665,3.5615988627093955,0.5564806226563329,1,0.39138569413879293,0.9590312128413514,0.8078824029652086,77,-0.3412721345954903,-0.3412721345954903,-0.3412398504874958,-0.8590285741963831,-0.8593803481302179,-0.7937281325510385,2.555288346651303,2.561599237540696,0.09285903887836439,0.3633762171683031,0.051743686102924236,2755,120.0
A,sbm,leiden,50,1,0,0,49.423,0.61286,0.19326889111111106,0.0030595333111111114,1,ok,1.367,10000,247063,49.4126,100,0.6121596515868423,100,100,27,79,0.13674217325284943,lspar,0.5,0.50326,0.792969,ok,0.03385,124337,0.3778501865103184,0.0,0.3778501865103184,0.9914081256626769,0.0,0.9514189514189514,95.0,0.21213203435596428,1.9424273145850748,0.3939562320592813,0.8748394976525257,1.2687957297118069,0.377837147710228,0.0,1.0,0.0,1.0,0.0005437124614729799,3.538720538720539e-05,100.0,0.0,1.2687957297118069,1,0.3778501865103184,0.9914081256626769,0.9514189514189514,95,-1.303880009034808e-05,-1.303880009034808e-05,-1.303880009034808e-05,0.008591874337323113,0.008591874337323113,0.048581048581048614,1.530922014551764,2.220324207808665,0.377837147710228,1.0,1.0,100,1.5
A,sbm,leiden,50,1,0,0,49.423,0.61286,0.19326889111111106,0.0030595333111111114,1,ok,1.367,10000,247063,49.4126,100,0.6121596515868423,100,100,27,79,0.13674217325284943,lspar,0.2,0.2045,0.5,ok,0.03385,50524,0.3778501865103184,0.0,0.3778501865103184,0.9914081256626769,0.0,0.9514189514189514,95.0,0.21213203435596428,1.9424273145850748,0.35011235205456614,0.42314784401484457,0.7732601960694108,0.37782909217311705,0.0,0.9998612442604613,0.0,0.9997969800009998,-3.9088638537510514e-05,-4.3528576000043534e-05,100.0,0.001414213562373095,0.7732601960694108,1,0.3778501865103184,0.9914081256626769,0.9514189514189514,95,-2.10943372013217e-05,-2.10943372013217e-05,-2.10943372013217e-05,0.008453118597784415,0.008453118597784415,0.04837802858204843,2.511997028243149,4.590422335974213,0.377837147710228,1.0,1.0,100,1.5
A,sbm,leiden,50,1,0,0,49.423,0.61286,0.19326889111111106,0.0030595333111111114,1,ok,1.367,10000,247063,49.4126,100,0.6121596515868423,100,100,27,79,0.13674217325284943,lspar,0.15,0.15234,0.40625,ok,0.03385,37638,0.3778501865103184,0.0,0.3778501865103184,0.9914081256626769,0.0,0.9514189514189514,95.0,0.21213203435596428,1.9424273145850748,0.3639855410438031,0.378461765338822,0.7424473063826251,0.3778250353335207,0.0,0.9998612442604613,0.0,0.9997969800009998,-0.00126531601814201,-0.0001265049240001265,100.0,0.001414213562373095,0.7424473063826251,1,0.3778501865103184,0.9914081256626769,0.9514189514189514,95,-2.5151176797688635e-05,-2.5151176797688635e-05,-2.5151176797688635e-05,0.008453118597784415,0.008453118597784415,0.04837802858204843,2.6162493929017394,5.132426819512655,0.377837147710228,1.0,1.0,100,1.5
A,sbm,leiden,50,1,0,0,49.423,0.61286,0.19326889111111106,0.0030595333111111114,1,ok,1.367,10000,247063,49.4126,100,0.6121596515868423,100,100,27,79,0.13674217325284943,lspar,0.05,0.06392,0.125,ok,0.03385,15792,0.3778501865103184,0.0,0.3778501865103184,0.9914081256626769,0.0,0.9514189514189514,95.0,0.21213203435596428,1.9424273145850748,0.46958720800466835,0.3088298286505354,0.7784170366552037,0.3775794225867906,2.1008001806299037e-05,0.998982334828474,6.54101522755358e-05,0.9985101774434678,0.0009727767702846381,0.00011071276739686846,100.0,0.004080880229039761,0.7784170366552037,1,0.3778501865103184,0.9914081256626769,0.9514189514189514,95,-0.00027076392352776146,-0.00027076392352776146,-0.00027076392352776146,0.007574209165797097,0.007574209165797097,0.04709122602451643,2.495355603895222,6.289636344626154,0.377837147710228,1.0,1.0,100,1.5
A,sbm,leiden,50,1,0,0,49.423,0.61286,0.19326889111111106,0.0030595333111111114,1,ok,1.367,10000,247063,49.4126,100,0.6121596515868423,100,100,27,79,0.13674217325284943,dspar,0.5,0.50126,0.5,ok,0.03385,123842,0.3778501865103184,0.0,0.3778501865103184,0.9914081256626769,0.0,0.9514189514189514,95.0,0.21213203435596428,1.9424273145850748,0.0874240449629724,1.4506986049818806,1.538122649944853,0.376325836546156,4.5682297202369e-05,0.9416449089656264,0.0009201711008233764,0.7469099027954048,0.0010087722578962183,7.831090233879169e-05,67.33333333333333,0.33633739694037473,1.538122649944853,1,0.3778501865103184,0.9914081256626769,0.9514189514189514,95,-0.001524349964162397,-0.001524349964162397,-0.001524349964162397,-0.04976321669705053,-0.04976321669705053,-0.20450904862354657,1.262855933273408,1.338959938277004,0.37536101867869986,0.8822348247770389,0.5403485403485403,42,0.75
A,sbm,leiden,50,1,0,0,49.423,0.61286,0.19326889111111106,0.0030595333111111114,1,ok,1.367,10000,247063,49.4126,100,0.6121596515868423,100,100,27,79,0.13674217325284943,dspar,0.2,0.1994,0.2,ok,0.03385,49265,0.3778501865103184,0.0,0.3778501865103184,0.9914081256626769,0.0,0.9514189514189514,95.0,0.21213203435596428,1.9424273145850748,0.0857317729969509,1.0401250773575157,1.1258568503544666,0.1205460336189934,0.004095418493343224,0.2111228836302195,0.0181238543084735,0.03984782689230207,3.8474647533478665e-05,-6.608715500165732e-06,19.333333333333332,0.8164333874495018,1.1258568503544666,1,0.3778501865103184,0.9914081256626769,0.9514189514189514,95,-0.25730415289132497,-0.25730415289132497,-0.25730415289132497,-0.7802852420324574,-0.7802852420324574,-0.9115711245266493,1.7252880008444393,1.8674939743976737,0.0,0.0,0.0,1,0.25
A,sbm,leiden,50,1,0,0,49.423,0.61286,0.19326889111111106,0.0030595333111111114,1,ok,1.367,10000,247063,49.4126,100,0.6121596515868423,100,100,27,79,0.13674217325284943,dspar,0.15,0.14901,0.15,ok,0.03385,36816,0.3778501865103184,0.0,0.3778501865103184,0.9914081256626769,0.0,0.9514189514189514,95.0,0.21213203435596428,1.9424273145850748,0.09330238401889801,1.01994208698549,1.113244471004388,0.07881892440900355,0.0014992203378207708,0.12318549486171193,0.008912413004121064,0.020624897665442805,9.476573064175605e-05,1.709130917258768e-05,22.333333333333332,0.7601685065276444,1.113244471004388,1,0.3778501865103184,0.9914081256626769,0.9514189514189514,95,-0.2990312621013148,-0.2990312621013148,-0.2990312621013148,-0.868222630800965,-0.868222630800965,-0.9307940537535085,1.7448344592563607,1.9044486342612394,0.37536101867869986,0.8822348247770389,0.5403485403485403,42,0.75
A,sbm,leiden,50,1,0,0,49.423,0.61286,0.19326889111111106,0.0030595333111111114,1,ok,1.367,10000,247063,49.4126,100,0.6121596515868423,100,100,27,79,0.13674217325284943,dspar,0.05,0.0496,0.05,ok,0.03385,12254,0.3778501865103184,0.0,0.3778501865103184,0.9914081256626769,0.0,0.9514189514189514,95.0,0.21213203435596428,1.9424273145850748,0.09148718899814412,0.5003395506646484,0.5918267396627925,0.040130821200752766,0.0003734543679148977,0.09076818621346856,0.002657897525255943,0.012888065052363026,0.0007228322771613035,6.802674224881363e-05,991.3333333333334,3.6065408405174195,0.5918267396627925,1,0.3778501865103184,0.9914081256626769,0.9514189514189514,95,-0.3377193653095656,-0.3377193653095656,-0.3377193653095656,-0.9006399394492083,-0.9006399394492083,-0.9385308863665883,3.2820877875369727,3.882218209623374,0.08896627723635374,0.5923313380148038,0.13327564644003176,1429,60.0
A,sbm,leiden,50,1,0,0,49.423,0.61286,0.19326889111111106,0.0030595333111111114,1,ok,1.367,10000,247063,49.4126,100,0.6121596515868423,100,100,27,79,0.13674217325284943,random,0.5,0.5,0.5,ok,0.03385,123532,0.3778501865103184,0.0,0.3778501865103184,0.9914081256626769,0.0,0.9514189514189514,95.0,0.21213203435596428,1.9424273145850748,0.004788625054061413,1.4253759116594058,1.4301645367134672,0.3765473762593419,8.687700297236252e-05,0.9462100773507651,0.00013608697043238286,0.7625123935309528,-0.000770181936498372,-9.322488808968613e-05,70.0,0.34636366885457104,1.4301645367134672,1,0.3778501865103184,0.9914081256626769,0.9514189514189514,95,-0.0013028102509764494,-0.0013028102509764494,-0.0013028102509764494,-0.045198048311911765,-0.045198048311911765,-0.1889065578879986,1.3581845058532864,1.3627473978592242,0.3778501865103184,0.9914081256626769,0.9514189514189514,95,1.0
A,sbm,leiden,50,1,0,0,49.423,0.61286,0.19326889111111106,0.0030595333111111114,1,ok,1.367,10000,247063,49.4126,100,0.6121596515868423,100,100,27,79,0.13674217325284943,random,0.2,0.2,0.2,ok,0.03385,49413,0.3778501865103184,0.0,0.3778501865103184,0.9914081256626769,0.0,0.9514189514189514,95.0,0.21213203435596428,1.9424273145850748,0.004019833984784782,0.9914561529876664,0.9954759869724512,0.12932760165298188,0.007086448379186383,0.22964309753324733,0.01712681830071533,0.044656226870448214,-0.00013082088661900667,-3.261786779316787e-05,19.333333333333332,0.8107435277348264,0.9954759869724512,1,0.3778501865103184,0.9914081256626769,0.9514189514189514,95,-0.2485225848573365,-0.2485225848573365,-0.2485225848573365,-0.7617650281294296,-0.7617650281294296,-0.9067627245485032,1.9512548167963286,1.9591661302738803,0.0,0.0,0.0,1,0.25
A,sbm,leiden,50,1,0,0,49.423,0.61286,0.19326889111111106,0.0030595333111111114,1,ok,1.367,10000,247063,49.4126,100,0.6121596515868423,100,100,27,79,0.13674217325284943,random,0.15,0.15,0.15,ok,0.03385,37059,0.3778501865103184,0.0,0.3778501865103184,0.9914081256626769,0.0,0.9514189514189514,95.0,0.21213203435596428,1.9424273145850748,0.003991957986727357,0.9105252726585604,0.9145172306452878,0.08353093005994328,0.0014890114692652486,0.12835427650042044,0.006721043361806294,0.02009887520611791,0.0006151721021657054,6.118362530601865e-05,28.0,1.1471015734988648,0.9145172306452878,1,0.3778501865103184,0.9914081256626769,0.9514189514189514,95,-0.2943192564503751,-0.2943192564503751,-0.2943192564503751,-0.8630538491622565,-0.8630538491622565,-0.9313200762128335,2.1239920359012685,2.1333041189659205,0.37536101867869986,0.8822348247770389,0.5403485403485403,42,0.75
A,sbm,leiden,50,1,0,0,49.423,0.61286,0.19326889111111106,0.0030595333111111114,1,ok,1.367,10000,247063,49.4126,100,0.6121596515868423,100,100,27,79,0.13674217325284943,random,0.05,0.05,0.05,ok,0.03385,12353,0.3778501865103184,0.0,0.3778501865103184,0.9914081256626769,0.0,0.9514189514189514,95.0,0.21213203435596428,1.9424273145850748,0.003956619999371469,0.5158743186620995,0.519830938661471,0.04007768644256134,0.00020412159310753602,0.09299416655957582,0.0022209711476341596,0.01321676414425737,3.385522488687723e-05,3.767619604920225e-05,1010.6666666666666,3.611817613308668,0.519830938661471,1,0.3778501865103184,0.9914081256626769,0.9514189514189514,95,-0.33777250006775705,-0.33777250006775705,-0.33777250006775705,-0.8984139591031011,-0.8984139591031011,-0.9382021872746941,3.736651996102217,3.765311131638974,0.08896627723635374,0.5923313380148038,0.13327564644003176,1429,60.0
A,sbm,leiden,50,2,0,0,49.423,0.61286,0.19326889111111106,0.0030595333111111114,1,ok,1.367,10000,247194,49.4388,100,0.6138174874794695,100,100,26,77,0.13565001929402995,lspar,0.5,0.49632,0.789062,ok,0.03404,122687,0.37618426384335624,0.0,0.37618426384335624,0.9965662365295321,0.0,0.9799960388195682,98.0,0.13856406460551018,1.922675136209,0.38231402600649744,0.871728868650583,1.2540428946570805,0.3761804216211892,0.0,1.0,0.0,1.0,0.0015360447797064575,0.00012856565656565655,100.0,0.0,1.2540428946570805,1,0.37618426384335624,0.9965662365295321,0.9799960388195682,98,-3.842222167038667e-06,-3.842222167038667e-06,-3.842222167038667e-06,0.0034337634704678655,0.0034337634704678655,0.020003961180431795,1.5331813165248687,2.2055884637447636,0.3761804216211892,1.0,1.0,100,1.5
A,sbm,leiden,50,2,0,0,49.423,0.61286,0.19326889111111106,0.0030595333111111114,1,ok,1.367,10000,247194,49.4388,100,0.6138174874794695,100,100,26,77,0.13565001929402995,lspar,0.2,0.19681,0.484375,ok,0.03404,48651,0.37618426384335624,0.0,0.37618426384335624,0.9965662365295321,0.0,0.9799960388195682,98.0,0.13856406460551018,1.922675136209,0.36309401999460533,0.4386198289770012,0.8017138489716065,0.3761723064665298,0.0,0.9998612442604613,0.0,0.9997969800009998,8.494735799384334e-05,3.2646432000032635e-05,100.0,0.001414213562373095,0.8017138489716065,1,0.37618426384335624,0.9965662365295321,0.9799960388195682,98,-1.1957376826410293e-05,-1.1957376826410293e-05,-1.1957376826410293e-05,0.003295007730929167,0.003295007730929167,0.01980094118143161,2.398206216189604,4.383466066030987,0.3761804216211892,1.0,1.0,100,1.5
A,sbm,leiden,50,2,0,0,49.423,0.61286,0.19326889111111106,0.0030595333111111114,1,ok,1.367,10000,247194,49.4388,100,0.6138174874794695,100,100,26,77,0.13565001929402995,lspar,0.15,0.15343,0.40625,ok,0.03404,37928,0.37618426384335624,0.0,0.37618426384335624,0.9965662365295321,0.0,0.9799960388195682,98.0,0.13856406460551018,1.922675136209,0.35928492300445214,0.37499716464662924,0.7342820876510814,0.3761521374615608,0.0,0.9998612442604613,0.0,0.9997969800009998,0.0002472455788050904,6.121206000006122e-05,100.0,0.001414213562373095,0.7342820876510814,1,0.37618426384335624,0.9965662365295321,0.9799960388195682,98,-3.21263817954498e-05,-3.21263817954498e-05,-3.21263817954498e-05,0.003295007730929167,0.003295007730929167,0.01980094118143161,2.618442106302099,5.1271724628126,0.3761804216211892,1.0,1.0,100,1.5
A,sbm,leiden,50,2,0,0,49.423,0.61286,0.19326889111111106,0.0030595333111111114,1,ok,1.367,10000,247194,49.4388,100,0.6138174874794695,100,100,26,77,0.13565001929402995,lspar,0.05,0.06399,0.125,ok,0.03404,15818,0.37618426384335624,0.0,0.37618426384335624,0.9965662365295321,0.0,0.9799960388195682,98.0,0.13856406460551018,1.922675136209,0.46238130499841645,0.30625983166585985,0.7686411366642762,0.3757369510725919,4.646034691415402e-05,0.9984283192333187,0.0008172149743495096,0.9951216173442453,0.00028988777925124004,7.3973603406257086e-06,100.66666666666667,0.11118306722246406,0.7686411366642762,1,0.37618426384335624,0.9965662365295321,0.9799960388195682,98,-0.00044731277076431875,-0.00044731277076431875,-0.00044731277076431875,0.0018620827037865162,0.0018620827037865162,0.015125578524677108,2.5013950522515134,6.277921351131368,0.3761804216211892,1.0,1.0,100,1.5
A,sbm,leiden,50,2,0,0,49.423,0.61286,0.19326889111111106,0.0030595333111111114,1,ok,1.367,10000,247194,49.4388,100,0.6138174874794695,100,100,26,77,0.13565001929402995,dspar,0.5,0.49969,0.5,ok,0.03404,123521,0.37618426384335624,0.0,0.37618426384335624,0.9965662365295321,0.0,0.9799960388195682,98.0,0.13856406460551018,1.922675136209,0.09274863195605576,1.45974119931149,1.5524898312675457,0.3749056391115211,2.385352332610689e-05,0.9467060901032965,0.0025667528134831934,0.7616249804412968,0.001168694281340581,0.00010039512235124628,70.0,0.3516479742485871,1.5524898312675457,1,0.37618426384335624,0.9965662365295321,0.9799960388195682,98,-0.001278624731835154,-0.001278624731835154,-0.001278624731835154,-0.049860146426235596,-0.049860146426235596,-0.21837105837827142,1.2384462026647949,1.3171342544252778,0.37618426384335624,0.9965662365295321,0.9799960388195682,98,1.0
A,sbm,leiden,50,2,0,0,49.423,0.61286,0.19326889111111106,0.0030595333111111114,1,ok,1.367,10000,247194,49.4388,100,0.6138174874794695,100,100,26,77,0.13565001929402995,dspar,0.2,0.19929,0.2,ok,0.03404,49264,0.37618426384335624,0.0,0.37618426384335624,0.9965662365295321,0.0,0.9799960388195682,98.0,0.13856406460551018,1.922675136209,0.08940082200570032,1.0117412720186014,1.1011420940243017,0.1292034927202382,0.0016787337195761634,0.24126144890480963,0.0033772976771009513,0.04872544365911971,-5.3989820876019794e-05,-8.796768032055226e-06,19.666666666666668,0.7481602331809764,1.1011420940243017,1,0.37618426384335624,0.9965662365295321,0.9799960388195682,98,-0.24698077112311803,-0.24698077112311803,-0.24698077112311803,-0.7553047876247225,-0.7553047876247225,-0.9312705951604485,1.7460735963532854,1.9003624635900496,0.0,0.0,0.0,1,0.25
A,sbm,leiden,50,2,0,0,49.423,0.61286,0.19326889111111106,0.0030595333111111114,1,ok,1.367,10000,247194,49.4388,100,0.6138174874794695,100,100,26,77,0.13565001929402995,dspar,0.15,0.1492,0.15,ok,0.03404,36882,0.37618426384335624,0.0,0.37618426384335624,0.9965662365295321,0.0,0.9799960388195682,98.0,0.13856406460551018,1.922675136209,0.09191303496481851,0.9403113522954906,1.032224387260309,0.0797000559018825,0.0005221933787995496,0.12329776202046143,0.002450532215114958,0.018772666030653678,-0.0002108192651349227,-3.3102682567506174e-05,24.666666666666668,1.0130734752596509,1.032224387260309,1,0.37618426384335624,0.9965662365295321,0.9799960388195682,98,-0.29648420794147373,-0.29648420794147373,-0.29648420794147373,-0.8732684745090707,-0.8732684745090707,-0.9612233727889146,1.8626523069388932,2.044721816359401,0.37374718600260887,0.8814047835940798,0.5434455047714716,41,0.75
A,sbm,leiden,50,2,0,0,49.423,0.61286,0.19326889111111106,0.0030595333111111114,1,ok,1.367,10000,247194,49.4388,100,0.6138174874794695,100,100,26,77,0.13565001929402995,dspar,0.05,0.05005,0.05,ok,0.03404,12371,0.37618426384335624,0.0,0.37618426384335624,0.9965662365295321,0.0,0.9799960388195682,98.0,0.13856406460551018,1.922675136209,0.08201840502442792,0.5077314369846135,0.5897498420090415,0.04050501922717054,0.00015962908101652603,0.0937493945403934,0.0014326600587368672,0.01310501846151701,-0.0011982403798083319,-5.9126073525947506e-05,973.3333333333334,3.5792415739305294,0.5897498420090415,1,0.37618426384335624,0.9965662365295321,0.9799960388195682,98,-0.3356792446161857,-0.3356792446161857,-0.3356792446161857,-0.9028168419891387,-0.9028168419891387,-0.9668910203580512,3.2601537113756844,3.786795530384433,0.08735677269047054,0.5871317661238851,0.13002537234721467,1467,60.0
A,sbm,leiden,50,2,0,0,49.423,0.61286,0.19326889111111106,0.0030595333111111114,1,ok,1.367,10000,247194,49.4388,100,0.6138174874794695,100,100,26,77,0.13565001929402995,random,0.5,0.5,0.5,ok,0.03404,123597,0.37618426384335624,0.0,0.37618426384335624,0.9965662365295321,0.0,0.9799960388195682,98.0,0.13856406460551018,1.922675136209,0.004719943972304463,1.4204525740351528,1.4251725180074573,0.37462868581533276,5.893754274228961e-05,0.951888066441403,0.002193060869747791,0.7846439444016106,-0.0008344969008451009,-3.762591177611655e-05,73.66666666666667,0.3519418288040432,1.4251725180074573,1,0.37618426384335624,0.9965662365295321,0.9799960388195682,98,-0.0015555780280234743,-0.0015555780280234743,-0.0015555780280234743,-0.04467817008812913,-0.04467817008812913,-0.19535209441795764,1.3490823825996199,1.3535651744761585,0.37618426384335624,0.9965662365295321,0.9799960388195682,98,1.0
A,sbm,leiden,50,2,0,0,49.423,0.61286,0.19326889111111106,0.0030595333111111114,1,ok,1.367,10000,247194,49.4388,100,0.6138174874794695,100,100,26,77,0.13565001929402995,random,0.2,0.2,0.2,ok,0.03404,49439,0.37618426384335624,0.0,0.37618426384335624,0.9965662365295321,0.0,0.9799960388195682,98.0,0.13856406460551018,1.922675136209,0.00409064901759848,1.0270297820097767,1.0311204310273752,0.12165307179284994,0.0028179476303907334,0.2223346914701505,0.009109791537951873,0.04059895143666923,-0.0006371780437138626,1.0705718179010253e-05,19.666666666666668,0.8139953588643644,1.0311204310273752,1,0.37618426384335624,0.9965662365295321,0.9799960388195682,98,-0.2545311920505063,-0.2545311920505063,-0.2545311920505063,-0.7742315450593816,-0.7742315450593816,-0.939397087382899,1.8646465324068,1.8720734002927846,0.0,0.0,0.0,1,0.25
A,sbm,leiden,50,2,0,0,49.423,0.61286,0.19326889111111106,0.0030595333111111114,1,ok,1.367,10000,247194,49.4388,100,0.6138174874794695,100,100,26,77,0.13565001929402995,random,0.15,0.15,0.15,ok,0.03404,37079,0.37618426384335624,0.0,0.37618426384335624,0.9965662365295321,0.0,0.9799960388195682,98.0,0.13856406460551018,1.922675136209,0.004070506023708731,0.9986365136768048,1.0027070197005137,0.07768131853567034,0.001394422251336565,0.1144413450981966,0.0008898677353119286,0.016779465085163547,0.001251798480470051,8.716629653545195e-05,25.666666666666668,1.0315565314871769,1.0027070197005137,1,0.37618426384335624,0.9965662365295321,0.9799960388195682,98,-0.2985029453076859,-0.2985029453076859,-0.2985029453076859,-0.8821248914313355,-0.8821248914313355,-0.9632165737344046,1.9174844679787526,1.9253002567771598,0.37374718600260887,0.8814047835940798,0.5434455047714716,41,0.75
A,sbm,leiden,50,2,0,0,49.423,0.61286,0.19326889111111106,0.0030595333111111114,1,ok,1.367,10000,247194,49.4388,100,0.6138174874794695,100,100,26,77,0.13565001929402995,random,0.05,0.05,0.05,ok,0.03404,12360,0.37618426384335624,0.0,0.37618426384335624,0.9965662365295321,0.0,0.9799960388195682,98.0,0.13856406460551018,1.922675136209,0.003491286013741046,0.5270744630252011,0.5305657490389422,0.04005174968386594,0.00011715531555853629,0.08688863974954408,0.00023073391541686314,0.012099149236844233,-5.476858117551653e-05,-2.0386223492338484e-06,1032.3333333333333,3.695769076612732,0.5305657490389422,1,0.37618426384335624,0.9965662365295321,0.9799960388195682,98,-0.3361325141594903,-0.3361325141594903,-0.3361325141594903,-0.909677596779988,-0.909677596779988,-0.967896889582724,3.623820685168052,3.6478244936656528,0.08735677269047054,0.5871317661238851,0.13002537234721467,1467,60.0
A,sbm,leiden,50,3,0,0,49.423,0.61286,0.19326889111111106,0.0030595333111111114,1,ok,1.367,10000,247839,49.5678,100,0.6143706196361347,100,100,27,79,0.13778117508894158,lspar,0.5,0.49524,0.789062,ok,0.03393,122739,0.37563652621069643,0.0,0.37563652621069643,0.9948478625272609,0.0,0.9702853780523684,97.0,0.16792855623746672,1.9411960716126486,0.3968000509776175,0.8697556466795504,1.266555697657168,0.37560697124068493,4.5324665183683945e-17,0.9998612442604613,0.0,0.9997969800009998,-0.0015418191238563636,-0.00013602680000013602,100.0,0.001414213562373095,1.266555697657168,1,0.37563652621069643,0.9948478625272609,0.9702853780523684,97,-2.9554970011502757e-05,-2.9554970011502757e-05,-2.9554970011502757e-05,0.005013381733200428,0.005013381733200428,0.02951160194863145,1.5326574861282514,2.2318867132665545,0.37562715959653237,1.0,1.0,100,1.5
A,sbm,leiden,50,3,0,0,49.423,0.61286,0.19326889111111106,0.0030595333111111114,1,ok,1.367,10000,247839,49.5678,100,0.6143706196361347,100,100,27,79,0.13778117508894158,lspar,0.2,0.19627,0.484375,ok,0.03393,48644,0.37563652621069643,0.0,0.37563652621069643,0.9948478625272609,0.0,0.9702853780523684,97.0,0.16792855623746672,1.9411960716126486,0.3734239599434659,0.41751389098741737,0.7909378509308833,0.37562715959653237,4.5324665183683945e-17,1.0,0.0,1.0,-0.0010290469443979813,-0.00011084175084175083,100.0,0.0,0.7909378509308833,1,0.37563652621069643,0.9948478625272609,0.9702853780523684,97,-9.366614164063591e-06,-9.366614164063591e-06,-9.366614164063591e-06,0.005152137472739127,0.005152137472739127,0.029714621947631636,2.4542965914805883,4.6494167344270485,0.37562715959653237,1.0,1.0,100,1.5
A,sbm,leiden,50,3,0,0,49.423,0.61286,0.19326889111111106,0.0030595333111111114,1,ok,1.367,10000,247839,49.5678,100,0.6143706196361347,100,100,27,79,0.13778117508894158,lspar,0.15,0.15293,0.40625,ok,0.03393,37901,0.37563652621069643,0.0,0.37563652621069643,0.9948478625272609,0.0,0.9702853780523684,97.0,0.16792855623746672,1.9411960716126486,0.368758768949192,0.3849682350022097,0.7537270039514017,0.37555045414807364,3.204937810639273e-17,0.9995837327225364,0.0,0.9993909412211157,0.0014044976253320548,0.0001468682462639481,100.0,0.002449489742783178,0.7537270039514017,1,0.37563652621069643,0.9948478625272609,0.9702853780523684,97,-8.607206262278844e-05,-8.607206262278844e-05,-8.607206262278844e-05,0.004735870195275549,0.004735870195275549,0.02910556316874735,2.5754630807121934,5.04248375609875,0.37562715959653237,1.0,1.0,100,1.5
A,sbm,leiden,50,3,0,0,49.423,0.61286,0.19326889111111106,0.0030595333111111114,1,ok,1.367,10000,247839,49.5678,100,0.6143706196361347,100,100,27,79,0.13778117508894158,lspar,0.05,0.0638,0.125,ok,0.03393,15811,0.37563652621069643,0.0,0.37563652621069643,0.9948478625272609,0.0,0.9702853780523684,97.0,0.16792855623746672,1.9411960716126486,0.4747790779802017,0.30357057533304516,0.7783496533132468,0.3750836302652782,0.0,0.9987828472603848,0.0,0.998093370323574,-0.00019003403743905867,-1.705848842308705e-05,101.0,0.0951558721256865,0.7783496533132468,1,0.37563652621069643,0.9948478625272609,0.9702853780523684,97,-0.0005528959454182414,-0.0005528959454182414,-0.0005528959454182414,0.003934984733123925,0.003934984733123925,0.027807992271205673,2.4939897684150627,6.394546208844438,0.37562715959653237,1.0,1.0,100,1.5
A,sbm,leiden,50,3,0,0,49.423,0.61286,0.19326889111111106,0.0030595333111111114,1,ok,1.367,10000,247839,49.5678,100,0.6143706196361347,100,100,27,79,0.13778117508894158,dspar,0.5,0.50085,0.5,ok,0.03393,124130,0.37563652621069643,0.0,0.37563652621069643,0.9948478625272609,0.0,0.9702853780523684,97.0,0.16792855623746672,1.9411960716126486,0.09307106398046017,1.4689749743168552,1.5620460382973154,0.3742348623714608,5.930272092779567e-05,0.9456665685464012,0.0007202105030156993,0.7592969264933926,-0.0006321019198625891,-2.18902731962249e-05,69.33333333333333,0.3438988682930039,1.5620460382973154,1,0.37563652621069643,0.9948478625272609,0.9702853780523684,97,-0.0014016638392356229,-0.0014016638392356229,-0.0014016638392356229,-0.049181293980859686,-0.049181293980859686,-0.21098845155897572,1.2427265419965599,1.3214629966827034,0.37563652621069643,0.9948478625272609,0.9702853780523684,97,1.0
A,sbm,leiden,50,3,0,0,49.423,0.61286,0.19326889111111106,0.0030595333111111114,1,ok,1.367,10000,247839,49.5678,100,0.6143706196361347,100,100,27,79,0.13778117508894158,dspar,0.2,0.19996,0.2,ok,0.03393,49558,0.37563652621069643,0.0,0.37563652621069643,0.9948478625272609,0.0,0.9702853780523684,97.0,0.16792855623746672,1.9411960716126486,0.087058381002862,1.003328263022316,1.090386644025178,0.1285881770480871,0.005516549851516626,0.2368460195913438,0.015979750408041945,0.04653843873609067,0.0001387362944155366,2.516277198792622e-05,19.333333333333332,0.7739606671258762,1.090386644025178,1,0.37563652621069643,0.9948478625272609,0.9702853780523684,97,-0.24704834916260934,-0.24704834916260934,-0.24704834916260934,-0.7580018429359171,-0.7580018429359171,-0.9237469393162777,1.7802823266861518,1.9347566924559692,0.0,0.0,0.0,1,0.25
A,sbm,leiden,50,3,0,0,49.423,0.61286,0.19326889111111106,0.0030595333111111114,1,ok,1.367,10000,247839,49.5678,100,0.6143706196361347,100,100,27,79,0.13778117508894158,dspar,0.15,0.14964,0.15,ok,0.03393,37086,0.37563652621069643,0.0,0.37563652621069643,0.9948478625272609,0.0,0.9702853780523684,97.0,0.16792855623746672,1.9411960716126486,0.09202307998202741,0.9428280839929357,1.0348511639749631,0.08188934164085447,0.0019910289132763267,0.1307540031668005,0.004973850794192249,0.020700545196156887,0.0007704205969358002,7.439649009582206e-05,22.666666666666668,0.887841994280092,1.0348511639749631,1,0.37563652621069643,0.9948478625272609,0.9702853780523684,97,-0.29374718456984195,-0.29374718456984195,-0.29374718456984195,-0.8640938593604603,-0.8640938593604603,-0.9495848328562114,1.875821508627702,2.0589077739300703,0.37319316338311553,0.8816589113397033,0.5434455047714716,41,0.75
A,sbm,leiden,50,3,0,0,49.423,0.61286,0.19326889111111106,0.0030595333111111114,1,ok,1.367,10000,247839,49.5678,100,0.6143706196361347,100,100,27,79,0.13778117508894158,dspar,0.05,0.05031,0.05,ok,0.03393,12469,0.37563652621069643,0.0,0.37563652621069643,0.9948478625272609,0.0,0.9702853780523684,97.0,0.16792855623746672,1.9411960716126486,0.09126020304393023,0.5091667606611736,0.6004269637051038,0.040499642212494996,0.00031043759590251125,0.09244002720524565,0.0017614839252391367,0.013005258606312757,0.0007372190197079361,9.06231017187473e-05,919.0,3.5360067261455925,0.6004269637051038,1,0.37563652621069643,0.9948478625272609,0.9702853780523684,97,-0.3351368839982014,-0.3351368839982014,-0.3351368839982014,-0.9024078353220152,-0.9024078353220152,-0.9572801194460556,3.2330261446520505,3.812495672521763,0.08776160995636029,0.5889041122908955,0.13091050201751883,1455,60.0
A,sbm,leiden,50,3,0,0,49.423,0.61286,0.19326889111111106,0.0030595333111111114,1,ok,1.367,10000,247839,49.5678,100,0.6143706196361347,100,100,27,79,0.13778117508894158,random,0.5,0.5,0.5,ok,0.03393,123920,0.37563652621069643,0.0,0.37563652621069643,0.9948478625272609,0.0,0.9702853780523684,97.0,0.16792855623746672,1.9411960716126486,0.0036714719608426094,1.4076837666798383,1.411355238640681,0.37341012456496187,4.5196872280741065e-05,0.9326637362117385,0.0016491366106185599,0.7171677311841677,-0.00028357294520370177,-6.210544597343043e-07,64.0,0.348473112041858,1.411355238640681,1,0.37563652621069643,0.9948478625272609,0.9702853780523684,97,-0.002226401645734566,-0.002226401645734566,-0.002226401645734566,-0.06218412631552239,-0.06218412631552239,-0.2531176468682007,1.375412807821703,1.3790001117872888,0.37319316338311553,0.8816589113397033,0.5434455047714716,41,0.75
A,sbm,leiden,50,3,0,0,49.423,0.61286,0.19326889111111106,0.0030595333111111114,1,ok,1.367,10000,247839,49.5678,100,0.6143706196361347,100,100,27,79,0.13778117508894158,random,0.2,0.2,0.2,ok,0.03393,49568,0.37563652621069643,0.0,0.37563652621069643,0.9948478625272609,0.0,0.9702853780523684,97.0,0.16792855623746672,1.9411960716126486,0.004007694020401686,0.9762310609803535,0.9802387550007552,0.12068149221010512,0.003810857681351629,0.20536510079859294,0.010257827593510111,0.039497644460996864,0.0003492429298240611,-1.5744790248776888e-06,19.333333333333332,0.8080375978317308,0.9802387550007552,1,0.37563652621069643,0.9948478625272609,0.9702853780523684,97,-0.25495503400059133,-0.25495503400059133,-0.25495503400059133,-0.7894827617286679,-0.7894827617286679,-0.9307877335913715,1.9803298550577642,1.98845964772239,0.0,0.0,0.0,1,0.25
A,sbm,leiden,50,3,0,0,49.423,0.61286,0.19326889111111106,0.0030595333111111114,1,ok,1.367,10000,247839,49.5678,100,0.6143706196361347,100,100,27,79,0.13778117508894158,random,0.15,0.15,0.15,ok,0.03393,37176,0.37563652621069643,0.0,0.37563652621069643,0.9948478625272609,0.0,0.9702853780523684,97.0,0.16792855623746672,1.9411960716126486,0.0031297249952331185,0.9759989173423188,0.9791286423375519,0.0798026926285057,0.0018576890063494724,0.12524067441288664,0.011901312575461979,0.01916481779561885,0.00021631633584547237,2.5617624637493255e-05,26.666666666666668,1.035917491975192,0.9791286423375519,1,0.37563652621069643,0.9948478625272609,0.9702853780523684,97,-0.29583383358219073,-0.29583383358219073,-0.29583383358219073,-0.8696071881143742,-0.8696071881143742,-0.9511205602567495,1.9825751057371546,1.9889326075264484,0.37319316338311553,0.8816589113397033,0.5434455047714716,41,0.75
A,sbm,leiden,50,3,0,0,49.423,0.61286,0.19326889111111106,0.0030595333111111114,1,ok,1.367,10000,247839,49.5678,100,0.6143706196361347,100,100,27,79,0.13778117508894158,random,0.05,0.05,0.05,ok,0.03393,12392,0.37563652621069643,0.0,0.37563652621069643,0.9948478625272609,0.0,0.9702853780523684,97.0,0.16792855623746672,1.9411960716126486,0.003634018008597195,0.5046203166906101,0.5082543346992073,0.03987177788726928,0.00011892289611114754,0.09270656105424695,0.003250351432028361,0.013099235525889154,0.00015002751141655839,1.6372233044407172e-05,1051.3333333333333,3.662365310064983,0.5082543346992073,1,0.37563652621069643,0.9948478625272609,0.9702853780523684,97,-0.3357647483234272,-0.3357647483234272,-0.3357647483234272,-0.902141301473014,-0.902141301473014,-0.9571861425264792,3.8193399231144345,3.846844860197778,0.08776160995636029,0.5889041122908955,0.13091050201751883,1455,60.0
A,sbm,leiden,100,1,0,0,101.93,0.64153,0.36907926363636373,0.006605166959595961,1,ok,0.973,10000,509215,101.843,100,0.6421570456486946,100,100,70,141,0.09157130871378914,lspar,0.5,0.50217,0.835938,ok,0.01752,255712,0.34783185444586817,2.0422631357108757e-05,0.3478420657615467,0.9996567230798096,0.0006865538403808991,0.997979797979798,99.8,0.019798989873223337,3.006272836215794,1.2696969390381128,1.3793606436423336,2.649057582680446,0.3478420657615467,0.0,1.0,0.0,1.0,0.00043483748098750697,2.4505050505050507e-05,100.0,0.0,2.649057582680446,1,0.3478420657615467,1.0,1.0,100,0.0,0.0,1.0211315678521071e-05,0.0003432769201904273,0.0,0.002020202020202033,1.1348461641116536,2.1794683283680207,0.3478420657615467,1.0,1.0,100,1.0
A,sbm,leiden,100,1,0,0,101.93,0.64153,0.36907926363636373,0.006605166959595961,1,ok,0.973,10000,509215,101.843,100,0.6421570456486946,100,100,70,141,0.09157130871378914,lspar,0.2,0.20258,0.578125,ok,0.01752,103157,0.34783185444586817,2.0422631357108757e-05,0.3478420657615467,0.9996567230798096,0.0006865538403808991,0.997979797979798,99.8,0.019798989873223337,3.006272836215794,1.234456341015175,0.5058280666708015,1.7402844076859765,0.3478420657615467,0.0,1.0,0.0,1.0,-6.799025665744217e-05,2.740740740740736e-06,100.0,0.0,1.7402844076859765,1,0.3478420657615467,1.0,1.0,100,0.0,0.0,1.0211315678521071e-05,0.0003432769201904273,0.0,0.002020202020202033,1.7274606512237725,5.94327012338821,0.3478420657615467,1.0,1.0,100,1.0
A,sbm,leiden,100,1,0,0,101.93,0.64153,0.36907926363636373,0.006605166959595961,1,ok,0.973,10000,509215,101.843,100,0.6421570456486946,100,100,70,141,0.09157130871378914,lspar,0.15,0.15118,0.5,ok,0.01752,76982,0.34783185444586817,2.0422631357108757e-05,0.3478420657615467,0.9996567230798096,0.0006865538403808991,0.997979797979798,99.8,0.019798989873223337,3.006272836215794,1.1820436320267618,0.4535182109878709,1.6355618430146326,0.3478420657615467,0.0,1.0,0.0,1.0,-0.0006385962013559046,-0.00010404040404040403,100.0,0.0,1.6355618430146326,1,0.3478420657615467,1.0,1.0,100,0.0,0.0,1.0211315678521071e-05,0.0003432769201904273,0.0,0.002020202020202033,1.838067358354788,6.628780859025296,0.3478420657615467,1.0,1.0,100,1.0
A,sbm,leiden,100,1,0,0,101.93,0.64153,0.36907926363636373,0.006605166959595961,1,ok,0.973,10000,509215,101.843,100,0.6421570456486946,100,100,70,141,0.09157130871378914,lspar,0.05,0.04889,0.1875,ok,0.01752,24895,0.34783185444586817,2.0422631357108757e-05,0.3478420657615467,0.9996567230798096,0.0006865538403808991,0.997979797979798,99.8,0.019798989873223337,3.006272836215794,1.1995772620430216,0.3239259359931263,1.523503198036148,0.3478420657615467,0.0,1.0,0.0,1.0,0.0012311271740878494,0.00015645117845117845,100.0,0.0,1.523503198036148,1,0.3478420657615467,1.0,1.0,100,0.0,0.0,1.0211315678521071e-05,0.0003432769201904273,0.0,0.002020202020202033,1.97326322654983,9.28074137379227,0.3478420657615467,1.0,1.0,100,1.0
A,sbm,leiden,100,1,0,0,101.93,0.64153,0.36907926363636373,0.006605166959595961,1,ok,0.973,10000,509215,101.843,100,0.6421570456486946,100,100,70,141,0.09157130871378914,dspar,0.5,0.50026,0.5,ok,0.01752,254742,0.34783185444586817,2.0422631357108757e-05,0.3478420657615467,0.9996567230798096,0.0006865538403808991,0.997979797979798,99.8,0.019798989873223337,3.006272836215794,0.18952724599512294,2.062882496024637,2.25240974201976,0.34763090659382656,0.0,0.9879643978717031,1.1102230246251565e-16,0.9332578117624847,-0.00032113538386370244,-1.7911199219610435e-05,93.0,0.24535688292770585,2.25240974201976,1,0.3478420657615467,1.0,1.0,100,-0.00021115916772013188,-0.00021115916772013188,-0.0002009478520416108,-0.01169232520810648,-0.012035602128296907,-0.06472198621731329,1.3346918103453225,1.457316566507863,0.3478420657615467,1.0,1.0,100,1.0
A,sbm,leiden,100,1,0,0,101.93,0.64153,0.36907926363636373,0.006605166959595961,1,ok,0.973,10000,509215,101.843,100,0.6421570456486946,100,100,70,141,0.09157130871378914,dspar,0.2,0.19957,0.2,ok,0.01752,101626,0.34783185444586817,2.0422631357108757e-05,0.3478420657615467,0.9996567230798096,0.0006865538403808991,0.997979797979798,99.8,0.019798989873223337,3.006272836215794,0.18686369596980512,1.420202435653967,1.6070661316237722,0.33879960792108427,0.0004347904606888113,0.9032555066753766,0.0025922973512228615,0.6476882228667435,0.00029597592329650004,4.116766131450364e-05,55.0,0.3059227772340998,1.6070661316237722,1,0.3478420657615467,1.0,1.0,100,-0.009042457840462426,-0.009042457840462426,-0.009032246524783905,-0.096401216404433,-0.09674449332462343,-0.3502915751130544,1.8706590706247226,2.1167917761185095,0.3450620685791546,0.8879598993661553,0.5627705627705628,43,0.75
A,sbm,leiden,100,1,0,0,101.93,0.64153,0.36907926363636373,0.006605166959595961,1,ok,0.973,10000,509215,101.843,100,0.6421570456486946,100,100,70,141,0.09157130871378914,dspar,0.15,0.14932,0.15,ok,0.01752,76036,0.34783185444586817,2.0422631357108757e-05,0.3478420657615467,0.9996567230798096,0.0006865538403808991,0.997979797979798,99.8,0.019798989873223337,3.006272836215794,0.18582684401189908,1.2797271306626499,1.465553974674549,0.20074349543689288,0.010409407025529432,0.48985126026350506,0.029871611541912386,0.13623094082031206,-0.001600253720720937,-0.0001192846094633246,27.0,0.9247058412457921,1.465553974674549,1,0.3478420657615467,1.0,1.0,100,-0.14709857032465382,-0.14709857032465382,-0.1470883590089753,-0.5098054628163045,-0.510148739736495,-0.8617488571594859,2.051287696096889,2.349151443448049,0.3450620685791546,0.8879598993661553,0.5627705627705628,43,0.75
A,sbm,leiden,100,1,0,0,101.93,0.64153,0.36907926363636373,0.006605166959595961,1,ok,0.973,10000,509215,101.843,100,0.6421570456486946,100,100,70,141,0.09157130871378914,dspar,0.05,0.04971,0.05,ok,0.01752,25314,0.34783185444586817,2.0422631357108757e-05,0.3478420657615467,0.9996567230798096,0.0006865538403808991,0.997979797979798,99.8,0.019798989873223337,3.006272836215794,0.19148320000385866,0.8144247546442784,1.005907954648137,0.02893234312369346,8.407608362768122e-05,0.08057406315029249,0.0038784842842904924,0.011597185386978778,-0.0006295402962554943,-4.3528753587430265e-05,99.33333333333333,1.6119653839626553,1.005907954648137,1,0.3478420657615467,1.0,1.0,100,-0.3189097226378532,-0.3189097226378532,-0.3188995113221747,-0.9190826599295171,-0.9194259368497075,-0.9863826125928192,2.9886162270854864,3.6912837178296027,0.3478420657615467,1.0,1.0,100,1.0
A,sbm,leiden,100,1,0,0,101.93,0.64153,0.36907926363636373,0.006605166959595961,1,ok,0.973,10000,509215,101.843,100,0.6421570456486946,100,100,70,141,0.09157130871378914,random,0.5,0.5,0.5,ok,0.01752,254608,0.34783185444586817,2.0422631357108757e-05,0.3478420657615467,0.9996567230798096,0.0006865538403808991,0.997979797979798,99.8,0.019798989873223337,3.006272836215794,0.010945412970613688,2.011618594658406,2.0225640076290197,0.3477525439026971,0.0,0.9948478625272607,0.0,0.9702853780523683,-0.0006138200802038211,-4.296034781471674e-05,97.0,0.16792855623746672,2.0225640076290197,1,0.3478420657615467,1.0,1.0,100,-8.952185884958386e-05,-8.952185884958386e-05,-7.931054317106279e-05,-0.004808860552548921,-0.005152137472739349,-0.027694419927429714,1.486367217490408,1.494454686489061,0.3478420657615467,1.0,1.0,100,1.0
A,sbm,leiden,100,1,0,0,101.93,0.64153,0.36907926363636373,0.006605166959595961,1,ok,0.973,10000,509215,101.843,100,0.6421570456486946,100,100,70,141,0.09157130871378914,random,0.2,0.2,0.2,ok,0.01752,101843,0.34783185444586817,2.0422631357108757e-05,0.3478420657615467,0.9996567230798096,0.0006865538403808991,0.997979797979798,99.8,0.019798989873223337,3.006272836215794,0.009261459985282272,1.4258071813189115,1.4350686413041938,0.3377648693350763,0.00027845609591691607,0.9003051158710322,0.001976724930006896,0.63088586119612,3.817513757300192e-06,-1.4353604766285686e-05,55.666666666666664,0.3795556578821333,1.4350686413041938,1,0.3478420657615467,1.0,1.0,100,-0.01007719642647037,-0.01007719642647037,-0.010066985110791848,-0.09935160720877734,-0.09969488412896776,-0.36709393678367797,2.0948634439420863,2.108470819620159,0.3450620685791546,0.8879598993661553,0.5627705627705628,43,0.75
A,sbm,leiden,100,1,0,0,101.93,0.64153,0.36907926363636373,0.006605166959595961,1,ok,0.973,10000,509215,101.843,100,0.6421570456486946,100,100,70,141,0.09157130871378914,random,0.15,0.15,0.15,ok,0.01752,76382,0.34783185444586817,2.0422631357108757e-05,0.3478420657615467,0.9996567230798096,0.0006865538403808991,0.997979797979798,99.8,0.019798989873223337,3.006272836215794,0.009258756006602198,1.274166387990893,1.2834251439974953,0.2310048654419564,0.016405065954861575,0.5742246267223317,0.05087983096114597,0.18168515007424144,-0.000367271999828941,-1.597454252263078e-05,31.0,0.9219413352313403,1.2834251439974953,1,0.3478420657615467,1.0,1.0,100,-0.1168372003195903,-0.1168372003195903,-0.11682698900391178,-0.4254320963574779,-0.42577537327766835,-0.8162946479055565,2.3423826861083072,2.3594036575992936,0.3450620685791546,0.8879598993661553,0.5627705627705628,43,0.75
A,sbm,leiden,100,1,0,0,101.93,0.64153,0.36907926363636373,0.006605166959595961,1,ok,0.973,10000,509215,101.843,100,0.6421570456486946,100,100,70,141,0.09157130871378914,random,0.05,0.05,0.05,ok,0.01752,25461,0.34783185444586817,2.0422631357108757e-05,0.3478420657615467,0.9996567230798096,0.0006865538403808991,0.997979797979798,99.8,0.019798989873223337,3.006272836215794,0.008906821021810174,0.7984582696808502,0.8073650907026604,0.028477857998068748,0.0001368753750904962,0.07726909014948857,0.0021948941388534944,0.01054214190429828,0.0007057556374671731,5.5545265197104807e-05,95.0,1.6025119382533657,0.8073650907026604,1,0.3478420657615467,1.0,1.0,100,-0.31936420776347796,-0.31936420776347796,-0.31935399644779944,-0.922387632930321,-0.9227309098505114,-0.9874376560754997,3.7235605933858196,3.765097000520045,0.3478420657615467,1.0,1.0,100,1.0
A,sbm,leiden,100,2,0,0,101.93,0.64153,0.36907926363636373,0.006605166959595961,1,ok,0.973,10000,509739,101.9478,100,0.6418441594619991,100,100,71,142,0.0925850156183693,lspar,0.5,0.50155,0.835938,ok,0.01741,255662,0.3481439794725071,2.105466643227416e-05,0.34815450680572313,0.9996567230798096,0.000686553840380899,0.997979797979798,99.8,0.019798989873223337,2.9753855207934974,1.2524917899863794,1.3912170063510227,2.6437087963374024,0.3481545068057231,5.551115123125783e-17,1.0,0.0,1.0,0.00039019456193292967,7.755555555555555e-05,100.0,0.0,2.6437087963374024,1,0.34810187013964244,0.9982836153990478,0.98989898989899,99,5.263666608062989e-05,-5.551115123125783e-17,1.0527333215992751e-05,0.0003432769201904273,0.0017163846009522477,0.002020202020202033,1.1254588723673349,2.138692603102616,0.34815450680572313,1.0,1.0,100,5.0
A,sbm,leiden,100,2,0,0,101.93,0.64153,0.36907926363636373,0.006605166959595961,1,ok,0.973,10000,509739,101.9478,100,0.6418441594619991,100,100,71,142,0.0925850156183693,lspar,0.2,0.20214,0.578125,ok,0.01741,103038,0.3481439794725071,2.105466643227416e-05,0.34815450680572313,0.9996567230798096,0.000686553840380899,0.997979797979798,99.8,0.019798989873223337,2.9753855207934974,1.214082918013446,0.507183285333061,1.7212662033465072,0.3481545068057231,5.551115123125783e-17,1.0,0.0,1.0,0.00020004444832284448,7.347474747474747e-05,100.0,0.0,1.7212662033465072,1,0.34810187013964244,0.9982836153990478,0.98989898989899,99,5.263666608062989e-05,-5.551115123125783e-17,1.0527333215992751e-05,0.0003432769201904273,0.0017163846009522477,0.002020202020202033,1.7286027663871608,5.866489702710921,0.34815450680572313,1.0,1.0,100,5.0
A,sbm,leiden,100,2,0,0,101.93,0.64153,0.36907926363636373,0.006605166959595961,1,ok,0.973,10000,509739,101.9478,100,0.6418441594619991,100,100,71,142,0.0925850156183693,lspar,0.15,0.15045,0.5,ok,0.01741,76688,0.3481439794725071,2.105466643227416e-05,0.34815450680572313,0.9996567230798096,0.000686553840380899,0.997979797979798,99.8,0.019798989873223337,2.9753855207934974,1.1663276480394416,0.45064372666335356,1.6169713747027952,0.3481545068057231,5.551115123125783e-17,1.0,0.0,1.0,0.00063201240475347,4.286868686868687e-05,100.0,0.0,1.6169713747027952,1,0.34810187013964244,0.9982836153990478,0.98989898989899,99,5.263666608062989e-05,-5.551115123125783e-17,1.0527333215992751e-05,0.0003432769201904273,0.0017163846009522477,0.002020202020202033,1.840097831874348,6.60252289058539,0.34815450680572313,1.0,1.0,100,5.0
A,sbm,leiden,100,2,0,0,101.93,0.64153,0.36907926363636373,0.006605166959595961,1,ok,0.973,10000,509739,101.9478,100,0.6418441594619991,100,100,71,142,0.0925850156183693,lspar,0.05,0.04846,0.1875,ok,0.01741,24702,0.3481439794725071,2.105466643227416e-05,0.34815450680572313,0.9996567230798096,0.000686553840380899,0.997979797979798,99.8,0.019798989873223337,2.9753855207934974,1.1844618380418979,0.31691245432011783,1.5013742923620157,0.3481545068057231,5.551115123125783e-17,1.0,0.0,1.0,0.0009969899332937413,0.00010952188552188552,100.0,0.0,1.5013742923620157,1,0.34810187013964244,0.9982836153990478,0.98989898989899,99,5.263666608062989e-05,-5.551115123125783e-17,1.0527333215992751e-05,0.0003432769201904273,0.0017163846009522477,0.002020202020202033,1.9817746553476112,9.388667060045604,0.34815450680572313,1.0,1.0,100,5.0
A,sbm,leiden,100,2,0,0,101.93,0.64153,0.36907926363636373,0.006605166959595961,1,ok,0.973,10000,509739,101.9478,100,0.6418441594619991,100,100,71,142,0.0925850156183693,dspar,0.5,0.49975,0.5,ok,0.01741,254743,0.3481439794725071,2.105466643227416e-05,0.34815450680572313,0.9996567230798096,0.000686553840380899,0.997979797979798,99.8,0.019798989873223337,2.9753855207934974,0.18512619496323168,2.093418863369152,2.2785450583323836,0.347874098812204,2.0107665871243583e-05,0.98451667220465,0.0,0.9157631359466222,0.0006648605506007365,3.3546473913446396e-05,91.0,0.27166155414412246,2.2785450583323836,1,0.34810187013964244,0.9982836153990478,0.98989898989899,99,-0.00022777132743845296,-0.00028040799351913837,-0.0002698806603030901,-0.015140050875159572,-0.013766943194397752,-0.08221666203317579,1.3058269398328755,1.4213044378538304,0.34810187013964244,0.9982836153990478,0.98989898989899,99,1.0
A,sbm,leiden,100,2,0,0,101.93,0.64153,0.36907926363636373,0.006605166959595961,1,ok,0.973,10000,509739,101.9478,100,0.6418441594619991,100,100,71,142,0.0925850156183693,dspar,0.2,0.19943,0.2,ok,0.01741,101656,0.3481439794725071,2.105466643227416e-05,0.34815450680572313,0.9996567230798096,0.000686553840380899,0.997979797979798,99.8,0.019798989873223337,2.9753855207934974,0.1889881460228935,1.3963955216653023,1.5853836676881958,0.3365906013488507,0.0010958066960894094,0.8921633249035934,0.004272210392243266,0.5700541619258939,1.8876574243529345e-05,4.956870598842452e-05,55.0,0.5459190141206411,1.5853836676881958,1,0.34810187013964244,0.9982836153990478,0.98989898989899,99,-0.011511268790791729,-0.011563905456872414,-0.011553378123656366,-0.10749339817621617,-0.10612029049545435,-0.4279256360539041,1.8767605478945044,2.130761288352698,0.3454853421548693,0.889658540284541,0.572938689217759,43,0.75
A,sbm,leiden,100,2,0,0,101.93,0.64153,0.36907926363636373,0.006605166959595961,1,ok,0.973,10000,509739,101.9478,100,0.6418441594619991,100,100,71,142,0.0925850156183693,dspar,0.15,0.14947,0.15,ok,0.01741,76189,0.3481439794725071,2.105466643227416e-05,0.34815450680572313,0.9996567230798096,0.000686553840380899,0.997979797979798,99.8,0.019798989873223337,2.9753855207934974,0.19033268297789618,1.2826632993334595,1.4729959823113556,0.2084881264427859,0.013047910891260816,0.5152950869520553,0.04287335821231646,0.14631649190370197,0.00019760762416450083,-2.3497475040216296e-05,26.666666666666668,0.8680951833264855,1.4729959823113556,1,0.34810187013964244,0.9982836153990478,0.98989898989899,99,-0.13961374369685656,-0.13966638036293724,-0.1396558530297212,-0.4843616361277543,-0.48298852844699247,-0.851663306076096,2.019954946601187,2.319693346133523,0.3454853421548693,0.889658540284541,0.572938689217759,43,0.75
A,sbm,leiden,100,2,0,0,101.93,0.64153,0.36907926363636373,0.006605166959595961,1,ok,0.973,10000,509739,101.9478,100,0.6418441594619991,100,100,71,142,0.0925850156183693,dspar,0.05,0.05019,0.05,ok,0.01741,25586,0.3481439794725071,2.105466643227416e-05,0.34815450680572313,0.9996567230798096,0.000686553840380899,0.997979797979798,99.8,0.019798989873223337,2.9753855207934974,0.18876839702716097,0.8163615539864016,1.0051299510135627,0.02812257712448035,0.0005118782966028285,0.07270014871465358,0.0028561698956850756,0.009822625169461556,0.00023385525663424463,-9.12810547209083e-06,102.0,1.7436542156146941,1.0051299510135627,1,0.34810187013964244,0.9982836153990478,0.98989898989899,99,-0.3199792930151621,-0.3200319296812428,-0.32002140234802673,-0.926956574365156,-0.9255834666843942,-0.9881571728103364,2.960199840620757,3.644690892490338,0.34815450680572313,1.0,1.0,100,5.0
A,sbm,leiden,100,2,0,0,101.93,0.64153,0.36907926363636373,0.006605166959595961,1,ok,0.973,10000,509739,101.9478,100,0.6418441594619991,100,100,71,142,0.0925850156183693,random,0.5,0.5,0.5,ok,0.01741,254870,0.3481439794725071,2.105466643227416e-05,0.34815450680572313,0.9996567230798096,0.000686553840380899,0.997979797979798,99.8,0.019798989873223337,2.9753855207934974,0.009536903002299368,2.1139965886444165,2.123533491646716,0.34794423864052804,0.0,0.9879643978717031,1.1102230246251565e-16,0.9332578117624847,0.00013876709140719107,2.4676673274804115e-05,93.0,0.24535688292770585,2.123533491646716,1,0.34810187013964244,0.9982836153990478,0.98989898989899,99,-0.00015763149911440788,-0.00021026816519509328,-0.00019974083197904502,-0.01169232520810648,-0.01031921752734466,-0.06472198621731329,1.4011483842838777,1.4074694050009984,0.34810187013964244,0.9982836153990478,0.98989898989899,99,1.0
A,sbm,leiden,100,2,0,0,101.93,0.64153,0.36907926363636373,0.006605166959595961,1,ok,0.973,10000,509739,101.9478,100,0.6418441594619991,100,100,71,142,0.0925850156183693,random,0.2,0.2,0.2,ok,0.01741,101948,0.3481439794725071,2.105466643227416e-05,0.34815450680572313,0.9996567230798096,0.000686553840380899,0.997979797979798,99.8,0.019798989873223337,2.9753855207934974,0.00945795199368149,1.4259504753475387,1.4354084273412202,0.33776550860416393,0.00034247480979650286,0.9013970122749825,0.0046951193557535865,0.6493597216874384,0.0006381577746579468,0.00011767472167174881,56.0,0.3160320705792779,1.4354084273412202,1,0.34810187013964244,0.9982836153990478,0.98989898989899,99,-0.010336361535478511,-0.010388998201559196,-0.010378470868343148,-0.0982597108048271,-0.09688660312406527,-0.3486200762923596,2.0728494163189133,2.086598077726594,0.3454853421548693,0.889658540284541,0.572938689217759,43,0.75
A,sbm,leiden,100,2,0,0,101.93,0.64153,0.36907926363636373,0.006605166959595961,1,ok,0.973,10000,509739,101.9478,100,0.6418441594619991,100,100,71,142,0.0925850156183693,random,0.15,0.15,0.15,ok,0.01741,76461,0.3481439794725071,2.105466643227416e-05,0.34815450680572313,0.9996567230798096,0.000686553840380899,0.997979797979798,99.8,0.019798989873223337,2.9753855207934974,0.009221446991432458,1.3046382920001633,1.3138597389915958,0.21702948169044078,0.011300628987164761,0.5333719197134671,0.03035877219100068,0.14933132291599185,0.00016665949062419426,7.204322521469772e-05,28.0,0.953309097454588,1.3138597389915958,1,0.34810187013964244,0.9982836153990478,0.98989898989899,99,-0.13107238844920166,-0.13112502511528235,-0.1311144977820663,-0.4662848033663425,-0.46491169568558066,-0.8486484750638061,2.2646142753998566,2.2806210265619926,0.3454853421548693,0.889658540284541,0.572938689217759,43,0.75
A,sbm,leiden,100,2,0,0,101.93,0.64153,0.36907926363636373,0.006605166959595961,1,ok,0.973,10000,509739,101.9478,100,0.6418441594619991,100,100,71,142,0.0925850156183693,random,0.05,0.05,0.05,ok,0.01741,25487,0.3481439794725071,2.105466643227416e-05,0.34815450680572313,0.9996567230798096,0.000686553840380899,0.997979797979798,99.8,0.019798989873223337,2.9753855207934974,0.007829663984011859,0.8170415506659386,0.8248712146499505,0.027508287666732953,0.0003855220512771175,0.07255971367008156,0.0009939339819201912,0.009786783074127463,-0.001106264726367554,-0.000140143992905164,91.66666666666667,1.5339607670975717,0.8248712146499505,1,0.34810187013964244,0.9982836153990478,0.98989898989899,99,-0.3205935824729095,-0.32064621913899016,-0.3206356918057741,-0.9270970094097281,-0.9257239017289662,-0.9881930149056705,3.607090983355696,3.6416575367169233,0.34810187013964244,0.9982836153990478,0.98989898989899,99,1.0
A,sbm,leiden,100,3,0,0,101.93,0.64153,0.36907926363636373,0.006605166959595961,1,ok,0.973,10000,510712,102.1424,100,0.641943012891806,100,100,70,138,0.09166392421857181,lspar,0.5,0.50156,0.835938,ok,0.0174,256154,0.3480335054609637,2.7645624590477012e-05,0.3480560589937931,0.9993134461596191,0.0008408532949406514,0.995959595959596,99.6,0.039597979746446674,2.95241136738332,1.238827173016034,1.4071140209950197,2.645941194011054,0.3480560589937931,0.0,1.0,0.0,1.0,0.0004246874181433682,4.1508417508417503e-05,100.0,0.0,2.645941194011054,1,0.3479978808691268,0.998283615399048,0.98989898989899,99,5.8178124666297126e-05,0.0,2.2553532829427958e-05,0.0006865538403808547,0.0017163846009520256,0.004040404040403955,1.1158265248169328,2.0982033604466297,0.3480560589937931,1.0,1.0,100,8.0
A,sbm,leiden,100,3,0,0,101.93,0.64153,0.36907926363636373,0.006605166959595961,1,ok,0.973,10000,510712,102.1424,100,0.641943012891806,100,100,70,138,0.09166392421857181,lspar,0.2,0.20183,0.578125,ok,0.0174,103079,0.3480335054609637,2.7645624590477012e-05,0.3480560589937931,0.9993134461596191,0.0008408532949406514,0.995959595959596,99.6,0.039597979746446674,2.95241136738332,1.1982607629615813,0.5116912953283949,1.7099520582899763,0.3480560589937931,0.0,1.0,0.0,1.0,0.00022525972121416817,3.402693602693602e-05,100.0,0.0,1.7099520582899763,1,0.3479978808691268,0.998283615399048,0.98989898989899,99,5.8178124666297126e-05,0.0,2.2553532829427958e-05,0.0006865538403808547,0.0017163846009520256,0.004040404040403955,1.726604762437524,5.769907353003752,0.3480560589937931,1.0,1.0,100,8.0
A,sbm,leiden,100,3,0,0,101.93,0.64153,0.36907926363636373,0.006605166959595961,1,ok,0.973,10000,510712,102.1424,100,0.641943012891806,100,100,70,138,0.09166392421857181,lspar,0.15,0.15011,0.5,ok,0.0174,76661,0.3480335054609637,2.7645624590477012e-05,0.3480560589937931,0.9993134461596191,0.0008408532949406514,0.995959595959596,99.6,0.039597979746446674,2.95241136738332,1.14915439899778,0.44692891601395485,1.5960833150117348,0.3480560589937931,0.0,1.0,0.0,1.0,-0.0008861133347886427,-4.350841750841751e-05,100.0,0.0,1.5960833150117348,1,0.3479978808691268,0.998283615399048,0.98989898989899,99,5.8178124666297126e-05,0.0,2.2553532829427958e-05,0.0006865538403808547,0.0017163846009520256,0.004040404040403955,1.8497852459297295,6.605997646594731,0.3480560589937931,1.0,1.0,100,8.0
A,sbm,leiden,100,3,0,0,101.93,0.64153,0.36907926363636373,0.006605166959595961,1,ok,0.973,10000,510712,102.1424,100,0.641943012891806,100,100,70,138,0.09166392421857181,lspar,0.05,0.04848,0.1875,ok,0.0174,24761,0.3480335054609637,2.7645624590477012e-05,0.3480560589937931,0.9993134461596191,0.0008408532949406514,0.995959595959596,99.6,0.039597979746446674,2.95241136738332,1.1679899629671127,0.31773671934691566,1.4857266823140283,0.3480560589937931,0.0,1.0,0.0,1.0,-0.0014032757477383717,-0.00010063973063973064,100.0,0.0,1.4857266823140283,1,0.3479978808691268,0.998283615399048,0.98989898989899,99,5.8178124666297126e-05,0.0,2.2553532829427958e-05,0.0006865538403808547,0.0017163846009520256,0.004040404040403955,1.9871833780254395,9.29200557446361,0.3480560589937931,1.0,1.0,100,8.0
A,sbm,leiden,100,3,0,0,101.93,0.64153,0.36907926363636373,0.006605166959595961,1,ok,0.973,10000,510712,102.1424,100,0.641943012891806,100,100,70,138,0.09166392421857181,dspar,0.5,0.49943,0.5,ok,0.0174,255064,0.3480335054609637,2.7645624590477012e-05,0.3480560589937931,0.9993134461596191,0.0008408532949406514,0.995959595959596,99.6,0.039597979746446674,2.95241136738332,0.1909772829967551,2.074597668989251,2.265574951986006,0.34785099434151584,1.4434079312241283e-05,0.9879643978717034,1.2819751242557092e-16,0.9332578117624847,0.0007344636546280318,5.0737908681833905e-05,93.0,0.24535688292770585,2.265574951986006,1,0.3479978808691268,0.998283615399048,0.98989898989899,99,-0.00014688652761096765,-0.00020506465227726478,-0.00018251111944783682,-0.01134904828791572,-0.010319217527344549,-0.06270178419711137,1.303162080246002,1.4231247877675202,0.3479978808691268,0.998283615399048,0.98989898989899,99,1.0
A,sbm,leiden,100,3,0,0,101.93,0.64153,0.36907926363636373,0.006605166959595961,1,ok,0.973,10000,510712,102.1424,100,0.641943012891806,100,100,70,138,0.09166392421857181,dspar,0.2,0.20008,0.2,ok,0.0174,102185,0.3480335054609637,2.7645624590477012e-05,0.3480560589937931,0.9993134461596191,0.0008408532949406514,0.995959595959596,99.6,0.039597979746446674,2.95241136738332,0.182138936012052,1.383292925679901,1.565431861691953,0.33919840740168333,0.0001536312777612667,0.9021675812846185,0.00025332374977616977,0.6397708155778039,-0.00021364677316808845,-1.886859407360731e-05,54.666666666666664,0.32845084339343217,1.565431861691953,1,0.3479978808691268,0.998283615399048,0.98989898989899,99,-0.008799473467443475,-0.008857651592109772,-0.008835098059280344,-0.09714586487500065,-0.09611603411442948,-0.35618878038179214,1.886004392546533,2.1343356223210517,0.3447999941961811,0.8803862459978904,0.5312585312585313,42,0.75
A,sbm,leiden,100,3,0,0,101.93,0.64153,0.36907926363636373,0.006605166959595961,1,ok,0.973,10000,510712,102.1424,100,0.641943012891806,100,100,70,138,0.09166392421857181,dspar,0.15,0.14996,0.15,ok,0.0174,76584,0.3480335054609637,2.7645624590477012e-05,0.3480560589937931,0.9993134461596191,0.0008408532949406514,0.995959595959596,99.6,0.039597979746446674,2.95241136738332,0.1902534940163605,1.3053108263605584,1.4955643203769189,0.2149009631389572,0.023958751814383138,0.531628549946394,0.06412565402817105,0.15452153469516847,8.996468613619488e-05,2.898393866661902e-05,27.666666666666668,0.9098956248936979,1.4955643203769189,1,0.3479978808691268,0.998283615399048,0.98989898989899,99,-0.1330969177301696,-0.1331550958548359,-0.13313254232200647,-0.4676848962132252,-0.466655065452654,-0.8414380612644276,1.9741119302974812,2.2618454606824754,0.3447999941961811,0.8803862459978904,0.5312585312585313,42,0.75
A,sbm,leiden,100,3,0,0,101.93,0.64153,0.36907926363636373,0.006605166959595961,1,ok,0.973,10000,510712,102.1424,100,0.641943012891806,100,100,70,138,0.09166392421857181,dspar,0.05,0.05001,0.05,ok,0.0174,25540,0.3480335054609637,2.7645624590477012e-05,0.3480560589937931,0.9993134461596191,0.0008408532949406514,0.995959595959596,99.6,0.039597979746446674,2.95241136738332,0.1882035360322334,0.841351717322444,1.0295552533546775,0.028707561681193785,0.0011111385411703507,0.08154945251902113,0.0033650008886632735,0.01164419749265022,0.0007297172310934312,6.415533509398197e-05,98.66666666666667,1.6181014333951262,1.0295552533546775,1,0.3479978808691268,0.998283615399048,0.98989898989899,99,-0.31929031918793305,-0.31934849731259934,-0.3193259437797699,-0.917763993640598,-0.9167341628800268,-0.9843153984669458,2.867657037117003,3.5091285922363222,0.3479978808691268,0.998283615399048,0.98989898989899,99,1.0
A,sbm,leiden,100,3,0,0,101.93,0.64153,0.36907926363636373,0.006605166959595961,1,ok,0.973,10000,510712,102.1424,100,0.641943012891806,100,100,70,138,0.09166392421857181,random,0.5,0.5,0.5,ok,0.0174,255356,0.3480335054609637,2.7645624590477012e-05,0.3480560589937931,0.9993134461596191,0.0008408532949406514,0.995959595959596,99.6,0.039597979746446674,2.95241136738332,0.010958315979223698,2.0051935936595933,2.016151909638817,0.34777711175447634,0.0,0.98451667220465,0.0,0.9157631359466222,0.0008484214441256539,9.469619744849102e-05,91.0,0.27166155414412246,2.016151909638817,1,0.3479978808691268,0.998283615399048,0.98989898989899,99,-0.00022076911465046534,-0.00027894723931676246,-0.0002563937064873345,-0.014796773954969145,-0.013766943194397974,-0.08019646001297387,1.4643794216439916,1.4723822062462308,0.3479978808691268,0.998283615399048,0.98989898989899,99,1.0
A,sbm,leiden,100,3,0,0,101.93,0.64153,0.36907926363636373,0.006605166959595961,1,ok,0.973,10000,510712,102.1424,100,0.641943012891806,100,100,70,138,0.09166392421857181,random,0.2,0.2,0.2,ok,0.0174,102142,0.3480335054609637,2.7645624590477012e-05,0.3480560589937931,0.9993134461596191,0.0008408532949406514,0.995959595959596,99.6,0.039597979746446674,2.95241136738332,0.00894929701462388,1.380699137361565,1.3896484343761888,0.33837417056624025,0.0008580106919865158,0.9041552433414504,0.0068475160571323124,0.6470583352690694,0.0009053289943752387,0.00012070494302816692,56.666666666666664,0.3496189744554459,1.3896484343761888,1,0.3479978808691268,0.998283615399048,0.98989898989899,99,-0.009623710302886557,-0.009681888427552854,-0.009659334894723426,-0.09515820281816878,-0.09412837205759761,-0.3489012606905266,2.124574312717197,2.1383451959166173,0.3447999941961811,0.8803862459978904,0.5312585312585313,42,0.75
A,sbm,leiden,100,3,0,0,101.93,0.64153,0.36907926363636373,0.006605166959595961,1,ok,0.973,10000,510712,102.1424,100,0.641943012891806,100,100,70,138,0.09166392421857181,random,0.15,0.15,0.15,ok,0.0174,76607,0.3480335054609637,2.7645624590477012e-05,0.3480560589937931,0.9993134461596191,0.0008408532949406514,0.995959595959596,99.6,0.039597979746446674,2.95241136738332,0.009406019002199173,1.2911876946648893,1.3005937136670884,0.21600304276793683,0.006621142571371692,0.5386877561488111,0.017266312420683976,0.1524996197967096,0.000683456939833412,7.752922271571902e-05,29.0,0.9652611630702529,1.3005937136670884,1,0.3479978808691268,0.998283615399048,0.98989898989899,99,-0.13199483810118998,-0.13205301622585627,-0.13203046269302685,-0.460625690010808,-0.4595958592502368,-0.8434599761628865,2.2700489294684116,2.2865857377533167,0.3447999941961811,0.8803862459978904,0.5312585312585313,42,0.75
A,sbm,leiden,100,3,0,0,101.93,0.64153,0.36907926363636373,0.006605166959595961,1,ok,0.973,10000,510712,102.1424,100,0.641943012891806,100,100,70,138,0.09166392421857181,random,0.05,0.05,0.05,ok,0.0174,25536,0.3480335054609637,2.7645624590477012e-05,0.3480560589937931,0.9993134461596191,0.0008408532949406514,0.995959595959596,99.6,0.039597979746446674,2.95241136738332,0.007521791965700686,0.8439903896457205,0.8515121816114212,0.028721274950794795,0.00031775345378462386,0.07534317722713896,0.0019892141707949264,0.010288131103161178,0.0002822000784815718,4.7372860173415866e-05,88.33333333333333,1.5898694735541028,0.8515121816114212,1,0.3479978808691268,0.998283615399048,0.98989898989899,99,-0.319276605918332,-0.3193347840429983,-0.3193122305101689,-0.9239702689324802,-0.9229404381719091,-0.9856714648564349,3.467256759376136,3.4981575662522,0.3479978808691268,0.998283615399048,0.98989898989899,99,1.0
A,sbm,leiden,200,1,0,0,220.927,0.67193,0.7321163726262627,0.014994694859595958,1,ok,0.734,10000,1105245,221.049,100,0.6719912779519474,100,100,174,275,0.057385533261007655,lspar,0.5,0.49752,0.863281,ok,0.00868,549885,0.31759045235822636,0.0001917549686475327,0.31789584958788053,0.989157940759932,0.004338828601767631,0.9357669890607218,94.0,0.249721112815709,5.166351423994638,4.850289844034705,2.5114037326420657,7.361693576676771,0.3180083910208454,0.0,1.0,0.0,1.0,-0.0006153328955554461,-7.071380471380472e-05,100.0,0.0,7.361693576676771,1,0.3176441930898701,0.9896867610669663,0.9422527158376215,94,0.0003641979309753074,0.0001125414329648522,0.0004179386626190218,0.01084205924006798,0.010313238933033708,0.06423301093927825,0.7017884363406011,2.057156862851157,0.3180083910208454,1.0,1.0,100,5.0
A,sbm,leiden,200,1,0,0,220.927,0.67193,0.7321163726262627,0.014994694859595958,1,ok,0.734,10000,1105245,221.049,100,0.6719912779519474,100,100,174,275,0.057385533261007655,lspar,0.2,0.19814,0.625,ok,0.00868,218994,0.31759045235822636,0.0001917549686475327,0.31789584958788053,0.989157940759932,0.004338828601767631,0.9357669890607218,94.0,0.249721112815709,5.166351423994638,4.669648267037701,0.7431252573345167,5.412773524372217,0.3180083910208454,0.0,1.0,0.0,1.0,0.00033900169372846727,4.3548821548821544e-05,100.0,0.0,5.412773524372217,1,0.3176441930898701,0.9896867610669663,0.9422527158376215,94,0.0003641979309753074,0.0001125414329648522,0.0004179386626190218,0.01084205924006798,0.010313238933033708,0.06423301093927825,0.9544739680557465,6.952194630721605,0.3180083910208454,1.0,1.0,100,5.0
A,sbm,leiden,200,1,0,0,220.927,0.67193,0.7321163726262627,0.014994694859595958,1,ok,0.734,10000,1105245,221.049,100,0.6719912779519474,100,100,174,275,0.057385533261007655,lspar,0.15,0.15092,0.5625,ok,0.00868,166802,0.31759045235822636,0.0001917549686475327,0.31789584958788053,0.989157940759932,0.004338828601767631,0.9357669890607218,94.0,0.249721112815709,5.166351423994638,4.684255822037812,0.6161745389884649,5.300430361026277,0.3180083910208454,0.0,1.0,0.0,1.0,-0.0001402608686118344,-3.330639730639731e-05,100.0,0.0,5.300430361026277,1,0.3176441930898701,0.9896867610669663,0.9422527158376215,94,0.0003641979309753074,0.0001125414329648522,0.0004179386626190218,0.01084205924006798,0.010313238933033708,0.06423301093927825,0.974704141381139,8.384558427999822,0.3180083910208454,1.0,1.0,100,5.0
A,sbm,leiden,200,1,0,0,220.927,0.67193,0.7321163726262627,0.014994694859595958,1,ok,0.734,10000,1105245,221.049,100,0.6719912779519474,100,100,174,275,0.057385533261007655,lspar,0.05,0.04814,0.3125,ok,0.00868,53211,0.31759045235822636,0.0001917549686475327,0.31789584958788053,0.989157940759932,0.004338828601767631,0.9357669890607218,94.0,0.249721112815709,5.166351423994638,4.666274529066868,0.3449257260072045,5.011200255074073,0.3180083910208454,0.0,1.0,0.0,1.0,-0.0003511676455146425,-6.255218855218856e-05,100.0,0.0,5.011200255074073,1,0.3176441930898701,0.9896867610669663,0.9422527158376215,94,0.0003641979309753074,0.0001125414329648522,0.0004179386626190218,0.01084205924006798,0.010313238933033708,0.06423301093927825,1.030960879833822,14.978156265116416,0.3180083910208454,1.0,1.0,100,5.0
A,sbm,leiden,200,1,0,0,220.927,0.67193,0.7321163726262627,0.014994694859595958,1,ok,0.734,10000,1105245,221.049,100,0.6719912779519474,100,100,174,275,0.057385533261007655,dspar,0.5,0.50042,0.5,ok,0.00868,553086,0.31759045235822636,0.0001917549686475327,0.31789584958788053,0.989157940759932,0.004338828601767631,0.9357669890607218,94.0,0.249721112815709,5.166351423994638,0.4164752039941959,3.1853504103297987,3.6018256143239946,0.3179921166282218,2.3015466767682047e-05,0.9994278717996826,0.0008091114603047911,0.9966329966329966,0.0008349795761629572,6.868013468013468e-05,99.66666666666667,0.032998316455372226,3.6018256143239946,1,0.3176441930898701,0.9896867610669663,0.9422527158376215,94,0.0003479235383517243,9.62670403412691e-05,0.0004016642699954387,0.010269931039750602,0.00974111073271633,0.060866007572274894,1.4343702269895373,1.6219099183689918,0.3180083910208454,1.0,1.0,100,5.0
A,sbm,leiden,200,1,0,0,220.927,0.67193,0.7321163726262627,0.014994694859595958,1,ok,0.734,10000,1105245,221.049,100,0.6719912779519474,100,100,174,275,0.057385533261007655,dspar,0.2,0.19963,0.2,ok,0.00868,220641,0.31759045235822636,0.0001917549686475327,0.31789584958788053,0.989157940759932,0.004338828601767631,0.9357669890607218,94.0,0.249721112815709,5.166351423994638,0.41353725304361433,2.040631897340063,2.4541691503836773,0.31695434986063586,6.028801857821347e-05,0.9654325836382921,0.001478408747007831,0.829926592237852,0.0013827408508968254,8.657009752728697e-05,80.0,0.34628577520828685,2.4541691503836773,1,0.3176441930898701,0.9896867610669663,0.9422527158376215,94,-0.0006898432292342105,-0.0009414997272446657,-0.0006361024975904961,-0.023725357121639923,-0.024254177428674195,-0.10584039682286972,2.105132575391939,2.531740991958868,0.3176441930898701,0.9896867610669663,0.9422527158376215,94,1.0
A,sbm,leiden,200,1,0,0,220.927,0.67193,0.7321163726262627,0.014994694859595958,1,ok,0.734,10000,1105245,221.049,100,0.6719912779519474,100,100,174,275,0.057385533261007655,dspar,0.15,0.14947,0.15,ok,0.00868,165204,0.31759045235822636,0.0001917549686475327,0.31789584958788053,0.989157940759932,0.004338828601767631,0.9357669890607218,94.0,0.249721112815709,5.166351423994638,0.42401805298868567,1.7804897969860274,2.2045078499747133,0.31548378169760577,7.51870543044109e-05,0.9384656184718851,0.0027929324699913364,0.7341406144409968,-0.0008542990683597173,-6.917861524188295e-05,65.66666666666667,0.33962635709203653,2.2045078499747133,1,0.3176441930898701,0.9896867610669663,0.9422527158376215,94,-0.0021604113922643053,-0.0024120678902747605,-0.002106670660620591,-0.050692322288046876,-0.05122114259508115,-0.201626374619725,2.343539590504928,2.9016461833929745,0.3150972049693166,0.8967411055294299,0.5906973930926027,46,0.75
A,sbm,leiden,200,1,0,0,220.927,0.67193,0.7321163726262627,0.014994694859595958,1,ok,0.734,10000,1105245,221.049,100,0.6719912779519474,100,100,174,275,0.057385533261007655,dspar,0.05,0.05014,0.05,ok,0.00868,55422,0.31759045235822636,0.0001917549686475327,0.31789584958788053,0.989157940759932,0.004338828601767631,0.9357669890607218,94.0,0.249721112815709,5.166351423994638,0.42269390798173845,1.0845914086676203,1.5072853166493587,0.03942933327184475,0.0013968228189254375,0.10658661446144539,0.004176873252484328,0.014920329645056437,-0.000173121685752379,-2.901693864111046e-05,13.333333333333334,0.7359708929399079,1.5072853166493587,1,0.3176441930898701,0.9896867610669663,0.9422527158376215,94,-0.2782148598180253,-0.2784665163160358,-0.27816111908638164,-0.8825713262984867,-0.8831001466055209,-0.9208466594156653,3.427586911998355,4.76340802878137,0.0,0.0,0.0,1,0.25
A,sbm,leiden,200,1,0,0,220.927,0.67193,0.7321163726262627,0.014994694859595958,1,ok,0.734,10000,1105245,221.049,100,0.6719912779519474,100,100,174,275,0.057385533261007655,random,0.5,0.5,0.5,ok,0.00868,552622,0.31759045235822636,0.0001917549686475327,0.31789584958788053,0.989157940759932,0.004338828601767631,0.9357669890607218,94.0,0.249721112815709,5.166351423994638,0.025034703023266047,3.226024220348336,3.251058923371602,0.31791160330152785,5.310589233546495e-05,0.995420321862035,0.0016205680640966572,0.9735845128001991,-0.0006291785456268497,-6.372472843061078e-05,97.33333333333333,0.1563204633811764,3.251058923371602,1,0.3176441930898701,0.9896867610669663,0.9422527158376215,94,0.00026741021165777035,1.575371364731515e-05,0.00032115094330148475,0.006262381102102976,0.005733560795068704,0.03781752373947733,1.5891288179534835,1.6014608295274337,0.3177128922022895,0.9914081256626769,0.9514189514189514,95,3.0
A,sbm,leiden,200,1,0,0,220.927,0.67193,0.7321163726262627,0.014994694859595958,1,ok,0.734,10000,1105245,221.049,100,0.6719912779519474,100,100,174,275,0.057385533261007655,random,0.2,0.2,0.2,ok,0.00868,221049,0.31759045235822636,0.0001917549686475327,0.31789584958788053,0.989157940759932,0.004338828601767631,0.9357669890607218,94.0,0.249721112815709,5.166351423994638,0.022643684002105147,2.030714660339678,2.0533583443417833,0.3168799810593838,1.9438783704524266e-05,0.9620085245196194,0.0,0.8160291438979964,0.00045299787736905194,5.707346690953248e-05,78.0,0.35099857549568486,2.0533583443417833,1,0.3176441930898701,0.9896867610669663,0.9422527158376215,94,-0.0007642120304862665,-0.0010158685284967217,-0.0007104712988425521,-0.02714941624031264,-0.027678236547346913,-0.11973784516272534,2.5160495917485575,2.5441050507462535,0.3176441930898701,0.9896867610669663,0.9422527158376215,94,1.0
A,sbm,leiden,200,1,0,0,220.927,0.67193,0.7321163726262627,0.014994694859595958,1,ok,0.734,10000,1105245,221.049,100,0.6719912779519474,100,100,174,275,0.057385533261007655,random,0.15,0.15,0.15,ok,0.00868,165787,0.31759045235822636,0.0001917549686475327,0.31789584958788053,0.989157940759932,0.004338828601767631,0.9357669890607218,94.0,0.249721112815709,5.166351423994638,0.019673774018883705,1.7904855253485341,1.8101592993674178,0.31550578465100965,0.000254310477430896,0.9431248612702424,0.0015260795997592439,0.7453159714799454,-0.000704782875798815,-9.949994438083023e-05,68.66666666666667,0.371911088898522,1.8101592993674178,1,0.3176441930898701,0.9896867610669663,0.9422527158376215,94,-0.0021384084388604285,-0.0023900649368708837,-0.002084667707216714,-0.0460330794896896,-0.04656189979672387,-0.19045101758077632,2.8540866131506117,2.8854471878452976,0.3150972049693166,0.8967411055294299,0.5906973930926027,46,0.75
A,sbm,leiden,200,1,0,0,220.927,0.67193,0.7321163726262627,0.014994694859595958,1,ok,0.734,10000,1105245,221.049,100,0.6719912779519474,100,100,174,275,0.057385533261007655,random,0.05,0.05,0.05,ok,0.00868,55262,0.31759045235822636,0.0001917549686475327,0.31789584958788053,0.989157940759932,0.004338828601767631,0.9357669890607218,94.0,0.249721112815709,5.166351423994638,0.020196414028760046,1.184884476669443,1.2050808906982031,0.04007356330574652,0.0006996134400572624,0.10359660545668242,0.010246447021254466,0.01376914576741794,0.0007260835648345076,8.487541868539158e-05,13.0,0.8187791512539092,1.2050808906982031,1,0.3176441930898701,0.9896867610669663,0.9422527158376215,94,-0.27757062978412356,-0.277822286282134,-0.27751688905247984,-0.8855613353032497,-0.8860901556102838,-0.9219978432933038,4.287140775256459,4.3602153000743025,0.0,0.0,0.0,1,0.25
A,sbm,leiden,200,2,0,0,220.927,0.67193,0.7321163726262627,0.014994694859595958,1,ok,0.734,10000,1104549,220.9098,100,0.6722752906389848,100,100,176,278,0.05748273047343995,lspar,0.5,0.49764,0.863281,ok,0.00861,549666,0.3172926700749323,0.00025689254409912886,0.31759376374797926,0.9880374325328045,0.006692182118657942,0.9329081480624015,93.2,0.24061555965978468,5.251955313992221,4.869691252009943,2.4699285379999005,7.339619790009843,0.3177243359594986,0.0,1.0,0.0,1.0,0.00018483129629215034,4.8989898989899e-05,100.0,0.0,7.339619790009843,1,0.31705727072708634,0.9821309440893072,0.8988988988988988,90,0.0006670652324122783,0.00013057221151935305,0.0004316658845663346,0.011962567467195484,0.017869055910692766,0.06709185193759848,0.7155623130697861,2.126359217763098,0.3177243359594986,1.0,1.0,100,5.0
A,sbm,leiden,200,2,0,0,220.927,0.67193,0.7321163726262627,0.014994694859595958,1,ok,0.734,10000,1104549,220.9098,100,0.6722752906389848,100,100,176,278,0.05748273047343995,lspar,0.2,0.19783,0.625,ok,0.00861,218512,0.3172926700749323,0.00025689254409912886,0.31759376374797926,0.9880374325328045,0.006692182118657942,0.9329081480624015,93.2,0.24061555965978468,5.251955313992221,4.694175164040644,0.7332310823258013,5.427406246366445,0.3177243359594986,0.0,1.0,0.0,1.0,-0.0011637462031299263,-0.00010744107744107743,100.0,0.0,5.427406246366445,1,0.31705727072708634,0.9821309440893072,0.8988988988988988,90,0.0006670652324122783,0.00013057221151935305,0.0004316658845663346,0.011962567467195484,0.017869055910692766,0.06709185193759848,0.9676731528081789,7.1627559722824,0.3177243359594986,1.0,1.0,100,5.0
A,sbm,leiden,200,2,0,0,220.927,0.67193,0.7321163726262627,0.014994694859595958,1,ok,0.734,10000,1104549,220.9098,100,0.6722752906389848,100,100,176,278,0.05748273047343995,lspar,0.15,0.15079,0.5625,ok,0.00861,166559,0.3172926700749323,0.00025689254409912886,0.31759376374797926,0.9880374325328045,0.006692182118657942,0.9329081480624015,93.2,0.24061555965978468,5.251955313992221,4.710785739065614,0.5996643116814084,5.310450050747022,0.3177243359594986,0.0,1.0,0.0,1.0,0.00019001477794824438,4.150841750841751e-05,100.0,0.0,5.310450050747022,1,0.31705727072708634,0.9821309440893072,0.8988988988988988,90,0.0006670652324122783,0.00013057221151935305,0.0004316658845663346,0.011962567467195484,0.017869055910692766,0.06709185193759848,0.9889849756243216,8.758158876032123,0.3177243359594986,1.0,1.0,100,5.0
A,sbm,leiden,200,2,0,0,220.927,0.67193,0.7321163726262627,0.014994694859595958,1,ok,0.734,10000,1104549,220.9098,100,0.6722752906389848,100,100,176,278,0.05748273047343995,lspar,0.05,0.04812,0.3125,ok,0.00861,53155,0.3172926700749323,0.00025689254409912886,0.31759376374797926,0.9880374325328045,0.006692182118657942,0.9329081480624015,93.2,0.24061555965978468,5.251955313992221,4.692301403032616,0.3312549190207695,5.023556322053385,0.3177243359594986,0.0,1.0,0.0,1.0,0.00034503698172483826,3.8787878787878783e-05,100.0,0.0,5.023556322053385,1,0.31705727072708634,0.9821309440893072,0.8988988988988988,90,0.0006670652324122783,0.00013057221151935305,0.0004316658845663346,0.011962567467195484,0.017869055910692766,0.06709185193759848,1.0454655979343093,15.854723997813077,0.3177243359594986,1.0,1.0,100,5.0
A,sbm,leiden,200,2,0,0,220.927,0.67193,0.7321163726262627,0.014994694859595958,1,ok,0.734,10000,1104549,220.9098,100,0.6722752906389848,100,100,176,278,0.05748273047343995,dspar,0.5,0.49976,0.5,ok,0.00861,552014,0.3172926700749323,0.00025689254409912886,0.31759376374797926,0.9880374325328045,0.006692182118657942,0.9329081480624015,93.2,0.24061555965978468,5.251955313992221,0.39712560398038477,3.1777475439982177,3.5748731479786025,0.31770101066205353,3.2986951993176265e-05,0.9994278717996826,0.0008091114603050004,0.9966329966329966,-0.0009056894418614632,-0.00010360942760942759,99.66666666666667,0.032998316455372226,3.5748731479786025,1,0.31705727072708634,0.9821309440893072,0.8988988988988988,90,0.0006437399349671913,0.00010724691407426601,0.00040834058712124754,0.011390439266878105,0.017296927710375387,0.06372484857059513,1.4691305387890248,1.652728934968903,0.3177243359594986,1.0,1.0,100,5.0
A,sbm,leiden,200,2,0,0,220.927,0.67193,0.7321163726262627,0.014994694859595958,1,ok,0.734,10000,1104549,220.9098,100,0.6722752906389848,100,100,176,278,0.05748273047343995,dspar,0.2,0.19987,0.2,ok,0.00861,220769,0.3172926700749323,0.00025689254409912886,0.31759376374797926,0.9880374325328045,0.006692182118657942,0.9329081480624015,93.2,0.24061555965978468,5.251955313992221,0.41058439895277843,1.9505741346511059,2.3611585336038843,0.31696832662366026,2.5747077343791317e-05,0.9712631169372745,0.0008166598551933194,0.8542711722788351,-0.00021611505809555716,-1.0429176329559474e-05,83.33333333333333,0.3332579396757273,2.3611585336038843,1,0.31705727072708634,0.9821309440893072,0.8988988988988988,90,-8.894410342608072e-05,-0.000625437124319006,-0.00032434345127202446,-0.01677431559553,-0.010867827152032716,-0.07863697578356643,2.22431286982499,2.6925176647703393,0.31705727072708634,0.9821309440893072,0.8988988988988988,90,1.0
A,sbm,leiden,200,2,0,0,220.927,0.67193,0.7321163726262627,0.014994694859595958,1,ok,0.734,10000,1104549,220.9098,100,0.6722752906389848,100,100,176,278,0.05748273047343995,dspar,0.15,0.14964,0.15,ok,0.00861,165285,0.3172926700749323,0.00025689254409912886,0.31759376374797926,0.9880374325328045,0.006692182118657942,0.9329081480624015,93.2,0.24061555965978468,5.251955313992221,0.4166684389929287,1.7417368200064327,2.1584052589993616,0.3153360597845893,0.00014269913204422596,0.9368902393564095,0.002747538411543718,0.7270996869530818,-2.0697557262159112e-05,-2.0359795109265326e-06,64.66666666666667,0.3404094242230804,2.1584052589993616,1,0.31705727072708634,0.9821309440893072,0.8988988988988988,90,-0.0017212109424970534,-0.0022577039633899787,-0.001956610290342997,-0.051147193176395045,-0.04524070473289776,-0.20580846110931972,2.4332572820115494,3.0153552785160875,0.3141239151326413,0.8858432529280289,0.5465768799102132,44,0.75
A,sbm,leiden,200,2,0,0,220.927,0.67193,0.7321163726262627,0.014994694859595958,1,ok,0.734,10000,1104549,220.9098,100,0.6722752906389848,100,100,176,278,0.05748273047343995,dspar,0.05,0.05,0.05,ok,0.00861,55229,0.3172926700749323,0.00025689254409912886,0.31759376374797926,0.9880374325328045,0.006692182118657942,0.9329081480624015,93.2,0.24061555965978468,5.251955313992221,0.41567227902123705,1.1383559213330348,1.5540282003542718,0.035780065200754996,0.0007030700167323573,0.09002563406580655,0.003899019004833244,0.011909621179170363,-0.0006698733683289081,-3.284450545275726e-05,13.0,0.7892274041769681,1.5540282003542718,1,0.31705727072708634,0.9821309440893072,0.8988988988988988,90,-0.28127720552633134,-0.28181369854722427,-0.2815126048741773,-0.898011798466998,-0.8921053100235007,-0.9209985268832311,3.379575295219825,4.613632006975542,0.0,0.0,0.0,1,0.25
A,sbm,leiden,200,2,0,0,220.927,0.67193,0.7321163726262627,0.014994694859595958,1,ok,0.734,10000,1104549,220.9098,100,0.6722752906389848,100,100,176,278,0.05748273047343995,random,0.5,0.5,0.5,ok,0.00861,552274,0.3172926700749323,0.00025689254409912886,0.31759376374797926,0.9880374325328045,0.006692182118657942,0.9329081480624015,93.2,0.24061555965978468,5.251955313992221,0.025479217001702636,3.2322820889918753,3.257761305993578,0.31768484243529493,2.7939773015389863e-05,0.9988557435993654,0.0008091114603049481,0.9932659932659934,-0.0007668976206270981,-9.894949494949494e-05,99.33333333333333,0.06599663291074445,3.257761305993578,1,0.31705727072708634,0.9821309440893072,0.8988988988988988,90,0.0006275717082085963,9.107868731567104e-05,0.00039217236036265257,0.010818311066560837,0.01672479951005812,0.06035784520359189,1.612136317148146,1.6248443574521885,0.3177243359594986,1.0,1.0,100,5.0
A,sbm,leiden,200,2,0,0,220.927,0.67193,0.7321163726262627,0.014994694859595958,1,ok,0.734,10000,1104549,220.9098,100,0.6722752906389848,100,100,176,278,0.05748273047343995,random,0.2,0.2,0.2,ok,0.00861,220910,0.3172926700749323,0.00025689254409912886,0.31759376374797926,0.9880374325328045,0.006692182118657942,0.9329081480624015,93.2,0.24061555965978468,5.251955313992221,0.02213444304652512,2.0317481203431575,2.0538825633896827,0.3166207496594386,1.7432844496686595e-05,0.963166822561018,0.0008190403997082489,0.8206364781354619,0.0015894179041574987,0.0001460410910349943,78.66666666666667,0.3496652367200968,2.0538825633896827,1,0.31705727072708634,0.9821309440893072,0.8988988988988988,90,-0.0004365210676477438,-0.0009730140885406691,-0.0006719204154936875,-0.024870609971786473,-0.01896412152828919,-0.1122716699269396,2.557086470087418,2.584944098831098,0.31705727072708634,0.9821309440893072,0.8988988988988988,90,1.0
A,sbm,leiden,200,2,0,0,220.927,0.67193,0.7321163726262627,0.014994694859595958,1,ok,0.734,10000,1104549,220.9098,100,0.6722752906389848,100,100,176,278,0.05748273047343995,random,0.15,0.15,0.15,ok,0.00861,165682,0.3172926700749323,0.00025689254409912886,0.31759376374797926,0.9880374325328045,0.006692182118657942,0.9329081480624015,93.2,0.24061555965978468,5.251955313992221,0.021373394003603607,1.8072232636623085,1.828596657665912,0.31551101241000296,2.444204712804697e-05,0.9414245782769427,0.001345329999297771,0.7401034780072123,-0.00015961283240734157,-6.25172369871355e-05,67.33333333333333,0.36157985899177253,1.828596657665912,1,0.31705727072708634,0.9821309440893072,0.8988988988988988,90,-0.0015462583170833821,-0.0020827513379763074,-0.0017816576649293259,-0.04661285425586181,-0.04070636581236453,-0.1928046700551892,2.8721234351899176,2.9060910290349073,0.31705727072708634,0.9821309440893072,0.8988988988988988,90,1.0
A,sbm,leiden,200,2,0,0,220.927,0.67193,0.7321163726262627,0.014994694859595958,1,ok,0.734,10000,1104549,220.9098,100,0.6722752906389848,100,100,176,278,0.05748273047343995,random,0.05,0.05,0.05,ok,0.00861,55227,0.3172926700749323,0.00025689254409912886,0.31759376374797926,0.9880374325328045,0.006692182118657942,0.9329081480624015,93.2,0.24061555965978468,5.251955313992221,0.021944928041193634,1.1169518193152423,1.138896747356436,0.03906968620527106,0.000305680592529887,0.10137280009972223,0.003690171788451681,0.014005254005749488,-5.570794015019113e-05,-8.017926535573172e-06,13.333333333333334,0.7944738360972489,1.138896747356436,1,0.31705727072708634,0.9821309440893072,0.8988988988988988,90,-0.27798758452181527,-0.2785240775427082,-0.2782229838696612,-0.8866646324330822,-0.880758143989585,-0.918902894056652,4.611441139140015,4.702042848376379,0.0,0.0,0.0,1,0.25
A,sbm,leiden,200,3,0,0,220.927,0.67193,0.7321163726262627,0.014994694859595958,1,ok,0.734,10000,1105276,221.0552,100,0.6724474248965869,100,100,172,269,0.05780302092863214,lspar,0.5,0.49754,0.863281,ok,0.00865,549917,0.3172427648322338,0.000132154105079427,0.31740397601091486,0.9912751985485526,0.003232572378863857,0.9499353998542418,95.0,0.21481188134219353,5.230811474192888,4.848951324005611,2.47857568533315,7.327527009338761,0.3175522277507036,0.0,1.0,0.0,1.0,0.0003798222411628178,3.402693602693602e-05,100.0,0.0,7.327527009338761,1,0.3170610948425659,0.9873077441538612,0.9244294799850356,93,0.0004911329081376814,0.00014825173978871842,0.0003094629184697828,0.008724801451447384,0.012692255846138756,0.0500646001457582,0.7138576858913439,2.110410226787085,0.3175522277507036,1.0,1.0,100,5.0
A,sbm,leiden,200,3,0,0,220.927,0.67193,0.7321163726262627,0.014994694859595958,1,ok,0.734,10000,1105276,221.0552,100,0.6724474248965869,100,100,172,269,0.05780302092863214,lspar,0.2,0.19832,0.625,ok,0.00865,219194,0.3172427648322338,0.000132154105079427,0.31740397601091486,0.9912751985485526,0.003232572378863857,0.9499353998542418,95.0,0.21481188134219353,5.230811474192888,4.669187689956743,0.7388380086631514,5.408025698619895,0.3175522277507036,0.0,1.0,0.0,1.0,8.583655461544032e-05,-1.97037037037037e-05,100.0,0.0,5.408025698619895,1,0.3170610948425659,0.9873077441538612,0.9244294799850356,93,0.0004911329081376814,0.00014825173978871842,0.0003094629184697828,0.008724801451447384,0.012692255846138756,0.0500646001457582,0.9672312532700739,7.07978124143543,0.3175522277507036,1.0,1.0,100,5.0
A,sbm,leiden,200,3,0,0,220.927,0.67193,0.7321163726262627,0.014994694859595958,1,ok,0.734,10000,1105276,221.0552,100,0.6724474248965869,100,100,172,269,0.05780302092863214,lspar,0.15,0.15113,0.5625,ok,0.00865,167038,0.3172427648322338,0.000132154105079427,0.31740397601091486,0.9912751985485526,0.003232572378863857,0.9499353998542418,95.0,0.21481188134219353,5.230811474192888,4.695096357027069,0.6167086150186757,5.311804972045745,0.3175522277507036,0.0,1.0,0.0,1.0,-0.00048182492971056624,-5.507070707070706e-05,100.0,0.0,5.311804972045745,1,0.3170610948425659,0.9873077441538612,0.9244294799850356,93,0.0004911329081376814,0.00014825173978871842,0.0003094629184697828,0.008724801451447384,0.012692255846138756,0.0500646001457582,0.9847521702549136,8.481820014845235,0.3175522277507036,1.0,1.0,100,5.0
A,sbm,leiden,200,3,0,0,220.927,0.67193,0.7321163726262627,0.014994694859595958,1,ok,0.734,10000,1105276,221.0552,100,0.6724474248965869,100,100,172,269,0.05780302092863214,lspar,0.05,0.04817,0.3125,ok,0.00865,53240,0.3172427648322338,0.000132154105079427,0.31740397601091486,0.9912751985485526,0.003232572378863857,0.9499353998542418,95.0,0.21481188134219353,5.230811474192888,4.667816180037335,0.34788681000160676,5.015702990038942,0.3175522277507036,0.0,1.0,0.0,1.0,-0.0006190031155368659,-4.010774410774411e-05,100.0,0.0,5.015702990038942,1,0.3170610948425659,0.9873077441538612,0.9244294799850356,93,0.0004911329081376814,0.00014825173978871842,0.0003094629184697828,0.008724801451447384,0.012692255846138756,0.0500646001457582,1.042887005985232,15.035958029477255,0.3175522277507036,1.0,1.0,100,5.0
A,sbm,leiden,200,3,0,0,220.927,0.67193,0.7321163726262627,0.014994694859595958,1,ok,0.734,10000,1105276,221.0552,100,0.6724474248965869,100,100,172,269,0.05780302092863214,dspar,0.5,0.49959,0.5,ok,0.00865,552182,0.3172427648322338,0.000132154105079427,0.31740397601091486,0.9912751985485526,0.003232572378863857,0.9499353998542418,95.0,0.21481188134219353,5.230811474192888,0.44252029503695667,3.1851265083338753,3.627646803370832,0.3175144686404669,5.339944579987868e-05,0.9988554121765106,0.0016186916233056538,0.9933320129398561,-0.0006252730622803526,-7.476794084637222e-05,99.33333333333333,0.046188021535170064,3.627646803370832,1,0.3170610948425659,0.9873077441538612,0.9244294799850356,93,0.0004533737979010022,0.0001104926295520392,0.0002717038082331036,0.007580213627958021,0.011547668022649393,0.043396613085614266,1.4419296468808334,1.6422617627609086,0.3175522277507036,1.0,1.0,100,5.0
A,sbm,leiden,200,3,0,0,220.927,0.67193,0.7321163726262627,0.014994694859595958,1,ok,0.734,10000,1105276,221.0552,100,0.6724474248965869,100,100,172,269,0.05780302092863214,dspar,0.2,0.19978,0.2,ok,0.00865,220817,0.3172427648322338,0.000132154105079427,0.31740397601091486,0.9912751985485526,0.003232572378863857,0.9499353998542418,95.0,0.21481188134219353,5.230811474192888,0.4031968620256521,2.0247625339931496,2.4279593960188017,0.3165984114165873,5.027898628467673e-06,0.9677465384885089,0.0007477047970437962,0.839450666394392,0.0006886819656040473,7.282682663476839e-05,81.33333333333333,0.34203175671809655,2.4279593960188017,1,0.3170610948425659,0.9873077441538612,0.9244294799850356,93,-0.000462683425978605,-0.000805564594327568,-0.0006443534156465036,-0.023528660060043727,-0.019561205665352355,-0.11048473345984977,2.1544064875096374,2.5834197276837725,0.3170610948425659,0.9873077441538612,0.9244294799850356,93,1.0
A,sbm,leiden,200,3,0,0,220.927,0.67193,0.7321163726262627,0.014994694859595958,1,ok,0.734,10000,1105276,221.0552,100,0.6724474248965869,100,100,172,269,0.05780302092863214,dspar,0.15,0.1499,0.15,ok,0.00865,165678,0.3172427648322338,0.000132154105079427,0.31740397601091486,0.9912751985485526,0.003232572378863857,0.9499353998542418,95.0,0.21481188134219353,5.230811474192888,0.4011291640345007,1.775402602002335,2.1765317660368355,0.3153131647839964,7.609050149289896e-05,0.9418733418478827,0.0007718106273586538,0.7423770538349116,-0.0010884170413600466,-0.00012757771198421565,67.33333333333333,0.3549641080724872,2.1765317660368355,1,0.3170610948425659,0.9873077441538612,0.9244294799850356,93,-0.0017479300585694912,-0.0020908112269184542,-0.0019296000482373898,-0.04940185670066988,-0.045434402305978505,-0.2075583460193302,2.403278259392223,2.9462677751477173,0.31407284316641276,0.8837857307093092,0.5434455047714716,43,0.75
A,sbm,leiden,200,3,0,0,220.927,0.67193,0.7321163726262627,0.014994694859595958,1,ok,0.734,10000,1105276,221.0552,100,0.6724474248965869,100,100,172,269,0.05780302092863214,dspar,0.05,0.05024,0.05,ok,0.00865,55530,0.3172427648322338,0.000132154105079427,0.31740397601091486,0.9912751985485526,0.003232572378863857,0.9499353998542418,95.0,0.21481188134219353,5.230811474192888,0.4222834570100531,1.08335490769241,1.5056383647024632,0.04015686360433788,0.0033208768783997825,0.10877077711067239,0.015018066776789627,0.015918222801626934,-0.00038544454226700835,-1.7631393537149318e-05,14.666666666666666,0.7892530596822267,1.5056383647024632,1,0.3170610948425659,0.9873077441538612,0.9244294799850356,93,-0.276904231238228,-0.27724711240657696,-0.2770859012278959,-0.8825044214378802,-0.8785369670431888,-0.9340171770526149,3.474148638093833,4.828345205298168,0.0,0.0,0.0,1,0.25
A,sbm,leiden,200,3,0,0,220.927,0.67193,0.7321163726262627,0.014994694859595958,1,ok,0.734,10000,1105276,221.0552,100,0.6724474248965869,100,100,172,269,0.05780302092863214,random,0.5,0.5,0.5,ok,0.00865,552638,0.3172427648322338,0.000132154105079427,0.31740397601091486,0.9912751985485526,0.003232572378863857,0.9499353998542418,95.0,0.21481188134219353,5.230811474192888,0.023150229011662304,3.192751792996811,3.2159020220084735,0.31752524458522685,3.8159958572966525e-05,0.9994278717996826,0.0008091114603048958,0.9966329966329966,-0.0007565523116863662,-6.24040404040404e-05,99.66666666666667,0.032998316455372226,3.2159020220084735,1,0.3170610948425659,0.9873077441538612,0.9244294799850356,93,0.00046414974266095754,0.00012126857431199456,0.00028247975299305894,0.008152673251130005,0.012120127645821377,0.046697596778754846,1.6265456591634635,1.6383395307040431,0.3175522277507036,1.0,1.0,100,5.0
A,sbm,leiden,200,3,0,0,220.927,0.67193,0.7321163726262627,0.014994694859595958,1,ok,0.734,10000,1105276,221.0552,100,0.6724474248965869,100,100,172,269,0.05780302092863214,random,0.2,0.2,0.2,ok,0.00865,221055,0.3172427648322338,0.000132154105079427,0.31740397601091486,0.9912751985485526,0.003232572378863857,0.9499353998542418,95.0,0.21481188134219353,5.230811474192888,0.018971065990626812,2.0195164946683994,2.0384875606590263,0.3164293655674714,9.274223321733196e-06,0.9595934848118252,0.0,0.8025415444770282,-0.00016234396551996843,3.3632019115890083e-05,77.0,0.3736308338453882,2.0384875606590263,1,0.3170610948425659,0.9873077441538612,0.9244294799850356,93,-0.0006317292750944725,-0.0009746104434434355,-0.0008133992647623711,-0.03168171373672746,-0.027714259342036085,-0.1473938553772136,2.566025702164113,2.590130602053724,0.3170610948425659,0.9873077441538612,0.9244294799850356,93,1.0
A,sbm,leiden,200,3,0,0,220.927,0.67193,0.7321163726262627,0.014994694859595958,1,ok,0.734,10000,1105276,221.0552,100,0.6724474248965869,100,100,172,269,0.05780302092863214,random,0.15,0.15,0.15,ok,0.00865,165791,0.3172427648322338,0.000132154105079427,0.31740397601091486,0.9912751985485526,0.003232572378863857,0.9499353998542418,95.0,0.21481188134219353,5.230811474192888,0.021978774981107563,1.8141953480080701,1.8361741229891777,0.3149509245927265,0.00021199437735981296,0.9377230518867249,0.0026463764822695335,0.7213482389520708,0.0004813775186583898,9.513508843375567e-06,66.33333333333333,0.39718264824984056,1.8361741229891777,1,0.3170610948425659,0.9873077441538612,0.9244294799850356,93,-0.0021101702498393937,-0.0024530514181883567,-0.0022918402395072923,-0.053552146661827726,-0.049584692267136354,-0.22858716090217102,2.848755686458238,2.883268044941332,0.31407284316641276,0.8837857307093092,0.5434455047714716,43,0.75
A,sbm,leiden,200,3,0,0,220.927,0.67193,0.7321163726262627,0.014994694859595958,1,ok,0.734,10000,1105276,221.0552,100,0.6724474248965869,100,100,172,269,0.05780302092863214,random,0.05,0.05,0.05,ok,0.00865,55264,0.3172427648322338,0.000132154105079427,0.31740397601091486,0.9912751985485526,0.003232572378863857,0.9499353998542418,95.0,0.21481188134219353,5.230811474192888,0.01926729001570493,1.1606828913403053,1.1799501813560103,0.04382972880408829,0.0030954574051697444,0.11530616367554845,0.016315824695378445,0.01661352930747078,-0.0004040897098340013,-3.631844986359121e-05,13.333333333333334,0.78552046127597,1.1799501813560103,1,0.3170610948425659,0.9873077441538612,0.9244294799850356,93,-0.2732313660384776,-0.27357424720682655,-0.2734130360281455,-0.8759690348730041,-0.8720015804783128,-0.9333218705467711,4.433078240796224,4.506667163976698,0.0,0.0,0.0,1,0.25
