arm,gen,detector,is_proxy,d_nom,graph_seed,het_deg,het_size,d_target,mu_target,cal_status,lfr_deg_cv,n,m,d_avg_real,n_comm_planted,mu_real,comm_size_min,comm_size_max,deg_min,deg_max,deg_cv,k_fixed,sparsifier,target_ret,realized_ret,knob,status,m_sparse,Q_base,AMI_base,ARI_base,nc_base,cv_base,T_base,Q_orig_transfer,AMI,ARI,nc_sparse,cv_sparse,AMI_chance,ARI_chance,T_sparsify,T_detect_sparse,T_pipeline,dQ,dAMI,dARI,dcv,speedup_pipeline,speedup_detect_only
B,sbm,metis,0,10,1,0,0,11.183,0.57853,ok,2.327,10000,55580,11.116,100,0.579614969413458,100,100,1,24,0.29296924501050137,100,lspar,0.5,0.49311,0.421875,ok,27407,0.38096639889387846,0.7937530716110207,0.6705638974804641,100,0.019339079605813717,0.2607780179823749,0.36697932227919755,0.7688355116881149,0.6402464245016667,100,0.015297058540778355,0.0013207831122048336,0.0001527094057268027,0.08562382101081312,0.15098638198105618,0.2366102029918693,-0.013987076614680904,-0.024917559922905785,-0.03031747297879739,-0.004042021065035362,1.10214189703111,1.7271625067159628
B,sbm,metis,0,10,1,0,0,11.183,0.57853,ok,2.327,10000,55580,11.116,100,0.579614969413458,100,100,1,24,0.29296924501050137,100,lspar,0.2,0.16125,0.0,ok,8962,0.38096639889387846,0.7937530716110207,0.6705638974804641,100,0.019339079605813717,0.2607780179823749,0.19304792611294203,0.3188625786536352,0.06532816115303315,100,0.01655294535724685,0.0006586275802907774,-2.7470983949946333e-06,0.08072381402598694,0.008823674987070262,0.0895474890130572,-0.18791847278093643,-0.4748904929573855,-0.6052357363274309,-0.0027861342485668676,2.912175660719532,29.55435443446239
B,sbm,metis,0,10,1,0,0,11.183,0.57853,ok,2.327,10000,55580,11.116,100,0.579614969413458,100,100,1,24,0.29296924501050137,100,lspar,0.15,0.16125,0.0,floor,8962,0.38096639889387846,0.7937530716110207,0.6705638974804641,100,0.019339079605813717,0.2607780179823749,0.19304792611294203,0.3188625786536352,0.06532816115303315,100,0.01655294535724685,-1.4446872950055632e-05,2.1734396125104597e-05,0.04203164903447032,0.008398272970225662,0.05042992200469598,-0.18791847278093643,-0.4748904929573855,-0.6052357363274309,-0.0027861342485668676,5.1710969919424326,31.05138626797549
B,sbm,metis,0,10,1,0,0,11.183,0.57853,ok,2.327,10000,55580,11.116,100,0.579614969413458,100,100,1,24,0.29296924501050137,100,lspar,0.05,0.16125,0.0,floor,8962,0.38096639889387846,0.7937530716110207,0.6705638974804641,100,0.019339079605813717,0.2607780179823749,0.19304792611294203,0.3188625786536352,0.06532816115303315,100,0.01655294535724685,-0.0007851165917097134,-7.619158195529232e-05,0.041938139009289443,0.010121789004188031,0.052059928013477474,-0.18791847278093643,-0.4748904929573855,-0.6052357363274309,-0.0027861342485668676,5.009188985333665,25.764024311756977
B,sbm,metis,0,10,1,0,0,11.183,0.57853,ok,2.327,10000,55580,11.116,100,0.579614969413458,100,100,1,24,0.29296924501050137,100,dspar,0.5,0.49876,0.5,ok,27721,0.38096639889387846,0.7937530716110207,0.6705638974804641,100,0.019339079605813717,0.2607780179823749,0.21661717721496523,0.1840859543821171,0.03801094877296181,100,0.014212670403551895,-0.0006878967577301233,-6.118573943223654e-05,0.010833937034476548,0.16155240999069065,0.1723863470251672,-0.16434922167891322,-0.6096671172289037,-0.6325529487075022,-0.005126409202261822,1.512753315344069,1.6142007290228728
B,sbm,metis,0,10,1,0,0,11.183,0.57853,ok,2.327,10000,55580,11.116,100,0.579614969413458,100,100,1,24,0.29296924501050137,100,dspar,0.2,0.1996,0.2,ok,11094,0.38096639889387846,0.7937530716110207,0.6705638974804641,100,0.019339079605813717,0.2607780179823749,0.16328543343052135,0.1214242482814909,0.018153517631100697,100,0.01783255450012701,0.0008244533985132799,9.473241229392002e-05,0.010883892013225704,0.06185240199556574,0.07273629400879145,-0.2176809654633571,-0.6723288233295298,-0.6524103798493633,-0.0015065251056867075,3.5852530230761457,4.216134047648954
B,sbm,metis,0,10,1,0,0,11.183,0.57853,ok,2.327,10000,55580,11.116,100,0.579614969413458,100,100,1,24,0.29296924501050137,100,dspar,0.15,0.14982,0.15,ok,8327,0.38096639889387846,0.7937530716110207,0.6705638974804641,100,0.019339079605813717,0.2607780179823749,0.1417128573539193,0.11841407621070486,0.017101918164779992,100,0.0161245154965971,-0.0005346325055846031,-4.95289147764326e-05,0.009860398015007377,0.043816573976073414,0.05367697199108079,-0.23925354153995915,-0.6753389954003158,-0.6534619793156841,-0.003214564109216618,4.858284815799724,5.951583940012653
B,sbm,metis,0,10,1,0,0,11.183,0.57853,ok,2.327,10000,55580,11.116,100,0.579614969413458,100,100,1,24,0.29296924501050137,100,dspar,0.05,0.04964,0.05,ok,2759,0.38096639889387846,0.7937530716110207,0.6705638974804641,100,0.019339079605813717,0.2607780179823749,0.054168878719631795,0.11438178035386301,0.014843363824431147,100,0.005830951894845301,-0.0014157970345820695,-0.0001676335138666279,0.010740198020357639,0.005669466976542026,0.016409664996899664,-0.3267975201742467,-0.6793712912571577,-0.6557205336560329,-0.013508127710968416,15.89173319696926,45.99691982709652
B,sbm,metis,0,10,1,0,0,11.183,0.57853,ok,2.327,10000,55580,11.116,100,0.579614969413458,100,100,1,24,0.29296924501050137,100,random,0.5,0.5,0.5,ok,27790,0.38096639889387846,0.7937530716110207,0.6705638974804641,100,0.019339079605813717,0.2607780179823749,0.21747602566205887,0.19000532469006745,0.04288155385170452,100,0.015684387141358124,0.002168645597616198,0.00017706912958796977,0.0011288910172879696,0.175621789006982,0.17675068002426997,-0.16349037323181959,-0.6037477469209532,-0.6276823436287595,-0.003654692464455593,1.4754003659084478,1.4848841903780368
B,sbm,metis,0,10,1,0,0,11.183,0.57853,ok,2.327,10000,55580,11.116,100,0.579614969413458,100,100,1,24,0.29296924501050137,100,random,0.2,0.2,0.2,ok,11116,0.38096639889387846,0.7937530716110207,0.6705638974804641,100,0.019339079605813717,0.2607780179823749,0.16048757801694993,0.11847851585678948,0.01798426737911239,100,0.01772004514666935,0.0011736121291026315,6.417174321813293e-05,0.00100090098567307,0.06808083195937797,0.06908173294505104,-0.22047882087692852,-0.6752745557542312,-0.6525796301013517,-0.0016190344591443667,3.7749200384101944,3.830417615019367
B,sbm,metis,0,10,1,0,0,11.183,0.57853,ok,2.327,10000,55580,11.116,100,0.579614969413458,100,100,1,24,0.29296924501050137,100,random,0.15,0.15,0.15,ok,8337,0.38096639889387846,0.7937530716110207,0.6705638974804641,100,0.019339079605813717,0.2607780179823749,0.1388509430985307,0.12229382834861417,0.018282041901538235,100,0.014560219778561036,0.0005814995437932699,8.152671170391292e-05,0.0009775359649211168,0.042666235007345676,0.04364377097226679,-0.24211545579534777,-0.6714592432624066,-0.6522818555789258,-0.004778859827252681,5.975148621966808,6.112046632131421
B,sbm,metis,0,10,1,0,0,11.183,0.57853,ok,2.327,10000,55580,11.116,100,0.579614969413458,100,100,1,24,0.29296924501050137,100,random,0.05,0.05,0.05,ok,2779,0.38096639889387846,0.7937530716110207,0.6705638974804641,100,0.019339079605813717,0.2607780179823749,0.05555407071050667,0.1235247743217203,0.016581390686289853,100,0.007348469228349534,-0.00042072769794739424,-1.480768100069379e-05,0.000730607018340379,0.0075478029903024435,0.008278410008642823,-0.3254123281833718,-0.6702282972893004,-0.6539825067941742,-0.011990610377464184,31.50097877613183,34.550188752598245
B,sbm,metis,0,10,2,0,0,11.183,0.57853,ok,2.327,10000,55668,11.1336,100,0.5790579866350507,100,100,2,26,0.295925453001744,100,lspar,0.5,0.49283,0.425781,ok,27435,0.38657463986144885,0.815967914422123,0.707521047162818,100,0.016852299546352714,0.2695550770149566,0.36448304649927016,0.7646636104430485,0.6254986889901176,100,0.016431676725154984,-0.0009227043391614792,-0.00012715455130729068,0.08020845596911386,0.1636634060414508,0.24387186201056466,-0.022091593362178696,-0.051304303979074484,-0.08202235817270043,-0.0004206228211977303,1.1053143843354891,1.6470088429339347
B,sbm,metis,0,10,2,0,0,11.183,0.57853,ok,2.327,10000,55668,11.1336,100,0.5790579866350507,100,100,2,26,0.295925453001744,100,lspar,0.2,0.16068,0.0,ok,8945,0.38657463986144885,0.815967914422123,0.707521047162818,100,0.016852299546352714,0.2695550770149566,0.19209925760401073,0.31694815334145116,0.06465694881347864,100,0.01140175425099138,-0.0007298517710817128,-6.862180220911903e-05,0.07554151501972228,0.009399327042046934,0.08494084206176922,-0.19447538225743813,-0.49901976108067186,-0.6428640983493394,-0.005450545295361334,3.1734448408097418,28.6781251263127
B,sbm,metis,0,10,2,0,0,11.183,0.57853,ok,2.327,10000,55668,11.1336,100,0.5790579866350507,100,100,2,26,0.295925453001744,100,lspar,0.15,0.16068,0.0,floor,8945,0.38657463986144885,0.815967914422123,0.707521047162818,100,0.016852299546352714,0.2695550770149566,0.19209925760401073,0.31694815334145116,0.06465694881347864,100,0.01140175425099138,-0.0017554593571630552,-0.00020327971611138206,0.03643489902606234,0.010186232975684106,0.046621132001746446,-0.19447538225743813,-0.49901976108067186,-0.6428640983493394,-0.005450545295361334,5.781821792848337,26.462685239815393
B,sbm,metis,0,10,2,0,0,11.183,0.57853,ok,2.327,10000,55668,11.1336,100,0.5790579866350507,100,100,2,26,0.295925453001744,100,lspar,0.05,0.16068,0.0,floor,8945,0.38657463986144885,0.815967914422123,0.707521047162818,100,0.016852299546352714,0.2695550770149566,0.19209925760401073,0.31694815334145116,0.06465694881347864,100,0.01140175425099138,0.0011169165198623662,0.0001272442543759908,0.035988408024422824,0.010128688998520374,0.0461170970229432,-0.19447538225743813,-0.49901976108067186,-0.6428640983493394,-0.005450545295361334,5.845013984311573,26.61302731817849
B,sbm,metis,0,10,2,0,0,11.183,0.57853,ok,2.327,10000,55668,11.1336,100,0.5790579866350507,100,100,2,26,0.295925453001744,100,dspar,0.5,0.50435,0.5,ok,28076,0.38657463986144885,0.815967914422123,0.707521047162818,100,0.016852299546352714,0.2695550770149566,0.21755399346996546,0.18260414215564627,0.03630652982104866,100,0.012649110640673518,-0.0014105702013739588,-0.00014237244858795136,0.012126585992518812,0.16653899301309139,0.1786655790056102,-0.1690206463914834,-0.6333637722664768,-0.6712145173417694,-0.004203188905679197,1.508712973787147,1.6185703548343617
B,sbm,metis,0,10,2,0,0,11.183,0.57853,ok,2.327,10000,55668,11.1336,100,0.5790579866350507,100,100,2,26,0.295925453001744,100,dspar,0.2,0.20003,0.2,ok,11135,0.38657463986144885,0.815967914422123,0.707521047162818,100,0.016852299546352714,0.2695550770149566,0.16362493113679236,0.12134335059173483,0.017933989755878336,100,0.01661324772583615,0.002557788928272441,0.0002726492430913221,0.010408150032162666,0.0617103329859674,0.07211848301813006,-0.2229497087246565,-0.6946245638303882,-0.6895870574069397,-0.00023905182051656496,3.737669814091797,4.368070369613012
B,sbm,metis,0,10,2,0,0,11.183,0.57853,ok,2.327,10000,55668,11.1336,100,0.5790579866350507,100,100,2,26,0.295925453001744,100,dspar,0.15,0.14917,0.15,ok,8304,0.38657463986144885,0.815967914422123,0.707521047162818,100,0.016852299546352714,0.2695550770149566,0.13980584650407618,0.11769348033388892,0.016710432956818407,100,0.015748015748023623,0.0012355927447181324,0.00016276769559362518,0.010715755983255804,0.0411384740145877,0.051854229997843504,-0.24676879335737267,-0.6982744340882341,-0.6908106142059997,-0.0011042837983290914,5.198323782383169,6.5523839537502635
B,sbm,metis,0,10,2,0,0,11.183,0.57853,ok,2.327,10000,55668,11.1336,100,0.5790579866350507,100,100,2,26,0.295925453001744,100,dspar,0.05,0.04954,0.05,ok,2758,0.38657463986144885,0.815967914422123,0.707521047162818,100,0.016852299546352714,0.2695550770149566,0.05487567893129682,0.12167780290256187,0.016138889343425254,100,0.006324555320336759,0.0008280465479660407,3.6342707489284556e-05,0.008616934006568044,0.006197559996508062,0.014814494003076106,-0.33169896093015205,-0.6942901115195611,-0.6913821578193928,-0.010527744226015955,18.195361715289483,43.49374224159735
B,sbm,metis,0,10,2,0,0,11.183,0.57853,ok,2.327,10000,55668,11.1336,100,0.5790579866350507,100,100,2,26,0.295925453001744,100,random,0.5,0.5,0.5,ok,27834,0.38657463986144885,0.815967914422123,0.707521047162818,100,0.016852299546352714,0.2695550770149566,0.21870254937053327,0.19901144771574658,0.048764349611858084,100,0.014696938456699069,0.0015402441858695718,0.00019165606882133498,0.0011071990011259913,0.16283206798834726,0.16393926698947325,-0.1678720904909156,-0.6169564667063765,-0.65875669755096,-0.0021553610896536454,1.644237417703381,1.6554176357586197
B,sbm,metis,0,10,2,0,0,11.183,0.57853,ok,2.327,10000,55668,11.1336,100,0.5790579866350507,100,100,2,26,0.295925453001744,100,random,0.2,0.20001,0.2,ok,11134,0.38657463986144885,0.815967914422123,0.707521047162818,100,0.016852299546352714,0.2695550770149566,0.1611408742591609,0.12686159669726507,0.019490682600499666,100,0.01649242250247064,-0.0005916139238570411,-5.3730066448336764e-05,0.0009887049673125148,0.06710400903830305,0.06809271400561556,-0.22543376560228795,-0.689106317724858,-0.6880303645623184,-0.0003598770438820731,3.9586478663888562,4.016974259482683
B,sbm,metis,0,10,2,0,0,11.183,0.57853,ok,2.327,10000,55668,11.1336,100,0.5790579866350507,100,100,2,26,0.295925453001744,100,random,0.15,0.15,0.15,ok,8350,0.38657463986144885,0.815967914422123,0.707521047162818,100,0.016852299546352714,0.2695550770149566,0.14062971058326174,0.13299935549391356,0.020490426000087707,100,0.016370705543744903,0.0014276934497805512,0.00010340028577584745,0.0009714019834063947,0.04288396402262151,0.04385536600602791,-0.24594492927818712,-0.6829685589282095,-0.6870306211627304,-0.00048159400260781166,6.146455988485112,6.285684711253953
B,sbm,metis,0,10,2,0,0,11.183,0.57853,ok,2.327,10000,55668,11.1336,100,0.5790579866350507,100,100,2,26,0.295925453001744,100,random,0.05,0.04999,0.05,ok,2783,0.38657463986144885,0.815967914422123,0.707521047162818,100,0.016852299546352714,0.2695550770149566,0.055235611507736204,0.11813766529623887,0.015310537382618013,100,0.006164414002968977,-0.0011252175735789176,-0.00010238189312786895,0.0007100019720382988,0.007448947057127953,0.008158949029166251,-0.33133902835371265,-0.6978302491258841,-0.6922105097802,-0.010687885543383738,33.03796555798584,36.18700400844135
B,sbm,metis,0,10,3,0,0,11.183,0.57853,ok,2.327,10000,55897,11.1794,100,0.5790113959604272,100,100,2,26,0.2993419283538197,100,lspar,0.5,0.49244,0.425781,ok,27526,0.3857854093382392,0.8120359209379551,0.6975945352434337,100,0.018867962264113206,0.25596246297936887,0.3728086821844291,0.7872629989190078,0.6743512172867797,100,0.0151657508881031,-0.0022658546038865817,-0.00024712309599547565,0.07564244803506881,0.15502085397019982,0.23066330200526863,-0.012976727153810097,-0.02477292201894732,-0.02324331795665402,-0.0037022113760101054,1.1096800433972906,1.6511485804908117
B,sbm,metis,0,10,3,0,0,11.183,0.57853,ok,2.327,10000,55897,11.1794,100,0.5790113959604272,100,100,2,26,0.2993419283538197,100,lspar,0.2,0.16042,0.0,ok,8967,0.3857854093382392,0.8120359209379551,0.6975945352434337,100,0.018867962264113206,0.25596246297936887,0.1903750948356643,0.31536819945359146,0.06386721838615717,100,0.013490737563232042,0.0019544562763483602,0.00020424404005498127,0.0728306689998135,0.010291646991390735,0.08312231599120423,-0.19541031450257487,-0.4966677214843636,-0.6337273168572766,-0.005377224700881164,3.0793471034475757,24.870894152654962
B,sbm,metis,0,10,3,0,0,11.183,0.57853,ok,2.327,10000,55897,11.1794,100,0.5790113959604272,100,100,2,26,0.2993419283538197,100,lspar,0.15,0.16042,0.0,floor,8967,0.3857854093382392,0.8120359209379551,0.6975945352434337,100,0.018867962264113206,0.25596246297936887,0.1903750948356643,0.31536819945359146,0.06386721838615717,100,0.013490737563232042,-0.00034512174609240107,-7.938671520285593e-06,0.03572641999926418,0.009731692029163241,0.04545811202842742,-0.19541031450257487,-0.4966677214843636,-0.6337273168572766,-0.005377224700881164,5.630732372239781,26.301948542177332
B,sbm,metis,0,10,3,0,0,11.183,0.57853,ok,2.327,10000,55897,11.1794,100,0.5790113959604272,100,100,2,26,0.2993419283538197,100,lspar,0.05,0.16042,0.0,floor,8967,0.3857854093382392,0.8120359209379551,0.6975945352434337,100,0.018867962264113206,0.25596246297936887,0.1903750948356643,0.31536819945359146,0.06386721838615717,100,0.013490737563232042,0.00018584647591488322,2.6745040948748413e-05,0.03576759103452787,0.009867245971690863,0.04563483700621873,-0.19541031450257487,-0.4966677214843636,-0.6337273168572766,-0.005377224700881164,5.60892685876118,25.94061845764516
B,sbm,metis,0,10,3,0,0,11.183,0.57853,ok,2.327,10000,55897,11.1794,100,0.5790113959604272,100,100,2,26,0.2993419283538197,100,dspar,0.5,0.49985,0.5,ok,27940,0.3857854093382392,0.8120359209379551,0.6975945352434337,100,0.018867962264113206,0.25596246297936887,0.2177281604531035,0.19842651601777897,0.046792326389097194,100,0.015874507866387545,0.0004625840823808235,-3.108699212990072e-05,0.009729098004754633,0.16436608496587723,0.17409518297063187,-0.16805724888513568,-0.6136094049201761,-0.6508022088543366,-0.002993454397725661,1.4702443721406537,1.5572705466125036
B,sbm,metis,0,10,3,0,0,11.183,0.57853,ok,2.327,10000,55897,11.1794,100,0.5790113959604272,100,100,2,26,0.2993419283538197,100,dspar,0.2,0.1993,0.2,ok,11140,0.3857854093382392,0.8120359209379551,0.6975945352434337,100,0.018867962264113206,0.25596246297936887,0.1619992239789712,0.12169520336677159,0.017543080941239856,100,0.01849324200890693,0.0020138271323028073,0.00013937010710562433,0.009382419986650348,0.06538519205059856,0.07476761203724891,-0.22378618535926798,-0.6903407175711835,-0.6800514543021938,-0.0003747202552062748,3.423440390898795,3.914685496087423
B,sbm,metis,0,10,3,0,0,11.183,0.57853,ok,2.327,10000,55897,11.1794,100,0.5790113959604272,100,100,2,26,0.2993419283538197,100,dspar,0.15,0.14893,0.15,ok,8325,0.3857854093382392,0.8120359209379551,0.6975945352434337,100,0.018867962264113206,0.25596246297936887,0.13903049467860154,0.11889023359946048,0.016785252857730564,100,0.016852299546352714,-0.0004586181119339364,-2.848080421065057e-06,0.01094664802076295,0.04054202401312068,0.05148867203388363,-0.24675491465963764,-0.6931456873384946,-0.6808092823857032,-0.0020156627177604913,4.971238388337638,6.313509727499824
B,sbm,metis,0,10,3,0,0,11.183,0.57853,ok,2.327,10000,55897,11.1794,100,0.5790113959604272,100,100,2,26,0.2993419283538197,100,dspar,0.05,0.05016,0.05,ok,2804,0.3857854093382392,0.8120359209379551,0.6975945352434337,100,0.018867962264113206,0.25596246297936887,0.054323081554605156,0.11605213198197745,0.01496145910679962,100,0.0069282032302755096,1.7394048180706257e-05,1.3817850189777263e-05,0.0107683070236817,0.006848116987384856,0.017616424011066556,-0.33146232778363405,-0.6959837889559777,-0.6826330761366342,-0.011939759033837696,14.52976284055007,37.377057583987806
B,sbm,metis,0,10,3,0,0,11.183,0.57853,ok,2.327,10000,55897,11.1794,100,0.5790113959604272,100,100,2,26,0.2993419283538197,100,random,0.5,0.49999,0.5,ok,27948,0.3857854093382392,0.8120359209379551,0.6975945352434337,100,0.018867962264113206,0.25596246297936887,0.21740635835008634,0.19187199381800682,0.04152095333362563,100,0.013190905958272919,0.0017689035689258832,0.00015331999449381237,0.0009641260257922113,0.1611190619878471,0.1620831880136393,-0.16837905098815284,-0.6201639271199483,-0.6560735819098081,-0.005677056305840287,1.5792042723013915,1.5886541283282523
B,sbm,metis,0,10,3,0,0,11.183,0.57853,ok,2.327,10000,55897,11.1794,100,0.5790113959604272,100,100,2,26,0.2993419283538197,100,random,0.2,0.19999,0.2,ok,11179,0.3857854093382392,0.8120359209379551,0.6975945352434337,100,0.018867962264113206,0.25596246297936887,0.16012232746551977,0.12555598235306634,0.019524848373349946,100,0.017262676501632067,-0.001413060531432872,-0.0001335558577529524,0.000997134018689394,0.06211897300090641,0.0631161070195958,-0.2256630818727194,-0.6864799385848888,-0.6780696868700837,-0.0016052857624811387,4.0554222220945855,4.1205198768439715
B,sbm,metis,0,10,3,0,0,11.183,0.57853,ok,2.327,10000,55897,11.1794,100,0.5790113959604272,100,100,2,26,0.2993419283538197,100,random,0.15,0.15001,0.15,ok,8385,0.3857854093382392,0.8120359209379551,0.6975945352434337,100,0.018867962264113206,0.25596246297936887,0.13853968384097046,0.12281854865783613,0.01817376494904058,100,0.01805547008526779,0.0016929441634333893,0.00017013388433846898,0.000974122027400881,0.04542415199102834,0.04639827401842922,-0.24724572549726873,-0.6892173722801189,-0.6794207702943932,-0.0008124921788454156,5.516637599012876,5.634942024452623
B,sbm,metis,0,10,3,0,0,11.183,0.57853,ok,2.327,10000,55897,11.1794,100,0.5790113959604272,100,100,2,26,0.2993419283538197,100,random,0.05,0.05,0.05,ok,2795,0.3857854093382392,0.8120359209379551,0.6975945352434337,100,0.018867962264113206,0.25596246297936887,0.054950114174539676,0.11862072117717694,0.015488013472053792,100,0.006324555320336759,0.00017013312792203824,5.737258992193894e-06,0.0008859040099196136,0.007617530005518347,0.00850343401543796,-0.3308352951636995,-0.6934151997607781,-0.68210652177138,-0.012543406943776446,30.101070051777874,33.60176629352856
B,sbm,metis,0,25,1,0,0,24.635,0.5976,ok,1.765,10000,123602,24.7204,100,0.5986310901118105,100,100,8,45,0.19756037430806836,100,lspar,0.5,0.50427,0.679688,ok,62329,0.3698628209959212,0.9546810856540597,0.9130183968237592,100,0.0151657508881031,0.32955908199073747,0.38269653597979086,0.9786395684427983,0.9620097337772207,100,0.012727922061357855,0.0019286070858306375,0.00016976402689159955,0.148352736083325,0.17357784899650142,0.3219305850798264,0.012833714983869648,0.023958482788738578,0.04899133695346147,-0.0024378288267452447,1.0236960924635958,1.8986240692346634
B,sbm,metis,0,25,1,0,0,24.635,0.5976,ok,1.765,10000,123602,24.7204,100,0.5986310901118105,100,100,8,45,0.19756037430806836,100,lspar,0.2,0.20084,0.34375,ok,24824,0.3698628209959212,0.9546810856540597,0.9130183968237592,100,0.0151657508881031,0.32955908199073747,0.37105345920821625,0.9383736430318746,0.9003974137279008,100,0.017378147196982767,-0.00032553205291924224,6.837351398322691e-05,0.14079642505384982,0.0733472240390256,0.21414364909287542,0.0011906382122950365,-0.016307442622185087,-0.012620983095858351,0.002212396308879667,1.538962670089766,4.493136397573685
B,sbm,metis,0,25,1,0,0,24.635,0.5976,ok,1.765,10000,123602,24.7204,100,0.5986310901118105,100,100,8,45,0.19756037430806836,100,lspar,0.15,0.15466,0.21875,ok,19116,0.3698628209959212,0.9546810856540597,0.9130183968237592,100,0.0151657508881031,0.32955908199073747,0.3715536532063737,0.933544932984306,0.8982927433847679,100,0.01833030277982336,-0.00037987318542668684,-2.9893967712414213e-05,0.1404074290767312,0.05840037600137293,0.19880780507810414,0.0016908322104524642,-0.02113615266975377,-0.014725653438991237,0.0031645518917202582,1.6576767791448934,5.643098633183284
B,sbm,metis,0,25,1,0,0,24.635,0.5976,ok,1.765,10000,123602,24.7204,100,0.5986310901118105,100,100,8,45,0.19756037430806836,100,lspar,0.05,0.06612,0.0,floor,8172,0.3698628209959212,0.9546810856540597,0.9130183968237592,100,0.0151657508881031,0.32955908199073747,0.11307586691587153,0.3930429146911358,0.08990977024351589,100,0.009273618495495704,0.001815722308552483,0.00017869938663344547,0.1304746790556237,0.009080748015549034,0.13955542707117274,-0.2567869540800497,-0.5616381709629239,-0.8231086265802433,-0.005892132392607396,2.3614924113460924,36.292063321923585
B,sbm,metis,0,25,1,0,0,24.635,0.5976,ok,1.765,10000,123602,24.7204,100,0.5986310901118105,100,100,8,45,0.19756037430806836,100,dspar,0.5,0.50112,0.5,ok,61939,0.3698628209959212,0.9546810856540597,0.9130183968237592,100,0.0151657508881031,0.32955908199073747,0.3279600273385965,0.8496683459953731,0.7488856200869254,100,0.020591260281974,0.0003196496220200054,2.63378507190819e-05,0.0361397719825618,0.2770083319628611,0.3131481039454229,-0.04190279365732469,-0.10501273965868663,-0.1641327767368338,0.0054255093938709,1.0524064423145119,1.1897081927301807
B,sbm,metis,0,25,1,0,0,24.635,0.5976,ok,1.765,10000,123602,24.7204,100,0.5986310901118105,100,100,8,45,0.19756037430806836,100,dspar,0.2,0.1987,0.2,ok,24560,0.3698628209959212,0.9546810856540597,0.9130183968237592,100,0.0151657508881031,0.32955908199073747,0.09742607823527827,0.16118998821268124,0.030638290084821482,100,0.01606237840420901,0.00130949792861635,5.453841908939201e-05,0.035859213036019355,0.15416748297866434,0.1900266960146837,-0.27243674276064295,-0.7934910974413785,-0.8823801067389377,0.0008966275161059085,1.7342778088678228,2.1376692128802937
B,sbm,metis,0,25,1,0,0,24.635,0.5976,ok,1.765,10000,123602,24.7204,100,0.5986310901118105,100,100,8,45,0.19756037430806836,100,dspar,0.15,0.14968,0.15,ok,18501,0.3698628209959212,0.9546810856540597,0.9130183968237592,100,0.0151657508881031,0.32955908199073747,0.08932073874445445,0.1366722175185484,0.022469736737453273,100,0.0158113883008419,0.001923523323649781,0.000240272996178508,0.03425766801228747,0.12110080599086359,0.15535847400315106,-0.28054208225146676,-0.8180088681355113,-0.890548660086306,0.000645637412738799,2.121281662331809,2.721361590405938
B,sbm,metis,0,25,1,0,0,24.635,0.5976,ok,1.765,10000,123602,24.7204,100,0.5986310901118105,100,100,8,45,0.19756037430806836,100,dspar,0.05,0.05011,0.05,ok,6194,0.3698628209959212,0.9546810856540597,0.9130183968237592,100,0.0151657508881031,0.32955908199073747,0.05266253580107886,0.12245550537687863,0.01761856489053407,100,0.015297058540778355,0.0005140232161634525,5.478146935596414e-05,0.03584024903830141,0.02447196200955659,0.060312211047858,-0.31720028519484234,-0.8322255802771811,-0.8953998319332251,0.00013130765267525477,5.464218211619383,13.466802615255807
B,sbm,metis,0,25,1,0,0,24.635,0.5976,ok,1.765,10000,123602,24.7204,100,0.5986310901118105,100,100,8,45,0.19756037430806836,100,random,0.5,0.5,0.5,ok,61801,0.3698628209959212,0.9546810856540597,0.9130183968237592,100,0.0151657508881031,0.32955908199073747,0.3107504705598728,0.8012062588776797,0.6800000407997985,100,0.020149441679609886,-0.0019089063447920982,-0.00020807897208987788,0.002184093988034874,0.2685604940052144,0.2707445879932493,-0.0591123504360484,-0.15347482677638002,-0.2330183560239607,0.004983690791506786,1.2172323902517108,1.227131649468662
B,sbm,metis,0,25,1,0,0,24.635,0.5976,ok,1.765,10000,123602,24.7204,100,0.5986310901118105,100,100,8,45,0.19756037430806836,100,random,0.2,0.2,0.2,ok,24720,0.3698628209959212,0.9546810856540597,0.9130183968237592,100,0.0151657508881031,0.32955908199073747,0.09635975746159392,0.15294563439953798,0.026902212068065815,100,0.013999999999999999,-0.0008921696255297985,-9.172838435570688e-05,0.0020666539785452187,0.15003673499450088,0.1521033889730461,-0.2735030635343273,-0.8017354512545217,-0.8861161847556933,-0.0011657508881031016,2.166678101098312,2.196522618296222
B,sbm,metis,0,25,1,0,0,24.635,0.5976,ok,1.765,10000,123602,24.7204,100,0.5986310901118105,100,100,8,45,0.19756037430806836,100,random,0.15,0.15,0.15,ok,18540,0.3698628209959212,0.9546810856540597,0.9130183968237592,100,0.0151657508881031,0.32955908199073747,0.08770855860968338,0.1264670428399251,0.018958718582664836,100,0.015684387141358124,0.0012801205559385134,4.853948418889931e-05,0.0018379990360699594,0.12184663402149454,0.1236846330575645,-0.28215426238623786,-0.8282140428141347,-0.8940596782410943,0.000518636253255024,2.6645111348420802,2.7047040292684748
B,sbm,metis,0,25,1,0,0,24.635,0.5976,ok,1.765,10000,123602,24.7204,100,0.5986310901118105,100,100,8,45,0.19756037430806836,100,random,0.05,0.05,0.05,ok,6180,0.3698628209959212,0.9546810856540597,0.9130183968237592,100,0.0151657508881031,0.32955908199073747,0.05290595927344915,0.11674635301057304,0.01628335102522848,100,0.013190905958272919,0.002301110031038799,0.0002634922276913424,0.001752434007357806,0.024999850953463465,0.02675228496082127,-0.31695686172247206,-0.8379347326434867,-0.8967350457985307,-0.0019748449298301815,12.318913411447912,13.18244187152166
B,sbm,metis,0,25,2,0,0,24.635,0.5976,ok,1.765,10000,123606,24.7212,100,0.599242755206058,100,100,8,46,0.19883797125510866,100,lspar,0.5,0.50388,0.679688,ok,62283,0.36998049566860997,0.9545074609946347,0.916978210844131,100,0.017320508075688773,0.3382628439576365,0.3903231785060642,0.9959781931690271,0.9941299101980924,100,0.007211102550927979,-0.0003693639632197819,-1.8868196295583185e-05,0.1415747920400463,0.17847330297809094,0.32004809501813725,0.020342682837454218,0.041470732174392455,0.07715169935396138,-0.010109405524760794,1.0569125366563017,1.8953134071775488
B,sbm,metis,0,25,2,0,0,24.635,0.5976,ok,1.765,10000,123606,24.7212,100,0.599242755206058,100,100,8,46,0.19883797125510866,100,lspar,0.2,0.20103,0.34375,ok,24848,0.36998049566860997,0.9545074609946347,0.916978210844131,100,0.017320508075688773,0.3382628439576365,0.3794238958090139,0.956432584851273,0.9356503085295291,100,0.014422205101855958,-0.000926182862433292,-8.776864983819461e-05,0.13184573000762612,0.07284862897358835,0.20469435898121446,0.009443400140403957,0.0019251238566383444,0.018672097685398126,-0.002898302973832815,1.6525264576962773,4.643365959300009
B,sbm,metis,0,25,2,0,0,24.635,0.5976,ok,1.765,10000,123606,24.7212,100,0.599242755206058,100,100,8,46,0.19883797125510866,100,lspar,0.15,0.15428,0.21875,ok,19070,0.36998049566860997,0.9545074609946347,0.916978210844131,100,0.017320508075688773,0.3382628439576365,0.36349322952709234,0.9201544340189138,0.8711524435746764,100,0.019849433241279208,-0.0003393752784359453,-3.047884415255043e-05,0.13081805605906993,0.05798431398579851,0.18880237004486844,-0.0064872661415176225,-0.034353026975720846,-0.04582576726945464,0.002528925165590435,1.7916239286469187,5.833695713645654
B,sbm,metis,0,25,2,0,0,24.635,0.5976,ok,1.765,10000,123606,24.7212,100,0.599242755206058,100,100,8,46,0.19883797125510866,100,lspar,0.05,0.06601,0.0,floor,8159,0.36998049566860997,0.9545074609946347,0.916978210844131,100,0.017320508075688773,0.3382628439576365,0.1135169135827524,0.3924941835772038,0.09072942276548504,100,0.009797958971132711,-0.0013161983589145628,-0.0001233678157185829,0.12038846599170938,0.008079298015218228,0.1284677640069276,-0.25646358208585757,-0.5620132774174309,-0.826248788078646,-0.007522549104556062,2.6330562112017124,41.8678508108603
B,sbm,metis,0,25,2,0,0,24.635,0.5976,ok,1.765,10000,123606,24.7212,100,0.599242755206058,100,100,8,46,0.19883797125510866,100,dspar,0.5,0.50073,0.5,ok,61893,0.36998049566860997,0.9545074609946347,0.916978210844131,100,0.017320508075688773,0.3382628439576365,0.3338432905246291,0.8659895818563348,0.7781584111816963,100,0.018275666882497064,0.0007017402913829441,8.028962193616696e-05,0.0354936090297997,0.2746364350314252,0.3101300440612249,-0.03613720514398089,-0.0885178791382999,-0.13881979966243474,0.0009551588068082914,1.0907129136152243,1.2316750467538324
B,sbm,metis,0,25,2,0,0,24.635,0.5976,ok,1.765,10000,123606,24.7212,100,0.599242755206058,100,100,8,46,0.19883797125510866,100,dspar,0.2,0.20068,0.2,ok,24805,0.36998049566860997,0.9545074609946347,0.916978210844131,100,0.017320508075688773,0.3382628439576365,0.09742437305344848,0.1544664982263972,0.029272088255305185,100,0.0151657508881031,0.0016709098759678934,0.00019355349892338138,0.03471885301405564,0.1568344280240126,0.19155328103806823,-0.2725561226151615,-0.8000409627682374,-0.8877061225888259,-0.002154757187585673,1.7658942834313134,2.1568149813754274
B,sbm,metis,0,25,2,0,0,24.635,0.5976,ok,1.765,10000,123606,24.7212,100,0.599242755206058,100,100,8,46,0.19883797125510866,100,dspar,0.15,0.14943,0.15,ok,18470,0.36998049566860997,0.9545074609946347,0.916978210844131,100,0.017320508075688773,0.3382628439576365,0.08881562486697846,0.13619251552015113,0.022450735684882903,100,0.016733200530681513,0.002027452314060966,9.511799661178749e-05,0.03368631697958335,0.1217992149759084,0.15548553195549175,-0.2811648708016315,-0.8183149454744836,-0.8945274751592481,-0.0005873075450072603,2.175526170849551,2.777216946960981
B,sbm,metis,0,25,2,0,0,24.635,0.5976,ok,1.765,10000,123606,24.7212,100,0.599242755206058,100,100,8,46,0.19883797125510866,100,dspar,0.05,0.05019,0.05,ok,6204,0.36998049566860997,0.9545074609946347,0.916978210844131,100,0.017320508075688773,0.3382628439576365,0.053162175946444706,0.12301469921443771,0.017159490331656015,100,0.015362291495737217,-0.0009153163736838543,-0.00013701413536233029,0.033636779990047216,0.028270086040720344,0.06190686603076756,-0.31681831972216523,-0.8314927617801969,-0.899818720512475,-0.001958216579951556,5.464060218934693,11.965398459360943
B,sbm,metis,0,25,2,0,0,24.635,0.5976,ok,1.765,10000,123606,24.7212,100,0.599242755206058,100,100,8,46,0.19883797125510866,100,random,0.5,0.5,0.5,ok,61803,0.36998049566860997,0.9545074609946347,0.916978210844131,100,0.017320508075688773,0.3382628439576365,0.3169467189948983,0.8193884358801419,0.7034884747298212,100,0.01854723699099141,-0.0013273290350415807,-9.729639633296204e-05,0.002193116000853479,0.27466249698773026,0.27685561298858374,-0.053033776673711674,-0.1351190251144928,-0.21348973611430977,0.0012267289153026356,1.2218023694957014,1.2315581765527581
B,sbm,metis,0,25,2,0,0,24.635,0.5976,ok,1.765,10000,123606,24.7212,100,0.599242755206058,100,100,8,46,0.19883797125510866,100,random,0.2,0.2,0.2,ok,24721,0.36998049566860997,0.9545074609946347,0.916978210844131,100,0.017320508075688773,0.3382628439576365,0.09717307853733222,0.1587327994521719,0.029891762230513437,100,0.013038404810405297,-0.004656857435144044,-0.0003648578759694315,0.0017123339930549264,0.1529878510045819,0.15470018499763682,-0.27280741713127776,-0.7957746615424628,-0.8870864486136175,-0.004282103265283476,2.1865703907387295,2.211043829535887
B,sbm,metis,0,25,2,0,0,24.635,0.5976,ok,1.765,10000,123606,24.7212,100,0.599242755206058,100,100,8,46,0.19883797125510866,100,random,0.15,0.15,0.15,ok,18541,0.36998049566860997,0.9545074609946347,0.916978210844131,100,0.017320508075688773,0.3382628439576365,0.08795908308468718,0.1348598227440753,0.021776211989006027,100,0.015620499351813309,-0.00048232696827436194,-4.484301400077675e-06,0.0018370570032857358,0.12347039399901405,0.12530745100229979,-0.28202141258392277,-0.8196476382505594,-0.895201998855125,-0.0017000087238754642,2.699463130499944,2.739627152727298
B,sbm,metis,0,25,2,0,0,24.635,0.5976,ok,1.765,10000,123606,24.7212,100,0.599242755206058,100,100,8,46,0.19883797125510866,100,random,0.05,0.05,0.05,ok,6180,0.36998049566860997,0.9545074609946347,0.916978210844131,100,0.017320508075688773,0.3382628439576365,0.052546150913356036,0.11815756779376708,0.016469205281764456,100,0.0196468827043885,0.0009861727086232042,0.00010220249714027415,0.0017654170515015721,0.023891201009973884,0.025656618061475456,-0.31743434475525395,-0.8363498932008676,-0.9005090055623666,0.002326374628699727,13.18423352396367,14.15846963141039
B,sbm,metis,0,25,3,0,0,24.635,0.5976,ok,1.765,10000,123049,24.6098,100,0.5990621622280555,100,100,9,46,0.1975857182314385,100,lspar,0.5,0.50398,0.679688,ok,62014,0.39097300143529123,0.9987514453690504,0.9981748713617591,100,0.0037416573867739417,0.32886266498826444,0.38186811054465974,0.9751296936504288,0.9585476304677193,100,0.014832396974191326,-0.0011748574533605306,-9.809022017679065e-05,0.1369647099636495,0.172855440992862,0.3098201509565115,-0.00910489089063149,-0.023621751718621575,-0.039627240894039795,0.011090739587417384,1.0614631229536322,1.9025300164074368
B,sbm,metis,0,25,3,0,0,24.635,0.5976,ok,1.765,10000,123049,24.6098,100,0.5990621622280555,100,100,9,46,0.1975857182314385,100,lspar,0.2,0.20114,0.34375,ok,24750,0.39097300143529123,0.9987514453690504,0.9981748713617591,100,0.0037416573867739417,0.32886266498826444,0.3792357394640418,0.952688380309074,0.930819825933783,100,0.015099668870541498,-0.0008217193049923141,-4.9206511669790856e-05,0.13007704698247835,0.07099064002977684,0.2010676870122552,-0.011737261971249413,-0.04606306505997637,-0.0673550454279761,0.011358011483767557,1.635581877301946,4.632479223321889
B,sbm,metis,0,25,3,0,0,24.635,0.5976,ok,1.765,10000,123049,24.6098,100,0.5990621622280555,100,100,9,46,0.1975857182314385,100,lspar,0.15,0.15426,0.21875,ok,18981,0.39097300143529123,0.9987514453690504,0.9981748713617591,100,0.0037416573867739417,0.32886266498826444,0.36608452572265143,0.9198484507432383,0.8767167620544971,100,0.020346989949375803,-0.0007935051848404288,-5.7200280754005135e-05,0.12624159298138693,0.056493829004466534,0.18273542198585346,-0.0248884757126398,-0.07890299462581207,-0.12145810930726197,0.01660533256260186,1.7996656664285016,5.821213941123796
B,sbm,metis,0,25,3,0,0,24.635,0.5976,ok,1.765,10000,123049,24.6098,100,0.5990621622280555,100,100,9,46,0.1975857182314385,100,lspar,0.05,0.06621,0.0,floor,8147,0.39097300143529123,0.9987514453690504,0.9981748713617591,100,0.0037416573867739417,0.32886266498826444,0.11361943126282656,0.3935304992003446,0.0922460611959242,100,0.01095445115010332,-0.0012472821132395791,-0.00013993099807950917,0.11656764999497682,0.009377780021168292,0.1259454300161451,-0.27735357017246465,-0.6052209461687057,-0.9059288101658349,0.007212793763329379,2.611152027875145,35.068285270706795
B,sbm,metis,0,25,3,0,0,24.635,0.5976,ok,1.765,10000,123049,24.6098,100,0.5990621622280555,100,100,9,46,0.1975857182314385,100,dspar,0.5,0.5007,0.5,ok,61611,0.39097300143529123,0.9987514453690504,0.9981748713617591,100,0.0037416573867739417,0.32886266498826444,0.3008558281771636,0.7797812719572532,0.6503879478820618,100,0.022135943621178655,-0.004521402856001823,-0.0003986296084731968,0.03497828799299896,0.2747632609680295,0.30974154896102846,-0.09011717325812763,-0.21897017341179714,-0.3477869234796973,0.018394286234404714,1.0617324866211015,1.1968946060315167
B,sbm,metis,0,25,3,0,0,24.635,0.5976,ok,1.765,10000,123049,24.6098,100,0.5990621622280555,100,100,9,46,0.1975857182314385,100,dspar,0.2,0.20074,0.2,ok,24701,0.39097300143529123,0.9987514453690504,0.9981748713617591,100,0.0037416573867739417,0.32886266498826444,0.09761882581735716,0.1584201852806882,0.030118909510417662,100,0.014966629547095767,-2.2885401181922906e-05,6.1003268644012884e-05,0.036817785003222525,0.15205464896280318,0.1888724339660257,-0.2933541756179341,-0.8403312600883621,-0.9680559618513415,0.011224972160321825,1.7411893206576674,2.162792569852392
B,sbm,metis,0,25,3,0,0,24.635,0.5976,ok,1.765,10000,123049,24.6098,100,0.5990621622280555,100,100,9,46,0.1975857182314385,100,dspar,0.15,0.15036,0.15,ok,18502,0.39097300143529123,0.9987514453690504,0.9981748713617591,100,0.0037416573867739417,0.32886266498826444,0.08893810206076916,0.13489721275987465,0.021543968230046017,100,0.015099668870541498,-0.004249132738708738,-0.0003715536024852763,0.0346065130433999,0.11907188000623137,0.15367839304963127,-0.3020348993745221,-0.8638542326091757,-0.9766309031317131,0.011358011483767557,2.139940810560509,2.761883535987289
B,sbm,metis,0,25,3,0,0,24.635,0.5976,ok,1.765,10000,123049,24.6098,100,0.5990621622280555,100,100,9,46,0.1975857182314385,100,dspar,0.05,0.04974,0.05,ok,6120,0.39097300143529123,0.9987514453690504,0.9981748713617591,100,0.0037416573867739417,0.32886266498826444,0.05229419602767649,0.11546057248832503,0.015898849894608373,100,0.015033296378372907,-0.0002189799432320919,-5.12265346339096e-05,0.03479444800177589,0.024585500999819487,0.05937994900159538,-0.33867880540761475,-0.8832908728807254,-0.9822760214671508,0.011291638991598966,5.538277996490512,13.376284867681933
B,sbm,metis,0,25,3,0,0,24.635,0.5976,ok,1.765,10000,123049,24.6098,100,0.5990621622280555,100,100,9,46,0.1975857182314385,100,random,0.5,0.5,0.5,ok,61524,0.39097300143529123,0.9987514453690504,0.9981748713617591,100,0.0037416573867739417,0.32886266498826444,0.3302874578599227,0.8418702088052363,0.746596837869139,100,0.01854723699099141,0.00024290537539638755,2.5106792742759356e-05,0.0016318199923262,0.2652255109860562,0.2668573309783824,-0.06068554357536854,-0.15688123656381403,-0.2515780334926201,0.014805579604217467,1.232353871570817,1.2399360218616144
B,sbm,metis,0,25,3,0,0,24.635,0.5976,ok,1.765,10000,123049,24.6098,100,0.5990621622280555,100,100,9,46,0.1975857182314385,100,random,0.2,0.2,0.2,ok,24610,0.39097300143529123,0.9987514453690504,0.9981748713617591,100,0.0037416573867739417,0.32886266498826444,0.0988530140737833,0.16218201054019218,0.03159666990947694,100,0.01407124727947029,-0.0007310349807583717,-5.910525969040176e-05,0.0014966700109653175,0.1476722239749506,0.14916889398591593,-0.2921199873615079,-0.8365694348288581,-0.9665782014522821,0.010329589892696348,2.2046329915090386,2.226977126341978
B,sbm,metis,0,25,3,0,0,24.635,0.5976,ok,1.765,10000,123049,24.6098,100,0.5990621622280555,100,100,9,46,0.1975857182314385,100,random,0.15,0.15,0.15,ok,18457,0.39097300143529123,0.9987514453690504,0.9981748713617591,100,0.0037416573867739417,0.32886266498826444,0.08886550745634458,0.13275248025066683,0.021648812049723964,100,0.013784048752090222,-0.00022597977120611295,-4.882364458204753e-05,0.0018287620041519403,0.11671928898431361,0.11854805098846555,-0.30210749397894665,-0.8659989651183835,-0.9765260593120351,0.01004239136531628,2.7740874881212685,2.817551990335219
B,sbm,metis,0,25,3,0,0,24.635,0.5976,ok,1.765,10000,123049,24.6098,100,0.5990621622280555,100,100,9,46,0.1975857182314385,100,random,0.05,0.05,0.05,ok,6152,0.39097300143529123,0.9987514453690504,0.9981748713617591,100,0.0037416573867739417,0.32886266498826444,0.052188059113749304,0.11847550429806446,0.016579880686205653,100,0.0189208879284245,-0.0010340662146451633,-0.00011987753182079398,0.0014064620481804013,0.024808320973534137,0.02621478302171454,-0.33878494232154194,-0.880275941070986,-0.9815949906755534,0.01517923054165056,12.544931793479162,13.256143587431803
B,sbm,metis,0,50,1,0,0,49.423,0.61286,ok,1.367,10000,247063,49.4126,100,0.6121596515868423,100,100,27,79,0.13674217325284943,100,lspar,0.5,0.50326,0.792969,ok,124337,0.36627185056686185,0.9817945081319205,0.9628899854902226,100,0.012489995996796796,0.45368807401973754,0.3771774346958668,0.9984055784774912,0.9975841906058743,100,0.004898979485566356,-0.0014432568928498433,-0.0001410084089091941,0.3910094969905913,0.20899341499898583,0.6000029119895771,0.010905584129004942,0.016611070345570744,0.03469420511565169,-0.007591016511230441,0.756143120231421,2.1708247315923286
B,sbm,metis,0,50,1,0,0,49.423,0.61286,ok,1.367,10000,247063,49.4126,100,0.6121596515868423,100,100,27,79,0.13674217325284943,100,lspar,0.2,0.2045,0.5,ok,50524,0.36627185056686185,0.9817945081319205,0.9628899854902226,100,0.012489995996796796,0.45368807401973754,0.37779260949938975,0.9997224885013066,0.9995939604080388,100,0.002,-0.00028961923078963384,-3.674740125267224e-05,0.3471079599694349,0.05582130799302831,0.4029292679624632,0.011520758932527908,0.017927980369386143,0.036703974917816184,-0.010489995996796796,1.125974482603242,8.127507045811251
B,sbm,metis,0,50,1,0,0,49.423,0.61286,ok,1.367,10000,247063,49.4126,100,0.6121596515868423,100,100,27,79,0.13674217325284943,100,lspar,0.15,0.15234,0.40625,ok,37638,0.36627185056686185,0.9817945081319205,0.9628899854902226,100,0.012489995996796796,0.45368807401973754,0.3778250353335207,0.9998612442604613,0.9997969800009998,100,0.001414213562373095,0.00035904251343589917,5.509085400005509e-05,0.36109368695179,0.043935203982982785,0.4050288909347728,0.011553184766658842,0.018066736128540817,0.03690699451077717,-0.011075782434423701,1.1201375609840163,10.32629947946668
B,sbm,metis,0,50,1,0,0,49.423,0.61286,ok,1.367,10000,247063,49.4126,100,0.6121596515868423,100,100,27,79,0.13674217325284943,100,lspar,0.05,0.06392,0.125,ok,15792,0.36627185056686185,0.9817945081319205,0.9628899854902226,100,0.012489995996796796,0.45368807401973754,0.377634818262116,0.9993063449324243,0.9989859232482262,100,0.00282842712474619,0.0006508663054131327,0.00010603997988048453,0.46457050897879526,0.01625509199220687,0.48082560097100213,0.011362967695254134,0.017511836800503833,0.03609593775800357,-0.009661568872050606,0.9435605614666487,27.910520238042814
B,sbm,metis,0,50,1,0,0,49.423,0.61286,ok,1.367,10000,247063,49.4126,100,0.6121596515868423,100,100,27,79,0.13674217325284943,100,dspar,0.5,0.50126,0.5,ok,123842,0.36627185056686185,0.9817945081319205,0.9628899854902226,100,0.012489995996796796,0.45368807401973754,0.3775092623859063,0.9988899535344495,0.9983758513770273,100,0.004,-0.0021857662745073535,-0.00020009940930573565,0.09234875696711242,0.35593795304885134,0.44828671001596376,0.011237411819044474,0.017095445402529053,0.03548586588680469,-0.008489995996796796,1.0120489050491401,1.274626855983156
B,sbm,metis,0,50,1,0,0,49.423,0.61286,ok,1.367,10000,247063,49.4126,100,0.6121596515868423,100,100,27,79,0.13674217325284943,100,dspar,0.2,0.1994,0.2,ok,49265,0.36627185056686185,0.9817945081319205,0.9628899854902226,100,0.012489995996796796,0.45368807401973754,0.15114718778898928,0.48759373753519325,0.3014096653402561,100,0.01760681686165901,-0.0001528929649777248,-9.083440551562992e-05,0.09157613199204206,0.25419758300995454,0.3457737150019966,-0.21512466277787257,-0.49420077059672723,-0.6614803201499666,0.0051168208648622125,1.3120953222749099,1.7847851606125256
B,sbm,metis,0,50,1,0,0,49.423,0.61286,ok,1.367,10000,247063,49.4126,100,0.6121596515868423,100,100,27,79,0.13674217325284943,100,dspar,0.15,0.14901,0.15,ok,36816,0.36627185056686185,0.9817945081319205,0.9628899854902226,100,0.012489995996796796,0.45368807401973754,0.06436989038973268,0.20549652248297212,0.05152990629547966,100,0.015556349186104046,0.0015260808997520708,9.346343839870123e-05,0.09165372396819293,0.19764732097974047,0.2893010449479334,-0.30190196017712917,-0.7762979856489484,-0.9113600791947429,0.0030663531893072495,1.5682213456967966,2.295442567957914
B,sbm,metis,0,50,1,0,0,49.423,0.61286,ok,1.367,10000,247063,49.4126,100,0.6121596515868423,100,100,27,79,0.13674217325284943,100,dspar,0.05,0.0496,0.05,ok,12254,0.36627185056686185,0.9817945081319205,0.9628899854902226,100,0.012489995996796796,0.45368807401973754,0.03988223349565742,0.11148009710276469,0.015869746450232147,100,0.016,0.0011762825016368825,0.00011780310302099513,0.09085612703347579,0.07268030400155112,0.1635364310350269,-0.3263896170712044,-0.8703144110291559,-0.9470202390399904,0.003510004003203204,2.774232451743824,6.242242382613797
B,sbm,metis,0,50,1,0,0,49.423,0.61286,ok,1.367,10000,247063,49.4126,100,0.6121596515868423,100,100,27,79,0.13674217325284943,100,random,0.5,0.5,0.5,ok,123532,0.36627185056686185,0.9817945081319205,0.9628899854902226,100,0.012489995996796796,0.45368807401973754,0.3483755025063291,0.9461168365649285,0.9039529169010135,100,0.017146428199482245,-0.0008810359957776992,-1.1109478017842489e-05,0.0040476800058968365,0.3376321129617281,0.34167979296762496,-0.017896348060532752,-0.035677671566991975,-0.05893706858920911,0.0046564322026854486,1.3278165210745303,1.3437349606349938
B,sbm,metis,0,50,1,0,0,49.423,0.61286,ok,1.367,10000,247063,49.4126,100,0.6121596515868423,100,100,27,79,0.13674217325284943,100,random,0.2,0.2,0.2,ok,49413,0.36627185056686185,0.9817945081319205,0.9628899854902226,100,0.012489995996796796,0.45368807401973754,0.1996315176706644,0.6096165484480954,0.44175889305229643,100,0.017435595774162694,-0.0006012727691173734,-3.0500414442055313e-06,0.0038474000175483525,0.2512800570111722,0.25512745702872053,-0.16664033289619745,-0.37217795968382505,-0.5211310924379262,0.0049455997773658975,1.7782800773523346,1.805507684995336
B,sbm,metis,0,50,1,0,0,49.423,0.61286,ok,1.367,10000,247063,49.4126,100,0.6121596515868423,100,100,27,79,0.13674217325284943,100,random,0.15,0.15,0.15,ok,37059,0.36627185056686185,0.9817945081319205,0.9628899854902226,100,0.012489995996796796,0.45368807401973754,0.07380852662047371,0.2398281961858565,0.07994223665699804,100,0.014832396974191326,-0.0014672456265301128,-0.00017765722538197565,0.0034591099829412997,0.19985420804005116,0.20331331802299246,-0.29246332394638813,-0.741966311946064,-0.8829477488332246,0.0023424009773945296,2.2314724801669437,2.270095178225207
B,sbm,metis,0,50,1,0,0,49.423,0.61286,ok,1.367,10000,247063,49.4126,100,0.6121596515868423,100,100,27,79,0.13674217325284943,100,random,0.05,0.05,0.05,ok,12353,0.36627185056686185,0.9817945081319205,0.9628899854902226,100,0.012489995996796796,0.45368807401973754,0.04002225194850826,0.1120596526654257,0.016460911334734124,100,0.016792855623746664,0.0008071528744390801,5.225525827121002e-05,0.003440979984588921,0.07290507096331567,0.07634605094790459,-0.32624959861835356,-0.8697348554664948,-0.9464290741554885,0.004302859626949868,5.942521825121193,6.222997495579204
B,sbm,metis,0,50,2,0,0,49.423,0.61286,ok,1.367,10000,247194,49.4388,100,0.6138174874794695,100,100,26,77,0.13565001929402995,100,lspar,0.5,0.49632,0.789062,ok,122687,0.36470990524838304,0.9780264605237962,0.9625120073669255,100,0.013490737563232042,0.4479641650104895,0.3759253049410884,0.9995265751838611,0.9991940484635558,100,0.004472135954999579,-0.00123780249789403,-7.975677818979385e-05,0.3907599090016447,0.20875405496917665,0.5995139639708214,0.011215399692705352,0.021500114660064962,0.0366820410966302,-0.009018601608232462,0.7472122284582718,2.1458944358069267
B,sbm,metis,0,50,2,0,0,49.423,0.61286,ok,1.367,10000,247194,49.4388,100,0.6138174874794695,100,100,26,77,0.13565001929402995,100,lspar,0.2,0.19681,0.484375,ok,48651,0.36470990524838304,0.9780264605237962,0.9625120073669255,100,0.013490737563232042,0.4479641650104895,0.3761804216211892,1.0,1.0,100,0.0,0.0015127158459484597,0.0001,0.37401163595495746,0.05950468603987247,0.4335163219948299,0.011470516372806161,0.02197353947620384,0.03748799263307445,-0.013490737563232042,1.0333271027701512,7.528216596426052
B,sbm,metis,0,50,2,0,0,49.423,0.61286,ok,1.367,10000,247194,49.4388,100,0.6138174874794695,100,100,26,77,0.13565001929402995,100,lspar,0.15,0.15343,0.40625,ok,37928,0.36470990524838304,0.9780264605237962,0.9625120073669255,100,0.013490737563232042,0.4479641650104895,0.3761561429031145,0.9998612442604613,0.9997969800009998,100,0.001414213562373095,0.0027004623091274375,0.00016527256200016526,0.36825872492045164,0.04226248397026211,0.41052120889071375,0.011446237654731461,0.021834783736665142,0.037284972634074265,-0.012076524000858947,1.0912083354254751,10.599570184414583
B,sbm,metis,0,50,2,0,0,49.423,0.61286,ok,1.367,10000,247194,49.4388,100,0.6138174874794695,100,100,26,77,0.13565001929402995,100,lspar,0.05,0.06399,0.125,ok,15818,0.36470990524838304,0.9780264605237962,0.9625120073669255,100,0.013490737563232042,0.4479641650104895,0.37578778201533847,0.9987283597532527,0.9979779959920317,100,0.006,0.0009547642106614412,9.351346827272261e-05,0.4681555749848485,0.012820019968785346,0.48097559495363384,0.01107787676695543,0.020701899229456533,0.03546598862510619,-0.007490737563232042,0.9313656861397996,34.942548147445095
B,sbm,metis,0,50,2,0,0,49.423,0.61286,ok,1.367,10000,247194,49.4388,100,0.6138174874794695,100,100,26,77,0.13565001929402995,100,dspar,0.5,0.49969,0.5,ok,123521,0.36470990524838304,0.9780264605237962,0.9625120073669255,100,0.013490737563232042,0.4479641650104895,0.36016244563566435,0.9737900134696411,0.9488520832029168,100,0.013999999999999999,-0.00017520269610520002,-1.828103674122764e-05,0.09428255597595125,0.33750112797133625,0.4317836839472875,-0.004547459612718685,-0.004236447054155046,-0.013659924164008741,0.0005092624367679568,1.0374735814824754,1.3272967936525972
B,sbm,metis,0,50,2,0,0,49.423,0.61286,ok,1.367,10000,247194,49.4388,100,0.6138174874794695,100,100,26,77,0.13565001929402995,100,dspar,0.2,0.19929,0.2,ok,49264,0.36470990524838304,0.9780264605237962,0.9625120073669255,100,0.013490737563232042,0.4479641650104895,0.15662835325562938,0.5015904928151516,0.31732337805778205,100,0.017776388834631177,0.0001910083837386486,2.947009120033782e-05,0.09310592798283324,0.24822533503174782,0.34133126301458105,-0.20808155199275366,-0.4764359677086446,-0.6451886293091436,0.0042856512713991355,1.3124029749110713,1.8046673799561808
B,sbm,metis,0,50,2,0,0,49.423,0.61286,ok,1.367,10000,247194,49.4388,100,0.6138174874794695,100,100,26,77,0.13565001929402995,100,dspar,0.15,0.1492,0.15,ok,36882,0.36470990524838304,0.9780264605237962,0.9625120073669255,100,0.013490737563232042,0.4479641650104895,0.0691658389832596,0.22476697712421206,0.0674753765159623,100,0.012569805089976537,0.0005008607685226409,6.5853383441294e-06,0.08936817501671612,0.19541784602915868,0.2847860210458748,-0.2955440662651234,-0.753259483399584,-0.8950366308509632,-0.0009209324732555053,1.5729850902278983,2.292340101546549
B,sbm,metis,0,50,2,0,0,49.423,0.61286,ok,1.367,10000,247194,49.4388,100,0.6138174874794695,100,100,26,77,0.13565001929402995,100,dspar,0.05,0.05005,0.05,ok,12371,0.36470990524838304,0.9780264605237962,0.9625120073669255,100,0.013490737563232042,0.4479641650104895,0.03978638016637173,0.11507383679843539,0.01648553946089184,100,0.01655294535724685,0.0006917969822680334,7.273750970864467e-05,0.08534056704957038,0.0729337660013698,0.15827433305094019,-0.3249235250820113,-0.8629526237253607,-0.9460264679060337,0.003062207794014808,2.83030202292063,6.142068202018748
B,sbm,metis,0,50,2,0,0,49.423,0.61286,ok,1.367,10000,247194,49.4388,100,0.6138174874794695,100,100,26,77,0.13565001929402995,100,random,0.5,0.5,0.5,ok,123597,0.36470990524838304,0.9780264605237962,0.9625120073669255,100,0.013490737563232042,0.4479641650104895,0.37229230734547264,0.9921020514244622,0.986446029686646,100,0.008,-0.001261286245748678,-0.00013120792255859933,0.004103331011720002,0.3294445929932408,0.3335479240049608,0.007582402097089602,0.014075590900666013,0.023934022319720416,-0.005490737563232042,1.343027891259869,1.3597557056268954
B,sbm,metis,0,50,2,0,0,49.423,0.61286,ok,1.367,10000,247194,49.4388,100,0.6138174874794695,100,100,26,77,0.13565001929402995,100,random,0.2,0.2,0.2,ok,49439,0.36470990524838304,0.9780264605237962,0.9625120073669255,100,0.013490737563232042,0.4479641650104895,0.1498669718892078,0.4779366256847511,0.2940218707653267,100,0.019131126469708992,0.0023165317583422654,0.00025948786725564575,0.003832722024526447,0.2511019139783457,0.25493463600287214,-0.21484293335917523,-0.500089834839045,-0.6684901366015988,0.0056403889064769504,1.7571726307344235,1.783993430847049
B,sbm,metis,0,50,2,0,0,49.423,0.61286,ok,1.367,10000,247194,49.4388,100,0.6138174874794695,100,100,26,77,0.13565001929402995,100,random,0.15,0.15,0.15,ok,37079,0.36470990524838304,0.9780264605237962,0.9625120073669255,100,0.013490737563232042,0.4479641650104895,0.06794671148053762,0.2206853985116207,0.06118066349180695,100,0.01489966442575134,-0.0011584167923459911,-3.690499445470644e-05,0.0036968750064261258,0.19607499602716416,0.1997718710335903,-0.29676319376784543,-0.7573410620121754,-0.9013313438751186,0.0014089268625192986,2.24237858259418,2.284657269346208
B,sbm,metis,0,50,2,0,0,49.423,0.61286,ok,1.367,10000,247194,49.4388,100,0.6138174874794695,100,100,26,77,0.13565001929402995,100,random,0.05,0.05,0.05,ok,12360,0.36470990524838304,0.9780264605237962,0.9625120073669255,100,0.013490737563232042,0.4479641650104895,0.03964045411384248,0.10751639799018041,0.015357635026697718,100,0.01606237840420901,-0.0001717784857705516,1.1695460982502954e-05,0.003023032972123474,0.07319051102967933,0.0762135440018028,-0.32506945113454055,-0.8705100625336157,-0.9471543723402278,0.002571640840976967,5.877750088618017,6.120522438063542
B,sbm,metis,0,50,3,0,0,49.423,0.61286,ok,1.367,10000,247839,49.5678,100,0.6143706196361347,100,100,27,79,0.13778117508894158,100,lspar,0.5,0.49524,0.789062,ok,122739,0.36240640981604016,0.9777685430743672,0.9576211346747211,100,0.014422205101855958,0.44026184803806245,0.3756271595965324,1.0,1.0,100,0.0,0.0012964064374515855,0.00012244444444444445,0.395276375929825,0.20903459301916882,0.6043109689489938,0.013220749780492258,0.022231456925632775,0.0423788653252789,-0.014422205101855958,0.7285352585999846,2.1061674131500796
B,sbm,metis,0,50,3,0,0,49.423,0.61286,ok,1.367,10000,247839,49.5678,100,0.6143706196361347,100,100,27,79,0.13778117508894158,100,lspar,0.2,0.19627,0.484375,ok,48644,0.36240640981604016,0.9777685430743672,0.9576211346747211,100,0.014422205101855958,0.44026184803806245,0.375606978403989,0.9998612442604613,0.9997969800009998,100,0.001414213562373095,-0.00025141718049501204,-3.264643200003265e-05,0.3744361439603381,0.057409475033637136,0.4318456189939752,0.013200568587948824,0.022092701186094077,0.042175845326278716,-0.013007991539482863,1.0194889763237465,7.668801147895986
B,sbm,metis,0,50,3,0,0,49.423,0.61286,ok,1.367,10000,247839,49.5678,100,0.6143706196361347,100,100,27,79,0.13778117508894158,100,lspar,0.15,0.15293,0.40625,ok,37901,0.36240640981604016,0.9777685430743672,0.9576211346747211,100,0.014422205101855958,0.44026184803806245,0.3755504541480736,0.9995837327225364,0.9993909412211157,100,0.002449489742783178,-0.00041531737629686195,-5.105035189944935e-05,0.37314542493550107,0.043550517002586275,0.41669594193808734,0.013144044332033422,0.021815189648169198,0.04176980654639462,-0.01197271535907278,1.0565542011049307,10.109222079083866
B,sbm,metis,0,50,3,0,0,49.423,0.61286,ok,1.367,10000,247839,49.5678,100,0.6143706196361347,100,100,27,79,0.13778117508894158,100,lspar,0.05,0.0638,0.125,ok,15811,0.36240640981604016,0.9777685430743672,0.9576211346747211,100,0.014422205101855958,0.44026184803806245,0.3754333296918658,0.9991675891046233,0.9987829050753736,100,0.0031622776601683794,0.0013310605061514714,0.00012438321646775604,0.4788280769716948,0.01514754700474441,0.49397562397643924,0.01302691987582566,0.021399046030256108,0.0411617704006525,-0.011259927441687578,0.8912622944711565,29.064893999019557
B,sbm,metis,0,50,3,0,0,49.423,0.61286,ok,1.367,10000,247839,49.5678,100,0.6143706196361347,100,100,27,79,0.13778117508894158,100,dspar,0.5,0.50085,0.5,ok,124130,0.36240640981604016,0.9777685430743672,0.9576211346747211,100,0.014422205101855958,0.44026184803806245,0.36523093024868303,0.981738061526483,0.966548412190087,100,0.013114877048604002,0.0016485098879208094,0.0001900644625370299,0.09163365204585716,0.33596644399221987,0.427600096038077,0.002824520432642863,0.0039695184521157945,0.008927277515365928,-0.0013073280532519566,1.029611200084618,1.3104339909858909
B,sbm,metis,0,50,3,0,0,49.423,0.61286,ok,1.367,10000,247839,49.5678,100,0.6143706196361347,100,100,27,79,0.13778117508894158,100,dspar,0.2,0.19996,0.2,ok,49558,0.36240640981604016,0.9777685430743672,0.9576211346747211,100,0.014422205101855958,0.44026184803806245,0.14564783917318183,0.47992321813047667,0.28954234666509276,100,0.018000000000000002,-0.0006209110237221898,-3.181302810762838e-05,0.09784820396453142,0.25378474697936326,0.3516329509438947,-0.21675857064285833,-0.49784532494389055,-0.6680787880096284,0.003577794898144044,1.2520494648077196,1.7347845104097717
B,sbm,metis,0,50,3,0,0,49.423,0.61286,ok,1.367,10000,247839,49.5678,100,0.6143706196361347,100,100,27,79,0.13778117508894158,100,dspar,0.15,0.14964,0.15,ok,37086,0.36240640981604016,0.9777685430743672,0.9576211346747211,100,0.014422205101855958,0.44026184803806245,0.06737274556290214,0.21782651533233127,0.06133661575131391,100,0.0158113883008419,1.8227204458002422e-05,-2.9026674695966034e-05,0.08435005601495504,0.19459942501271144,0.2789494810276665,-0.29503366425313804,-0.7599420277420359,-0.8962845189234072,0.001389183198985941,1.5782852379438443,2.262400559556145
B,sbm,metis,0,50,3,0,0,49.423,0.61286,ok,1.367,10000,247839,49.5678,100,0.6143706196361347,100,100,27,79,0.13778117508894158,100,dspar,0.05,0.05031,0.05,ok,12469,0.36240640981604016,0.9777685430743672,0.9576211346747211,100,0.014422205101855958,0.44026184803806245,0.03976441558170654,0.11223687580060428,0.01628232683322263,100,0.01849324200890693,-0.0005227976704592643,-7.687574313681249e-05,0.08972385397646576,0.07241156400414184,0.1621354179806076,-0.3226419942343336,-0.865531667273763,-0.9413388078414985,0.004071036907050973,2.7153958926526496,6.079993632134228
B,sbm,metis,0,50,3,0,0,49.423,0.61286,ok,1.367,10000,247839,49.5678,100,0.6143706196361347,100,100,27,79,0.13778117508894158,100,random,0.5,0.5,0.5,ok,123920,0.36240640981604016,0.9777685430743672,0.9576211346747211,100,0.014422205101855958,0.44026184803806245,0.34580547867913636,0.9464530923306158,0.9036521374919569,100,0.01783255450012701,-0.0009740966150733621,-2.971244743802907e-05,0.004428962012752891,0.33419320901157334,0.33862217102432624,-0.016600931136903807,-0.031315450743751416,-0.053968997182764156,0.0034103493982710516,1.300156592541705,1.3173871765383953
B,sbm,metis,0,50,3,0,0,49.423,0.61286,ok,1.367,10000,247839,49.5678,100,0.6143706196361347,100,100,27,79,0.13778117508894158,100,random,0.2,0.2,0.2,ok,49568,0.36240640981604016,0.9777685430743672,0.9576211346747211,100,0.014422205101855958,0.44026184803806245,0.15947694310885566,0.5082423886512971,0.3249443417253547,100,0.018867962264113206,-0.0003321874326531589,-7.49765531634359e-05,0.004257427004631609,0.2620115270256065,0.2662689540302381,-0.2029294667071845,-0.4695261544230701,-0.6326767929493664,0.004445757162257247,1.6534479193847937,1.6803148053674581
B,sbm,metis,0,50,3,0,0,49.423,0.61286,ok,1.367,10000,247839,49.5678,100,0.6143706196361347,100,100,27,79,0.13778117508894158,100,random,0.15,0.15,0.15,ok,37176,0.36240640981604016,0.9777685430743672,0.9576211346747211,100,0.014422205101855958,0.44026184803806245,0.06366435591281876,0.20640774640608467,0.051194850901679925,100,0.01407124727947029,0.00016034931048084763,3.6784237148401094e-05,0.00419506203616038,0.19759065395919606,0.20178571599535644,-0.2987420539032214,-0.7713607966682825,-0.9064262837730411,-0.00035095782238566894,2.1818286089595853,2.2281511762645403
B,sbm,metis,0,50,3,0,0,49.423,0.61286,ok,1.367,10000,247839,49.5678,100,0.6143706196361347,100,100,27,79,0.13778117508894158,100,random,0.05,0.05,0.05,ok,12392,0.36240640981604016,0.9777685430743672,0.9576211346747211,100,0.014422205101855958,0.44026184803806245,0.04031789825870035,0.11617670316708968,0.01705818112091546,100,0.017549928774784243,2.6041395540102933e-05,3.1591094567396214e-05,0.003448601986747235,0.07314941304503009,0.07659801503177732,-0.3220885115573398,-0.8615918399072775,-0.9405629535538056,0.003127723672928285,5.747692650461192,6.018665491779701
B,sbm,metis,0,100,1,0,0,101.93,0.64153,ok,0.973,10000,509215,101.843,100,0.6421570456486946,100,100,70,141,0.09157130871378914,100,lspar,0.5,0.50217,0.835938,ok,255712,0.3341698212633115,0.9751325745298851,0.9570628090285731,100,0.015491933384829668,0.6882149000302888,0.3464477410611627,0.9974405776071118,0.9955428042316739,100,0.00547722557505166,-0.0005891227027226208,-5.741328021493819e-05,1.2458258590195328,0.3255955950007774,1.5714214540203102,0.0122779197978512,0.02230800307722669,0.03847999520310075,-0.010014707809778006,0.4379569200035841,2.113710721512205
B,sbm,metis,0,100,1,0,0,101.93,0.64153,ok,0.973,10000,509215,101.843,100,0.6421570456486946,100,100,70,141,0.09157130871378914,100,lspar,0.2,0.20258,0.578125,ok,103157,0.3341698212633115,0.9751325745298851,0.9570628090285731,100,0.015491933384829668,0.6882149000302888,0.3478420657615467,1.0,1.0,100,0.0,0.0009512405518395276,2.2464646464646463e-05,1.2065883990144357,0.048739324032794684,1.2553277230472304,0.013672244498235175,0.02486742547011489,0.0429371909714269,-0.015491933384829668,0.5482352435901676,14.120320986955367
B,sbm,metis,0,100,1,0,0,101.93,0.64153,ok,0.973,10000,509215,101.843,100,0.6421570456486946,100,100,70,141,0.09157130871378914,100,lspar,0.15,0.15118,0.5,ok,76982,0.3341698212633115,0.9751325745298851,0.9570628090285731,100,0.015491933384829668,0.6882149000302888,0.3478420657615467,1.0,1.0,100,0.0,-0.00023518987220504562,-4.486868686868687e-05,1.1603603069670498,0.03904096700716764,1.1994012739742175,0.013672244498235175,0.02486742547011489,0.0429371909714269,-0.015491933384829668,0.5737987068747126,17.62801879123377
B,sbm,metis,0,100,1,0,0,101.93,0.64153,ok,0.973,10000,509215,101.843,100,0.6421570456486946,100,100,70,141,0.09157130871378914,100,lspar,0.05,0.04889,0.1875,ok,24895,0.3341698212633115,0.9751325745298851,0.9570628090285731,100,0.015491933384829668,0.6882149000302888,0.3478420657615467,1.0,1.0,100,0.0,-0.0020581317956850577,-0.00019381818181818183,1.180161488999147,0.017985176004003733,1.1981466650031507,0.013672244498235175,0.02486742547011489,0.0429371909714269,-0.015491933384829668,0.5743995456753861,38.26567501352688
B,sbm,metis,0,100,1,0,0,101.93,0.64153,ok,0.973,10000,509215,101.843,100,0.6421570456486946,100,100,70,141,0.09157130871378914,100,dspar,0.5,0.50026,0.5,ok,254742,0.3341698212633115,0.9751325745298851,0.9570628090285731,100,0.015491933384829668,0.6882149000302888,0.3365350353055248,0.9775542410094383,0.964073830460123,100,0.013564659966250536,-0.0005964877482930452,-0.0001242511951526722,0.1779013379709795,0.4636626029969193,0.6415639409678988,0.002365214042213293,0.0024216664795532195,0.007011021431549858,-0.0019272734185791316,1.0727144343430677,1.484301074923788
B,sbm,metis,0,100,1,0,0,101.93,0.64153,ok,0.973,10000,509215,101.843,100,0.6421570456486946,100,100,70,141,0.09157130871378914,100,dspar,0.2,0.19957,0.2,ok,101626,0.3341698212633115,0.9751325745298851,0.9570628090285731,100,0.015491933384829668,0.6882149000302888,0.2886151904232066,0.8950449646031875,0.8166155063647947,100,0.021587033144922906,-0.0008104120315078696,-0.00011688185743630826,0.17571719299303368,0.33072621800238267,0.5064434109954163,-0.045554630840104915,-0.08008760992669761,-0.14044730266377836,0.006095099760093238,1.3589176699477636,2.0809202977229058
B,sbm,metis,0,100,1,0,0,101.93,0.64153,ok,0.973,10000,509215,101.843,100,0.6421570456486946,100,100,70,141,0.09157130871378914,100,dspar,0.15,0.14932,0.15,ok,76036,0.3341698212633115,0.9751325745298851,0.9570628090285731,100,0.015491933384829668,0.6882149000302888,0.25811623235899483,0.8253213150905221,0.7207635393052668,100,0.02244994432064365,0.002652257876081073,0.00027235560881082207,0.17471235402626917,0.3032482999842614,0.47796065401053056,-0.07605358890431668,-0.14981125943936302,-0.23629926972330628,0.0069580109358139824,1.439898649094923,2.269476531495831
B,sbm,metis,0,100,1,0,0,101.93,0.64153,ok,0.973,10000,509215,101.843,100,0.6421570456486946,100,100,70,141,0.09157130871378914,100,dspar,0.05,0.04971,0.05,ok,25314,0.3341698212633115,0.9751325745298851,0.9570628090285731,100,0.015491933384829668,0.6882149000302888,0.026083930789361002,0.12881452768378102,0.020938119577072013,100,0.014966629547095767,-8.631171440081282e-05,-6.752779042282618e-05,0.1730864160344936,0.15576934500131756,0.32885576103581116,-0.3080858904739505,-0.8463180468461041,-0.9361246894515011,-0.0005253038377339009,2.092756100311543,4.418166488563379
B,sbm,metis,0,100,1,0,0,101.93,0.64153,ok,0.973,10000,509215,101.843,100,0.6421570456486946,100,100,70,141,0.09157130871378914,100,random,0.5,0.5,0.5,ok,254608,0.3341698212633115,0.9751325745298851,0.9570628090285731,100,0.015491933384829668,0.6882149000302888,0.33588056971999525,0.9797157738509172,0.9629747667206633,100,0.012727922061357855,0.00044851724525825734,-3.8340328776803426e-05,0.010527214966714382,0.46104719396680593,0.4715744089335203,0.0017107484566837305,0.004583199321032128,0.005911957692090186,-0.002764011323471812,1.4593983197406906,1.4927211553094026
B,sbm,metis,0,100,1,0,0,101.93,0.64153,ok,0.973,10000,509215,101.843,100,0.6421570456486946,100,100,70,141,0.09157130871378914,100,random,0.2,0.2,0.2,ok,101843,0.3341698212633115,0.9751325745298851,0.9570628090285731,100,0.015491933384829668,0.6882149000302888,0.2880063513506829,0.8935445636030352,0.8124197843616204,100,0.02039607805437114,-4.976946646010485e-05,8.058929803206994e-06,0.009576376003678888,0.3427994299563579,0.3523758059600368,-0.046163469912628596,-0.08158801092684986,-0.14464302466695267,0.0049041446695414735,1.9530708078985983,2.0076314015980308
B,sbm,metis,0,100,1,0,0,101.93,0.64153,ok,0.973,10000,509215,101.843,100,0.6421570456486946,100,100,70,141,0.09157130871378914,100,random,0.15,0.15,0.15,ok,76382,0.3341698212633115,0.9751325745298851,0.9570628090285731,100,0.015491933384829668,0.6882149000302888,0.2716407001145377,0.8488875501568153,0.7605869487446133,100,0.021213203435596423,-0.00048498668604930295,-3.5123410363981235e-05,0.009387482015881687,0.30196981504559517,0.31135729706147686,-0.06252912114877379,-0.12624502437306984,-0.1964758602839598,0.005721270050766756,2.2103702290760903,2.279085079832809
B,sbm,metis,0,100,1,0,0,101.93,0.64153,ok,0.973,10000,509215,101.843,100,0.6421570456486946,100,100,70,141,0.09157130871378914,100,random,0.05,0.05,0.05,ok,25461,0.3341698212633115,0.9751325745298851,0.9570628090285731,100,0.015491933384829668,0.6882149000302888,0.026209541094116075,0.12967068453611125,0.021131770936793554,100,0.015231546211727816,-0.0007855380115650486,-3.904597571732184e-05,0.00876764697022736,0.15837096300674602,0.16713860997697338,-0.30796028016919547,-0.8454618899937738,-0.9359310380917796,-0.0002603871731018514,4.1176296735093345,4.345587644124974
B,sbm,metis,0,100,2,0,0,101.93,0.64153,ok,0.973,10000,509739,101.9478,100,0.6418441594619991,100,100,71,142,0.0925850156183693,100,lspar,0.5,0.50155,0.835938,ok,255662,0.334531819332182,0.9763254941058608,0.9571643030229503,100,0.014696938456699069,0.6979310020105913,0.3479091290750653,0.9994799235671851,0.9991950646307375,100,0.0031622776601683794,0.0031156556850779485,0.000393715203141156,1.248798698070459,0.3203244280302897,1.5691231261007488,0.013377309742883314,0.02315442946132429,0.04203076160778718,-0.011534660796530689,0.44479046315819787,2.1788254061741283
B,sbm,metis,0,100,2,0,0,101.93,0.64153,ok,0.973,10000,509739,101.9478,100,0.6418441594619991,100,100,71,142,0.0925850156183693,100,lspar,0.2,0.20214,0.578125,ok,103038,0.334531819332182,0.9763254941058608,0.9571643030229503,100,0.014696938456699069,0.6979310020105913,0.34815450680572313,1.0,1.0,100,0.0,4.9047432700637304e-05,3.062626262626262e-05,1.2107027629972436,0.05066157999681309,1.2613643429940566,0.013622687473541117,0.02367450589413922,0.0428356969770497,-0.014696938456699069,0.5533143582875799,13.776337059651421
B,sbm,metis,0,100,2,0,0,101.93,0.64153,ok,0.973,10000,509739,101.9478,100,0.6418441594619991,100,100,71,142,0.0925850156183693,100,lspar,0.15,0.15045,0.5,ok,76688,0.334531819332182,0.9763254941058608,0.9571643030229503,100,0.014696938456699069,0.6979310020105913,0.34815450680572313,1.0,1.0,100,0.0,-0.0013020956841753666,-0.0001468888888888889,1.1646900700288825,0.037211309012491256,1.2019013790413737,0.013622687473541117,0.02367450589413922,0.0428356969770497,-0.014696938456699069,0.5806890766422576,18.755884179626864
B,sbm,metis,0,100,2,0,0,101.93,0.64153,ok,0.973,10000,509739,101.9478,100,0.6418441594619991,100,100,71,142,0.0925850156183693,100,lspar,0.05,0.04846,0.1875,ok,24702,0.334531819332182,0.9763254941058608,0.9571643030229503,100,0.014696938456699069,0.6979310020105913,0.34815450680572313,1.0,1.0,100,0.0,0.0018132099035351873,0.000151010101010101,1.1808077869936824,0.017587460984941572,1.198395247978624,0.013622687473541117,0.02367450589413922,0.0428356969770497,-0.014696938456699069,0.5823879919315572,39.683442800991095
B,sbm,metis,0,100,2,0,0,101.93,0.64153,ok,0.973,10000,509739,101.9478,100,0.6418441594619991,100,100,71,142,0.0925850156183693,100,dspar,0.5,0.49975,0.5,ok,254743,0.334531819332182,0.9763254941058608,0.9571643030229503,100,0.014696938456699069,0.6979310020105913,0.33622244902179615,0.978564667250572,0.9627419417360843,100,0.0142828568570857,0.0005898748947172525,7.752744573588847e-05,0.17411012097727507,0.46569547802209854,0.6398055989993736,0.0016906296896141426,0.002239173144711226,0.005577638713133992,-0.00041408159961336954,1.0908485375903605,1.4986853747750426
B,sbm,metis,0,100,2,0,0,101.93,0.64153,ok,0.973,10000,509739,101.9478,100,0.6418441594619991,100,100,71,142,0.0925850156183693,100,dspar,0.2,0.19943,0.2,ok,101656,0.334531819332182,0.9763254941058608,0.9571643030229503,100,0.014696938456699069,0.6979310020105913,0.2901301525038193,0.8911949868276474,0.8194414123499285,100,0.022000000000000002,-0.0005646199589519846,-2.1186791988258033e-05,0.1754946910077706,0.3306736660306342,0.5061683570384048,-0.04440166682836272,-0.08513050727821336,-0.1377228906730218,0.007303061543300933,1.3788515072222043,2.1106337568046127
B,sbm,metis,0,100,2,0,0,101.93,0.64153,ok,0.973,10000,509739,101.9478,100,0.6418441594619991,100,100,71,142,0.0925850156183693,100,dspar,0.15,0.14947,0.15,ok,76189,0.334531819332182,0.9763254941058608,0.9571643030229503,100,0.014696938456699069,0.6979310020105913,0.26244191588828136,0.8307075919901745,0.731721839493824,100,0.019748417658131498,0.0009580903287766178,7.564181550254265e-05,0.18096796300960705,0.30433920404175296,0.48530716705136,-0.07208990344390065,-0.14561790211568626,-0.22544246352912634,0.005051479201432429,1.4381221819803238,2.29326683102858
B,sbm,metis,0,100,2,0,0,101.93,0.64153,ok,0.973,10000,509739,101.9478,100,0.6418441594619991,100,100,71,142,0.0925850156183693,100,dspar,0.05,0.05019,0.05,ok,25586,0.334531819332182,0.9763254941058608,0.9571643030229503,100,0.014696938456699069,0.6979310020105913,0.02592151066809239,0.12659905909054905,0.020379923026879507,100,0.013564659966250536,0.0009675673284568867,0.00011241390034541065,0.1804382770205848,0.1582690240466036,0.3387073010671884,-0.3086103086640896,-0.8497264350153118,-0.9367843799960708,-0.001132278490448533,2.060572653177455,4.409776367895463
B,sbm,metis,0,100,2,0,0,101.93,0.64153,ok,0.973,10000,509739,101.9478,100,0.6418441594619991,100,100,71,142,0.0925850156183693,100,random,0.5,0.5,0.5,ok,254870,0.334531819332182,0.9763254941058608,0.9571643030229503,100,0.014696938456699069,0.6979310020105913,0.34801915448055715,0.999722612298132,0.9995949802029996,100,0.001414213562373095,0.001138811857620271,0.00013262613000013262,0.010950326977763325,0.4623190540005453,0.4732693809783086,0.013487335148375135,0.023397118192271193,0.042430677180049337,-0.013282724894325974,1.474701364723571,1.5096306240706405
B,sbm,metis,0,100,2,0,0,101.93,0.64153,ok,0.973,10000,509739,101.9478,100,0.6418441594619991,100,100,71,142,0.0925850156183693,100,random,0.2,0.2,0.2,ok,101948,0.334531819332182,0.9763254941058608,0.9571643030229503,100,0.014696938456699069,0.6979310020105913,0.30771211539870974,0.9275773542599853,0.8720682668843586,100,0.01854723699099141,0.0021170360769074727,0.00024543253307905786,0.00906228000530973,0.3407801190041937,0.3498423990095034,-0.026819703933472272,-0.04874813984587545,-0.08509603613859174,0.00385029853429234,1.9949868969187812,2.0480390817693284
B,sbm,metis,0,100,2,0,0,101.93,0.64153,ok,0.973,10000,509739,101.9478,100,0.6418441594619991,100,100,71,142,0.0925850156183693,100,random,0.15,0.15,0.15,ok,76461,0.334531819332182,0.9763254941058608,0.9571643030229503,100,0.014696938456699069,0.6979310020105913,0.26446911759163605,0.8374981182074711,0.737513714580104,100,0.0216794833886788,-0.0023850264681504023,-0.00021687832652256012,0.008507733000442386,0.3124701540218666,0.320977887022309,-0.07006270174054596,-0.13882737589838967,-0.21965058844284635,0.0069825449319797315,2.174389670532297,2.2335925304461246
B,sbm,metis,0,100,2,0,0,101.93,0.64153,ok,0.973,10000,509739,101.9478,100,0.6418441594619991,100,100,71,142,0.0925850156183693,100,random,0.05,0.05,0.05,ok,25487,0.334531819332182,0.9763254941058608,0.9571643030229503,100,0.014696938456699069,0.6979310020105913,0.02607255394741804,0.12632971184035838,0.0199734379139721,100,0.014422205101855958,0.0007662252780916509,0.00014685341411361906,0.009192647004965693,0.1578982659848407,0.16709091298980638,-0.308459265384764,-0.8499957822655024,-0.9371908651089782,-0.0002747333548431107,4.176953668648453,4.420130884006019
B,sbm,metis,0,100,3,0,0,101.93,0.64153,ok,0.973,10000,510712,102.1424,100,0.641943012891806,100,100,70,138,0.09166392421857181,100,lspar,0.5,0.50156,0.835938,ok,256154,0.3465810748213202,0.9971466498510139,0.9951072089669317,100,0.006324555320336759,0.7170724669704214,0.344673992218297,0.993418372649485,0.9886576888394841,100,0.007211102550927979,-0.004064121229056475,-0.0004208173415774018,1.2488395989639685,0.3323218729929067,1.5811614719568752,-0.0019070826030232468,-0.0037282772015289067,-0.006449520127447594,0.0008865472305912203,0.4535099543520745,2.1577648817167296
B,sbm,metis,0,100,3,0,0,101.93,0.64153,ok,0.973,10000,510712,102.1424,100,0.641943012891806,100,100,70,138,0.09166392421857181,100,lspar,0.2,0.20183,0.578125,ok,103079,0.3465810748213202,0.9971466498510139,0.9951072089669317,100,0.006324555320336759,0.7170724669704214,0.3480560589937931,1.0,1.0,100,0.0,0.0004107487697792397,4.101010101010101e-06,1.2120230050059035,0.047947981976903975,1.2599709869828075,0.0014749841724728818,0.0028533501489861335,0.004892791033068278,-0.006324555320336759,0.569118237148905,14.955216828850638
B,sbm,metis,0,100,3,0,0,101.93,0.64153,ok,0.973,10000,510712,102.1424,100,0.641943012891806,100,100,70,138,0.09166392421857181,100,lspar,0.15,0.15011,0.5,ok,76661,0.3465810748213202,0.9971466498510139,0.9951072089669317,100,0.006324555320336759,0.7170724669704214,0.3480560589937931,1.0,1.0,100,0.0,-0.0012037431126151758,-7.343434343434344e-05,1.1635340270004235,0.036487473000306636,1.2000215000007302,0.0014749841724728818,0.0028533501489861335,0.004892791033068278,-0.006324555320336759,0.5975496830431664,19.652565881018813
B,sbm,metis,0,100,3,0,0,101.93,0.64153,ok,0.973,10000,510712,102.1424,100,0.641943012891806,100,100,70,138,0.09166392421857181,100,lspar,0.05,0.04848,0.1875,ok,24761,0.3465810748213202,0.9971466498510139,0.9951072089669317,100,0.006324555320336759,0.7170724669704214,0.3480560589937931,1.0,1.0,100,0.0,0.0010744820142366154,0.00016325252525252525,1.1823222690145485,0.017189753998536617,1.1995120230130851,0.0014749841724728818,0.0028533501489861335,0.004892791033068278,-0.006324555320336759,0.5978034844279331,41.71510930473273
B,sbm,metis,0,100,3,0,0,101.93,0.64153,ok,0.973,10000,510712,102.1424,100,0.641943012891806,100,100,70,138,0.09166392421857181,100,dspar,0.5,0.49943,0.5,ok,255064,0.3465810748213202,0.9971466498510139,0.9951072089669317,100,0.006324555320336759,0.7170724669704214,0.3365259937637664,0.9831712904163391,0.9641419787551312,100,0.010770329614269008,6.3815735125511e-05,4.985569422832062e-05,0.1842012390261516,0.46911879995604977,0.6533200389822014,-0.010055081057553816,-0.013975359434674761,-0.030965230211800532,0.004445774293932249,1.0975822325724756,1.528551972416372
B,sbm,metis,0,100,3,0,0,101.93,0.64153,ok,0.973,10000,510712,102.1424,100,0.641943012891806,100,100,70,138,0.09166392421857181,100,dspar,0.2,0.20008,0.2,ok,102185,0.3465810748213202,0.9971466498510139,0.9951072089669317,100,0.006324555320336759,0.7170724669704214,0.2829701132504878,0.884363917540882,0.7975442205237812,100,0.021354156504062624,0.0003364109152356774,3.825390437242935e-05,0.18335462699178606,0.3395569199929014,0.5229115469846874,-0.0636109615708324,-0.11278273231013192,-0.19756298844315057,0.015029601183725864,1.3713073866992262,2.1117887009500858
B,sbm,metis,0,100,3,0,0,101.93,0.64153,ok,0.973,10000,510712,102.1424,100,0.641943012891806,100,100,70,138,0.09166392421857181,100,dspar,0.15,0.14996,0.15,ok,76584,0.3465810748213202,0.9971466498510139,0.9951072089669317,100,0.006324555320336759,0.7170724669704214,0.2569686308451727,0.8178427123026595,0.7165793281382731,100,0.02222611077089287,-0.00022018262816105377,-8.88669387550164e-07,0.1754821260110475,0.3066362629760988,0.4821183889871463,-0.08961244397614754,-0.1793039375483544,-0.27852788082865865,0.01590155545055611,1.4873368934897422,2.338511629416494
B,sbm,metis,0,100,3,0,0,101.93,0.64153,ok,0.973,10000,510712,102.1424,100,0.641943012891806,100,100,70,138,0.09166392421857181,100,dspar,0.05,0.05001,0.05,ok,25540,0.3465810748213202,0.9971466498510139,0.9951072089669317,100,0.006324555320336759,0.7170724669704214,0.025392955017462242,0.12417219230434656,0.01909286084615357,100,0.01296148139681572,-0.0007007181958356127,-7.512500263109212e-05,0.1714978510281071,0.15705000498564914,0.32854785601375625,-0.321188119803858,-0.8729744575466674,-0.9760143481207781,0.006636926076478961,2.182551046506898,4.565886305039887
B,sbm,metis,0,100,3,0,0,101.93,0.64153,ok,0.973,10000,510712,102.1424,100,0.641943012891806,100,100,70,138,0.09166392421857181,100,random,0.5,0.5,0.5,ok,255356,0.3465810748213202,0.9971466498510139,0.9951072089669317,100,0.006324555320336759,0.7170724669704214,0.3344342316941459,0.9767500232824504,0.9568142225389645,100,0.012649110640673518,0.00037216843309064677,6.165163352588359e-05,0.01052741298917681,0.4770708080031909,0.4875982209923677,-0.012146843127174345,-0.020396626568563447,-0.03829298642796719,0.006324555320336759,1.4706215816600479,1.503073453544081
B,sbm,metis,0,100,3,0,0,101.93,0.64153,ok,0.973,10000,510712,102.1424,100,0.641943012891806,100,100,70,138,0.09166392421857181,100,random,0.2,0.2,0.2,ok,102142,0.3465810748213202,0.9971466498510139,0.9951072089669317,100,0.006324555320336759,0.7170724669704214,0.30306191836787155,0.9180526393967757,0.8589696496244944,100,0.01876166303929372,-0.000937983793558385,-6.67761261896694e-05,0.008733731985557824,0.33695401198929176,0.3456877439748496,-0.04351915645344867,-0.07909401045423814,-0.13613755934243732,0.01243710771895696,2.0743358116352306,2.128101881728625
B,sbm,metis,0,100,3,0,0,101.93,0.64153,ok,0.973,10000,510712,102.1424,100,0.641943012891806,100,100,70,138,0.09166392421857181,100,random,0.15,0.15,0.15,ok,76607,0.3465810748213202,0.9971466498510139,0.9951072089669317,100,0.006324555320336759,0.7170724669704214,0.25230467493093817,0.8160026993535149,0.6995159120339456,100,0.02102379604162864,0.00015048123755211654,3.023574214341055e-05,0.008214448986109346,0.3065824069781229,0.31479685596423224,-0.09427639989038206,-0.18114395049749898,-0.29559129693298614,0.01469924072129188,2.2778895449066887,2.338922425583247
B,sbm,metis,0,100,3,0,0,101.93,0.64153,ok,0.973,10000,510712,102.1424,100,0.641943012891806,100,100,70,138,0.09166392421857181,100,random,0.05,0.05,0.05,ok,25536,0.3465810748213202,0.9971466498510139,0.9951072089669317,100,0.006324555320336759,0.7170724669704214,0.025175559931780393,0.12336759130939241,0.019259055107040134,100,0.014966629547095767,-0.00036204800681981556,2.632028445137377e-05,0.006301322020590305,0.16284182597883046,0.16914314799942076,-0.32140551488953983,-0.8737790585416214,-0.9758481538598915,0.008642074226759007,4.239441416644776,4.403490704308617
B,sbm,metis,0,200,1,0,0,220.927,0.67193,ok,0.734,10000,1105245,221.049,100,0.6719912779519474,100,100,174,275,0.057385533261007655,100,lspar,0.5,0.49752,0.863281,ok,549885,0.3180083910208454,1.0,1.0,100,0.0,1.27325678197667,0.3180083910208454,1.0,1.0,100,0.0,6.0489229368711514e-05,-4.0787878787878785e-05,4.913119001081213,0.5665278630331159,5.479646864114329,0.0,0.0,0.0,0.0,0.23236110164600277,2.24747424629712
B,sbm,metis,0,200,1,0,0,220.927,0.67193,ok,0.734,10000,1105245,221.049,100,0.6719912779519474,100,100,174,275,0.057385533261007655,100,lspar,0.2,0.19814,0.625,ok,218994,0.3180083910208454,1.0,1.0,100,0.0,1.27325678197667,0.3180083910208454,1.0,1.0,100,0.0,-0.00040126615498109795,-1.8343434343434344e-05,4.719320914999116,0.09720196598209441,4.816522880981211,0.0,0.0,0.0,0.0,0.2643518599287304,13.099084664719815
B,sbm,metis,0,200,1,0,0,220.927,0.67193,ok,0.734,10000,1105245,221.049,100,0.6719912779519474,100,100,174,275,0.057385533261007655,100,lspar,0.15,0.15092,0.5625,ok,166802,0.3180083910208454,1.0,1.0,100,0.0,1.27325678197667,0.3180083910208454,1.0,1.0,100,0.0,-0.00020162681420515292,-1.4262626262626263e-05,4.736237424018327,0.07464141503442079,4.810878839052748,0.0,0.0,0.0,0.0,0.2646619930730518,17.058315164436653
B,sbm,metis,0,200,1,0,0,220.927,0.67193,ok,0.734,10000,1105245,221.049,100,0.6719912779519474,100,100,174,275,0.057385533261007655,100,lspar,0.05,0.04814,0.3125,ok,53211,0.3180083910208454,1.0,1.0,100,0.0,1.27325678197667,0.3180083910208454,1.0,1.0,100,0.0,0.0009489396495504234,6.123232323232323e-05,4.717339315044228,0.028994599008001387,4.746333914052229,0.0,0.0,0.0,0.0,0.26826110531477854,43.91358478954306
B,sbm,metis,0,200,1,0,0,220.927,0.67193,ok,0.734,10000,1105245,221.049,100,0.6719912779519474,100,100,174,275,0.057385533261007655,100,dspar,0.5,0.50042,0.5,ok,553086,0.3180083910208454,1.0,1.0,100,0.0,1.27325678197667,0.30466149920840857,0.9742950959687899,0.9565242939351298,100,0.015620499351813309,0.0007030914561872328,0.00010976438652262202,0.42963383899768814,0.7683066780446097,1.1979405170422979,-0.013346891812436812,-0.025704904031210063,-0.04347570606487017,0.015620499351813309,1.0628714563560528,1.6572246712955705
B,sbm,metis,0,200,1,0,0,220.927,0.67193,ok,0.734,10000,1105245,221.049,100,0.6719912779519474,100,100,174,275,0.057385533261007655,100,dspar,0.2,0.19963,0.2,ok,220641,0.3180083910208454,1.0,1.0,100,0.0,1.27325678197667,0.3072852355990979,0.9785880525435203,0.9653211800229303,100,0.013038404810405297,0.0007364218775964541,0.0001003147055732586,0.4300015549524687,0.46663057699333876,0.8966321319458075,-0.01072315542174751,-0.021411947456479674,-0.034678819977069675,0.013038404810405297,1.4200436685372164,2.7286184076935145
B,sbm,metis,0,200,1,0,0,220.927,0.67193,ok,0.734,10000,1105245,221.049,100,0.6719912779519474,100,100,174,275,0.057385533261007655,100,dspar,0.15,0.14947,0.15,ok,165204,0.3180083910208454,1.0,1.0,100,0.0,1.27325678197667,0.2882813955228628,0.9494090383868827,0.9045152520051285,100,0.017320508075688773,0.001741881120513296,0.00016835858459614896,0.42205960099818185,0.4063605919945985,0.8284201929927804,-0.029726995497982578,-0.05059096161311727,-0.0954847479948715,0.017320508075688773,1.5369697561051199,3.1333175683374206
B,sbm,metis,0,200,1,0,0,220.927,0.67193,ok,0.734,10000,1105245,221.049,100,0.6719912779519474,100,100,174,275,0.057385533261007655,100,dspar,0.05,0.05014,0.05,ok,55422,0.3180083910208454,1.0,1.0,100,0.0,1.27325678197667,0.03265662964940287,0.2353088423843653,0.07754647935586946,100,0.015231546211727816,-0.0009808445421232125,-9.413049500399368e-05,0.39694319502450526,0.24787172197829932,0.6448149170028046,-0.2853517613714425,-0.7646911576156347,-0.9224535206441306,0.015231546211727816,1.9746081370061297,5.136756915289196
B,sbm,metis,0,200,1,0,0,220.927,0.67193,ok,0.734,10000,1105245,221.049,100,0.6719912779519474,100,100,174,275,0.057385533261007655,100,random,0.5,0.5,0.5,ok,552622,0.3180083910208454,1.0,1.0,100,0.0,1.27325678197667,0.3040497983387729,0.9733290659734188,0.9545410157685051,100,0.016673332000533066,0.0016922015152952678,0.0001726628685481405,0.02209131099516526,0.7570348209701478,0.7791261319653131,-0.013958592682072501,-0.02667093402658116,-0.04545898423149486,0.016673332000533066,1.6342113680167973,1.6818998898161361
B,sbm,metis,0,200,1,0,0,220.927,0.67193,ok,0.734,10000,1105245,221.049,100,0.6719912779519474,100,100,174,275,0.057385533261007655,100,random,0.2,0.2,0.2,ok,221049,0.3180083910208454,1.0,1.0,100,0.0,1.27325678197667,0.2947303231198044,0.960984890452624,0.9247946633736938,100,0.016370705543744903,-0.0009852075095666808,-0.0001006127805136738,0.022645580989774317,0.4568032029783353,0.47944878396810964,-0.023278067901040977,-0.03901510954737597,-0.07520533662630624,0.016370705543744903,2.6556679765431634,2.787320171301549
B,sbm,metis,0,200,1,0,0,220.927,0.67193,ok,0.734,10000,1105245,221.049,100,0.6719912779519474,100,100,174,275,0.057385533261007655,100,random,0.15,0.15,0.15,ok,165787,0.3180083910208454,1.0,1.0,100,0.0,1.27325678197667,0.2842901281186832,0.9435020674714539,0.8915899302865902,100,0.01661324772583615,-0.0028809381396309704,-0.0003006251803917726,0.019787247001659125,0.39843560598092154,0.41822285298258066,-0.03371826290216218,-0.05649793252854607,-0.10841006971340983,0.01661324772583615,3.044445737234025,3.1956400554162268
B,sbm,metis,0,200,1,0,0,220.927,0.67193,ok,0.734,10000,1105245,221.049,100,0.6719912779519474,100,100,174,275,0.057385533261007655,100,random,0.05,0.05,0.05,ok,55262,0.3180083910208454,1.0,1.0,100,0.0,1.27325678197667,0.045024601323897136,0.2806319036640072,0.11811510377456651,100,0.0142828568570857,-0.0007591611450018703,-0.00013465293206759576,0.019832419988233596,0.27049986395286396,0.29033228394109756,-0.27298378969694825,-0.7193680963359927,-0.8818848962254335,0.0142828568570857,4.38551567429197,4.707051468974275
B,sbm,metis,0,200,2,0,0,220.927,0.67193,ok,0.734,10000,1104549,220.9098,100,0.6722752906389848,100,100,176,278,0.05748273047343995,100,lspar,0.5,0.49764,0.863281,ok,549666,0.3177243359594986,1.0,1.0,100,0.0,1.2610144999925978,0.30439234134627596,0.9752376251032402,0.9560761624996761,100,0.01661324772583615,-6.945094575456172e-05,5.639625772047498e-05,4.763332435977645,0.5542364539578557,5.317568889935501,-0.013331994613222653,-0.02476237489675981,-0.043923837500323915,0.01661324772583615,0.23714116847255234,2.27522836325105
B,sbm,metis,0,200,2,0,0,220.927,0.67193,ok,0.734,10000,1104549,220.9098,100,0.6722752906389848,100,100,176,278,0.05748273047343995,100,lspar,0.2,0.19783,0.625,ok,218512,0.3177243359594986,1.0,1.0,100,0.0,1.2610144999925978,0.3177243359594986,1.0,1.0,100,0.0,-0.0006682358824798977,-6.11919191919192e-05,4.579116709996015,0.09574262099340558,4.67485933098942,0.0,0.0,0.0,0.0,0.26974383841528504,13.170879248014865
B,sbm,metis,0,200,2,0,0,220.927,0.67193,ok,0.734,10000,1104549,220.9098,100,0.6722752906389848,100,100,176,278,0.05748273047343995,100,lspar,0.15,0.15079,0.5625,ok,166559,0.3177243359594986,1.0,1.0,100,0.0,1.2610144999925978,0.3177243359594986,1.0,1.0,100,0.0,0.0013038253970507462,0.00012652525252525253,4.5964472850319,0.07535695895785466,4.6718042439897545,0.0,0.0,0.0,0.0,0.26992023512433866,16.733882542922853
B,sbm,metis,0,200,2,0,0,220.927,0.67193,ok,0.734,10000,1104549,220.9098,100,0.6722752906389848,100,100,176,278,0.05748273047343995,100,lspar,0.05,0.04812,0.3125,ok,53155,0.3177243359594986,1.0,1.0,100,0.0,1.2610144999925978,0.3177243359594986,1.0,1.0,100,0.0,0.00048607011240623,0.0001204040404040404,4.580514112021774,0.03303833398967981,4.613552446011454,0.0,0.0,0.0,0.0,0.2733283114799704,38.16822302197505
B,sbm,metis,0,200,2,0,0,220.927,0.67193,ok,0.734,10000,1104549,220.9098,100,0.6722752906389848,100,100,176,278,0.05748273047343995,100,dspar,0.5,0.49976,0.5,ok,552014,0.3177243359594986,1.0,1.0,100,0.0,1.2610144999925978,0.29603628894902306,0.95923920972733,0.9292109633471943,100,0.018384776310850236,-0.00037868603876935376,-4.2154492052459294e-05,0.44649377797031775,0.7369724879972637,1.1834662659675814,-0.021688047010475553,-0.04076079027266999,-0.07078903665280567,0.018384776310850236,1.0655263578312597,1.7110740502938284
B,sbm,metis,0,200,2,0,0,220.927,0.67193,ok,0.734,10000,1104549,220.9098,100,0.6722752906389848,100,100,176,278,0.05748273047343995,100,dspar,0.2,0.19987,0.2,ok,220769,0.3177243359594986,1.0,1.0,100,0.0,1.2610144999925978,0.3177243359594986,1.0,1.0,100,0.0,0.0018036004505781215,0.00012244444444444445,0.41680464398814365,0.44360833399696276,0.8604129779851064,0.0,0.0,0.0,0.0,1.4655921426773573,2.8426303190264943
B,sbm,metis,0,200,2,0,0,220.927,0.67193,ok,0.734,10000,1104549,220.9098,100,0.6722752906389848,100,100,176,278,0.05748273047343995,100,dspar,0.15,0.14964,0.15,ok,165285,0.3177243359594986,1.0,1.0,100,0.0,1.2610144999925978,0.30116947615151407,0.9702900716328078,0.9465832641367455,100,0.0151657508881031,-0.0008628587037724351,-0.00012267276131931696,0.4453007959527895,0.41820411605294794,0.8635049120057374,-0.016554859807984545,-0.029709928367192218,-0.05341673586325446,0.0151657508881031,1.4603443274729389,3.015308677241578
B,sbm,metis,0,200,2,0,0,220.927,0.67193,ok,0.734,10000,1104549,220.9098,100,0.6722752906389848,100,100,176,278,0.05748273047343995,100,dspar,0.05,0.05,0.05,ok,55229,0.3177243359594986,1.0,1.0,100,0.0,1.2610144999925978,0.02976060846028621,0.22695788419466542,0.06817953305451044,100,0.01407124727947029,4.545121391565027e-05,1.6382216544400487e-05,0.44819556799484417,0.2463235899922438,0.694519157987088,-0.2879637274992124,-0.7730421158053346,-0.9318204669454896,0.01407124727947029,1.8156655370708172,5.119341188687224
B,sbm,metis,0,200,2,0,0,220.927,0.67193,ok,0.734,10000,1104549,220.9098,100,0.6722752906389848,100,100,176,278,0.05748273047343995,100,random,0.5,0.5,0.5,ok,552274,0.3177243359594986,1.0,1.0,100,0.0,1.2610144999925978,0.3177243359594986,1.0,1.0,100,0.0,-0.0005642870335665609,-5.915151515151515e-05,0.024196499027311802,0.7439280279795639,0.7681245270068757,0.0,0.0,0.0,0.0,1.6416797741198936,1.695075938215946
B,sbm,metis,0,200,2,0,0,220.927,0.67193,ok,0.734,10000,1104549,220.9098,100,0.6722752906389848,100,100,176,278,0.05748273047343995,100,random,0.2,0.2,0.2,ok,220910,0.3177243359594986,1.0,1.0,100,0.0,1.2610144999925978,0.30624707704076154,0.9784664586746573,0.962582282658116,100,0.0132664991614216,-0.0019117784271387023,-0.00014253291164922942,0.02201147301821038,0.45578910398762673,0.4778005770058371,-0.011477258918737077,-0.021533541325342687,-0.03741771734188404,0.0132664991614216,2.6392067332668634,2.766662232511005
B,sbm,metis,0,200,2,0,0,220.927,0.67193,ok,0.734,10000,1104549,220.9098,100,0.6722752906389848,100,100,176,278,0.05748273047343995,100,random,0.15,0.15,0.15,ok,165682,0.3177243359594986,1.0,1.0,100,0.0,1.2610144999925978,0.29516328949510806,0.9595883401686975,0.9268343551015369,100,0.016,0.0003972193800483533,6.475938756606832e-05,0.021254287043120712,0.40996623499086127,0.431220522033982,-0.022561046464390555,-0.04041165983130246,-0.07316564489846311,0.016,2.9242914832639264,3.075898433491011
B,sbm,metis,0,200,2,0,0,220.927,0.67193,ok,0.734,10000,1104549,220.9098,100,0.6722752906389848,100,100,176,278,0.05748273047343995,100,random,0.05,0.05,0.05,ok,55227,0.3177243359594986,1.0,1.0,100,0.0,1.2610144999925978,0.03314961700710629,0.2400207483552263,0.07874162171246521,100,0.015491933384829668,0.0011500532360363325,6.492150234901105e-05,0.02009210200048983,0.26999379199696705,0.2900858939974569,-0.28457471895239234,-0.7599792516447736,-0.9212583782875348,0.015491933384829668,4.347038329287576,4.670531461726214
B,sbm,metis,0,200,3,0,0,220.927,0.67193,ok,0.734,10000,1105276,221.0552,100,0.6724474248965869,100,100,172,269,0.05780302092863214,100,lspar,0.5,0.49754,0.863281,ok,549917,0.30442100169917047,0.9775603099389327,0.9570653970434394,100,0.014764823060233401,1.2846006979816593,0.31588270511988226,0.9973719005051235,0.9946103320136206,100,0.00469041575982343,-0.0016684066305251428,-0.0001736344536573734,4.7988123869290575,0.5639979349798523,5.36281032190891,0.011461703420711788,0.01981159056619075,0.03754493497018119,-0.010074407300409972,0.23953871587321057,2.2776691514438774
B,sbm,metis,0,200,3,0,0,220.927,0.67193,ok,0.734,10000,1105276,221.0552,100,0.6724474248965869,100,100,172,269,0.05780302092863214,100,lspar,0.2,0.19832,0.625,ok,219194,0.30442100169917047,0.9775603099389327,0.9570653970434394,100,0.014764823060233401,1.2846006979816593,0.3175522277507036,1.0,1.0,100,0.0,0.00026489774889606354,-6.935353535353536e-05,4.621754836989567,0.09779763699043542,4.719552473980002,0.013131226051533107,0.022439690061067274,0.0429346029565606,-0.014764823060233401,0.2721869721894107,13.135293832378515
B,sbm,metis,0,200,3,0,0,220.927,0.67193,ok,0.734,10000,1105276,221.0552,100,0.6724474248965869,100,100,172,269,0.05780302092863214,100,lspar,0.15,0.15113,0.5625,ok,167038,0.30442100169917047,0.9775603099389327,0.9570653970434394,100,0.014764823060233401,1.2846006979816593,0.3175522277507036,1.0,1.0,100,0.0,-0.003990132127668481,-0.00034888888888888887,4.635042357956991,0.07631540700094774,4.711357764957938,0.013131226051533107,0.022439690061067274,0.0429346029565606,-0.014764823060233401,0.27266040111329304,16.832783162195625
B,sbm,metis,0,200,3,0,0,220.927,0.67193,ok,0.734,10000,1105276,221.0552,100,0.6724474248965869,100,100,172,269,0.05780302092863214,100,lspar,0.05,0.04817,0.3125,ok,53240,0.30442100169917047,0.9775603099389327,0.9570653970434394,100,0.014764823060233401,1.2846006979816593,0.3175522277507036,1.0,1.0,100,0.0,-0.000986803241325243,-9.587878787878788e-05,4.620529941981658,0.02913114702096209,4.64966108900262,0.013131226051533107,0.022439690061067274,0.0429346029565606,-0.014764823060233401,0.2762783509146499,44.09715474153115
B,sbm,metis,0,200,3,0,0,220.927,0.67193,ok,0.734,10000,1105276,221.0552,100,0.6724474248965869,100,100,172,269,0.05780302092863214,100,dspar,0.5,0.49959,0.5,ok,552182,0.30442100169917047,0.9775603099389327,0.9570653970434394,100,0.014764823060233401,1.2846006979816593,0.3158943513268742,0.9968414525505427,0.994752175268926,100,0.006,3.913092762829769e-05,-2.686820324102853e-05,0.42496596998535097,0.7648122429964133,1.1897782129817642,0.011473349627703744,0.019281142611609958,0.037686778225486606,-0.008764823060233401,1.0796976141984107,1.6796288366786563
B,sbm,metis,0,200,3,0,0,220.927,0.67193,ok,0.734,10000,1105276,221.0552,100,0.6724474248965869,100,100,172,269,0.05780302092863214,100,dspar,0.2,0.19978,0.2,ok,220817,0.30442100169917047,0.9775603099389327,0.9570653970434394,100,0.014764823060233401,1.2846006979816593,0.31666984215224014,0.9986880930808141,0.9971689648732556,100,0.004242640687119285,0.0007609224559877095,4.880764153930696e-05,0.4282212559483014,0.4751224889769219,0.9033437449252233,0.012248840453069676,0.02112778314188135,0.04010356782981617,-0.010522182373114117,1.42205080313917,2.703725308283726
B,sbm,metis,0,200,3,0,0,220.927,0.67193,ok,0.734,10000,1105276,221.0552,100,0.6724474248965869,100,100,172,269,0.05780302092863214,100,dspar,0.15,0.1499,0.15,ok,165678,0.30442100169917047,0.9775603099389327,0.9570653970434394,100,0.014764823060233401,1.2846006979816593,0.29853703302101225,0.9677986217810312,0.9387938769879339,100,0.013999999999999999,-0.003047207483313497,-0.0003834775707132216,0.4167215109919198,0.4053754310007207,0.8220969419926405,-0.0058839686781582135,-0.009761688157901571,-0.018271520055505475,-0.0007648230602334029,1.562590288765676,3.168916021403812
B,sbm,metis,0,200,3,0,0,220.927,0.67193,ok,0.734,10000,1105276,221.0552,100,0.6724474248965869,100,100,172,269,0.05780302092863214,100,dspar,0.05,0.05024,0.05,ok,55530,0.30442100169917047,0.9775603099389327,0.9570653970434394,100,0.014764823060233401,1.2846006979816593,0.0371500662117238,0.2584621961788209,0.09228646373263308,100,0.015362291495737217,-0.00011778156419567486,-4.9287113413546496e-05,0.42205475096125156,0.23835315002361313,0.6604079009848647,-0.2672709354874467,-0.7190981137601118,-0.8647789333108064,0.0005974684355038156,1.9451625216263122,5.389484879282681
B,sbm,metis,0,200,3,0,0,220.927,0.67193,ok,0.734,10000,1105276,221.0552,100,0.6724474248965869,100,100,172,269,0.05780302092863214,100,random,0.5,0.5,0.5,ok,552638,0.30442100169917047,0.9775603099389327,0.9570653970434394,100,0.014764823060233401,1.2846006979816593,0.3172932884012804,0.9994794220821195,0.9991909854610815,100,0.0037416573867739417,0.0001520397397570624,-4.7050175699275155e-05,0.026565667998511344,0.7800375809893012,0.8066032489878125,0.012872286702109936,0.02191911214318676,0.042125588417642135,-0.01102316567345946,1.5926054099009328,1.6468446255530842
B,sbm,metis,0,200,3,0,0,220.927,0.67193,ok,0.734,10000,1105276,221.0552,100,0.6724474248965869,100,100,172,269,0.05780302092863214,100,random,0.2,0.2,0.2,ok,221055,0.30442100169917047,0.9775603099389327,0.9570653970434394,100,0.014764823060233401,1.2846006979816593,0.3025207020505397,0.9742354101120715,0.9513929143983549,100,0.013638181696985855,-0.0031828995515538693,-0.0003058503437968148,0.022310532978735864,0.4848271429655142,0.5071376759442501,-0.0019002996486307544,-0.0033248998268612384,-0.0056724826450844645,-0.001126641363247546,2.5330413394939253,2.6496055689543625
B,sbm,metis,0,200,3,0,0,220.927,0.67193,ok,0.734,10000,1105276,221.0552,100,0.6724474248965869,100,100,172,269,0.05780302092863214,100,random,0.15,0.15,0.15,ok,165791,0.30442100169917047,0.9775603099389327,0.9570653970434394,100,0.014764823060233401,1.2846006979816593,0.3000498168596986,0.9678827055978566,0.9433220533163839,100,0.013928388277184118,-0.0028961341077122778,-0.00018147734619236884,0.022710462973918766,0.4124127979739569,0.4351232609478757,-0.004371184839471853,-0.009677604341076118,-0.013743343727055546,-0.0008364347830492839,2.952268502454398,3.1148419842751327
B,sbm,metis,0,200,3,0,0,220.927,0.67193,ok,0.734,10000,1105276,221.0552,100,0.6724474248965869,100,100,172,269,0.05780302092863214,100,random,0.05,0.05,0.05,ok,55264,0.30442100169917047,0.9775603099389327,0.9570653970434394,100,0.014764823060233401,1.2846006979816593,0.04483585765880809,0.27618659203365614,0.11734035670130892,100,0.015033296378372907,-1.6271415467128715e-05,-8.382891117142147e-06,0.020363291958346963,0.2360170519677922,0.2563803439261392,-0.25958514404036237,-0.7013737179052766,-0.8397250403421305,0.00026847331813950603,5.0105272436631925,5.44283002974277
