arm,gen,detector,is_proxy,d_nom,graph_seed,het_deg,het_size,d_target,mu_target,cal_status,lfr_deg_cv,n,m,d_avg_real,n_comm_planted,mu_real,comm_size_min,comm_size_max,deg_min,deg_max,deg_cv,k_fixed,sparsifier,target_ret,realized_ret,knob,status,m_sparse,Q_base,AMI_base,ARI_base,nc_base,cv_base,T_base,Q_orig_transfer,AMI,ARI,nc_sparse,cv_sparse,AMI_chance,ARI_chance,T_sparsify,T_detect_sparse,T_pipeline,dQ,dAMI,dARI,dcv,speedup_pipeline,speedup_detect_only
B,dcsbm,metis,0,10,1,1,0,11.183,0.57853,ok,2.327,10000,55564,11.1128,100,0.5800518321215176,100,100,0,234,1.5414430459196407,100,lspar,0.5,0.50245,0.515625,ok,27918,0.4202187043611414,0.6875854652901804,0.5700662520476368,100,0.017262676501632067,0.2203871489618905,0.41299044777214605,0.6314617485941374,0.5000483024294239,100,0.015297058540778355,0.0021633420693927927,0.0002812398222135283,0.07192545401630923,0.1103917810251005,0.18231723504140973,-0.007228256588995341,-0.05612371669604299,-0.07001794961821295,-0.001965617960853712,1.2088113825982165,1.9964090343988528
B,dcsbm,metis,0,10,1,1,0,11.183,0.57853,ok,2.327,10000,55564,11.1128,100,0.5800518321215176,100,100,0,234,1.5414430459196407,100,lspar,0.2,0.15935,0.0,ok,8854,0.4202187043611414,0.6875854652901804,0.5700662520476368,100,0.017262676501632067,0.2203871489618905,0.23023557517378446,0.3838985742785158,0.14454895959277825,100,0.0170293863659264,-0.0007504021489697355,-2.3309751399178433e-05,0.10233730403706431,0.010558006004430354,0.11289531004149467,-0.18998312918735694,-0.3036868910116646,-0.4255172924548586,-0.00023329013570566604,1.952137328653309,20.87393669499824
B,dcsbm,metis,0,10,1,1,0,11.183,0.57853,ok,2.327,10000,55564,11.1128,100,0.5800518321215176,100,100,0,234,1.5414430459196407,100,lspar,0.15,0.15935,0.0,floor,8854,0.4202187043611414,0.6875854652901804,0.5700662520476368,100,0.017262676501632067,0.2203871489618905,0.23023557517378446,0.3838985742785158,0.14454895959277825,100,0.0170293863659264,-0.00039593443885116284,9.331980196204884e-06,0.06321208400186151,0.009021356992889196,0.07223344099475071,-0.18998312918735694,-0.3036868910116646,-0.4255172924548586,-0.00023329013570566604,3.0510404312305472,24.429489835687004
B,dcsbm,metis,0,10,1,1,0,11.183,0.57853,ok,2.327,10000,55564,11.1128,100,0.5800518321215176,100,100,0,234,1.5414430459196407,100,lspar,0.05,0.15935,0.0,floor,8854,0.4202187043611414,0.6875854652901804,0.5700662520476368,100,0.017262676501632067,0.2203871489618905,0.23023557517378446,0.3838985742785158,0.14454895959277825,100,0.0170293863659264,-0.0034621441249002736,-0.00026200241369041895,0.0631838949630037,0.010485570004675537,0.07366946496767923,-0.18998312918735694,-0.3036868910116646,-0.4255172924548586,-0.00023329013570566604,2.991567117510358,21.01813719841834
B,dcsbm,metis,0,10,1,1,0,11.183,0.57853,ok,2.327,10000,55564,11.1128,100,0.5800518321215176,100,100,0,234,1.5414430459196407,100,dspar,0.5,0.49825,0.5,ok,27685,0.4202187043611414,0.6875854652901804,0.5700662520476368,100,0.017262676501632067,0.2203871489618905,0.2736146856739612,0.33701069688515084,0.16025390742371876,100,0.014832396974191326,0.0028885441127584877,0.00036095019446850745,0.010761877987533808,0.16964197502238676,0.18040385300992057,-0.1466040186871802,-0.35057476840502955,-0.4098123446239181,-0.002430279527440741,1.2216321618683565,1.2991310018219675
B,dcsbm,metis,0,10,1,1,0,11.183,0.57853,ok,2.327,10000,55564,11.1128,100,0.5800518321215176,100,100,0,234,1.5414430459196407,100,dspar,0.2,0.20121,0.2,ok,11180,0.4202187043611414,0.6875854652901804,0.5700662520476368,100,0.017262676501632067,0.2203871489618905,0.16479356125198896,0.15100762076510704,0.028303589780757633,100,0.014352700094407325,-0.0012889281701540288,-0.00014487396687030125,0.011073710978962481,0.07065161201171577,0.08172532299067825,-0.25542514310915243,-0.5365778445250733,-0.5417626622668792,-0.0029099764072247417,2.6966812842945664,3.1193506090893566
B,dcsbm,metis,0,10,1,1,0,11.183,0.57853,ok,2.327,10000,55564,11.1128,100,0.5800518321215176,100,100,0,234,1.5414430459196407,100,dspar,0.15,0.14889,0.15,ok,8273,0.4202187043611414,0.6875854652901804,0.5700662520476368,100,0.017262676501632067,0.2203871489618905,0.13916476211705375,0.14448100657541407,0.025947360234557165,100,0.016911534525287764,4.000752286866002e-05,1.2119479035710014e-06,0.010928873962257057,0.05003359797410667,0.06096247193636373,-0.28105394224408764,-0.5431044587147663,-0.5441188918130797,-0.0003511419763443033,3.615128159368993,4.404783143437835
B,dcsbm,metis,0,10,1,1,0,11.183,0.57853,ok,2.327,10000,55564,11.1128,100,0.5800518321215176,100,100,0,234,1.5414430459196407,100,dspar,0.05,0.05021,0.05,ok,2790,0.4202187043611414,0.6875854652901804,0.5700662520476368,100,0.017262676501632067,0.2203871489618905,0.05497929839104739,0.12873447004902072,0.01770550923876324,100,0.007745966692414834,-0.0006888930124822236,-2.506995497205791e-05,0.010643948975484818,0.007914969988632947,0.018558918964117765,-0.365239405970094,-0.5588509952411597,-0.5523607428088736,-0.009516709809217233,11.874999259816372,27.84434423357241
B,dcsbm,metis,0,10,1,1,0,11.183,0.57853,ok,2.327,10000,55564,11.1128,100,0.5800518321215176,100,100,0,234,1.5414430459196407,100,random,0.5,0.5,0.5,ok,27782,0.4202187043611414,0.6875854652901804,0.5700662520476368,100,0.017262676501632067,0.2203871489618905,0.31729222899966436,0.4048256948470262,0.2386253069486982,100,0.015874507866387545,0.002820253689726404,0.00033817961159116175,0.0012097220169380307,0.14544113096781075,0.14665085298474878,-0.10292647536147703,-0.2827597704431542,-0.3314409450989386,-0.0013881686352445223,1.5028016849299202,1.515301397172626
B,dcsbm,metis,0,10,1,1,0,11.183,0.57853,ok,2.327,10000,55564,11.1128,100,0.5800518321215176,100,100,0,234,1.5414430459196407,100,random,0.2,0.2,0.2,ok,11113,0.4202187043611414,0.6875854652901804,0.5700662520476368,100,0.017262676501632067,0.2203871489618905,0.14020027222005796,0.15459996159570785,0.03266857874266082,100,0.01794435844492636,-0.0008453466605619588,-1.3432180853226064e-05,0.001050672959536314,0.07420030399225652,0.07525097695179284,-0.28001843214108346,-0.5329855036944725,-0.537397673304976,0.0006816819432942933,2.928694854062487,2.970165041168698
B,dcsbm,metis,0,10,1,1,0,11.183,0.57853,ok,2.327,10000,55564,11.1128,100,0.5800518321215176,100,100,0,234,1.5414430459196407,100,random,0.15,0.15001,0.15,ok,8335,0.4202187043611414,0.6875854652901804,0.5700662520476368,100,0.017262676501632067,0.2203871489618905,0.11656874172331191,0.14066722074544266,0.02443294027836559,100,0.014966629547095767,0.0010608539045336906,9.976660391813895e-05,0.001025764038786292,0.055170368985272944,0.056196133024059236,-0.3036499626378295,-0.5469182445447377,-0.5456333117692712,-0.0022960469545363,3.9217493642762964,3.994665125780111
B,dcsbm,metis,0,10,1,1,0,11.183,0.57853,ok,2.327,10000,55564,11.1128,100,0.5800518321215176,100,100,0,234,1.5414430459196407,100,random,0.05,0.05,0.05,ok,2778,0.4202187043611414,0.6875854652901804,0.5700662520476368,100,0.017262676501632067,0.2203871489618905,0.05308804256051545,0.13503925773568504,0.01906849585587608,100,0.012727922061357855,0.0037717084398439862,0.00036358671109256314,0.0009489759686402977,0.023353348020464182,0.02430232398910448,-0.3671306618006259,-0.5525462075544953,-0.5509977561917607,-0.004534754440274211,9.068562704566741,9.437068670786244
B,dcsbm,metis,0,10,2,1,0,11.183,0.57853,ok,2.327,10000,55241,11.0482,100,0.5772524031063884,100,100,0,238,1.5943029894425176,100,lspar,0.5,0.50044,0.515625,ok,27645,0.4221673162139751,0.6824986317808878,0.5618190037142775,100,0.017378147196982767,0.20758049102732912,0.4175107740288362,0.6414674583729879,0.5118163327545364,100,0.015748015748023623,-0.0004259437900250255,-8.817088499207916e-05,0.06705871602753177,0.10465430497424677,0.17171302100177854,-0.00465654218513889,-0.04103117340789986,-0.05000267095974109,-0.001630131448959144,1.2088803156353476,1.9834873594393496
B,dcsbm,metis,0,10,2,1,0,11.183,0.57853,ok,2.327,10000,55241,11.0482,100,0.5772524031063884,100,100,0,238,1.5943029894425176,100,lspar,0.2,0.15937,0.0,ok,8804,0.4221673162139751,0.6824986317808878,0.5618190037142775,100,0.017378147196982767,0.20758049102732912,0.22377817154130858,0.3724596465982425,0.13252059802994567,100,0.026758176320519304,0.00010459110710136485,7.068176663461552e-06,0.09551141201518476,0.010619717999361455,0.10613113001454622,-0.1983891446726665,-0.3100389851826453,-0.42929840568433186,0.009380029123536537,1.9558869390995683,19.54670463375869
B,dcsbm,metis,0,10,2,1,0,11.183,0.57853,ok,2.327,10000,55241,11.0482,100,0.5772524031063884,100,100,0,238,1.5943029894425176,100,lspar,0.15,0.15937,0.0,floor,8804,0.4221673162139751,0.6824986317808878,0.5618190037142775,100,0.017378147196982767,0.20758049102732912,0.22377817154130858,0.3724596465982425,0.13252059802994567,100,0.026758176320519304,0.00029426635042268024,-9.249214033901116e-06,0.06019363604718819,0.01011818298138678,0.07031181902857497,-0.1983891446726665,-0.3100389851826453,-0.42929840568433186,0.009380029123536537,2.9522844650480122,20.51558974661659
B,dcsbm,metis,0,10,2,1,0,11.183,0.57853,ok,2.327,10000,55241,11.0482,100,0.5772524031063884,100,100,0,238,1.5943029894425176,100,lspar,0.05,0.15937,0.0,floor,8804,0.4221673162139751,0.6824986317808878,0.5618190037142775,100,0.017378147196982767,0.20758049102732912,0.22377817154130858,0.3724596465982425,0.13252059802994567,100,0.026758176320519304,0.0005455679682357262,9.273447782461555e-05,0.059827085002325475,0.010526314028538764,0.07035339903086424,-0.1983891446726665,-0.3100389851826453,-0.42929840568433186,0.009380029123536537,2.950539616945344,19.72014994655683
B,dcsbm,metis,0,10,2,1,0,11.183,0.57853,ok,2.327,10000,55241,11.0482,100,0.5772524031063884,100,100,0,238,1.5943029894425176,100,dspar,0.5,0.50048,0.5,ok,27647,0.4221673162139751,0.6824986317808878,0.5618190037142775,100,0.017378147196982767,0.20758049102732912,0.28100506403219255,0.3616961063772189,0.1760636110265008,100,0.01606237840420901,0.0006427615990081562,0.0001035017997829795,0.010989040019921958,0.16179932799423113,0.1727883680141531,-0.14116225218178252,-0.3208025254036689,-0.3857553926877767,-0.0013157687927737582,1.2013568587575651,1.2829502668560544
B,dcsbm,metis,0,10,2,1,0,11.183,0.57853,ok,2.327,10000,55241,11.0482,100,0.5772524031063884,100,100,0,238,1.5943029894425176,100,dspar,0.2,0.20039,0.2,ok,11070,0.4221673162139751,0.6824986317808878,0.5618190037142775,100,0.017378147196982767,0.20758049102732912,0.1655873410284238,0.15388371503277956,0.030037051321561033,100,0.015297058540778355,-0.0005810371522156945,-9.619076588241196e-05,0.010698714992031455,0.06352897395845503,0.07422768895048648,-0.2565799751855513,-0.5286149167481082,-0.5317819523927165,-0.002081088656204412,2.7965371677649227,3.2674932096822
B,dcsbm,metis,0,10,2,1,0,11.183,0.57853,ok,2.327,10000,55241,11.0482,100,0.5772524031063884,100,100,0,238,1.5943029894425176,100,dspar,0.15,0.15009,0.15,ok,8291,0.4221673162139751,0.6824986317808878,0.5618190037142775,100,0.017378147196982767,0.20758049102732912,0.13883799894156773,0.14448503410233185,0.02598176508063935,100,0.017262676501632067,0.0014982674563344934,0.00016837895194020131,0.008073973003774881,0.048660501022823155,0.056734474026598036,-0.28332931727240734,-0.5380135976785559,-0.5358372386336382,-0.00011547069535070009,3.6588070055961395,4.265893006937351
B,dcsbm,metis,0,10,2,1,0,11.183,0.57853,ok,2.327,10000,55241,11.0482,100,0.5772524031063884,100,100,0,238,1.5943029894425176,100,dspar,0.05,0.04944,0.05,ok,2731,0.4221673162139751,0.6824986317808878,0.5618190037142775,100,0.017378147196982767,0.20758049102732912,0.05557270540869837,0.13559937532687774,0.019996733841890796,100,0.008,0.0028699880214040326,0.0002523757623594429,0.009291000023949891,0.008564201998524368,0.01785520202247426,-0.3665946108052767,-0.54689925645401,-0.5418222698723867,-0.009378147196982767,11.625771064704198,24.238159149339978
B,dcsbm,metis,0,10,2,1,0,11.183,0.57853,ok,2.327,10000,55241,11.0482,100,0.5772524031063884,100,100,0,238,1.5943029894425176,100,random,0.5,0.49999,0.5,ok,27620,0.4221673162139751,0.6824986317808878,0.5618190037142775,100,0.017378147196982767,0.20758049102732912,0.3226140472269542,0.41016340006663277,0.24334627503853534,100,0.015362291495737217,-0.002918002755943614,-0.00015945593167480983,0.0010962440283037722,0.14518461504485458,0.14628085907315835,-0.09955326898702088,-0.272335231714255,-0.31847272867574217,-0.00201585570124555,1.4190543611964532,1.4297692008426472
B,dcsbm,metis,0,10,2,1,0,11.183,0.57853,ok,2.327,10000,55241,11.0482,100,0.5772524031063884,100,100,0,238,1.5943029894425176,100,random,0.2,0.2,0.2,ok,11048,0.4221673162139751,0.6824986317808878,0.5618190037142775,100,0.017378147196982767,0.20758049102732912,0.14583479253530693,0.16734843717260808,0.03752636494015632,100,0.019493588689617928,0.0007443464147005737,0.00015938385848103003,0.001002325036097318,0.0844193619559519,0.08542168699204922,-0.2763325236786681,-0.5151501946082797,-0.5242926387741211,0.002115441492635161,2.430067800541683,2.4589203971434883
B,dcsbm,metis,0,10,2,1,0,11.183,0.57853,ok,2.327,10000,55241,11.0482,100,0.5772524031063884,100,100,0,238,1.5943029894425176,100,random,0.15,0.15,0.15,ok,8286,0.4221673162139751,0.6824986317808878,0.5618190037142775,100,0.017378147196982767,0.20758049102732912,0.1184909872243483,0.14386106094919596,0.026594169414031813,100,0.016792855623746664,-3.3897177241550056e-06,4.001455996724664e-05,0.0009205610258504748,0.05567043699556962,0.05659099802142009,-0.30367632898962676,-0.5386375708316918,-0.5352248343002457,-0.0005852915732361026,3.6680832338167715,3.728738307620054
B,dcsbm,metis,0,10,2,1,0,11.183,0.57853,ok,2.327,10000,55241,11.0482,100,0.5772524031063884,100,100,0,238,1.5943029894425176,100,random,0.05,0.05,0.05,ok,2762,0.4221673162139751,0.6824986317808878,0.5618190037142775,100,0.017378147196982767,0.20758049102732912,0.05377971772015004,0.13536139197306438,0.019634239493728767,100,0.011489125293076058,0.002303967015343814,0.0001476266202794252,0.000705646991264075,0.02590107498690486,0.026606721978168935,-0.368387598493825,-0.5471372398078234,-0.5421847642205487,-0.005889021903906709,7.801806295328333,8.014358135030236
B,dcsbm,metis,0,10,3,1,0,11.183,0.57853,ok,2.327,10000,55755,11.151,100,0.5793561115595014,100,100,0,218,1.5885094989698263,100,lspar,0.5,0.50008,0.515625,ok,27882,0.4199532152534468,0.682917301904865,0.563602348196505,100,0.016733200530681513,0.213017791043967,0.4127424605392225,0.635345427427711,0.5025907696536539,100,0.015748015748023623,-0.0024522786628928535,-0.0002207807040007847,0.06996274896664545,0.11148063599830493,0.18144338496495038,-0.007210754714224332,-0.04757187447715394,-0.06101157854285111,-0.00098518478265789,1.1740179510270705,1.9108053083515415
B,dcsbm,metis,0,10,3,1,0,11.183,0.57853,ok,2.327,10000,55755,11.151,100,0.5793561115595014,100,100,0,218,1.5885094989698263,100,lspar,0.2,0.15771,0.0,ok,8793,0.4199532152534468,0.682917301904865,0.563602348196505,100,0.016733200530681513,0.213017791043967,0.22638170372720284,0.38638828906831396,0.14458285643587482,100,0.0158113883008419,-0.002916984999025659,-0.0003187278357882032,0.10075866495026276,0.01042748597683385,0.1111861509270966,-0.19357151152624397,-0.29652901283655103,-0.4190194917606302,-0.0009218122298396136,1.915866223156157,20.428489812138466
B,dcsbm,metis,0,10,3,1,0,11.183,0.57853,ok,2.327,10000,55755,11.151,100,0.5793561115595014,100,100,0,218,1.5885094989698263,100,lspar,0.15,0.15771,0.0,floor,8793,0.4199532152534468,0.682917301904865,0.563602348196505,100,0.016733200530681513,0.213017791043967,0.22638170372720284,0.38638828906831396,0.14458285643587482,100,0.0158113883008419,-0.0006599251890497151,-7.186980415326873e-05,0.061382006912026554,0.010111509996932,0.07149351690895855,-0.19357151152624397,-0.29652901283655103,-0.4190194917606302,-0.0009218122298396136,2.9795399674522747,21.066862526823407
B,dcsbm,metis,0,10,3,1,0,11.183,0.57853,ok,2.327,10000,55755,11.151,100,0.5793561115595014,100,100,0,218,1.5885094989698263,100,lspar,0.05,0.15771,0.0,floor,8793,0.4199532152534468,0.682917301904865,0.563602348196505,100,0.016733200530681513,0.213017791043967,0.22638170372720284,0.38638828906831396,0.14458285643587482,100,0.0158113883008419,-0.0009795246283819533,-0.0001922385964380715,0.061632812954485416,0.01013261399930343,0.07176542695378885,-0.19357151152624397,-0.29652901283655103,-0.4190194917606302,-0.0009218122298396136,2.968250870731018,21.022984893987967
B,dcsbm,metis,0,10,3,1,0,11.183,0.57853,ok,2.327,10000,55755,11.151,100,0.5793561115595014,100,100,0,218,1.5885094989698263,100,dspar,0.5,0.4982,0.5,ok,27777,0.4199532152534468,0.682917301904865,0.563602348196505,100,0.016733200530681513,0.213017791043967,0.28018988747265783,0.35218291222605824,0.17315523000074962,100,0.015099668870541498,0.0002785498463165647,-1.2483425374355808e-05,0.011297781020402908,0.17204823897918686,0.18334601999958977,-0.13976332778078898,-0.33073438967880675,-0.3904471181957554,-0.0016335316601400144,1.1618348249088997,1.2381282848802442
B,dcsbm,metis,0,10,3,1,0,11.183,0.57853,ok,2.327,10000,55755,11.151,100,0.5793561115595014,100,100,0,218,1.5885094989698263,100,dspar,0.2,0.19957,0.2,ok,11127,0.4199532152534468,0.682917301904865,0.563602348196505,100,0.016733200530681513,0.213017791043967,0.16404967683369398,0.1507867861058486,0.028342500617437576,100,0.016852299546352714,-0.0004546954564808601,-7.425208246691597e-05,0.011334170994814485,0.06539831799454987,0.07673248898936436,-0.25590353841975283,-0.5321305157990164,-0.5352598475790674,0.00011909901567120143,2.776109492206003,3.257236540268809
B,dcsbm,metis,0,10,3,1,0,11.183,0.57853,ok,2.327,10000,55755,11.151,100,0.5793561115595014,100,100,0,218,1.5885094989698263,100,dspar,0.15,0.14973,0.15,ok,8348,0.4199532152534468,0.682917301904865,0.563602348196505,100,0.016733200530681513,0.213017791043967,0.13950859915727407,0.14312600314473145,0.025196371947052848,100,0.017204650534085254,-0.0012676319704193698,-0.00013761599646888625,0.009686495002824813,0.046342466957867146,0.05602896196069196,-0.28044461609617277,-0.5397912987601335,-0.5384059762494522,0.0004714500034037408,3.801922855422757,4.596600160229599
B,dcsbm,metis,0,10,3,1,0,11.183,0.57853,ok,2.327,10000,55755,11.151,100,0.5793561115595014,100,100,0,218,1.5885094989698263,100,dspar,0.05,0.05004,0.05,ok,2790,0.4199532152534468,0.682917301904865,0.563602348196505,100,0.016733200530681513,0.213017791043967,0.05502830986878178,0.13040499399020167,0.018229915776886915,100,0.007615773105863908,-0.0005001174192984547,-0.0001270670221270654,0.010874438041355461,0.007385161006823182,0.018259599048178643,-0.36492490538466504,-0.5525123079146633,-0.5453724324196181,-0.009117427424817606,11.666071663562354,28.84402802419053
B,dcsbm,metis,0,10,3,1,0,11.183,0.57853,ok,2.327,10000,55755,11.151,100,0.5793561115595014,100,100,0,218,1.5885094989698263,100,random,0.5,0.50001,0.5,ok,27878,0.4199532152534468,0.682917301904865,0.563602348196505,100,0.016733200530681513,0.213017791043967,0.31820789966120094,0.4105951161785084,0.24489857424138245,100,0.015427248620541512,0.0007300322496221223,2.2098380393743246e-05,0.0011079830001108348,0.14585163397714496,0.1469596169772558,-0.10174531559224587,-0.2723221857263566,-0.31870377395512256,-0.0013059519101400012,1.4494988176033061,1.4605101446950333
B,dcsbm,metis,0,10,3,1,0,11.183,0.57853,ok,2.327,10000,55755,11.151,100,0.5793561115595014,100,100,0,218,1.5885094989698263,100,random,0.2,0.2,0.2,ok,11151,0.4199532152534468,0.682917301904865,0.563602348196505,100,0.016733200530681513,0.213017791043967,0.14244005264039958,0.1600688674142704,0.03452129566381857,100,0.01760681686165901,-0.0010657101941057194,-6.22731759405575e-05,0.001001094002276659,0.07584877900080755,0.07684987300308421,-0.27751316261304726,-0.5228484344905946,-0.5290810525326864,0.0008736163309774961,2.7718691354950966,2.8084537925349995
B,dcsbm,metis,0,10,3,1,0,11.183,0.57853,ok,2.327,10000,55755,11.151,100,0.5793561115595014,100,100,0,218,1.5885094989698263,100,random,0.15,0.15,0.15,ok,8363,0.4199532152534468,0.682917301904865,0.563602348196505,100,0.016733200530681513,0.213017791043967,0.11635198997986262,0.13986022996143965,0.02473448187516785,100,0.015556349186104046,-7.847190224805786e-05,2.613825141299317e-05,0.0009675499750301242,0.054448515991680324,0.05541606596671045,-0.3036012252735842,-0.5430570719434253,-0.5388678663213372,-0.0011768513445774668,3.8439717314457345,3.9122790982313624
B,dcsbm,metis,0,10,3,1,0,11.183,0.57853,ok,2.327,10000,55755,11.151,100,0.5793561115595014,100,100,0,218,1.5885094989698263,100,random,0.05,0.05,0.05,ok,2788,0.4199532152534468,0.682917301904865,0.563602348196505,100,0.016733200530681513,0.213017791043967,0.05416869387245229,0.13326705813978204,0.018968445821017057,100,0.012884098726725126,0.0013791395262378694,0.0001513611743962625,0.0009349059546366334,0.026231884956359863,0.027166790910996497,-0.36578452138099454,-0.549650243765083,-0.5446339023754879,-0.0038491018039563864,7.841109821982775,8.120567446767538
B,dcsbm,metis,0,25,1,1,0,24.635,0.5976,ok,1.765,10000,123216,24.6432,100,0.6000681729645501,100,100,0,476,1.4506733488728378,100,lspar,0.5,0.50243,0.71875,ok,61907,0.36981213276215796,0.8674901299169319,0.8024006449670006,100,0.016852299546352714,0.2849808959872462,0.38496917218224785,0.9122156465115657,0.8715065557016101,100,0.01489966442575134,0.001736904630181703,0.000156911875711089,0.21262510301312432,0.13521381001919508,0.3478389130323194,0.01515703942008989,0.04472551659463386,0.06910591073460948,-0.0019526351206013738,0.8192898646758571,2.1076315795464238
B,dcsbm,metis,0,25,1,1,0,24.635,0.5976,ok,1.765,10000,123216,24.6432,100,0.6000681729645501,100,100,0,476,1.4506733488728378,100,lspar,0.2,0.19982,0.328125,ok,24621,0.36981213276215796,0.8674901299169319,0.8024006449670006,100,0.016852299546352714,0.2849808959872462,0.3866475631012196,0.9081408909678421,0.8681153925664938,100,0.016673332000533066,-3.200296513539316e-05,6.045624304686295e-05,0.21085604303516448,0.061579510977026075,0.27243555401219055,0.016835430339061652,0.040650761050910256,0.06571474759949325,-0.00017896754581964852,1.046048842709033,4.627852535132442
B,dcsbm,metis,0,25,1,1,0,24.635,0.5976,ok,1.765,10000,123216,24.6432,100,0.6000681729645501,100,100,0,476,1.4506733488728378,100,lspar,0.15,0.15061,0.21875,ok,18557,0.36981213276215796,0.8674901299169319,0.8024006449670006,100,0.016852299546352714,0.2849808959872462,0.38405836404528126,0.895373328682258,0.8484764457972771,100,0.01794435844492636,0.00027033152545038384,5.797046473497565e-05,0.20652993203839287,0.05231915204785764,0.2588490840862505,0.0142462312831233,0.02788319876532619,0.046075800830276514,0.001092058898573646,1.1009538511339232,5.446970847818156
B,dcsbm,metis,0,25,1,1,0,24.635,0.5976,ok,1.765,10000,123216,24.6432,100,0.6000681729645501,100,100,0,476,1.4506733488728378,100,lspar,0.05,0.06959,0.0,floor,8575,0.36981213276215796,0.8674901299169319,0.8024006449670006,100,0.016852299546352714,0.2849808959872462,0.1335988547534967,0.4813460784091853,0.17362066399894335,100,0.012727922061357855,-0.0026900028378024354,-0.00022808253541564143,0.19821068103192374,0.009155839041341096,0.20736652007326484,-0.23621327800866126,-0.38614405150774656,-0.6287799809680572,-0.004124377484994859,1.3742859545820576,31.12559042382464
B,dcsbm,metis,0,25,1,1,0,24.635,0.5976,ok,1.765,10000,123216,24.6432,100,0.6000681729645501,100,100,0,476,1.4506733488728378,100,dspar,0.5,0.50061,0.5,ok,61683,0.36981213276215796,0.8674901299169319,0.8024006449670006,100,0.016852299546352714,0.2849808959872462,0.35690808461315354,0.8511480879495835,0.7696063338749224,100,0.018000000000000002,-0.0005582980499912349,-8.689501391683638e-05,0.03375567100010812,0.239635860954877,0.2733915319549851,-0.012904048149004421,-0.016342041967348342,-0.0327943110920782,0.001147700453647288,1.0423910863273165,1.1892247464619146
B,dcsbm,metis,0,25,1,1,0,24.635,0.5976,ok,1.765,10000,123216,24.6432,100,0.6000681729645501,100,100,0,476,1.4506733488728378,100,dspar,0.2,0.19973,0.2,ok,24610,0.36981213276215796,0.8674901299169319,0.8024006449670006,100,0.016852299546352714,0.2849808959872462,0.12325728318519842,0.25426075669043513,0.08520312214380009,100,0.015297058540778355,0.0011950132632105055,0.00012414709095197478,0.035092627978883684,0.14965157298138365,0.18474420096026734,-0.24655484957695956,-0.6132293732264967,-0.7171975228232005,-0.0015552410055743593,1.542570183561738,1.9042960278319108
B,dcsbm,metis,0,25,1,1,0,24.635,0.5976,ok,1.765,10000,123216,24.6432,100,0.6000681729645501,100,100,0,476,1.4506733488728378,100,dspar,0.15,0.14962,0.15,ok,18435,0.36981213276215796,0.8674901299169319,0.8024006449670006,100,0.016852299546352714,0.2849808959872462,0.09621623472055266,0.18016696863030052,0.04042131105883456,100,0.015491933384829668,0.00046085447242559096,6.492150234901105e-05,0.033626775024458766,0.12014204799197614,0.1537688230164349,-0.27359589804160533,-0.6873231612866313,-0.7619793339081661,-0.0013603661615230467,1.853307389605156,2.372032945586869
B,dcsbm,metis,0,25,1,1,0,24.635,0.5976,ok,1.765,10000,123216,24.6432,100,0.6000681729645501,100,100,0,476,1.4506733488728378,100,dspar,0.05,0.05067,0.05,ok,6243,0.36981213276215796,0.8674901299169319,0.8024006449670006,100,0.016852299546352714,0.2849808959872462,0.05257427318492673,0.1441316402052535,0.023220945277572104,100,0.018000000000000002,-0.002018408629817399,-0.0001562575145654687,0.03401133295847103,0.033301913004834205,0.06731324596330523,-0.3172378595772312,-0.7233584897116784,-0.7791796996894285,0.001147700453647288,4.233652558407287,8.557493257095397
B,dcsbm,metis,0,25,1,1,0,24.635,0.5976,ok,1.765,10000,123216,24.6432,100,0.6000681729645501,100,100,0,476,1.4506733488728378,100,random,0.5,0.5,0.5,ok,61608,0.36981213276215796,0.8674901299169319,0.8024006449670006,100,0.016852299546352714,0.2849808959872462,0.34554218713912954,0.7195956349901864,0.6073503287920343,100,0.015556349186104046,-0.0005943345515557056,-7.994992201903166e-05,0.001630775979720056,0.22495670401258394,0.226587479992304,-0.02426994562302842,-0.14789449492674545,-0.19505031617496627,-0.0012959503602486683,1.2577080428138638,1.2668255308866214
B,dcsbm,metis,0,25,1,1,0,24.635,0.5976,ok,1.765,10000,123216,24.6432,100,0.6000681729645501,100,100,0,476,1.4506733488728378,100,random,0.2,0.2,0.2,ok,24643,0.36981213276215796,0.8674901299169319,0.8024006449670006,100,0.016852299546352714,0.2849808959872462,0.1433018177159256,0.27563916509631664,0.11502926963962419,100,0.016733200530681513,-0.0010420155725381496,-9.665313522773478e-05,0.0018988769734278321,0.14248045504791662,0.14437933202134445,-0.22651031504623237,-0.5918509648206152,-0.6873713753273764,-0.00011909901567120143,1.9738344262814276,2.0001402711088074
B,dcsbm,metis,0,25,1,1,0,24.635,0.5976,ok,1.765,10000,123216,24.6432,100,0.6000681729645501,100,100,0,476,1.4506733488728378,100,random,0.15,0.15,0.15,ok,18482,0.36981213276215796,0.8674901299169319,0.8024006449670006,100,0.016852299546352714,0.2849808959872462,0.10157735066443406,0.2057828183450469,0.05850088143344155,100,0.017320508075688773,-0.0016173632927252136,-0.00021926004028688625,0.0017955760122276843,0.11406233900925145,0.11585791502147913,-0.2682347820977239,-0.661707311571885,-0.743899763533559,0.00046820852933605883,2.4597447307282634,2.498466176150673
B,dcsbm,metis,0,25,1,1,0,24.635,0.5976,ok,1.765,10000,123216,24.6432,100,0.6000681729645501,100,100,0,476,1.4506733488728378,100,random,0.05,0.05,0.05,ok,6161,0.36981213276215796,0.8674901299169319,0.8024006449670006,100,0.016852299546352714,0.2849808959872462,0.046525503381481675,0.14090773543210217,0.022671797227526873,100,0.015684387141358124,-0.0008745876851969456,-7.590985500702606e-05,0.0018246129620820284,0.04181419999804348,0.043638812960125506,-0.3232866293806763,-0.7265823944848298,-0.7797288477394737,-0.00116791240499459,6.530445643598152,6.815409502049081
B,dcsbm,metis,0,25,2,1,0,24.635,0.5976,ok,1.765,10000,123180,24.636,100,0.601988959246631,100,100,0,450,1.5136320487189854,100,lspar,0.5,0.50145,0.71875,ok,61768,0.37274132196078674,0.8887338489139998,0.8359005778323848,100,0.016186414056238645,0.27887677401304245,0.38040811072340397,0.8996002255318032,0.853462058567497,100,0.014832396974191326,0.0004498476238264026,2.228037744130974e-05,0.21579285600455478,0.1321572940214537,0.3479501500260085,0.007666788762617227,0.01086637661780343,0.01756148073511221,-0.0013540170820473194,0.8014848506091952,2.1101882879636675
B,dcsbm,metis,0,25,2,1,0,24.635,0.5976,ok,1.765,10000,123180,24.636,100,0.601988959246631,100,100,0,450,1.5136320487189854,100,lspar,0.2,0.19676,0.328125,ok,24237,0.37274132196078674,0.8887338489139998,0.8359005778323848,100,0.016186414056238645,0.27887677401304245,0.3842883520608196,0.9046499159863214,0.862920818904145,100,0.015556349186104046,-0.0011331497026670731,-7.994992201903166e-05,0.2149725979543291,0.0661674439907074,0.2811400419450365,0.011547030100032885,0.015916067072321627,0.027020241071760154,-0.0006300648701345994,0.9919496777608202,4.2147128133317056
B,dcsbm,metis,0,25,2,1,0,24.635,0.5976,ok,1.765,10000,123180,24.636,100,0.601988959246631,100,100,0,450,1.5136320487189854,100,lspar,0.15,0.14965,0.21875,ok,18434,0.37274132196078674,0.8887338489139998,0.8359005778323848,100,0.016186414056238645,0.27887677401304245,0.37424265129478246,0.8736406110090283,0.8095627383627647,100,0.019849433241279208,0.00017989051218284398,6.948126168639728e-05,0.2125155189423822,0.05433043104130775,0.26684594998368993,0.0015013293339957157,-0.015093237904971413,-0.026337839469620095,0.0036630191850405627,1.0450852787163825,5.132975547368854
B,dcsbm,metis,0,25,2,1,0,24.635,0.5976,ok,1.765,10000,123180,24.636,100,0.601988959246631,100,100,0,450,1.5136320487189854,100,lspar,0.05,0.06905,0.0,floor,8506,0.37274132196078674,0.8887338489139998,0.8359005778323848,100,0.016186414056238645,0.27887677401304245,0.12611356499191306,0.4599891677735374,0.15417649095786454,100,0.013038404810405297,0.0009219971599998741,4.423866395598798e-06,0.2025074369739741,0.008721660997252911,0.21122909797122702,-0.24662775696887368,-0.4287446811404624,-0.6817240868745202,-0.0031480092458333487,1.32025737311547,31.975190746450835
B,dcsbm,metis,0,25,2,1,0,24.635,0.5976,ok,1.765,10000,123180,24.636,100,0.601988959246631,100,100,0,450,1.5136320487189854,100,dspar,0.5,0.50027,0.5,ok,61623,0.37274132196078674,0.8887338489139998,0.8359005778323848,100,0.016186414056238645,0.27887677401304245,0.36906121754271654,0.8851911721288608,0.8280386925450549,100,0.014560219778561036,0.0006808290572762745,3.664258053292816e-05,0.036067990004085004,0.23864049394614995,0.27470848395023495,-0.003680104418070207,-0.003542676785138976,-0.007861885287329895,-0.0016261942776776093,1.0151735032091787,1.1686062553825083
B,dcsbm,metis,0,25,2,1,0,24.635,0.5976,ok,1.765,10000,123180,24.636,100,0.601988959246631,100,100,0,450,1.5136320487189854,100,dspar,0.2,0.20079,0.2,ok,24733,0.37274132196078674,0.8887338489139998,0.8359005778323848,100,0.016186414056238645,0.27887677401304245,0.12096756351632236,0.25301063645917893,0.08356331307701727,100,0.01624807680927192,-0.00143570725656458,-0.00016993716425391445,0.03472049598349258,0.15429164801025763,0.18901214399375021,-0.25177375844446437,-0.6357232124548209,-0.7523372647553676,6.166275303327515e-05,1.475443683778666,1.8074651324905295
B,dcsbm,metis,0,25,2,1,0,24.635,0.5976,ok,1.765,10000,123180,24.636,100,0.601988959246631,100,100,0,450,1.5136320487189854,100,dspar,0.15,0.14993,0.15,ok,18468,0.37274132196078674,0.8887338489139998,0.8359005778323848,100,0.016186414056238645,0.27887677401304245,0.0997149305381731,0.19288959691367205,0.04773235866700436,100,0.016309506430300092,0.00019235111578362138,2.5895545791399643e-05,0.034555290010757744,0.11902420496335253,0.15357949497411028,-0.27302639142261365,-0.6958442520003277,-0.7881682191653805,0.00012309237406144674,1.8158464061888875,2.343025724044184
B,dcsbm,metis,0,25,2,1,0,24.635,0.5976,ok,1.765,10000,123180,24.636,100,0.601988959246631,100,100,0,450,1.5136320487189854,100,dspar,0.05,0.04949,0.05,ok,6096,0.37274132196078674,0.8887338489139998,0.8359005778323848,100,0.016186414056238645,0.27887677401304245,0.052477187084080605,0.14452161607072384,0.022755379004104223,100,0.01854723699099141,0.002409577753646255,0.0002209518952639136,0.03489713300950825,0.032302737003192306,0.06719987001270056,-0.32026413487670613,-0.7442122328432759,-0.8131451988282806,0.0023608229347527633,4.149960021653846,8.633224298779467
B,dcsbm,metis,0,25,2,1,0,24.635,0.5976,ok,1.765,10000,123180,24.636,100,0.601988959246631,100,100,0,450,1.5136320487189854,100,random,0.5,0.5,0.5,ok,61590,0.37274132196078674,0.8887338489139998,0.8359005778323848,100,0.016186414056238645,0.27887677401304245,0.3493056150679399,0.7417311003834289,0.6359171782473552,100,0.018601075237738275,-0.0007257690430614377,-3.203486200927644e-05,0.0021868960466235876,0.22466902999440208,0.22685592604102567,-0.023435706892846853,-0.14700274853057083,-0.19998339958502964,0.00241466118149963,1.229312272682747,1.2412782216578362
B,dcsbm,metis,0,25,2,1,0,24.635,0.5976,ok,1.765,10000,123180,24.636,100,0.601988959246631,100,100,0,450,1.5136320487189854,100,random,0.2,0.2,0.2,ok,24636,0.37274132196078674,0.8887338489139998,0.8359005778323848,100,0.016186414056238645,0.27887677401304245,0.14803226509064696,0.28914046266557547,0.1260521685636643,100,0.017492855684535902,-0.002263816838894776,-0.00019891906033326395,0.0015002380241639912,0.13742148398887366,0.13892172201303765,-0.22470905687013978,-0.5995933862484243,-0.7098484092687205,0.0013064416282972564,2.007438217522744,2.0293535327825576
B,dcsbm,metis,0,25,2,1,0,24.635,0.5976,ok,1.765,10000,123180,24.636,100,0.601988959246631,100,100,0,450,1.5136320487189854,100,random,0.15,0.15,0.15,ok,18477,0.37274132196078674,0.8887338489139998,0.8359005778323848,100,0.016186414056238645,0.27887677401304245,0.09277868183218847,0.18794793336819,0.04862538624478191,100,0.016792855623746664,0.0001592177217378523,-2.118893155257028e-05,0.001371390011627227,0.11398290400393307,0.1153542940155603,-0.2799626401285983,-0.7007859155458098,-0.7872751915876028,0.000606441567508019,2.4175673423602624,2.4466544035710793
B,dcsbm,metis,0,25,2,1,0,24.635,0.5976,ok,1.765,10000,123180,24.636,100,0.601988959246631,100,100,0,450,1.5136320487189854,100,random,0.05,0.05,0.05,ok,6159,0.37274132196078674,0.8887338489139998,0.8359005778323848,100,0.016186414056238645,0.27887677401304245,0.045956178592882584,0.13468429575742097,0.020697946804882978,100,0.017204650534085254,-0.0015354683438794049,-0.0002253403869964619,0.001759379985742271,0.042232142004650086,0.04399152199039236,-0.32678514336790415,-0.7540495531565787,-0.8152026310275018,0.0010182364778466083,6.3393299753063435,6.603424803372179
B,dcsbm,metis,0,25,3,1,0,24.635,0.5976,ok,1.765,10000,122608,24.5216,100,0.5985498499282266,100,100,0,425,1.4895059837312994,100,lspar,0.5,0.50289,0.71875,ok,61658,0.37886053006881526,0.9041805890434985,0.8577239452610906,100,0.015748015748023623,0.2749048850382678,0.3791510753604545,0.8847081795833661,0.8287046879925284,100,0.016792855623746664,0.0008181762509535108,7.265642211114899e-05,0.2085424470133148,0.14204319700365886,0.3505856440169737,0.0002905452916392437,-0.0194724094601324,-0.02901925726856225,0.0010448398757230415,0.7841304677751102,1.9353611495465468
B,dcsbm,metis,0,25,3,1,0,24.635,0.5976,ok,1.765,10000,122608,24.5216,100,0.5985498499282266,100,100,0,425,1.4895059837312994,100,lspar,0.2,0.19854,0.328125,ok,24342,0.37886053006881526,0.9041805890434985,0.8577239452610906,100,0.015748015748023623,0.2749048850382678,0.3880697719874979,0.911294904837863,0.8723880407078424,100,0.015491933384829668,0.00043556769779562026,5.676086546382111e-05,0.20447070704540238,0.06088064098730683,0.2653513480327092,0.009209241918682665,0.007114315794364501,0.014664095446751735,-0.0002560823631939553,1.0360033483017428,4.515472908630898
B,dcsbm,metis,0,25,3,1,0,24.635,0.5976,ok,1.765,10000,122608,24.5216,100,0.5985498499282266,100,100,0,425,1.4895059837312994,100,lspar,0.15,0.15019,0.21875,ok,18414,0.37886053006881526,0.9041805890434985,0.8577239452610906,100,0.015748015748023623,0.2749048850382678,0.381697371124825,0.8827625232719163,0.8282725673701381,100,0.018275666882497064,-0.001161920410201608,-9.923595284839957e-05,0.20313634997000918,0.054106857045553625,0.2572432070155628,0.0028368410560097312,-0.02141806577158223,-0.029451377890952535,0.0025276511344734416,1.0686575098623945,5.08077718886573
B,dcsbm,metis,0,25,3,1,0,24.635,0.5976,ok,1.765,10000,122608,24.5216,100,0.5985498499282266,100,100,0,425,1.4895059837312994,100,lspar,0.05,0.06926,0.0,floor,8492,0.37886053006881526,0.9041805890434985,0.8577239452610906,100,0.015748015748023623,0.2749048850382678,0.12307873297027994,0.45785963455669304,0.1509001971132523,100,0.014628738838327795,-0.0006829298510609552,-0.0001449541868717017,0.19306457100901753,0.009148719953373075,0.2022132909623906,-0.2557817970985353,-0.4463209544868055,-0.7068237481478383,-0.001119276909695828,1.3594798033794773,30.04845338357003
B,dcsbm,metis,0,25,3,1,0,24.635,0.5976,ok,1.765,10000,122608,24.5216,100,0.5985498499282266,100,100,0,425,1.4895059837312994,100,dspar,0.5,0.4994,0.5,ok,61231,0.37886053006881526,0.9041805890434985,0.8577239452610906,100,0.015748015748023623,0.2749048850382678,0.3690158403441059,0.8796209710109372,0.8164886763470349,100,0.016186414056238645,-0.0022409477313463095,-0.00025560287965912826,0.03325098200002685,0.24294345499947667,0.2761944369995035,-0.009844689724709366,-0.024559618032561348,-0.04123526891405571,0.0004383983082150225,0.9953309995116302,1.1315591318928926
B,dcsbm,metis,0,25,3,1,0,24.635,0.5976,ok,1.765,10000,122608,24.5216,100,0.5985498499282266,100,100,0,425,1.4895059837312994,100,dspar,0.2,0.19962,0.2,ok,24475,0.37886053006881526,0.9041805890434985,0.8577239452610906,100,0.015748015748023623,0.2749048850382678,0.12679509470095648,0.2605019386236204,0.09174149085278151,100,0.0142828568570857,0.002015089470109198,0.00021626076968432048,0.03336201998172328,0.1498891600058414,0.18325117998756468,-0.25206543536785875,-0.6436786504198782,-0.7659824544083091,-0.0014651588909379235,1.5001534236064549,1.8340544775056074
B,dcsbm,metis,0,25,3,1,0,24.635,0.5976,ok,1.765,10000,122608,24.5216,100,0.5985498499282266,100,100,0,425,1.4895059837312994,100,dspar,0.15,0.14975,0.15,ok,18361,0.37886053006881526,0.9041805890434985,0.8577239452610906,100,0.015748015748023623,0.2749048850382678,0.09713086290267123,0.188256169691201,0.04293415593346602,100,0.0161245154965971,-0.00035365804414922423,-2.7087387730504126e-05,0.033757174969650805,0.11878619197523221,0.15254336694488302,-0.281729667166144,-0.7159244193522976,-0.8147897893276246,0.0003764997485734764,1.802142502450444,2.3142831710236784
B,dcsbm,metis,0,25,3,1,0,24.635,0.5976,ok,1.765,10000,122608,24.5216,100,0.5985498499282266,100,100,0,425,1.4895059837312994,100,dspar,0.05,0.0499,0.05,ok,6118,0.37886053006881526,0.9041805890434985,0.8577239452610906,100,0.015748015748023623,0.2749048850382678,0.05247337329400848,0.14071380383645182,0.022469822070471192,100,0.015684387141358124,-0.00010860628082670782,-7.590985500702606e-05,0.03279244003351778,0.03422189998673275,0.06701434002025053,-0.3263871567748068,-0.7634667852070467,-0.8352541231906194,-6.362860666549869e-05,4.102179995433761,8.03301059102048
B,dcsbm,metis,0,25,3,1,0,24.635,0.5976,ok,1.765,10000,122608,24.5216,100,0.5985498499282266,100,100,0,425,1.4895059837312994,100,random,0.5,0.5,0.5,ok,61304,0.37886053006881526,0.9041805890434985,0.8577239452610906,100,0.015748015748023623,0.2749048850382678,0.34456658267041546,0.7280222146960353,0.61612052226076,100,0.018601075237738275,0.0018134836023449715,0.00016585009581221238,0.002201025024987757,0.22008530498715118,0.22228633001213893,-0.034293947398399804,-0.17615837434746318,-0.24160342300033066,0.0028530594897146523,1.2367152088176336,1.249083327277653
B,dcsbm,metis,0,25,3,1,0,24.635,0.5976,ok,1.765,10000,122608,24.5216,100,0.5985498499282266,100,100,0,425,1.4895059837312994,100,random,0.2,0.2,0.2,ok,24522,0.37886053006881526,0.9041805890434985,0.8577239452610906,100,0.015748015748023623,0.2749048850382678,0.14599333544209492,0.2793801822358919,0.11641736976942059,100,0.016370705543744903,-0.0010072896009300678,-0.0001495759164231589,0.0018846929888240993,0.1381351900054142,0.1400198829942383,-0.23286719462672034,-0.6248004068076066,-0.74130657549167,0.0006226897957212797,1.9633274872082271,1.9901147928163199
B,dcsbm,metis,0,25,3,1,0,24.635,0.5976,ok,1.765,10000,122608,24.5216,100,0.5985498499282266,100,100,0,425,1.4895059837312994,100,random,0.15,0.15,0.15,ok,18391,0.37886053006881526,0.9041805890434985,0.8577239452610906,100,0.015748015748023623,0.2749048850382678,0.09848780441039898,0.1985103546271212,0.0547391484739003,100,0.015491933384829668,-0.0011134408284552823,-0.00013093378289554748,0.0020912829786539078,0.11042076698504388,0.11251204996369779,-0.2803727256584163,-0.7056702344163773,-0.8029847967871904,-0.0002560823631939553,2.4433372703365226,2.4896121675690113
B,dcsbm,metis,0,25,3,1,0,24.635,0.5976,ok,1.765,10000,122608,24.5216,100,0.5985498499282266,100,100,0,425,1.4895059837312994,100,random,0.05,0.05,0.05,ok,6130,0.37886053006881526,0.9041805890434985,0.8577239452610906,100,0.015748015748023623,0.2749048850382678,0.04703564442979631,0.14022503578006712,0.022044329714179238,100,0.017320508075688773,0.001202079706778919,0.00017243878064754933,0.0017923909472301602,0.04360150499269366,0.04539389593992382,-0.33182488563901896,-0.7639555532634315,-0.8356796155469114,0.0015724923276651502,6.055987910843529,6.304940278651708
B,dcsbm,metis,0,50,1,1,0,49.423,0.61286,ok,1.367,10000,245480,49.096,100,0.6153576666123514,100,100,4,818,1.3585811048759673,100,lspar,0.5,0.50432,0.796875,ok,123800,0.3606211586567097,0.9592453380416752,0.9328293948227275,100,0.015099668870541498,0.41602176695596427,0.3629514544174249,0.9604541065360098,0.9351165567824435,100,0.015231546211727816,-0.0017522918315162708,-0.0001573756838146169,0.6313127059838735,0.1888181259855628,0.8201308319694363,0.0023302957607151953,0.0012087684943346,0.002287161959716011,0.00013187734118631778,0.5072626838780622,2.2032935915685004
B,dcsbm,metis,0,50,1,1,0,49.423,0.61286,ok,1.367,10000,245480,49.096,100,0.6153576666123514,100,100,4,818,1.3585811048759673,100,lspar,0.2,0.20256,0.5,ok,49725,0.3606211586567097,0.9592453380416752,0.9328293948227275,100,0.015099668870541498,0.41602176695596427,0.35860006050504445,0.987812265535635,0.9819089675639431,100,0.011661903789690602,-0.0006238144057558766,-8.092379011156534e-05,0.60084943898255,0.06798027799231932,0.6688297169748694,-0.002021098151665235,0.028566927493959726,0.04907957274121555,-0.003437765080850896,0.6220144775229774,6.119742067000198
B,dcsbm,metis,0,50,1,1,0,49.423,0.61286,ok,1.367,10000,245480,49.096,100,0.6153576666123514,100,100,4,818,1.3585811048759673,100,lspar,0.15,0.15088,0.40625,ok,37038,0.3606211586567097,0.9592453380416752,0.9328293948227275,100,0.015099668870541498,0.41602176695596427,0.36279496944980355,0.9899782229450335,0.9842480844805693,100,0.01140175425099138,0.0003099009281339132,4.767366888828994e-05,0.6135932460310869,0.055610197014175355,0.6692034430452622,0.0021738107930938666,0.030732884903358237,0.0514186896578418,-0.003697914619550118,0.6216671047937603,7.481033862367327
B,dcsbm,metis,0,50,1,1,0,49.423,0.61286,ok,1.367,10000,245480,49.096,100,0.6153576666123514,100,100,4,818,1.3585811048759673,100,lspar,0.05,0.03475,0.0,ok,8530,0.3606211586567097,0.9592453380416752,0.9328293948227275,100,0.015099668870541498,0.41602176695596427,0.08990895664097343,0.5043358505100508,0.16502532612966564,100,0.013490737563232042,-0.001076440275392393,-3.446151046719395e-05,0.714109864027705,0.010147243039682508,0.7242571070673876,-0.27071220201573626,-0.4549094875316244,-0.7678040686930618,-0.0016089313073094566,0.5744117149785264,40.99850228569878
B,dcsbm,metis,0,50,1,1,0,49.423,0.61286,ok,1.367,10000,245480,49.096,100,0.6153576666123514,100,100,4,818,1.3585811048759673,100,dspar,0.5,0.50052,0.5,ok,122867,0.3606211586567097,0.9592453380416752,0.9328293948227275,100,0.015099668870541498,0.41602176695596427,0.3566775399599537,0.9589101133593619,0.9295482721338193,100,0.015556349186104046,-0.0015787011156056347,-0.00013299400873504407,0.08698835497489199,0.28820459003327414,0.37519294500816613,-0.003943618696755968,-0.0003352246823132843,-0.0032811226889082334,0.00045668031556254755,1.1088208680120824,1.4434945914911808
B,dcsbm,metis,0,50,1,1,0,49.423,0.61286,ok,1.367,10000,245480,49.096,100,0.6153576666123514,100,100,4,818,1.3585811048759673,100,dspar,0.2,0.19947,0.2,ok,48965,0.3606211586567097,0.9592453380416752,0.9328293948227275,100,0.015099668870541498,0.41602176695596427,0.3004126551757917,0.7936290822725391,0.6882677797277009,100,0.016911534525287764,-0.00010962734170021234,3.793396938177235e-05,0.08503805397776887,0.2393414819962345,0.3243795359740034,-0.060208503480917996,-0.16561625576913608,-0.2445616150950266,0.0018118656547462652,1.2825154512499992,1.738193327316781
B,dcsbm,metis,0,50,1,1,0,49.423,0.61286,ok,1.367,10000,245480,49.096,100,0.6153576666123514,100,100,4,818,1.3585811048759673,100,dspar,0.15,0.14972,0.15,ok,36754,0.3606211586567097,0.9592453380416752,0.9328293948227275,100,0.015099668870541498,0.41602176695596427,0.1809972250463713,0.5237461748984827,0.3411525322142674,100,0.015937377450509226,0.0006391563571432513,8.314095625007139e-05,0.08551082102349028,0.18989010801305994,0.2754009290365502,-0.17962393361033838,-0.4354991631431925,-0.5916768626084601,0.0008377085799677279,1.5106040797006584,2.1908553916213047
B,dcsbm,metis,0,50,1,1,0,49.423,0.61286,ok,1.367,10000,245480,49.096,100,0.6153576666123514,100,100,4,818,1.3585811048759673,100,dspar,0.05,0.04976,0.05,ok,12215,0.3606211586567097,0.9592453380416752,0.9328293948227275,100,0.015099668870541498,0.41602176695596427,0.041442784276894226,0.15082131768328788,0.02610240876968735,100,0.016911534525287764,-0.0037073508078853358,-0.00030684501005245136,0.0847612329525873,0.07716747402446344,0.16192870697705075,-0.31917837437981544,-0.8084240203583873,-0.9067269860530401,0.0018118656547462652,2.5691662381700158,5.391154397824115
B,dcsbm,metis,0,50,1,1,0,49.423,0.61286,ok,1.367,10000,245480,49.096,100,0.6153576666123514,100,100,4,818,1.3585811048759673,100,random,0.5,0.5,0.5,ok,122740,0.3606211586567097,0.9592453380416752,0.9328293948227275,100,0.015099668870541498,0.41602176695596427,0.338004244498393,0.8785488212893586,0.8137155804030108,100,0.016673332000533066,-0.00039242350849855943,7.413110991713566e-06,0.004483939032070339,0.30186758004128933,0.30635151907335967,-0.02261691415831668,-0.0806965167523166,-0.11911381441971669,0.0015736631299915673,1.3579882620276569,1.37815981066619
B,dcsbm,metis,0,50,1,1,0,49.423,0.61286,ok,1.367,10000,245480,49.096,100,0.6153576666123514,100,100,4,818,1.3585811048759673,100,random,0.2,0.2,0.2,ok,49096,0.3606211586567097,0.9592453380416752,0.9328293948227275,100,0.015099668870541498,0.41602176695596427,0.28414962902422297,0.6854484801297916,0.5582414002420442,100,0.015362291495737217,-0.0019397372786273518,-0.00022066083070884505,0.0039032110362313688,0.2217620870214887,0.22566529805772007,-0.07647152963248671,-0.2737968579118836,-0.37458799458068337,0.00026262262519571866,1.8435345200907023,1.8759823761743901
B,dcsbm,metis,0,50,1,1,0,49.423,0.61286,ok,1.367,10000,245480,49.096,100,0.6153576666123514,100,100,4,818,1.3585811048759673,100,random,0.15,0.15,0.15,ok,36822,0.3606211586567097,0.9592453380416752,0.9328293948227275,100,0.015099668870541498,0.41602176695596427,0.17789927584055212,0.45771090541463283,0.2860448490431553,100,0.01661324772583615,0.0010557736637682167,9.923883029394468e-05,0.0037544259685091674,0.18626627803314477,0.19002070400165394,-0.18272188281615756,-0.5015344326270423,-0.6467845457795722,0.0015135788552946509,2.1893496771401457,2.2334787131030565
B,dcsbm,metis,0,50,1,1,0,49.423,0.61286,ok,1.367,10000,245480,49.096,100,0.6153576666123514,100,100,4,818,1.3585811048759673,100,random,0.05,0.05,0.05,ok,12274,0.3606211586567097,0.9592453380416752,0.9328293948227275,100,0.015099668870541498,0.41602176695596427,0.03812787226624259,0.14384330742133747,0.02532126519836769,100,0.019131126469708992,0.0003457915219270088,8.404522578428753e-05,0.0035399749758653343,0.07891085097799078,0.08245082595385611,-0.3224932863904671,-0.8154020306203378,-0.9075081296243599,0.004031457599167494,5.045695566334197,5.272047656310257
B,dcsbm,metis,0,50,2,1,0,49.423,0.61286,ok,1.367,10000,245996,49.1992,100,0.6128189076245142,100,100,4,858,1.4098021006619958,100,lspar,0.5,0.49857,0.792969,ok,122645,0.3557376381366921,0.9371699402327572,0.8988031963619186,100,0.01624807680927192,0.39321364799980074,0.3699594802339504,0.9778511677299736,0.9635661080356611,100,0.01414213562373095,-0.0014619313546261757,-6.7286200672862e-05,0.6758469049818814,0.17563510296167806,0.8514820079435594,0.014221842097258297,0.040681227497216366,0.06476291167374248,-0.00210594118554097,0.46179912708838466,2.2388101317399878
B,dcsbm,metis,0,50,2,1,0,49.423,0.61286,ok,1.367,10000,245996,49.1992,100,0.6128189076245142,100,100,4,858,1.4098021006619958,100,lspar,0.2,0.19983,0.5,ok,49157,0.3557376381366921,0.9371699402327572,0.8988031963619186,100,0.01624807680927192,0.39321364799980074,0.3515284252233523,0.9818704869564189,0.9727172888272584,100,0.013784048752090222,0.0009732619832629499,4.910644599874123e-05,0.6324493179563433,0.07040132296970114,0.7028506409260444,-0.00420921291333981,0.04470054672366164,0.07391409246533975,-0.0024640280571816987,0.5594554875580964,5.585316176075689
B,dcsbm,metis,0,50,2,1,0,49.423,0.61286,ok,1.367,10000,245996,49.1992,100,0.6128189076245142,100,100,4,858,1.4098021006619958,100,lspar,0.15,0.14887,0.40625,ok,36621,0.3557376381366921,0.9371699402327572,0.8988031963619186,100,0.01624807680927192,0.39321364799980074,0.36147353719078623,0.9876311882284272,0.9803320391514513,100,0.012489995996796796,0.0024042804184121616,0.00014738244356334146,0.6446443219901994,0.05626295000547543,0.7009072719956748,0.005735899054094107,0.05046124799566998,0.08152884278953265,-0.003758080812475124,0.5610066605247422,6.988855862721982
B,dcsbm,metis,0,50,2,1,0,49.423,0.61286,ok,1.367,10000,245996,49.1992,100,0.6128189076245142,100,100,4,858,1.4098021006619958,100,lspar,0.05,0.06565,0.0625,ok,16149,0.3557376381366921,0.9371699402327572,0.8988031963619186,100,0.01624807680927192,0.39321364799980074,0.3698014437888254,0.9911729096387196,0.9863049245700486,100,0.012884098726725126,0.0008706785003400493,8.199319456485111e-05,0.7442416059784591,0.03075557400006801,0.7749971799785271,0.014063805652133277,0.05400296940596239,0.08750172820812996,-0.003363978082546794,0.5073742952338168,12.785118170739757
B,dcsbm,metis,0,50,2,1,0,49.423,0.61286,ok,1.367,10000,245996,49.1992,100,0.6128189076245142,100,100,4,858,1.4098021006619958,100,dspar,0.5,0.49936,0.5,ok,122840,0.3557376381366921,0.9371699402327572,0.8988031963619186,100,0.01624807680927192,0.39321364799980074,0.3771477159787608,0.9995837327225364,0.9993909412211157,100,0.002449489742783178,0.00033712061359697184,4.0403919192282825e-06,0.08953013201244175,0.28065632499055937,0.3701864570030011,0.021410077842068664,0.062413792489779185,0.10058774485919708,-0.013798587066488743,1.0622043042396143,1.4010503701031058
B,dcsbm,metis,0,50,2,1,0,49.423,0.61286,ok,1.367,10000,245996,49.1992,100,0.6128189076245142,100,100,4,858,1.4098021006619958,100,dspar,0.2,0.19809,0.2,ok,48729,0.3557376381366921,0.9371699402327572,0.8988031963619186,100,0.01624807680927192,0.39321364799980074,0.3134904220641615,0.8191784103458685,0.7266424922733039,100,0.016733200530681513,-0.0002688920700925741,-1.0968161427097176e-05,0.08829568600049242,0.2220902339904569,0.31038591999094933,-0.042247216072530624,-0.11799152988688877,-0.17216070408861472,0.0004851237214095923,1.2668540119708607,1.7705130069640833
B,dcsbm,metis,0,50,2,1,0,49.423,0.61286,ok,1.367,10000,245996,49.1992,100,0.6128189076245142,100,100,4,858,1.4098021006619958,100,dspar,0.15,0.14855,0.15,ok,36543,0.3557376381366921,0.9371699402327572,0.8988031963619186,100,0.01624807680927192,0.39321364799980074,0.20130514989943354,0.5810536724646225,0.4022377790810505,100,0.015748015748023623,0.0010457555775341592,0.0001280851275451945,0.08792733598966151,0.20175107504474,0.2896784110344015,-0.15443248823725858,-0.35611626776813476,-0.4965654172808681,-0.0005000610612482977,1.3574144051525594,1.949003978851673
B,dcsbm,metis,0,50,2,1,0,49.423,0.61286,ok,1.367,10000,245996,49.1992,100,0.6128189076245142,100,100,4,858,1.4098021006619958,100,dspar,0.05,0.05005,0.05,ok,12312,0.3557376381366921,0.9371699402327572,0.8988031963619186,100,0.01624807680927192,0.39321364799980074,0.04320085736162455,0.15876674111851619,0.028974125178869225,100,0.015297058540778355,-0.0023672244878890233,-0.00017983754486583655,0.08811771596083418,0.08025824703508988,0.16837596299592406,-0.3125367807750676,-0.778403199114241,-0.8698290711830494,-0.0009510182684935656,2.335331249207581,4.89935505105018
B,dcsbm,metis,0,50,2,1,0,49.423,0.61286,ok,1.367,10000,245996,49.1992,100,0.6128189076245142,100,100,4,858,1.4098021006619958,100,random,0.5,0.5,0.5,ok,122998,0.3557376381366921,0.9371699402327572,0.8988031963619186,100,0.01624807680927192,0.39321364799980074,0.35291397055402585,0.9176498257707439,0.8720838136905726,100,0.017320508075688773,-0.0013635293553402599,-0.00011521504097617681,0.004672052979003638,0.29777236201334745,0.3024444149923511,-0.0028236675826662783,-0.019520114462013294,-0.026719382671345993,0.0010724312664168525,1.3001187276337876,1.3205176106376697
B,dcsbm,metis,0,50,2,1,0,49.423,0.61286,ok,1.367,10000,245996,49.1992,100,0.6128189076245142,100,100,4,858,1.4098021006619958,100,random,0.2,0.2,0.2,ok,49199,0.3557376381366921,0.9371699402327572,0.8988031963619186,100,0.01624807680927192,0.39321364799980074,0.2746567074824147,0.6643983974328856,0.5297533965718388,100,0.01794435844492636,-0.0016849362164906851,-0.00015623747202962948,0.0039355490007437766,0.24511289602378383,0.2490484450245276,-0.0810809306542774,-0.2727715427998716,-0.3690497997900798,0.0016962816356544397,1.5788640959435623,1.6042144431341807
B,dcsbm,metis,0,50,2,1,0,49.423,0.61286,ok,1.367,10000,245996,49.1992,100,0.6128189076245142,100,100,4,858,1.4098021006619958,100,random,0.15,0.15,0.15,ok,36899,0.3557376381366921,0.9371699402327572,0.8988031963619186,100,0.01624807680927192,0.39321364799980074,0.1556892239061012,0.4247286658907235,0.23933342570414742,100,0.016792855623746664,0.0002448374305931404,-2.8278840966252043e-06,0.004000022017862648,0.1827280549914576,0.18672807700932026,-0.20004841423059092,-0.5124412743420337,-0.6594697706577712,0.0005447788144747438,2.1058089083205953,2.1519062741525
B,dcsbm,metis,0,50,2,1,0,49.423,0.61286,ok,1.367,10000,245996,49.1992,100,0.6128189076245142,100,100,4,858,1.4098021006619958,100,random,0.05,0.05,0.05,ok,12300,0.3557376381366921,0.9371699402327572,0.8988031963619186,100,0.01624807680927192,0.39321364799980074,0.03702411994969387,0.13895969804517033,0.023799121978082385,100,0.016911534525287764,-0.0031785066572021835,-0.00033744669461761916,0.0035192379727959633,0.07725596497766674,0.0807752029504627,-0.3187135181869982,-0.798210242187587,-0.8750040743838362,0.0006634577160158431,4.867999505255942,5.0897512976955435
B,dcsbm,metis,0,50,3,1,0,49.423,0.61286,ok,1.367,10000,245316,49.0632,100,0.6168003717653965,100,100,4,806,1.3940361747451309,100,lspar,0.5,0.49973,0.792969,ok,122592,0.3557591561113104,0.9528521146385128,0.9223016439477062,100,0.014696938456699069,0.39620272896718234,0.3682414346462753,0.9838171803852672,0.9736744041559924,100,0.011489125293076058,0.0008350433563953806,7.009638373968329e-05,0.6468444479978643,0.1801711290027015,0.8270155770005658,0.012482278534964864,0.030965065746754394,0.05137276020828618,-0.0032078131636230113,0.47907529191183695,2.1990356121997863
B,dcsbm,metis,0,50,3,1,0,49.423,0.61286,ok,1.367,10000,245316,49.0632,100,0.6168003717653965,100,100,4,806,1.3940361747451309,100,lspar,0.2,0.20133,0.5,ok,49390,0.3557591561113104,0.9528521146385128,0.9223016439477062,100,0.014696938456699069,0.39620272896718234,0.3443288409573581,0.9794819735065415,0.968857467707624,100,0.01649242250247064,3.82288893295427e-06,-3.5368927199638225e-05,0.6030747109907679,0.06958602101076394,0.6726607320015319,-0.01143031515395232,0.02662985886802871,0.04655582375991785,0.0017954840457715723,0.5890082624390212,5.693711512918601
B,dcsbm,metis,0,50,3,1,0,49.423,0.61286,ok,1.367,10000,245316,49.0632,100,0.6168003717653965,100,100,4,806,1.3940361747451309,100,lspar,0.15,0.15012,0.40625,ok,36828,0.3557591561113104,0.9528521146385128,0.9223016439477062,100,0.014696938456699069,0.39620272896718234,0.3544659177799628,0.9846555625515453,0.9744194605845674,100,0.012649110640673518,-0.0008466412286972393,-9.748715052290767e-05,0.6171913740108721,0.05569676897721365,0.6728881429880857,-0.0012932383313476459,0.03180344791303247,0.052117816636861214,-0.0020478278160255513,0.588809199710029,7.113567559534281
B,dcsbm,metis,0,50,3,1,0,49.423,0.61286,ok,1.367,10000,245316,49.0632,100,0.6168003717653965,100,100,4,806,1.3940361747451309,100,lspar,0.05,0.03444,0.0,ok,8448,0.3557591561113104,0.9528521146385128,0.9223016439477062,100,0.014696938456699069,0.39620272896718234,0.09136039275140348,0.5038987737644095,0.1704575313118587,100,0.013038404810405297,-0.0001331210485397368,-7.817517329208836e-06,0.7178217949694954,0.010131547984201461,0.7279533429536968,-0.264398763359907,-0.4489533408741033,-0.7518441126358475,-0.0016585336462937722,0.5442693996837428,39.10584340961495
B,dcsbm,metis,0,50,3,1,0,49.423,0.61286,ok,1.367,10000,245316,49.0632,100,0.6168003717653965,100,100,4,806,1.3940361747451309,100,dspar,0.5,0.50081,0.5,ok,122857,0.3557591561113104,0.9528521146385128,0.9223016439477062,100,0.014696938456699069,0.39620272896718234,0.35764418770608214,0.9641109773096312,0.9389100464537222,100,0.013856406460551019,0.00181243722084108,0.00018782035308448773,0.0869238130399026,0.28770431596785784,0.37462812900776044,0.0018850315947717133,0.01125886267111842,0.01660840250601603,-0.0008405319961480497,1.0575893754069252,1.3771177802262997
B,dcsbm,metis,0,50,3,1,0,49.423,0.61286,ok,1.367,10000,245316,49.0632,100,0.6168003717653965,100,100,4,806,1.3940361747451309,100,dspar,0.2,0.20072,0.2,ok,49239,0.3557591561113104,0.9528521146385128,0.9223016439477062,100,0.014696938456699069,0.39620272896718234,0.2992634479960255,0.8041669174602029,0.700680653414027,100,0.017663521732655695,-0.0016638767433514144,-0.00011941571458286851,0.08434195898007601,0.22759529104223475,0.31193725002231076,-0.056495708115284926,-0.14868519717830997,-0.22162099053367923,0.0029665832759566257,1.2701359935014,1.7408212935902052
B,dcsbm,metis,0,50,3,1,0,49.423,0.61286,ok,1.367,10000,245316,49.0632,100,0.6168003717653965,100,100,4,806,1.3940361747451309,100,dspar,0.15,0.15009,0.15,ok,36820,0.3557591561113104,0.9528521146385128,0.9223016439477062,100,0.014696938456699069,0.39620272896718234,0.18798743952835764,0.5443252338625997,0.36368742642870155,100,0.01760681686165901,0.0013409434916577525,0.0001764170997939764,0.0840362019953318,0.20059014699654654,0.28462634899187833,-0.16777171658295278,-0.40852688077591315,-0.5586142175190046,0.00290987840495994,1.3920100172401388,1.9751853961899912
B,dcsbm,metis,0,50,3,1,0,49.423,0.61286,ok,1.367,10000,245316,49.0632,100,0.6168003717653965,100,100,4,806,1.3940361747451309,100,dspar,0.05,0.04983,0.05,ok,12225,0.3557591561113104,0.9528521146385128,0.9223016439477062,100,0.014696938456699069,0.39620272896718234,0.04328747838122467,0.15493224652761634,0.027952549891302955,100,0.017204650534085254,-0.0012717831297458261,-9.069364804715972e-05,0.0852474810089916,0.07391235796967521,0.1591598389786668,-0.3124716777300858,-0.7979198681108965,-0.8943490940564033,0.0025077120773861847,2.489338588865297,5.360439578043722
B,dcsbm,metis,0,50,3,1,0,49.423,0.61286,ok,1.367,10000,245316,49.0632,100,0.6168003717653965,100,100,4,806,1.3940361747451309,100,random,0.5,0.5,0.5,ok,122658,0.3557591561113104,0.9528521146385128,0.9223016439477062,100,0.014696938456699069,0.39620272896718234,0.34507886983089997,0.8999502805720526,0.8494139771971708,100,0.01760681686165901,-0.000608670936135137,6.013209366689577e-05,0.004448444989975542,0.2842114139930345,0.28865985898301005,-0.010680286280410456,-0.05290183406646021,-0.07288766675053537,0.00290987840495994,1.372559144049544,1.3940422849340335
B,dcsbm,metis,0,50,3,1,0,49.423,0.61286,ok,1.367,10000,245316,49.0632,100,0.6168003717653965,100,100,4,806,1.3940361747451309,100,random,0.2,0.2,0.2,ok,49063,0.3557591561113104,0.9528521146385128,0.9223016439477062,100,0.014696938456699069,0.39620272896718234,0.2641809639315369,0.648966054967155,0.5090895476884877,100,0.01772004514666935,-0.0029447003666062035,-0.00032752433625496554,0.003029480983968824,0.2353109479881823,0.23834042897215113,-0.09157819217977353,-0.30388605967135784,-0.4132120962592185,0.0030231066899702817,1.6623395815632966,1.6837411618735236
B,dcsbm,metis,0,50,3,1,0,49.423,0.61286,ok,1.367,10000,245316,49.0632,100,0.6168003717653965,100,100,4,806,1.3940361747451309,100,random,0.15,0.15,0.15,ok,36797,0.3557591561113104,0.9528521146385128,0.9223016439477062,100,0.014696938456699069,0.39620272896718234,0.16065186316460045,0.4186967599932969,0.24735563093206744,100,0.015748015748023623,0.0014208506608277879,0.00014644648710024604,0.003913537017069757,0.18212576099904254,0.1860392980161123,-0.19510729294670998,-0.5341553546452159,-0.6749460130156387,0.001051077291324554,2.1296722423284375,2.175434857725949
B,dcsbm,metis,0,50,3,1,0,49.423,0.61286,ok,1.367,10000,245316,49.0632,100,0.6168003717653965,100,100,4,806,1.3940361747451309,100,random,0.05,0.05,0.05,ok,12266,0.3557591561113104,0.9528521146385128,0.9223016439477062,100,0.014696938456699069,0.39620272896718234,0.0383867676592515,0.1336949869013936,0.0236246607422621,100,0.018275666882497064,-0.0008182218225169515,-7.271512930067951e-05,0.003448616014793515,0.0870926629868336,0.09054127900162712,-0.31737238845205895,-0.8191571277371192,-0.8986769832054441,0.0035787284257979956,4.375934748614079,4.549209030697328
B,dcsbm,metis,0,100,1,1,0,101.93,0.64153,ok,0.973,10000,505369,101.0738,100,0.6453284629646852,100,100,14,1569,1.254223566949353,100,lspar,0.5,0.49982,0.830078,ok,252594,0.3364121999371977,0.9766777454518476,0.9624831369559449,100,0.014832396974191326,0.6692941000219434,0.33826366657694096,0.9843585988155099,0.9732371142679729,100,0.012569805089976537,0.00021789135035059994,3.7188981262399464e-05,2.119746959011536,0.26366025500465184,2.383407214016188,0.0018514666397432822,0.00768085336366231,0.010753977312027985,-0.0022625918842147895,0.28081399438837046,2.5384717162248625
B,dcsbm,metis,0,100,1,1,0,101.93,0.64153,ok,0.973,10000,505369,101.0738,100,0.6453284629646852,100,100,14,1569,1.254223566949353,100,lspar,0.2,0.2036,0.59375,ok,102892,0.3364121999371977,0.9766777454518476,0.9624831369559449,100,0.014832396974191326,0.6692941000219434,0.322628116333523,0.9754264271978682,0.9595110810622518,100,0.015620499351813309,0.0014380209048778618,5.059988741979539e-05,2.0489033050253056,0.08322505099931732,2.132128356024623,-0.013784083603674668,-0.0012513182539793943,-0.002972055893693093,0.0007881023776219829,0.3139089155353901,8.041978851144634
B,dcsbm,metis,0,100,1,1,0,101.93,0.64153,ok,0.973,10000,505369,101.0738,100,0.6453284629646852,100,100,14,1569,1.254223566949353,100,lspar,0.15,0.14697,0.515625,ok,74275,0.3364121999371977,0.9766777454518476,0.9624831369559449,100,0.014832396974191326,0.6692941000219434,0.3230202475176657,0.9762262560122303,0.9602305141020647,100,0.01606237840420901,-0.00024445442043503153,-4.338834229778298e-05,2.0557014939840883,0.06151073600631207,2.1172122299904004,-0.01339195241953195,-0.0004514894396172586,-0.0022526228538801707,0.0012299814300176827,0.3161204580917134,10.880931419082064
B,dcsbm,metis,0,100,1,1,0,101.93,0.64153,ok,0.973,10000,505369,101.0738,100,0.6453284629646852,100,100,14,1569,1.254223566949353,100,lspar,0.05,0.05298,0.25,ok,26774,0.3364121999371977,0.9766777454518476,0.9624831369559449,100,0.014832396974191326,0.6692941000219434,0.32787308343107213,0.9852975906399128,0.9723801017953957,100,0.01224744871391589,-0.0013412237780299808,-0.0001463526599141428,2.017093369970098,0.0282527559902519,2.04534612596035,-0.008539116506125544,0.008619845188065245,0.009896964839450795,-0.0025849482602754367,0.32722779363697685,23.689515467194465
B,dcsbm,metis,0,100,1,1,0,101.93,0.64153,ok,0.973,10000,505369,101.0738,100,0.6453284629646852,100,100,14,1569,1.254223566949353,100,dspar,0.5,0.49993,0.5,ok,252647,0.3364121999371977,0.9766777454518476,0.9624831369559449,100,0.014832396974191326,0.6692941000219434,0.33763842600461397,0.9817955995611269,0.970552047355599,100,0.014832396974191326,-0.0006506506324234669,-9.605004055614489e-05,0.17631480295676738,0.3822169280028902,0.5585317309596576,0.0012262260674162917,0.005117854109279341,0.008068910399654072,0.0,1.198309895253357,1.7510843999480903
B,dcsbm,metis,0,100,1,1,0,101.93,0.64153,ok,0.973,10000,505369,101.0738,100,0.6453284629646852,100,100,14,1569,1.254223566949353,100,dspar,0.2,0.19986,0.2,ok,101002,0.3364121999371977,0.9766777454518476,0.9624831369559449,100,0.014832396974191326,0.6692941000219434,0.3303396038258186,0.9713634543615683,0.9487032964471293,100,0.012727922061357855,-0.0008309349714999194,-0.00010566820855187498,0.17537486203946173,0.273654552991502,0.4490294150309637,-0.006072596111379058,-0.005314291090279255,-0.013779840508815644,-0.0021044749128334705,1.4905350910603283,2.4457627059569793
B,dcsbm,metis,0,100,1,1,0,101.93,0.64153,ok,0.973,10000,505369,101.0738,100,0.6453284629646852,100,100,14,1569,1.254223566949353,100,dspar,0.15,0.14971,0.15,ok,75658,0.3364121999371977,0.9766777454518476,0.9624831369559449,100,0.014832396974191326,0.6692941000219434,0.3007252988777722,0.9130537999177265,0.8463293089188456,100,0.017204650534085254,0.0002830403893777608,3.9872886691557526e-05,0.17600992799270898,0.2558786690351553,0.4318885970278643,-0.03568690105942546,-0.0636239455341211,-0.11615382803709928,0.0023722535598939276,1.5496915283891193,2.6156697724967013
B,dcsbm,metis,0,100,1,1,0,101.93,0.64153,ok,0.973,10000,505369,101.0738,100,0.6453284629646852,100,100,14,1569,1.254223566949353,100,dspar,0.05,0.04982,0.05,ok,25179,0.3364121999371977,0.9766777454518476,0.9624831369559449,100,0.014832396974191326,0.6692941000219434,0.04118058892509887,0.2319935951937767,0.06443594062492176,100,0.015556349186104046,0.0010416533610886644,6.898155222208011e-05,0.17882239900063723,0.1514194369665347,0.33024183596717194,-0.2952316110120988,-0.7446841502580709,-0.8980471963310231,0.0007239522119127199,2.0266787158016992,4.420133329183257
B,dcsbm,metis,0,100,1,1,0,101.93,0.64153,ok,0.973,10000,505369,101.0738,100,0.6453284629646852,100,100,14,1569,1.254223566949353,100,random,0.5,0.5,0.5,ok,252684,0.3364121999371977,0.9766777454518476,0.9624831369559449,100,0.014832396974191326,0.6692941000219434,0.3340416158504,0.974342407441196,0.9549376515709546,100,0.013416407864998738,-0.000314733708855389,-0.00010176861860210359,0.010646342008840293,0.4345937960315496,0.44524013804038987,-0.002370584086797689,-0.0023353380106515553,-0.007545485384990336,-0.0014159891091925884,1.5032204934794728,1.540045224146172
B,dcsbm,metis,0,100,1,1,0,101.93,0.64153,ok,0.973,10000,505369,101.0738,100,0.6453284629646852,100,100,14,1569,1.254223566949353,100,random,0.2,0.2,0.2,ok,101074,0.3364121999371977,0.9766777454518476,0.9624831369559449,100,0.014832396974191326,0.6692941000219434,0.3123902593857834,0.90323646325351,0.8500125038925378,100,0.016309506430300092,0.0011222236527244054,5.037713822445453e-05,0.00885179196484387,0.30470165802398697,0.31355344998883083,-0.024021940551414267,-0.07344128219833757,-0.1124706330634071,0.001477109456108766,2.1345454819450547,2.196555490909914
B,dcsbm,metis,0,100,1,1,0,101.93,0.64153,ok,0.973,10000,505369,101.0738,100,0.6453284629646852,100,100,14,1569,1.254223566949353,100,random,0.15,0.15,0.15,ok,75805,0.3364121999371977,0.9766777454518476,0.9624831369559449,100,0.014832396974191326,0.6692941000219434,0.2737892218272834,0.8058760903084539,0.7026433440532084,100,0.017492855684535902,0.00011674082431037645,5.090130300973042e-06,0.00931010500062257,0.2753932629711926,0.28470336797181517,-0.0626229781099143,-0.17080165514339374,-0.2598397929027365,0.002660458710344576,2.3508471458904614,2.4303212533269365
B,dcsbm,metis,0,100,1,1,0,101.93,0.64153,ok,0.973,10000,505369,101.0738,100,0.6453284629646852,100,100,14,1569,1.254223566949353,100,random,0.05,0.05,0.05,ok,25268,0.3364121999371977,0.9766777454518476,0.9624831369559449,100,0.014832396974191326,0.6692941000219434,0.0343415385825211,0.18479742849794212,0.0454558331672184,100,0.01606237840420901,-0.0013464742473299107,-0.00015763623058282048,0.007654647983144969,0.14492014102870598,0.15257478901185095,-0.3020706613546766,-0.7918803169539055,-0.9170273037887265,0.0012299814300176827,4.386662464727101,4.618364951006836
B,dcsbm,metis,0,100,2,1,0,101.93,0.64153,ok,0.973,10000,508404,101.6808,100,0.6442081494244735,100,100,15,1540,1.293572773993245,100,lspar,0.5,0.49515,0.828125,ok,251737,0.33044973840555264,0.9614314894615521,0.9376256687723836,100,0.01697056274847714,0.6667203800170682,0.3457595490768072,1.0,1.0,100,0.0,0.0031509446541543606,0.00039585858585858584,2.1374299640301615,0.2625775460037403,2.400007510033902,0.015309810671254587,0.0385685105384479,0.062374331227616375,-0.01697056274847714,0.2777992890562456,2.539137066988855
B,dcsbm,metis,0,100,2,1,0,101.93,0.64153,ok,0.973,10000,508404,101.6808,100,0.6442081494244735,100,100,15,1540,1.293572773993245,100,lspar,0.2,0.20298,0.59375,ok,103194,0.33044973840555264,0.9614314894615521,0.9376256687723836,100,0.01697056274847714,0.6667203800170682,0.3210194323335258,0.9740133661255652,0.9569987278246456,100,0.017204650534085254,0.0004252877291394842,5.6193703533897184e-05,2.1031040100497194,0.07759142003487796,2.1806954300845973,-0.009430306072026828,0.012581876664013114,0.019373059052261943,0.00023408778560811416,0.3057375050266436,8.592707540567915
B,dcsbm,metis,0,100,2,1,0,101.93,0.64153,ok,0.973,10000,508404,101.6808,100,0.6442081494244735,100,100,15,1540,1.293572773993245,100,lspar,0.15,0.14625,0.515625,ok,74352,0.33044973840555264,0.9614314894615521,0.9376256687723836,100,0.01697056274847714,0.6667203800170682,0.32011551615801387,0.9736434737943093,0.9528263416859013,100,0.016733200530681513,-0.001267930505365889,-0.00015989680636630064,2.111897786031477,0.05833076901035383,2.170228555041831,-0.010334222247538771,0.012211984332757164,0.015200672913517677,-0.00023736221779562666,0.3072120576739058,11.429994689401815
B,dcsbm,metis,0,100,2,1,0,101.93,0.64153,ok,0.973,10000,508404,101.6808,100,0.6442081494244735,100,100,15,1540,1.293572773993245,100,lspar,0.05,0.05256,0.25,ok,26720,0.33044973840555264,0.9614314894615521,0.9376256687723836,100,0.01697056274847714,0.6667203800170682,0.32819775793161043,0.9848357987331214,0.9708773695566646,100,0.012,0.0017403017920083448,0.00015974607404024485,2.07489643804729,0.025340870022773743,2.1002373080700636,-0.0022519804739422056,0.023404309271569335,0.03325170078428097,-0.004970562748477139,0.31745002217379265,26.310082464330907
B,dcsbm,metis,0,100,2,1,0,101.93,0.64153,ok,0.973,10000,508404,101.6808,100,0.6442081494244735,100,100,15,1540,1.293572773993245,100,dspar,0.5,0.49968,0.5,ok,254037,0.33044973840555264,0.9614314894615521,0.9376256687723836,100,0.01697056274847714,0.6667203800170682,0.3339424804368455,0.9758056275727045,0.9577155385155242,100,0.013638181696985855,0.0006012362304243726,7.158930179089304e-05,0.18536663299892098,0.3966041449457407,0.5819707779446617,0.0034927420312928503,0.014374138111152401,0.02008986974314053,-0.003332381051491284,1.1456251847759704,1.681072647660508
B,dcsbm,metis,0,100,2,1,0,101.93,0.64153,ok,0.973,10000,508404,101.6808,100,0.6442081494244735,100,100,15,1540,1.293572773993245,100,dspar,0.2,0.19954,0.2,ok,101446,0.33044973840555264,0.9614314894615521,0.9376256687723836,100,0.01697056274847714,0.6667203800170682,0.33565397413649717,0.9786859192894399,0.9610953177879926,100,0.011916375287812983,0.0004927447058328715,0.00010875995481088519,0.1807648530229926,0.2883821119903587,0.4691469650133513,0.005204235730944529,0.01725442982788783,0.023469649015608995,-0.005054187460664156,1.421133311601183,2.3119338970627914
B,dcsbm,metis,0,100,2,1,0,101.93,0.64153,ok,0.973,10000,508404,101.6808,100,0.6442081494244735,100,100,15,1540,1.293572773993245,100,dspar,0.15,0.14964,0.15,ok,76079,0.33044973840555264,0.9614314894615521,0.9376256687723836,100,0.01697056274847714,0.6667203800170682,0.32544086247469384,0.9553476876939632,0.9261349136420505,100,0.013490737563232042,0.00016667992857364482,2.0624385807154176e-05,0.18133492802735418,0.25180439598625526,0.43313932401360944,-0.005008875930858803,-0.006083801767588937,-0.011490755130333152,-0.0034798251852450977,1.5392746468711753,2.647771010532561
B,dcsbm,metis,0,100,2,1,0,101.93,0.64153,ok,0.973,10000,508404,101.6808,100,0.6442081494244735,100,100,15,1540,1.293572773993245,100,dspar,0.05,0.05012,0.05,ok,25483,0.33044973840555264,0.9614314894615521,0.9376256687723836,100,0.01697056274847714,0.6667203800170682,0.039886660797403835,0.237583892735612,0.06321792169858352,100,0.017088007490635063,0.00020071742408607149,7.271665609548279e-06,0.1784524589893408,0.15299381199292839,0.3314462709822692,-0.2905630776081488,-0.7238475967259401,-0.8744077470738001,0.00011744474215792319,2.0115488946102356,4.357825792639804
B,dcsbm,metis,0,100,2,1,0,101.93,0.64153,ok,0.973,10000,508404,101.6808,100,0.6442081494244735,100,100,15,1540,1.293572773993245,100,random,0.5,0.5,0.5,ok,254202,0.33044973840555264,0.9614314894615521,0.9376256687723836,100,0.01697056274847714,0.6667203800170682,0.32143503060193995,0.9461218466586967,0.9057118298406173,100,0.01606237840420901,0.0005859231876851414,8.718067288511701e-05,0.010670164017938077,0.42822653899202123,0.4388967030099593,-0.009014707803612687,-0.015309642802855405,-0.03191383893176636,-0.0009081843442681307,1.519082680377162,1.5569338172884484
B,dcsbm,metis,0,100,2,1,0,101.93,0.64153,ok,0.973,10000,508404,101.6808,100,0.6442081494244735,100,100,15,1540,1.293572773993245,100,random,0.2,0.2,0.2,ok,101681,0.33044973840555264,0.9614314894615521,0.9376256687723836,100,0.01697056274847714,0.6667203800170682,0.31869397403816385,0.9158159862594714,0.8717349332576736,100,0.015362291495737217,0.0019986819811888415,0.00023633574874528442,0.008823399955872446,0.2936862590140663,0.30250965896993876,-0.011755764367388788,-0.04561550320208074,-0.06589073551471003,-0.0016082712527399224,2.2039639404813918,2.270179007541293
B,dcsbm,metis,0,100,2,1,0,101.93,0.64153,ok,0.973,10000,508404,101.6808,100,0.6442081494244735,100,100,15,1540,1.293572773993245,100,random,0.15,0.15,0.15,ok,76261,0.33044973840555264,0.9614314894615521,0.9376256687723836,100,0.01697056274847714,0.6667203800170682,0.28810149987282935,0.8315787890498366,0.7466223586044415,100,0.017888543819998316,-0.001420401677484076,-0.0001806983609895144,0.008764778031036258,0.2731529399752617,0.28191771800629795,-0.04234823853272329,-0.12985270041171548,-0.19100331016794214,0.0009179810715211761,2.364946711161212,2.4408317921727303
B,dcsbm,metis,0,100,2,1,0,101.93,0.64153,ok,0.973,10000,508404,101.6808,100,0.6442081494244735,100,100,15,1540,1.293572773993245,100,random,0.05,0.05,0.05,ok,25420,0.33044973840555264,0.9614314894615521,0.9376256687723836,100,0.01697056274847714,0.6667203800170682,0.03656656417808321,0.19192640615691256,0.049852205465307366,100,0.017888543819998316,0.001986625245532651,0.000172235068651642,0.00813727400964126,0.14806899899849668,0.15620627300813794,-0.29388317422746946,-0.7695050833046395,-0.8877734633070763,0.0009179810715211761,4.268204900979449,4.502768199465152
B,dcsbm,metis,0,100,3,1,0,101.93,0.64153,ok,0.973,10000,507732,101.5464,100,0.6428214097200885,100,100,16,1555,1.2754939458300436,100,lspar,0.5,0.5038,0.832031,ok,255794,0.3230088419898969,0.9457560785940454,0.9050822572283924,100,0.018439088914585774,0.6423861020011827,0.3471446349376187,1.0,1.0,100,0.0,-0.003715877141143886,-0.00038765656565656564,2.106994498986751,0.2702621970092878,2.3772566959960386,0.024135792947721835,0.054243921405954576,0.09491774277160758,-0.018439088914585774,0.2702215974754176,2.3768995779276767
B,dcsbm,metis,0,100,3,1,0,101.93,0.64153,ok,0.973,10000,507732,101.5464,100,0.6428214097200885,100,100,16,1555,1.2754939458300436,100,lspar,0.2,0.20361,0.59375,ok,103381,0.3230088419898969,0.9457560785940454,0.9050822572283924,100,0.018439088914585774,0.6423861020011827,0.3249016417904253,0.9760803145129104,0.9601187051161505,100,0.016673332000533066,0.00026220186002259073,5.372990528053974e-06,2.052229195018299,0.07933914801105857,2.1315683430293575,0.001892799800528422,0.030324235918865017,0.05503644788775808,-0.0017657569140527088,0.3013678187246072,8.096710364366967
B,dcsbm,metis,0,100,3,1,0,101.93,0.64153,ok,0.973,10000,507732,101.5464,100,0.6428214097200885,100,100,16,1555,1.2754939458300436,100,lspar,0.15,0.14708,0.515625,ok,74677,0.3230088419898969,0.9457560785940454,0.9050822572283924,100,0.018439088914585774,0.6423861020011827,0.3237850973655785,0.976698008558125,0.9599618560359253,100,0.0170293863659264,-0.0007941786870503858,-3.147018429802426e-05,2.0563595079584047,0.0585063670296222,2.114865874988027,0.0007762553756816004,0.03094192996407963,0.0548795988075329,-0.0014097025486593737,0.30374791593099,10.979763991770982
B,dcsbm,metis,0,100,3,1,0,101.93,0.64153,ok,0.973,10000,507732,101.5464,100,0.6428214097200885,100,100,16,1555,1.2754939458300436,100,lspar,0.05,0.05272,0.25,ok,26768,0.3230088419898969,0.9457560785940454,0.9050822572283924,100,0.018439088914585774,0.6423861020011827,0.3279160092247674,0.982761953087671,0.9682342481928112,100,0.012083045973594574,0.001112805787221664,0.00015564520355670601,2.0190538589959033,0.02454036701237783,2.043594226008281,0.004907167234870502,0.03700587449362558,0.06315199096441881,-0.006356042940991201,0.31434131777517543,26.176711280526973
B,dcsbm,metis,0,100,3,1,0,101.93,0.64153,ok,0.973,10000,507732,101.5464,100,0.6428214097200885,100,100,16,1555,1.2754939458300436,100,dspar,0.5,0.49945,0.5,ok,253585,0.3230088419898969,0.9457560785940454,0.9050822572283924,100,0.018439088914585774,0.6423861020011827,0.3471446349376187,1.0,1.0,100,0.0,0.0005307531284121061,0.00010816161616161616,0.18118849501479417,0.4193636979907751,0.6005521930055693,0.024135792947721835,0.054243921405954576,0.09491774277160758,-0.018439088914585774,1.0696590729046351,1.5318114206807514
B,dcsbm,metis,0,100,3,1,0,101.93,0.64153,ok,0.973,10000,507732,101.5464,100,0.6428214097200885,100,100,16,1555,1.2754939458300436,100,dspar,0.2,0.1995,0.2,ok,101295,0.3230088419898969,0.9457560785940454,0.9050822572283924,100,0.018439088914585774,0.6423861020011827,0.334716534561513,0.9770239967115084,0.9564409455798362,100,0.012806248474865698,0.00011184754212711053,2.0806374685356608e-05,0.18144804798066616,0.2784073480288498,0.45985539600951597,0.011707692571616135,0.03126791811746299,0.05135868835144375,-0.005632840439720076,1.3969306603241198,2.3073604434270027
B,dcsbm,metis,0,100,3,1,0,101.93,0.64153,ok,0.973,10000,507732,101.5464,100,0.6428214097200885,100,100,16,1555,1.2754939458300436,100,dspar,0.15,0.14984,0.15,ok,76078,0.3230088419898969,0.9457560785940454,0.9050822572283924,100,0.018439088914585774,0.6423861020011827,0.313428301614001,0.9263838012508232,0.8760084664002692,100,0.017088007490635063,-0.0013436289132860797,-0.00014573629825803008,0.18153639900265262,0.25563341204542667,0.4371698110480793,-0.009580540375895896,-0.01937227734322222,-0.029073790828123225,-0.0013510814239507118,1.469420087496696,2.5129191714854127
B,dcsbm,metis,0,100,3,1,0,101.93,0.64153,ok,0.973,10000,507732,101.5464,100,0.6428214097200885,100,100,16,1555,1.2754939458300436,100,dspar,0.05,0.04968,0.05,ok,25226,0.3230088419898969,0.9457560785940454,0.9050822572283924,100,0.018439088914585774,0.6423861020011827,0.042427943388092276,0.23296333567108324,0.06942226400310889,100,0.015427248620541512,0.0007446185458077306,0.00010778515336472939,0.1787186250439845,0.1522171629476361,0.3309357879916206,-0.2805808986018046,-0.7127927429229621,-0.8356599932252835,-0.003011840294044263,1.9411200761926908,4.220194947544572
B,dcsbm,metis,0,100,3,1,0,101.93,0.64153,ok,0.973,10000,507732,101.5464,100,0.6428214097200885,100,100,16,1555,1.2754939458300436,100,random,0.5,0.5,0.5,ok,253866,0.3230088419898969,0.9457560785940454,0.9050822572283924,100,0.018439088914585774,0.6423861020011827,0.340336164372869,0.9826145245949274,0.969869603041482,100,0.012328828005937953,0.00042129533614743386,6.173268205353767e-05,0.008722930040676147,0.4200623069773428,0.42878523701801896,0.017327322382972132,0.03685844600088195,0.06478734581308954,-0.006110260908647821,1.498153496301897,1.5292638528403635
B,dcsbm,metis,0,100,3,1,0,101.93,0.64153,ok,0.973,10000,507732,101.5464,100,0.6428214097200885,100,100,16,1555,1.2754939458300436,100,random,0.2,0.2,0.2,ok,101546,0.3230088419898969,0.9457560785940454,0.9050822572283924,100,0.018439088914585774,0.6423861020011827,0.3087033192932626,0.8949688038873196,0.8340921129579563,100,0.01697056274847714,-0.0009049588850568205,-7.021211167814057e-05,0.008646194008179009,0.3193797619896941,0.3280259559978731,-0.014305522696634265,-0.05078727470672584,-0.07099014427043615,-0.001468526166108635,1.958339241926782,2.0113550652026335
B,dcsbm,metis,0,100,3,1,0,101.93,0.64153,ok,0.973,10000,507732,101.5464,100,0.6428214097200885,100,100,16,1555,1.2754939458300436,100,random,0.15,0.15,0.15,ok,76160,0.3230088419898969,0.9457560785940454,0.9050822572283924,100,0.018439088914585774,0.6423861020011827,0.28835077187622793,0.8242838252105537,0.735466535427743,100,0.01979898987322333,0.0004655042327321579,6.542152081626344e-05,0.009230042982380837,0.2770402879687026,0.28627033095108345,-0.03465807011366895,-0.12147225338349177,-0.16961572180064943,0.0013599009586375554,2.243984208447192,2.3187461531723264
B,dcsbm,metis,0,100,3,1,0,101.93,0.64153,ok,0.973,10000,507732,101.5464,100,0.6428214097200885,100,100,16,1555,1.2754939458300436,100,random,0.05,0.05,0.05,ok,25387,0.3230088419898969,0.9457560785940454,0.9050822572283924,100,0.018439088914585774,0.6423861020011827,0.0331223371371274,0.19113618577990002,0.0444944740040607,100,0.01649242250247064,0.0006816172280488186,2.1754617129646124e-05,0.008187642029952258,0.14593448501545936,0.15412212704541162,-0.28988650485276946,-0.7546198928141454,-0.8605877832243317,-0.0019466664121151334,4.168032938008348,4.401880076070659
B,dcsbm,metis,0,200,1,1,0,220.927,0.67193,ok,0.734,10000,1098827,219.7654,100,0.6765514498642643,100,100,40,2891,1.1182109030074288,100,lspar,0.5,0.50464,0.855469,ok,554515,0.2941625794654916,0.9660843529953881,0.9258358353663299,100,0.015231546211727816,1.3233253980288282,0.28784358766693646,0.959662306305975,0.909428084797145,100,0.014696938456699069,-6.384098922788884e-05,-5.92865263480837e-05,7.747556457936298,0.5103336970205419,8.25789015495684,-0.0063189917985551625,-0.006422046689413041,-0.016407750569184865,-0.0005346077550287473,0.1602498184399432,2.593059023448263
B,dcsbm,metis,0,200,1,1,0,220.927,0.67193,ok,0.734,10000,1098827,219.7654,100,0.6765514498642643,100,100,40,2891,1.1182109030074288,100,lspar,0.2,0.19765,0.640625,ok,217183,0.2941625794654916,0.9660843529953881,0.9258358353663299,100,0.015231546211727816,1.3233253980288282,0.28541708956295486,0.9528791845316305,0.9166515083853269,100,0.020976176963403034,-0.0007196770553247588,-3.502259805873011e-05,7.638358720927499,0.14666332700289786,7.785022047930397,-0.008745489902536763,-0.013205168463757633,-0.00918432698100291,0.005744630751675217,0.1699835131977085,9.022878623247658
B,dcsbm,metis,0,200,1,1,0,220.927,0.67193,ok,0.734,10000,1098827,219.7654,100,0.6765514498642643,100,100,40,2891,1.1182109030074288,100,lspar,0.15,0.14607,0.578125,ok,160510,0.2941625794654916,0.9660843529953881,0.9258358353663299,100,0.015231546211727816,1.3233253980288282,0.2904417274584163,0.9654954208730182,0.9409332298999917,100,0.020248456731316585,0.0005230877252237431,6.115917953991149e-05,7.629746979975607,0.11126996396342292,7.74101694393903,-0.003720852007075337,-0.0005889321223698785,0.015097394533661879,0.005016910519588769,0.17094981287503186,11.892925555937419
B,dcsbm,metis,0,200,1,1,0,220.927,0.67193,ok,0.734,10000,1098827,219.7654,100,0.6765514498642643,100,100,40,2891,1.1182109030074288,100,lspar,0.05,0.04818,0.34375,ok,52942,0.2941625794654916,0.9660843529953881,0.9258358353663299,100,0.015231546211727816,1.3233253980288282,0.28311934957387325,0.9592494422841638,0.9179358839607616,100,0.018601075237738275,0.0012775084109978927,9.036820468442798e-05,7.59142238489585,0.051230479031801224,7.642652863927651,-0.011043229891618378,-0.006834910711224329,-0.007899951405568206,0.003369529026010459,0.17315000714931797,25.830822257339747
B,dcsbm,metis,0,200,1,1,0,220.927,0.67193,ok,0.734,10000,1098827,219.7654,100,0.6765514498642643,100,100,40,2891,1.1182109030074288,100,dspar,0.5,0.4999,0.5,ok,549307,0.2941625794654916,0.9660843529953881,0.9258358353663299,100,0.015231546211727816,1.3233253980288282,0.30192188949168464,0.976419425997823,0.9594915855687343,100,0.013711309200802088,0.0003055803012748841,9.401136495189655e-05,0.4202377100009471,0.7018809859873727,1.1221186959883198,0.0077593100261930115,0.010335073002434969,0.03365575020240441,-0.001520237010925728,1.1793096423398357,1.8853985568040956
B,dcsbm,metis,0,200,1,1,0,220.927,0.67193,ok,0.734,10000,1098827,219.7654,100,0.6765514498642643,100,100,40,2891,1.1182109030074288,100,dspar,0.2,0.2002,0.2,ok,219989,0.2941625794654916,0.9660843529953881,0.9258358353663299,100,0.015231546211727816,1.3233253980288282,0.30089120491070864,0.9762019750340027,0.9593738219706616,100,0.014696938456699069,0.0001352140881820924,2.8441372776184616e-05,0.39582511299522594,0.37177233095280826,0.7675974439480342,0.006728625445217018,0.01011762203861466,0.033537986604331715,-0.0005346077550287473,1.7239835912200046,3.5595048040215973
B,dcsbm,metis,0,200,1,1,0,220.927,0.67193,ok,0.734,10000,1098827,219.7654,100,0.6765514498642643,100,100,40,2891,1.1182109030074288,100,dspar,0.15,0.1501,0.15,ok,164932,0.2941625794654916,0.9660843529953881,0.9258358353663299,100,0.015231546211727816,1.3233253980288282,0.31192051117202746,0.9971486192248572,0.9950878304282883,100,0.00648074069840786,0.0010873981278788532,5.264535909392367e-05,0.39452115999301895,0.3324210570426658,0.7269422170356847,0.017757931706535834,0.031064266229469117,0.06925199506195845,-0.008750805513319956,1.8203997058047707,3.9808711572052466
B,dcsbm,metis,0,200,1,1,0,220.927,0.67193,ok,0.734,10000,1098827,219.7654,100,0.6765514498642643,100,100,40,2891,1.1182109030074288,100,dspar,0.05,0.0501,0.05,ok,55048,0.2941625794654916,0.9660843529953881,0.9258358353663299,100,0.015231546211727816,1.3233253980288282,0.2397696680366081,0.8528119589025149,0.7620141319167281,100,0.0182208671582886,2.816390456248193e-05,2.7874160768100376e-06,0.3932089229929261,0.23566574597498402,0.6288746689679101,-0.05439291142888353,-0.11327239409287315,-0.16382170344960179,0.002989320946560783,2.104275244860203,5.615264079020205
B,dcsbm,metis,0,200,1,1,0,220.927,0.67193,ok,0.734,10000,1098827,219.7654,100,0.6765514498642643,100,100,40,2891,1.1182109030074288,100,random,0.5,0.5,0.5,ok,549414,0.2941625794654916,0.9660843529953881,0.9258358353663299,100,0.015231546211727816,1.3233253980288282,0.29059015483358874,0.9609787767483653,0.9155296633452126,100,0.01655294535724685,0.0013252016425760642,0.00012170049874884313,0.024853767012245953,0.7906140580307692,0.8154678250430152,-0.003572424631902882,-0.005105576247022792,-0.010306172021117277,0.0013213991455190335,1.62278063878121,1.6737944191441723
B,dcsbm,metis,0,200,1,1,0,220.927,0.67193,ok,0.734,10000,1098827,219.7654,100,0.6765514498642643,100,100,40,2891,1.1182109030074288,100,random,0.2,0.2,0.2,ok,219765,0.2941625794654916,0.9660843529953881,0.9258358353663299,100,0.015231546211727816,1.3233253980288282,0.29012681516803607,0.9533533586459613,0.9106395965122658,100,0.014422205101855958,-0.0003590410350683199,-5.104519635008464e-05,0.023349549039267004,0.44754623499466106,0.47089578403392807,-0.004035764297455557,-0.012730994349426816,-0.01519623885406407,-0.000809341109871858,2.81022987016907,2.9568462307466725
B,dcsbm,metis,0,200,1,1,0,220.927,0.67193,ok,0.734,10000,1098827,219.7654,100,0.6765514498642643,100,100,40,2891,1.1182109030074288,100,random,0.15,0.15,0.15,ok,164824,0.2941625794654916,0.9660843529953881,0.9258358353663299,100,0.015231546211727816,1.3233253980288282,0.26375375047027233,0.9008299855506535,0.823442697402645,100,0.019493588689617928,-0.0015349336163908208,-0.00011193832767733726,0.020838104013819247,0.4004469060455449,0.42128501005936414,-0.030408828995219295,-0.06525436744473456,-0.10239313796368488,0.004262042477890112,3.1411642152716417,3.3046213569154648
B,dcsbm,metis,0,200,1,1,0,220.927,0.67193,ok,0.734,10000,1098827,219.7654,100,0.6765514498642643,100,100,40,2891,1.1182109030074288,100,random,0.05,0.05,0.05,ok,54941,0.2941625794654916,0.9660843529953881,0.9258358353663299,100,0.015231546211727816,1.3233253980288282,0.12465894542040808,0.5315949971007515,0.35811397463155015,100,0.01849324200890693,-0.0006326950868450421,-5.851524641811503e-05,0.019042739004362375,0.2640668860403821,0.28310962504474446,-0.16950363404508356,-0.43448935589463655,-0.5677218607347797,0.0032616957971791146,4.674250823580023,5.011326553933992
B,dcsbm,metis,0,200,2,1,0,220.927,0.67193,ok,0.734,10000,1098293,219.6586,100,0.6765143727584534,100,100,44,2960,1.1526871851071991,100,lspar,0.5,0.50482,0.855469,ok,554442,0.26909236367316003,0.9287306300864085,0.8418635868785839,100,0.02,1.312161758018192,0.291982216715341,0.9627754111483009,0.9300605203350625,100,0.01661324772583615,0.0003683204430278042,4.415552269948363e-05,7.820300161954947,0.49770308000734076,8.318003241962288,0.022889853042180996,0.03404478106189235,0.08819693345647861,-0.003386752274163851,0.15774960887231415,2.6364348759883875
B,dcsbm,metis,0,200,2,1,0,220.927,0.67193,ok,0.734,10000,1098293,219.6586,100,0.6765143727584534,100,100,44,2960,1.1526871851071991,100,lspar,0.2,0.19752,0.640625,ok,216932,0.26909236367316003,0.9287306300864085,0.8418635868785839,100,0.02,1.312161758018192,0.28699333714799746,0.9568262928155955,0.9278903214687783,100,0.02271563338320109,-0.0002353328599877396,-5.210776831698634e-05,7.697192981024273,0.15014272998087108,7.847335711005144,0.017900973474837434,0.028095662729186954,0.08602673459019439,0.002715633383201091,0.1672111155099443,8.739429196374461
B,dcsbm,metis,0,200,2,1,0,220.927,0.67193,ok,0.734,10000,1098293,219.6586,100,0.6765143727584534,100,100,44,2960,1.1526871851071991,100,lspar,0.15,0.14588,0.578125,ok,160216,0.26909236367316003,0.9287306300864085,0.8418635868785839,100,0.02,1.312161758018192,0.288440306679094,0.9627509563338745,0.9343261448028913,100,0.01979898987322333,0.001210080349442885,0.00010418160060830098,7.686123975960072,0.11687856196658686,7.803002537926659,0.019347943005933954,0.03402032624746598,0.09246255792430746,-0.0002010101267766705,0.16816113433776317,11.226710321721033
B,dcsbm,metis,0,200,2,1,0,220.927,0.67193,ok,0.734,10000,1098293,219.6586,100,0.6765143727584534,100,100,44,2960,1.1526871851071991,100,lspar,0.05,0.04789,0.34375,ok,52595,0.26909236367316003,0.9287306300864085,0.8418635868785839,100,0.02,1.312161758018192,0.28564438876856607,0.9628053234155007,0.9283638744191779,100,0.019544820285692065,0.00019422495467993344,7.368289626378331e-05,7.649151729012374,0.04976810503285378,7.698919834045228,0.016552025095406042,0.03407469332909219,0.08650028754059402,-0.0004551797143079357,0.17043452670018847,26.365515768622995
B,dcsbm,metis,0,200,2,1,0,220.927,0.67193,ok,0.734,10000,1098293,219.6586,100,0.6765143727584534,100,100,44,2960,1.1526871851071991,100,dspar,0.5,0.49966,0.5,ok,548776,0.26909236367316003,0.9287306300864085,0.8418635868785839,100,0.02,1.312161758018192,0.3128240322219941,0.9986129488446582,0.9979739071531787,100,0.0052915026221291815,-0.0007994599480825183,-8.187764159180559e-05,0.4177843580255285,0.7042828319827095,1.122067190008238,0.04373166854883409,0.06988231875824968,0.15611032027459482,-0.014708497377870819,1.169414603423667,1.8631176260880462
B,dcsbm,metis,0,200,2,1,0,220.927,0.67193,ok,0.734,10000,1098293,219.6586,100,0.6765143727584534,100,100,44,2960,1.1526871851071991,100,dspar,0.2,0.20007,0.2,ok,219735,0.26909236367316003,0.9287306300864085,0.8418635868785839,100,0.02,1.312161758018192,0.31346222899310594,1.0,1.0,100,0.0,0.0018036004505781215,0.00012244444444444445,0.4187275490257889,0.37265159998787567,0.7913791490136646,0.04436986531994591,0.07126936991359145,0.15813641312141613,-0.02,1.6580696618727,3.521148864142495
B,dcsbm,metis,0,200,2,1,0,220.927,0.67193,ok,0.734,10000,1098293,219.6586,100,0.6765143727584534,100,100,44,2960,1.1526871851071991,100,dspar,0.15,0.15007,0.15,ok,164816,0.26909236367316003,0.9287306300864085,0.8418635868785839,100,0.02,1.312161758018192,0.31338510161839067,0.9998612442604613,0.9997969800009998,100,0.001414213562373095,-0.0012412514390700551,-0.00015303015000015302,0.4030989099992439,0.3256617530132644,0.7287606630125083,0.04429273794523064,0.07113061417405275,0.15793339312241594,-0.018585786437626907,1.8005386742391585,4.029216651562846
B,dcsbm,metis,0,200,2,1,0,220.927,0.67193,ok,0.734,10000,1098293,219.6586,100,0.6765143727584534,100,100,44,2960,1.1526871851071991,100,dspar,0.05,0.04992,0.05,ok,54827,0.26909236367316003,0.9287306300864085,0.8418635868785839,100,0.02,1.312161758018192,0.2542792262624271,0.87538513345455,0.8034445285206402,100,0.01870828693386971,-0.0015202354663314543,-0.00016467825201296843,0.39943258702987805,0.23363867204170674,0.6330712590715848,-0.014813137410732924,-0.0533454966318585,-0.03841905835794368,-0.001291713066130292,2.072692037769193,5.616201061885673
B,dcsbm,metis,0,200,2,1,0,220.927,0.67193,ok,0.734,10000,1098293,219.6586,100,0.6765143727584534,100,100,44,2960,1.1526871851071991,100,random,0.5,0.5,0.5,ok,549146,0.26909236367316003,0.9287306300864085,0.8418635868785839,100,0.02,1.312161758018192,0.2779962110010846,0.9473300310418066,0.8776120702313988,100,0.018973665961010275,-0.0011306555817885069,-7.50168000063019e-05,0.023026872018817812,0.7855714729521424,0.8085983449709602,0.008903847327924597,0.018599400955398027,0.035748483352814886,-0.001026334038989725,1.6227608752591705,1.6703276572495014
B,dcsbm,metis,0,200,2,1,0,220.927,0.67193,ok,0.734,10000,1098293,219.6586,100,0.6765143727584534,100,100,44,2960,1.1526871851071991,100,random,0.2,0.2,0.2,ok,219659,0.26909236367316003,0.9287306300864085,0.8418635868785839,100,0.02,1.312161758018192,0.30037624264472224,0.9729139730463549,0.95223357821411,100,0.013784048752090222,-0.0020847225561472084,-0.00017327646802846658,0.022465763962827623,0.4565881449962035,0.4790539089590311,0.03128387897156221,0.0441833429599463,0.11036999133552616,-0.006215951247909779,2.739069097399659,2.873841058727231
B,dcsbm,metis,0,200,2,1,0,220.927,0.67193,ok,0.734,10000,1098293,219.6586,100,0.6765143727584534,100,100,44,2960,1.1526871851071991,100,random,0.15,0.15,0.15,ok,164744,0.26909236367316003,0.9287306300864085,0.8418635868785839,100,0.02,1.312161758018192,0.3064231353991167,0.9864170780414471,0.9741727593348567,100,0.009695359714832657,0.0006696636472112334,6.640091956082104e-05,0.01981628400972113,0.4075716190272942,0.42738790303701535,0.03733077172595667,0.05768644795503852,0.13230917245627283,-0.010304640285167343,3.070189279326766,3.2194630262769084
B,dcsbm,metis,0,200,2,1,0,220.927,0.67193,ok,0.734,10000,1098293,219.6586,100,0.6765143727584534,100,100,44,2960,1.1526871851071991,100,random,0.05,0.05,0.05,ok,54915,0.26909236367316003,0.9287306300864085,0.8418635868785839,100,0.02,1.312161758018192,0.11665479119828046,0.511262390093198,0.33201688431133736,100,0.018601075237738275,-0.0016762362839714785,-0.0001462777242567339,0.017884904984384775,0.25749953702325,0.2753844420076348,-0.15243757247487957,-0.4174682399932106,-0.5098467025672465,-0.0013989247622617253,4.764836199358762,5.09578297960091
B,dcsbm,metis,0,200,3,1,0,220.927,0.67193,ok,0.734,10000,1100159,220.0318,100,0.676354054277609,100,100,46,2893,1.1389914183767131,100,lspar,0.5,0.50433,0.855469,ok,554845,0.28394322702340397,0.955966225716368,0.8940216107705836,100,0.015937377450509226,1.325332633976359,0.288951643148959,0.9577316973122364,0.9175250181103444,100,0.015874507866387545,-0.0022917550030358592,-0.0002453024252277546,7.788269771030173,0.5005359950009733,8.288805766031146,0.005008416125555026,0.001765471595868373,0.02350340733976075,-6.28695841216817e-05,0.15989428047738607,2.647826824070428
B,dcsbm,metis,0,200,3,1,0,220.927,0.67193,ok,0.734,10000,1100159,220.0318,100,0.676354054277609,100,100,46,2893,1.1389914183767131,100,lspar,0.2,0.1973,0.640625,ok,217065,0.28394322702340397,0.955966225716368,0.8940216107705836,100,0.015937377450509226,1.325332633976359,0.2774221789159547,0.9398583163547992,0.8922555960413512,100,0.02349468024894146,0.0017974391351613947,8.623882434710646e-05,7.676313843985554,0.14850223902612925,7.824816083011683,-0.0065210481074492455,-0.016107909361568806,-0.0017660147292324346,0.007557302798432235,0.16937556358081882,8.924664319324938
B,dcsbm,metis,0,200,3,1,0,220.927,0.67193,ok,0.734,10000,1100159,220.0318,100,0.676354054277609,100,100,46,2893,1.1389914183767131,100,lspar,0.15,0.14612,0.578125,ok,160750,0.28394322702340397,0.955966225716368,0.8940216107705836,100,0.015937377450509226,1.325332633976359,0.2870971036405327,0.9584848977381346,0.9267235676524861,100,0.020832666655999657,-0.00413486174669481,-0.00036135592919770755,7.667280308960471,0.11300598399247974,7.780286292952951,0.003153876617128737,0.002518672021766588,0.03270195688190247,0.004895289205490431,0.1703449698472906,11.727986316764929
B,dcsbm,metis,0,200,3,1,0,220.927,0.67193,ok,0.734,10000,1100159,220.0318,100,0.676354054277609,100,100,46,2893,1.1389914183767131,100,lspar,0.05,0.04806,0.34375,ok,52877,0.28394322702340397,0.955966225716368,0.8940216107705836,100,0.015937377450509226,1.325332633976359,0.2817369939230851,0.9560984309953151,0.9136414358795995,100,0.019748417658131498,-0.0004401842768062727,-6.919862747976266e-05,7.627344225998968,0.05010052403667942,7.677444750035647,-0.002206233100318866,0.000132205278947084,0.01961982510901583,0.0038110402076222717,0.1726267888766253,26.45346849078986
B,dcsbm,metis,0,200,3,1,0,220.927,0.67193,ok,0.734,10000,1100159,220.0318,100,0.676354054277609,100,100,46,2893,1.1389914183767131,100,dspar,0.5,0.49974,0.5,ok,549791,0.28394322702340397,0.955966225716368,0.8940216107705836,100,0.015937377450509226,1.325332633976359,0.30162235692457307,0.976074204503931,0.9585815005011797,100,0.0151657508881031,-4.8747328227037325e-05,-3.494547621972968e-05,0.43050826102262363,0.6887384239817038,1.1192466850043274,0.0176791299011691,0.020107978787562986,0.06455988973059612,-0.0007716265624061261,1.1841291573458934,1.9242902498664225
B,dcsbm,metis,0,200,3,1,0,220.927,0.67193,ok,0.734,10000,1100159,220.0318,100,0.676354054277609,100,100,46,2893,1.1389914183767131,100,dspar,0.2,0.19957,0.2,ok,219564,0.28394322702340397,0.955966225716368,0.8940216107705836,100,0.015937377450509226,1.325332633976359,0.3134635133684738,0.9996183017654614,0.9993950220169542,100,0.002449489742783178,0.0009207257277933194,6.11715336571162e-05,0.4230075630475767,0.38333936099661514,0.8063469240441918,0.029520286345069813,0.04365207604909338,0.10537341124637056,-0.013487887707726048,1.6436258320788535,3.4573351156289465
B,dcsbm,metis,0,200,3,1,0,220.927,0.67193,ok,0.734,10000,1100159,220.0318,100,0.676354054277609,100,100,46,2893,1.1389914183767131,100,dspar,0.15,0.14942,0.15,ok,164386,0.28394322702340397,0.955966225716368,0.8940216107705836,100,0.015937377450509226,1.325332633976359,0.3135410756438912,0.9998612442604613,0.9997969800009998,100,0.001414213562373095,-0.002767769138064206,-0.0003672723600003673,0.4285256870207377,0.32683025498408824,0.7553559420048259,0.029597848620487255,0.04389501854409328,0.1057753692304162,-0.014523163888136131,1.7545802717308756,4.055109995985172
B,dcsbm,metis,0,200,3,1,0,220.927,0.67193,ok,0.734,10000,1100159,220.0318,100,0.676354054277609,100,100,46,2893,1.1389914183767131,100,dspar,0.05,0.04991,0.05,ok,54905,0.28394322702340397,0.955966225716368,0.8940216107705836,100,0.015937377450509226,1.325332633976359,0.24438213076316886,0.8563254406341783,0.776283297868017,100,0.017435595774162694,-0.0005561020160455707,-3.1611356689944744e-05,0.42383104597683996,0.2504436660092324,0.6742747119860724,-0.0395610962602351,-0.09964078508218976,-0.11773831290256664,0.0014982183236534677,1.9655677580916524,5.291939121860249
B,dcsbm,metis,0,200,3,1,0,220.927,0.67193,ok,0.734,10000,1100159,220.0318,100,0.676354054277609,100,100,46,2893,1.1389914183767131,100,random,0.5,0.5,0.5,ok,550080,0.28394322702340397,0.955966225716368,0.8940216107705836,100,0.015937377450509226,1.325332633976359,0.2727462638480231,0.9335870717367604,0.8574456467446298,100,0.020199009876724155,0.0004310246245185675,-4.693991920597693e-05,0.02531684999121353,0.7953989510424435,0.820715801033657,-0.01119696317538088,-0.022379153979607658,-0.03657596402595387,0.004261632426214929,1.6148496620963775,1.6662489084746575
B,dcsbm,metis,0,200,3,1,0,220.927,0.67193,ok,0.734,10000,1100159,220.0318,100,0.676354054277609,100,100,46,2893,1.1389914183767131,100,random,0.2,0.2,0.2,ok,220032,0.28394322702340397,0.955966225716368,0.8940216107705836,100,0.015937377450509226,1.325332633976359,0.2869477271191972,0.9487797384475899,0.9029087718865563,100,0.017378147196982767,-0.0031510296247200444,-0.00036004664305790834,0.02203882299363613,0.45584169297944754,0.4778805159730837,0.0030045000957932277,-0.00718648726877813,0.008887161115972653,0.0014407697464735407,2.773355660415767,2.90744057506849
B,dcsbm,metis,0,200,3,1,0,220.927,0.67193,ok,0.734,10000,1100159,220.0318,100,0.676354054277609,100,100,46,2893,1.1389914183767131,100,random,0.15,0.15,0.15,ok,165024,0.28394322702340397,0.955966225716368,0.8940216107705836,100,0.015937377450509226,1.325332633976359,0.29778607079099845,0.9690189551956396,0.9418573015816889,100,0.01407124727947029,-0.0028503756155160926,-0.00016927617095200504,0.019977452990133315,0.4055299860192463,0.4255074390093796,0.013842843767594482,0.013052729479271608,0.04783569081110528,-0.001866130171038937,3.114710842804194,3.2681495318904954
B,dcsbm,metis,0,200,3,1,0,220.927,0.67193,ok,0.734,10000,1100159,220.0318,100,0.676354054277609,100,100,46,2893,1.1389914183767131,100,random,0.05,0.05,0.05,ok,55008,0.28394322702340397,0.955966225716368,0.8940216107705836,100,0.015937377450509226,1.325332633976359,0.13604070383103722,0.5616596487222077,0.39304756990068823,100,0.017435595774162694,0.0006513479339321683,-1.0099474980813018e-06,0.019844340975396335,0.25420406297780573,0.27404840395320207,-0.14790252319236674,-0.3943065769941603,-0.5009740408698954,0.0014982183236534677,4.836126081590607,5.213656376893049
