arm,gen,detector,d_nom,graph_seed,het_deg,het_size,d_target,mu_target,p_in_mean,p_out,cal_passes,cal_status,lfr_deg_cv,n,m,d_avg_real,n_comm_planted,mu_real,comm_size_min,comm_size_max,deg_min,deg_max,deg_cv,sparsifier,target_ret,realized_ret,knob,status,lspar_floor,m_sparse,Q_base_mean,Q_base_std,Q_base_best,AMI_base_mean,AMI_base_std,ARI_base_mean,nc_base,cv_base,T_leiden_orig,T_sparsify,T_detect_sparse,T_pipeline,Q_orig_transfer,Q_orig_transfer_std,AMI,AMI_std,ARI,AMI_chance,ARI_chance,nc_sparse,cv_sparse,budget,n_restarts,Q_matched_best,AMI_at_matched,ARI_at_matched,nc_matched,dQ_vs_matched,dQ_vs_base_best,dQ_vs_base_mean,dAMI_vs_base_mean,dAMI_vs_matched,dARI_vs_base_mean,speedup_pipeline,speedup_detect_only,Q_resmatch,AMI_resmatch,ARI_resmatch,nc_resmatch,gamma_resmatch
A,sbm_ps,leiden,10,1,0,1,11.183,0.57853,0.10827513626811935,0.0006520643517480315,1,ok,2.327,10000,55565,11.113,128,0.5759380905246109,20,489,1,30,0.29436458248790126,lspar,0.5,0.4965,0.421875,ok,0.16314,27588,0.3759704545395105,0.006323045539076214,0.3844594195104893,0.5193169739422071,0.037948234675678115,0.1590096463856178,30.6,0.9806345584534188,1.1295859289937653,0.04879590799100697,0.6649984319810756,0.7137943399720825,0.3779607606723054,0.0015421610434038337,0.6661610351860127,0.006716114524879812,0.416443766793333,-0.0016203671446013458,-0.0002327308546609567,42.333333333333336,0.5994667581949192,0.7137943399720825,1,0.38014085776029083,0.5316162247390813,0.178329935391943,30,-0.002180097087985444,-0.006498658838183902,0.0019903061327948834,0.14684406124380556,0.13454481044693134,0.2574341204077152,1.582508946537661,1.69862946237129,0.38014085776029083,0.5316162247390813,0.178329935391943,30,1.0
A,sbm_ps,leiden,10,1,0,1,11.183,0.57853,0.10827513626811935,0.0006520643517480315,1,ok,2.327,10000,55565,11.113,128,0.5759380905246109,20,489,1,30,0.29436458248790126,lspar,0.2,0.16314,0.0,ok,0.16314,9065,0.3759704545395105,0.006323045539076214,0.3844594195104893,0.5193169739422071,0.037948234675678115,0.1590096463856178,30.6,0.9806345584534188,1.1295859289937653,0.083061461977195,0.3233214169934702,0.4063828789706652,0.19810624476750913,0.0,0.4455198023125216,6.409875621278546e-17,0.07301909701824173,-0.00022605058174895914,-2.8879052549859472e-05,937.0,0.943410144104885,0.4063828789706652,1,0.38014085776029083,0.5316162247390813,0.178329935391943,30,-0.1820346129927817,-0.18635317474298016,-0.17786420977200137,-0.07379717162968552,-0.08609642242655974,-0.08599054936737606,2.779610036365003,3.4936934877301318,0.27688444376315885,0.5136667492611618,0.1553774918036741,729,30.0
A,sbm_ps,leiden,10,1,0,1,11.183,0.57853,0.10827513626811935,0.0006520643517480315,1,ok,2.327,10000,55565,11.113,128,0.5759380905246109,20,489,1,30,0.29436458248790126,lspar,0.15,0.16314,0.0,floor,0.16314,9065,0.3759704545395105,0.006323045539076214,0.3844594195104893,0.5193169739422071,0.037948234675678115,0.1590096463856178,30.6,0.9806345584534188,1.1295859289937653,0.0442548569990322,0.3244720416453977,0.3687268986444299,0.19810624476750913,0.0,0.4455198023125216,6.409875621278546e-17,0.07301909701824173,7.409700747878008e-05,9.762492134224107e-06,937.0,0.943410144104885,0.3687268986444299,1,0.38014085776029083,0.5316162247390813,0.178329935391943,30,-0.1820346129927817,-0.18635317474298016,-0.17786420977200137,-0.07379717162968552,-0.08609642242655974,-0.08599054936737606,3.063475795084442,3.4813043467955977,0.27688444376315885,0.5136667492611618,0.1553774918036741,729,30.0
A,sbm_ps,leiden,10,1,0,1,11.183,0.57853,0.10827513626811935,0.0006520643517480315,1,ok,2.327,10000,55565,11.113,128,0.5759380905246109,20,489,1,30,0.29436458248790126,lspar,0.05,0.16314,0.0,floor,0.16314,9065,0.3759704545395105,0.006323045539076214,0.3844594195104893,0.5193169739422071,0.037948234675678115,0.1590096463856178,30.6,0.9806345584534188,1.1295859289937653,0.043991322978399694,0.3202619489942056,0.3642532719726053,0.19810624476750913,0.0,0.4455198023125216,6.409875621278546e-17,0.07301909701824173,-2.2963840151856526e-06,4.885214100440444e-07,937.0,0.943410144104885,0.3642532719726053,1,0.38014085776029083,0.5316162247390813,0.178329935391943,30,-0.1820346129927817,-0.18635317474298016,-0.17786420977200137,-0.07379717162968552,-0.08609642242655974,-0.08599054936737606,3.1011002945190262,3.5270688027137513,0.27688444376315885,0.5136667492611618,0.1553774918036741,729,30.0
A,sbm_ps,leiden,10,1,0,1,11.183,0.57853,0.10827513626811935,0.0006520643517480315,1,ok,2.327,10000,55565,11.113,128,0.5759380905246109,20,489,1,30,0.29436458248790126,dspar,0.5,0.50094,0.5,ok,0.16314,27835,0.3759704545395105,0.006323045539076214,0.3844594195104893,0.5193169739422071,0.037948234675678115,0.1590096463856178,30.6,0.9806345584534188,1.1295859289937653,0.01094261696562171,0.8565361473398904,0.8674787643055121,0.23794689483908946,0.0004352669342272807,0.13590349392931703,0.0021750558461686776,0.018790873087848627,0.0011553978299568694,-1.4039378028857292e-05,35.0,0.6055365245867727,0.8674787643055121,1,0.38014085776029083,0.5316162247390813,0.178329935391943,30,-0.14219396292120137,-0.14651252467139983,-0.13802355970042104,-0.3834134800128901,-0.3957127308097643,-0.14021877329776916,1.3021482201908325,1.318783722674022,0.38014085776029083,0.5316162247390813,0.178329935391943,30,1.0
A,sbm_ps,leiden,10,1,0,1,11.183,0.57853,0.10827513626811935,0.0006520643517480315,1,ok,2.327,10000,55565,11.113,128,0.5759380905246109,20,489,1,30,0.29436458248790126,dspar,0.2,0.19955,0.2,ok,0.16314,11088,0.3759704545395105,0.006323045539076214,0.3844594195104893,0.5193169739422071,0.037948234675678115,0.1590096463856178,30.6,0.9806345584534188,1.1295859289937653,0.00859361095353961,0.46073840832104906,0.4693320192745887,0.16609908551666208,0.0003223653199688445,0.10409541919941916,0.0010520155994813473,0.013131741818746795,0.000278867440032333,3.987927198561099e-05,1136.6666666666667,3.6123043822348246,0.4693320192745887,1,0.38014085776029083,0.5316162247390813,0.178329935391943,30,-0.21404177224362875,-0.2183603339938272,-0.20987136902284842,-0.41522155474278793,-0.42752080553966215,-0.145877904566871,2.4067949396243655,2.4516860513323078,0.22948508919955313,0.3856000657314145,0.07265841097935169,1296,60.0
A,sbm_ps,leiden,10,1,0,1,11.183,0.57853,0.10827513626811935,0.0006520643517480315,1,ok,2.327,10000,55565,11.113,128,0.5759380905246109,20,489,1,30,0.29436458248790126,dspar,0.15,0.14952,0.15,ok,0.16314,8308,0.3759704545395105,0.006323045539076214,0.3844594195104893,0.5193169739422071,0.037948234675678115,0.1590096463856178,30.6,0.9806345584534188,1.1295859289937653,0.01076405995991081,0.4792625663297561,0.4900266262896669,0.14079147833449515,9.320882050798314e-05,0.10659600409323533,0.0009112139801500339,0.012078123960620924,0.00036754577703992784,2.5834147028938676e-05,2321.3333333333335,3.8981504220701617,0.4900266262896669,1,0.38014085776029083,0.5316162247390813,0.178329935391943,30,-0.23934937942579568,-0.24366794117599413,-0.23517897620501535,-0.4127209698489718,-0.425020220645846,-0.14693152242499688,2.3051521456020616,2.3569250101134642,0.18384784288821623,0.2920305263582775,0.03287987211594034,2130,120.0
A,sbm_ps,leiden,10,1,0,1,11.183,0.57853,0.10827513626811935,0.0006520643517480315,1,ok,2.327,10000,55565,11.113,128,0.5759380905246109,20,489,1,30,0.29436458248790126,dspar,0.05,0.04965,0.05,ok,0.16314,2759,0.3759704545395105,0.006323045539076214,0.3844594195104893,0.5193169739422071,0.037948234675678115,0.1590096463856178,30.6,0.9806345584534188,1.1295859289937653,0.010955559031572193,0.5026847686773787,0.5136403277089509,0.0498928940741167,6.938893903907228e-18,0.06578796852385259,1.6361670521979892e-16,0.0038045569743053926,0.00019864150842615821,9.241676427213723e-06,7241.0,0.7327855484382862,0.5136403277089509,1,0.38014085776029083,0.5316162247390813,0.178329935391943,30,-0.33024796368617415,-0.3345665254363726,-0.3260775604653938,-0.4535290054183545,-0.4658282562152287,-0.1552050894113124,2.1991768715517095,2.2471059387095327,0.18384784288821623,0.2920305263582775,0.03287987211594034,2130,120.0
A,sbm_ps,leiden,10,1,0,1,11.183,0.57853,0.10827513626811935,0.0006520643517480315,1,ok,2.327,10000,55565,11.113,128,0.5759380905246109,20,489,1,30,0.29436458248790126,random,0.5,0.49999,0.5,ok,0.16314,27782,0.3759704545395105,0.006323045539076214,0.3844594195104893,0.5193169739422071,0.037948234675678115,0.1590096463856178,30.6,0.9806345584534188,1.1295859289937653,0.001169343013316393,0.8505862806535637,0.8517556236668801,0.2413574867292808,0.0011639041146781258,0.14357263012645205,0.004036643292005133,0.02165232972517106,0.001545581904821642,0.00021265240876338154,65.66666666666667,1.312554182017344,0.8517556236668801,1,0.38014085776029083,0.5316162247390813,0.178329935391943,30,-0.13878337103101002,-0.14310193278120847,-0.1346129678102297,-0.37574434381575506,-0.3880435946126293,-0.13735731666044673,1.3261854663557162,1.328008639083418,0.38332820175721766,0.6394476175852803,0.35008632377297005,61,1.5
A,sbm_ps,leiden,10,1,0,1,11.183,0.57853,0.10827513626811935,0.0006520643517480315,1,ok,2.327,10000,55565,11.113,128,0.5759380905246109,20,489,1,30,0.29436458248790126,random,0.2,0.2,0.2,ok,0.16314,11113,0.3759704545395105,0.006323045539076214,0.3844594195104893,0.5193169739422071,0.037948234675678115,0.1590096463856178,30.6,0.9806345584534188,1.1295859289937653,0.0008511199848726392,0.4965925813303329,0.49744370131520554,0.16286729038840503,0.000364151770965798,0.09998612793874613,0.0012644869493870807,0.012346576411776743,-0.00026743442918453404,1.5296340444016992e-05,1347.3333333333333,3.854504406016536,0.49744370131520554,1,0.38014085776029083,0.5316162247390813,0.178329935391943,30,-0.2172735673718858,-0.22159212912208426,-0.21310316415110547,-0.419330846003461,-0.4316300968003352,-0.14666306997384104,2.270781449251887,2.2746733871208717,0.22948508919955313,0.3856000657314145,0.07265841097935169,1296,60.0
A,sbm_ps,leiden,10,1,0,1,11.183,0.57853,0.10827513626811935,0.0006520643517480315,1,ok,2.327,10000,55565,11.113,128,0.5759380905246109,20,489,1,30,0.29436458248790126,random,0.15,0.15,0.15,ok,0.16314,8335,0.3759704545395105,0.006323045539076214,0.3844594195104893,0.5193169739422071,0.037948234675678115,0.1590096463856178,30.6,0.9806345584534188,1.1295859289937653,0.0010422579944133759,0.4888473616835351,0.4898896196779485,0.13924788513479328,2.616179481257599e-05,0.10419392027009088,0.0018168674781673512,0.011921454683491243,0.0013552896810229377,0.00015916597859924492,2429.6666666666665,4.127096546199036,0.4898896196779485,1,0.38014085776029083,0.5316162247390813,0.178329935391943,30,-0.24089297262549755,-0.245211534375696,-0.23672256940471723,-0.4151230536721162,-0.42742230446899043,-0.14708819170212656,2.3057968236525417,2.3107129495464576,0.18384784288821623,0.2920305263582775,0.03287987211594034,2130,120.0
A,sbm_ps,leiden,10,1,0,1,11.183,0.57853,0.10827513626811935,0.0006520643517480315,1,ok,2.327,10000,55565,11.113,128,0.5759380905246109,20,489,1,30,0.29436458248790126,random,0.05,0.05,0.05,ok,0.16314,2778,0.3759704545395105,0.006323045539076214,0.3844594195104893,0.5193169739422071,0.037948234675678115,0.1590096463856178,30.6,0.9806345584534188,1.1295859289937653,0.0009881139849312603,0.5360325026752738,0.5370206166602051,0.05010068675260149,0.0,0.06561358551123483,1.6361670521979892e-16,0.0038101159299675515,0.00016314960865274216,9.773550873214992e-06,7222.0,0.784485156009978,0.5370206166602051,1,0.38014085776029083,0.5316162247390813,0.178329935391943,30,-0.33004017100768934,-0.3343587327578878,-0.325869767786909,-0.45370338843097224,-0.46600263922784646,-0.15519953045565024,2.1034312165123086,2.1073086489273276,0.18384784288821623,0.2920305263582775,0.03287987211594034,2130,120.0
A,sbm_ps,leiden,10,2,0,1,11.183,0.57853,0.09395167250740014,0.0006538527596276595,1,ok,2.327,10000,55897,11.1794,95,0.5773655115659159,21,468,1,25,0.2921535131003704,lspar,0.5,0.49529,0.40625,ok,0.16453,27685,0.34413476064192905,0.0034567058611724606,0.3493871533970913,0.3389544636642498,0.031627611690621546,0.06899314653529842,22.2,1.1862691121042377,1.1950094347819686,0.046315958024933934,0.6922399243339896,0.7385558823589236,0.3570074213822276,0.004366998224772875,0.6136650248721481,0.010499187700410894,0.36578042675830097,-3.296947018247313e-06,6.955013747339046e-05,36.333333333333336,0.614306405064707,0.7385558823589236,1,0.3493871533970913,0.3847881902755893,0.09350638424893941,24,0.007620267985136264,0.007620267985136264,0.012872660740298525,0.27471056120789833,0.22887683459655883,0.29678728022300255,1.6180352270232379,1.726293720969212,0.3493871533970913,0.3847881902755893,0.09350638424893941,24,1.0
A,sbm_ps,leiden,10,2,0,1,11.183,0.57853,0.09395167250740014,0.0006538527596276595,1,ok,2.327,10000,55897,11.1794,95,0.5773655115659159,21,468,1,25,0.2921535131003704,lspar,0.2,0.16453,0.0,ok,0.16453,9197,0.34413476064192905,0.0034567058611724606,0.3493871533970913,0.3389544636642498,0.031627611690621546,0.06899314653529842,22.2,1.1862691121042377,1.1950094347819686,0.07895446196198463,0.32076411531306803,0.39971857727505267,0.19170429110694678,2.7755575615628914e-17,0.4058852588505311,0.0,0.05621019031579266,-0.0006656738459444323,-9.608028442662985e-05,812.0,1.0553741706143847,0.39971857727505267,1,0.3493871533970913,0.3847881902755893,0.09350638424893941,24,-0.15768286229014453,-0.15768286229014453,-0.15243046953498227,0.06693079518628131,0.021097068574941813,-0.012782956219505759,2.9896269593686253,3.7255084896751343,0.24655329004147492,0.4028852279085989,0.08467802147847715,816,30.0
A,sbm_ps,leiden,10,2,0,1,11.183,0.57853,0.09395167250740014,0.0006538527596276595,1,ok,2.327,10000,55897,11.1794,95,0.5773655115659159,21,468,1,25,0.2921535131003704,lspar,0.15,0.16453,0.0,floor,0.16453,9197,0.34413476064192905,0.0034567058611724606,0.3493871533970913,0.3389544636642498,0.031627611690621546,0.06899314653529842,22.2,1.1862691121042377,1.1950094347819686,0.04216930200345814,0.32755724833502126,0.3697265503384794,0.19170429110694678,2.7755575615628914e-17,0.4058852588505311,0.0,0.05621019031579266,-0.0008232579988208154,-2.8501241886942537e-05,812.0,1.0553741706143847,0.3697265503384794,1,0.3493871533970913,0.3847881902755893,0.09350638424893941,24,-0.15768286229014453,-0.15768286229014453,-0.15243046953498227,0.06693079518628131,0.021097068574941813,-0.012782956219505759,3.2321439552770945,3.648246042046759,0.24655329004147492,0.4028852279085989,0.08467802147847715,816,30.0
A,sbm_ps,leiden,10,2,0,1,11.183,0.57853,0.09395167250740014,0.0006538527596276595,1,ok,2.327,10000,55897,11.1794,95,0.5773655115659159,21,468,1,25,0.2921535131003704,lspar,0.05,0.16453,0.0,floor,0.16453,9197,0.34413476064192905,0.0034567058611724606,0.3493871533970913,0.3389544636642498,0.031627611690621546,0.06899314653529842,22.2,1.1862691121042377,1.1950094347819686,0.04178909194888547,0.32204609298302483,0.3638351849319103,0.19170429110694678,2.7755575615628914e-17,0.4058852588505311,0.0,0.05621019031579266,0.0001750805114325339,-1.2047214138149109e-05,812.0,1.0553741706143847,0.3638351849319103,1,0.3493871533970913,0.3847881902755893,0.09350638424893941,24,-0.15768286229014453,-0.15768286229014453,-0.15243046953498227,0.06693079518628131,0.021097068574941813,-0.012782956219505759,3.2844801280162277,3.7106782563729412,0.24655329004147492,0.4028852279085989,0.08467802147847715,816,30.0
A,sbm_ps,leiden,10,2,0,1,11.183,0.57853,0.09395167250740014,0.0006538527596276595,1,ok,2.327,10000,55897,11.1794,95,0.5773655115659159,21,468,1,25,0.2921535131003704,dspar,0.5,0.50056,0.5,ok,0.16453,27980,0.34413476064192905,0.0034567058611724606,0.3493871533970913,0.3389544636642498,0.031627611690621546,0.06899314653529842,22.2,1.1862691121042377,1.1950094347819686,0.00966632302151993,0.8654415150328229,0.8751078380543428,0.2332145597325074,0.00045649619337583827,0.10516914414621466,0.00391390041229687,0.01515112887926047,0.00050779571430408,-3.7959287362469554e-05,32.333333333333336,0.7282048563124756,0.8751078380543428,1,0.3493871533970913,0.3847881902755893,0.09350638424893941,24,-0.1161725936645839,-0.1161725936645839,-0.11092020090942165,-0.23378531951803516,-0.27961904612937466,-0.05384201765603795,1.3655567723389086,1.380809002138806,0.3493871533970913,0.3847881902755893,0.09350638424893941,24,1.0
A,sbm_ps,leiden,10,2,0,1,11.183,0.57853,0.09395167250740014,0.0006538527596276595,1,ok,2.327,10000,55897,11.1794,95,0.5773655115659159,21,468,1,25,0.2921535131003704,dspar,0.2,0.20146,0.2,ok,0.16453,11261,0.34413476064192905,0.0034567058611724606,0.3493871533970913,0.3389544636642498,0.031627611690621546,0.06899314653529842,22.2,1.1862691121042377,1.1950094347819686,0.010943188972305506,0.47050299565307796,0.48144618462538347,0.16531627797907225,0.0003137348190591662,0.08416581402858518,0.0021445095568368164,0.010202995109851828,0.0006323313097192816,6.422122155510444e-05,1060.0,3.5186813656630487,0.48144618462538347,1,0.3493871533970913,0.3847881902755893,0.09350638424893941,24,-0.18407087541801906,-0.18407087541801906,-0.1788184826628568,-0.2547886496356646,-0.3006223762470041,-0.05879015142544659,2.4821246339542884,2.5398551036285015,0.24655329004147492,0.4028852279085989,0.08467802147847715,816,30.0
A,sbm_ps,leiden,10,2,0,1,11.183,0.57853,0.09395167250740014,0.0006538527596276595,1,ok,2.327,10000,55897,11.1794,95,0.5773655115659159,21,468,1,25,0.2921535131003704,dspar,0.15,0.1492,0.15,ok,0.16453,8340,0.34413476064192905,0.0034567058611724606,0.3493871533970913,0.3389544636642498,0.031627611690621546,0.06899314653529842,22.2,1.1862691121042377,1.1950094347819686,0.010819820978213102,0.47566552898691344,0.48648534996512655,0.13930858036512306,0.0005265507675814249,0.09055099874431048,0.0006471327450926968,0.009155356967788499,-0.00010504365880945831,-2.818627484548742e-05,2295.6666666666665,3.8890393536714813,0.48648534996512655,1,0.3493871533970913,0.3847881902755893,0.09350638424893941,24,-0.21007857303196825,-0.21007857303196825,-0.204826180276806,-0.2484034649199393,-0.2942371915312788,-0.05983778956750992,2.4564140212395547,2.5122893334884604,0.16986133491731714,0.2410247207260122,0.019540384125523676,2229,120.0
A,sbm_ps,leiden,10,2,0,1,11.183,0.57853,0.09395167250740014,0.0006538527596276595,1,ok,2.327,10000,55897,11.1794,95,0.5773655115659159,21,468,1,25,0.2921535131003704,dspar,0.05,0.05018,0.05,ok,0.16453,2805,0.34413476064192905,0.0034567058611724606,0.3493871533970913,0.3389544636642498,0.031627611690621546,0.06899314653529842,22.2,1.1862691121042377,1.1950094347819686,0.01002575398888439,0.4971502546686679,0.5071760086575523,0.05030859077786345,0.0,0.061181177391119335,0.0,0.002816565363223719,7.245104575556543e-05,2.2225566190167734e-06,7195.0,0.7259936638841967,0.5071760086575523,1,0.3493871533970913,0.3847881902755893,0.09350638424893941,24,-0.2990785626192279,-0.2990785626192279,-0.2938261698640656,-0.27777328627313047,-0.32360701288446997,-0.0661765811720747,2.356202608922783,2.403718842663367,0.16986133491731714,0.2410247207260122,0.019540384125523676,2229,120.0
A,sbm_ps,leiden,10,2,0,1,11.183,0.57853,0.09395167250740014,0.0006538527596276595,1,ok,2.327,10000,55897,11.1794,95,0.5773655115659159,21,468,1,25,0.2921535131003704,random,0.5,0.49999,0.5,ok,0.16453,27948,0.34413476064192905,0.0034567058611724606,0.3493871533970913,0.3389544636642498,0.031627611690621546,0.06899314653529842,22.2,1.1862691121042377,1.1950094347819686,0.001131836965214461,0.8673056383462002,0.8684374753114147,0.2350723488735296,0.0009391402766171586,0.11618188256948132,0.003006723604852875,0.017829819099482416,0.00045870736663727044,-7.242002865436702e-05,68.33333333333333,1.3774205009173128,0.8684374753114147,1,0.3493871533970913,0.3847881902755893,0.09350638424893941,24,-0.11431480452356171,-0.11431480452356171,-0.10906241176839945,-0.2227725810947685,-0.268606307706108,-0.051163327435816,1.3760454480081572,1.3778411922475704,0.3654263863150505,0.6137482180950128,0.38627492244506423,72,2.0
A,sbm_ps,leiden,10,2,0,1,11.183,0.57853,0.09395167250740014,0.0006538527596276595,1,ok,2.327,10000,55897,11.1794,95,0.5773655115659159,21,468,1,25,0.2921535131003704,random,0.2,0.19999,0.2,ok,0.16453,11179,0.34413476064192905,0.0034567058611724606,0.3493871533970913,0.3389544636642498,0.031627611690621546,0.06899314653529842,22.2,1.1862691121042377,1.1950094347819686,0.0008705250220373273,0.4876394796495636,0.48851000467160094,0.1626846983710997,0.0005008873101515626,0.0850839146259285,0.0020890174307084926,0.010536868893533622,-0.00011701525923028573,1.6259023655173853e-06,1252.6666666666667,3.7935356164864813,0.48851000467160094,1,0.3493871533970913,0.3847881902755893,0.09350638424893941,24,-0.18670245502599161,-0.18670245502599161,-0.18145006227082935,-0.2538705490383213,-0.2997042756496608,-0.0584562776417648,2.4462332876586825,2.450600258290711,0.2100099690712531,0.31540779627154647,0.04266009795145597,1379,60.0
A,sbm_ps,leiden,10,2,0,1,11.183,0.57853,0.09395167250740014,0.0006538527596276595,1,ok,2.327,10000,55897,11.1794,95,0.5773655115659159,21,468,1,25,0.2921535131003704,random,0.15,0.15001,0.15,ok,0.16453,8385,0.34413476064192905,0.0034567058611724606,0.3493871533970913,0.3389544636642498,0.031627611690621546,0.06899314653529842,22.2,1.1862691121042377,1.1950094347819686,0.0007592140464112163,0.4902413553209044,0.4910005693673156,0.13929269022692256,0.0002401236270130668,0.08690465369035157,0.001969144506277139,0.00930967886151367,0.00015328030861999905,5.7024613524751377e-05,2350.0,4.036255496113819,0.4910005693673156,1,0.3493871533970913,0.3847881902755893,0.09350638424893941,24,-0.21009446317016875,-0.21009446317016875,-0.2048420704150065,-0.25204980997389825,-0.29788353658523775,-0.059683467673784754,2.4338249471315514,2.437594098930585,0.16986133491731714,0.2410247207260122,0.019540384125523676,2229,120.0
A,sbm_ps,leiden,10,2,0,1,11.183,0.57853,0.09395167250740014,0.0006538527596276595,1,ok,2.327,10000,55897,11.1794,95,0.5773655115659159,21,468,1,25,0.2921535131003704,random,0.05,0.05,0.05,ok,0.16453,2795,0.34413476064192905,0.0034567058611724606,0.3493871533970913,0.3389544636642498,0.031627611690621546,0.06899314653529842,22.2,1.1862691121042377,1.1950094347819686,0.000728997983969748,0.5270462636641847,0.5277752616481545,0.05009346148922627,0.0,0.05972924108175465,0.0,0.002852509593184197,-0.0006205885709257313,-2.8167229677523785e-05,7205.0,0.8286679069446338,0.5277752616481545,1,0.3493871533970913,0.3847881902755893,0.09350638424893941,24,-0.29929369190786503,-0.29929369190786503,-0.2940412991527028,-0.27922522258249516,-0.32505894919383466,-0.06614063694211422,2.2642391972866496,2.267371039638726,0.16986133491731714,0.2410247207260122,0.019540384125523676,2229,120.0
A,sbm_ps,leiden,10,3,0,1,11.183,0.57853,0.09770915748869498,0.0006534397999899999,1,ok,2.327,10000,56101,11.2202,101,0.5802570364164632,20,444,2,26,0.2975320988917122,lspar,0.5,0.50318,0.421875,ok,0.16338,28229,0.3548686891177304,0.003711433676096717,0.3621561796684954,0.42638566247412674,0.02263220054537566,0.1194254227243999,25.8,0.934193797587813,1.1144420184078627,0.04611822700826451,0.6999964433101317,0.7461146703183962,0.36053201039902044,0.005357801342999462,0.629539444746588,0.02030578315324717,0.3636400066237373,5.504186674241319e-05,-0.0003431570633161281,37.0,0.7358326645608276,0.7461146703183962,1,0.35421314130017784,0.4226949634133511,0.11724388921334594,25,0.0063188690988426055,-0.001624169269474951,0.005663321281290046,0.20315378227246123,0.20684448133323685,0.2442145838993374,1.493660509224791,1.5920681155719987,0.3645156611660176,0.5617470585934436,0.2791554023579126,48,1.5
A,sbm_ps,leiden,10,3,0,1,11.183,0.57853,0.09770915748869498,0.0006534397999899999,1,ok,2.327,10000,56101,11.2202,101,0.5802570364164632,20,444,2,26,0.2975320988917122,lspar,0.2,0.16338,0.0,ok,0.16338,9166,0.3548686891177304,0.003711433676096717,0.3621561796684954,0.42638566247412674,0.02263220054537566,0.1194254227243999,25.8,0.934193797587813,1.1144420184078627,0.07820743496995419,0.3291983116650954,0.4074057466350496,0.19176273208006367,0.0,0.4160468347077541,0.0,0.06246084397053082,-0.0006860239881448316,-6.914731609917718e-05,840.0,0.9963087874750477,0.4074057466350496,1,0.35421314130017784,0.4226949634133511,0.11724388921334594,25,-0.16245040922011417,-0.17039344758843172,-0.16310595703766673,-0.010338827766372627,-0.006648128705597001,-0.05696457875386909,2.7354597415783877,3.3853211845801394,0.24567046305406215,0.41600385794881317,0.0927322271604168,817,30.0
A,sbm_ps,leiden,10,3,0,1,11.183,0.57853,0.09770915748869498,0.0006534397999899999,1,ok,2.327,10000,56101,11.2202,101,0.5802570364164632,20,444,2,26,0.2975320988917122,lspar,0.15,0.16338,0.0,floor,0.16338,9166,0.3548686891177304,0.003711433676096717,0.3621561796684954,0.42638566247412674,0.02263220054537566,0.1194254227243999,25.8,0.934193797587813,1.1144420184078627,0.039890910033136606,0.3318509863456711,0.3717418963788077,0.19176273208006367,0.0,0.4160468347077541,0.0,0.06246084397053082,-0.00020157577301837444,-1.4890263536443944e-05,840.0,0.9963087874750477,0.3717418963788077,1,0.35421314130017784,0.4226949634133511,0.11724388921334594,25,-0.16245040922011417,-0.17039344758843172,-0.16310595703766673,-0.010338827766372627,-0.006648128705597001,-0.05696457875386909,2.9978918955969336,3.3582603766830728,0.24567046305406215,0.41600385794881317,0.0927322271604168,817,30.0
A,sbm_ps,leiden,10,3,0,1,11.183,0.57853,0.09770915748869498,0.0006534397999899999,1,ok,2.327,10000,56101,11.2202,101,0.5802570364164632,20,444,2,26,0.2975320988917122,lspar,0.05,0.16338,0.0,floor,0.16338,9166,0.3548686891177304,0.003711433676096717,0.3621561796684954,0.42638566247412674,0.02263220054537566,0.1194254227243999,25.8,0.934193797587813,1.1144420184078627,0.03990275698015466,0.334996309344812,0.37489906632496667,0.19176273208006367,0.0,0.4160468347077541,0.0,0.06246084397053082,-0.0009622644450389723,-7.104000397927252e-05,840.0,0.9963087874750477,0.37489906632496667,1,0.35421314130017784,0.4226949634133511,0.11724388921334594,25,-0.16245040922011417,-0.17039344758843172,-0.16310595703766673,-0.010338827766372627,-0.006648128705597001,-0.05696457875386909,2.972645489177751,3.3267292424429864,0.24567046305406215,0.41600385794881317,0.0927322271604168,817,30.0
A,sbm_ps,leiden,10,3,0,1,11.183,0.57853,0.09770915748869498,0.0006534397999899999,1,ok,2.327,10000,56101,11.2202,101,0.5802570364164632,20,444,2,26,0.2975320988917122,dspar,0.5,0.50095,0.5,ok,0.16338,28104,0.3548686891177304,0.003711433676096717,0.3621561796684954,0.42638566247412674,0.02263220054537566,0.1194254227243999,25.8,0.934193797587813,1.1144420184078627,0.009670858038589358,0.8819898936781101,0.8916607517166995,0.23262160510101096,0.001002265604179634,0.11290158408402078,0.0076103582552721465,0.017668944703469778,-0.0005499278015219741,-0.0002814719091648658,30.333333333333332,0.6592780365476999,0.8916607517166995,1,0.35421314130017784,0.4226949634133511,0.11724388921334594,25,-0.12159153619916688,-0.12953457456748443,-0.12224708401671944,-0.31348407839010595,-0.3097933793293303,-0.10175647802093013,1.2498498069610513,1.2635541817382638,0.35421314130017784,0.4226949634133511,0.11724388921334594,25,1.0
A,sbm_ps,leiden,10,3,0,1,11.183,0.57853,0.09770915748869498,0.0006534397999899999,1,ok,2.327,10000,56101,11.2202,101,0.5802570364164632,20,444,2,26,0.2975320988917122,dspar,0.2,0.20123,0.2,ok,0.16338,11289,0.3548686891177304,0.003711433676096717,0.3621561796684954,0.42638566247412674,0.02263220054537566,0.1194254227243999,25.8,0.934193797587813,1.1144420184078627,0.010609690973069519,0.4829396406809489,0.49354933165401843,0.16416709713922376,0.0003187890137581152,0.08604322819236122,0.0007631108794511284,0.010396917115269669,0.0005330408273869156,1.3788177376540331e-05,1078.3333333333333,3.5630981952852814,0.49354933165401843,1,0.35421314130017784,0.4226949634133511,0.11724388921334594,25,-0.19004604416095408,-0.19798908252927164,-0.19070159197850664,-0.3403424342817655,-0.3366517352209899,-0.10902850560913023,2.258015454449231,2.307621749244875,0.24567046305406215,0.41600385794881317,0.0927322271604168,817,30.0
A,sbm_ps,leiden,10,3,0,1,11.183,0.57853,0.09770915748869498,0.0006534397999899999,1,ok,2.327,10000,56101,11.2202,101,0.5802570364164632,20,444,2,26,0.2975320988917122,dspar,0.15,0.14984,0.15,ok,0.16338,8406,0.3548686891177304,0.003711433676096717,0.3621561796684954,0.42638566247412674,0.02263220054537566,0.1194254227243999,25.8,0.934193797587813,1.1144420184078627,0.010690980008803308,0.4831679990165867,0.49385897902539,0.1389046799406494,0.000580131342737672,0.0926363073599588,0.003332678603714822,0.009721129141614314,0.00019359685633509236,2.1063386893918725e-05,2248.0,3.904150705773565,0.49385897902539,1,0.35421314130017784,0.4226949634133511,0.11724388921334594,25,-0.21530846135952844,-0.223251499727846,-0.215964009177081,-0.3337493551141679,-0.3300586560533923,-0.10970429358278559,2.2565996888568622,2.306531104452563,0.16906768882159856,0.24098600442975723,0.020582332605464094,2234,120.0
A,sbm_ps,leiden,10,3,0,1,11.183,0.57853,0.09770915748869498,0.0006534397999899999,1,ok,2.327,10000,56101,11.2202,101,0.5802570364164632,20,444,2,26,0.2975320988917122,dspar,0.05,0.05071,0.05,ok,0.16338,2845,0.3548686891177304,0.003711433676096717,0.3621561796684954,0.42638566247412674,0.02263220054537566,0.1194254227243999,25.8,0.934193797587813,1.1144420184078627,0.010934405028820038,0.4975058309889088,0.5084402360177289,0.05065203506948015,6.938893903907228e-18,0.06205300602317706,6.938893903907228e-18,0.003005948087747632,7.4041728791619e-05,4.536183021976319e-06,7155.0,0.7517211584091537,0.5084402360177289,1,0.35421314130017784,0.4226949634133511,0.11724388921334594,25,-0.3035611062306977,-0.31150414459901526,-0.30421665404825027,-0.3643326564509497,-0.3606419573901741,-0.11641947463665227,2.1918840002446287,2.2400582043282777,0.16906768882159856,0.24098600442975723,0.020582332605464094,2234,120.0
A,sbm_ps,leiden,10,3,0,1,11.183,0.57853,0.09770915748869498,0.0006534397999899999,1,ok,2.327,10000,56101,11.2202,101,0.5802570364164632,20,444,2,26,0.2975320988917122,random,0.5,0.49999,0.5,ok,0.16338,28050,0.3548686891177304,0.003711433676096717,0.3621561796684954,0.42638566247412674,0.02263220054537566,0.1194254227243999,25.8,0.934193797587813,1.1144420184078627,0.001153360994067043,0.8879429743198367,0.8890963353139038,0.2309488616817553,0.0011528776664021141,0.11239437363676981,0.0013259227785583929,0.018110292760482972,0.00012077726105318519,-1.580510860916439e-05,59.333333333333336,1.1549494902664124,0.8890963353139038,1,0.35421314130017784,0.4226949634133511,0.11724388921334594,25,-0.12326427961842254,-0.1312073179867401,-0.1239198274359751,-0.31399128883735694,-0.3103005897765813,-0.10131512996391694,1.2534547429153429,1.2550828720296188,0.3645156611660176,0.5617470585934436,0.2791554023579126,48,1.5
A,sbm_ps,leiden,10,3,0,1,11.183,0.57853,0.09770915748869498,0.0006534397999899999,1,ok,2.327,10000,56101,11.2202,101,0.5802570364164632,20,444,2,26,0.2975320988917122,random,0.2,0.2,0.2,ok,0.16338,11220,0.3548686891177304,0.003711433676096717,0.3621561796684954,0.42638566247412674,0.02263220054537566,0.1194254227243999,25.8,0.934193797587813,1.1144420184078627,0.0009724479750730097,0.492891425654913,0.493863873629986,0.1613184754345616,0.00018494805669292023,0.08663138032700833,0.0010235984144962825,0.010586175117196582,-0.00022824242756395538,-2.272232217515655e-05,1282.3333333333333,3.846974760878712,0.493863873629986,1,0.35421314130017784,0.4226949634133511,0.11724388921334594,25,-0.19289466586561624,-0.2008377042339338,-0.1935502136831688,-0.3397542821471184,-0.33606358308634277,-0.10883924760720332,2.2565773240640556,2.261029428392034,0.20745490906286923,0.3210956376379329,0.04432422668270483,1401,60.0
A,sbm_ps,leiden,10,3,0,1,11.183,0.57853,0.09770915748869498,0.0006534397999899999,1,ok,2.327,10000,56101,11.2202,101,0.5802570364164632,20,444,2,26,0.2975320988917122,random,0.15,0.15,0.15,ok,0.16338,8415,0.3548686891177304,0.003711433676096717,0.3621561796684954,0.42638566247412674,0.02263220054537566,0.1194254227243999,25.8,0.934193797587813,1.1144420184078627,0.0009075169800780714,0.489522342007452,0.49042985898753005,0.13737594529172428,0.00025731241161817655,0.08823828572081067,0.0016695027797231827,0.010213081380368926,0.0002783591401157505,-2.784512834159956e-05,2403.6666666666665,4.109424419482468,0.49042985898753005,1,0.35421314130017784,0.4226949634133511,0.11724388921334594,25,-0.21683719600845355,-0.2247802343767711,-0.2174927438260061,-0.3381473767533161,-0.33445667769254045,-0.10921234134403097,2.272377992458651,2.2765907146090947,0.16906768882159856,0.24098600442975723,0.020582332605464094,2234,120.0
A,sbm_ps,leiden,10,3,0,1,11.183,0.57853,0.09770915748869498,0.0006534397999899999,1,ok,2.327,10000,56101,11.2202,101,0.5802570364164632,20,444,2,26,0.2975320988917122,random,0.05,0.05,0.05,ok,0.16338,2805,0.3548686891177304,0.003711433676096717,0.3621561796684954,0.42638566247412674,0.02263220054537566,0.1194254227243999,25.8,0.934193797587813,1.1144420184078627,0.0009385239682160318,0.5336648443480954,0.5346033683163114,0.050141583200431494,0.0,0.06155385653260945,7.537568132987154e-17,0.0030713937114180633,0.0004008008652623334,1.586342831126666e-05,7195.0,0.8320240381142843,0.5346033683163114,1,0.35421314130017784,0.4226949634133511,0.11724388921334594,25,-0.30407155809974634,-0.3120145964680639,-0.3047271059172989,-0.3648318059415173,-0.36114110688074164,-0.11635402901298184,2.0846146591214056,2.0882807443859686,0.16906768882159856,0.24098600442975723,0.020582332605464094,2234,120.0
A,sbm_ps,leiden,25,1,0,1,24.635,0.5976,0.22772687446001103,0.0014837796283464569,1,ok,1.765,10000,123282,24.6564,128,0.5971918041563246,20,489,9,43,0.19603017030295386,lspar,0.5,0.50187,0.664062,ok,0.06751,61872,0.385414009266014,0.0020364790803554522,0.3873120690752283,0.910050036005968,0.012020382089518394,0.6814823648307573,57.8,0.8282219563641661,1.4073463411885314,0.14103425905341282,0.7713119779946283,0.9123462370480411,0.3824159121510078,0.0006278992360059709,0.9178600019319839,0.00529915631574026,0.6345559446297934,0.00043791682805537297,-6.322344963578316e-05,73.33333333333333,1.1668622127808093,0.9123462370480411,1,0.382120246087512,0.8947479165861897,0.5568741900519231,57,0.00029566606349579194,-0.004896156924220518,-0.002998097115006204,0.007809965926015905,0.02311208534579423,-0.046926420200963936,1.5425572924398714,1.824613621128457,0.38649043287233786,0.9532225261814434,0.8154598133804075,85,1.5
A,sbm_ps,leiden,25,1,0,1,24.635,0.5976,0.22772687446001103,0.0014837796283464569,1,ok,1.765,10000,123282,24.6564,128,0.5971918041563246,20,489,9,43,0.19603017030295386,lspar,0.2,0.19965,0.335938,ok,0.06751,24613,0.385414009266014,0.0020364790803554522,0.3873120690752283,0.910050036005968,0.012020382089518394,0.6814823648307573,57.8,0.8282219563641661,1.4073463411885314,0.13483052601804957,0.4180285533269246,0.5528590793449741,0.3654626784552511,0.0010192630505642605,0.8820571733565347,0.006660873322207839,0.7660387051641161,-0.0001979726892856637,1.3961922461407758e-05,86.33333333333333,0.7169567484028043,0.5528590793449741,1,0.382120246087512,0.8947479165861897,0.5568741900519231,57,-0.016657567632260895,-0.021849390619977205,-0.01995133081076289,-0.027992862649433348,-0.012690743229655022,0.08455634033335879,2.5455787808639254,3.3666273032978635,0.38649043287233786,0.9532225261814434,0.8154598133804075,85,1.5
A,sbm_ps,leiden,25,1,0,1,24.635,0.5976,0.22772687446001103,0.0014837796283464569,1,ok,1.765,10000,123282,24.6564,128,0.5971918041563246,20,489,9,43,0.19603017030295386,lspar,0.15,0.14518,0.210938,ok,0.06751,17898,0.385414009266014,0.0020364790803554522,0.3873120690752283,0.910050036005968,0.012020382089518394,0.6814823648307573,57.8,0.8282219563641661,1.4073463411885314,0.13303151505533606,0.3563791790123408,0.48941069406767684,0.34024810119640886,0.0008710703743466494,0.8173352107687938,0.005791748530850301,0.6305259265421058,-2.9171585642523157e-05,-5.4498564331722736e-05,86.33333333333333,0.6199482207243453,0.48941069406767684,1,0.382120246087512,0.8947479165861897,0.5568741900519231,57,-0.041872144891103136,-0.047063967878819446,-0.04516590806960513,-0.09271482523717423,-0.0774127058173959,-0.050956438288651484,2.875593766641152,3.9490139269325764,0.38649043287233786,0.9532225261814434,0.8154598133804075,85,1.5
A,sbm_ps,leiden,25,1,0,1,24.635,0.5976,0.22772687446001103,0.0014837796283464569,1,ok,1.765,10000,123282,24.6564,128,0.5971918041563246,20,489,9,43,0.19603017030295386,lspar,0.05,0.06751,0.0,floor,0.06751,8323,0.385414009266014,0.0020364790803554522,0.3873120690752283,0.910050036005968,0.012020382089518394,0.6814823648307573,57.8,0.8282219563641661,1.4073463411885314,0.12158615904627368,0.3605136893456802,0.48209984839195386,0.11870799818988213,1.3877787807814457e-17,0.5193838275625804,0.0,0.0822733127126033,-8.011551111235336e-05,-1.707888553533011e-05,1677.0,0.7519168039085176,0.48209984839195386,1,0.382120246087512,0.8947479165861897,0.5568741900519231,57,-0.26341224789762985,-0.26860407088534616,-0.26670601107613184,-0.3906662084433876,-0.3753640890236093,-0.599209052118154,2.9192009619640853,3.903725108865675,0.17830736751179016,0.5739434667904815,0.13201363649866618,1294,60.0
A,sbm_ps,leiden,25,1,0,1,24.635,0.5976,0.22772687446001103,0.0014837796283464569,1,ok,1.765,10000,123282,24.6564,128,0.5971918041563246,20,489,9,43,0.19603017030295386,dspar,0.5,0.49983,0.5,ok,0.06751,61620,0.385414009266014,0.0020364790803554522,0.3873120690752283,0.910050036005968,0.012020382089518394,0.6814823648307573,57.8,0.8282219563641661,1.4073463411885314,0.034805149014573544,1.2954584843246266,1.3302636333392002,0.29798078639887277,0.001485656672440677,0.5567031089975423,0.006628922870503354,0.17750443034571348,-0.0001243892292124523,8.508204386907594e-05,30.0,1.0354077389863157,1.3302636333392002,1,0.382120246087512,0.8947479165861897,0.5568741900519231,57,-0.08413945968863923,-0.08933128267635554,-0.08743322286714122,-0.35334692700842574,-0.3380448075886474,-0.5039779344850438,1.057945437218215,1.0863693111109125,0.36970864114854035,0.7866742698466406,0.3025129919132307,28,0.75
A,sbm_ps,leiden,25,1,0,1,24.635,0.5976,0.22772687446001103,0.0014837796283464569,1,ok,1.765,10000,123282,24.6564,128,0.5971918041563246,20,489,9,43,0.19603017030295386,dspar,0.2,0.19969,0.2,ok,0.06751,24618,0.385414009266014,0.0020364790803554522,0.3873120690752283,0.910050036005968,0.012020382089518394,0.6814823648307573,57.8,0.8282219563641661,1.4073463411885314,0.03494937199866399,0.8208242533146404,0.8557736253133044,0.10694360537979934,0.00025784759922317267,0.10820625918999481,0.0019941263357140773,0.014800742948269491,3.121817678218686e-05,-7.100169648723352e-05,75.0,1.2119444453379207,0.8557736253133044,1,0.382120246087512,0.8947479165861897,0.5568741900519231,57,-0.27517664070771264,-0.28036846369542895,-0.27847040388621463,-0.8018437768159732,-0.7865416573961949,-0.6666816218824878,1.6445310997675262,1.7145525799285368,0.38649043287233786,0.9532225261814434,0.8154598133804075,85,1.5
A,sbm_ps,leiden,25,1,0,1,24.635,0.5976,0.22772687446001103,0.0014837796283464569,1,ok,1.765,10000,123282,24.6564,128,0.5971918041563246,20,489,9,43,0.19603017030295386,dspar,0.15,0.14961,0.15,ok,0.06751,18444,0.385414009266014,0.0020364790803554522,0.3873120690752283,0.910050036005968,0.012020382089518394,0.6814823648307573,57.8,0.8282219563641661,1.4073463411885314,0.03493755898671225,0.6463562536519021,0.6812938126386143,0.09254224517186181,0.00019104496981733914,0.09547892774034672,0.0006480138470938961,0.01215967720316625,-0.0009546837704105562,1.5387713005249945e-05,261.6666666666667,2.1738494643757265,0.6812938126386143,1,0.382120246087512,0.8947479165861897,0.5568741900519231,57,-0.28957800091565017,-0.2947698239033665,-0.29287176409415216,-0.8145711082656213,-0.799268988845843,-0.6693226876275911,2.0656966423017327,2.177353948750473,0.31620309848086403,0.8749346535588122,0.5621476231255877,262,15.0
A,sbm_ps,leiden,25,1,0,1,24.635,0.5976,0.22772687446001103,0.0014837796283464569,1,ok,1.765,10000,123282,24.6564,128,0.5971918041563246,20,489,9,43,0.19603017030295386,dspar,0.05,0.05018,0.05,ok,0.06751,6186,0.385414009266014,0.0020364790803554522,0.3873120690752283,0.910050036005968,0.012020382089518394,0.6814823648307573,57.8,0.8282219563641661,1.4073463411885314,0.033879027992952615,0.5573178583484454,0.591196886341398,0.05057828531321681,3.5679650766188165e-05,0.10187551759827261,0.0015439763926692071,0.009241950638213363,-0.0005802065121976789,-6.11365519988318e-05,3891.3333333333335,3.3530125445797947,0.591196886341398,1,0.382120246087512,0.8947479165861897,0.5568741900519231,57,-0.3315419607742952,-0.3367337837620115,-0.3348357239527972,-0.8081745184076954,-0.7928723989879171,-0.672240414192544,2.380503642192446,2.5252130720502275,0.11215270501789724,0.38390710816527135,0.04690082755597444,2630,120.0
A,sbm_ps,leiden,25,1,0,1,24.635,0.5976,0.22772687446001103,0.0014837796283464569,1,ok,1.765,10000,123282,24.6564,128,0.5971918041563246,20,489,9,43,0.19603017030295386,random,0.5,0.5,0.5,ok,0.06751,61641,0.385414009266014,0.0020364790803554522,0.3873120690752283,0.910050036005968,0.012020382089518394,0.6814823648307573,57.8,0.8282219563641661,1.4073463411885314,0.001810528978239745,1.2364451946729484,1.2382557236511882,0.2681652955608032,0.009242800126336851,0.46057327348788596,0.03247617129444306,0.1019986370860453,-0.00011547906029593122,-7.301839881155767e-05,27.0,1.2116566778455333,1.2382557236511882,1,0.382120246087512,0.8947479165861897,0.5568741900519231,57,-0.11395495052670879,-0.1191467735144251,-0.11724871370521078,-0.44947676251808205,-0.4341746430983037,-0.579483727744712,1.1365554903624862,1.1382197506625338,0.36970864114854035,0.7866742698466406,0.3025129919132307,28,0.75
A,sbm_ps,leiden,25,1,0,1,24.635,0.5976,0.22772687446001103,0.0014837796283464569,1,ok,1.765,10000,123282,24.6564,128,0.5971918041563246,20,489,9,43,0.19603017030295386,random,0.2,0.2,0.2,ok,0.06751,24656,0.385414009266014,0.0020364790803554522,0.3873120690752283,0.910050036005968,0.012020382089518394,0.6814823648307573,57.8,0.8282219563641661,1.4073463411885314,0.0019221800030209124,0.7851031299796887,0.7870253099827096,0.10704192735891499,0.0010143084566303134,0.10625699699969975,0.0005817249676836195,0.013792827514027875,0.000703808588522781,-2.3524725354041236e-05,100.66666666666667,1.5084618057363588,0.7870253099827096,1,0.382120246087512,0.8947479165861897,0.5568741900519231,57,-0.275078318728597,-0.2802701417163133,-0.278372081907099,-0.8037930390062683,-0.78849091958649,-0.6676895373167294,1.788184348505196,1.7925623875998822,0.3874205261438583,0.9833055340204843,0.9357164918677009,112,2.0
A,sbm_ps,leiden,25,1,0,1,24.635,0.5976,0.22772687446001103,0.0014837796283464569,1,ok,1.765,10000,123282,24.6564,128,0.5971918041563246,20,489,9,43,0.19603017030295386,random,0.15,0.15,0.15,ok,0.06751,18492,0.385414009266014,0.0020364790803554522,0.3873120690752283,0.910050036005968,0.012020382089518394,0.6814823648307573,57.8,0.8282219563641661,1.4073463411885314,0.0014920540270395577,0.6466871643206105,0.64817921834765,0.09283852366616901,0.0006945628807903877,0.09468691803041783,0.0011436645492026826,0.011897333130334274,4.299506694072897e-05,-6.820285183608662e-05,285.0,2.2813839600267567,0.64817921834765,1,0.382120246087512,0.8947479165861897,0.5568741900519231,57,-0.289281722421343,-0.2944735454090593,-0.292575485599845,-0.8153631179755502,-0.8000609985557718,-0.669585031700423,2.171230272973212,2.176239793884027,0.31620309848086403,0.8749346535588122,0.5621476231255877,262,15.0
A,sbm_ps,leiden,25,1,0,1,24.635,0.5976,0.22772687446001103,0.0014837796283464569,1,ok,1.765,10000,123282,24.6564,128,0.5971918041563246,20,489,9,43,0.19603017030295386,random,0.05,0.05,0.05,ok,0.06751,6164,0.385414009266014,0.0020364790803554522,0.3873120690752283,0.910050036005968,0.012020382089518394,0.6814823648307573,57.8,0.8282219563641661,1.4073463411885314,0.0018179050530306995,0.5376107143238187,0.5394286193768494,0.05020734573705236,6.860107601493068e-05,0.09474155573696953,0.0009147402302756666,0.008770650900404312,0.0007080790957029265,8.989158595285713e-05,3936.3333333333335,3.3223028448408223,0.5394286193768494,1,0.382120246087512,0.8947479165861897,0.5568741900519231,57,-0.3319129003504596,-0.3371047233381759,-0.3352066635289616,-0.8153084802689985,-0.8000063608492202,-0.672711713930353,2.60895749805471,2.6177795637101933,0.11215270501789724,0.38390710816527135,0.04690082755597444,2630,120.0
A,sbm_ps,leiden,25,2,0,1,24.635,0.5976,0.19760142049066567,0.001487849170212766,1,ok,1.765,10000,122059,24.4118,95,0.5958675722396546,21,468,9,44,0.19696823126633037,lspar,0.5,0.50224,0.648438,ok,0.0678,61303,0.3785219336138702,0.0026893253183563745,0.3826526211940015,0.912521905196224,0.014913567388709937,0.6596140649291738,48.4,0.9681914396889744,1.4080241955933162,0.1349841799819842,0.7857709726667963,0.9207551526487805,0.37244975747740855,0.0008157989062865629,0.8958539210086927,0.004293510912479245,0.5489853202908107,-0.00027091158639967527,8.367300993747941e-05,59.333333333333336,1.427341461734093,0.9207551526487805,1,0.37525053796078967,0.910426880968679,0.5688870610195319,52,-0.0028007804833811156,-0.010202863716592958,-0.00607217613646166,-0.01666798418753135,-0.014572959959986309,-0.11062874463836314,1.5292058823051768,1.7919015140183656,0.37525053796078967,0.910426880968679,0.5688870610195319,52,1.0
A,sbm_ps,leiden,25,2,0,1,24.635,0.5976,0.19760142049066567,0.001487849170212766,1,ok,1.765,10000,122059,24.4118,95,0.5958675722396546,21,468,9,44,0.19696823126633037,lspar,0.2,0.20105,0.335938,ok,0.0678,24540,0.3785219336138702,0.0026893253183563745,0.3826526211940015,0.912521905196224,0.014913567388709937,0.6596140649291738,48.4,0.9681914396889744,1.4080241955933162,0.13189745496492833,0.4557577346762021,0.5876551896411304,0.35260023811278546,0.00012777980304510094,0.8615594760875984,0.00502591849261615,0.7774687946215137,0.00016221825103532924,8.957979800921248e-05,72.66666666666667,0.7418632643213843,0.5876551896411304,1,0.37525053796078967,0.910426880968679,0.5688870610195319,52,-0.022650299848004207,-0.03005238308121605,-0.02592169550108475,-0.050962429108625584,-0.048867404881080545,0.1178547296923399,2.3960040180248714,3.08941371361182,0.382516562887699,0.9638907731225982,0.8611500727587522,72,1.5
A,sbm_ps,leiden,25,2,0,1,24.635,0.5976,0.19760142049066567,0.001487849170212766,1,ok,1.765,10000,122059,24.4118,95,0.5958675722396546,21,468,9,44,0.19696823126633037,lspar,0.15,0.1451,0.210938,ok,0.0678,17711,0.3785219336138702,0.0026893253183563745,0.3826526211940015,0.912521905196224,0.014913567388709937,0.6596140649291738,48.4,0.9681914396889744,1.4080241955933162,0.13078770093852654,0.38940168734795105,0.5201893882864776,0.3109481940822804,0.0019127855188698056,0.7503810628672225,0.005611055993216254,0.5741051164085408,-0.0002498543847734553,-0.00021453776790312617,74.66666666666667,0.6884775883428129,0.5201893882864776,1,0.37525053796078967,0.910426880968679,0.5688870610195319,52,-0.06430234387850925,-0.07170442711172109,-0.0675737395315898,-0.1621408423290015,-0.16004581810145646,-0.08550894852063307,2.7067530159186792,3.6158656763476524,0.382516562887699,0.9638907731225982,0.8611500727587522,72,1.5
A,sbm_ps,leiden,25,2,0,1,24.635,0.5976,0.19760142049066567,0.001487849170212766,1,ok,1.765,10000,122059,24.4118,95,0.5958675722396546,21,468,9,44,0.19696823126633037,lspar,0.05,0.0678,0.0,floor,0.0678,8276,0.3785219336138702,0.0026893253183563745,0.3826526211940015,0.912521905196224,0.014913567388709937,0.6596140649291738,48.4,0.9681914396889744,1.4080241955933162,0.1167396089877002,0.3645596836771195,0.4812992926648197,0.10800029755223066,0.0,0.4620992931302293,7.850462293418876e-17,0.0565565708511502,0.0003376286528578058,2.1580942316458082e-05,1724.0,0.7533457108127716,0.4812992926648197,1,0.37525053796078967,0.910426880968679,0.5688870610195319,52,-0.267250240408559,-0.27465232364177083,-0.27052163606163954,-0.4504226120659947,-0.44832758783844967,-0.6030574940780237,2.9254649176762335,3.862259757829844,0.15123071839853494,0.46376296193737027,0.07735789401987181,1519,60.0
A,sbm_ps,leiden,25,2,0,1,24.635,0.5976,0.19760142049066567,0.001487849170212766,1,ok,1.765,10000,122059,24.4118,95,0.5958675722396546,21,468,9,44,0.19696823126633037,dspar,0.5,0.50256,0.5,ok,0.0678,61342,0.3785219336138702,0.0026893253183563745,0.3826526211940015,0.912521905196224,0.014913567388709937,0.6596140649291738,48.4,0.9681914396889744,1.4080241955933162,0.03455577895510942,1.270324007976645,1.3048797869317543,0.233739759301509,0.002906034598034911,0.3599216514369183,0.01003961718597438,0.08516498771331864,0.00028787459976158244,0.00020979166725647273,21.666666666666668,1.0197478035847527,1.3048797869317543,1,0.37525053796078967,0.910426880968679,0.5688870610195319,52,-0.14151077865928066,-0.1489128618924925,-0.1447821743123612,-0.5526002537593058,-0.5505052295317607,-0.5744490772158553,1.0790451424679446,1.1083976896854828,0.3372208834181951,0.7460910155962933,0.19913010485695753,24,0.75
A,sbm_ps,leiden,25,2,0,1,24.635,0.5976,0.19760142049066567,0.001487849170212766,1,ok,1.765,10000,122059,24.4118,95,0.5958675722396546,21,468,9,44,0.19696823126633037,dspar,0.2,0.19964,0.2,ok,0.0678,24368,0.3785219336138702,0.0026893253183563745,0.3826526211940015,0.912521905196224,0.014913567388709937,0.6596140649291738,48.4,0.9681914396889744,1.4080241955933162,0.032835994963534176,0.7989397333585657,0.8317757283220999,0.10406564621100721,0.001158581139150465,0.08478326885740112,0.0033906792222248685,0.01274312966794444,0.0006676916746156939,5.4707733138721223e-05,78.66666666666667,1.3252812641906726,0.8317757283220999,1,0.37525053796078967,0.910426880968679,0.5688870610195319,52,-0.27118489174978244,-0.2785869749829943,-0.274456287402863,-0.8277386363388228,-0.8256436121112778,-0.6468709352612294,1.6927930782900504,1.762365966797388,0.382516562887699,0.9638907731225982,0.8611500727587522,72,1.5
A,sbm_ps,leiden,25,2,0,1,24.635,0.5976,0.19760142049066567,0.001487849170212766,1,ok,1.765,10000,122059,24.4118,95,0.5958675722396546,21,468,9,44,0.19696823126633037,dspar,0.15,0.14979,0.15,ok,0.0678,18283,0.3785219336138702,0.0026893253183563745,0.3826526211940015,0.912521905196224,0.014913567388709937,0.6596140649291738,48.4,0.9681914396889744,1.4080241955933162,0.03332828701240942,0.6405903023357192,0.6739185893481286,0.09218965762630647,0.0002825746601387043,0.08012855193019815,0.0014842715856266822,0.011407331387582494,0.0008412119279796881,0.00010038754660881568,258.3333333333333,2.1312080221301226,0.6739185893481286,1,0.37525053796078967,0.910426880968679,0.5688870610195319,52,-0.2830608803344832,-0.290462963567695,-0.2863322759875637,-0.8323933532660258,-0.8302983290384808,-0.6482067335415913,2.0893090320527836,2.1980104763674704,0.27390140442294625,0.7780838763397626,0.4189449680837508,333,15.0
A,sbm_ps,leiden,25,2,0,1,24.635,0.5976,0.19760142049066567,0.001487849170212766,1,ok,1.765,10000,122059,24.4118,95,0.5958675722396546,21,468,9,44,0.19696823126633037,dspar,0.05,0.04978,0.05,ok,0.0678,6076,0.3785219336138702,0.0026893253183563745,0.3826526211940015,0.912521905196224,0.014913567388709937,0.6596140649291738,48.4,0.9681914396889744,1.4080241955933162,0.033843687968328595,0.5440895236873379,0.5779332116556665,0.04979562415050918,8.930537813349999e-05,0.08861867922793286,0.00041382079516688564,0.00702059621771848,0.0006449116250790975,9.306533218835704e-06,3998.3333333333335,3.20996992679236,0.5779332116556665,1,0.37525053796078967,0.910426880968679,0.5688870610195319,52,-0.32545491381028047,-0.3328569970434923,-0.328726309463361,-0.8239032259682911,-0.8218082017407461,-0.6525934687114554,2.4363095374975945,2.5878538995770852,0.09802054078778066,0.3110748674691623,0.027576667927398345,2840,120.0
A,sbm_ps,leiden,25,2,0,1,24.635,0.5976,0.19760142049066567,0.001487849170212766,1,ok,1.765,10000,122059,24.4118,95,0.5958675722396546,21,468,9,44,0.19696823126633037,random,0.5,0.5,0.5,ok,0.0678,61030,0.3785219336138702,0.0026893253183563745,0.3826526211940015,0.912521905196224,0.014913567388709937,0.6596140649291738,48.4,0.9681914396889744,1.4080241955933162,0.0022774459794163704,1.2900061076700997,1.292283553649516,0.23738689349441092,0.0053615156633650286,0.37260905055456855,0.02622522871697595,0.08744565490471606,7.167886052228502e-05,0.00016249519152236917,22.333333333333332,1.0364642721440362,1.292283553649516,1,0.37525053796078967,0.910426880968679,0.5688870610195319,52,-0.13786364446637875,-0.1452657276995906,-0.1411350401194593,-0.5399128546416554,-0.5378178304141104,-0.5721684100244577,1.0895628839482936,1.0914864567086204,0.3372208834181951,0.7460910155962933,0.19913010485695753,24,0.75
A,sbm_ps,leiden,25,2,0,1,24.635,0.5976,0.19760142049066567,0.001487849170212766,1,ok,1.765,10000,122059,24.4118,95,0.5958675722396546,21,468,9,44,0.19696823126633037,random,0.2,0.2,0.2,ok,0.0678,24412,0.3785219336138702,0.0026893253183563745,0.3826526211940015,0.912521905196224,0.014913567388709937,0.6596140649291738,48.4,0.9681914396889744,1.4080241955933162,0.0019906809902749956,0.8077525256861312,0.8097432066764062,0.10502282166811057,0.0017197102672317087,0.09161239568889408,0.00356873939345044,0.013586840824814218,0.00037058878952963724,0.00010560105129328865,99.66666666666667,1.5190930665895428,0.8097432066764062,1,0.37525053796078967,0.910426880968679,0.5688870610195319,52,-0.2702277162926791,-0.27762979952589095,-0.27349911194575965,-0.8209095095073299,-0.8188144852797848,-0.6460272241043596,1.7388527424299813,1.7431380909608356,0.37942972264968233,0.9727180410572702,0.9459368109340983,97,5.0
A,sbm_ps,leiden,25,2,0,1,24.635,0.5976,0.19760142049066567,0.001487849170212766,1,ok,1.765,10000,122059,24.4118,95,0.5958675722396546,21,468,9,44,0.19696823126633037,random,0.15,0.15,0.15,ok,0.0678,18309,0.3785219336138702,0.0026893253183563745,0.3826526211940015,0.912521905196224,0.014913567388709937,0.6596140649291738,48.4,0.9681914396889744,1.4080241955933162,0.0019523310475051403,0.639490959001705,0.6414432900492102,0.092160949195766,0.00059501857168624,0.07994528685002006,0.0015944122632030426,0.010489459251612895,-0.00013849891020017147,-3.297018316323729e-05,286.0,2.304547608612222,0.6414432900492102,1,0.37525053796078967,0.910426880968679,0.5688870610195319,52,-0.28308958876502366,-0.2904916719982355,-0.2863609844181042,-0.832576618346204,-0.830481594118659,-0.6491246056775609,2.195087574281579,2.2017890570202137,0.27390140442294625,0.7780838763397626,0.4189449680837508,333,15.0
A,sbm_ps,leiden,25,2,0,1,24.635,0.5976,0.19760142049066567,0.001487849170212766,1,ok,1.765,10000,122059,24.4118,95,0.5958675722396546,21,468,9,44,0.19696823126633037,random,0.05,0.05,0.05,ok,0.0678,6103,0.3785219336138702,0.0026893253183563745,0.3826526211940015,0.912521905196224,0.014913567388709937,0.6596140649291738,48.4,0.9681914396889744,1.4080241955933162,0.0017531730118207633,0.5562240420064578,0.5579772150182786,0.04984927475691716,7.968559649970267e-05,0.08602208982969402,0.0009456811686140012,0.007030045836674094,-0.0019772193246532,-0.00016144946608135125,4011.3333333333335,3.4310512578681673,0.5579772150182786,1,0.37525053796078967,0.910426880968679,0.5688870610195319,52,-0.3254012632038725,-0.33280334643708437,-0.32867265885695307,-0.8264998153665299,-0.8244047911389849,-0.6525840190924997,2.523443892860735,2.531397583092909,0.09802054078778066,0.3110748674691623,0.027576667927398345,2840,120.0
A,sbm_ps,leiden,25,3,0,1,24.635,0.5976,0.20550425340423326,0.001486909476,1,ok,1.765,10000,122822,24.5644,101,0.5994610086140919,20,444,7,44,0.20071821629788988,lspar,0.5,0.49831,0.652344,ok,0.06739,61204,0.377114612820861,0.002832372493642185,0.38199849228236027,0.9204138056595488,0.01458052280291545,0.6763770414070711,54.0,0.9739465662359443,1.4342670205864123,0.13655168894911185,0.7780359626825278,0.9145876516316397,0.3691862627255389,0.0020281147538342248,0.8974065389261764,0.006580916099806951,0.5120931361142936,-0.0004888898271768542,-8.972843938402627e-05,62.0,1.4980931367373953,0.9145876516316397,1,0.38199849228236027,0.9469788340030837,0.8774317222565908,56,-0.012812229556821375,-0.012812229556821375,-0.007928350095322112,-0.02300726673337239,-0.0495722950769073,-0.16428390529277748,1.568211661318252,1.8434456623847026,0.38199849228236027,0.9469788340030837,0.8774317222565908,56,1.0
A,sbm_ps,leiden,25,3,0,1,24.635,0.5976,0.20550425340423326,0.001486909476,1,ok,1.765,10000,122822,24.5644,101,0.5994610086140919,20,444,7,44,0.20071821629788988,lspar,0.2,0.20048,0.335938,ok,0.06739,24623,0.377114612820861,0.002832372493642185,0.38199849228236027,0.9204138056595488,0.01458052280291545,0.6763770414070711,54.0,0.9739465662359443,1.4342670205864123,0.13084356591571122,0.44086682501559454,0.5717103909313057,0.35116143379143744,0.0008668216172012784,0.8588557088602604,0.005384645635769939,0.7660246291982933,0.0005115068207229245,7.455604922305178e-05,72.33333333333333,0.6612227386822086,0.5717103909313057,1,0.38199849228236027,0.9469788340030837,0.8774317222565908,56,-0.03083705849092283,-0.03083705849092283,-0.025953179029423568,-0.061558096799288364,-0.08812312514282328,0.08964758779122217,2.5087300201943465,3.253288610536025,0.3817950143628584,0.9723135983430263,0.9322771073738195,76,1.5
A,sbm_ps,leiden,25,3,0,1,24.635,0.5976,0.20550425340423326,0.001486909476,1,ok,1.765,10000,122822,24.5644,101,0.5994610086140919,20,444,7,44,0.20071821629788988,lspar,0.15,0.14534,0.210938,ok,0.06739,17851,0.377114612820861,0.002832372493642185,0.38199849228236027,0.9204138056595488,0.01458052280291545,0.6763770414070711,54.0,0.9739465662359443,1.4342670205864123,0.13036543590715155,0.38147373031824827,0.5118391662253998,0.31606779375775584,0.0006215782113562414,0.7636641130501678,0.000731912508072132,0.5825257158155076,0.0010500678083985463,0.0001899527222320585,74.0,0.6137169597006843,0.5118391662253998,1,0.38199849228236027,0.9469788340030837,0.8774317222565908,56,-0.06593069852460443,-0.06593069852460443,-0.06104681906310516,-0.156749692609381,-0.1833147209529159,-0.0938513255915635,2.8021830200364164,3.7598054770111187,0.3817950143628584,0.9723135983430263,0.9322771073738195,76,1.5
A,sbm_ps,leiden,25,3,0,1,24.635,0.5976,0.20550425340423326,0.001486909476,1,ok,1.765,10000,122822,24.5644,101,0.5994610086140919,20,444,7,44,0.20071821629788988,lspar,0.05,0.06739,0.0,floor,0.06739,8277,0.377114612820861,0.002832372493642185,0.38199849228236027,0.9204138056595488,0.01458052280291545,0.6763770414070711,54.0,0.9739465662359443,1.4342670205864123,0.11618350294884294,0.36241868501141045,0.4786021879602534,0.11034232919057642,0.0,0.4719646551185237,5.551115123125783e-17,0.061251578514927414,-0.000704133284214056,-3.3054526412949424e-05,1723.0,0.7618202281378462,0.4786021879602534,1,0.38199849228236027,0.9469788340030837,0.8774317222565908,56,-0.27165616309178386,-0.27165616309178386,-0.2667722836302846,-0.4484491505410251,-0.47501417888456,-0.6151254628921436,2.9967832506138152,3.957486409789428,0.14762637990144106,0.48251656716604435,0.07786719791675666,1484,60.0
A,sbm_ps,leiden,25,3,0,1,24.635,0.5976,0.20550425340423326,0.001486909476,1,ok,1.765,10000,122822,24.5644,101,0.5994610086140919,20,444,7,44,0.20071821629788988,dspar,0.5,0.49873,0.5,ok,0.06739,61255,0.377114612820861,0.002832372493642185,0.38199849228236027,0.9204138056595488,0.01458052280291545,0.6763770414070711,54.0,0.9739465662359443,1.4342670205864123,0.03886611701454967,1.304951056682815,1.3438171736973648,0.24044870562353018,0.013945641599912248,0.3799707148125651,0.05027238020973273,0.08723810163901492,-0.0004535210088284381,0.00017562764481127225,21.0,1.0355323297810515,1.3438171736973648,1,0.38199849228236027,0.9469788340030837,0.8774317222565908,56,-0.14154978665883008,-0.14154978665883008,-0.13666590719733082,-0.5404430908469837,-0.5670081191905185,-0.5891389397680562,1.0673081492478511,1.0990964092035131,0.37961493638805704,0.8704976780590382,0.6621714061427788,31,0.75
A,sbm_ps,leiden,25,3,0,1,24.635,0.5976,0.20550425340423326,0.001486909476,1,ok,1.765,10000,122822,24.5644,101,0.5994610086140919,20,444,7,44,0.20071821629788988,dspar,0.2,0.20066,0.2,ok,0.06739,24645,0.377114612820861,0.002832372493642185,0.38199849228236027,0.9204138056595488,0.01458052280291545,0.6763770414070711,54.0,0.9739465662359443,1.4342670205864123,0.036455744004342705,0.7968455506488681,0.8333012946532108,0.10564466325837217,0.0009361039832257188,0.08915511960985141,0.004794078069133116,0.012774710883761364,0.00016732526043348135,-2.599975871232544e-05,83.0,1.415604846554064,0.8333012946532108,1,0.38199849228236027,0.9469788340030837,0.8774317222565908,56,-0.2763538290239881,-0.2763538290239881,-0.2714699495624888,-0.8312586860496973,-0.8578237143932322,-0.6636023305233097,1.7211865981599144,1.7999310147600052,0.3817056117633212,0.9844888275402128,0.9602556718821954,89,2.0
A,sbm_ps,leiden,25,3,0,1,24.635,0.5976,0.20550425340423326,0.001486909476,1,ok,1.765,10000,122822,24.5644,101,0.5994610086140919,20,444,7,44,0.20071821629788988,dspar,0.15,0.14965,0.15,ok,0.06739,18380,0.377114612820861,0.002832372493642185,0.38199849228236027,0.9204138056595488,0.01458052280291545,0.6763770414070711,54.0,0.9739465662359443,1.4342670205864123,0.03650935098994523,0.6561093843386819,0.6926187353286272,0.09149736788567459,0.0003236032268878299,0.0813825154779917,0.003874414806249284,0.010831927429283348,0.000496611807404092,-7.377142757147086e-05,273.0,2.188538491184256,0.6926187353286272,1,0.38199849228236027,0.9469788340030837,0.8774317222565908,56,-0.2905011243966857,-0.2905011243966857,-0.2856172449351864,-0.8390312901815571,-0.865596318525092,-0.6655451139777878,2.070788656772178,2.1860181470077062,0.28447044193601806,0.804923546119887,0.4582695727479332,309,15.0
A,sbm_ps,leiden,25,3,0,1,24.635,0.5976,0.20550425340423326,0.001486909476,1,ok,1.765,10000,122822,24.5644,101,0.5994610086140919,20,444,7,44,0.20071821629788988,dspar,0.05,0.04972,0.05,ok,0.06739,6107,0.377114612820861,0.002832372493642185,0.38199849228236027,0.9204138056595488,0.01458052280291545,0.6763770414070711,54.0,0.9739465662359443,1.4342670205864123,0.0343133449787274,0.5387898559953707,0.5731032009740981,0.05007054405764418,5.4740795783831065e-05,0.09233088593524146,0.0004096043676075748,0.0074793478480222495,0.0010910787587788365,0.00012844375040884306,3960.3333333333335,3.1768847828646805,0.5731032009740981,1,0.38199849228236027,0.9469788340030837,0.8774317222565908,56,-0.3319279482247161,-0.3319279482247161,-0.32704406876321684,-0.8280829197243074,-0.8546479480678423,-0.6688976935590488,2.5026330652988893,2.6620156349022572,0.09970386485007529,0.32380546310471875,0.03125922890801694,2855,120.0
A,sbm_ps,leiden,25,3,0,1,24.635,0.5976,0.20550425340423326,0.001486909476,1,ok,1.765,10000,122822,24.5644,101,0.5994610086140919,20,444,7,44,0.20071821629788988,random,0.5,0.5,0.5,ok,0.06739,61411,0.377114612820861,0.002832372493642185,0.38199849228236027,0.9204138056595488,0.01458052280291545,0.6763770414070711,54.0,0.9739465662359443,1.4342670205864123,0.0021522080060094595,1.2743535669869743,1.2765057749929838,0.23001337084886123,0.003475885796977658,0.3346194971204508,0.006572711037037533,0.06527467112053781,0.0008051716036023571,5.608955168356753e-05,20.0,1.1671983524159952,1.2765057749929838,1,0.38199849228236027,0.9469788340030837,0.8774317222565908,56,-0.15198512143349904,-0.15198512143349904,-0.14710124197199978,-0.585794308539098,-0.6123593368826329,-0.6111023702865332,1.123588352425821,1.1254859387081486,0.37961493638805704,0.8704976780590382,0.6621714061427788,31,0.75
A,sbm_ps,leiden,25,3,0,1,24.635,0.5976,0.20550425340423326,0.001486909476,1,ok,1.765,10000,122822,24.5644,101,0.5994610086140919,20,444,7,44,0.20071821629788988,random,0.2,0.2,0.2,ok,0.06739,24564,0.377114612820861,0.002832372493642185,0.38199849228236027,0.9204138056595488,0.01458052280291545,0.6763770414070711,54.0,0.9739465662359443,1.4342670205864123,0.0019089779816567898,0.8135619889944792,0.815470966976136,0.1029162367667502,0.0004036455216648225,0.08346906291986052,0.0012381479407989114,0.011524518980830975,0.00015095466491716787,-1.7570610043886086e-05,111.66666666666667,1.7194126260375302,0.815470966976136,1,0.38199849228236027,0.9469788340030837,0.8774317222565908,56,-0.27908225551561006,-0.27908225551561006,-0.2741983760541108,-0.8369447427396882,-0.8635097710832231,-0.6648525224262402,1.7588204591818226,1.7629474336173112,0.3777668369085925,0.9718328166709832,0.9432842118886869,105,5.0
A,sbm_ps,leiden,25,3,0,1,24.635,0.5976,0.20550425340423326,0.001486909476,1,ok,1.765,10000,122822,24.5644,101,0.5994610086140919,20,444,7,44,0.20071821629788988,random,0.15,0.15,0.15,ok,0.06739,18423,0.377114612820861,0.002832372493642185,0.38199849228236027,0.9204138056595488,0.01458052280291545,0.6763770414070711,54.0,0.9739465662359443,1.4342670205864123,0.0018619750044308603,0.6512222093491195,0.6530841843535503,0.08996720519930847,0.00018271042205753393,0.07856875333982784,0.002110687256903644,0.010600863169741482,-0.0003787282049676423,-0.00010619123536832959,334.3333333333333,2.4878812390587286,0.6530841843535503,1,0.38199849228236027,0.9469788340030837,0.8774317222565908,56,-0.2920312870830518,-0.2920312870830518,-0.28714740762155255,-0.841845052319721,-0.8684100806632559,-0.6657761782373296,2.196144164792643,2.2024233817515637,0.28447044193601806,0.804923546119887,0.4582695727479332,309,15.0
A,sbm_ps,leiden,25,3,0,1,24.635,0.5976,0.20550425340423326,0.001486909476,1,ok,1.765,10000,122822,24.5644,101,0.5994610086140919,20,444,7,44,0.20071821629788988,random,0.05,0.05,0.05,ok,0.06739,6141,0.377114612820861,0.002832372493642185,0.38199849228236027,0.9204138056595488,0.01458052280291545,0.6763770414070711,54.0,0.9739465662359443,1.4342670205864123,0.0018228520057164133,0.5517488259938546,0.553571677999571,0.05016548653012496,5.327836939385887e-05,0.09085372649106348,0.002032570038545165,0.007454498266817718,-0.0009397024110832881,-0.00011757367652485684,3944.0,3.30335412278003,0.553571677999571,1,0.38199849228236027,0.9469788340030837,0.8774317222565908,56,-0.3318330057522353,-0.3318330057522353,-0.326949126290736,-0.8295600791684853,-0.8561251075120202,-0.6689225431402533,2.5909328052500618,2.5994926550190565,0.09970386485007529,0.32380546310471875,0.03125922890801694,2855,120.0
A,sbm_ps,leiden,50,1,0,1,49.423,0.61286,0.4395425225998857,0.003052787883338583,1,ok,1.367,10000,246926,49.3852,128,0.6114544438414747,20,489,25,75,0.13563677267449442,lspar,0.5,0.50219,0.785156,ok,0.0341,124005,0.37361100544052545,0.00033267594410986613,0.3737973238711875,0.9547960787958883,0.0034176408689891922,0.9038304626995284,74.2,0.6226515937204515,2.0107271470013073,0.4002992630121298,0.9630815590110918,1.3633808220232218,0.3732555626858675,0.00012005043943736709,0.9817912231610303,0.0027580088955127765,0.9673096906627299,0.0005805926310967574,-0.00019790195465305734,99.66666666666667,0.8036885779310916,1.3633808220232218,1,0.3729463038376162,0.9482028174861958,0.8584739885068574,72,0.000309258848251337,-0.000541761185320011,-0.00035544275465793085,0.026995144365141943,0.033588405674834454,0.06347922796320149,1.4748096163018052,2.0878056777101572,0.3733303768771817,0.9871395965740324,0.9736429658451815,108,1.5
A,sbm_ps,leiden,50,1,0,1,49.423,0.61286,0.4395425225998857,0.003052787883338583,1,ok,1.367,10000,246926,49.3852,128,0.6114544438414747,20,489,25,75,0.13563677267449442,lspar,0.2,0.1999,0.484375,ok,0.0341,49360,0.37361100544052545,0.00033267594410986613,0.3737973238711875,0.9547960787958883,0.0034176408689891922,0.9038304626995284,74.2,0.6226515937204515,2.0107271470013073,0.37353253801120445,0.4796312899755624,0.8531638279867668,0.37251753496646217,6.0551561086711784e-05,0.9952672745242651,0.0005718964352121727,0.9904394809141431,0.000630104787973895,6.561398820618082e-06,125.33333333333333,0.968970712734844,0.8531638279867668,1,0.3729463038376162,0.9482028174861958,0.8584739885068574,72,-0.0004287688711540061,-0.0012797889047253541,-0.001093470474063274,0.04047119572837676,0.047064457038069274,0.08660901821461475,2.3567890257912985,4.192235137752909,0.37326533345127266,0.9986801396974206,0.9987888228321943,125,2.0
A,sbm_ps,leiden,50,1,0,1,49.423,0.61286,0.4395425225998857,0.003052787883338583,1,ok,1.367,10000,246926,49.3852,128,0.6114544438414747,20,489,25,75,0.13563677267449442,lspar,0.15,0.14503,0.375,ok,0.0341,35811,0.37361100544052545,0.00033267594410986613,0.3737973238711875,0.9547960787958883,0.0034176408689891922,0.9038304626995284,74.2,0.6226515937204515,2.0107271470013073,0.3638088399893604,0.3952113046931724,0.7590201446825329,0.37125836449969457,7.97909045183195e-05,0.9904982320557946,0.0003753850594776283,0.9805116580574417,-0.0004057418450224963,6.663806784370614e-05,124.33333333333333,0.9505458015954286,0.7590201446825329,1,0.3729463038376162,0.9482028174861958,0.8584739885068574,72,-0.0016879393379216068,-0.002538959371492955,-0.0023526409408308746,0.03570215325990622,0.04229541456959873,0.07668119535791329,2.649109066587834,5.087726801140879,0.37326533345127266,0.9986801396974206,0.9987888228321943,125,2.0
A,sbm_ps,leiden,50,1,0,1,49.423,0.61286,0.4395425225998857,0.003052787883338583,1,ok,1.367,10000,246926,49.3852,128,0.6114544438414747,20,489,25,75,0.13563677267449442,lspar,0.05,0.06482,0.125,ok,0.0341,16005,0.37361100544052545,0.00033267594410986613,0.3737973238711875,0.9547960787958883,0.0034176408689891922,0.9038304626995284,74.2,0.6226515937204515,2.0107271470013073,0.47196721006184816,0.3099980119926234,0.7819652220544715,0.3544228236148878,0.0012208129760937134,0.9390304870814522,0.0032253456276754773,0.8524703545414075,-0.0015812499102199303,-0.00015585750612655543,117.0,0.8073894915062629,0.7819652220544715,1,0.3729463038376162,0.9482028174861958,0.8584739885068574,72,-0.018523480222728372,-0.01937450025629972,-0.01918818182563764,-0.015765591714436145,-0.009172330404743634,-0.051360108158120865,2.5713766933502327,6.486258199130496,0.37326533345127266,0.9986801396974206,0.9987888228321943,125,2.0
A,sbm_ps,leiden,50,1,0,1,49.423,0.61286,0.4395425225998857,0.003052787883338583,1,ok,1.367,10000,246926,49.3852,128,0.6114544438414747,20,489,25,75,0.13563677267449442,dspar,0.5,0.5003,0.5,ok,0.0341,123536,0.37361100544052545,0.00033267594410986613,0.3737973238711875,0.9547960787958883,0.0034176408689891922,0.9038304626995284,74.2,0.6226515937204515,2.0107271470013073,0.09399222698993981,1.448810904674853,1.5428031316647928,0.3692955612140271,0.0008225624259537154,0.9051454763610973,0.004606727338818509,0.6876994788678407,-0.0013496780195107064,-6.823403342458208e-05,53.666666666666664,0.7364040209781012,1.5428031316647928,1,0.3729463038376162,0.9482028174861958,0.8584739885068574,72,-0.003650742623589054,-0.004501762657160402,-0.004315444226498322,-0.049650602434791025,-0.043057341125098514,-0.21613098383168772,1.303294701529152,1.387846502613508,0.36855522259845125,0.8584979630587924,0.5621071919419109,36,0.75
A,sbm_ps,leiden,50,1,0,1,49.423,0.61286,0.4395425225998857,0.003052787883338583,1,ok,1.367,10000,246926,49.3852,128,0.6114544438414747,20,489,25,75,0.13563677267449442,dspar,0.2,0.19919,0.2,ok,0.0341,49186,0.37361100544052545,0.00033267594410986613,0.3737973238711875,0.9547960787958883,0.0034176408689891922,0.9038304626995284,74.2,0.6226515937204515,2.0107271470013073,0.09134140302194282,1.1195506586615618,1.2108920616835046,0.14284534583271016,0.0038844622771834806,0.2825451179423423,0.011385676378047703,0.050037853342189874,-0.00021148597119743917,0.00019694862083503416,26.333333333333332,0.9848534370999,1.2108920616835046,1,0.3729463038376162,0.9482028174861958,0.8584739885068574,72,-0.23010095800490601,-0.23095197803847736,-0.23076565960781528,-0.6722509608535461,-0.6656576995438535,-0.8537926093573385,1.6605337590584177,1.7960126515446466,0.36855522259845125,0.8584979630587924,0.5621071919419109,36,0.75
A,sbm_ps,leiden,50,1,0,1,49.423,0.61286,0.4395425225998857,0.003052787883338583,1,ok,1.367,10000,246926,49.3852,128,0.6114544438414747,20,489,25,75,0.13563677267449442,dspar,0.15,0.14855,0.15,ok,0.0341,36680,0.37361100544052545,0.00033267594410986613,0.3737973238711875,0.9547960787958883,0.0034176408689891922,0.9038304626995284,74.2,0.6226515937204515,2.0107271470013073,0.08560163696529344,1.0004363283320952,1.0860379652973886,0.08915679065520289,0.0014849281815023944,0.15433612966627133,0.006747242226176167,0.021490027805087183,-0.0002051844173615732,-2.5380624182950193e-05,30.333333333333332,1.089207314914358,1.0860379652973886,1,0.3729463038376162,0.9482028174861958,0.8584739885068574,72,-0.2837895131824133,-0.28464053321598465,-0.28445421478532257,-0.800459949129617,-0.7938666878199245,-0.8823404348944413,1.8514335697746183,2.009850192419088,0.36855522259845125,0.8584979630587924,0.5621071919419109,36,0.75
A,sbm_ps,leiden,50,1,0,1,49.423,0.61286,0.4395425225998857,0.003052787883338583,1,ok,1.367,10000,246926,49.3852,128,0.6114544438414747,20,489,25,75,0.13563677267449442,dspar,0.05,0.04982,0.05,ok,0.0341,12302,0.37361100544052545,0.00033267594410986613,0.3737973238711875,0.9547960787958883,0.0034176408689891922,0.9038304626995284,74.2,0.6226515937204515,2.0107271470013073,0.08600603399099782,0.5188171169914616,0.6048231509824594,0.041286234801684474,0.00031839950165263553,0.08808981039116874,0.0030985662876181343,0.010478949770597351,1.9345476844705905e-05,2.9396503903641887e-05,1010.6666666666666,3.6433100959299303,0.6048231509824594,1,0.3729463038376162,0.9482028174861958,0.8584739885068574,72,-0.3316600690359317,-0.33251108906950305,-0.33232477063884097,-0.8667062684047196,-0.8601130070950271,-0.893351512928931,3.3244877345305532,3.8755990909883544,0.22085590396529012,0.772449070613125,0.320444899746285,621,30.0
A,sbm_ps,leiden,50,1,0,1,49.423,0.61286,0.4395425225998857,0.003052787883338583,1,ok,1.367,10000,246926,49.3852,128,0.6114544438414747,20,489,25,75,0.13563677267449442,random,0.5,0.5,0.5,ok,0.0341,123463,0.37361100544052545,0.00033267594410986613,0.3737973238711875,0.9547960787958883,0.0034176408689891922,0.9038304626995284,74.2,0.6226515937204515,2.0107271470013073,0.003941155970096588,1.4779052576826264,1.481846413652723,0.3701482709287724,0.0018962560184580491,0.9179831704946374,0.0082103410668959,0.7513549463167796,-0.0005477908481631889,-0.00016644670101490847,58.0,0.6701770200684533,1.481846413652723,1,0.3729463038376162,0.9482028174861958,0.8584739885068574,72,-0.002798032908843784,-0.003649052942415132,-0.0034627345117530517,-0.036812908301250946,-0.030219646991558435,-0.1524755163827488,1.356906578492776,1.3605250651548206,0.3729463038376162,0.9482028174861958,0.8584739885068574,72,1.0
A,sbm_ps,leiden,50,1,0,1,49.423,0.61286,0.4395425225998857,0.003052787883338583,1,ok,1.367,10000,246926,49.3852,128,0.6114544438414747,20,489,25,75,0.13563677267449442,random,0.2,0.2,0.2,ok,0.0341,49385,0.37361100544052545,0.00033267594410986613,0.3737973238711875,0.9547960787958883,0.0034176408689891922,0.9038304626995284,74.2,0.6226515937204515,2.0107271470013073,0.004378269019071013,1.0634542976428445,1.0678325666619155,0.15006383718329808,0.006346599422953161,0.29777898171785183,0.017063105629292436,0.05616634314189813,-0.00040384857122182055,9.099839124548368e-05,25.666666666666668,0.9616111965422046,1.0678325666619155,1,0.3729463038376162,0.9482028174861958,0.8584739885068574,72,-0.2228824666543181,-0.22373348668788945,-0.22354716825722737,-0.6570170970780365,-0.6504238357683441,-0.8476641195576302,1.882998524091577,1.890750878019019,0.36855522259845125,0.8584979630587924,0.5621071919419109,36,0.75
A,sbm_ps,leiden,50,1,0,1,49.423,0.61286,0.4395425225998857,0.003052787883338583,1,ok,1.367,10000,246926,49.3852,128,0.6114544438414747,20,489,25,75,0.13563677267449442,random,0.15,0.15,0.15,ok,0.0341,37039,0.37361100544052545,0.00033267594410986613,0.3737973238711875,0.9547960787958883,0.0034176408689891922,0.9038304626995284,74.2,0.6226515937204515,2.0107271470013073,0.003958372981287539,0.9559939273555452,0.9599523003368328,0.0896357944935648,0.001564885037656014,0.15463151175640114,0.0043279467902634945,0.0217875075450336,-0.000567525016832296,0.00014074762454684912,27.333333333333332,0.982267072634607,0.9599523003368328,1,0.3729463038376162,0.9482028174861958,0.8584739885068574,72,-0.2833105093440514,-0.28416152937762273,-0.28397521094696065,-0.8001645670394872,-0.7935713057297947,-0.8820429551544948,2.0946115200680007,2.1032844346232906,0.36855522259845125,0.8584979630587924,0.5621071919419109,36,0.75
A,sbm_ps,leiden,50,1,0,1,49.423,0.61286,0.4395425225998857,0.003052787883338583,1,ok,1.367,10000,246926,49.3852,128,0.6114544438414747,20,489,25,75,0.13563677267449442,random,0.05,0.05,0.05,ok,0.0341,12346,0.37361100544052545,0.00033267594410986613,0.3737973238711875,0.9547960787958883,0.0034176408689891922,0.9038304626995284,74.2,0.6226515937204515,2.0107271470013073,0.002986126986797899,0.519789846012524,0.5227759729993219,0.04128202148891446,0.00032422747840730017,0.0891346041017282,0.0032411026184057737,0.010886417635326393,-0.0007756920881160133,-1.8445631568312676e-06,1031.3333333333333,3.6930548964039205,0.5227759729993219,1,0.3729463038376162,0.9482028174861958,0.8584739885068574,72,-0.3316642823487017,-0.33251530238227306,-0.332328983951611,-0.8656614746941601,-0.8590682133844676,-0.892944045064202,3.84625011640295,3.868346337325066,0.22085590396529012,0.772449070613125,0.320444899746285,621,30.0
A,sbm_ps,leiden,50,2,0,1,49.423,0.61286,0.38139647346294897,0.0030611607224468084,1,ok,1.367,10000,245430,49.086,95,0.6106547691806218,21,468,26,77,0.13587892513062463,lspar,0.5,0.49785,0.777344,ok,0.03392,122188,0.3685156611237897,0.00082182566137104,0.36944340574467094,0.9661554350591761,0.0058304980706526035,0.9051962430484355,61.2,0.7068467795072936,1.9220573127968237,0.40259170200442895,0.9586597140102336,1.3612514160146625,0.3691647357094497,2.183122221845369e-05,0.991753452920659,0.00023480736324781374,0.9910651416439841,1.2715649960983602e-05,3.3491159014972205e-05,82.0,0.8373644057805697,1.3612514160146625,1,0.36944340574467094,0.9742904898795535,0.9643378432025875,63,-0.0002786700352212512,-0.0002786700352212512,0.0006490745856599922,0.025598017861482858,0.017462963041105506,0.08586889859554858,1.4119781916730954,2.004942196597098,0.3692868406918679,0.9952437666684417,0.9956448316628693,87,1.5
A,sbm_ps,leiden,50,2,0,1,49.423,0.61286,0.38139647346294897,0.0030611607224468084,1,ok,1.367,10000,245430,49.086,95,0.6106547691806218,21,468,26,77,0.13587892513062463,lspar,0.2,0.19707,0.484375,ok,0.03392,48367,0.3685156611237897,0.00082182566137104,0.36944340574467094,0.9661554350591761,0.0058304980706526035,0.9051962430484355,61.2,0.7068467795072936,1.9220573127968237,0.3805095669813454,0.5043929990109367,0.8849025659922821,0.36751638038939144,3.267427458646638e-05,0.9928654549558827,0.00015250066831631645,0.9887961622153082,-2.4416964427710413e-05,5.299876356131195e-06,95.0,0.958893880658596,0.8849025659922821,1,0.36944340574467094,0.9742904898795535,0.9643378432025875,63,-0.0019270253552794991,-0.0019270253552794991,-0.0009992807343982557,0.026710019896706627,0.018574965076329275,0.0835999191668727,2.1720553049154425,3.8106343992993206,0.36916348329432425,0.9998366555717934,0.9997408490186799,95,3.0
A,sbm_ps,leiden,50,2,0,1,49.423,0.61286,0.38139647346294897,0.0030611607224468084,1,ok,1.367,10000,245430,49.086,95,0.6106547691806218,21,468,26,77,0.13587892513062463,lspar,0.15,0.15298,0.40625,ok,0.03392,37547,0.3685156611237897,0.00082182566137104,0.36944340574467094,0.9661554350591761,0.0058304980706526035,0.9051962430484355,61.2,0.7068467795072936,1.9220573127968237,0.37429676100146025,0.45100169132153195,0.8252984523229923,0.36563976914642543,4.5728408652633556e-05,0.9858142557350432,0.0001814606630652446,0.9771386762061063,0.0009702095358462254,9.462963562205672e-05,94.0,0.940399871443751,0.8252984523229923,1,0.36944340574467094,0.9742904898795535,0.9643378432025875,63,-0.003803636598245508,-0.003803636598245508,-0.0028758919773642644,0.019658820675867106,0.011523765855489754,0.0719424331576708,2.3289239273219904,4.261751895352726,0.36920309383551514,0.9987913559595776,0.9989053992941241,93,2.0
A,sbm_ps,leiden,50,2,0,1,49.423,0.61286,0.38139647346294897,0.0030611607224468084,1,ok,1.367,10000,245430,49.086,95,0.6106547691806218,21,468,26,77,0.13587892513062463,lspar,0.05,0.06379,0.125,ok,0.03392,15655,0.3685156611237897,0.00082182566137104,0.36944340574467094,0.9661554350591761,0.0058304980706526035,0.9051962430484355,61.2,0.7068467795072936,1.9220573127968237,0.47532945597777143,0.3240643073416625,0.7993937633194339,0.3421823386184426,0.0007498352013390426,0.9124443728707626,0.001141639904498648,0.8341202141914832,0.00110637356247602,7.155397071865683e-05,86.0,0.7986744145460137,0.7993937633194339,1,0.36944340574467094,0.9742904898795535,0.9643378432025875,63,-0.027261067126228333,-0.027261067126228333,-0.02633332250534709,-0.05371106218841348,-0.061846117008790835,-0.0710760288569523,2.4043936805506183,5.931098455623468,0.3692868406918679,0.9952437666684417,0.9956448316628693,87,1.5
A,sbm_ps,leiden,50,2,0,1,49.423,0.61286,0.38139647346294897,0.0030611607224468084,1,ok,1.367,10000,245430,49.086,95,0.6106547691806218,21,468,26,77,0.13587892513062463,dspar,0.5,0.49958,0.5,ok,0.03392,122613,0.3685156611237897,0.00082182566137104,0.36944340574467094,0.9661554350591761,0.0058304980706526035,0.9051962430484355,61.2,0.7068467795072936,1.9220573127968237,0.08426218101521954,1.443796939352372,1.5280591203675915,0.3548753389498778,0.005382084735321942,0.885679903816959,0.021368334482296726,0.5284267077613959,0.00021726876281173102,-0.00022261132066277712,46.666666666666664,1.2393647745721008,1.5280591203675915,1,0.36944340574467094,0.9742904898795535,0.9643378432025875,63,-0.01456806679479311,-0.01456806679479311,-0.013640322173911867,-0.08047553124221707,-0.08861058606259442,-0.3767695352870396,1.2578422439142614,1.331251826630814,0.36778162087729205,0.9121713414932916,0.7824570069860357,37,0.75
A,sbm_ps,leiden,50,2,0,1,49.423,0.61286,0.38139647346294897,0.0030611607224468084,1,ok,1.367,10000,245430,49.086,95,0.6106547691806218,21,468,26,77,0.13587892513062463,dspar,0.2,0.19931,0.2,ok,0.03392,48917,0.3685156611237897,0.00082182566137104,0.36944340574467094,0.9661554350591761,0.0058304980706526035,0.9051962430484355,61.2,0.7068467795072936,1.9220573127968237,0.08374875603476539,0.9699488879996352,1.0536976440344006,0.11248941712096716,0.0020594039177264413,0.18168653607699858,0.006650083799688634,0.0295694341528898,0.00044990427185469814,2.089751719043692e-05,19.0,0.8534468638971445,1.0536976440344006,1,0.36944340574467094,0.9742904898795535,0.9643378432025875,63,-0.2569539886237038,-0.2569539886237038,-0.25602624400282253,-0.7844688989821775,-0.7926039538025549,-0.8756268088955457,1.82410706114673,1.9816068007055094,0.0,0.0,0.0,1,0.25
A,sbm_ps,leiden,50,2,0,1,49.423,0.61286,0.38139647346294897,0.0030611607224468084,1,ok,1.367,10000,245430,49.086,95,0.6106547691806218,21,468,26,77,0.13587892513062463,dspar,0.15,0.14928,0.15,ok,0.03392,36638,0.3685156611237897,0.00082182566137104,0.36944340574467094,0.9661554350591761,0.0058304980706526035,0.9051962430484355,61.2,0.7068467795072936,1.9220573127968237,0.08685801498359069,0.9686216536598901,1.0554796686434806,0.07904989995147117,0.0014870229114287768,0.11170527558722593,0.0057115792847820795,0.016977789341061034,-0.0009363330184399701,-0.00011610949612144328,25.333333333333332,1.0164622913988428,1.0554796686434806,1,0.36944340574467094,0.9742904898795535,0.9643378432025875,63,-0.2903935057931998,-0.2903935057931998,-0.28946576117231854,-0.8544501594719502,-0.8625852142923276,-0.8882184537073745,1.8210273204666108,1.984322057569561,0.36778162087729205,0.9121713414932916,0.7824570069860357,37,0.75
A,sbm_ps,leiden,50,2,0,1,49.423,0.61286,0.38139647346294897,0.0030611607224468084,1,ok,1.367,10000,245430,49.086,95,0.6106547691806218,21,468,26,77,0.13587892513062463,dspar,0.05,0.05023,0.05,ok,0.03392,12329,0.3685156611237897,0.00082182566137104,0.36944340574467094,0.9661554350591761,0.0058304980706526035,0.9051962430484355,61.2,0.7068467795072936,1.9220573127968237,0.08460270304931328,0.5009087206562981,0.5855114237056114,0.0401418684921929,0.0002676003173476498,0.07217187455168896,0.0032519658082163757,0.00862260614251103,-0.0007152296742269946,-0.00017750297060128116,931.3333333333334,3.4837631762633254,0.5855114237056114,1,0.36944340574467094,0.9742904898795535,0.9643378432025875,63,-0.329301537252478,-0.329301537252478,-0.3283737926315968,-0.8939835605074872,-0.9021186153278645,-0.8965736369059245,3.2826982275297376,3.837140847295522,0.16588363262344957,0.6742890555843895,0.1876834583646081,802,30.0
A,sbm_ps,leiden,50,2,0,1,49.423,0.61286,0.38139647346294897,0.0030611607224468084,1,ok,1.367,10000,245430,49.086,95,0.6106547691806218,21,468,26,77,0.13587892513062463,random,0.5,0.5,0.5,ok,0.03392,122715,0.3685156611237897,0.00082182566137104,0.36944340574467094,0.9661554350591761,0.0058304980706526035,0.9051962430484355,61.2,0.7068467795072936,1.9220573127968237,0.0037429790245369077,1.4474649883341044,1.4512079673586413,0.36214799253326824,0.001647416083693665,0.9119140800636266,0.008393137879756958,0.6887214091381652,-0.00011211777574556324,-0.00011943889474575,47.0,0.8645109490930158,1.4512079673586413,1,0.36944340574467094,0.9742904898795535,0.9643378432025875,63,-0.0072954132114027015,-0.0072954132114027015,-0.006367668590521458,-0.054241354995549496,-0.06237640981592685,-0.21647483391027034,1.3244533905744607,1.3278782756665708,0.36778162087729205,0.9121713414932916,0.7824570069860357,37,0.75
A,sbm_ps,leiden,50,2,0,1,49.423,0.61286,0.38139647346294897,0.0030611607224468084,1,ok,1.367,10000,245430,49.086,95,0.6106547691806218,21,468,26,77,0.13587892513062463,random,0.2,0.2,0.2,ok,0.03392,49086,0.3685156611237897,0.00082182566137104,0.36944340574467094,0.9661554350591761,0.0058304980706526035,0.9051962430484355,61.2,0.7068467795072936,1.9220573127968237,0.003935464017558843,1.0222325813180457,1.0261680453356046,0.11928080373122124,0.0017076152890408616,0.20569299305893116,0.007589234888096362,0.03744924788050422,0.00013591955005547247,4.4596030376291554e-05,21.0,0.8992693037766716,1.0261680453356046,1,0.36944340574467094,0.9742904898795535,0.9643378432025875,63,-0.2501626020134497,-0.2501626020134497,-0.24923485739256845,-0.7604624420002449,-0.7685974968206223,-0.8677469951679313,1.8730434274712011,1.8802544038642972,0.36778162087729205,0.9121713414932916,0.7824570069860357,37,0.75
A,sbm_ps,leiden,50,2,0,1,49.423,0.61286,0.38139647346294897,0.0030611607224468084,1,ok,1.367,10000,245430,49.086,95,0.6106547691806218,21,468,26,77,0.13587892513062463,random,0.15,0.15,0.15,ok,0.03392,36814,0.3685156611237897,0.00082182566137104,0.36944340574467094,0.9661554350591761,0.0058304980706526035,0.9051962430484355,61.2,0.7068467795072936,1.9220573127968237,0.0031501330086030066,0.9799759619830487,0.9831260949916517,0.07830191005184908,0.000999518378082376,0.11121157316998193,0.007616532833768883,0.01620702928145726,0.0002444472460543196,-0.00012308301451879062,24.333333333333332,0.9678763040861732,0.9831260949916517,1,0.36944340574467094,0.9742904898795535,0.9643378432025875,63,-0.2911414956928219,-0.2911414956928219,-0.2902137510719406,-0.8549438618891942,-0.8630789167095716,-0.8889892137669783,1.9550465831274115,1.961331080925096,0.36778162087729205,0.9121713414932916,0.7824570069860357,37,0.75
A,sbm_ps,leiden,50,2,0,1,49.423,0.61286,0.38139647346294897,0.0030611607224468084,1,ok,1.367,10000,245430,49.086,95,0.6106547691806218,21,468,26,77,0.13587892513062463,random,0.05,0.05,0.05,ok,0.03392,12272,0.3685156611237897,0.00082182566137104,0.36944340574467094,0.9661554350591761,0.0058304980706526035,0.9051962430484355,61.2,0.7068467795072936,1.9220573127968237,0.003240137011744082,0.5134457386642074,0.5166858756759515,0.04019321247103753,0.0003415371586750651,0.07331416799633136,0.0013611486151809042,0.008844106296862863,-2.5100261006416543e-05,-2.5212102690861648e-05,987.0,3.5622547389221304,0.5166858756759515,1,0.36944340574467094,0.9742904898795535,0.9643378432025875,63,-0.3292501932736334,-0.3292501932736334,-0.3283224486527522,-0.8928412670628447,-0.9009763218832221,-0.8963521367515727,3.719972624144801,3.743447784370153,0.16588363262344957,0.6742890555843895,0.1876834583646081,802,30.0
A,sbm_ps,leiden,50,3,0,1,49.423,0.61286,0.39664997010339437,0.00305922735778,1,ok,1.367,10000,246359,49.2718,101,0.6123502693224117,20,444,24,77,0.13755634888399645,lspar,0.5,0.50218,0.78125,ok,0.03378,123717,0.36841671253032043,0.00016497947715133078,0.3685384685582182,0.9701492059743441,0.0031777810842839194,0.9211383022530322,68.4,0.7204989819038803,1.9902991932001897,0.37357547297142446,0.9945744639844634,1.3681499369558878,0.3687477495661355,2.1743374817501846e-05,0.986219100469721,0.0007115535768535339,0.9753433208082315,0.0009589072848055899,0.00035787309444106004,81.33333333333333,0.7904664354514601,1.3681499369558878,1,0.3683571556048195,0.9719572913210617,0.9207151365323584,70,0.0003905939613159659,0.00020928100791728355,0.0003310370358150516,0.01606989449537699,0.014261809148659377,0.054205018555199325,1.4547376273894177,2.0011565400811264,0.36899551595440716,0.9923591331701933,0.9934085181636053,86,1.5
A,sbm_ps,leiden,50,3,0,1,49.423,0.61286,0.39664997010339437,0.00305922735778,1,ok,1.367,10000,246359,49.2718,101,0.6123502693224117,20,444,24,77,0.13755634888399645,lspar,0.2,0.19699,0.484375,ok,0.03378,48531,0.36841671253032043,0.00016497947715133078,0.3685384685582182,0.9701492059743441,0.0031777810842839194,0.9211383022530322,68.4,0.7204989819038803,1.9902991932001897,0.3679867890314199,0.5175481266536129,0.8855349156850328,0.3671879973617836,8.080218197479431e-05,0.9921628569438764,0.0010137202255868839,0.9853352029639803,-0.0009853536726066989,-0.00024712855894216707,100.0,0.9487517344988387,0.8855349156850328,1,0.3683571556048195,0.9719572913210617,0.9207151365323584,70,-0.0011691582430359282,-0.0013504711964346106,-0.0012287151685368425,0.02201365096953234,0.020205565622814725,0.06419690071094808,2.247567157372369,3.8456311417242683,0.36885046819331674,0.9991046044345733,0.9993419573227057,99,2.0
A,sbm_ps,leiden,50,3,0,1,49.423,0.61286,0.39664997010339437,0.00305922735778,1,ok,1.367,10000,246359,49.2718,101,0.6123502693224117,20,444,24,77,0.13755634888399645,lspar,0.15,0.15289,0.40625,ok,0.03378,37666,0.36841671253032043,0.00016497947715133078,0.3685384685582182,0.9701492059743441,0.0031777810842839194,0.9211383022530322,68.4,0.7204989819038803,1.9902991932001897,0.3590790049638599,0.44569216897555936,0.8047711739394192,0.3660335906867986,1.8778818737531502e-06,0.9888923726884973,6.104106941651238e-06,0.9810860018035849,-0.00014289404009081347,3.236988454156442e-05,101.0,0.9440189554569048,0.8047711739394192,1,0.3683571556048195,0.9719572913210617,0.9207151365323584,70,-0.0023235649180209372,-0.0025048778714196196,-0.0023831218435218515,0.018743166714153214,0.0169350813674356,0.05994769955055268,2.473124358390617,4.465636445385543,0.3688192494763335,1.0,1.0,101,3.0
A,sbm_ps,leiden,50,3,0,1,49.423,0.61286,0.39664997010339437,0.00305922735778,1,ok,1.367,10000,246359,49.2718,101,0.6123502693224117,20,444,24,77,0.13755634888399645,lspar,0.05,0.06352,0.125,ok,0.03378,15648,0.36841671253032043,0.00016497947715133078,0.3685384685582182,0.9701492059743441,0.0031777810842839194,0.9211383022530322,68.4,0.7204989819038803,1.9902991932001897,0.4633495429879986,0.32418813765980303,0.7875376806478016,0.34319461474906293,0.0015707866298594524,0.9206554508462048,0.002304772891411208,0.8419461596349401,0.00027657877740943303,-1.6849592088627897e-06,95.33333333333333,0.8285507500014626,0.7875376806478016,1,0.3683571556048195,0.9719572913210617,0.9207151365323584,70,-0.025162540855756588,-0.02534385380915527,-0.025222097781257502,-0.04949375512813925,-0.051301840474856863,-0.07919214261809204,2.527243130211925,6.139333806497178,0.36885046819331674,0.9991046044345733,0.9993419573227057,99,2.0
A,sbm_ps,leiden,50,3,0,1,49.423,0.61286,0.39664997010339437,0.00305922735778,1,ok,1.367,10000,246359,49.2718,101,0.6123502693224117,20,444,24,77,0.13755634888399645,dspar,0.5,0.50059,0.5,ok,0.03378,123324,0.36841671253032043,0.00016497947715133078,0.3685384685582182,0.9701492059743441,0.0031777810842839194,0.9211383022530322,68.4,0.7204989819038803,1.9902991932001897,0.09184783900855109,1.4468803990166634,1.5387282380252145,0.3582336678158013,0.00439345884906284,0.8910824289295455,0.020035666963660433,0.570377878927595,-0.0007507353656176883,-0.000260383275765558,46.666666666666664,1.067309230298446,1.5387282380252145,1,0.3683571556048195,0.9719572913210617,0.9207151365323584,70,-0.010123487789018226,-0.010304800742416909,-0.01018304471451914,-0.07906677704479859,-0.0808748623915162,-0.3507604233254372,1.2934702464123984,1.3755796225816919,0.36236836103230297,0.8648392605941235,0.5749502356549339,31,0.75
A,sbm_ps,leiden,50,3,0,1,49.423,0.61286,0.39664997010339437,0.00305922735778,1,ok,1.367,10000,246359,49.2718,101,0.6123502693224117,20,444,24,77,0.13755634888399645,dspar,0.2,0.20043,0.2,ok,0.03378,49377,0.36841671253032043,0.00016497947715133078,0.3685384685582182,0.9701492059743441,0.0031777810842839194,0.9211383022530322,68.4,0.7204989819038803,1.9902991932001897,0.09064747102092952,1.0768974040014048,1.1675448750223343,0.11663495802109565,0.002405766911200012,0.1929436750868223,0.006625998340589442,0.029958531835511986,0.0009273822657238457,-0.00010396954270182027,17.666666666666668,0.8586266938735448,1.1675448750223343,1,0.3683571556048195,0.9719572913210617,0.9207151365323584,70,-0.2517221975837239,-0.25190351053712257,-0.2517817545092248,-0.7772055308875218,-0.7790136162342394,-0.8911797704175202,1.7046875334552916,1.8481790241158325,0.36236836103230297,0.8648392605941235,0.5749502356549339,31,0.75
A,sbm_ps,leiden,50,3,0,1,49.423,0.61286,0.39664997010339437,0.00305922735778,1,ok,1.367,10000,246359,49.2718,101,0.6123502693224117,20,444,24,77,0.13755634888399645,dspar,0.15,0.15009,0.15,ok,0.03378,36975,0.36841671253032043,0.00016497947715133078,0.3685384685582182,0.9701492059743441,0.0031777810842839194,0.9211383022530322,68.4,0.7204989819038803,1.9902991932001897,0.09641260700300336,1.007127584326857,1.1035401913298604,0.07973972545832823,0.002507431070040616,0.12465671889037772,0.005016385484651412,0.01745856311167417,0.0005994337192128707,0.00014417538132534768,28.0,1.0384651410203807,1.1035401913298604,1,0.3683571556048195,0.9719572913210617,0.9207151365323584,70,-0.28861743014649127,-0.28879874309988995,-0.2886769870719922,-0.8454924870839664,-0.8473005724306839,-0.903679739141358,1.803558410320977,1.9762135643722478,0.36236836103230297,0.8648392605941235,0.5749502356549339,31,0.75
A,sbm_ps,leiden,50,3,0,1,49.423,0.61286,0.39664997010339437,0.00305922735778,1,ok,1.367,10000,246359,49.2718,101,0.6123502693224117,20,444,24,77,0.13755634888399645,dspar,0.05,0.04979,0.05,ok,0.03378,12267,0.36841671253032043,0.00016497947715133078,0.3685384685582182,0.9701492059743441,0.0031777810842839194,0.9211383022530322,68.4,0.7204989819038803,1.9902991932001897,0.09060032299021259,0.5072460130128699,0.5978463360030825,0.03988158899936907,0.0003715171784541326,0.07544054882073666,0.002305493510754827,0.008708385623672217,-0.0003388433067282493,-5.4996296056854386e-05,1010.0,3.5436918885837105,0.5978463360030825,1,0.3683571556048195,0.9719572913210617,0.9207151365323584,70,-0.32847556660545046,-0.32865687955884915,-0.3285351235309514,-0.8947086571536074,-0.896516742500325,-0.9124299166293599,3.3291149804586704,3.923735509281749,0.18408005631389399,0.7024559380113397,0.23757314436636132,745,30.0
A,sbm_ps,leiden,50,3,0,1,49.423,0.61286,0.39664997010339437,0.00305922735778,1,ok,1.367,10000,246359,49.2718,101,0.6123502693224117,20,444,24,77,0.13755634888399645,random,0.5,0.5,0.5,ok,0.03378,123180,0.36841671253032043,0.00016497947715133078,0.3685384685582182,0.9701492059743441,0.0031777810842839194,0.9211383022530322,68.4,0.7204989819038803,1.9902991932001897,0.004021207976620644,1.5038734973447088,1.5078947053213294,0.35715365500699336,0.0032547794945247746,0.8950588862559513,0.009975076867462485,0.5487170615482289,0.0011419181728893615,-0.0003089776065160398,50.0,1.1841711831304165,1.5078947053213294,1,0.3683571556048195,0.9719572913210617,0.9207151365323584,70,-0.011203500597826155,-0.011384813551224837,-0.011263057523327069,-0.07509031971839275,-0.07689840506511036,-0.3724212407048033,1.3199192133087707,1.3234485458479925,0.36236836103230297,0.8648392605941235,0.5749502356549339,31,0.75
A,sbm_ps,leiden,50,3,0,1,49.423,0.61286,0.39664997010339437,0.00305922735778,1,ok,1.367,10000,246359,49.2718,101,0.6123502693224117,20,444,24,77,0.13755634888399645,random,0.2,0.2,0.2,ok,0.03378,49272,0.36841671253032043,0.00016497947715133078,0.3685384685582182,0.9701492059743441,0.0031777810842839194,0.9211383022530322,68.4,0.7204989819038803,1.9902991932001897,0.00320459803333506,1.0736329949771364,1.0768375930104714,0.11767718547267376,0.001545111762982131,0.20170946263667425,0.007410758670346242,0.033775560727197305,-0.0001720743164414831,-0.0001536592074054244,20.0,0.9233845868404011,1.0768375930104714,1,0.3683571556048195,0.9719572913210617,0.9207151365323584,70,-0.25067997013214577,-0.25086128308554445,-0.2507395270576467,-0.7684397433376698,-0.7702478286843875,-0.8873627415258348,1.8482816778674958,1.853798460471657,0.36236836103230297,0.8648392605941235,0.5749502356549339,31,0.75
A,sbm_ps,leiden,50,3,0,1,49.423,0.61286,0.39664997010339437,0.00305922735778,1,ok,1.367,10000,246359,49.2718,101,0.6123502693224117,20,444,24,77,0.13755634888399645,random,0.15,0.15,0.15,ok,0.03378,36954,0.36841671253032043,0.00016497947715133078,0.3685384685582182,0.9701492059743441,0.0031777810842839194,0.9211383022530322,68.4,0.7204989819038803,1.9902991932001897,0.003258247976191342,1.0171936276601627,1.020451875636354,0.08000318721755185,0.0011280396592065476,0.11995111552074365,0.0009491823149909388,0.01761081860699772,3.0472545818471504e-05,-6.474151942657579e-05,27.0,0.9722720774509672,1.020451875636354,1,0.3683571556048195,0.9719572913210617,0.9207151365323584,70,-0.2883539683872677,-0.28853528134066636,-0.2884135253127686,-0.8501980904536004,-0.852006175800318,-0.9035274836460344,1.950409657446157,1.9566571585573624,0.36236836103230297,0.8648392605941235,0.5749502356549339,31,0.75
A,sbm_ps,leiden,50,3,0,1,49.423,0.61286,0.39664997010339437,0.00305922735778,1,ok,1.367,10000,246359,49.2718,101,0.6123502693224117,20,444,24,77,0.13755634888399645,random,0.05,0.05,0.05,ok,0.03378,12318,0.36841671253032043,0.00016497947715133078,0.3685384685582182,0.9701492059743441,0.0031777810842839194,0.9211383022530322,68.4,0.7204989819038803,1.9902991932001897,0.004209247010294348,0.5191365093536054,0.5233457563638998,0.04021640815590385,1.8016863972130236e-05,0.07285276088562541,0.00144590568859526,0.008746360719838435,-0.0007940649168021362,-4.7126970059544745e-05,1043.0,3.697511982456918,0.5233457563638998,1,0.3683571556048195,0.9719572913210617,0.9207151365323584,70,-0.3281407474489157,-0.3283220604023144,-0.3282003043744166,-0.8972964450887186,-0.8991045304354363,-0.9123919415331937,3.8030292000997292,3.8338648069240575,0.18408005631389399,0.7024559380113397,0.23757314436636132,745,30.0
A,sbm_ps,leiden,100,1,0,1,101.93,0.64153,0.8657134125921087,0.006658435212959383,2,ok,0.973,10000,509901,101.9802,128,0.6425168807278275,20,489,64,139,0.09877985752474228,lspar,0.5,0.5043,0.835938,ok,0.01736,257141,0.341963561050019,0.0001861928764027085,0.34217905552991346,0.9615979086424392,0.0016601598473083704,0.9213874427414419,79.4,0.6593893376494296,3.20333199382294,1.2719200900173746,1.489773044673105,2.7616931346904794,0.34203644178812986,1.7986222706555376e-05,0.9773941257011387,0.000486119772813562,0.9675129560679153,-0.0002094173401463163,-5.87381619642694e-05,92.66666666666667,0.7280219055854006,2.7616931346904794,1,0.34207700535487895,0.9621549464688927,0.9302625871340019,79,-4.056356674908557e-05,-0.00014261374178359265,7.288073811084761e-05,0.01579621705869949,0.015239179232246047,0.04612551332647341,1.1599159782036963,2.1502147627633,0.34207700535487895,0.9621549464688927,0.9302625871340019,79,1.0
A,sbm_ps,leiden,100,1,0,1,101.93,0.64153,0.8657134125921087,0.006658435212959383,2,ok,0.973,10000,509901,101.9802,128,0.6425168807278275,20,489,64,139,0.09877985752474228,lspar,0.2,0.20199,0.578125,ok,0.01736,102993,0.341963561050019,0.0001861928764027085,0.34217905552991346,0.9615979086424392,0.0016601598473083704,0.9213874427414419,79.4,0.6593893376494296,3.20333199382294,1.2327658159774728,0.5532969913523024,1.7860628073297753,0.34188737202610175,0.0,1.0,0.0,1.0,-0.0006643299495535259,-0.0002815952126493894,128.0,0.9916141184956979,1.7860628073297753,1,0.34207700535487895,0.9621549464688927,0.9302625871340019,79,-0.00018963332877719452,-0.0002916835038117016,-7.618902391726134e-05,0.038402091357560786,0.03784505353110734,0.07861255725855809,1.7935158722732882,5.789534452362986,0.34182045523793786,0.9997069567532676,0.9993405364083013,128,5.0
A,sbm_ps,leiden,100,1,0,1,101.93,0.64153,0.8657134125921087,0.006658435212959383,2,ok,0.973,10000,509901,101.9802,128,0.6425168807278275,20,489,64,139,0.09877985752474228,lspar,0.15,0.15034,0.5,ok,0.01736,76656,0.341963561050019,0.0001861928764027085,0.34217905552991346,0.9615979086424392,0.0016601598473083704,0.9213874427414419,79.4,0.6593893376494296,3.20333199382294,1.1842165249981917,0.48217285170297447,1.6663893767011662,0.34188737202610175,0.0,1.0,0.0,1.0,-4.787909605267358e-06,-9.86275458907683e-05,128.0,0.9916141184956979,1.6663893767011662,1,0.34207700535487895,0.9621549464688927,0.9302625871340019,79,-0.00018963332877719452,-0.0002916835038117016,-7.618902391726134e-05,0.038402091357560786,0.03784505353110734,0.07861255725855809,1.9223190201586324,6.6435345385149125,0.34182045523793786,0.9997069567532676,0.9993405364083013,128,5.0
A,sbm_ps,leiden,100,1,0,1,101.93,0.64153,0.8657134125921087,0.006658435212959383,2,ok,0.973,10000,509901,101.9802,128,0.6425168807278275,20,489,64,139,0.09877985752474228,lspar,0.05,0.0483,0.1875,ok,0.01736,24629,0.341963561050019,0.0001861928764027085,0.34217905552991346,0.9615979086424392,0.0016601598473083704,0.9213874427414419,79.4,0.6593893376494296,3.20333199382294,1.206538731988985,0.31970178966488066,1.5262405216538657,0.34188737202610175,0.0,1.0,0.0,1.0,0.00037459808069224376,-4.2769628394746947e-05,128.0,0.9916141184956979,1.5262405216538657,1,0.34207700535487895,0.9621549464688927,0.9302625871340019,79,-0.00018963332877719452,-0.0002916835038117016,-7.618902391726134e-05,0.038402091357560786,0.03784505353110734,0.07861255725855809,2.098838255422378,10.019749958799892,0.34182045523793786,0.9997069567532676,0.9993405364083013,128,5.0
A,sbm_ps,leiden,100,1,0,1,101.93,0.64153,0.8657134125921087,0.006658435212959383,2,ok,0.973,10000,509901,101.9802,128,0.6425168807278275,20,489,64,139,0.09877985752474228,dspar,0.5,0.50028,0.5,ok,0.01736,255095,0.341963561050019,0.0001861928764027085,0.34217905552991346,0.9615979086424392,0.0016601598473083704,0.9213874427414419,79.4,0.6593893376494296,3.20333199382294,0.18633211200358346,2.0673949103608416,2.253727022364425,0.3415515508319478,0.00030005927993382724,0.9454998427003293,0.0031303495908488062,0.8760969621570958,-0.0012257300583364001,-0.0001749323354812373,68.0,0.585901860151472,2.253727022364425,1,0.34207700535487895,0.9621549464688927,0.9302625871340019,79,-0.0005254545229311236,-0.0006275046979656307,-0.0004120102180711904,-0.01609806594210994,-0.016655103768563384,-0.04529048058434615,1.4213487090651589,1.5494533617013853,0.34207700535487895,0.9621549464688927,0.9302625871340019,79,1.0
A,sbm_ps,leiden,100,1,0,1,101.93,0.64153,0.8657134125921087,0.006658435212959383,2,ok,0.973,10000,509901,101.9802,128,0.6425168807278275,20,489,64,139,0.09877985752474228,dspar,0.2,0.19976,0.2,ok,0.01736,101860,0.341963561050019,0.0001861928764027085,0.34217905552991346,0.9615979086424392,0.0016601598473083704,0.9213874427414419,79.4,0.6593893376494296,3.20333199382294,0.1834715020377189,1.4855393826534662,1.669010884691185,0.31652834536596464,0.002980786321437418,0.8102787382073596,0.010858570720128271,0.4265480836876607,-0.00012962294279009076,-0.0005079836848409439,41.666666666666664,1.0493114471703466,1.669010884691185,1,0.34207700535487895,0.9621549464688927,0.9302625871340019,79,-0.025548659988914313,-0.02565071016394882,-0.02543521568405438,-0.1513191704350796,-0.15187620826153303,-0.49483935905378124,1.9192996422043396,2.1563426935886127,0.34037386180723195,0.8886235476355527,0.7047155319618731,42,0.75
A,sbm_ps,leiden,100,1,0,1,101.93,0.64153,0.8657134125921087,0.006658435212959383,2,ok,0.973,10000,509901,101.9802,128,0.6425168807278275,20,489,64,139,0.09877985752474228,dspar,0.15,0.14936,0.15,ok,0.01736,76157,0.341963561050019,0.0001861928764027085,0.34217905552991346,0.9615979086424392,0.0016601598473083704,0.9213874427414419,79.4,0.6593893376494296,3.20333199382294,0.18367946898797527,1.3845426266586098,1.568222095646585,0.19810372100973853,0.006589888707157931,0.4833213224222084,0.008370275156316111,0.12068510305940534,0.0005799334137253656,0.00030755335419535866,26.333333333333332,1.1698466387915796,1.568222095646585,1,0.34207700535487895,0.9621549464688927,0.9302625871340019,79,-0.14397328434514042,-0.14407533452017493,-0.1438598400402805,-0.47827658622023084,-0.4788336240466843,-0.8007023396820365,2.042651995986698,2.3136391268456,0.34037386180723195,0.8886235476355527,0.7047155319618731,42,0.75
A,sbm_ps,leiden,100,1,0,1,101.93,0.64153,0.8657134125921087,0.006658435212959383,2,ok,0.973,10000,509901,101.9802,128,0.6425168807278275,20,489,64,139,0.09877985752474228,dspar,0.05,0.04971,0.05,ok,0.01736,25345,0.341963561050019,0.0001861928764027085,0.34217905552991346,0.9615979086424392,0.0016601598473083704,0.9213874427414419,79.4,0.6593893376494296,3.20333199382294,0.1911895090015605,0.8241851776644277,1.015374686665988,0.02961628743086839,0.0004654468108769817,0.07507196573591544,0.0012467389905559086,0.009145525373253065,-0.00010738684585351179,0.00021110644227609188,75.0,1.423257954085578,1.015374686665988,1,0.34207700535487895,0.9621549464688927,0.9302625871340019,79,-0.31246071792401053,-0.31256276809904504,-0.3123472736191506,-0.8865259429065238,-0.8870829807329772,-0.9122419173681888,3.154827509380968,3.886665376463731,0.34207700535487895,0.9621549464688927,0.9302625871340019,79,1.0
A,sbm_ps,leiden,100,1,0,1,101.93,0.64153,0.8657134125921087,0.006658435212959383,2,ok,0.973,10000,509901,101.9802,128,0.6425168807278275,20,489,64,139,0.09877985752474228,random,0.5,0.5,0.5,ok,0.01736,254950,0.341963561050019,0.0001861928764027085,0.34217905552991346,0.9615979086424392,0.0016601598473083704,0.9213874427414419,79.4,0.6593893376494296,3.20333199382294,0.009751359990332276,2.029841363003167,2.039592722993499,0.34162233283773974,7.938213715338604e-05,0.947271876645693,0.0008260498336023059,0.8875410688587205,-0.0007532246430566069,0.0002525084799683565,68.66666666666667,0.571289772437961,2.039592722993499,1,0.34207700535487895,0.9621549464688927,0.9302625871340019,79,-0.00045467251713920964,-0.0005567226921737167,-0.00034122821227927647,-0.014326031996746202,-0.014883069823199646,-0.03384637388272138,1.5705743395286422,1.5781193802670295,0.34207700535487895,0.9621549464688927,0.9302625871340019,79,1.0
A,sbm_ps,leiden,100,1,0,1,101.93,0.64153,0.8657134125921087,0.006658435212959383,2,ok,0.973,10000,509901,101.9802,128,0.6425168807278275,20,489,64,139,0.09877985752474228,random,0.2,0.2,0.2,ok,0.01736,101980,0.341963561050019,0.0001861928764027085,0.34217905552991346,0.9615979086424392,0.0016601598473083704,0.9213874427414419,79.4,0.6593893376494296,3.20333199382294,0.008603814989328384,1.4979861083168846,1.506589923306213,0.3185625332264788,0.004369051902634097,0.8228770414012782,0.013902711144439264,0.491219742574547,0.0003250271398905809,0.0002109995237935329,42.666666666666664,0.9066686301764827,1.506589923306213,1,0.34207700535487895,0.9621549464688927,0.9302625871340019,79,-0.023514472128400132,-0.02361652230343464,-0.0234010278235402,-0.13872086724116106,-0.1392779050676145,-0.43016770016689493,2.126213606150521,2.1384257010381473,0.34037386180723195,0.8886235476355527,0.7047155319618731,42,0.75
A,sbm_ps,leiden,100,1,0,1,101.93,0.64153,0.8657134125921087,0.006658435212959383,2,ok,0.973,10000,509901,101.9802,128,0.6425168807278275,20,489,64,139,0.09877985752474228,random,0.15,0.15,0.15,ok,0.01736,76485,0.341963561050019,0.0001861928764027085,0.34217905552991346,0.9615979086424392,0.0016601598473083704,0.9213874427414419,79.4,0.6593893376494296,3.20333199382294,0.008179587021004409,1.3324440873305623,1.3406236743515667,0.19226878984226023,0.0008539665723145483,0.4729495255752618,0.009324382272218587,0.12114102352566025,-9.521023297931143e-05,-0.00020184085035536677,27.333333333333332,1.0843476207438025,1.3406236743515667,1,0.34207700535487895,0.9621549464688927,0.9302625871340019,79,-0.14980821551261872,-0.14991026568765323,-0.1496947712077588,-0.4886483830671774,-0.48920542089363084,-0.8002464192157817,2.389434153005189,2.4041023741870786,0.34037386180723195,0.8886235476355527,0.7047155319618731,42,0.75
A,sbm_ps,leiden,100,1,0,1,101.93,0.64153,0.8657134125921087,0.006658435212959383,2,ok,0.973,10000,509901,101.9802,128,0.6425168807278275,20,489,64,139,0.09877985752474228,random,0.05,0.05,0.05,ok,0.01736,25495,0.341963561050019,0.0001861928764027085,0.34217905552991346,0.9615979086424392,0.0016601598473083704,0.9213874427414419,79.4,0.6593893376494296,3.20333199382294,0.007767609029542655,0.8297900383283073,0.83755764735785,0.03055264604030757,0.0004611919648414981,0.08118017555664984,0.0054966045167201385,0.009867182769108742,0.00042038908054514284,-7.681736515157744e-05,94.0,1.5566083523040082,0.83755764735785,1,0.34207700535487895,0.9621549464688927,0.9302625871340019,79,-0.3115243593145714,-0.3116264094896059,-0.31141091500971146,-0.8804177330857894,-0.8809747709122429,-0.9115202599723332,3.8246107643194893,3.860412689788809,0.34207700535487895,0.9621549464688927,0.9302625871340019,79,1.0
A,sbm_ps,leiden,100,2,0,1,101.93,0.64153,0.7441035953315822,0.006684484157529171,2,ok,0.973,10000,509456,101.8912,95,0.6414940642567759,21,468,63,141,0.09645561696392987,lspar,0.5,0.49691,0.832031,ok,0.0169,253152,0.33794975215369927,0.0003426565945466139,0.3383058335256885,0.9766289331037734,0.002938642242764198,0.9502055509870644,67.6,0.7195950453777907,3.0315829349914565,1.2531390719814226,1.444079685335358,2.6972187573167803,0.33824939098641077,1.1479602834340817e-05,0.9877388699494064,0.0005578948796177946,0.9874927325560154,-0.00080813330046827,-0.00010280478370043297,75.33333333333333,0.7574682289024265,2.6972187573167803,1,0.33777610721553897,0.9716716451466195,0.9344010680639011,65,0.00047328377087180185,-5.644253927772347e-05,0.0002996388327115018,0.011109936845632995,0.016067224802786884,0.037287181568951056,1.1239662807355326,2.099318317248839,0.3380667062836365,0.9907386764150389,0.9809965958895361,83,1.5
A,sbm_ps,leiden,100,2,0,1,101.93,0.64153,0.7441035953315822,0.006684484157529171,2,ok,0.973,10000,509456,101.8912,95,0.6414940642567759,21,468,63,141,0.09645561696392987,lspar,0.2,0.19601,0.578125,ok,0.0169,99856,0.33794975215369927,0.0003426565945466139,0.3383058335256885,0.9766289331037734,0.002938642242764198,0.9502055509870644,67.6,0.7195950453777907,3.0315829349914565,1.2000853109639138,0.5779853426696112,1.7780706536335251,0.33814290511738837,0.0,1.0,0.0,1.0,-0.0005102817221552293,-2.7719025487948313e-05,95.0,0.9679074335906303,1.7780706536335251,1,0.33777610721553897,0.9716716451466195,0.9344010680639011,65,0.00036679790184940275,-0.00016292840830012256,0.00019315296368910273,0.02337106689622659,0.028328354853380477,0.049794449012935615,1.7049845172329638,5.245086183308932,0.33800785831691377,0.9973259519315975,0.9890586298464863,94,3.0
A,sbm_ps,leiden,100,2,0,1,101.93,0.64153,0.7441035953315822,0.006684484157529171,2,ok,0.973,10000,509456,101.8912,95,0.6414940642567759,21,468,63,141,0.09645561696392987,lspar,0.15,0.14529,0.5,ok,0.0169,74018,0.33794975215369927,0.0003426565945466139,0.3383058335256885,0.9766289331037734,0.002938642242764198,0.9502055509870644,67.6,0.7195950453777907,3.0315829349914565,1.1528813400072977,0.5061865623186653,1.6590679023259631,0.33814290511738837,0.0,1.0,0.0,1.0,0.00022725811369664017,8.095364538897159e-05,95.0,0.9679074335906303,1.6590679023259631,1,0.33777610721553897,0.9716716451466195,0.9344010680639011,65,0.00036679790184940275,-0.00016292840830012256,0.00019315296368910273,0.02337106689622659,0.028328354853380477,0.049794449012935615,1.827280806735679,5.989062453781517,0.33800785831691377,0.9973259519315975,0.9890586298464863,94,3.0
A,sbm_ps,leiden,100,2,0,1,101.93,0.64153,0.7441035953315822,0.006684484157529171,2,ok,0.973,10000,509456,101.8912,95,0.6414940642567759,21,468,63,141,0.09645561696392987,lspar,0.05,0.04667,0.1875,ok,0.0169,23774,0.33794975215369927,0.0003426565945466139,0.3383058335256885,0.9766289331037734,0.002938642242764198,0.9502055509870644,67.6,0.7195950453777907,3.0315829349914565,1.1702577889664099,0.33394489699276164,1.5042026859591715,0.33814290511738837,0.0,1.0,0.0,1.0,0.002708878286088722,0.00029259702601655324,95.0,0.9679074335906303,1.5042026859591715,1,0.33777610721553897,0.9716716451466195,0.9344010680639011,65,0.00036679790184940275,-0.00016292840830012256,0.00019315296368910273,0.02337106689622659,0.028328354853380477,0.049794449012935615,2.015408537220058,9.078093309080172,0.33800785831691377,0.9973259519315975,0.9890586298464863,94,3.0
A,sbm_ps,leiden,100,2,0,1,101.93,0.64153,0.7441035953315822,0.006684484157529171,2,ok,0.973,10000,509456,101.8912,95,0.6414940642567759,21,468,63,141,0.09645561696392987,dspar,0.5,0.49971,0.5,ok,0.0169,254582,0.33794975215369927,0.0003426565945466139,0.3383058335256885,0.9766289331037734,0.002938642242764198,0.9502055509870644,67.6,0.7195950453777907,3.0315829349914565,0.18457348505035043,2.018859492673073,2.2034329777234234,0.3372443673676118,0.0002592848410685968,0.9584976041329908,0.0030964162539880965,0.8982257994698388,-3.75551425515644e-05,1.982088093583047e-07,56.333333333333336,0.6329729429953957,2.2034329777234234,1,0.33777610721553897,0.9716716451466195,0.9344010680639011,65,-0.0005317398479271485,-0.0010614661580766738,-0.0007053847860874485,-0.018131328970782623,-0.013174041013628734,-0.05197975151722556,1.375845313036784,1.5016314637020558,0.33777610721553897,0.9716716451466195,0.9344010680639011,65,1.0
A,sbm_ps,leiden,100,2,0,1,101.93,0.64153,0.7441035953315822,0.006684484157529171,2,ok,0.973,10000,509456,101.8912,95,0.6414940642567759,21,468,63,141,0.09645561696392987,dspar,0.2,0.19975,0.2,ok,0.0169,101763,0.33794975215369927,0.0003426565945466139,0.3383058335256885,0.9766289331037734,0.002938642242764198,0.9502055509870644,67.6,0.7195950453777907,3.0315829349914565,0.17455962899839506,1.439602975345527,1.6141626043439221,0.29219689822300937,0.004002689246888117,0.7480594978412279,0.012339077030269933,0.33797949408455596,-0.0006243307768926029,0.0002059174970277443,31.333333333333332,1.1937969609104082,1.6141626043439221,1,0.33777610721553897,0.9716716451466195,0.9344010680639011,65,-0.045579208992529596,-0.04610893530267912,-0.045752853930689896,-0.22856943526254547,-0.22361214730539158,-0.6122260569025084,1.8781149599384048,2.105846533322029,0.3361921055639691,0.9124325314157523,0.779078498841229,37,0.75
A,sbm_ps,leiden,100,2,0,1,101.93,0.64153,0.7441035953315822,0.006684484157529171,2,ok,0.973,10000,509456,101.8912,95,0.6414940642567759,21,468,63,141,0.09645561696392987,dspar,0.15,0.14968,0.15,ok,0.0169,76255,0.33794975215369927,0.0003426565945466139,0.3383058335256885,0.9766289331037734,0.002938642242764198,0.9502055509870644,67.6,0.7195950453777907,3.0315829349914565,0.1877238330198452,1.2434560040128417,1.431179837032687,0.1344613646908159,0.005194467908861612,0.32553153229266707,0.013536554314600904,0.061813976620175376,-0.00033601958218990757,-2.0058250476336937e-05,19.666666666666668,1.1107841508959169,1.431179837032687,1,0.33777610721553897,0.9716716451466195,0.9344010680639011,65,-0.20331474252472306,-0.2038444688348726,-0.20348838746288336,-0.6510974008111063,-0.6461401128539525,-0.888391574366889,2.118240389186127,2.4380299143741544,0.3361921055639691,0.9124325314157523,0.779078498841229,37,0.75
A,sbm_ps,leiden,100,2,0,1,101.93,0.64153,0.7441035953315822,0.006684484157529171,2,ok,0.973,10000,509456,101.8912,95,0.6414940642567759,21,468,63,141,0.09645561696392987,dspar,0.05,0.05018,0.05,ok,0.0169,25565,0.33794975215369927,0.0003426565945466139,0.3383058335256885,0.9766289331037734,0.002938642242764198,0.9502055509870644,67.6,0.7195950453777907,3.0315829349914565,0.18054035597015172,0.8284108709776774,1.0089512269478291,0.028440482511367188,0.0003883674847192598,0.06325687144623744,0.002048590764949162,0.00872154494850214,-0.00023632529006290914,-3.98914801069419e-05,83.0,1.4649527586927038,1.0089512269478291,1,0.33777610721553897,0.9716716451466195,0.9344010680639011,65,-0.30933562470417175,-0.30986535101432133,-0.30950926964233205,-0.9133720616575359,-0.908414773700382,-0.9414840060385622,3.004687297087963,3.6595161183889706,0.3380667062836365,0.9907386764150389,0.9809965958895361,83,1.5
A,sbm_ps,leiden,100,2,0,1,101.93,0.64153,0.7441035953315822,0.006684484157529171,2,ok,0.973,10000,509456,101.8912,95,0.6414940642567759,21,468,63,141,0.09645561696392987,random,0.5,0.5,0.5,ok,0.0169,254728,0.33794975215369927,0.0003426565945466139,0.3383058335256885,0.9766289331037734,0.002938642242764198,0.9502055509870644,67.6,0.7195950453777907,3.0315829349914565,0.011366100050508976,2.103516879316885,2.114882979367394,0.336206192392743,0.002010345106922728,0.9565105540771368,0.010972494667975936,0.853475301018256,-0.000560551833587604,0.0001570056690799906,58.333333333333336,0.7616838909723794,2.114882979367394,1,0.33777610721553897,0.9716716451466195,0.9344010680639011,65,-0.001569914822795948,-0.0020996411329454734,-0.001743559760956248,-0.0201183790266366,-0.015161091069482713,-0.09673024996880841,1.4334518574158968,1.441197341842087,0.33777610721553897,0.9716716451466195,0.9344010680639011,65,1.0
A,sbm_ps,leiden,100,2,0,1,101.93,0.64153,0.7441035953315822,0.006684484157529171,2,ok,0.973,10000,509456,101.8912,95,0.6414940642567759,21,468,63,141,0.09645561696392987,random,0.2,0.2,0.2,ok,0.0169,101891,0.33794975215369927,0.0003426565945466139,0.3383058335256885,0.9766289331037734,0.002938642242764198,0.9502055509870644,67.6,0.7195950453777907,3.0315829349914565,0.010025247989688069,1.6323047180000383,1.6423299659897264,0.2999837520210039,0.005075633128344202,0.7704001228675152,0.010499078376945335,0.3963315488958173,0.0003770661455141588,5.401755760107752e-05,31.333333333333332,1.0655989075124026,1.6423299659897264,1,0.33777610721553897,0.9716716451466195,0.9344010680639011,65,-0.037792355194535054,-0.03832208150468458,-0.037966000132695354,-0.20622881023625816,-0.20127152227910428,-0.5538740020912472,1.8459036842602559,1.8572408089991108,0.3361921055639691,0.9124325314157523,0.779078498841229,37,0.75
A,sbm_ps,leiden,100,2,0,1,101.93,0.64153,0.7441035953315822,0.006684484157529171,2,ok,0.973,10000,509456,101.8912,95,0.6414940642567759,21,468,63,141,0.09645561696392987,random,0.15,0.15,0.15,ok,0.0169,76418,0.33794975215369927,0.0003426565945466139,0.3383058335256885,0.9766289331037734,0.002938642242764198,0.9502055509870644,67.6,0.7195950453777907,3.0315829349914565,0.007959248032420874,1.2626239926515457,1.2705832406839666,0.13114178278941263,0.006950324570948691,0.3115795258354442,0.016209591259304514,0.06077182781645215,-0.00040705510968875,-0.00028179489647999753,20.0,1.1372486063935514,1.2705832406839666,1,0.33777610721553897,0.9716716451466195,0.9344010680639011,65,-0.20663432442612634,-0.20716405073627586,-0.20680796936428664,-0.6650494072683293,-0.6600921193111753,-0.8894337231706122,2.3859774298294125,2.401018001111358,0.3361921055639691,0.9124325314157523,0.779078498841229,37,0.75
A,sbm_ps,leiden,100,2,0,1,101.93,0.64153,0.7441035953315822,0.006684484157529171,2,ok,0.973,10000,509456,101.8912,95,0.6414940642567759,21,468,63,141,0.09645561696392987,random,0.05,0.05,0.05,ok,0.0169,25473,0.33794975215369927,0.0003426565945466139,0.3383058335256885,0.9766289331037734,0.002938642242764198,0.9502055509870644,67.6,0.7195950453777907,3.0315829349914565,0.009316826006397605,0.8158714506813945,0.8251882766877922,0.027350589161437695,0.0006305922964056262,0.06077266729946843,0.0007393128148244968,0.007902512692691007,-0.0009580051905926753,-0.00018490090220134642,87.33333333333333,1.505214971342361,0.8251882766877922,1,0.33777610721553897,0.9716716451466195,0.9344010680639011,65,-0.3104255180541013,-0.3109552443642508,-0.3105991629922616,-0.915856265804305,-0.9108989778471511,-0.9423030382943733,3.673807566874157,3.715760531220399,0.3380667062836365,0.9907386764150389,0.9809965958895361,83,1.5
A,sbm_ps,leiden,100,3,0,1,101.93,0.64153,0.7763333450058881,0.006656437025272563,2,ok,0.973,10000,507207,101.4414,101,0.6410656792985902,20,444,61,147,0.09858665468425977,lspar,0.5,0.4965,0.832031,ok,0.01712,251828,0.3400099481127133,2.7869214690518195e-05,0.34003885982857224,0.9776412940735388,0.000436654716398649,0.968620228593341,70.4,0.6523866417723949,3.181811228604056,1.2366070680436678,1.4083376386552118,2.6449447066988796,0.3399387336402202,5.391447771869718e-06,0.9848990176426966,0.00041138918625927576,0.981330696689259,0.00021626185765317895,2.8968736517527306e-05,77.66666666666667,0.7309172830955687,2.6449447066988796,1,0.3399866277333314,0.9771491123780291,0.9675427818883006,70,-4.7894093111178204e-05,-0.00010012618835203435,-7.121447249308632e-05,0.00725772356915777,0.007749905264667456,0.012710468095918026,1.2029783535910783,2.259267338507186,0.3399866277333314,0.9771491123780291,0.9675427818883006,70,1.0
A,sbm_ps,leiden,100,3,0,1,101.93,0.64153,0.7763333450058881,0.006656437025272563,2,ok,0.973,10000,507207,101.4414,101,0.6410656792985902,20,444,61,147,0.09858665468425977,lspar,0.2,0.19742,0.578125,ok,0.01712,100135,0.3400099481127133,2.7869214690518195e-05,0.34003885982857224,0.9776412940735388,0.000436654716398649,0.968620228593341,70.4,0.6523866417723949,3.181811228604056,1.1832357120001689,0.5487220283054436,1.7319577403056123,0.3398005012440362,5.551115123125783e-17,1.0,0.0,1.0,0.0012203930465547693,0.00017543749373311016,101.0,0.9611648661910192,1.7319577403056123,1,0.3399866277333314,0.9771491123780291,0.9675427818883006,70,-0.00018612648929516862,-0.00023835858453602476,-0.00020944686867707674,0.022358705926461164,0.02285088762197085,0.03137977140665904,1.837118282136959,5.798584828879724,0.33980050124403627,1.0,1.0,101,3.0
A,sbm_ps,leiden,100,3,0,1,101.93,0.64153,0.7763333450058881,0.006656437025272563,2,ok,0.973,10000,507207,101.4414,101,0.6410656792985902,20,444,61,147,0.09858665468425977,lspar,0.15,0.14672,0.5,ok,0.01712,74419,0.3400099481127133,2.7869214690518195e-05,0.34003885982857224,0.9776412940735388,0.000436654716398649,0.968620228593341,70.4,0.6523866417723949,3.181811228604056,1.136020994046703,0.4932890946511179,1.629310088697821,0.3398005012440362,5.551115123125783e-17,1.0,0.0,1.0,-0.0003339236328089862,-0.0002570800538790917,101.0,0.9611648661910192,1.629310088697821,1,0.3399866277333314,0.9771491123780291,0.9675427818883006,70,-0.00018612648929516862,-0.00023835858453602476,-0.00020944686867707674,0.022358705926461164,0.02285088762197085,0.03137977140665904,1.9528579922726843,6.450195763712177,0.33980050124403627,1.0,1.0,101,3.0
A,sbm_ps,leiden,100,3,0,1,101.93,0.64153,0.7763333450058881,0.006656437025272563,2,ok,0.973,10000,507207,101.4414,101,0.6410656792985902,20,444,61,147,0.09858665468425977,lspar,0.05,0.0473,0.1875,ok,0.01712,23990,0.3400099481127133,2.7869214690518195e-05,0.34003885982857224,0.9776412940735388,0.000436654716398649,0.968620228593341,70.4,0.6523866417723949,3.181811228604056,1.155805203015916,0.3336824940245909,1.4894876970405069,0.339757402897431,0.0,0.9998311787924233,1.1102230246251565e-16,0.9996992310501972,-0.0009401292061598743,-9.80084569673091e-05,101.0,0.9608211904407605,1.4894876970405069,1,0.3399866277333314,0.9771491123780291,0.9675427818883006,70,-0.0002292248359003768,-0.00028145693114123294,-0.0002525452152822849,0.0221898847188845,0.022682066414394186,0.031079002456856242,2.1361782543931453,9.535445477608937,0.33980050124403627,1.0,1.0,101,3.0
A,sbm_ps,leiden,100,3,0,1,101.93,0.64153,0.7763333450058881,0.006656437025272563,2,ok,0.973,10000,507207,101.4414,101,0.6410656792985902,20,444,61,147,0.09858665468425977,dspar,0.5,0.49914,0.5,ok,0.01712,253169,0.3400099481127133,2.7869214690518195e-05,0.34003885982857224,0.9776412940735388,0.000436654716398649,0.968620228593341,70.4,0.6523866417723949,3.181811228604056,0.17469484999310225,2.147011385318668,2.3217062353117703,0.3394071465427404,0.000339148219240925,0.9606266601648068,0.004120945034874614,0.9183773929364721,0.0009375175221707798,9.515965867638037e-05,60.333333333333336,0.5884157409598448,2.3217062353117703,1,0.3399866277333314,0.9771491123780291,0.9675427818883006,70,-0.0005794811905909802,-0.0006317132858318364,-0.0006028015699728884,-0.017014633908732035,-0.01652245221322235,-0.05024283565686882,1.3704624556761749,1.4819722197848515,0.3399866277333314,0.9771491123780291,0.9675427818883006,70,1.0
A,sbm_ps,leiden,100,3,0,1,101.93,0.64153,0.7763333450058881,0.006656437025272563,2,ok,0.973,10000,507207,101.4414,101,0.6410656792985902,20,444,61,147,0.09858665468425977,dspar,0.2,0.20007,0.2,ok,0.01712,101478,0.3400099481127133,2.7869214690518195e-05,0.34003885982857224,0.9776412940735388,0.000436654716398649,0.968620228593341,70.4,0.6523866417723949,3.181811228604056,0.18686115398304537,1.447495697667667,1.6343568516507123,0.2991525889402306,0.005648386537917274,0.774525255114156,0.010724604681510631,0.3597691499418025,-0.00037436751990519644,-0.0001624654826437434,36.333333333333336,1.2498847096835415,1.6343568516507123,1,0.3399866277333314,0.9771491123780291,0.9675427818883006,70,-0.04083403879310077,-0.040886270888341625,-0.04085735917248268,-0.2031160389593828,-0.2026238572638731,-0.6088510786515384,1.9468277233276217,2.1981490057144013,0.3382569857293194,0.9106509252393342,0.7748684284170027,39,0.75
A,sbm_ps,leiden,100,3,0,1,101.93,0.64153,0.7763333450058881,0.006656437025272563,2,ok,0.973,10000,507207,101.4414,101,0.6410656792985902,20,444,61,147,0.09858665468425977,dspar,0.15,0.14971,0.15,ok,0.01712,75933,0.3400099481127133,2.7869214690518195e-05,0.34003885982857224,0.9776412940735388,0.000436654716398649,0.968620228593341,70.4,0.6523866417723949,3.181811228604056,0.1850491510122083,1.2803903813279855,1.4654395323401939,0.15334692776070336,0.00967934721965264,0.38123906809732394,0.02462218315706835,0.09162587639309121,3.847792694786874e-06,-0.00013237396314115602,23.666666666666668,1.1080678670805668,1.4654395323401939,1,0.3399866277333314,0.9771491123780291,0.9675427818883006,70,-0.18663969997262803,-0.18669193206786888,-0.18666302035200993,-0.596402225976215,-0.5959100442807053,-0.8769943522002498,2.1712333797375787,2.485032123799594,0.3382569857293194,0.9106509252393342,0.7748684284170027,39,0.75
A,sbm_ps,leiden,100,3,0,1,101.93,0.64153,0.7763333450058881,0.006656437025272563,2,ok,0.973,10000,507207,101.4414,101,0.6410656792985902,20,444,61,147,0.09858665468425977,dspar,0.05,0.05004,0.05,ok,0.01712,25380,0.3400099481127133,2.7869214690518195e-05,0.34003885982857224,0.9776412940735388,0.000436654716398649,0.968620228593341,70.4,0.6523866417723949,3.181811228604056,0.175757844990585,0.8412980963476002,1.0170559413381852,0.028529493428988164,0.00017458233577947188,0.07028348084515808,0.002087708848841821,0.008702269058865654,-0.0002727535866467285,7.30876544698592e-05,96.66666666666667,1.5331869148256665,1.0170559413381852,1,0.3399866277333314,0.9771491123780291,0.9675427818883006,70,-0.31145713430434324,-0.3115093663995841,-0.31148045468372515,-0.9073578132283807,-0.906865631532871,-0.9599179595344753,3.1284525258439637,3.7820259458775984,0.3398350988753979,0.998768947175514,0.999177576823054,98,2.0
A,sbm_ps,leiden,100,3,0,1,101.93,0.64153,0.7763333450058881,0.006656437025272563,2,ok,0.973,10000,507207,101.4414,101,0.6410656792985902,20,444,61,147,0.09858665468425977,random,0.5,0.5,0.5,ok,0.01712,253604,0.3400099481127133,2.7869214690518195e-05,0.34003885982857224,0.9776412940735388,0.000436654716398649,0.968620228593341,70.4,0.6523866417723949,3.181811228604056,0.010946394002530724,2.031121597993964,2.0420679919964946,0.3391358716859636,0.0007353668158096517,0.9627966719063409,0.004781962524107303,0.9013349934335618,0.0005404315883453289,0.00017579505308011696,63.333333333333336,0.6785630621518902,2.0420679919964946,1,0.3399866277333314,0.9771491123780291,0.9675427818883006,70,-0.0008507560473677844,-0.0009029881426086406,-0.0008740764267496925,-0.014844622167197952,-0.014352440471688266,-0.06728523515977913,1.5581318746851587,1.566529168783676,0.3399866277333314,0.9771491123780291,0.9675427818883006,70,1.0
A,sbm_ps,leiden,100,3,0,1,101.93,0.64153,0.7763333450058881,0.006656437025272563,2,ok,0.973,10000,507207,101.4414,101,0.6410656792985902,20,444,61,147,0.09858665468425977,random,0.2,0.2,0.2,ok,0.01712,101441,0.3400099481127133,2.7869214690518195e-05,0.34003885982857224,0.9776412940735388,0.000436654716398649,0.968620228593341,70.4,0.6523866417723949,3.181811228604056,0.009202738991007209,1.6084996860202712,1.6177024250112784,0.3095507198506873,0.004397570543491828,0.8064410445269714,0.012108109331486852,0.4404924830461967,0.0004448565698214674,0.0003303708344059541,36.666666666666664,1.0581828380451463,1.6177024250112784,1,0.3399866277333314,0.9771491123780291,0.9675427818883006,70,-0.03043590788264411,-0.030488139977884965,-0.030459228262026017,-0.17120024954656743,-0.17070806785105774,-0.5281277455471443,1.9668705315700277,1.9781236243051135,0.3382569857293194,0.9106509252393342,0.7748684284170027,39,0.75
A,sbm_ps,leiden,100,3,0,1,101.93,0.64153,0.7763333450058881,0.006656437025272563,2,ok,0.973,10000,507207,101.4414,101,0.6410656792985902,20,444,61,147,0.09858665468425977,random,0.15,0.15,0.15,ok,0.01712,76081,0.3400099481127133,2.7869214690518195e-05,0.34003885982857224,0.9776412940735388,0.000436654716398649,0.968620228593341,70.4,0.6523866417723949,3.181811228604056,0.0088177360012196,1.2794549193349667,1.2882726553361863,0.143214581679497,0.007552014401309358,0.3534170156664099,0.022701969660952157,0.07570625024779189,-0.0006246451396969261,-0.00041128668372738316,22.666666666666668,1.031322410301916,1.2882726553361863,1,0.3399866277333314,0.9771491123780291,0.9675427818883006,70,-0.1967720460538344,-0.19682427814907524,-0.1967953664332163,-0.624224278407129,-0.6237320967116193,-0.8929139783455491,2.469827497637706,2.4868490327567723,0.3382569857293194,0.9106509252393342,0.7748684284170027,39,0.75
A,sbm_ps,leiden,100,3,0,1,101.93,0.64153,0.7763333450058881,0.006656437025272563,2,ok,0.973,10000,507207,101.4414,101,0.6410656792985902,20,444,61,147,0.09858665468425977,random,0.05,0.05,0.05,ok,0.01712,25360,0.3400099481127133,2.7869214690518195e-05,0.34003885982857224,0.9776412940735388,0.000436654716398649,0.968620228593341,70.4,0.6523866417723949,3.181811228604056,0.009206546994391829,0.803515896317549,0.8127224433119409,0.028361584132266443,0.0005509465776502862,0.06741376288717198,0.0012712432791647703,0.008878404461792297,0.00023938724496047094,9.94033620763178e-05,87.0,1.4909644366356878,0.8127224433119409,1,0.3399866277333314,0.9771491123780291,0.9675427818883006,70,-0.3116250436010649,-0.31167727569630577,-0.3116483639804468,-0.9102275311863669,-0.9097353494908572,-0.9597418241315486,3.9150035227743873,3.9598609600457806,0.3399095574401296,0.9947515364018684,0.9957957253363011,90,1.5
A,sbm_ps,leiden,200,1,0,1,220.927,0.67193,0.882798977647714,0.015140516452704108,2,ok,0.734,10000,1100714,220.1428,78,0.6731939450211408,41,553,158,282,0.06987910078358177,lspar,0.5,0.50221,0.863281,ok,0.0082,552785,0.305753223799492,0.0003600473431068557,0.3062198498167383,0.9741689756169105,0.0051999927817496005,0.913183786175433,62.2,0.6818068916303384,5.215323658194393,4.842014981957618,2.486840054994294,7.3288550369519125,0.30674381692804276,4.253234093233188e-05,0.9921245383636217,0.0013383134548248308,0.9871444471499845,0.000804885468966765,0.0002813073759497041,70.0,0.6545521390186851,7.3288550369519125,1,0.3062198498167383,0.9825627461551665,0.9434432383410352,66,0.0005239671113044797,0.0005239671113044797,0.0009905931285507652,0.017955562746711173,0.009561792208455211,0.07396066097455145,0.711615065641066,2.097168914309754,0.3062198498167383,0.9825627461551665,0.9434432383410352,66,1.0
A,sbm_ps,leiden,200,1,0,1,220.927,0.67193,0.882798977647714,0.015140516452704108,2,ok,0.734,10000,1100714,220.1428,78,0.6731939450211408,41,553,158,282,0.06987910078358177,lspar,0.2,0.19614,0.640625,ok,0.0082,215895,0.305753223799492,0.0003600473431068557,0.3062198498167383,0.9741689756169105,0.0051999927817496005,0.913183786175433,62.2,0.6818068916303384,5.215323658194393,4.7246884479536675,0.7870760476604725,5.51176449561414,0.30674012356901614,0.0,1.0000000000000002,0.0,1.0,-0.0004899901838358258,1.546553307584513e-05,78.0,0.7432349023020918,5.51176449561414,1,0.3062198498167383,0.9825627461551665,0.9434432383410352,66,0.0005202737522778667,0.0005202737522778667,0.0009868997695241521,0.025831024383089707,0.017437253844833744,0.08681621382456695,0.9462167083416512,6.626200446191408,0.3065775446812467,0.9996893444955001,0.9988674148127761,79,5.0
A,sbm_ps,leiden,200,1,0,1,220.927,0.67193,0.882798977647714,0.015140516452704108,2,ok,0.734,10000,1100714,220.1428,78,0.6731939450211408,41,553,158,282,0.06987910078358177,lspar,0.15,0.14876,0.578125,ok,0.0082,163742,0.305753223799492,0.0003600473431068557,0.3062198498167383,0.9741689756169105,0.0051999927817496005,0.913183786175433,62.2,0.6818068916303384,5.215323658194393,4.722526639932767,0.6687013883298883,5.391228028262655,0.30674012356901614,0.0,1.0000000000000002,0.0,1.0,0.0008676483009549835,0.00010236070915812131,78.0,0.7432349023020918,5.391228028262655,1,0.3062198498167383,0.9825627461551665,0.9434432383410352,66,0.0005202737522778667,0.0005202737522778667,0.0009868997695241521,0.025831024383089707,0.017437253844833744,0.08681621382456695,0.9673721146376834,7.799181741225179,0.3065775446812467,0.9996893444955001,0.9988674148127761,79,5.0
A,sbm_ps,leiden,200,1,0,1,220.927,0.67193,0.882798977647714,0.015140516452704108,2,ok,0.734,10000,1100714,220.1428,78,0.6731939450211408,41,553,158,282,0.06987910078358177,lspar,0.05,0.05091,0.34375,ok,0.0082,56035,0.305753223799492,0.0003600473431068557,0.3062198498167383,0.9741689756169105,0.0051999927817496005,0.913183786175433,62.2,0.6818068916303384,5.215323658194393,4.676882843952626,0.41175444234007347,5.088637286292699,0.30674012356901614,0.0,1.0000000000000002,0.0,1.0,-0.0010058871616746932,-0.0001940445752648207,78.0,0.7432349023020918,5.088637286292699,1,0.3062198498167383,0.9825627461551665,0.9434432383410352,66,0.0005202737522778667,0.0005202737522778667,0.0009868997695241521,0.025831024383089707,0.017437253844833744,0.08681621382456695,1.0248959327957898,12.666101739072404,0.3065775446812467,0.9996893444955001,0.9988674148127761,79,5.0
A,sbm_ps,leiden,200,1,0,1,220.927,0.67193,0.882798977647714,0.015140516452704108,2,ok,0.734,10000,1100714,220.1428,78,0.6731939450211408,41,553,158,282,0.06987910078358177,dspar,0.5,0.50037,0.5,ok,0.0082,550767,0.305753223799492,0.0003600473431068557,0.3062198498167383,0.9741689756169105,0.0051999927817496005,0.913183786175433,62.2,0.6818068916303384,5.215323658194393,0.4257003639941104,3.245123311993666,3.6708236759877764,0.3067066465491286,1.4140841063066577e-05,0.9858965264510581,0.0007860994138317155,0.9757626982766793,0.0008635058983566597,0.00014742022018713062,64.66666666666667,0.5910021288418487,3.6708236759877764,1,0.3062198498167383,0.9825627461551665,0.9434432383410352,66,0.0004867967323903266,0.0004867967323903266,0.0009534227496366121,0.01172755083414756,0.0033337802958915974,0.06257891210124622,1.4207502507706282,1.6071264962163547,0.3062198498167383,0.9825627461551665,0.9434432383410352,66,1.0
A,sbm_ps,leiden,200,1,0,1,220.927,0.67193,0.882798977647714,0.015140516452704108,2,ok,0.734,10000,1100714,220.1428,78,0.6731939450211408,41,553,158,282,0.06987910078358177,dspar,0.2,0.19963,0.2,ok,0.0082,219736,0.305753223799492,0.0003600473431068557,0.3062198498167383,0.9741689756169105,0.0051999927817496005,0.913183786175433,62.2,0.6818068916303384,5.215323658194393,0.3847889979952015,1.997042794013396,2.3818317920085974,0.30259327042642575,0.0013066164343378402,0.9414771281105181,0.007185036641143763,0.7375721150242965,0.0008981533882198089,0.0002564560412900041,50.666666666666664,0.8332448293776702,2.3818317920085974,1,0.3062198498167383,0.9825627461551665,0.9434432383410352,66,-0.003626579390312523,-0.003626579390312523,-0.0031599533730662377,-0.032691847506392424,-0.041085618044648387,-0.17561167115113652,2.189627191849813,2.6115232351697966,0.3041391227397456,0.9168117597510742,0.7481032028098498,38,0.75
A,sbm_ps,leiden,200,1,0,1,220.927,0.67193,0.882798977647714,0.015140516452704108,2,ok,0.734,10000,1100714,220.1428,78,0.6731939450211408,41,553,158,282,0.06987910078358177,dspar,0.15,0.14955,0.15,ok,0.0082,164617,0.305753223799492,0.0003600473431068557,0.3062198498167383,0.9741689756169105,0.0051999927817496005,0.913183786175433,62.2,0.6818068916303384,5.215323658194393,0.38597224798286334,1.8060123160054598,2.1919845639883233,0.29755813532059894,0.001613465665437038,0.9101267141109225,0.007916975212188015,0.617748232564788,-0.0008975932098043305,0.00026852530996833635,44.666666666666664,0.948421575990249,2.1919845639883233,1,0.3062198498167383,0.9825627461551665,0.9434432383410352,66,-0.008661714496139339,-0.008661714496139339,-0.008195088478893053,-0.06404226150598802,-0.07243603204424398,-0.2954355536106451,2.379270248466118,2.8877564189205818,0.3041391227397456,0.9168117597510742,0.7481032028098498,38,0.75
A,sbm_ps,leiden,200,1,0,1,220.927,0.67193,0.882798977647714,0.015140516452704108,2,ok,0.734,10000,1100714,220.1428,78,0.6731939450211408,41,553,158,282,0.06987910078358177,dspar,0.05,0.05023,0.05,ok,0.0082,55288,0.305753223799492,0.0003600473431068557,0.3062198498167383,0.9741689756169105,0.0051999927817496005,0.913183786175433,62.2,0.6818068916303384,5.215323658194393,0.3841265559894964,1.2802143226726912,1.6643408786621876,0.027681532819954602,0.0012873469048828852,0.06501488606954534,0.004164846346390604,0.009594715795127483,0.00023201945627841008,5.12234974073259e-05,12.666666666666666,0.851638717255946,1.6643408786621876,1,0.3062198498167383,0.9825627461551665,0.9434432383410352,66,-0.27853831699678366,-0.27853831699678366,-0.2780716909795374,-0.9091540895473652,-0.9175478600856212,-0.9035890703803056,3.1335670024439453,4.073789494329677,0.0,0.0,0.0,1,0.25
A,sbm_ps,leiden,200,1,0,1,220.927,0.67193,0.882798977647714,0.015140516452704108,2,ok,0.734,10000,1100714,220.1428,78,0.6731939450211408,41,553,158,282,0.06987910078358177,random,0.5,0.5,0.5,ok,0.0082,550357,0.305753223799492,0.0003600473431068557,0.3062198498167383,0.9741689756169105,0.0051999927817496005,0.913183786175433,62.2,0.6818068916303384,5.215323658194393,0.02396246703574434,3.2488327366687977,3.272795203704542,0.3058158997939789,0.0004774392241713238,0.9759570691286493,0.005089514157417421,0.9096661506150459,-5.9397096282371786e-05,-0.00012032352019852864,62.666666666666664,0.697619421889054,3.272795203704542,1,0.3062198498167383,0.9825627461551665,0.9434432383410352,66,-0.00040395002275939174,-0.00040395002275939174,6.267599448689376e-05,0.0017880935117388086,-0.006605677026517154,-0.0035176355603872,1.593538041210481,1.6052915249622681,0.3062198498167383,0.9825627461551665,0.9434432383410352,66,1.0
A,sbm_ps,leiden,200,1,0,1,220.927,0.67193,0.882798977647714,0.015140516452704108,2,ok,0.734,10000,1100714,220.1428,78,0.6731939450211408,41,553,158,282,0.06987910078358177,random,0.2,0.2,0.2,ok,0.0082,220143,0.305753223799492,0.0003600473431068557,0.3062198498167383,0.9741689756169105,0.0051999927817496005,0.913183786175433,62.2,0.6818068916303384,5.215323658194393,0.023198263021185994,1.977151627652347,2.000349890673533,0.3025908648987363,0.0023071697192259635,0.9432297495025784,0.011733351768141758,0.7509693872211294,-0.0003722310532264337,1.0562418021657169e-05,50.666666666666664,0.8070533058994135,2.000349890673533,1,0.3062198498167383,0.9825627461551665,0.9434432383410352,66,-0.003628984918001954,-0.003628984918001954,-0.0031623589007556685,-0.030939226114332086,-0.03933299665258805,-0.16221439895430367,2.607205710616133,2.6377965074874017,0.3041391227397456,0.9168117597510742,0.7481032028098498,38,0.75
A,sbm_ps,leiden,200,1,0,1,220.927,0.67193,0.882798977647714,0.015140516452704108,2,ok,0.734,10000,1100714,220.1428,78,0.6731939450211408,41,553,158,282,0.06987910078358177,random,0.15,0.15,0.15,ok,0.0082,165107,0.305753223799492,0.0003600473431068557,0.3062198498167383,0.9741689756169105,0.0051999927817496005,0.913183786175433,62.2,0.6818068916303384,5.215323658194393,0.02145732200006023,1.7340815739977795,1.7555388959978397,0.2994010051520708,0.0026373414230258484,0.9165978882110268,0.017753364362720507,0.6890723848353583,0.0004372420757123272,4.398728943220142e-05,44.333333333333336,0.7921025021154842,1.7555388959978397,1,0.3062198498167383,0.9825627461551665,0.9434432383410352,66,-0.006818844664667478,-0.006818844664667478,-0.006352218647421193,-0.05757108740588368,-0.06596485794413964,-0.2241114013400748,2.9707821741141363,3.0075422842830295,0.3041391227397456,0.9168117597510742,0.7481032028098498,38,0.75
A,sbm_ps,leiden,200,1,0,1,220.927,0.67193,0.882798977647714,0.015140516452704108,2,ok,0.734,10000,1100714,220.1428,78,0.6731939450211408,41,553,158,282,0.06987910078358177,random,0.05,0.05,0.05,ok,0.0082,55036,0.305753223799492,0.0003600473431068557,0.3062198498167383,0.9741689756169105,0.0051999927817496005,0.913183786175433,62.2,0.6818068916303384,5.215323658194393,0.02208016999065876,1.1616364406654611,1.1837166106561199,0.02830075561705075,0.0015971945882719662,0.06084872467801683,0.001342903601994486,0.009573158364549412,0.00010932387824769492,7.290377390959513e-06,11.333333333333334,0.7643482744122866,1.1837166106561199,1,0.3062198498167383,0.9825627461551665,0.9434432383410352,66,-0.2779190941996875,-0.2779190941996875,-0.27745246818244124,-0.9133202509388937,-0.9217140214771496,-0.9036106278108836,4.405888716306516,4.489635031771829,0.0,0.0,0.0,1,0.25
A,sbm_ps,leiden,200,2,0,1,220.927,0.67193,0.8396708031857226,0.015276197289905594,2,ok,0.734,10000,1106407,221.2814,64,0.672959408246694,43,536,158,276,0.06916597321397087,lspar,0.5,0.50176,0.863281,ok,0.00794,555149,0.3004014892028915,0.0007172583898280515,0.30125375402778026,0.9747234832399551,0.008799297291510723,0.9309074235815871,49.0,0.6520009425932537,5.1091765677905645,4.895837714953814,2.5128485110083907,7.408686225962205,0.30136860882987937,4.783689067794337e-06,0.9936390311952935,0.00060105582281674,0.9925665703034382,0.0011776742098168755,3.398270058147147e-05,57.666666666666664,0.700009734198788,7.408686225962205,1,0.3011371105163147,0.9844596996266486,0.9718790123277553,52,0.00023149831356467088,0.00011485480209910692,0.0009671196269878668,0.018915547955338452,0.009179331568644922,0.06165914672185113,0.6896197803446601,2.033221081735756,0.3011699371015468,0.9947282556115776,0.9878279580189863,61,1.5
A,sbm_ps,leiden,200,2,0,1,220.927,0.67193,0.8396708031857226,0.015276197289905594,2,ok,0.734,10000,1106407,221.2814,64,0.672959408246694,43,536,158,276,0.06916597321397087,lspar,0.2,0.20337,0.65625,ok,0.00794,225012,0.3004014892028915,0.0007172583898280515,0.30125375402778026,0.9747234832399551,0.008799297291510723,0.9309074235815871,49.0,0.6520009425932537,5.1091765677905645,4.766376611951273,0.8342876406774545,5.600664252628728,0.3013453534438685,0.0,1.0,0.0,1.0,-0.001254835114494298,-8.40336358189324e-06,64.0,0.7937491795271351,5.600664252628728,1,0.3011371105163147,0.9844596996266486,0.9718790123277553,52,0.00020824292755378115,9.15994160882172e-05,0.0009438642409769771,0.025276516760044943,0.015540300373351412,0.06909257641841293,0.9122447512172367,6.123998868833576,0.3013505795226294,0.9986890914042991,0.9980211692713558,63,3.0
A,sbm_ps,leiden,200,2,0,1,220.927,0.67193,0.8396708031857226,0.015276197289905594,2,ok,0.734,10000,1106407,221.2814,64,0.672959408246694,43,536,158,276,0.06916597321397087,lspar,0.15,0.15417,0.59375,ok,0.00794,170578,0.3004014892028915,0.0007172583898280515,0.30125375402778026,0.9747234832399551,0.008799297291510723,0.9309074235815871,49.0,0.6520009425932537,5.1091765677905645,4.757855282980017,0.7234139299835078,5.481269212963525,0.3013453534438685,0.0,1.0,0.0,1.0,0.0009565484579323339,0.00023722528016148362,64.0,0.7937491795271351,5.481269212963525,1,0.3011371105163147,0.9844596996266486,0.9718790123277553,52,0.00020824292755378115,9.15994160882172e-05,0.0009438642409769771,0.025276516760044943,0.015540300373351412,0.06909257641841293,0.9321156048506175,7.062590801793161,0.3013505795226294,0.9986890914042991,0.9980211692713558,63,3.0
A,sbm_ps,leiden,200,2,0,1,220.927,0.67193,0.8396708031857226,0.015276197289905594,2,ok,0.734,10000,1106407,221.2814,64,0.672959408246694,43,536,158,276,0.06916597321397087,lspar,0.05,0.04889,0.34375,ok,0.00794,54093,0.3004014892028915,0.0007172583898280515,0.30125375402778026,0.9747234832399551,0.008799297291510723,0.9309074235815871,49.0,0.6520009425932537,5.1091765677905645,4.73705896793399,0.43959889667651925,5.176657864610509,0.3013453534438685,0.0,1.0,0.0,1.0,-0.00012966105894049023,9.621125087741547e-05,64.0,0.7937491795271351,5.176657864610509,1,0.3011371105163147,0.9844596996266486,0.9718790123277553,52,0.00020824292755378115,9.15994160882172e-05,0.0009438642409769771,0.025276516760044943,0.015540300373351412,0.06909257641841293,0.9869643119972693,11.622359852168087,0.3013505795226294,0.9986890914042991,0.9980211692713558,63,3.0
A,sbm_ps,leiden,200,2,0,1,220.927,0.67193,0.8396708031857226,0.015276197289905594,2,ok,0.734,10000,1106407,221.2814,64,0.672959408246694,43,536,158,276,0.06916597321397087,dspar,0.5,0.49969,0.5,ok,0.00794,552862,0.3004014892028915,0.0007172583898280515,0.30125375402778026,0.9747234832399551,0.008799297291510723,0.9309074235815871,49.0,0.6520009425932537,5.1091765677905645,0.4356971549568698,3.1762417353262813,3.611938890283151,0.30123344033439503,0.00016418230101252631,0.9871781279627557,0.0019770500547118776,0.9799377989450555,-0.0005959069017586,-2.0979793669616248e-05,52.666666666666664,0.6281380598176818,3.611938890283151,1,0.3011371105163147,0.9844596996266486,0.9718790123277553,52,9.632981808033181e-05,-2.0313693385232146e-05,0.0008319511315035277,0.012454644722800667,0.002718428336107137,0.04903037536346844,1.414524642577782,1.6085603658456182,0.3011371105163147,0.9844596996266486,0.9718790123277553,52,1.0
A,sbm_ps,leiden,200,2,0,1,220.927,0.67193,0.8396708031857226,0.015276197289905594,2,ok,0.734,10000,1106407,221.2814,64,0.672959408246694,43,536,158,276,0.06916597321397087,dspar,0.2,0.19981,0.2,ok,0.00794,221074,0.3004014892028915,0.0007172583898280515,0.30125375402778026,0.9747234832399551,0.008799297291510723,0.9309074235815871,49.0,0.6520009425932537,5.1091765677905645,0.41454782703658566,2.040851774683688,2.4553996017202735,0.29762008614532415,0.001140332654303484,0.9500068791298876,0.006822569292664925,0.8018089122642792,-0.00030823315754021914,-0.00020363164924908008,42.666666666666664,0.7731148571489715,2.4553996017202735,1,0.3011371105163147,0.9844596996266486,0.9718790123277553,52,-0.0035170243709905513,-0.0036336678824561153,-0.0027814030575673554,-0.024716604110067486,-0.034452820496761016,-0.12909851131730787,2.0807922931204486,2.5034530342520527,0.29889356775415993,0.9318272733224547,0.7942905034344594,34,0.75
A,sbm_ps,leiden,200,2,0,1,220.927,0.67193,0.8396708031857226,0.015276197289905594,2,ok,0.734,10000,1106407,221.2814,64,0.672959408246694,43,536,158,276,0.06916597321397087,dspar,0.15,0.1496,0.15,ok,0.00794,165521,0.3004014892028915,0.0007172583898280515,0.30125375402778026,0.9747234832399551,0.008799297291510723,0.9309074235815871,49.0,0.6520009425932537,5.1091765677905645,0.3976955729885958,1.7975981593481265,2.1952937323367223,0.28359828160200323,0.0036950788525996828,0.8685422191452221,0.012947400768091191,0.5180216140739717,0.00028810475114284374,-0.00023023286850361226,33.333333333333336,1.1164351569105613,2.1952937323367223,1,0.3011371105163147,0.9844596996266486,0.9718790123277553,52,-0.017538828914311466,-0.01765547242577703,-0.01680320760088827,-0.10618126409473294,-0.11591748048142647,-0.41288580950761533,2.3273316424733,2.842223964917351,0.29889356775415993,0.9318272733224547,0.7942905034344594,34,0.75
A,sbm_ps,leiden,200,2,0,1,220.927,0.67193,0.8396708031857226,0.015276197289905594,2,ok,0.734,10000,1106407,221.2814,64,0.672959408246694,43,536,158,276,0.06916597321397087,dspar,0.05,0.04993,0.05,ok,0.00794,55248,0.3004014892028915,0.0007172583898280515,0.30125375402778026,0.9747234832399551,0.008799297291510723,0.9309074235815871,49.0,0.6520009425932537,5.1091765677905645,0.42586021102033556,1.2530005096535508,1.6788607206738864,0.02382748122185517,0.00025823281279527884,0.049786151741498946,0.003075812487865111,0.007724112819936339,-0.00011580875955238155,3.423220779453237e-05,12.0,0.8558380957216806,1.6788607206738864,1,0.3011371105163147,0.9844596996266486,0.9718790123277553,52,-0.2773096292944595,-0.2774262728059251,-0.2765740079810363,-0.9249373314984561,-0.9346735478851497,-0.9231833107616507,3.043240278883746,4.07755346340859,0.0,0.0,0.0,1,0.25
A,sbm_ps,leiden,200,2,0,1,220.927,0.67193,0.8396708031857226,0.015276197289905594,2,ok,0.734,10000,1106407,221.2814,64,0.672959408246694,43,536,158,276,0.06916597321397087,random,0.5,0.5,0.5,ok,0.00794,553204,0.3004014892028915,0.0007172583898280515,0.30125375402778026,0.9747234832399551,0.008799297291510723,0.9309074235815871,49.0,0.6520009425932537,5.1091765677905645,0.025283474999014288,3.2014691040191487,3.226752579018163,0.30123186300846255,0.00011314903973807581,0.9852737496020874,0.0017638915297345486,0.9758840263773217,-0.0006977803352067781,7.805792658821364e-05,52.0,0.6226364175701119,3.226752579018163,1,0.3011371105163147,0.9844596996266486,0.9718790123277553,52,9.475249214785375e-05,-2.1891019317710203e-05,0.0008303738055710497,0.010550266362132299,0.0008140499754387687,0.04497660279573468,1.583380331362495,1.5958850145942265,0.3011371105163147,0.9844596996266486,0.9718790123277553,52,1.0
A,sbm_ps,leiden,200,2,0,1,220.927,0.67193,0.8396708031857226,0.015276197289905594,2,ok,0.734,10000,1106407,221.2814,64,0.672959408246694,43,536,158,276,0.06916597321397087,random,0.2,0.2,0.2,ok,0.00794,221281,0.3004014892028915,0.0007172583898280515,0.30125375402778026,0.9747234832399551,0.008799297291510723,0.9309074235815871,49.0,0.6520009425932537,5.1091765677905645,0.023760577954817563,1.9687777130166069,1.9925382909714244,0.297099489846045,0.0014347896848844574,0.9491797861542625,0.004659463186298567,0.79250921120736,-6.411807585137053e-05,-5.612662635619235e-05,43.0,0.7977223392719358,1.9925382909714244,1,0.3011371105163147,0.9844596996266486,0.9718790123277553,52,-0.004037620670269693,-0.004154264181735257,-0.0033019993568464967,-0.025543697085692596,-0.035279913472386126,-0.13839821237422711,2.564154772302861,2.5951007744608026,0.29889356775415993,0.9318272733224547,0.7942905034344594,34,0.75
A,sbm_ps,leiden,200,2,0,1,220.927,0.67193,0.8396708031857226,0.015276197289905594,2,ok,0.734,10000,1106407,221.2814,64,0.672959408246694,43,536,158,276,0.06916597321397087,random,0.15,0.15,0.15,ok,0.00794,165961,0.3004014892028915,0.0007172583898280515,0.30125375402778026,0.9747234832399551,0.008799297291510723,0.9309074235815871,49.0,0.6520009425932537,5.1091765677905645,0.02141303598182276,1.8229117196751758,1.8443247556569986,0.2861859235561127,0.004507886829902781,0.8796611012257065,0.027374291369041532,0.5811363614622322,0.0002231996804450858,-0.00012630061354336852,34.666666666666664,1.0152012221512097,1.8443247556569986,1,0.3011371105163147,0.9844596996266486,0.9718790123277553,52,-0.014951186960201979,-0.015067830471667543,-0.014215565646778783,-0.09506238201424855,-0.10479859840094208,-0.3497710621193548,2.7702152520153844,2.802755894674355,0.29889356775415993,0.9318272733224547,0.7942905034344594,34,0.75
A,sbm_ps,leiden,200,2,0,1,220.927,0.67193,0.8396708031857226,0.015276197289905594,2,ok,0.734,10000,1106407,221.2814,64,0.672959408246694,43,536,158,276,0.06916597321397087,random,0.05,0.05,0.05,ok,0.00794,55320,0.3004014892028915,0.0007172583898280515,0.30125375402778026,0.9747234832399551,0.008799297291510723,0.9309074235815871,49.0,0.6520009425932537,5.1091765677905645,0.02068588900147006,1.3416739563302447,1.3623598453317147,0.025003321857033328,0.0011437866676792115,0.0495516098161323,0.0010367593154370944,0.007933042566548202,-0.00013028599530186372,6.339887605672021e-05,12.333333333333334,0.8643292068314885,1.3623598453317147,1,0.3011371105163147,0.9844596996266486,0.9718790123277553,52,-0.2761337886592814,-0.27625043217074696,-0.2753981673458582,-0.9251718734238228,-0.9349080898105163,-0.9229743810150388,3.750240133176088,3.808061223581635,0.0,0.0,0.0,1,0.25
A,sbm_ps,leiden,200,3,0,1,220.927,0.67193,0.7735086768927777,0.01513670238112622,2,ok,0.734,10000,1101543,220.3086,65,0.6713954879655175,42,475,160,272,0.06703790616598279,lspar,0.5,0.5015,0.863281,ok,0.00807,552424,0.3042712552821532,0.0005789588725488709,0.3051114989469156,0.979820069478302,0.006443878997493859,0.9317466974162301,54.4,0.664044454792983,5.095894113206304,4.903581464954186,2.4607520193482437,7.3643334843024295,0.3052396624944775,1.0023813588932892e-05,0.9947194905119968,0.000554930097981836,0.9917010377829353,0.001069336221069372,0.00016732498684323053,60.333333333333336,0.6506101761571478,7.3643334843024295,1,0.30341516938001656,0.9700597056609827,0.8841534244840451,52,0.0018244931144609233,0.00012816354756189918,0.0009684072123242737,0.014899421033694793,0.024659784851014166,0.05995434036670522,0.6919694937863072,2.0708686097333797,0.3047702214091138,0.9909906485861312,0.9700704935647129,61,1.5
A,sbm_ps,leiden,200,3,0,1,220.927,0.67193,0.7735086768927777,0.01513670238112622,2,ok,0.734,10000,1101543,220.3086,65,0.6713954879655175,42,475,160,272,0.06703790616598279,lspar,0.2,0.19922,0.648438,ok,0.00807,219450,0.3042712552821532,0.0005789588725488709,0.3051114989469156,0.979820069478302,0.006443878997493859,0.9317466974162301,54.4,0.664044454792983,5.095894113206304,4.8033542249468155,0.8148600340161162,5.618214258962932,0.30524750424699826,0.0,1.0,0.0,1.0,-0.0005606193567508523,-4.868722450264535e-05,65.0,0.7133683480502903,5.618214258962932,1,0.30341516938001656,0.9700597056609827,0.8841534244840451,52,0.0018323348669816997,0.00013600530008267553,0.0009762489648450501,0.020179930521697975,0.029940294339017348,0.06825330258376994,0.9070309315947941,6.253704808776422,0.30524750424699826,1.0,1.0,65,3.0
A,sbm_ps,leiden,200,3,0,1,220.927,0.67193,0.7735086768927777,0.01513670238112622,2,ok,0.734,10000,1101543,220.3086,65,0.6713954879655175,42,475,160,272,0.06703790616598279,lspar,0.15,0.14584,0.578125,ok,0.00807,160644,0.3042712552821532,0.0005789588725488709,0.3051114989469156,0.979820069478302,0.006443878997493859,0.9317466974162301,54.4,0.664044454792983,5.095894113206304,4.776885447034147,0.6939749953453429,5.4708604423794895,0.30524750424699826,0.0,1.0,0.0,1.0,0.0009926782235312609,0.00010277786362217526,65.0,0.7133683480502903,5.4708604423794895,1,0.30341516938001656,0.9700597056609827,0.8841534244840451,52,0.0018323348669816997,0.00013600530008267553,0.0009762489648450501,0.020179930521697975,0.029940294339017348,0.06825330258376994,0.931461178159738,7.343051475032517,0.30524750424699826,1.0,1.0,65,3.0
A,sbm_ps,leiden,200,3,0,1,220.927,0.67193,0.7735086768927777,0.01513670238112622,2,ok,0.734,10000,1101543,220.3086,65,0.6713954879655175,42,475,160,272,0.06703790616598279,lspar,0.05,0.0498,0.34375,ok,0.00807,54862,0.3042712552821532,0.0005789588725488709,0.3051114989469156,0.979820069478302,0.006443878997493859,0.9317466974162301,54.4,0.664044454792983,5.095894113206304,4.733430565975141,0.4330587396592212,5.166489305634362,0.30524750424699826,0.0,1.0,0.0,1.0,1.930708244703822e-05,-6.344990365711129e-05,65.0,0.7133683480502903,5.166489305634362,1,0.30341516938001656,0.9700597056609827,0.8841534244840451,52,0.0018323348669816997,0.00013600530008267553,0.0009762489648450501,0.020179930521697975,0.029940294339017348,0.06825330258376994,0.9863359453098898,11.767212265976482,0.30524750424699826,1.0,1.0,65,3.0
A,sbm_ps,leiden,200,3,0,1,220.927,0.67193,0.7735086768927777,0.01513670238112622,2,ok,0.734,10000,1101543,220.3086,65,0.6713954879655175,42,475,160,272,0.06703790616598279,dspar,0.5,0.49944,0.5,ok,0.00807,550151,0.3042712552821532,0.0005789588725488709,0.3051114989469156,0.979820069478302,0.006443878997493859,0.9317466974162301,54.4,0.664044454792983,5.095894113206304,0.3897523320047185,3.262559852330014,3.6523121843347326,0.3048802443400043,0.00030560810396504357,0.9853004314106834,0.003943516505416679,0.9628201970163793,-0.0005369262982038521,-0.00013482332677718797,54.666666666666664,0.6030900498188855,3.6523121843347326,1,0.30341516938001656,0.9700597056609827,0.8841534244840451,52,0.0014650749599877666,-0.00023125460691125754,0.000608989057851117,0.005480361932381328,0.015240725749700701,0.031073499600149268,1.3952515163033687,1.5619312269679841,0.30341516938001656,0.9700597056609827,0.8841534244840451,52,1.0
A,sbm_ps,leiden,200,3,0,1,220.927,0.67193,0.7735086768927777,0.01513670238112622,2,ok,0.734,10000,1101543,220.3086,65,0.6713954879655175,42,475,160,272,0.06703790616598279,dspar,0.2,0.19969,0.2,ok,0.00807,219965,0.3042712552821532,0.0005789588725488709,0.3051114989469156,0.979820069478302,0.006443878997493859,0.9317466974162301,54.4,0.664044454792983,5.095894113206304,0.38769232301274315,2.0182468756490075,2.4059391986617507,0.3000361765225998,0.0019400252486802645,0.9427056039841176,0.015479666622902077,0.7321379488776082,0.00017982248709201066,-9.22988258005298e-05,45.333333333333336,0.8873312249326419,2.4059391986617507,1,0.30341516938001656,0.9700597056609827,0.8841534244840451,52,-0.003378992857416774,-0.005075322424315798,-0.004235078759553423,-0.0371144654941844,-0.027354101676865028,-0.19960874853862187,2.118047752844619,2.5249111863818037,0.30341516938001656,0.9700597056609827,0.8841534244840451,52,1.0
A,sbm_ps,leiden,200,3,0,1,220.927,0.67193,0.7735086768927777,0.01513670238112622,2,ok,0.734,10000,1101543,220.3086,65,0.6713954879655175,42,475,160,272,0.06703790616598279,dspar,0.15,0.14974,0.15,ok,0.00807,164942,0.3042712552821532,0.0005789588725488709,0.3051114989469156,0.979820069478302,0.006443878997493859,0.9317466974162301,54.4,0.664044454792983,5.095894113206304,0.40935794898541644,1.78029931767378,2.1896572666591965,0.2875506393653923,0.007532436438362736,0.8814721799485495,0.03572340215113339,0.5242401673288516,0.0011299686959770079,0.00010370475733481144,39.0,1.1716322618661648,2.1896572666591965,1,0.30341516938001656,0.9700597056609827,0.8841534244840451,52,-0.015864530014624234,-0.017560859581523258,-0.016720615916760884,-0.09834788952975249,-0.08858752571243311,-0.40750653008737847,2.3272565030148353,2.8623805349006317,0.3019741638710226,0.9264269689888892,0.7696685484959446,35,0.75
A,sbm_ps,leiden,200,3,0,1,220.927,0.67193,0.7735086768927777,0.01513670238112622,2,ok,0.734,10000,1101543,220.3086,65,0.6713954879655175,42,475,160,272,0.06703790616598279,dspar,0.05,0.0502,0.05,ok,0.00807,55295,0.3042712552821532,0.0005789588725488709,0.3051114989469156,0.979820069478302,0.006443878997493859,0.9317466974162301,54.4,0.664044454792983,5.095894113206304,0.3828242560266517,1.1749460416807171,1.5577702977073689,0.02587504424839217,0.0009488880503756937,0.05494931724178961,0.0022704969832803438,0.007857759893728498,0.00024210040837532108,5.0264887459941104e-05,13.333333333333334,0.9508722987399402,1.5577702977073689,1,0.30341516938001656,0.9700597056609827,0.8841534244840451,52,-0.2775401251316244,-0.27923645469852343,-0.27839621103376105,-0.9248707522365124,-0.915110388419193,-0.9238889375225016,3.2712744110644105,4.337130329761199,0.0,0.0,0.0,1,0.25
A,sbm_ps,leiden,200,3,0,1,220.927,0.67193,0.7735086768927777,0.01513670238112622,2,ok,0.734,10000,1101543,220.3086,65,0.6713954879655175,42,475,160,272,0.06703790616598279,random,0.5,0.5,0.5,ok,0.00807,550772,0.3042712552821532,0.0005789588725488709,0.3051114989469156,0.979820069478302,0.006443878997493859,0.9317466974162301,54.4,0.664044454792983,5.095894113206304,0.02371395699447021,3.2054847993228273,3.2291987563172975,0.30483347028331687,0.0005008979750878914,0.9862368544964317,0.0033426748366430135,0.958330161497634,-0.00020057441398571105,-9.999490053946306e-05,55.333333333333336,0.6255518347286358,3.2291987563172975,1,0.30341516938001656,0.9700597056609827,0.8841534244840451,52,0.001418300903300307,-0.00027802866359871725,0.0005622150011636573,0.0064167850181297,0.016177148835449073,0.026583464081403885,1.5780676563302836,1.5897420927663841,0.30341516938001656,0.9700597056609827,0.8841534244840451,52,1.0
A,sbm_ps,leiden,200,3,0,1,220.927,0.67193,0.7735086768927777,0.01513670238112622,2,ok,0.734,10000,1101543,220.3086,65,0.6713954879655175,42,475,160,272,0.06703790616598279,random,0.2,0.2,0.2,ok,0.00807,220309,0.3042712552821532,0.0005789588725488709,0.3051114989469156,0.979820069478302,0.006443878997493859,0.9317466974162301,54.4,0.664044454792983,5.095894113206304,0.019181562995072454,2.0188651336939074,2.03804669668898,0.30194132978377636,0.0004756643509898232,0.9509894941370266,0.0030654208458920675,0.8110148770045864,-0.0008546394039308916,-0.00011632593892511254,45.0,0.7149007945224165,2.03804669668898,1,0.30341516938001656,0.9700597056609827,0.8841534244840451,52,-0.0014738395962402007,-0.003170169163139225,-0.0023299254983768503,-0.028830575341275422,-0.01907021152395605,-0.12073182041164365,2.5003814296724003,2.5241379565966215,0.30341516938001656,0.9700597056609827,0.8841534244840451,52,1.0
A,sbm_ps,leiden,200,3,0,1,220.927,0.67193,0.7735086768927777,0.01513670238112622,2,ok,0.734,10000,1101543,220.3086,65,0.6713954879655175,42,475,160,272,0.06703790616598279,random,0.15,0.15,0.15,ok,0.00807,165231,0.3042712552821532,0.0005789588725488709,0.3051114989469156,0.979820069478302,0.006443878997493859,0.9317466974162301,54.4,0.664044454792983,5.095894113206304,0.020009358995594084,1.8344984006835148,1.8545077596791089,0.2920749968577432,0.0037423764189733187,0.8914566440201493,0.0213079982663318,0.5846768652758132,0.0013126291424401942,-3.199404581910934e-05,37.333333333333336,0.996193227047031,1.8545077596791089,1,0.30341516938001656,0.9700597056609827,0.8841534244840451,52,-0.011340172522273373,-0.013036502089172397,-0.012196258424410023,-0.08836342545815268,-0.0786030616408333,-0.34706983214041687,2.747841893143689,2.777813331048764,0.3019741638710226,0.9264269689888892,0.7696685484959446,35,0.75
A,sbm_ps,leiden,200,3,0,1,220.927,0.67193,0.7735086768927777,0.01513670238112622,2,ok,0.734,10000,1101543,220.3086,65,0.6713954879655175,42,475,160,272,0.06703790616598279,random,0.05,0.05,0.05,ok,0.00807,55077,0.3042712552821532,0.0005789588725488709,0.3051114989469156,0.979820069478302,0.006443878997493859,0.9317466974162301,54.4,0.664044454792983,5.095894113206304,0.019815373001620173,1.1893080550168331,1.2091234280184533,0.024937459698469652,0.0006845894146489959,0.04970836097285495,0.0032318954822406144,0.00867915110368947,0.00044683540934371634,2.401030927809822e-05,11.333333333333334,0.770887536957463,1.2091234280184533,1,0.30341516938001656,0.9700597056609827,0.8841534244840451,52,-0.2784777096815469,-0.2801740392484459,-0.27933379558368354,-0.9301117085054471,-0.9203513446881277,-0.9230675463125406,4.2145359151278745,4.284755401857745,0.0,0.0,0.0,1,0.25
