network,arm,target_ret,realized_ret,seed,n_clusters,frag_nodes,frag_node_frac,AMI,ARI,NMI,AMI_chance,avgF1_ge3,avgF1_chance,resolution,detector
email-Eu-core,baseline,1.0,1.0,100,8,0,0.0,0.5774916561472875,0.35830612609664525,0.6021580624218642,0.0031685174373844325,,,1.0,leiden
email-Eu-core,baseline,1.0,1.0,101,8,0,0.0,0.562123697873622,0.3322208274752097,0.5877173591075322,0.006149077276475094,,,1.0,leiden
email-Eu-core,baseline,1.0,1.0,102,8,0,0.0,0.5597120583264065,0.33017793454725614,0.5853449135790628,-0.005608015025109555,,,1.0,leiden
email-Eu-core,baseline,1.0,1.0,103,8,0,0.0,0.5574707531761818,0.3281319241379798,0.5833760851513908,0.000711658891965427,,,1.0,leiden
email-Eu-core,baseline,1.0,1.0,104,8,0,0.0,0.5561767481413069,0.3265287907966508,0.5821614025753616,0.0021352269670617016,,,1.0,leiden
email-Eu-core,baseline,1.0,1.0,0,8,0,0.0,0.4616583627918021,0.3206432566173746,0.49300632146976714,0.007275367714422435,,,,metis
email-Eu-core,baseline,1.0,1.0,1,8,0,0.0,0.4616583627918021,0.3206432566173746,0.49300632146976714,-0.004704283439063746,,,,metis
email-Eu-core,baseline,1.0,1.0,2,8,0,0.0,0.47375144910187844,0.33167744488130585,0.5043952333905111,-0.003226408956069941,,,,metis
email-Eu-core,baseline,1.0,1.0,3,8,0,0.0,0.4341256471188274,0.2959639389744959,0.4670768816828522,-0.0037925679599767575,,,,metis
email-Eu-core,baseline,1.0,1.0,4,8,0,0.0,0.4251474742148134,0.27940988148880064,0.458621498547751,0.001356578029391484,,,,metis
email-Eu-core,baseline,1.0,1.0,5,8,0,0.0,0.48707879670388204,0.3474587766145908,0.5169465211547091,0.0024418632550532887,,,,metis
email-Eu-core,baseline,1.0,1.0,6,8,0,0.0,0.46662931062886603,0.33001897980588674,0.49768782152276586,-0.00045157182536282507,,,,metis
email-Eu-core,baseline,1.0,1.0,7,8,0,0.0,0.4920540509606456,0.34401227887973546,0.5216320632251584,0.005768854643733303,,,,metis
email-Eu-core,baseline,1.0,1.0,8,8,0,0.0,0.4849125268505863,0.33681348120811144,0.5149063815105419,-0.001860280965077373,,,,metis
email-Eu-core,baseline,1.0,1.0,9,8,0,0.0,0.47207476104117285,0.30752604722051513,0.5028161799307252,0.0009517707822256379,,,,metis
email-Eu-core,kn,0.5,0.50386,0,8,0,0.0,0.5314264340941618,0.368981832703714,0.5587117919102499,0.004996114302729797,,,,metis
email-Eu-core,kn,0.5,0.50417,1,8,0,0.0,0.5336727063516872,0.37101416338890275,0.5608272381220315,-0.0015452513757665649,,,,metis
email-Eu-core,kn,0.5,0.50118,2,8,0,0.0,0.5270447051154892,0.3292466453419333,0.5545851775884192,0.005063923661041768,,,,metis
email-Eu-core,kn,0.5,0.50386,3,8,0,0.0,0.523655357659191,0.3461578309177548,0.55139321801416,0.006054846951041941,,,,metis
email-Eu-core,kn,0.5,0.50417,4,8,0,0.0,0.5506235994600257,0.3792084931158768,0.5767910586742788,-0.00035771749891899094,,,,metis
email-Eu-core,kn,0.5,0.50118,5,8,0,0.0,0.5519494336424151,0.38746924655907666,0.5780397000810197,-0.003345542042110564,,,,metis
email-Eu-core,kn,0.5,0.50386,6,8,0,0.0,0.5342296269817141,0.3781201126145772,0.5613517171148813,-0.010113221585703979,,,,metis
email-Eu-core,kn,0.5,0.50417,7,8,0,0.0,0.5064193211362011,0.3497703919378686,0.5351608221754016,-0.0004058606202086749,,,,metis
email-Eu-core,kn,0.5,0.50118,8,8,0,0.0,0.5463388904488928,0.37941014283321195,0.5727558623483882,0.0020464824569809852,,,,metis
email-Eu-core,kn,0.5,0.50386,9,8,0,0.0,0.5303769634431786,0.35730591299989173,0.5577234083971065,-0.0015964690202872926,,,,metis
email-Eu-core,ld,0.5,0.49994,0,8,0,0.0,0.28574167458476313,0.17803620375380785,0.32733338705929765,0.0013540313927807466,,,,metis
email-Eu-core,ld,0.5,0.49994,1,8,0,0.0,0.28574167458476313,0.17803620375380785,0.32733338705929765,-0.0025992027161652552,,,,metis
email-Eu-core,ld,0.5,0.49994,2,8,0,0.0,0.3206177756959831,0.20752578587610382,0.36017863015453366,0.0010488855372140587,,,,metis
email-Eu-core,ld,0.5,0.49994,3,8,0,0.0,0.31998738445891,0.21657334963596536,0.35958492977051837,-0.0068643495615045855,,,,metis
email-Eu-core,ld,0.5,0.49994,4,8,0,0.0,0.30335496995051753,0.19625340606661457,0.34392104845116334,-0.0035897138826732115,,,,metis
email-Eu-core,ld,0.5,0.49994,5,8,0,0.0,0.3213204763989222,0.199522055115605,0.3608403949617133,0.0003564729724334914,,,,metis
email-Eu-core,ld,0.5,0.49994,6,8,0,0.0,0.3065318257357752,0.19521337011781512,0.3469129321713674,-0.0057951662968989395,,,,metis
email-Eu-core,ld,0.5,0.49994,7,8,0,0.0,0.30377863281773965,0.1914784162415018,0.34432007711806,0.002350971297214775,,,,metis
email-Eu-core,ld,0.5,0.49994,8,8,0,0.0,0.32270215250792167,0.2146520029970453,0.3621416330573922,0.0055288973506312875,,,,metis
email-Eu-core,ld,0.5,0.49994,9,8,0,0.0,0.30936071575775204,0.19907797939818775,0.34957707590060827,0.0016166752041548338,,,,metis
email-Eu-core,lsim,0.5,0.50012,0,8,0,0.0,0.4758089639007675,0.3135022977189554,0.5063329648787221,-0.006862351080814391,,,,metis
email-Eu-core,lsim,0.5,0.50012,1,8,0,0.0,0.4758089639007675,0.3135022977189554,0.5063329648787221,-0.005579531608813127,,,,metis
email-Eu-core,lsim,0.5,0.50012,2,8,0,0.0,0.5188192250958935,0.3476142577154113,0.5468386844271043,0.001921286238130849,,,,metis
email-Eu-core,lsim,0.5,0.50012,3,8,0,0.0,0.4941692744969439,0.33791742945262504,0.523624129273234,-0.002519548902822118,,,,metis
email-Eu-core,lsim,0.5,0.50012,4,8,0,0.0,0.48846175875510706,0.3261996224001939,0.518248978872821,-0.00010573473489625964,,,,metis
email-Eu-core,lsim,0.5,0.50012,5,8,0,0.0,0.4598754569208435,0.2910450505335378,0.49132724896638236,-0.0026598729241732524,,,,metis
email-Eu-core,lsim,0.5,0.50012,6,8,0,0.0,0.49221601278811805,0.3324858730243726,0.5217845810508294,0.004400354762957652,,,,metis
email-Eu-core,lsim,0.5,0.50012,7,8,0,0.0,0.4955416067535951,0.3340304476294506,0.5249165497228586,0.006705166232600695,,,,metis
email-Eu-core,lsim,0.5,0.50012,8,8,0,0.0,0.4958457372683964,0.33012771527155677,0.5252029444823688,-0.002636757982754502,,,,metis
email-Eu-core,lsim,0.5,0.50012,9,8,0,0.0,0.49713650787921393,0.35023684072413985,0.526418552740929,-0.003161415089071492,,,,metis
email-Eu-core,mst_jaccard,0.5,0.5,0,8,0,0.0,0.49827289090967264,0.3301911615302899,0.527489569603541,0.004486551616402652,,,,metis
email-Eu-core,mst_jaccard,0.5,0.5,1,8,0,0.0,0.49827289090967264,0.3301911615302899,0.527489569603541,0.002535214233931201,,,,metis
email-Eu-core,mst_jaccard,0.5,0.5,2,8,0,0.0,0.4789441855215368,0.31115879796319235,0.5092855803017946,0.00014078409467357887,,,,metis
email-Eu-core,mst_jaccard,0.5,0.5,3,8,0,0.0,0.46665234321207555,0.295203114317739,0.4977095534118521,0.00384817236251841,,,,metis
email-Eu-core,mst_jaccard,0.5,0.5,4,8,0,0.0,0.4517439090423783,0.28329690900931415,0.4836692062380884,0.0034826252437101337,,,,metis
email-Eu-core,mst_jaccard,0.5,0.5,5,8,0,0.0,0.4646622876884493,0.2958815206102978,0.49583536721253413,-0.0013242663441772086,,,,metis
email-Eu-core,mst_jaccard,0.5,0.5,6,8,0,0.0,0.491542816265338,0.3283137477693908,0.5211505851681628,-0.008947096033950346,,,,metis
email-Eu-core,mst_jaccard,0.5,0.5,7,8,0,0.0,0.4951640501720618,0.32554096887322276,0.5245609524373738,0.006339699544205117,,,,metis
email-Eu-core,mst_jaccard,0.5,0.5,8,8,0,0.0,0.47716738604051856,0.3124298892876703,0.5076125170028701,-0.002314477750615456,,,,metis
email-Eu-core,mst_jaccard,0.5,0.5,9,8,0,0.0,0.471009012978242,0.2917234318685567,0.5018124776483187,0.006133037548885311,,,,metis
email-Eu-core,mst_random,0.5,0.5,0,8,0,0.0,0.504751207307216,0.3563158100823173,0.5335898687124827,-0.004897823701136771,,,,metis
email-Eu-core,mst_random,0.5,0.5,1,8,0,0.0,0.432449680778175,0.2626438361169856,0.46549849302762697,-0.0047072502705180885,,,,metis
email-Eu-core,mst_random,0.5,0.5,2,8,0,0.0,0.4982074793758399,0.3416541488506239,0.5274271736313645,-0.006959167617111373,,,,metis
email-Eu-core,mst_random,0.5,0.5,3,8,0,0.0,0.4573862841091693,0.28886371884416395,0.4889830365312223,-0.009757372523838988,,,,metis
email-Eu-core,mst_random,0.5,0.5,4,8,0,0.0,0.48339227611404495,0.3252249791972534,0.5134746689787569,0.007626924264730845,,,,metis
email-Eu-core,mst_random,0.5,0.5,5,8,0,0.0,0.46408590466111466,0.3271944064743136,0.4952925196850898,0.004218766564289407,,,,metis
email-Eu-core,mst_random,0.5,0.5,6,8,0,0.0,0.4956855852793588,0.34310530579161563,0.5250521310151572,0.0036552590124944704,,,,metis
email-Eu-core,mst_random,0.5,0.5,7,8,0,0.0,0.4331086322464043,0.2827527251564423,0.46611907333718106,0.01087474066102656,,,,metis
email-Eu-core,mst_random,0.5,0.5,8,8,0,0.0,0.4834251890072162,0.32808052337625515,0.5135056522481019,-1.4885779673178952e-05,,,,metis
email-Eu-core,mst_random,0.5,0.5,9,8,0,0.0,0.4615876730995968,0.29324769946182877,0.49293976224769054,0.004458896787155935,,,,metis
email-Eu-core,lspar,0.5,0.50205,0,8,0,0.0,0.5122487898417057,0.34776973881623185,0.5406508502310143,-0.008197861649082412,,,,metis
email-Eu-core,lspar,0.5,0.50205,1,8,0,0.0,0.5122487898417057,0.34776973881623185,0.5406508502310143,-0.0038441244398484875,,,,metis
email-Eu-core,lspar,0.5,0.50205,2,8,0,0.0,0.47337542596742804,0.29990747328030865,0.5040411063198121,0.0017638285751019659,,,,metis
email-Eu-core,lspar,0.5,0.50205,3,8,0,0.0,0.5285028043640271,0.3571504318990712,0.5559583827805481,-0.003141802177689805,,,,metis
email-Eu-core,lspar,0.5,0.50205,4,8,0,0.0,0.5109354333988213,0.3384978796029799,0.5394139584933636,-0.006203732527502961,,,,metis
email-Eu-core,lspar,0.5,0.50205,5,8,0,0.0,0.5225988522410363,0.36199625954131137,0.5503982215050544,0.0031684240574105815,,,,metis
email-Eu-core,lspar,0.5,0.50205,6,8,0,0.0,0.4874594366823616,0.3128431963580608,0.5173049832445504,0.005471108870273477,,,,metis
email-Eu-core,lspar,0.5,0.50205,7,8,0,0.0,0.5068413979730152,0.34732392546470714,0.5355583466912586,-0.0010352084337433949,,,,metis
email-Eu-core,lspar,0.5,0.50205,8,8,0,0.0,0.5180614661391335,0.3503351769797708,0.5461250502512566,0.0019167401574257392,,,,metis
email-Eu-core,lspar,0.5,0.50205,9,8,0,0.0,0.49646074200924767,0.3178248166303466,0.5257821886404546,-0.007427190788668185,,,,metis
email-Eu-core,dspar,0.5,0.49689,0,8,0,0.0,0.5455735836777194,0.3782181210602545,0.5720351198721101,-0.00468268903280248,,,,metis
email-Eu-core,dspar,0.5,0.50268,1,8,0,0.0,0.5097689236247682,0.3430846260013139,0.5383153752879929,-0.00011522126255991654,,,,metis
email-Eu-core,dspar,0.5,0.49533,2,8,0,0.0,0.5316375396911898,0.3710715531775893,0.5589105686328326,-0.002421954183583227,,,,metis
email-Eu-core,dspar,0.5,0.49689,3,8,0,0.0,0.5332886098072954,0.3504647445637879,0.5604655077611328,-0.0036212923132287462,,,,metis
email-Eu-core,dspar,0.5,0.50268,4,8,0,0.0,0.5433170390165397,0.3832712568369221,0.5699099752266015,-0.00023341569654554035,,,,metis
email-Eu-core,dspar,0.5,0.49533,5,8,0,0.0,0.5314546518426437,0.3469145927617189,0.5587383423228782,-0.0008511750628707568,,,,metis
email-Eu-core,dspar,0.5,0.49689,6,8,0,0.0,0.5070750327525219,0.35256373942486524,0.5357783637945436,0.005680417246104379,,,,metis
email-Eu-core,dspar,0.5,0.50268,7,8,0,0.0,0.5351901365067451,0.3794044821119733,0.562256319138361,0.0031631196961133985,,,,metis
email-Eu-core,dspar,0.5,0.49533,8,8,0,0.0,0.5173346569869463,0.36272183801180724,0.5454405636533843,-0.000527054369649026,,,,metis
email-Eu-core,dspar,0.5,0.49689,9,8,0,0.0,0.5209375312538053,0.3578500968527636,0.5488336402843842,0.0029655073401295097,,,,metis
email-Eu-core,kn,0.2,0.19684,0,8,0,0.0,0.46358248348328135,0.31470409137506344,0.49481841303924623,-0.00011269072107882678,,,,metis
email-Eu-core,kn,0.2,0.19628,1,8,0,0.0,0.4450529575619179,0.28389745778778336,0.47736785901562057,-0.006919639039330394,,,,metis
email-Eu-core,kn,0.2,0.19734,2,8,0,0.0,0.47476512656782,0.3174040289349353,0.5053498704749878,-0.000757299440930003,,,,metis
email-Eu-core,kn,0.2,0.19684,3,8,0,0.0,0.4609999771892161,0.3257741932663584,0.49238627405846624,0.004633593019220901,,,,metis
email-Eu-core,kn,0.2,0.19628,4,8,0,0.0,0.4697292708120233,0.3270180566964151,0.5006072556413675,0.01346789164679425,,,,metis
email-Eu-core,kn,0.2,0.19734,5,8,0,0.0,0.463218619900271,0.30859332963870045,0.4944757238644581,-0.010416131880757705,,,,metis
email-Eu-core,kn,0.2,0.19684,6,8,0,0.0,0.4409117783423129,0.2878881862925486,0.4734678231631299,-0.000341911805173468,,,,metis
email-Eu-core,kn,0.2,0.19628,7,8,0,0.0,0.45767531284983776,0.2890497097396742,0.4892552206691888,-0.004937166578657488,,,,metis
email-Eu-core,kn,0.2,0.19734,8,8,0,0.0,0.44179459580804453,0.28433799275259514,0.4742992336346349,0.008459649349367356,,,,metis
email-Eu-core,kn,0.2,0.19684,9,8,0,0.0,0.43251145409125324,0.2838929198957929,0.4655566692418105,-0.003399471280576638,,,,metis
email-Eu-core,ld,0.2,0.20032,0,8,0,0.0,0.135039299559985,0.06648049574245887,0.1854064835587418,-0.00481270766606968,,,,metis
email-Eu-core,ld,0.2,0.20032,1,8,0,0.0,0.135039299559985,0.06648049574245887,0.1854064835587418,0.0004434949300913097,,,,metis
email-Eu-core,ld,0.2,0.20032,2,8,0,0.0,0.164465426302116,0.09387140502516543,0.2131191091681188,0.0015787426474376737,,,,metis
email-Eu-core,ld,0.2,0.20032,3,8,0,0.0,0.15487091641025943,0.08977250986117055,0.20408333702705428,0.004240141204557283,,,,metis
email-Eu-core,ld,0.2,0.20032,4,8,0,0.0,0.1455316173986639,0.07969654468681113,0.19528782739260714,-0.002705793606340151,,,,metis
email-Eu-core,ld,0.2,0.20032,5,8,0,0.0,0.14719801212236228,0.07376227957258237,0.19685718694508864,-0.006074910175961214,,,,metis
email-Eu-core,ld,0.2,0.20032,6,8,0,0.0,0.14657553502450266,0.07346897148957962,0.19627104685028177,0.005328662063611324,,,,metis
email-Eu-core,ld,0.2,0.20032,7,8,0,0.0,0.15186343243564834,0.07837069651319227,0.20125098081603662,-0.0055627768486075126,,,,metis
email-Eu-core,ld,0.2,0.20032,8,8,0,0.0,0.16989381064359102,0.09619898647548558,0.2182314382799431,-0.0058197634296340926,,,,metis
email-Eu-core,ld,0.2,0.20032,9,8,0,0.0,0.1654789417422395,0.09428371744514305,0.2140736281312629,-0.0002895438484359833,,,,metis
email-Eu-core,lsim,0.2,0.19995,0,8,0,0.0,0.5173999160252554,0.33946184003358526,0.5455020602380447,0.005008885537480369,,,,metis
email-Eu-core,lsim,0.2,0.19995,1,8,0,0.0,0.5173999160252554,0.33946184003358526,0.5455020602380447,0.003605766471500413,,,,metis
email-Eu-core,lsim,0.2,0.19995,2,8,0,0.0,0.5449971776541495,0.3684172801584669,0.5714922898597282,-0.007881144167825467,,,,metis
email-Eu-core,lsim,0.2,0.19995,3,8,0,0.0,0.5252138048435092,0.33024253573551143,0.5528609893172314,-0.0035103754778595484,,,,metis
email-Eu-core,lsim,0.2,0.19995,4,8,0,0.0,0.4994958062485394,0.29762238455238366,0.5286404935887795,-0.00036672730677310395,,,,metis
email-Eu-core,lsim,0.2,0.19995,5,8,0,0.0,0.5479711128805664,0.3705828760902195,0.5742930742353248,0.006086164280753353,,,,metis
email-Eu-core,lsim,0.2,0.19995,6,8,0,0.0,0.510970544097378,0.32166984543175603,0.5394470494499634,0.00454006234402212,,,,metis
email-Eu-core,lsim,0.2,0.19995,7,8,0,0.0,0.5417264527069273,0.36788415313806905,0.5684119981502419,-0.006927040248385892,,,,metis
email-Eu-core,lsim,0.2,0.19995,8,8,0,0.0,0.5300661213209021,0.36036787383081625,0.5574307144026766,0.005053147064882023,,,,metis
email-Eu-core,lsim,0.2,0.19995,9,8,0,0.0,0.5261930462373262,0.34110475454762806,0.5537831353251329,-0.001677510499020798,,,,metis
email-Eu-core,mst_jaccard,0.2,0.20001,0,8,0,0.0,0.4761472183860149,0.28829955868733026,0.5066516434789943,0.001557471069694852,,,,metis
email-Eu-core,mst_jaccard,0.2,0.20001,1,8,0,0.0,0.4761472183860149,0.28829955868733026,0.5066516434789943,0.0026118338362774688,,,,metis
email-Eu-core,mst_jaccard,0.2,0.20001,2,8,0,0.0,0.5100850610681701,0.33454871187254054,0.538613129157788,0.0007939307585968779,,,,metis
email-Eu-core,mst_jaccard,0.2,0.20001,3,8,0,0.0,0.5155897848217829,0.3384201572124809,0.5437973465255158,-0.006625031540440278,,,,metis
email-Eu-core,mst_jaccard,0.2,0.20001,4,8,0,0.0,0.483611482059957,0.30390497594256044,0.513681162724924,0.005500571146544464,,,,metis
email-Eu-core,mst_jaccard,0.2,0.20001,5,8,0,0.0,0.4886904426483616,0.300385634893365,0.5184643592993399,0.001309895333354757,,,,metis
email-Eu-core,mst_jaccard,0.2,0.20001,6,8,0,0.0,0.4984870225638333,0.33535202144932996,0.5276904515474564,0.0030887976685694688,,,,metis
email-Eu-core,mst_jaccard,0.2,0.20001,7,8,0,0.0,0.5272617843490398,0.3637733382936549,0.5547896525556888,-0.005519505328207834,,,,metis
email-Eu-core,mst_jaccard,0.2,0.20001,8,8,0,0.0,0.47979278299349104,0.2872875905970414,0.5100847766077851,0.006516005532754089,,,,metis
email-Eu-core,mst_jaccard,0.2,0.20001,9,8,0,0.0,0.4754598156550011,0.2883759583027852,0.506004120684165,0.0007020495588558433,,,,metis
email-Eu-core,mst_random,0.2,0.20001,0,8,0,0.0,0.42087176908924867,0.2766934154220384,0.4545947557524782,-0.003894502949646473,,,,metis
email-Eu-core,mst_random,0.2,0.20001,1,8,0,0.0,0.4739447122941721,0.31081706385454994,0.5045772427454963,0.004367943258498321,,,,metis
email-Eu-core,mst_random,0.2,0.20001,2,8,0,0.0,0.4538283412960205,0.3075567767803199,0.48563224685479944,-0.009232274845156747,,,,metis
email-Eu-core,mst_random,0.2,0.20001,3,8,0,0.0,0.4416778923685329,0.2854263732538947,0.47418932590689167,-0.0033241505369095174,,,,metis
email-Eu-core,mst_random,0.2,0.20001,4,8,0,0.0,0.43929071403165487,0.27290558877114135,0.4719411686096734,-0.005481902700125831,,,,metis
email-Eu-core,mst_random,0.2,0.20001,5,8,0,0.0,0.4578693690574475,0.29872016366262555,0.4894379631290105,-0.0027062045390489776,,,,metis
email-Eu-core,mst_random,0.2,0.20001,6,8,0,0.0,0.4219037800932127,0.2808396268555607,0.45556667213237567,0.004062015180032553,,,,metis
email-Eu-core,mst_random,0.2,0.20001,7,8,0,0.0,0.4609143564409709,0.2938177968315041,0.4923056527136701,0.0022562215818384226,,,,metis
email-Eu-core,mst_random,0.2,0.20001,8,8,0,0.0,0.4815476152733334,0.3289097656629596,0.5117374107667452,0.0015639660560882052,,,,metis
email-Eu-core,mst_random,0.2,0.20001,9,8,0,0.0,0.4368234704642305,0.30509017664099336,0.46961759418782406,-0.007064682350743082,,,,metis
email-Eu-core,lspar,0.2,0.20144,0,8,0,0.0,0.54070689815411,0.36715304938519266,0.5674518245091607,0.005674697053792215,,,,metis
email-Eu-core,lspar,0.2,0.20144,1,8,0,0.0,0.54070689815411,0.36715304938519266,0.5674518245091607,-0.005537826969145647,,,,metis
email-Eu-core,lspar,0.2,0.20144,2,8,0,0.0,0.5587958051808966,0.37972110503485307,0.5844874030963726,0.0015403476060686949,,,,metis
email-Eu-core,lspar,0.2,0.20144,3,8,0,0.0,0.5379061727891917,0.35024680057200896,0.5648142110087148,-0.0015684067815269387,,,,metis
email-Eu-core,lspar,0.2,0.20144,4,8,0,0.0,0.5051300990869124,0.32546400808713544,0.5339467349612371,-0.004245359446040692,,,,metis
email-Eu-core,lspar,0.2,0.20144,5,8,0,0.0,0.5287905310034534,0.3385134333321785,0.5562293668529262,0.003970777423889944,,,,metis
email-Eu-core,lspar,0.2,0.20144,6,8,0,0.0,0.49950877726091447,0.2965599428540493,0.528652708799651,-0.00033315597846128906,,,,metis
email-Eu-core,lspar,0.2,0.20144,7,8,0,0.0,0.5337145677104136,0.34686276572811203,0.5608666618674959,-0.0002270701300439849,,,,metis
email-Eu-core,lspar,0.2,0.20144,8,8,0,0.0,0.5161176507563955,0.33737841857805906,0.5442944244615043,-0.0015592078666246266,,,,metis
email-Eu-core,lspar,0.2,0.20144,9,8,0,0.0,0.48885714936577773,0.29557056572014506,0.5186213456189925,0.0022505327942916632,,,,metis
email-Eu-core,dspar,0.2,0.19715,0,8,0,0.0,0.45975070916712446,0.30379927266869033,0.49120975166782405,0.005593025269958983,,,,metis
email-Eu-core,dspar,0.2,0.19752,1,8,0,0.0,0.41718655919078695,0.2670016461961801,0.4511241378521679,-0.004239355533047674,,,,metis
email-Eu-core,dspar,0.2,0.20232,2,8,0,0.0,0.4632640847679974,0.3070385003511296,0.4945185412854773,-0.0023871118985331406,,,,metis
email-Eu-core,dspar,0.2,0.19715,3,8,0,0.0,0.4586212318623022,0.30239992630987655,0.4901460445086343,-0.0053489276617752985,,,,metis
email-Eu-core,dspar,0.2,0.19752,4,8,0,0.0,0.47442934741673876,0.3210837915821863,0.5050336439466753,0.0025983869713659172,,,,metis
email-Eu-core,dspar,0.2,0.20232,5,8,0,0.0,0.4558589041719101,0.30623517188588467,0.48754456882802266,-0.0009446938108999744,,,,metis
email-Eu-core,dspar,0.2,0.19715,6,8,0,0.0,0.45674469219395875,0.31768908097098997,0.4883787768785562,0.0005653958891229251,,,,metis
email-Eu-core,dspar,0.2,0.19752,7,8,0,0.0,0.4509144628272034,0.301363373451496,0.4828880452891229,-0.007325569899133782,,,,metis
email-Eu-core,dspar,0.2,0.20232,8,8,0,0.0,0.44428400050822675,0.2771857780297692,0.4766436787955945,-0.0015590252683197357,,,,metis
email-Eu-core,dspar,0.2,0.19715,9,8,0,0.0,0.49244025614024584,0.3339111332046459,0.5219957665771261,0.006720241763256538,,,,metis
email-Eu-core,baseline,1.0,1.0,100,8,0,0.0,0.5774916561472875,0.35830612609664525,0.6021580624218642,0.0031685174373844325,,,1.0,leiden
email-Eu-core,baseline,1.0,1.0,101,8,0,0.0,0.562123697873622,0.3322208274752097,0.5877173591075322,0.006149077276475094,,,1.0,leiden
email-Eu-core,baseline,1.0,1.0,102,8,0,0.0,0.5597120583264065,0.33017793454725614,0.5853449135790628,-0.005608015025109555,,,1.0,leiden
email-Eu-core,baseline,1.0,1.0,103,8,0,0.0,0.5574707531761818,0.3281319241379798,0.5833760851513908,0.000711658891965427,,,1.0,leiden
email-Eu-core,baseline,1.0,1.0,104,8,0,0.0,0.5561767481413069,0.3265287907966508,0.5821614025753616,0.0021352269670617016,,,1.0,leiden
email-Eu-core,baseline,1.0,1.0,0,42,0,0.0,0.523409176231468,0.30316284411373434,0.6215848228091674,-0.006515616146525057,,,,metis
email-Eu-core,baseline,1.0,1.0,1,42,0,0.0,0.523409176231468,0.30316284411373434,0.6215848228091674,-0.0043483012288386465,,,,metis
email-Eu-core,baseline,1.0,1.0,2,42,0,0.0,0.523409176231468,0.30316284411373434,0.6215848228091674,-0.01534691117302543,,,,metis
email-Eu-core,baseline,1.0,1.0,3,42,0,0.0,0.523409176231468,0.30316284411373434,0.6215848228091674,-0.014476408495237625,,,,metis
email-Eu-core,baseline,1.0,1.0,4,42,0,0.0,0.523409176231468,0.30316284411373434,0.6215848228091674,-0.00429068149650407,,,,metis
email-Eu-core,baseline,1.0,1.0,5,42,0,0.0,0.523409176231468,0.30316284411373434,0.6215848228091674,0.002204455597783302,,,,metis
email-Eu-core,baseline,1.0,1.0,6,42,0,0.0,0.523409176231468,0.30316284411373434,0.6215848228091674,-0.004194506033869682,,,,metis
email-Eu-core,baseline,1.0,1.0,7,42,0,0.0,0.523409176231468,0.30316284411373434,0.6215848228091674,-0.004408203982292622,,,,metis
email-Eu-core,baseline,1.0,1.0,8,42,0,0.0,0.523409176231468,0.30316284411373434,0.6215848228091674,0.008019473212785616,,,,metis
email-Eu-core,baseline,1.0,1.0,9,42,0,0.0,0.523409176231468,0.30316284411373434,0.6215848228091674,0.005527593763423997,,,,metis
email-Eu-core,kn,0.5,0.50386,0,42,0,0.0,0.5085457563473899,0.2915369759415776,0.6097880346000848,0.007429019621408959,,,,metis
email-Eu-core,kn,0.5,0.50417,1,42,0,0.0,0.5253134094705195,0.2981096159532177,0.6231015899006631,0.005242234168601355,,,,metis
email-Eu-core,kn,0.5,0.50118,2,42,0,0.0,0.538514947468021,0.3134778326638566,0.6335846371432486,0.006314882155736538,,,,metis
email-Eu-core,kn,0.5,0.50386,3,42,0,0.0,0.5085457563473899,0.2915369759415776,0.6097880346000848,0.006193322754125496,,,,metis
email-Eu-core,kn,0.5,0.50417,4,42,0,0.0,0.5253134094705195,0.2981096159532177,0.6231015899006631,0.0007358064811384949,,,,metis
email-Eu-core,kn,0.5,0.50118,5,42,0,0.0,0.538514947468021,0.3134778326638566,0.6335846371432486,0.004179636896868702,,,,metis
email-Eu-core,kn,0.5,0.50386,6,42,0,0.0,0.5085457563473899,0.2915369759415776,0.6097880346000848,-0.0016317857372678355,,,,metis
email-Eu-core,kn,0.5,0.50417,7,42,0,0.0,0.5253134094705195,0.2981096159532177,0.6231015899006631,-0.0034861560552914206,,,,metis
email-Eu-core,kn,0.5,0.50118,8,42,0,0.0,0.538514947468021,0.3134778326638566,0.6335846371432486,0.0009572786336202539,,,,metis
email-Eu-core,kn,0.5,0.50386,9,42,0,0.0,0.5085457563473899,0.2915369759415776,0.6097880346000848,0.006299483554880074,,,,metis
email-Eu-core,ld,0.5,0.49994,0,42,7,0.007099391480730223,0.2849484110111976,0.13625379692303702,0.4317823710016441,0.003622939092667953,,,,metis
email-Eu-core,ld,0.5,0.49994,1,42,7,0.007099391480730223,0.2849484110111976,0.13625379692303702,0.4317823710016441,-0.010164263678944593,,,,metis
email-Eu-core,ld,0.5,0.49994,2,42,7,0.007099391480730223,0.2849484110111976,0.13625379692303702,0.4317823710016441,-0.0010038586658368954,,,,metis
email-Eu-core,ld,0.5,0.49994,3,42,7,0.007099391480730223,0.2849484110111976,0.13625379692303702,0.4317823710016441,0.00016068035586158075,,,,metis
email-Eu-core,ld,0.5,0.49994,4,42,7,0.007099391480730223,0.2849484110111976,0.13625379692303702,0.4317823710016441,-0.009019166779503577,,,,metis
email-Eu-core,ld,0.5,0.49994,5,42,7,0.007099391480730223,0.2849484110111976,0.13625379692303702,0.4317823710016441,-0.01193183311881038,,,,metis
email-Eu-core,ld,0.5,0.49994,6,42,7,0.007099391480730223,0.2849484110111976,0.13625379692303702,0.4317823710016441,-0.0010572966865047147,,,,metis
email-Eu-core,ld,0.5,0.49994,7,42,7,0.007099391480730223,0.2849484110111976,0.13625379692303702,0.4317823710016441,-0.0005345339191409318,,,,metis
email-Eu-core,ld,0.5,0.49994,8,42,7,0.007099391480730223,0.2849484110111976,0.13625379692303702,0.4317823710016441,-0.011856669345938563,,,,metis
email-Eu-core,ld,0.5,0.49994,9,42,7,0.007099391480730223,0.2849484110111976,0.13625379692303702,0.4317823710016441,-0.004149542239985052,,,,metis
email-Eu-core,lsim,0.5,0.50012,0,42,0,0.0,0.5408020751523339,0.3149155858679037,0.635376294514978,0.008957825274128637,,,,metis
email-Eu-core,lsim,0.5,0.50012,1,42,0,0.0,0.5408020751523339,0.3149155858679037,0.635376294514978,0.0054872197441079296,,,,metis
email-Eu-core,lsim,0.5,0.50012,2,42,0,0.0,0.5408020751523339,0.3149155858679037,0.635376294514978,-0.001094887834962995,,,,metis
email-Eu-core,lsim,0.5,0.50012,3,42,0,0.0,0.5408020751523339,0.3149155858679037,0.635376294514978,-0.007202852400989027,,,,metis
email-Eu-core,lsim,0.5,0.50012,4,42,0,0.0,0.5408020751523339,0.3149155858679037,0.635376294514978,-0.0054770128634073715,,,,metis
email-Eu-core,lsim,0.5,0.50012,5,42,0,0.0,0.5408020751523339,0.3149155858679037,0.635376294514978,-0.00048482440789047147,,,,metis
email-Eu-core,lsim,0.5,0.50012,6,42,0,0.0,0.5408020751523339,0.3149155858679037,0.635376294514978,0.007174363494694535,,,,metis
email-Eu-core,lsim,0.5,0.50012,7,42,0,0.0,0.5408020751523339,0.3149155858679037,0.635376294514978,0.004089975231386831,,,,metis
email-Eu-core,lsim,0.5,0.50012,8,42,0,0.0,0.5408020751523339,0.3149155858679037,0.635376294514978,-0.0035933550752052456,,,,metis
email-Eu-core,lsim,0.5,0.50012,9,42,0,0.0,0.5408020751523339,0.3149155858679037,0.635376294514978,0.00713476110951448,,,,metis
email-Eu-core,mst_jaccard,0.5,0.5,0,42,0,0.0,0.5188657088395625,0.2936648468809576,0.6179795887138512,0.007902395766517295,,,,metis
email-Eu-core,mst_jaccard,0.5,0.5,1,42,0,0.0,0.5188657088395625,0.2936648468809576,0.6179795887138512,0.0024986615176385966,,,,metis
email-Eu-core,mst_jaccard,0.5,0.5,2,42,0,0.0,0.5188657088395625,0.2936648468809576,0.6179795887138512,0.0034507807405388087,,,,metis
email-Eu-core,mst_jaccard,0.5,0.5,3,42,0,0.0,0.5188657088395625,0.2936648468809576,0.6179795887138512,-0.0002967326244985781,,,,metis
email-Eu-core,mst_jaccard,0.5,0.5,4,42,0,0.0,0.5188657088395625,0.2936648468809576,0.6179795887138512,-0.0038534910899926584,,,,metis
email-Eu-core,mst_jaccard,0.5,0.5,5,42,0,0.0,0.5188657088395625,0.2936648468809576,0.6179795887138512,0.009259281745250675,,,,metis
email-Eu-core,mst_jaccard,0.5,0.5,6,42,0,0.0,0.5188657088395625,0.2936648468809576,0.6179795887138512,-0.007910146227501816,,,,metis
email-Eu-core,mst_jaccard,0.5,0.5,7,42,0,0.0,0.5188657088395625,0.2936648468809576,0.6179795887138512,0.005854542923914719,,,,metis
email-Eu-core,mst_jaccard,0.5,0.5,8,42,0,0.0,0.5188657088395625,0.2936648468809576,0.6179795887138512,-0.007516231262411721,,,,metis
email-Eu-core,mst_jaccard,0.5,0.5,9,42,0,0.0,0.5188657088395625,0.2936648468809576,0.6179795887138512,0.007677515881673638,,,,metis
email-Eu-core,mst_random,0.5,0.5,0,42,0,0.0,0.5099813107218641,0.29220167966295724,0.610926551137324,0.0016229814429718264,,,,metis
email-Eu-core,mst_random,0.5,0.5,1,42,0,0.0,0.47535404404247333,0.26430475784970064,0.5834229188354885,-0.006517621391288454,,,,metis
email-Eu-core,mst_random,0.5,0.5,2,42,0,0.0,0.5164453952479678,0.2935861054806541,0.6160626145497505,0.0034161241920017188,,,,metis
email-Eu-core,mst_random,0.5,0.5,3,42,0,0.0,0.5099813107218641,0.29220167966295724,0.610926551137324,0.007714691590046048,,,,metis
email-Eu-core,mst_random,0.5,0.5,4,42,0,0.0,0.47535404404247333,0.26430475784970064,0.5834229188354885,0.005791999419556335,,,,metis
email-Eu-core,mst_random,0.5,0.5,5,42,0,0.0,0.5164453952479678,0.2935861054806541,0.6160626145497505,-0.0017090608869768137,,,,metis
email-Eu-core,mst_random,0.5,0.5,6,42,0,0.0,0.5099813107218641,0.29220167966295724,0.610926551137324,-0.004953341520374472,,,,metis
email-Eu-core,mst_random,0.5,0.5,7,42,0,0.0,0.47535404404247333,0.26430475784970064,0.5834229188354885,0.0042061458386132315,,,,metis
email-Eu-core,mst_random,0.5,0.5,8,42,0,0.0,0.5164453952479678,0.2935861054806541,0.6160626145497505,-0.0006476457129858139,,,,metis
email-Eu-core,mst_random,0.5,0.5,9,42,0,0.0,0.5099813107218641,0.29220167966295724,0.610926551137324,-0.0010720331984411216,,,,metis
email-Eu-core,lspar,0.5,0.50205,0,42,0,0.0,0.5430027039413081,0.3109401271182254,0.6371395898999906,-0.009504283386453169,,,,metis
email-Eu-core,lspar,0.5,0.50205,1,42,0,0.0,0.5430027039413081,0.3109401271182254,0.6371395898999906,0.0018247528571370085,,,,metis
email-Eu-core,lspar,0.5,0.50205,2,42,0,0.0,0.5430027039413081,0.3109401271182254,0.6371395898999906,0.001547999391989741,,,,metis
email-Eu-core,lspar,0.5,0.50205,3,42,0,0.0,0.5430027039413081,0.3109401271182254,0.6371395898999906,-0.00984564442375145,,,,metis
email-Eu-core,lspar,0.5,0.50205,4,42,0,0.0,0.5430027039413081,0.3109401271182254,0.6371395898999906,-0.003469051009815886,,,,metis
email-Eu-core,lspar,0.5,0.50205,5,42,0,0.0,0.5430027039413081,0.3109401271182254,0.6371395898999906,0.0036046403951003735,,,,metis
email-Eu-core,lspar,0.5,0.50205,6,42,0,0.0,0.5430027039413081,0.3109401271182254,0.6371395898999906,-0.003898870993678037,,,,metis
email-Eu-core,lspar,0.5,0.50205,7,42,0,0.0,0.5430027039413081,0.3109401271182254,0.6371395898999906,-0.0038988709936779976,,,,metis
email-Eu-core,lspar,0.5,0.50205,8,42,0,0.0,0.5430027039413081,0.3109401271182254,0.6371395898999906,-0.010532603888008486,,,,metis
email-Eu-core,lspar,0.5,0.50205,9,42,0,0.0,0.5430027039413081,0.3109401271182254,0.6371395898999906,-0.01407312168035878,,,,metis
email-Eu-core,dspar,0.5,0.49689,0,42,0,0.0,0.5309691724084947,0.306429471453697,0.627588612935384,-0.0011606377853215293,,,,metis
email-Eu-core,dspar,0.5,0.50268,1,42,0,0.0,0.5388686439920009,0.31115891979748594,0.6338605370647602,0.0005298395856019559,,,,metis
email-Eu-core,dspar,0.5,0.49533,2,42,0,0.0,0.5541931118502356,0.3290325492525846,0.6460284659084085,0.012699033017696107,,,,metis
email-Eu-core,dspar,0.5,0.49689,3,42,0,0.0,0.5309691724084947,0.306429471453697,0.627588612935384,0.001252939083606097,,,,metis
email-Eu-core,dspar,0.5,0.50268,4,42,0,0.0,0.5388686439920009,0.31115891979748594,0.6338605370647602,0.0012523353706898376,,,,metis
email-Eu-core,dspar,0.5,0.49533,5,42,0,0.0,0.5541931118502356,0.3290325492525846,0.6460284659084085,-0.004463463159198081,,,,metis
email-Eu-core,dspar,0.5,0.49689,6,42,0,0.0,0.5309691724084947,0.306429471453697,0.627588612935384,-6.042983599272911e-06,,,,metis
email-Eu-core,dspar,0.5,0.50268,7,42,0,0.0,0.5388686439920009,0.31115891979748594,0.6338605370647602,0.012133742686874917,,,,metis
email-Eu-core,dspar,0.5,0.49533,8,42,0,0.0,0.5541931118502356,0.3290325492525846,0.6460284659084085,-0.004955287707123038,,,,metis
email-Eu-core,dspar,0.5,0.49689,9,42,0,0.0,0.5309691724084947,0.306429471453697,0.627588612935384,-0.011111644277374525,,,,metis
email-Eu-core,kn,0.2,0.19684,0,42,0,0.0,0.43489127373930475,0.22930587490327642,0.551315035616599,0.00865352892574455,,,,metis
email-Eu-core,kn,0.2,0.19628,1,42,0,0.0,0.4805411294971335,0.27345800956715777,0.5875576215455313,0.0058230715714378154,,,,metis
email-Eu-core,kn,0.2,0.19734,2,42,0,0.0,0.4549334427351866,0.25097338871581376,0.5672255108924009,-0.001155126635682603,,,,metis
email-Eu-core,kn,0.2,0.19684,3,42,0,0.0,0.43489127373930475,0.22930587490327642,0.551315035616599,-0.002740405464033818,,,,metis
email-Eu-core,kn,0.2,0.19628,4,42,0,0.0,0.4805411294971335,0.27345800956715777,0.5875576215455313,0.007063456798729283,,,,metis
email-Eu-core,kn,0.2,0.19734,5,42,0,0.0,0.4549334427351866,0.25097338871581376,0.5672255108924009,0.0007802281928777436,,,,metis
email-Eu-core,kn,0.2,0.19684,6,42,0,0.0,0.43489127373930475,0.22930587490327642,0.551315035616599,-0.0038797262640258923,,,,metis
email-Eu-core,kn,0.2,0.19628,7,42,0,0.0,0.4805411294971335,0.27345800956715777,0.5875576215455313,-0.008121235202547232,,,,metis
email-Eu-core,kn,0.2,0.19734,8,42,0,0.0,0.4549334427351866,0.25097338871581376,0.5672255108924009,-0.0015239867295065625,,,,metis
email-Eu-core,kn,0.2,0.19684,9,42,0,0.0,0.43489127373930475,0.22930587490327642,0.551315035616599,-0.0026442331045030605,,,,metis
email-Eu-core,ld,0.2,0.20032,0,42,0,0.0,0.19226777990277652,0.08047537706311582,0.3586650615153345,0.010085155180276787,,,,metis
email-Eu-core,ld,0.2,0.20032,1,42,0,0.0,0.19226777990277652,0.08047537706311582,0.3586650615153345,0.0013180719063945808,,,,metis
email-Eu-core,ld,0.2,0.20032,2,42,0,0.0,0.19226777990277652,0.08047537706311582,0.3586650615153345,0.0011148717400926388,,,,metis
email-Eu-core,ld,0.2,0.20032,3,42,0,0.0,0.19226777990277652,0.08047537706311582,0.3586650615153345,-0.008682933691707622,,,,metis
email-Eu-core,ld,0.2,0.20032,4,42,0,0.0,0.19226777990277652,0.08047537706311582,0.3586650615153345,-0.003746006319820579,,,,metis
email-Eu-core,ld,0.2,0.20032,5,42,0,0.0,0.19226777990277652,0.08047537706311582,0.3586650615153345,0.00398068636135502,,,,metis
email-Eu-core,ld,0.2,0.20032,6,42,0,0.0,0.19226777990277652,0.08047537706311582,0.3586650615153345,-0.0002654583530182282,,,,metis
email-Eu-core,ld,0.2,0.20032,7,42,0,0.0,0.19226777990277652,0.08047537706311582,0.3586650615153345,-0.004439251742733103,,,,metis
email-Eu-core,ld,0.2,0.20032,8,42,0,0.0,0.19226777990277652,0.08047537706311582,0.3586650615153345,0.0008252071900446528,,,,metis
email-Eu-core,ld,0.2,0.20032,9,42,0,0.0,0.19226777990277652,0.08047537706311582,0.3586650615153345,0.007164541029344542,,,,metis
email-Eu-core,lsim,0.2,0.19995,0,42,0,0.0,0.5492986983081323,0.3147063977449879,0.6421467228817684,0.003039671354788791,,,,metis
email-Eu-core,lsim,0.2,0.19995,1,42,0,0.0,0.5492986983081323,0.3147063977449879,0.6421467228817684,0.004480448614650931,,,,metis
email-Eu-core,lsim,0.2,0.19995,2,42,0,0.0,0.5492986983081323,0.3147063977449879,0.6421467228817684,-0.005052708975303881,,,,metis
email-Eu-core,lsim,0.2,0.19995,3,42,0,0.0,0.5492986983081323,0.3147063977449879,0.6421467228817684,-0.0012283561350358119,,,,metis
email-Eu-core,lsim,0.2,0.19995,4,42,0,0.0,0.5492986983081323,0.3147063977449879,0.6421467228817684,-7.446444024563512e-05,,,,metis
email-Eu-core,lsim,0.2,0.19995,5,42,0,0.0,0.5492986983081323,0.3147063977449879,0.6421467228817684,0.003140549603637071,,,,metis
email-Eu-core,lsim,0.2,0.19995,6,42,0,0.0,0.5492986983081323,0.3147063977449879,0.6421467228817684,0.0002943992146746047,,,,metis
email-Eu-core,lsim,0.2,0.19995,7,42,0,0.0,0.5492986983081323,0.3147063977449879,0.6421467228817684,-0.0029460190295789745,,,,metis
email-Eu-core,lsim,0.2,0.19995,8,42,0,0.0,0.5492986983081323,0.3147063977449879,0.6421467228817684,-0.00014015688230244462,,,,metis
email-Eu-core,lsim,0.2,0.19995,9,42,0,0.0,0.5492986983081323,0.3147063977449879,0.6421467228817684,-0.0036958360963927155,,,,metis
email-Eu-core,mst_jaccard,0.2,0.20001,0,42,0,0.0,0.5443269596212327,0.30065055157567777,0.6382004157828214,-0.003032513954503837,,,,metis
email-Eu-core,mst_jaccard,0.2,0.20001,1,42,0,0.0,0.5443269596212327,0.30065055157567777,0.6382004157828214,0.006631091285007366,,,,metis
email-Eu-core,mst_jaccard,0.2,0.20001,2,42,0,0.0,0.5443269596212327,0.30065055157567777,0.6382004157828214,0.006438428785499111,,,,metis
email-Eu-core,mst_jaccard,0.2,0.20001,3,42,0,0.0,0.5443269596212327,0.30065055157567777,0.6382004157828214,0.001116385004895341,,,,metis
email-Eu-core,mst_jaccard,0.2,0.20001,4,42,0,0.0,0.5443269596212327,0.30065055157567777,0.6382004157828214,0.0036989145968437747,,,,metis
email-Eu-core,mst_jaccard,0.2,0.20001,5,42,0,0.0,0.5443269596212327,0.30065055157567777,0.6382004157828214,-0.00032789533881355824,,,,metis
email-Eu-core,mst_jaccard,0.2,0.20001,6,42,0,0.0,0.5443269596212327,0.30065055157567777,0.6382004157828214,-0.00412403763826451,,,,metis
email-Eu-core,mst_jaccard,0.2,0.20001,7,42,0,0.0,0.5443269596212327,0.30065055157567777,0.6382004157828214,-0.0018578129248965557,,,,metis
email-Eu-core,mst_jaccard,0.2,0.20001,8,42,0,0.0,0.5443269596212327,0.30065055157567777,0.6382004157828214,-0.007830169898358793,,,,metis
email-Eu-core,mst_jaccard,0.2,0.20001,9,42,0,0.0,0.5443269596212327,0.30065055157567777,0.6382004157828214,0.0030703209446131144,,,,metis
email-Eu-core,mst_random,0.2,0.20001,0,42,0,0.0,0.4536616322287648,0.247678424835867,0.5662103420311708,0.00129302431807432,,,,metis
email-Eu-core,mst_random,0.2,0.20001,1,42,0,0.0,0.4678332030500785,0.250533526859951,0.5774663048156563,-0.003280732756349789,,,,metis
email-Eu-core,mst_random,0.2,0.20001,2,42,0,0.0,0.47528498008940795,0.2568095607947145,0.5833843195069391,0.0021516403461207118,,,,metis
email-Eu-core,mst_random,0.2,0.20001,3,42,0,0.0,0.4536616322287648,0.247678424835867,0.5662103420311708,0.00020883767110420925,,,,metis
email-Eu-core,mst_random,0.2,0.20001,4,42,0,0.0,0.4678332030500785,0.250533526859951,0.5774663048156563,-0.009918331565677715,,,,metis
email-Eu-core,mst_random,0.2,0.20001,5,42,0,0.0,0.47528498008940795,0.2568095607947145,0.5833843195069391,0.0028490726810347982,,,,metis
email-Eu-core,mst_random,0.2,0.20001,6,42,0,0.0,0.4536616322287648,0.247678424835867,0.5662103420311708,-0.002755022681419426,,,,metis
email-Eu-core,mst_random,0.2,0.20001,7,42,0,0.0,0.4678332030500785,0.250533526859951,0.5774663048156563,-0.0020417614247100974,,,,metis
email-Eu-core,mst_random,0.2,0.20001,8,42,0,0.0,0.47528498008940795,0.2568095607947145,0.5833843195069391,-0.0054400866249954116,,,,metis
email-Eu-core,mst_random,0.2,0.20001,9,42,0,0.0,0.4536616322287648,0.247678424835867,0.5662103420311708,0.007274538187077601,,,,metis
email-Eu-core,lspar,0.2,0.20144,0,42,0,0.0,0.5574030841942031,0.31904433053402276,0.6485793047154531,-0.00037774065385370116,,,,metis
email-Eu-core,lspar,0.2,0.20144,1,42,0,0.0,0.5574030841942031,0.31904433053402276,0.6485793047154531,-0.004394094150729378,,,,metis
email-Eu-core,lspar,0.2,0.20144,2,42,0,0.0,0.5574030841942031,0.31904433053402276,0.6485793047154531,0.011926462332349258,,,,metis
email-Eu-core,lspar,0.2,0.20144,3,42,0,0.0,0.5574030841942031,0.31904433053402276,0.6485793047154531,-0.007622443348210659,,,,metis
email-Eu-core,lspar,0.2,0.20144,4,42,0,0.0,0.5574030841942031,0.31904433053402276,0.6485793047154531,-0.006262410767019756,,,,metis
email-Eu-core,lspar,0.2,0.20144,5,42,0,0.0,0.5574030841942031,0.31904433053402276,0.6485793047154531,0.00416843970587564,,,,metis
email-Eu-core,lspar,0.2,0.20144,6,42,0,0.0,0.5574030841942031,0.31904433053402276,0.6485793047154531,-0.0031256700996985325,,,,metis
email-Eu-core,lspar,0.2,0.20144,7,42,0,0.0,0.5574030841942031,0.31904433053402276,0.6485793047154531,-0.0031927394122237404,,,,metis
email-Eu-core,lspar,0.2,0.20144,8,42,0,0.0,0.5574030841942031,0.31904433053402276,0.6485793047154531,-0.004225789246733603,,,,metis
email-Eu-core,lspar,0.2,0.20144,9,42,0,0.0,0.5574030841942031,0.31904433053402276,0.6485793047154531,0.0051804580159653625,,,,metis
email-Eu-core,dspar,0.2,0.19715,0,42,0,0.0,0.47522007862719967,0.25619522689167235,0.5833327887410625,0.0030424221458633716,,,,metis
email-Eu-core,dspar,0.2,0.19752,1,42,0,0.0,0.43773520555407597,0.23069109482517755,0.5535690312315242,-0.005383098735260598,,,,metis
email-Eu-core,dspar,0.2,0.20232,2,42,0,0.0,0.45094344862573815,0.24372424865991596,0.5640575167470181,-0.007925423004073447,,,,metis
email-Eu-core,dspar,0.2,0.19715,3,42,0,0.0,0.47522007862719967,0.25619522689167235,0.5833327887410625,-0.004911686106519066,,,,metis
email-Eu-core,dspar,0.2,0.19752,4,42,0,0.0,0.43773520555407597,0.23069109482517755,0.5535690312315242,0.0030342953388824566,,,,metis
email-Eu-core,dspar,0.2,0.20232,5,42,0,0.0,0.45094344862573815,0.24372424865991596,0.5640575167470181,-0.004370466330806688,,,,metis
email-Eu-core,dspar,0.2,0.19715,6,42,0,0.0,0.47522007862719967,0.25619522689167235,0.5833327887410625,0.00045744655088369833,,,,metis
email-Eu-core,dspar,0.2,0.19752,7,42,0,0.0,0.43773520555407597,0.23069109482517755,0.5535690312315242,-0.001326508785483286,,,,metis
email-Eu-core,dspar,0.2,0.20232,8,42,0,0.0,0.45094344862573815,0.24372424865991596,0.5640575167470181,-0.0057408335808464125,,,,metis
email-Eu-core,dspar,0.2,0.19715,9,42,0,0.0,0.47522007862719967,0.25619522689167235,0.5833327887410625,-0.002171324533678378,,,,metis
com-Amazon,baseline,1.0,1.0,100,300,105,0.0003135610682577651,,,,,0.17651776343433934,0.01237161096544132,1.0,leiden
com-Amazon,baseline,1.0,1.0,101,311,123,0.00036731439424481056,,,,,0.19542425031602345,0.012893245672791157,1.0,leiden
com-Amazon,baseline,1.0,1.0,102,308,91,0.00027175292582339646,,,,,0.1762868016228491,0.013686677877965136,1.0,leiden
com-Amazon,baseline,1.0,1.0,103,307,128,0.0003822458736856565,,,,,0.18008732980185121,0.012625708262850666,1.0,leiden
com-Amazon,baseline,1.0,1.0,104,304,110,0.00032849254769861107,,,,,0.205455664441212,0.012974256550287352,1.0,leiden
com-Amazon,baseline,1.0,1.0,0,306,0,0.0,,,,,0.03285009005567899,0.003086348199007016,,metis
com-Amazon,baseline,1.0,1.0,1,306,0,0.0,,,,,0.03285009005567899,0.0031122485430535134,,metis
com-Amazon,baseline,1.0,1.0,2,306,0,0.0,,,,,0.03470518224551659,0.0031210926180206986,,metis
com-Amazon,baseline,1.0,1.0,3,306,0,0.0,,,,,0.032748427551785836,0.0031387995840993915,,metis
com-Amazon,baseline,1.0,1.0,4,306,0,0.0,,,,,0.03397069521578438,0.003102221215920056,,metis
com-Amazon,baseline,1.0,1.0,5,306,0,0.0,,,,,0.03319985156887151,0.0030701087973524603,,metis
com-Amazon,baseline,1.0,1.0,6,306,0,0.0,,,,,0.03439222867547391,0.0031179510909254524,,metis
com-Amazon,baseline,1.0,1.0,7,306,0,0.0,,,,,0.03459877443253068,0.0031007253108094332,,metis
com-Amazon,baseline,1.0,1.0,8,306,0,0.0,,,,,0.034060587600044025,0.003100513516780569,,metis
com-Amazon,baseline,1.0,1.0,9,306,0,0.0,,,,,0.033465362739104276,0.0031128833766988044,,metis
com-Amazon,kn,0.5,0.50038,0,306,0,0.0,,,,,0.030108722450777073,0.003061430269091289,,metis
com-Amazon,kn,0.5,0.5001,1,306,0,0.0,,,,,0.031187225444607638,0.003063887662380118,,metis
com-Amazon,kn,0.5,0.50028,2,306,0,0.0,,,,,0.031095904527151975,0.003072112838353769,,metis
com-Amazon,kn,0.5,0.50038,3,306,0,0.0,,,,,0.03028149966783548,0.003162509520561834,,metis
com-Amazon,kn,0.5,0.5001,4,306,0,0.0,,,,,0.03134449370097499,0.0031645614598397563,,metis
com-Amazon,kn,0.5,0.50028,5,306,0,0.0,,,,,0.03053288425668845,0.0030999586164145664,,metis
com-Amazon,kn,0.5,0.50038,6,306,0,0.0,,,,,0.02967990171800729,0.0030987433475481068,,metis
com-Amazon,kn,0.5,0.5001,7,306,0,0.0,,,,,0.0315212396258401,0.0030878094905352656,,metis
com-Amazon,kn,0.5,0.50028,8,306,0,0.0,,,,,0.030876664997630268,0.0031378937786886297,,metis
com-Amazon,kn,0.5,0.50038,9,306,0,0.0,,,,,0.03013261175992258,0.0030886534192369128,,metis
com-Amazon,ld,0.5,0.50385,0,306,0,0.0,,,,,0.02915240835656009,0.003130761568563514,,metis
com-Amazon,ld,0.5,0.50385,1,306,0,0.0,,,,,0.02915240835656009,0.0030433811691314267,,metis
com-Amazon,ld,0.5,0.50385,2,306,0,0.0,,,,,0.02803857665313371,0.0030890919917059886,,metis
com-Amazon,ld,0.5,0.50385,3,306,0,0.0,,,,,0.028956151849480492,0.0031063823220060763,,metis
com-Amazon,ld,0.5,0.50385,4,306,0,0.0,,,,,0.028483411139566348,0.0031417833961293004,,metis
com-Amazon,ld,0.5,0.50385,5,306,0,0.0,,,,,0.028299206068463638,0.003092002923159542,,metis
com-Amazon,ld,0.5,0.50385,6,306,0,0.0,,,,,0.029133551892390374,0.0031255189560412183,,metis
com-Amazon,ld,0.5,0.50385,7,306,0,0.0,,,,,0.02849733312147716,0.0030548144799161167,,metis
com-Amazon,ld,0.5,0.50385,8,306,0,0.0,,,,,0.029206560254275277,0.003130895826397013,,metis
com-Amazon,ld,0.5,0.50385,9,306,0,0.0,,,,,0.028861156357197958,0.0031288631326705247,,metis
com-Amazon,lsim,0.5,0.50917,0,306,0,0.0,,,,,0.026073638452319317,0.0030588357318207856,,metis
com-Amazon,lsim,0.5,0.50917,1,306,0,0.0,,,,,0.026073638452319317,0.0031175427682424255,,metis
com-Amazon,lsim,0.5,0.50917,2,306,0,0.0,,,,,0.025285368293115167,0.0031213126898724268,,metis
com-Amazon,lsim,0.5,0.50917,3,306,0,0.0,,,,,0.025741315975666118,0.003112582617806217,,metis
com-Amazon,lsim,0.5,0.50917,4,306,0,0.0,,,,,0.02565089834308122,0.0030868167970644744,,metis
com-Amazon,lsim,0.5,0.50917,5,306,0,0.0,,,,,0.02505719474896084,0.003126283424744963,,metis
com-Amazon,lsim,0.5,0.50917,6,306,0,0.0,,,,,0.02649383268581265,0.0030850672136279516,,metis
com-Amazon,lsim,0.5,0.50917,7,306,0,0.0,,,,,0.025989713724574738,0.0031141814963465153,,metis
com-Amazon,lsim,0.5,0.50917,8,306,0,0.0,,,,,0.025313988673685096,0.0030775792430839887,,metis
com-Amazon,lsim,0.5,0.50917,9,306,0,0.0,,,,,0.02565777939257776,0.003112395703630693,,metis
com-Amazon,mst_jaccard,0.5,0.5,0,306,0,0.0,,,,,0.035147740832439954,0.0030989044253164157,,metis
com-Amazon,mst_jaccard,0.5,0.5,1,306,0,0.0,,,,,0.035147740832439954,0.0030995728876132703,,metis
com-Amazon,mst_jaccard,0.5,0.5,2,306,0,0.0,,,,,0.036063698763341784,0.003120488958398947,,metis
com-Amazon,mst_jaccard,0.5,0.5,3,306,0,0.0,,,,,0.03540499607036098,0.0032046892959061582,,metis
com-Amazon,mst_jaccard,0.5,0.5,4,306,0,0.0,,,,,0.035175451834210496,0.0030899967515828596,,metis
com-Amazon,mst_jaccard,0.5,0.5,5,306,0,0.0,,,,,0.034802254118895266,0.003061282854912221,,metis
com-Amazon,mst_jaccard,0.5,0.5,6,306,0,0.0,,,,,0.03553295009559278,0.00311834274219534,,metis
com-Amazon,mst_jaccard,0.5,0.5,7,306,0,0.0,,,,,0.03574960339984703,0.0030605591551274174,,metis
com-Amazon,mst_jaccard,0.5,0.5,8,306,0,0.0,,,,,0.034850403391039037,0.0030821589951363177,,metis
com-Amazon,mst_jaccard,0.5,0.5,9,306,0,0.0,,,,,0.03534174260846204,0.00309601432247743,,metis
com-Amazon,mst_random,0.5,0.5,0,306,0,0.0,,,,,0.034735201230035276,0.003078998462530785,,metis
com-Amazon,mst_random,0.5,0.5,1,306,0,0.0,,,,,0.034294966621005965,0.0031456048253547418,,metis
com-Amazon,mst_random,0.5,0.5,2,306,0,0.0,,,,,0.033596754193526576,0.003092010746653554,,metis
com-Amazon,mst_random,0.5,0.5,3,306,0,0.0,,,,,0.03449935545059254,0.0031061837633208356,,metis
com-Amazon,mst_random,0.5,0.5,4,306,0,0.0,,,,,0.03411203695967803,0.003066269786805462,,metis
com-Amazon,mst_random,0.5,0.5,5,306,0,0.0,,,,,0.03379219901729965,0.0030814233720006987,,metis
com-Amazon,mst_random,0.5,0.5,6,306,0,0.0,,,,,0.033917518052246055,0.0030945578646395045,,metis
com-Amazon,mst_random,0.5,0.5,7,306,0,0.0,,,,,0.034002923636860215,0.0031663640993523116,,metis
com-Amazon,mst_random,0.5,0.5,8,306,0,0.0,,,,,0.03368599394562033,0.003067188645950448,,metis
com-Amazon,mst_random,0.5,0.5,9,306,0,0.0,,,,,0.03471514209796622,0.003128894699485782,,metis
com-Amazon,lspar,0.5,0.54177,0,306,0,0.0,,,,,0.027212909078492064,0.0031318228450611437,,metis
com-Amazon,lspar,0.5,0.54177,1,306,0,0.0,,,,,0.027212909078492064,0.003086371237509211,,metis
com-Amazon,lspar,0.5,0.54177,2,306,0,0.0,,,,,0.027106052170080094,0.0030774551918811813,,metis
com-Amazon,lspar,0.5,0.54177,3,306,0,0.0,,,,,0.0273176281990695,0.0030593784359409185,,metis
com-Amazon,lspar,0.5,0.54177,4,306,0,0.0,,,,,0.026820011466913492,0.003115385259172691,,metis
com-Amazon,lspar,0.5,0.54177,5,306,0,0.0,,,,,0.027074161745020003,0.00308439165564178,,metis
com-Amazon,lspar,0.5,0.54177,6,306,0,0.0,,,,,0.02669607274637409,0.003089348937388674,,metis
com-Amazon,lspar,0.5,0.54177,7,306,0,0.0,,,,,0.027557260446740315,0.003081511704977354,,metis
com-Amazon,lspar,0.5,0.54177,8,306,0,0.0,,,,,0.027255938415333334,0.003081102424740443,,metis
com-Amazon,lspar,0.5,0.54177,9,306,0,0.0,,,,,0.027406131390089416,0.0030446019450782232,,metis
com-Amazon,dspar,0.5,0.49995,0,306,0,0.0,,,,,0.02974794174945967,0.0030618639713799476,,metis
com-Amazon,dspar,0.5,0.50075,1,306,0,0.0,,,,,0.02980779654178153,0.0030760807438793463,,metis
com-Amazon,dspar,0.5,0.4999,2,306,0,0.0,,,,,0.030081751642036993,0.0031119004945269675,,metis
com-Amazon,dspar,0.5,0.49995,3,306,0,0.0,,,,,0.0297901911378228,0.0030766011302784824,,metis
com-Amazon,dspar,0.5,0.50075,4,306,0,0.0,,,,,0.029571778348247243,0.0031300638636207402,,metis
com-Amazon,dspar,0.5,0.4999,5,306,0,0.0,,,,,0.029489257491358306,0.0031044033350004123,,metis
com-Amazon,dspar,0.5,0.49995,6,306,0,0.0,,,,,0.029681049226311228,0.0031331651036940354,,metis
com-Amazon,dspar,0.5,0.50075,7,306,0,0.0,,,,,0.02919576128511621,0.0030792653043573972,,metis
com-Amazon,dspar,0.5,0.4999,8,306,0,0.0,,,,,0.029764343219245773,0.003100966092698423,,metis
com-Amazon,dspar,0.5,0.49995,9,306,0,0.0,,,,,0.029926624396391717,0.003054744751942483,,metis
com-Amazon,kn,0.3618,0.36439,0,306,0,0.0,,,,,0.025442274793088988,0.003153987208880554,,metis
com-Amazon,kn,0.3618,0.36443,1,306,0,0.0,,,,,0.026280476752672897,0.003108981178122778,,metis
com-Amazon,kn,0.3618,0.36435,2,306,0,0.0,,,,,0.02581586281279806,0.0030770501158557018,,metis
com-Amazon,kn,0.3618,0.36439,3,306,0,0.0,,,,,0.0259767810208594,0.003067640367027103,,metis
com-Amazon,kn,0.3618,0.36443,4,306,0,0.0,,,,,0.025969857054198138,0.003063628537072414,,metis
com-Amazon,kn,0.3618,0.36435,5,306,0,0.0,,,,,0.02531154378183437,0.003083153258673016,,metis
com-Amazon,kn,0.3618,0.36439,6,306,0,0.0,,,,,0.025898762902800333,0.0030764892825188477,,metis
com-Amazon,kn,0.3618,0.36443,7,306,0,0.0,,,,,0.026029263653410566,0.003078340054489636,,metis
com-Amazon,kn,0.3618,0.36435,8,306,0,0.0,,,,,0.025455590479341997,0.003073750832938197,,metis
com-Amazon,kn,0.3618,0.36439,9,306,0,0.0,,,,,0.025829959197006033,0.0030656987455560235,,metis
com-Amazon,ld,0.3618,0.36105,0,306,0,0.0,,,,,0.03123684319680265,0.0031231437566565604,,metis
com-Amazon,ld,0.3618,0.36105,1,306,0,0.0,,,,,0.03123684319680265,0.003162036951877092,,metis
com-Amazon,ld,0.3618,0.36105,2,306,0,0.0,,,,,0.03130561710631605,0.003123525872957814,,metis
com-Amazon,ld,0.3618,0.36105,3,306,0,0.0,,,,,0.031074851729949206,0.0031297772537016793,,metis
com-Amazon,ld,0.3618,0.36105,4,306,0,0.0,,,,,0.031630335276596644,0.003047219736944339,,metis
com-Amazon,ld,0.3618,0.36105,5,306,0,0.0,,,,,0.03145229918720578,0.003164201516299243,,metis
com-Amazon,ld,0.3618,0.36105,6,306,0,0.0,,,,,0.03150456484569543,0.003043676315277666,,metis
com-Amazon,ld,0.3618,0.36105,7,306,0,0.0,,,,,0.0306936662079509,0.003100196875412276,,metis
com-Amazon,ld,0.3618,0.36105,8,306,0,0.0,,,,,0.03132247876597291,0.003135931752683014,,metis
com-Amazon,ld,0.3618,0.36105,9,306,0,0.0,,,,,0.031214465465076967,0.00306574792522036,,metis
com-Amazon,lsim,0.3618,0.35866,0,306,0,0.0,,,,,0.024387471872182678,0.0031037012395426188,,metis
com-Amazon,lsim,0.3618,0.35866,1,306,0,0.0,,,,,0.024387471872182678,0.0030928527645223106,,metis
com-Amazon,lsim,0.3618,0.35866,2,306,0,0.0,,,,,0.02476584161389987,0.0030817175630441203,,metis
com-Amazon,lsim,0.3618,0.35866,3,306,0,0.0,,,,,0.02468839847929584,0.0031312274746608066,,metis
com-Amazon,lsim,0.3618,0.35866,4,306,0,0.0,,,,,0.024524398675174704,0.0030569824038514165,,metis
com-Amazon,lsim,0.3618,0.35866,5,306,0,0.0,,,,,0.024529166043863633,0.0030756371531892057,,metis
com-Amazon,lsim,0.3618,0.35866,6,306,0,0.0,,,,,0.024703216078021728,0.003126639634120419,,metis
com-Amazon,lsim,0.3618,0.35866,7,306,0,0.0,,,,,0.024378049284267175,0.003097388329904963,,metis
com-Amazon,lsim,0.3618,0.35866,8,306,0,0.0,,,,,0.024691899948766784,0.0030874009699187075,,metis
com-Amazon,lsim,0.3618,0.35866,9,306,0,0.0,,,,,0.024662535659444627,0.0030389275516330147,,metis
com-Amazon,mst_jaccard,0.3618,0.3618,0,306,0,0.0,,,,,0.03526105429195281,0.003103655651836546,,metis
com-Amazon,mst_jaccard,0.3618,0.3618,1,306,0,0.0,,,,,0.03526105429195281,0.0031107122290465463,,metis
com-Amazon,mst_jaccard,0.3618,0.3618,2,306,0,0.0,,,,,0.03540698256289495,0.0031125774419370348,,metis
com-Amazon,mst_jaccard,0.3618,0.3618,3,306,0,0.0,,,,,0.03539953802238087,0.003090580764332435,,metis
com-Amazon,mst_jaccard,0.3618,0.3618,4,306,0,0.0,,,,,0.03593196295259686,0.003150394340836646,,metis
com-Amazon,mst_jaccard,0.3618,0.3618,5,306,0,0.0,,,,,0.03569438423434679,0.0030822123582206536,,metis
com-Amazon,mst_jaccard,0.3618,0.3618,6,306,0,0.0,,,,,0.03502471498925126,0.0030771199913922727,,metis
com-Amazon,mst_jaccard,0.3618,0.3618,7,306,0,0.0,,,,,0.035097921645918656,0.003111940993057901,,metis
com-Amazon,mst_jaccard,0.3618,0.3618,8,306,0,0.0,,,,,0.03511191816610512,0.0031004955418207185,,metis
com-Amazon,mst_jaccard,0.3618,0.3618,9,306,0,0.0,,,,,0.03547315096474398,0.003072411026980317,,metis
com-Amazon,mst_random,0.3618,0.3618,0,306,0,0.0,,,,,0.03530893348260132,0.0031680778792813357,,metis
com-Amazon,mst_random,0.3618,0.3618,1,306,0,0.0,,,,,0.03513810007523259,0.0031538297927367885,,metis
com-Amazon,mst_random,0.3618,0.3618,2,306,0,0.0,,,,,0.03542044701303615,0.003141580380334676,,metis
com-Amazon,mst_random,0.3618,0.3618,3,306,0,0.0,,,,,0.03554362140364989,0.003162572912130248,,metis
com-Amazon,mst_random,0.3618,0.3618,4,306,0,0.0,,,,,0.03551950848012647,0.0030532552084724636,,metis
com-Amazon,mst_random,0.3618,0.3618,5,306,0,0.0,,,,,0.035502920157453516,0.0030744010789475174,,metis
com-Amazon,mst_random,0.3618,0.3618,6,306,0,0.0,,,,,0.034945174779160586,0.003092421193122602,,metis
com-Amazon,mst_random,0.3618,0.3618,7,306,0,0.0,,,,,0.03517662431737527,0.0031571573215375746,,metis
com-Amazon,mst_random,0.3618,0.3618,8,306,0,0.0,,,,,0.03606912177220439,0.003097167116395636,,metis
com-Amazon,mst_random,0.3618,0.3618,9,306,0,0.0,,,,,0.0353353506544,0.003073950627959097,,metis
com-Amazon,lspar,0.3618,0.30057,0,306,0,0.0,,,,,0.017492842482232387,0.003098704326174629,,metis
com-Amazon,lspar,0.3618,0.30057,1,306,0,0.0,,,,,0.017492842482232387,0.0031149415815496812,,metis
com-Amazon,lspar,0.3618,0.30057,2,306,0,0.0,,,,,0.017407168168771785,0.0030913741375725398,,metis
com-Amazon,lspar,0.3618,0.30057,3,306,0,0.0,,,,,0.017455500841974284,0.0030571365267366406,,metis
com-Amazon,lspar,0.3618,0.30057,4,306,0,0.0,,,,,0.017447973700159852,0.003099290520714194,,metis
com-Amazon,lspar,0.3618,0.30057,5,306,0,0.0,,,,,0.01759187224037616,0.00310216596024368,,metis
com-Amazon,lspar,0.3618,0.30057,6,306,0,0.0,,,,,0.017447036917980354,0.003112576975570281,,metis
com-Amazon,lspar,0.3618,0.30057,7,306,0,0.0,,,,,0.017508931974286587,0.003073665530087579,,metis
com-Amazon,lspar,0.3618,0.30057,8,306,0,0.0,,,,,0.01736110729211414,0.003144632062196167,,metis
com-Amazon,lspar,0.3618,0.30057,9,306,0,0.0,,,,,0.017250717452346923,0.0030734648244152485,,metis
com-Amazon,dspar,0.3618,0.36194,0,306,0,0.0,,,,,0.023595126042516477,0.0030739596873053552,,metis
com-Amazon,dspar,0.3618,0.36221,1,306,0,0.0,,,,,0.023490983706438692,0.0030826707170704126,,metis
com-Amazon,dspar,0.3618,0.36139,2,306,0,0.0,,,,,0.024832446318138593,0.003028695689979749,,metis
com-Amazon,dspar,0.3618,0.36194,3,306,0,0.0,,,,,0.023715877446979332,0.0031103119389982586,,metis
com-Amazon,dspar,0.3618,0.36221,4,306,0,0.0,,,,,0.02356969467805533,0.0030896255934281932,,metis
com-Amazon,dspar,0.3618,0.36139,5,306,0,0.0,,,,,0.024767495973633924,0.003102650967763198,,metis
com-Amazon,dspar,0.3618,0.36194,6,306,0,0.0,,,,,0.023923364808862552,0.0031407265426709775,,metis
com-Amazon,dspar,0.3618,0.36221,7,306,0,0.0,,,,,0.02359540309585914,0.0031241353812108525,,metis
com-Amazon,dspar,0.3618,0.36139,8,306,0,0.0,,,,,0.02481569439611011,0.0031033469535459947,,metis
com-Amazon,dspar,0.3618,0.36194,9,306,0,0.0,,,,,0.02370271374422733,0.0031192120798249033,,metis
com-Amazon,kn,0.2,0.20368,0,306,0,0.0,,,,,0.011305207730050965,0.0031420940566875854,,metis
com-Amazon,kn,0.2,0.20362,1,306,0,0.0,,,,,0.011301273762637959,0.0030974055573101417,,metis
com-Amazon,kn,0.2,0.204,2,306,0,0.0,,,,,0.011323356082959202,0.0031092790898356298,,metis
com-Amazon,kn,0.2,0.20368,3,306,0,0.0,,,,,0.011291981604998452,0.003083579704817138,,metis
com-Amazon,kn,0.2,0.20362,4,306,0,0.0,,,,,0.011378619805737653,0.003082470955722301,,metis
com-Amazon,kn,0.2,0.204,5,306,0,0.0,,,,,0.011264310344550697,0.00311219413597023,,metis
com-Amazon,kn,0.2,0.20368,6,306,0,0.0,,,,,0.011302253905120149,0.0031072910178141233,,metis
com-Amazon,kn,0.2,0.20362,7,306,0,0.0,,,,,0.011337667813029481,0.003074718668943237,,metis
com-Amazon,kn,0.2,0.204,8,306,0,0.0,,,,,0.011303795987372705,0.0031274719937851364,,metis
com-Amazon,kn,0.2,0.20368,9,306,0,0.0,,,,,0.011223867556929397,0.0030738739485608145,,metis
com-Amazon,ld,0.2,0.35213,0,306,0,0.0,,,,,0.03183518754661458,0.0030492033096771467,,metis
com-Amazon,ld,0.2,0.35213,1,306,0,0.0,,,,,0.03183518754661458,0.0030962867891608735,,metis
com-Amazon,ld,0.2,0.35213,2,306,0,0.0,,,,,0.03127040752173747,0.0031076652620711702,,metis
com-Amazon,ld,0.2,0.35213,3,306,0,0.0,,,,,0.031522618130216784,0.003074904488113482,,metis
com-Amazon,ld,0.2,0.35213,4,306,0,0.0,,,,,0.031582685496444766,0.0030434488699899367,,metis
com-Amazon,ld,0.2,0.35213,5,306,0,0.0,,,,,0.031150861060484716,0.003103609418239693,,metis
com-Amazon,ld,0.2,0.35213,6,306,0,0.0,,,,,0.03086369787485218,0.0030904386305807387,,metis
com-Amazon,ld,0.2,0.35213,7,306,0,0.0,,,,,0.03193078119133454,0.0030878946118709574,,metis
com-Amazon,ld,0.2,0.35213,8,306,0,0.0,,,,,0.03185658229397067,0.003062914493284069,,metis
com-Amazon,ld,0.2,0.35213,9,306,0,0.0,,,,,0.03177972618505983,0.003050405832912719,,metis
com-Amazon,lsim,0.2,0.29807,0,306,0,0.0,,,,,0.01741012408039472,0.0030908174328729858,,metis
com-Amazon,lsim,0.2,0.29807,1,306,0,0.0,,,,,0.01741012408039472,0.003076186254900484,,metis
com-Amazon,lsim,0.2,0.29807,2,306,0,0.0,,,,,0.017527729166977302,0.00310343370987617,,metis
com-Amazon,lsim,0.2,0.29807,3,306,0,0.0,,,,,0.017451291365695617,0.0031081456289227772,,metis
com-Amazon,lsim,0.2,0.29807,4,306,0,0.0,,,,,0.017397618762620495,0.003067946608614372,,metis
com-Amazon,lsim,0.2,0.29807,5,306,0,0.0,,,,,0.01744012743866335,0.0031072639872589893,,metis
com-Amazon,lsim,0.2,0.29807,6,306,0,0.0,,,,,0.017205036253443898,0.003062556049071418,,metis
com-Amazon,lsim,0.2,0.29807,7,306,0,0.0,,,,,0.017236863604157833,0.003105448163894631,,metis
com-Amazon,lsim,0.2,0.29807,8,306,0,0.0,,,,,0.017392467162995605,0.003048366955874726,,metis
com-Amazon,lsim,0.2,0.29807,9,306,0,0.0,,,,,0.017280437236169864,0.0031118994198869685,,metis
com-Amazon,lspar,0.2,0.30057,0,306,0,0.0,,,,,0.017492842482232387,0.0031081740437751046,,metis
com-Amazon,lspar,0.2,0.30057,1,306,0,0.0,,,,,0.017492842482232387,0.003105680464366014,,metis
com-Amazon,lspar,0.2,0.30057,2,306,0,0.0,,,,,0.017407168168771785,0.0030792047093807506,,metis
com-Amazon,lspar,0.2,0.30057,3,306,0,0.0,,,,,0.017455500841974284,0.003085200350919428,,metis
com-Amazon,lspar,0.2,0.30057,4,306,0,0.0,,,,,0.017447973700159852,0.0030473670637795524,,metis
com-Amazon,lspar,0.2,0.30057,5,306,0,0.0,,,,,0.01759187224037616,0.00306599613606611,,metis
com-Amazon,lspar,0.2,0.30057,6,306,0,0.0,,,,,0.017447036917980354,0.0031075289572496017,,metis
com-Amazon,lspar,0.2,0.30057,7,306,0,0.0,,,,,0.017508931974286587,0.0030484005583528845,,metis
com-Amazon,lspar,0.2,0.30057,8,306,0,0.0,,,,,0.01736110729211414,0.003095125926106333,,metis
com-Amazon,lspar,0.2,0.30057,9,306,0,0.0,,,,,0.017250717452346923,0.003126773351345407,,metis
com-Amazon,dspar,0.2,0.20023,0,306,0,0.0,,,,,0.01379333908388053,0.0031187698168958036,,metis
com-Amazon,dspar,0.2,0.20028,1,306,0,0.0,,,,,0.013116139045854677,0.0030878706043007556,,metis
com-Amazon,dspar,0.2,0.19977,2,306,0,0.0,,,,,0.013703335977853287,0.0031046942652273035,,metis
com-Amazon,dspar,0.2,0.20023,3,306,0,0.0,,,,,0.013591997245351112,0.0030704234449898137,,metis
com-Amazon,dspar,0.2,0.20028,4,306,0,0.0,,,,,0.012985175712466194,0.0030788691947000527,,metis
com-Amazon,dspar,0.2,0.19977,5,306,0,0.0,,,,,0.013756929850471247,0.003102379883517572,,metis
com-Amazon,dspar,0.2,0.20023,6,306,0,0.0,,,,,0.013799729417773583,0.0031336465468048405,,metis
com-Amazon,dspar,0.2,0.20028,7,306,0,0.0,,,,,0.01311012160385117,0.0031235060867047673,,metis
com-Amazon,dspar,0.2,0.19977,8,306,0,0.0,,,,,0.013704674659958772,0.0031018094181904854,,metis
com-Amazon,dspar,0.2,0.20023,9,306,0,0.0,,,,,0.013629460748955071,0.00306963159245787,,metis
com-Amazon,baseline,1.0,1.0,100,300,105,0.0003135610682577651,,,,,0.17651776343433934,0.01237161096544132,1.0,leiden
com-Amazon,baseline,1.0,1.0,101,311,123,0.00036731439424481056,,,,,0.19542425031602345,0.012893245672791157,1.0,leiden
com-Amazon,baseline,1.0,1.0,102,308,91,0.00027175292582339646,,,,,0.1762868016228491,0.013686677877965136,1.0,leiden
com-Amazon,baseline,1.0,1.0,103,307,128,0.0003822458736856565,,,,,0.18008732980185121,0.012625708262850666,1.0,leiden
com-Amazon,baseline,1.0,1.0,104,304,110,0.00032849254769861107,,,,,0.205455664441212,0.012974256550287352,1.0,leiden
com-Amazon,baseline,1.0,1.0,0,5000,0,0.0,,,,,0.1708331572917588,0.025669851323716672,,metis
com-Amazon,baseline,1.0,1.0,1,5000,0,0.0,,,,,0.1708331572917588,0.02569357426469346,,metis
com-Amazon,baseline,1.0,1.0,2,5000,0,0.0,,,,,0.17064432611163308,0.025650016887971132,,metis
com-Amazon,baseline,1.0,1.0,3,5000,0,0.0,,,,,0.17069027894889227,0.025565544496660406,,metis
com-Amazon,baseline,1.0,1.0,4,5000,0,0.0,,,,,0.1706179316150259,0.025715799411249893,,metis
com-Amazon,baseline,1.0,1.0,5,5000,0,0.0,,,,,0.170462039303443,0.025573975125689,,metis
com-Amazon,baseline,1.0,1.0,6,5000,0,0.0,,,,,0.1711193911774056,0.025664838191051906,,metis
com-Amazon,baseline,1.0,1.0,7,5000,0,0.0,,,,,0.16972852987049586,0.025542174008223402,,metis
com-Amazon,baseline,1.0,1.0,8,5000,0,0.0,,,,,0.17076374485723306,0.025574716858066664,,metis
com-Amazon,baseline,1.0,1.0,9,5000,0,0.0,,,,,0.17049697318440712,0.025715751162835872,,metis
com-Amazon,kn,0.5,0.50038,0,5000,0,0.0,,,,,0.16492963889342674,0.025569466674730663,,metis
com-Amazon,kn,0.5,0.5001,1,5000,0,0.0,,,,,0.1666080512732264,0.02562594533892503,,metis
com-Amazon,kn,0.5,0.50028,2,5000,0,0.0,,,,,0.16571401626349916,0.02563199740079903,,metis
com-Amazon,kn,0.5,0.50038,3,5000,0,0.0,,,,,0.1640721432869516,0.0257053486398051,,metis
com-Amazon,kn,0.5,0.5001,4,5000,0,0.0,,,,,0.1657731823516267,0.025565780785701535,,metis
com-Amazon,kn,0.5,0.50028,5,5000,0,0.0,,,,,0.16541863687568603,0.025535413854073888,,metis
com-Amazon,kn,0.5,0.50038,6,5000,0,0.0,,,,,0.16646251831359132,0.025715691110326778,,metis
com-Amazon,kn,0.5,0.5001,7,5000,0,0.0,,,,,0.1654714049277507,0.025651277930062995,,metis
com-Amazon,kn,0.5,0.50028,8,5000,0,0.0,,,,,0.1646145929443743,0.025625934175803514,,metis
com-Amazon,kn,0.5,0.50038,9,5000,0,0.0,,,,,0.16421346355339114,0.025684386676199218,,metis
com-Amazon,ld,0.5,0.50385,0,5000,0,0.0,,,,,0.1651220872486513,0.025795572137333425,,metis
com-Amazon,ld,0.5,0.50385,1,5000,0,0.0,,,,,0.1651220872486513,0.026074917367968305,,metis
com-Amazon,ld,0.5,0.50385,2,5000,0,0.0,,,,,0.16517622314922195,0.02577411690579412,,metis
com-Amazon,ld,0.5,0.50385,3,5000,0,0.0,,,,,0.1654858507464245,0.0259648191765151,,metis
com-Amazon,ld,0.5,0.50385,4,5000,0,0.0,,,,,0.16539984652005887,0.025943209398015313,,metis
com-Amazon,ld,0.5,0.50385,5,5000,0,0.0,,,,,0.1661222004604013,0.025890191932299036,,metis
com-Amazon,ld,0.5,0.50385,6,5000,0,0.0,,,,,0.16596872706111498,0.025914915001860904,,metis
com-Amazon,ld,0.5,0.50385,7,5000,0,0.0,,,,,0.16562201311932034,0.025823578067816162,,metis
com-Amazon,ld,0.5,0.50385,8,5000,0,0.0,,,,,0.16580405635053852,0.026106923734337855,,metis
com-Amazon,ld,0.5,0.50385,9,5000,0,0.0,,,,,0.16595225782244497,0.02594827818136186,,metis
com-Amazon,lsim,0.5,0.50917,0,5000,0,0.0,,,,,0.1626840288413039,0.0262451186013902,,metis
com-Amazon,lsim,0.5,0.50917,1,5000,0,0.0,,,,,0.1626840288413039,0.026313299164805362,,metis
com-Amazon,lsim,0.5,0.50917,2,5000,0,0.0,,,,,0.15559284461321893,0.02568623816479971,,metis
com-Amazon,lsim,0.5,0.50917,3,5000,0,0.0,,,,,0.15562520840504715,0.025729466139598686,,metis
com-Amazon,lsim,0.5,0.50917,4,5000,0,0.0,,,,,0.15573141527651124,0.02580605063963009,,metis
com-Amazon,lsim,0.5,0.50917,5,5000,0,0.0,,,,,0.15539035473666463,0.025624067020808397,,metis
com-Amazon,lsim,0.5,0.50917,6,5000,0,0.0,,,,,0.15562847243503727,0.025628599443752457,,metis
com-Amazon,lsim,0.5,0.50917,7,5000,0,0.0,,,,,0.1556258043230141,0.025736532638412617,,metis
com-Amazon,lsim,0.5,0.50917,8,5000,0,0.0,,,,,0.1633753121120361,0.026397470769928363,,metis
com-Amazon,lsim,0.5,0.50917,9,5000,0,0.0,,,,,0.15585799234193445,0.025720938280855955,,metis
com-Amazon,mst_jaccard,0.5,0.5,0,5000,0,0.0,,,,,0.16819184215494515,0.025671132626509278,,metis
com-Amazon,mst_jaccard,0.5,0.5,1,5000,0,0.0,,,,,0.16819184215494515,0.025794653226438,,metis
com-Amazon,mst_jaccard,0.5,0.5,2,5000,0,0.0,,,,,0.16910897015883178,0.025635571610022466,,metis
com-Amazon,mst_jaccard,0.5,0.5,3,5000,0,0.0,,,,,0.16874110778367857,0.02572288593956635,,metis
com-Amazon,mst_jaccard,0.5,0.5,4,5000,0,0.0,,,,,0.16898677524607944,0.025821134672211688,,metis
com-Amazon,mst_jaccard,0.5,0.5,5,5000,0,0.0,,,,,0.16813071909087468,0.025578674052370715,,metis
com-Amazon,mst_jaccard,0.5,0.5,6,5000,0,0.0,,,,,0.16869741155648094,0.025891440901654253,,metis
com-Amazon,mst_jaccard,0.5,0.5,7,5000,0,0.0,,,,,0.16809611572068425,0.02556644307889815,,metis
com-Amazon,mst_jaccard,0.5,0.5,8,5000,0,0.0,,,,,0.16777753339423848,0.02566258707574051,,metis
com-Amazon,mst_jaccard,0.5,0.5,9,5000,0,0.0,,,,,0.16910102806207689,0.025705380635805953,,metis
com-Amazon,mst_random,0.5,0.5,0,5000,0,0.0,,,,,0.16959883861825387,0.025695986055752913,,metis
com-Amazon,mst_random,0.5,0.5,1,5000,0,0.0,,,,,0.16867567107253834,0.025805797562357173,,metis
com-Amazon,mst_random,0.5,0.5,2,5000,0,0.0,,,,,0.17040925659472614,0.025674275533426452,,metis
com-Amazon,mst_random,0.5,0.5,3,5000,0,0.0,,,,,0.1691429678728415,0.02566857290094404,,metis
com-Amazon,mst_random,0.5,0.5,4,5000,0,0.0,,,,,0.1689425390223702,0.0256219729663208,,metis
com-Amazon,mst_random,0.5,0.5,5,5000,0,0.0,,,,,0.1688045038305478,0.025494226512009062,,metis
com-Amazon,mst_random,0.5,0.5,6,5000,0,0.0,,,,,0.1688052389645936,0.025635693420521938,,metis
com-Amazon,mst_random,0.5,0.5,7,5000,0,0.0,,,,,0.1692940859388239,0.02563553496752055,,metis
com-Amazon,mst_random,0.5,0.5,8,5000,0,0.0,,,,,0.16918763219634464,0.0256684136506178,,metis
com-Amazon,mst_random,0.5,0.5,9,5000,0,0.0,,,,,0.16935375267513555,0.025659474292491814,,metis
com-Amazon,lspar,0.5,0.54177,0,5000,0,0.0,,,,,0.1560276938603134,0.0257921731294895,,metis
com-Amazon,lspar,0.5,0.54177,1,5000,0,0.0,,,,,0.1560276938603134,0.02577234255302789,,metis
com-Amazon,lspar,0.5,0.54177,2,5000,0,0.0,,,,,0.1555787364282591,0.025538480640314883,,metis
com-Amazon,lspar,0.5,0.54177,3,5000,0,0.0,,,,,0.1550057215377288,0.02562708301806732,,metis
com-Amazon,lspar,0.5,0.54177,4,5000,0,0.0,,,,,0.1554588935134941,0.02566250267339687,,metis
com-Amazon,lspar,0.5,0.54177,5,5000,0,0.0,,,,,0.15528383834098086,0.025643818408047993,,metis
com-Amazon,lspar,0.5,0.54177,6,5000,0,0.0,,,,,0.15527674867327987,0.025611575757450995,,metis
com-Amazon,lspar,0.5,0.54177,7,5000,0,0.0,,,,,0.15513058970308563,0.025679410854046056,,metis
com-Amazon,lspar,0.5,0.54177,8,5000,0,0.0,,,,,0.1551378521602641,0.02569543911866473,,metis
com-Amazon,lspar,0.5,0.54177,9,5000,0,0.0,,,,,0.15533220359815356,0.025843719676610144,,metis
com-Amazon,dspar,0.5,0.49995,0,5000,0,0.0,,,,,0.1618985698405072,0.025769304614703607,,metis
com-Amazon,dspar,0.5,0.50075,1,5000,0,0.0,,,,,0.16128951807976605,0.02586470776590661,,metis
com-Amazon,dspar,0.5,0.4999,2,5000,0,0.0,,,,,0.16267491987645616,0.025647352397240555,,metis
com-Amazon,dspar,0.5,0.49995,3,5000,0,0.0,,,,,0.1626765101747501,0.02553150717204805,,metis
com-Amazon,dspar,0.5,0.50075,4,5000,0,0.0,,,,,0.15974423411730862,0.025643695731963366,,metis
com-Amazon,dspar,0.5,0.4999,5,5000,0,0.0,,,,,0.16226865200590648,0.025670281437101795,,metis
com-Amazon,dspar,0.5,0.49995,6,5000,0,0.0,,,,,0.1627110980610258,0.02554143890276217,,metis
com-Amazon,dspar,0.5,0.50075,7,5000,0,0.0,,,,,0.15994838366870734,0.025618538205673946,,metis
com-Amazon,dspar,0.5,0.4999,8,5000,0,0.0,,,,,0.16241373380936114,0.025672165871768696,,metis
com-Amazon,dspar,0.5,0.49995,9,5000,0,0.0,,,,,0.16293420923408902,0.02568077418128821,,metis
com-Amazon,kn,0.3618,0.36439,0,5000,0,0.0,,,,,0.14684145445764263,0.025662516797134084,,metis
com-Amazon,kn,0.3618,0.36443,1,5000,0,0.0,,,,,0.14853286609785532,0.025666213100793138,,metis
com-Amazon,kn,0.3618,0.36435,2,5000,0,0.0,,,,,0.14850722699575689,0.025680127976015148,,metis
com-Amazon,kn,0.3618,0.36439,3,5000,0,0.0,,,,,0.14689947996791633,0.025869624713989188,,metis
com-Amazon,kn,0.3618,0.36443,4,5000,0,0.0,,,,,0.14819262854484616,0.025643852192066635,,metis
com-Amazon,kn,0.3618,0.36435,5,5000,0,0.0,,,,,0.14879491270519632,0.02573959341049799,,metis
com-Amazon,kn,0.3618,0.36439,6,5000,0,0.0,,,,,0.14687580494234215,0.02568344250298442,,metis
com-Amazon,kn,0.3618,0.36443,7,5000,0,0.0,,,,,0.14801486803091116,0.025639159337025423,,metis
com-Amazon,kn,0.3618,0.36435,8,5000,0,0.0,,,,,0.14876109402046814,0.025716182039939427,,metis
com-Amazon,kn,0.3618,0.36439,9,5000,0,0.0,,,,,0.14683036543389785,0.025846103545769196,,metis
com-Amazon,ld,0.3618,0.36105,0,5000,0,0.0,,,,,0.16239423873526226,0.025909507732168897,,metis
com-Amazon,ld,0.3618,0.36105,1,5000,0,0.0,,,,,0.16239423873526226,0.025880236176364896,,metis
com-Amazon,ld,0.3618,0.36105,2,5000,0,0.0,,,,,0.16164653616613517,0.025926838270944764,,metis
com-Amazon,ld,0.3618,0.36105,3,5000,0,0.0,,,,,0.1610906165045729,0.026009478895929056,,metis
com-Amazon,ld,0.3618,0.36105,4,5000,0,0.0,,,,,0.16219070204540517,0.02591363908313235,,metis
com-Amazon,ld,0.3618,0.36105,5,5000,0,0.0,,,,,0.16166392756924525,0.025799693126002568,,metis
com-Amazon,ld,0.3618,0.36105,6,5000,0,0.0,,,,,0.16155279131442712,0.025772889267184497,,metis
com-Amazon,ld,0.3618,0.36105,7,5000,0,0.0,,,,,0.16072513561726304,0.025898421051142817,,metis
com-Amazon,ld,0.3618,0.36105,8,5000,0,0.0,,,,,0.1625758902452225,0.02595973483703304,,metis
com-Amazon,ld,0.3618,0.36105,9,5000,0,0.0,,,,,0.16129259852999442,0.025835310725627985,,metis
com-Amazon,lsim,0.3618,0.35866,0,5000,0,0.0,,,,,0.13847808801561887,0.025649358280937194,,metis
com-Amazon,lsim,0.3618,0.35866,1,5000,0,0.0,,,,,0.13847808801561887,0.02567569878291833,,metis
com-Amazon,lsim,0.3618,0.35866,2,5000,0,0.0,,,,,0.13849219611222596,0.025525796498259676,,metis
com-Amazon,lsim,0.3618,0.35866,3,5000,0,0.0,,,,,0.1381105900735822,0.025723134125805326,,metis
com-Amazon,lsim,0.3618,0.35866,4,5000,0,0.0,,,,,0.1381231599798484,0.025704143890865755,,metis
com-Amazon,lsim,0.3618,0.35866,5,5000,0,0.0,,,,,0.13820714776864643,0.025633748457272558,,metis
com-Amazon,lsim,0.3618,0.35866,6,5000,0,0.0,,,,,0.13815739318849077,0.025510528190414536,,metis
com-Amazon,lsim,0.3618,0.35866,7,5000,0,0.0,,,,,0.13886711139093624,0.025588901954016578,,metis
com-Amazon,lsim,0.3618,0.35866,8,5000,0,0.0,,,,,0.1386340567111217,0.02575258039383932,,metis
com-Amazon,lsim,0.3618,0.35866,9,5000,0,0.0,,,,,0.13833052339065535,0.025576931944264393,,metis
com-Amazon,mst_jaccard,0.3618,0.3618,0,5000,0,0.0,,,,,0.166175713718966,0.025800248617385647,,metis
com-Amazon,mst_jaccard,0.3618,0.3618,1,5000,0,0.0,,,,,0.166175713718966,0.02579475480582781,,metis
com-Amazon,mst_jaccard,0.3618,0.3618,2,5000,0,0.0,,,,,0.16569992028935326,0.02572067771973822,,metis
com-Amazon,mst_jaccard,0.3618,0.3618,3,5000,0,0.0,,,,,0.16528917611080057,0.025793422498745635,,metis
com-Amazon,mst_jaccard,0.3618,0.3618,4,5000,0,0.0,,,,,0.1664561387464636,0.02564796934305636,,metis
com-Amazon,mst_jaccard,0.3618,0.3618,5,5000,0,0.0,,,,,0.16593245564935752,0.02569704305957926,,metis
com-Amazon,mst_jaccard,0.3618,0.3618,6,5000,0,0.0,,,,,0.16699151300322757,0.025547469767027695,,metis
com-Amazon,mst_jaccard,0.3618,0.3618,7,5000,0,0.0,,,,,0.16644460268422037,0.02567916280644839,,metis
com-Amazon,mst_jaccard,0.3618,0.3618,8,5000,0,0.0,,,,,0.167375090955795,0.02575272823911122,,metis
com-Amazon,mst_jaccard,0.3618,0.3618,9,5000,0,0.0,,,,,0.16510127148355722,0.02567559603053335,,metis
com-Amazon,mst_random,0.3618,0.3618,0,5000,0,0.0,,,,,0.16616222639073966,0.025590168559944712,,metis
com-Amazon,mst_random,0.3618,0.3618,1,5000,0,0.0,,,,,0.16605822456684116,0.02554919546604905,,metis
com-Amazon,mst_random,0.3618,0.3618,2,5000,0,0.0,,,,,0.16631393959751845,0.025888668514436428,,metis
com-Amazon,mst_random,0.3618,0.3618,3,5000,0,0.0,,,,,0.1655496472689469,0.025754310457768107,,metis
com-Amazon,mst_random,0.3618,0.3618,4,5000,0,0.0,,,,,0.16609408078062268,0.0255975798344929,,metis
com-Amazon,mst_random,0.3618,0.3618,5,5000,0,0.0,,,,,0.16636732850962305,0.025571020842308848,,metis
com-Amazon,mst_random,0.3618,0.3618,6,5000,0,0.0,,,,,0.16732397424995496,0.02558827051951585,,metis
com-Amazon,mst_random,0.3618,0.3618,7,5000,0,0.0,,,,,0.16642050957974108,0.025885655490223855,,metis
com-Amazon,mst_random,0.3618,0.3618,8,5000,0,0.0,,,,,0.1660673557711755,0.025754406908654666,,metis
com-Amazon,mst_random,0.3618,0.3618,9,5000,0,0.0,,,,,0.1655892368584315,0.025683055435046863,,metis
com-Amazon,lspar,0.3618,0.30057,0,5000,0,0.0,,,,,0.11293752208623101,0.025481870577320737,,metis
com-Amazon,lspar,0.3618,0.30057,1,5000,0,0.0,,,,,0.11293752208623101,0.025559799404955844,,metis
com-Amazon,lspar,0.3618,0.30057,2,5000,0,0.0,,,,,0.11326784070468081,0.025600620875458772,,metis
com-Amazon,lspar,0.3618,0.30057,3,5000,0,0.0,,,,,0.1133529993582581,0.0256313104586958,,metis
com-Amazon,lspar,0.3618,0.30057,4,5000,0,0.0,,,,,0.11335266845106734,0.02565758447216144,,metis
com-Amazon,lspar,0.3618,0.30057,5,5000,0,0.0,,,,,0.1130184274236237,0.025482791333466325,,metis
com-Amazon,lspar,0.3618,0.30057,6,5000,0,0.0,,,,,0.11310897472160643,0.02547261318179841,,metis
com-Amazon,lspar,0.3618,0.30057,7,5000,0,0.0,,,,,0.11304687329514253,0.025537388746934828,,metis
com-Amazon,lspar,0.3618,0.30057,8,5000,0,0.0,,,,,0.11321505806632239,0.025519448424014636,,metis
com-Amazon,lspar,0.3618,0.30057,9,5000,0,0.0,,,,,0.113020530719515,0.025541458787883962,,metis
com-Amazon,dspar,0.3618,0.36194,0,5000,0,0.0,,,,,0.13799353700748895,0.025657830731452107,,metis
com-Amazon,dspar,0.3618,0.36221,1,5000,0,0.0,,,,,0.1386353906093714,0.025536210448897388,,metis
com-Amazon,dspar,0.3618,0.36139,2,5000,0,0.0,,,,,0.14177932261270781,0.025585204726558623,,metis
com-Amazon,dspar,0.3618,0.36194,3,5000,0,0.0,,,,,0.13799285254990126,0.025554355945088786,,metis
com-Amazon,dspar,0.3618,0.36221,4,5000,0,0.0,,,,,0.13857251379052887,0.025663973310428675,,metis
com-Amazon,dspar,0.3618,0.36139,5,5000,0,0.0,,,,,0.14245211916193842,0.025641251893305024,,metis
com-Amazon,dspar,0.3618,0.36194,6,5000,0,0.0,,,,,0.1376250395169421,0.02559579455821765,,metis
com-Amazon,dspar,0.3618,0.36221,7,5000,0,0.0,,,,,0.13870972610276097,0.025727274943168052,,metis
com-Amazon,dspar,0.3618,0.36139,8,5000,0,0.0,,,,,0.1429595152566327,0.025675674899932117,,metis
com-Amazon,dspar,0.3618,0.36194,9,5000,0,0.0,,,,,0.13824131493130823,0.025566213975617195,,metis
com-Amazon,kn,0.2,0.20368,0,5000,0,0.0,,,,,0.08028540404805533,0.025553749767562493,,metis
com-Amazon,kn,0.2,0.20362,1,5000,0,0.0,,,,,0.08075215236932891,0.02552572186380097,,metis
com-Amazon,kn,0.2,0.204,2,5000,0,0.0,,,,,0.0810560855411713,0.02546055671022159,,metis
com-Amazon,kn,0.2,0.20368,3,5000,0,0.0,,,,,0.0803208093072515,0.025586827623143557,,metis
com-Amazon,kn,0.2,0.20362,4,5000,0,0.0,,,,,0.08061758935163335,0.025423751063635924,,metis
com-Amazon,kn,0.2,0.204,5,5000,0,0.0,,,,,0.0809622480700531,0.02570578947040513,,metis
com-Amazon,kn,0.2,0.20368,6,5000,0,0.0,,,,,0.08041021950213045,0.025550769950148905,,metis
com-Amazon,kn,0.2,0.20362,7,5000,0,0.0,,,,,0.08080721557790377,0.025431196630246913,,metis
com-Amazon,kn,0.2,0.204,8,5000,0,0.0,,,,,0.08055515438591984,0.02563477568211142,,metis
com-Amazon,kn,0.2,0.20368,9,5000,0,0.0,,,,,0.08022386842195724,0.02559118625585601,,metis
com-Amazon,ld,0.2,0.35213,0,5000,0,0.0,,,,,0.16155541111904834,0.025751927293558182,,metis
com-Amazon,ld,0.2,0.35213,1,5000,0,0.0,,,,,0.16155541111904834,0.025915103267594365,,metis
com-Amazon,ld,0.2,0.35213,2,5000,0,0.0,,,,,0.16142538034738885,0.025709115512903776,,metis
com-Amazon,ld,0.2,0.35213,3,5000,0,0.0,,,,,0.16158039852611303,0.02574004564910558,,metis
com-Amazon,ld,0.2,0.35213,4,5000,0,0.0,,,,,0.16133580516179802,0.025755646750326856,,metis
com-Amazon,ld,0.2,0.35213,5,5000,0,0.0,,,,,0.1618099141036229,0.025915205863311593,,metis
com-Amazon,ld,0.2,0.35213,6,5000,0,0.0,,,,,0.1612764301366093,0.025707238599985586,,metis
com-Amazon,ld,0.2,0.35213,7,5000,0,0.0,,,,,0.16201842603805022,0.025672688261008894,,metis
com-Amazon,ld,0.2,0.35213,8,5000,0,0.0,,,,,0.16169273015946278,0.025934076268091653,,metis
com-Amazon,ld,0.2,0.35213,9,5000,0,0.0,,,,,0.16140897019385617,0.025877509304512554,,metis
com-Amazon,lsim,0.2,0.29807,0,5000,0,0.0,,,,,0.11294830696026549,0.025641614643398113,,metis
com-Amazon,lsim,0.2,0.29807,1,5000,0,0.0,,,,,0.11294830696026549,0.025611723259163225,,metis
com-Amazon,lsim,0.2,0.29807,2,5000,0,0.0,,,,,0.11255795208585731,0.02554794828411537,,metis
com-Amazon,lsim,0.2,0.29807,3,5000,0,0.0,,,,,0.11294178768947945,0.025479929704041338,,metis
com-Amazon,lsim,0.2,0.29807,4,5000,0,0.0,,,,,0.11316425328483269,0.025552530390457913,,metis
com-Amazon,lsim,0.2,0.29807,5,5000,0,0.0,,,,,0.1127848868672611,0.02556617942598765,,metis
com-Amazon,lsim,0.2,0.29807,6,5000,0,0.0,,,,,0.11266012831039157,0.02559359011560385,,metis
com-Amazon,lsim,0.2,0.29807,7,5000,0,0.0,,,,,0.11263111454841797,0.02554568675843534,,metis
com-Amazon,lsim,0.2,0.29807,8,5000,0,0.0,,,,,0.11295092377052493,0.025552353309392477,,metis
com-Amazon,lsim,0.2,0.29807,9,5000,0,0.0,,,,,0.112871379359243,0.02545019589301594,,metis
com-Amazon,lspar,0.2,0.30057,0,5000,0,0.0,,,,,0.11293752208623101,0.025492642535550912,,metis
com-Amazon,lspar,0.2,0.30057,1,5000,0,0.0,,,,,0.11293752208623101,0.025531318524787808,,metis
com-Amazon,lspar,0.2,0.30057,2,5000,0,0.0,,,,,0.11326784070468081,0.025737100580291036,,metis
com-Amazon,lspar,0.2,0.30057,3,5000,0,0.0,,,,,0.1133529993582581,0.025510680329464214,,metis
com-Amazon,lspar,0.2,0.30057,4,5000,0,0.0,,,,,0.11335266845106734,0.025540713932462107,,metis
com-Amazon,lspar,0.2,0.30057,5,5000,0,0.0,,,,,0.1130184274236237,0.025459719996640453,,metis
com-Amazon,lspar,0.2,0.30057,6,5000,0,0.0,,,,,0.11310897472160643,0.02549122353990809,,metis
com-Amazon,lspar,0.2,0.30057,7,5000,0,0.0,,,,,0.11304687329514253,0.025549811390043524,,metis
com-Amazon,lspar,0.2,0.30057,8,5000,0,0.0,,,,,0.11321505806632239,0.025495380693516916,,metis
com-Amazon,lspar,0.2,0.30057,9,5000,0,0.0,,,,,0.113020530719515,0.025693751867962716,,metis
com-Amazon,dspar,0.2,0.20023,0,5000,0,0.0,,,,,0.08731967346114927,0.025662044799824986,,metis
com-Amazon,dspar,0.2,0.20028,1,5000,0,0.0,,,,,0.0859313131632249,0.02581106396147076,,metis
com-Amazon,dspar,0.2,0.19977,2,5000,0,0.0,,,,,0.0891368434622212,0.025625346118738488,,metis
com-Amazon,dspar,0.2,0.20023,3,5000,0,0.0,,,,,0.08753116958906226,0.025534503697027276,,metis
com-Amazon,dspar,0.2,0.20028,4,5000,0,0.0,,,,,0.08546003455993678,0.025567428191693553,,metis
com-Amazon,dspar,0.2,0.19977,5,5000,0,0.0,,,,,0.08939198133963133,0.025476262857015604,,metis
com-Amazon,dspar,0.2,0.20023,6,5000,0,0.0,,,,,0.08737690131027778,0.025570014857151206,,metis
com-Amazon,dspar,0.2,0.20028,7,5000,0,0.0,,,,,0.08528853274258551,0.02551915411283778,,metis
com-Amazon,dspar,0.2,0.19977,8,5000,0,0.0,,,,,0.08877330669862037,0.025622869046256627,,metis
com-Amazon,dspar,0.2,0.20023,9,5000,0,0.0,,,,,0.08779896095449556,0.025479236694636132,,metis
com-DBLP,baseline,1.0,1.0,100,225,345,0.0010880534880787184,,,,,0.10890882219145614,0.021028870578349068,1.0,leiden
com-DBLP,baseline,1.0,1.0,101,227,310,0.0009776712501576889,,,,,0.11880080239782348,0.02243565042887174,1.0,leiden
com-DBLP,baseline,1.0,1.0,102,229,341,0.0010754383751734578,,,,,0.11710095082505068,0.020783469058528237,1.0,leiden
com-DBLP,baseline,1.0,1.0,103,240,419,0.0013214330768260376,,,,,0.12377633735319472,0.023842216723632178,1.0,leiden
com-DBLP,baseline,1.0,1.0,104,224,288,0.0009082881291787562,,,,,0.14539505312593523,0.02359903815399804,1.0,leiden
com-DBLP,baseline,1.0,1.0,0,229,0,0.0,,,,,0.03834823077739699,0.005425699319332281,,metis
com-DBLP,baseline,1.0,1.0,1,229,0,0.0,,,,,0.03834823077739699,0.0054204126227753845,,metis
com-DBLP,baseline,1.0,1.0,2,229,0,0.0,,,,,0.03826441862500104,0.005417218813812138,,metis
com-DBLP,baseline,1.0,1.0,3,229,0,0.0,,,,,0.039027694757701153,0.005439795585938576,,metis
com-DBLP,baseline,1.0,1.0,4,229,0,0.0,,,,,0.03975674726168682,0.005419183967757835,,metis
com-DBLP,baseline,1.0,1.0,5,229,0,0.0,,,,,0.0385240129913684,0.0054262532601482396,,metis
com-DBLP,baseline,1.0,1.0,6,229,0,0.0,,,,,0.03863326684240237,0.005408994796287939,,metis
com-DBLP,baseline,1.0,1.0,7,229,0,0.0,,,,,0.03788817790995904,0.0054592931047950264,,metis
com-DBLP,baseline,1.0,1.0,8,229,0,0.0,,,,,0.038216468656299574,0.005384666096014878,,metis
com-DBLP,baseline,1.0,1.0,9,229,0,0.0,,,,,0.038691597164255825,0.005405614349576714,,metis
com-DBLP,kn,0.5,0.50053,0,229,0,0.0,,,,,0.03458441597473733,0.005427049376223149,,metis
com-DBLP,kn,0.5,0.50067,1,229,0,0.0,,,,,0.033642755753367275,0.0054131467871188985,,metis
com-DBLP,kn,0.5,0.50056,2,229,0,0.0,,,,,0.03440149237829596,0.005342191053423745,,metis
com-DBLP,kn,0.5,0.50053,3,229,0,0.0,,,,,0.03371534922301516,0.005358797757086081,,metis
com-DBLP,kn,0.5,0.50067,4,229,0,0.0,,,,,0.034401707159607796,0.005385516088539564,,metis
com-DBLP,kn,0.5,0.50056,5,229,0,0.0,,,,,0.034526813258831855,0.005353069635374283,,metis
com-DBLP,kn,0.5,0.50053,6,229,0,0.0,,,,,0.03459610926746524,0.005417086923422381,,metis
com-DBLP,kn,0.5,0.50067,7,229,0,0.0,,,,,0.033836872600750675,0.0053630182814975134,,metis
com-DBLP,kn,0.5,0.50056,8,229,0,0.0,,,,,0.03436341289102739,0.005359663110987685,,metis
com-DBLP,kn,0.5,0.50053,9,229,0,0.0,,,,,0.03451328962241723,0.005382750630938608,,metis
com-DBLP,ld,0.5,0.49963,0,229,0,0.0,,,,,0.03735907065424919,0.005393481489989844,,metis
com-DBLP,ld,0.5,0.49963,1,229,0,0.0,,,,,0.03735907065424919,0.005389123030424514,,metis
com-DBLP,ld,0.5,0.49963,2,229,0,0.0,,,,,0.0379781885981796,0.005330888407826536,,metis
com-DBLP,ld,0.5,0.49963,3,229,0,0.0,,,,,0.038118729099208985,0.005376964356102944,,metis
com-DBLP,ld,0.5,0.49963,4,229,0,0.0,,,,,0.0371639128906957,0.005322042826595808,,metis
com-DBLP,ld,0.5,0.49963,5,229,0,0.0,,,,,0.03802730412374184,0.005411787969244876,,metis
com-DBLP,ld,0.5,0.49963,6,229,0,0.0,,,,,0.037681983662861435,0.005385637029968627,,metis
com-DBLP,ld,0.5,0.49963,7,229,0,0.0,,,,,0.037832484044093576,0.005416630377964823,,metis
com-DBLP,ld,0.5,0.49963,8,229,0,0.0,,,,,0.03638416374206137,0.005435460516739483,,metis
com-DBLP,ld,0.5,0.49963,9,229,0,0.0,,,,,0.03742602764545046,0.005333211612850573,,metis
com-DBLP,lsim,0.5,0.49998,0,229,0,0.0,,,,,0.026898815146120685,0.005382848209999931,,metis
com-DBLP,lsim,0.5,0.49998,1,229,0,0.0,,,,,0.026898815146120685,0.005405458331900383,,metis
com-DBLP,lsim,0.5,0.49998,2,229,0,0.0,,,,,0.026323258000104727,0.005387709486883808,,metis
com-DBLP,lsim,0.5,0.49998,3,229,0,0.0,,,,,0.027189114837906828,0.005432948090042382,,metis
com-DBLP,lsim,0.5,0.49998,4,229,0,0.0,,,,,0.027009315059368093,0.005433005342803292,,metis
com-DBLP,lsim,0.5,0.49998,5,229,0,0.0,,,,,0.026323143844258677,0.005398548822358996,,metis
com-DBLP,lsim,0.5,0.49998,6,229,0,0.0,,,,,0.026364760165665226,0.005343755920590234,,metis
com-DBLP,lsim,0.5,0.49998,7,229,0,0.0,,,,,0.026365007713335144,0.005444865947827639,,metis
com-DBLP,lsim,0.5,0.49998,8,229,0,0.0,,,,,0.027373154537650362,0.00540304145900206,,metis
com-DBLP,lsim,0.5,0.49998,9,229,0,0.0,,,,,0.027202737108024233,0.0054027937534963655,,metis
com-DBLP,mst_jaccard,0.5,0.5,0,229,0,0.0,,,,,0.03318690602179683,0.0053457977118447604,,metis
com-DBLP,mst_jaccard,0.5,0.5,1,229,0,0.0,,,,,0.03318690602179683,0.005450947264996517,,metis
com-DBLP,mst_jaccard,0.5,0.5,2,229,0,0.0,,,,,0.033121183447186134,0.005408459419176058,,metis
com-DBLP,mst_jaccard,0.5,0.5,3,229,0,0.0,,,,,0.033489210818539734,0.005425062994831299,,metis
com-DBLP,mst_jaccard,0.5,0.5,4,229,0,0.0,,,,,0.03335435235037183,0.005464813584660429,,metis
com-DBLP,mst_jaccard,0.5,0.5,5,229,0,0.0,,,,,0.03365425357259925,0.005356937179339253,,metis
com-DBLP,mst_jaccard,0.5,0.5,6,229,0,0.0,,,,,0.03329269788101006,0.005364419301654433,,metis
com-DBLP,mst_jaccard,0.5,0.5,7,229,0,0.0,,,,,0.03289935615762693,0.005364676390230481,,metis
com-DBLP,mst_jaccard,0.5,0.5,8,229,0,0.0,,,,,0.033038530839674785,0.005388685570245149,,metis
com-DBLP,mst_jaccard,0.5,0.5,9,229,0,0.0,,,,,0.033622276648418714,0.005428607673689776,,metis
com-DBLP,mst_random,0.5,0.5,0,229,0,0.0,,,,,0.035897923013526054,0.005367848790221366,,metis
com-DBLP,mst_random,0.5,0.5,1,229,0,0.0,,,,,0.0367859910123738,0.005381902388836723,,metis
com-DBLP,mst_random,0.5,0.5,2,229,0,0.0,,,,,0.0360564060238425,0.005407198768041583,,metis
com-DBLP,mst_random,0.5,0.5,3,229,0,0.0,,,,,0.035669620614852716,0.005437963638609044,,metis
com-DBLP,mst_random,0.5,0.5,4,229,0,0.0,,,,,0.036491106530001025,0.005357094342131512,,metis
com-DBLP,mst_random,0.5,0.5,5,229,0,0.0,,,,,0.03677942122616941,0.005414863749549135,,metis
com-DBLP,mst_random,0.5,0.5,6,229,0,0.0,,,,,0.03670111252110122,0.005367448022736165,,metis
com-DBLP,mst_random,0.5,0.5,7,229,0,0.0,,,,,0.03480879877616994,0.005316463895919586,,metis
com-DBLP,mst_random,0.5,0.5,8,229,0,0.0,,,,,0.035985590479153125,0.005380931804861756,,metis
com-DBLP,mst_random,0.5,0.5,9,229,0,0.0,,,,,0.03547143696079445,0.005421577455436441,,metis
com-DBLP,lspar,0.5,0.50304,0,229,0,0.0,,,,,0.027767115562681285,0.00540948302438287,,metis
com-DBLP,lspar,0.5,0.50304,1,229,0,0.0,,,,,0.027767115562681285,0.0053757685619034955,,metis
com-DBLP,lspar,0.5,0.50304,2,229,0,0.0,,,,,0.02775246006668971,0.005369456810446963,,metis
com-DBLP,lspar,0.5,0.50304,3,229,0,0.0,,,,,0.027889236494273946,0.005423059141627042,,metis
com-DBLP,lspar,0.5,0.50304,4,229,0,0.0,,,,,0.02724716528345676,0.005378564117552535,,metis
com-DBLP,lspar,0.5,0.50304,5,229,0,0.0,,,,,0.028129653649446633,0.005430278665603308,,metis
com-DBLP,lspar,0.5,0.50304,6,229,0,0.0,,,,,0.027562866502474297,0.005425543895513533,,metis
com-DBLP,lspar,0.5,0.50304,7,229,0,0.0,,,,,0.027813891105342995,0.0053967245974790665,,metis
com-DBLP,lspar,0.5,0.50304,8,229,0,0.0,,,,,0.027367213133413268,0.005413195077826828,,metis
com-DBLP,lspar,0.5,0.50304,9,229,0,0.0,,,,,0.028142901590505198,0.005366777259327725,,metis
com-DBLP,dspar,0.5,0.49982,0,229,0,0.0,,,,,0.03303143486238857,0.005384262795951564,,metis
com-DBLP,dspar,0.5,0.50061,1,229,0,0.0,,,,,0.032541241117370785,0.005412130038891358,,metis
com-DBLP,dspar,0.5,0.50015,2,229,0,0.0,,,,,0.032386136937510954,0.005374381791871951,,metis
com-DBLP,dspar,0.5,0.49982,3,229,0,0.0,,,,,0.03383042588138766,0.005381762502093664,,metis
com-DBLP,dspar,0.5,0.50061,4,229,0,0.0,,,,,0.03324289037477235,0.005419045010345219,,metis
com-DBLP,dspar,0.5,0.50015,5,229,0,0.0,,,,,0.033114428501946125,0.0054253151316960005,,metis
com-DBLP,dspar,0.5,0.49982,6,229,0,0.0,,,,,0.03303976933543882,0.005435529965735526,,metis
com-DBLP,dspar,0.5,0.50061,7,229,0,0.0,,,,,0.03308789089284618,0.005404669395172573,,metis
com-DBLP,dspar,0.5,0.50015,8,229,0,0.0,,,,,0.03336863243101855,0.005412897559459226,,metis
com-DBLP,dspar,0.5,0.49982,9,229,0,0.0,,,,,0.03378101977715849,0.005408341043415958,,metis
com-DBLP,kn,0.3022,0.30411,0,229,0,0.0,,,,,0.02242019905068692,0.005407781842616768,,metis
com-DBLP,kn,0.3022,0.30415,1,229,0,0.0,,,,,0.023566126165457616,0.005356165407336931,,metis
com-DBLP,kn,0.3022,0.30429,2,229,0,0.0,,,,,0.022642083209692437,0.0054747169635492214,,metis
com-DBLP,kn,0.3022,0.30411,3,229,0,0.0,,,,,0.023007560414075184,0.00540927626707479,,metis
com-DBLP,kn,0.3022,0.30415,4,229,0,0.0,,,,,0.023137828324573357,0.005484868697272511,,metis
com-DBLP,kn,0.3022,0.30429,5,229,0,0.0,,,,,0.02299145260305891,0.005413050871522476,,metis
com-DBLP,kn,0.3022,0.30411,6,229,0,0.0,,,,,0.023279509505513402,0.0054072103989032776,,metis
com-DBLP,kn,0.3022,0.30415,7,229,0,0.0,,,,,0.023013277316501723,0.005372702883220053,,metis
com-DBLP,kn,0.3022,0.30429,8,229,0,0.0,,,,,0.022901511160537538,0.005399789358960617,,metis
com-DBLP,kn,0.3022,0.30411,9,229,0,0.0,,,,,0.023320829650021184,0.005414351001955735,,metis
com-DBLP,ld,0.3022,0.3022,0,229,0,0.0,,,,,0.03368484030195758,0.005430895869036722,,metis
com-DBLP,ld,0.3022,0.3022,1,229,0,0.0,,,,,0.03368484030195758,0.0053841876623651665,,metis
com-DBLP,ld,0.3022,0.3022,2,229,0,0.0,,,,,0.03382666351377945,0.00540056591783185,,metis
com-DBLP,ld,0.3022,0.3022,3,229,0,0.0,,,,,0.0333660125457837,0.005442519896233423,,metis
com-DBLP,ld,0.3022,0.3022,4,229,0,0.0,,,,,0.03388551544429731,0.005413844681593503,,metis
com-DBLP,ld,0.3022,0.3022,5,229,0,0.0,,,,,0.03261679308882578,0.0053787457332927936,,metis
com-DBLP,ld,0.3022,0.3022,6,229,0,0.0,,,,,0.03300083791478274,0.005352632081974954,,metis
com-DBLP,ld,0.3022,0.3022,7,229,0,0.0,,,,,0.03339593034449826,0.005404420355219402,,metis
com-DBLP,ld,0.3022,0.3022,8,229,0,0.0,,,,,0.03317497234204135,0.005424533295042561,,metis
com-DBLP,ld,0.3022,0.3022,9,229,0,0.0,,,,,0.033525375222177634,0.005378120462336997,,metis
com-DBLP,lsim,0.3022,0.30252,0,229,0,0.0,,,,,0.017836349037353302,0.005355158445766991,,metis
com-DBLP,lsim,0.3022,0.30252,1,229,0,0.0,,,,,0.017836349037353302,0.005435506560504415,,metis
com-DBLP,lsim,0.3022,0.30252,2,229,0,0.0,,,,,0.018162848846148348,0.005402081254541873,,metis
com-DBLP,lsim,0.3022,0.30252,3,229,0,0.0,,,,,0.0182077413521375,0.00542089796175339,,metis
com-DBLP,lsim,0.3022,0.30252,4,229,0,0.0,,,,,0.017904790797473407,0.005412293183804362,,metis
com-DBLP,lsim,0.3022,0.30252,5,229,0,0.0,,,,,0.01808545501020044,0.005377275713431857,,metis
com-DBLP,lsim,0.3022,0.30252,6,229,0,0.0,,,,,0.01799593387050382,0.005381706054896212,,metis
com-DBLP,lsim,0.3022,0.30252,7,229,0,0.0,,,,,0.017896488927762758,0.005413086949732414,,metis
com-DBLP,lsim,0.3022,0.30252,8,229,0,0.0,,,,,0.018074044588642573,0.005358258252412199,,metis
com-DBLP,lsim,0.3022,0.30252,9,229,0,0.0,,,,,0.01795645411613927,0.005348325454222537,,metis
com-DBLP,mst_jaccard,0.3022,0.3022,0,229,0,0.0,,,,,0.033205229688344176,0.005445557223616967,,metis
com-DBLP,mst_jaccard,0.3022,0.3022,1,229,0,0.0,,,,,0.033205229688344176,0.0053825891313483195,,metis
com-DBLP,mst_jaccard,0.3022,0.3022,2,229,0,0.0,,,,,0.03262592291272682,0.0053440527137783,,metis
com-DBLP,mst_jaccard,0.3022,0.3022,3,229,0,0.0,,,,,0.033343101635888675,0.005397184892624773,,metis
com-DBLP,mst_jaccard,0.3022,0.3022,4,229,0,0.0,,,,,0.032627484960775825,0.005432324745674519,,metis
com-DBLP,mst_jaccard,0.3022,0.3022,5,229,0,0.0,,,,,0.03287056234298826,0.005444526135639499,,metis
com-DBLP,mst_jaccard,0.3022,0.3022,6,229,0,0.0,,,,,0.03304978014131256,0.005441679071295789,,metis
com-DBLP,mst_jaccard,0.3022,0.3022,7,229,0,0.0,,,,,0.033284089736188835,0.005416597506794839,,metis
com-DBLP,mst_jaccard,0.3022,0.3022,8,229,0,0.0,,,,,0.033281214802916195,0.005417103472934609,,metis
com-DBLP,mst_jaccard,0.3022,0.3022,9,229,0,0.0,,,,,0.03302803654969804,0.005407312720642224,,metis
com-DBLP,mst_random,0.3022,0.3022,0,229,0,0.0,,,,,0.033100345615864994,0.005388954478323767,,metis
com-DBLP,mst_random,0.3022,0.3022,1,229,0,0.0,,,,,0.03326771001716858,0.0054131188331166214,,metis
com-DBLP,mst_random,0.3022,0.3022,2,229,0,0.0,,,,,0.032573968680945954,0.005422913814683173,,metis
com-DBLP,mst_random,0.3022,0.3022,3,229,0,0.0,,,,,0.032855795029610085,0.0054254535486234065,,metis
com-DBLP,mst_random,0.3022,0.3022,4,229,0,0.0,,,,,0.03262838119433166,0.005395816730295721,,metis
com-DBLP,mst_random,0.3022,0.3022,5,229,0,0.0,,,,,0.0333090532665129,0.005409523108963939,,metis
com-DBLP,mst_random,0.3022,0.3022,6,229,0,0.0,,,,,0.033210272343625974,0.0054282481563487014,,metis
com-DBLP,mst_random,0.3022,0.3022,7,229,0,0.0,,,,,0.03292216884168836,0.005490341124882481,,metis
com-DBLP,mst_random,0.3022,0.3022,8,229,0,0.0,,,,,0.032487874195207656,0.005392119321912416,,metis
com-DBLP,mst_random,0.3022,0.3022,9,229,0,0.0,,,,,0.032759598285547066,0.00542562645595584,,metis
com-DBLP,lspar,0.3022,0.24408,0,229,0,0.0,,,,,0.012649385669233232,0.005377593300348254,,metis
com-DBLP,lspar,0.3022,0.24408,1,229,0,0.0,,,,,0.012649385669233232,0.005405426896797982,,metis
com-DBLP,lspar,0.3022,0.24408,2,229,0,0.0,,,,,0.01262510800713782,0.0053494705661671985,,metis
com-DBLP,lspar,0.3022,0.24408,3,229,0,0.0,,,,,0.012642542340954514,0.005412138767932537,,metis
com-DBLP,lspar,0.3022,0.24408,4,229,0,0.0,,,,,0.012777423765988198,0.005406319453087376,,metis
com-DBLP,lspar,0.3022,0.24408,5,229,0,0.0,,,,,0.012764584873312161,0.0054161310923317,,metis
com-DBLP,lspar,0.3022,0.24408,6,229,0,0.0,,,,,0.012805541939233648,0.005400887674797286,,metis
com-DBLP,lspar,0.3022,0.24408,7,229,0,0.0,,,,,0.012660765335186388,0.005379696447076324,,metis
com-DBLP,lspar,0.3022,0.24408,8,229,0,0.0,,,,,0.012641314530325456,0.005389282220903924,,metis
com-DBLP,lspar,0.3022,0.24408,9,229,0,0.0,,,,,0.012614101859338249,0.00539022039229085,,metis
com-DBLP,dspar,0.3022,0.30167,0,229,0,0.0,,,,,0.022809186453347164,0.0053560335333448904,,metis
com-DBLP,dspar,0.3022,0.30255,1,229,0,0.0,,,,,0.023114434240441947,0.005422171647185045,,metis
com-DBLP,dspar,0.3022,0.3022,2,229,0,0.0,,,,,0.023302708601315975,0.005381249392786759,,metis
com-DBLP,dspar,0.3022,0.30167,3,229,0,0.0,,,,,0.022977526434558124,0.005445413559212659,,metis
com-DBLP,dspar,0.3022,0.30255,4,229,0,0.0,,,,,0.02300728728601541,0.005401106081937273,,metis
com-DBLP,dspar,0.3022,0.3022,5,229,0,0.0,,,,,0.02279966580370897,0.005410382540554246,,metis
com-DBLP,dspar,0.3022,0.30167,6,229,0,0.0,,,,,0.02368323334813405,0.005375034667200853,,metis
com-DBLP,dspar,0.3022,0.30255,7,229,0,0.0,,,,,0.02252887258888532,0.005415395934775114,,metis
com-DBLP,dspar,0.3022,0.3022,8,229,0,0.0,,,,,0.02361306413182515,0.005399216257392071,,metis
com-DBLP,dspar,0.3022,0.30167,9,229,0,0.0,,,,,0.02304036784763283,0.0054306361229830855,,metis
com-DBLP,kn,0.2,0.19613,0,229,0,0.0,,,,,0.011164735438211757,0.005369149247333077,,metis
com-DBLP,kn,0.2,0.19607,1,229,0,0.0,,,,,0.011180173412239555,0.00541070218503418,,metis
com-DBLP,kn,0.2,0.19592,2,229,0,0.0,,,,,0.011141392105438647,0.005384599784432437,,metis
com-DBLP,kn,0.2,0.19613,3,229,0,0.0,,,,,0.01130026491960618,0.005410753826615251,,metis
com-DBLP,kn,0.2,0.19607,4,229,0,0.0,,,,,0.011193598911615227,0.005371971552626244,,metis
com-DBLP,kn,0.2,0.19592,5,229,0,0.0,,,,,0.011218507087113165,0.0053408233793602235,,metis
com-DBLP,kn,0.2,0.19613,6,229,0,0.0,,,,,0.011332405910852026,0.005334273541455459,,metis
com-DBLP,kn,0.2,0.19607,7,229,0,0.0,,,,,0.01119086826859784,0.005393400281963521,,metis
com-DBLP,kn,0.2,0.19592,8,229,0,0.0,,,,,0.011242442114400585,0.005387311285732543,,metis
com-DBLP,kn,0.2,0.19613,9,229,0,0.0,,,,,0.01125025525349603,0.005414775434706732,,metis
com-DBLP,ld,0.2,0.30128,0,229,0,0.0,,,,,0.03263438159018564,0.005418823414840654,,metis
com-DBLP,ld,0.2,0.30128,1,229,0,0.0,,,,,0.03263438159018564,0.005406111823356368,,metis
com-DBLP,ld,0.2,0.30128,2,229,0,0.0,,,,,0.03309978037239568,0.005405736380144899,,metis
com-DBLP,ld,0.2,0.30128,3,229,0,0.0,,,,,0.03315401767996583,0.005423589648710572,,metis
com-DBLP,ld,0.2,0.30128,4,229,0,0.0,,,,,0.033386913268689075,0.005371034994401893,,metis
com-DBLP,ld,0.2,0.30128,5,229,0,0.0,,,,,0.032845882924842806,0.005418619868523695,,metis
com-DBLP,ld,0.2,0.30128,6,229,0,0.0,,,,,0.032897926229386656,0.005372447301012693,,metis
com-DBLP,ld,0.2,0.30128,7,229,0,0.0,,,,,0.03297927025750108,0.005388852019428495,,metis
com-DBLP,ld,0.2,0.30128,8,229,0,0.0,,,,,0.03313283363451092,0.005450427592651063,,metis
com-DBLP,ld,0.2,0.30128,9,229,0,0.0,,,,,0.03314637377036441,0.005351164562225089,,metis
com-DBLP,lsim,0.2,0.23374,0,229,0,0.0,,,,,0.01274247643471956,0.005362496104774942,,metis
com-DBLP,lsim,0.2,0.23374,1,229,0,0.0,,,,,0.01274247643471956,0.005410164111855815,,metis
com-DBLP,lsim,0.2,0.23374,2,229,0,0.0,,,,,0.012703593710844174,0.005379396441605678,,metis
com-DBLP,lsim,0.2,0.23374,3,229,0,0.0,,,,,0.012945577333616535,0.005413078697665387,,metis
com-DBLP,lsim,0.2,0.23374,4,229,0,0.0,,,,,0.012790810062927744,0.0053267060839839765,,metis
com-DBLP,lsim,0.2,0.23374,5,229,0,0.0,,,,,0.012655617139593704,0.005382162099050623,,metis
com-DBLP,lsim,0.2,0.23374,6,229,0,0.0,,,,,0.01288656514237875,0.005376872076757997,,metis
com-DBLP,lsim,0.2,0.23374,7,229,0,0.0,,,,,0.012828685401009761,0.005359825269900219,,metis
com-DBLP,lsim,0.2,0.23374,8,229,0,0.0,,,,,0.012631221600408303,0.005426565392723924,,metis
com-DBLP,lsim,0.2,0.23374,9,229,0,0.0,,,,,0.01280855285912368,0.005389811461955996,,metis
com-DBLP,lspar,0.2,0.24408,0,229,0,0.0,,,,,0.012649385669233232,0.0053599243339204645,,metis
com-DBLP,lspar,0.2,0.24408,1,229,0,0.0,,,,,0.012649385669233232,0.005377839523061998,,metis
com-DBLP,lspar,0.2,0.24408,2,229,0,0.0,,,,,0.01262510800713782,0.005379109941561181,,metis
com-DBLP,lspar,0.2,0.24408,3,229,0,0.0,,,,,0.012642542340954514,0.005421334259120612,,metis
com-DBLP,lspar,0.2,0.24408,4,229,0,0.0,,,,,0.012777423765988198,0.005327676126796186,,metis
com-DBLP,lspar,0.2,0.24408,5,229,0,0.0,,,,,0.012764584873312161,0.005364904253436809,,metis
com-DBLP,lspar,0.2,0.24408,6,229,0,0.0,,,,,0.012805541939233648,0.005434908801694617,,metis
com-DBLP,lspar,0.2,0.24408,7,229,0,0.0,,,,,0.012660765335186388,0.005341580162130874,,metis
com-DBLP,lspar,0.2,0.24408,8,229,0,0.0,,,,,0.012641314530325456,0.0053806102991491205,,metis
com-DBLP,lspar,0.2,0.24408,9,229,0,0.0,,,,,0.012614101859338249,0.0053839873498769215,,metis
com-DBLP,dspar,0.2,0.19962,0,229,0,0.0,,,,,0.014361110487988101,0.005419701322243923,,metis
com-DBLP,dspar,0.2,0.20039,1,229,0,0.0,,,,,0.014305267459833265,0.0054392784292970064,,metis
com-DBLP,dspar,0.2,0.20004,2,229,0,0.0,,,,,0.014398681787700013,0.005413787678545734,,metis
com-DBLP,dspar,0.2,0.19962,3,229,0,0.0,,,,,0.014510330721208291,0.005352647571111834,,metis
com-DBLP,dspar,0.2,0.20039,4,229,0,0.0,,,,,0.014103012762094334,0.005429719798054276,,metis
com-DBLP,dspar,0.2,0.20004,5,229,0,0.0,,,,,0.014335244537261618,0.005480230029529071,,metis
com-DBLP,dspar,0.2,0.19962,6,229,0,0.0,,,,,0.014378195230317,0.005413246431167416,,metis
com-DBLP,dspar,0.2,0.20039,7,229,0,0.0,,,,,0.014225531207824996,0.005377682242710625,,metis
com-DBLP,dspar,0.2,0.20004,8,229,0,0.0,,,,,0.0143723813887568,0.005419751139925812,,metis
com-DBLP,dspar,0.2,0.19962,9,229,0,0.0,,,,,0.014466849584369362,0.005407099254373036,,metis
com-DBLP,baseline,1.0,1.0,100,225,345,0.0010880534880787184,,,,,0.10890882219145614,0.021028870578349068,1.0,leiden
com-DBLP,baseline,1.0,1.0,101,227,310,0.0009776712501576889,,,,,0.11880080239782348,0.02243565042887174,1.0,leiden
com-DBLP,baseline,1.0,1.0,102,229,341,0.0010754383751734578,,,,,0.11710095082505068,0.020783469058528237,1.0,leiden
com-DBLP,baseline,1.0,1.0,103,240,419,0.0013214330768260376,,,,,0.12377633735319472,0.023842216723632178,1.0,leiden
com-DBLP,baseline,1.0,1.0,104,224,288,0.0009082881291787562,,,,,0.14539505312593523,0.02359903815399804,1.0,leiden
com-DBLP,baseline,1.0,1.0,0,5000,0,0.0,,,,,0.18631471634530847,0.028652337383934703,,metis
com-DBLP,baseline,1.0,1.0,1,5000,0,0.0,,,,,0.18631471634530847,0.02875894887336558,,metis
com-DBLP,baseline,1.0,1.0,2,5000,0,0.0,,,,,0.18610218792399413,0.028652409074499736,,metis
com-DBLP,baseline,1.0,1.0,3,5000,0,0.0,,,,,0.1862128846392473,0.02867833883341642,,metis
com-DBLP,baseline,1.0,1.0,4,5000,0,0.0,,,,,0.18614952204975654,0.028708864807746662,,metis
com-DBLP,baseline,1.0,1.0,5,5000,0,0.0,,,,,0.18602807467394433,0.028715324370566238,,metis
com-DBLP,baseline,1.0,1.0,6,5000,0,0.0,,,,,0.1869303660070043,0.02868593493507334,,metis
com-DBLP,baseline,1.0,1.0,7,5000,0,0.0,,,,,0.18630744366889684,0.028726396720084122,,metis
com-DBLP,baseline,1.0,1.0,8,5000,0,0.0,,,,,0.1857090758002619,0.02865716024761428,,metis
com-DBLP,baseline,1.0,1.0,9,5000,0,0.0,,,,,0.18575251474461657,0.028699568576563916,,metis
com-DBLP,kn,0.5,0.50053,0,5000,0,0.0,,,,,0.17997315529102492,0.028642903845443164,,metis
com-DBLP,kn,0.5,0.50067,1,5000,0,0.0,,,,,0.18030827278126738,0.028591294604776517,,metis
com-DBLP,kn,0.5,0.50056,2,5000,0,0.0,,,,,0.18006934571620187,0.028639597461562305,,metis
com-DBLP,kn,0.5,0.50053,3,5000,0,0.0,,,,,0.18009490701332947,0.0286397593068455,,metis
com-DBLP,kn,0.5,0.50067,4,5000,0,0.0,,,,,0.17999723321560385,0.02867465077576685,,metis
com-DBLP,kn,0.5,0.50056,5,5000,0,0.0,,,,,0.17912801112677945,0.028597425587052177,,metis
com-DBLP,kn,0.5,0.50053,6,5000,0,0.0,,,,,0.18082161168922284,0.02861278183464086,,metis
com-DBLP,kn,0.5,0.50067,7,5000,0,0.0,,,,,0.18051882293135998,0.028658320341949747,,metis
com-DBLP,kn,0.5,0.50056,8,5000,0,0.0,,,,,0.17996567567678473,0.028631436488901693,,metis
com-DBLP,kn,0.5,0.50053,9,5000,0,0.0,,,,,0.17996108420529877,0.028673305278108817,,metis
com-DBLP,ld,0.5,0.49963,0,5000,0,0.0,,,,,0.1792445681925035,0.029128170126482007,,metis
com-DBLP,ld,0.5,0.49963,1,5000,0,0.0,,,,,0.1792445681925035,0.029139253916206025,,metis
com-DBLP,ld,0.5,0.49963,2,5000,0,0.0,,,,,0.17831959063211167,0.029023634703363166,,metis
com-DBLP,ld,0.5,0.49963,3,5000,0,0.0,,,,,0.17302087021135024,0.029244460427117196,,metis
com-DBLP,ld,0.5,0.49963,4,5000,0,0.0,,,,,0.17826794279815886,0.029123251020827808,,metis
com-DBLP,ld,0.5,0.49963,5,5000,0,0.0,,,,,0.17245903885932684,0.029327299910299857,,metis
com-DBLP,ld,0.5,0.49963,6,5000,0,0.0,,,,,0.17287587044145866,0.029300576704256433,,metis
com-DBLP,ld,0.5,0.49963,7,5000,0,0.0,,,,,0.1725821701709173,0.02931626094009932,,metis
com-DBLP,ld,0.5,0.49963,8,5000,0,0.0,,,,,0.17834348760158553,0.029116769201709716,,metis
com-DBLP,ld,0.5,0.49963,9,5000,0,0.0,,,,,0.17857263892726472,0.029166071718524575,,metis
com-DBLP,lsim,0.5,0.49998,0,5000,0,0.0,,,,,0.16723464697385165,0.02868779428979775,,metis
com-DBLP,lsim,0.5,0.49998,1,5000,0,0.0,,,,,0.16723464697385165,0.028633051350279343,,metis
com-DBLP,lsim,0.5,0.49998,2,5000,0,0.0,,,,,0.167492754538014,0.028655906759721454,,metis
com-DBLP,lsim,0.5,0.49998,3,5000,0,0.0,,,,,0.1672119581760149,0.028670240329817936,,metis
com-DBLP,lsim,0.5,0.49998,4,5000,0,0.0,,,,,0.16757543981090905,0.028630280229999538,,metis
com-DBLP,lsim,0.5,0.49998,5,5000,0,0.0,,,,,0.1673948034046655,0.028591612419942142,,metis
com-DBLP,lsim,0.5,0.49998,6,5000,0,0.0,,,,,0.16752406672234182,0.028668604219073864,,metis
com-DBLP,lsim,0.5,0.49998,7,5000,0,0.0,,,,,0.16767743135269408,0.02865921134858277,,metis
com-DBLP,lsim,0.5,0.49998,8,5000,0,0.0,,,,,0.16725872939327205,0.028611185664380125,,metis
com-DBLP,lsim,0.5,0.49998,9,5000,0,0.0,,,,,0.16732869464887906,0.028660185438002736,,metis
com-DBLP,mst_jaccard,0.5,0.5,0,5000,0,0.0,,,,,0.18401147267344964,0.028681390523346555,,metis
com-DBLP,mst_jaccard,0.5,0.5,1,5000,0,0.0,,,,,0.18401147267344964,0.028667707726003543,,metis
com-DBLP,mst_jaccard,0.5,0.5,2,5000,0,0.0,,,,,0.1837107704252529,0.02869557724351503,,metis
com-DBLP,mst_jaccard,0.5,0.5,3,5000,0,0.0,,,,,0.18378865683686163,0.028704604705607917,,metis
com-DBLP,mst_jaccard,0.5,0.5,4,5000,0,0.0,,,,,0.18390344617355409,0.0286367445798954,,metis
com-DBLP,mst_jaccard,0.5,0.5,5,5000,0,0.0,,,,,0.18421555448658036,0.02865748649340006,,metis
com-DBLP,mst_jaccard,0.5,0.5,6,5000,0,0.0,,,,,0.1835008833470861,0.028681087675377144,,metis
com-DBLP,mst_jaccard,0.5,0.5,7,5000,0,0.0,,,,,0.1835802723719081,0.028702080498489452,,metis
com-DBLP,mst_jaccard,0.5,0.5,8,5000,0,0.0,,,,,0.18358823526578633,0.02867768279203659,,metis
com-DBLP,mst_jaccard,0.5,0.5,9,5000,0,0.0,,,,,0.18312091519590992,0.02866715147593584,,metis
com-DBLP,mst_random,0.5,0.5,0,5000,0,0.0,,,,,0.18150846236913962,0.028648091651330098,,metis
com-DBLP,mst_random,0.5,0.5,1,5000,0,0.0,,,,,0.18242951205472108,0.028683095526867184,,metis
com-DBLP,mst_random,0.5,0.5,2,5000,0,0.0,,,,,0.18262856686577578,0.028737911279633092,,metis
com-DBLP,mst_random,0.5,0.5,3,5000,0,0.0,,,,,0.1829815124742163,0.028617526417155918,,metis
com-DBLP,mst_random,0.5,0.5,4,5000,0,0.0,,,,,0.182314048617157,0.02865292456584301,,metis
com-DBLP,mst_random,0.5,0.5,5,5000,0,0.0,,,,,0.18110556135137912,0.02866930708833596,,metis
com-DBLP,mst_random,0.5,0.5,6,5000,0,0.0,,,,,0.18195941235469554,0.02865328031574341,,metis
com-DBLP,mst_random,0.5,0.5,7,5000,0,0.0,,,,,0.18207227133146733,0.028662984391246607,,metis
com-DBLP,mst_random,0.5,0.5,8,5000,0,0.0,,,,,0.18204752920756634,0.028688015218768882,,metis
com-DBLP,mst_random,0.5,0.5,9,5000,0,0.0,,,,,0.18206339409850353,0.02865739706136913,,metis
com-DBLP,lspar,0.5,0.50304,0,5000,0,0.0,,,,,0.1712079166471619,0.028679517798528956,,metis
com-DBLP,lspar,0.5,0.50304,1,5000,0,0.0,,,,,0.1712079166471619,0.028658743539469057,,metis
com-DBLP,lspar,0.5,0.50304,2,5000,0,0.0,,,,,0.1715531722624671,0.028604814184857934,,metis
com-DBLP,lspar,0.5,0.50304,3,5000,0,0.0,,,,,0.17120495237027578,0.028702512670784046,,metis
com-DBLP,lspar,0.5,0.50304,4,5000,0,0.0,,,,,0.17126849982366144,0.02868126019043491,,metis
com-DBLP,lspar,0.5,0.50304,5,5000,0,0.0,,,,,0.17128722642571328,0.02864919096367484,,metis
com-DBLP,lspar,0.5,0.50304,6,5000,0,0.0,,,,,0.17145068267750974,0.028677816088248986,,metis
com-DBLP,lspar,0.5,0.50304,7,5000,0,0.0,,,,,0.17170843077179587,0.0286134573333577,,metis
com-DBLP,lspar,0.5,0.50304,8,5000,0,0.0,,,,,0.1713695314455728,0.0286309106306544,,metis
com-DBLP,lspar,0.5,0.50304,9,5000,0,0.0,,,,,0.17159509689184899,0.02862027476220664,,metis
com-DBLP,dspar,0.5,0.49982,0,5000,0,0.0,,,,,0.1789139007575543,0.028610039807209442,,metis
com-DBLP,dspar,0.5,0.50061,1,5000,0,0.0,,,,,0.17938402021277156,0.028634670310104977,,metis
com-DBLP,dspar,0.5,0.50015,2,5000,0,0.0,,,,,0.1788312912015057,0.02856527521610104,,metis
com-DBLP,dspar,0.5,0.49982,3,5000,0,0.0,,,,,0.17928771931841359,0.028671632780213466,,metis
com-DBLP,dspar,0.5,0.50061,4,5000,0,0.0,,,,,0.18060248697289485,0.028630984650527484,,metis
com-DBLP,dspar,0.5,0.50015,5,5000,0,0.0,,,,,0.179601999244675,0.028635333847378742,,metis
com-DBLP,dspar,0.5,0.49982,6,5000,0,0.0,,,,,0.17798820353871914,0.028646849703887783,,metis
com-DBLP,dspar,0.5,0.50061,7,5000,0,0.0,,,,,0.17971776186150568,0.02871272156819621,,metis
com-DBLP,dspar,0.5,0.50015,8,5000,0,0.0,,,,,0.17961132037493946,0.028650802202347857,,metis
com-DBLP,dspar,0.5,0.49982,9,5000,0,0.0,,,,,0.17861057816278914,0.02865336730759323,,metis
com-DBLP,kn,0.3022,0.30411,0,5000,0,0.0,,,,,0.15650038659502225,0.028656770370769927,,metis
com-DBLP,kn,0.3022,0.30415,1,5000,0,0.0,,,,,0.15587956925800414,0.028604401918556066,,metis
com-DBLP,kn,0.3022,0.30429,2,5000,0,0.0,,,,,0.15559939872952372,0.028662183052717345,,metis
com-DBLP,kn,0.3022,0.30411,3,5000,0,0.0,,,,,0.15584615972538218,0.02860540731567915,,metis
com-DBLP,kn,0.3022,0.30415,4,5000,0,0.0,,,,,0.15596215688389448,0.028670933304737536,,metis
com-DBLP,kn,0.3022,0.30429,5,5000,0,0.0,,,,,0.1559403625969752,0.028626783662731428,,metis
com-DBLP,kn,0.3022,0.30411,6,5000,0,0.0,,,,,0.15644966347945657,0.028589197340867525,,metis
com-DBLP,kn,0.3022,0.30415,7,5000,0,0.0,,,,,0.1557683714619923,0.028647192198921624,,metis
com-DBLP,kn,0.3022,0.30429,8,5000,0,0.0,,,,,0.1554688605775859,0.0286500189239147,,metis
com-DBLP,kn,0.3022,0.30411,9,5000,0,0.0,,,,,0.15660922029901142,0.028655111463813082,,metis
com-DBLP,ld,0.3022,0.3022,0,5000,0,0.0,,,,,0.1686380634158045,0.02876623649694935,,metis
com-DBLP,ld,0.3022,0.3022,1,5000,0,0.0,,,,,0.1686380634158045,0.028776458588612733,,metis
com-DBLP,ld,0.3022,0.3022,2,5000,0,0.0,,,,,0.16898411127882657,0.02874711480610989,,metis
com-DBLP,ld,0.3022,0.3022,3,5000,0,0.0,,,,,0.16861665824086206,0.028770388750166825,,metis
com-DBLP,ld,0.3022,0.3022,4,5000,0,0.0,,,,,0.1681904169782591,0.028753639591644408,,metis
com-DBLP,ld,0.3022,0.3022,5,5000,0,0.0,,,,,0.16805664902498163,0.028744264068182687,,metis
com-DBLP,ld,0.3022,0.3022,6,5000,0,0.0,,,,,0.16921324716931924,0.028764571624676542,,metis
com-DBLP,ld,0.3022,0.3022,7,5000,0,0.0,,,,,0.16848560219327585,0.02877000088880409,,metis
com-DBLP,ld,0.3022,0.3022,8,5000,0,0.0,,,,,0.1683518734959929,0.028746688664483447,,metis
com-DBLP,ld,0.3022,0.3022,9,5000,0,0.0,,,,,0.16886776103014595,0.028748237317263593,,metis
com-DBLP,lsim,0.3022,0.30252,0,5000,0,0.0,,,,,0.14985863097097518,0.028476423580438497,,metis
com-DBLP,lsim,0.3022,0.30252,1,5000,0,0.0,,,,,0.14985863097097518,0.02851343577372774,,metis
com-DBLP,lsim,0.3022,0.30252,2,5000,0,0.0,,,,,0.14920337754482088,0.02851726214688799,,metis
com-DBLP,lsim,0.3022,0.30252,3,5000,0,0.0,,,,,0.14990449989133536,0.028453427722952777,,metis
com-DBLP,lsim,0.3022,0.30252,4,5000,0,0.0,,,,,0.14939906734364358,0.028475890515055627,,metis
com-DBLP,lsim,0.3022,0.30252,5,5000,0,0.0,,,,,0.14949736020825394,0.028518628725545378,,metis
com-DBLP,lsim,0.3022,0.30252,6,5000,0,0.0,,,,,0.14932480382677044,0.02857078686265025,,metis
com-DBLP,lsim,0.3022,0.30252,7,5000,0,0.0,,,,,0.14946562592348484,0.028462394859770257,,metis
com-DBLP,lsim,0.3022,0.30252,8,5000,0,0.0,,,,,0.14960619958519852,0.02849771421995518,,metis
com-DBLP,lsim,0.3022,0.30252,9,5000,0,0.0,,,,,0.14966035106576941,0.028497110461562822,,metis
com-DBLP,mst_jaccard,0.3022,0.3022,0,5000,0,0.0,,,,,0.18130898886276334,0.02865994196664327,,metis
com-DBLP,mst_jaccard,0.3022,0.3022,1,5000,0,0.0,,,,,0.18130898886276334,0.02870379806005497,,metis
com-DBLP,mst_jaccard,0.3022,0.3022,2,5000,0,0.0,,,,,0.18173814459493148,0.028670083416370465,,metis
com-DBLP,mst_jaccard,0.3022,0.3022,3,5000,0,0.0,,,,,0.181394523549323,0.028701964438289304,,metis
com-DBLP,mst_jaccard,0.3022,0.3022,4,5000,0,0.0,,,,,0.18081772366108956,0.02865394944071311,,metis
com-DBLP,mst_jaccard,0.3022,0.3022,5,5000,0,0.0,,,,,0.18104418026553148,0.028699032503464762,,metis
com-DBLP,mst_jaccard,0.3022,0.3022,6,5000,0,0.0,,,,,0.18154847929745077,0.028662015638932593,,metis
com-DBLP,mst_jaccard,0.3022,0.3022,7,5000,0,0.0,,,,,0.18125410373404993,0.028643449242340656,,metis
com-DBLP,mst_jaccard,0.3022,0.3022,8,5000,0,0.0,,,,,0.1805967974959838,0.028620642304080533,,metis
com-DBLP,mst_jaccard,0.3022,0.3022,9,5000,0,0.0,,,,,0.1815670124543361,0.028690765981502688,,metis
com-DBLP,mst_random,0.3022,0.3022,0,5000,0,0.0,,,,,0.18184136811714172,0.028640649344408943,,metis
com-DBLP,mst_random,0.3022,0.3022,1,5000,0,0.0,,,,,0.18138611472843255,0.028602958439566933,,metis
com-DBLP,mst_random,0.3022,0.3022,2,5000,0,0.0,,,,,0.18082905888306422,0.028659603853917495,,metis
com-DBLP,mst_random,0.3022,0.3022,3,5000,0,0.0,,,,,0.18087811409446353,0.028657766018382207,,metis
com-DBLP,mst_random,0.3022,0.3022,4,5000,0,0.0,,,,,0.1806574929535192,0.02865006349184398,,metis
com-DBLP,mst_random,0.3022,0.3022,5,5000,0,0.0,,,,,0.1819975149636182,0.02861006767235817,,metis
com-DBLP,mst_random,0.3022,0.3022,6,5000,0,0.0,,,,,0.18122330181464524,0.028670387354999403,,metis
com-DBLP,mst_random,0.3022,0.3022,7,5000,0,0.0,,,,,0.181118237648549,0.028649391597754585,,metis
com-DBLP,mst_random,0.3022,0.3022,8,5000,0,0.0,,,,,0.18154908006381829,0.028653157565815365,,metis
com-DBLP,mst_random,0.3022,0.3022,9,5000,0,0.0,,,,,0.1818795716827729,0.02867732915141252,,metis
com-DBLP,lspar,0.3022,0.24408,0,5000,0,0.0,,,,,0.13129265952759206,0.028462304979261322,,metis
com-DBLP,lspar,0.3022,0.24408,1,5000,0,0.0,,,,,0.13129265952759206,0.028470188189702983,,metis
com-DBLP,lspar,0.3022,0.24408,2,5000,0,0.0,,,,,0.13140889109494305,0.028427615967304455,,metis
com-DBLP,lspar,0.3022,0.24408,3,5000,0,0.0,,,,,0.1311011835714519,0.02840080133681635,,metis
com-DBLP,lspar,0.3022,0.24408,4,5000,0,0.0,,,,,0.13126095740823696,0.028425152781707902,,metis
com-DBLP,lspar,0.3022,0.24408,5,5000,0,0.0,,,,,0.13139695359106646,0.028443637782410863,,metis
com-DBLP,lspar,0.3022,0.24408,6,5000,0,0.0,,,,,0.13144816818585744,0.028489739517615527,,metis
com-DBLP,lspar,0.3022,0.24408,7,5000,0,0.0,,,,,0.13163022568157018,0.02843862252577339,,metis
com-DBLP,lspar,0.3022,0.24408,8,5000,0,0.0,,,,,0.13128045246717704,0.02844607200423447,,metis
com-DBLP,lspar,0.3022,0.24408,9,5000,0,0.0,,,,,0.13154568684452267,0.028379063329921426,,metis
com-DBLP,dspar,0.3022,0.30167,0,5000,0,0.0,,,,,0.1473555447415687,0.028609984471575797,,metis
com-DBLP,dspar,0.3022,0.30255,1,5000,0,0.0,,,,,0.1488708944790299,0.028593505208941827,,metis
com-DBLP,dspar,0.3022,0.3022,2,5000,0,0.0,,,,,0.15090119172070232,0.02861879729576157,,metis
com-DBLP,dspar,0.3022,0.30167,3,5000,0,0.0,,,,,0.14838213066728895,0.028643621079230935,,metis
com-DBLP,dspar,0.3022,0.30255,4,5000,0,0.0,,,,,0.1492976097591192,0.02861306405181277,,metis
com-DBLP,dspar,0.3022,0.3022,5,5000,0,0.0,,,,,0.1504997450772867,0.028591621563467055,,metis
com-DBLP,dspar,0.3022,0.30167,6,5000,0,0.0,,,,,0.14839676266255925,0.02859177777356388,,metis
com-DBLP,dspar,0.3022,0.30255,7,5000,0,0.0,,,,,0.14936350211415383,0.02863034435653624,,metis
com-DBLP,dspar,0.3022,0.3022,8,5000,0,0.0,,,,,0.15037829578623296,0.028555869728496816,,metis
com-DBLP,dspar,0.3022,0.30167,9,5000,0,0.0,,,,,0.1478938504125985,0.028638665620352523,,metis
com-DBLP,kn,0.2,0.19613,0,5000,0,0.0,,,,,0.10707997024348427,0.02844947748761347,,metis
com-DBLP,kn,0.2,0.19607,1,5000,0,0.0,,,,,0.10784927308265156,0.02846303178761206,,metis
com-DBLP,kn,0.2,0.19592,2,5000,0,0.0,,,,,0.10717228832265535,0.028454396568418548,,metis
com-DBLP,kn,0.2,0.19613,3,5000,0,0.0,,,,,0.10707755964757165,0.02846315374549733,,metis
com-DBLP,kn,0.2,0.19607,4,5000,0,0.0,,,,,0.10739554041447766,0.02851317673917668,,metis
com-DBLP,kn,0.2,0.19592,5,5000,0,0.0,,,,,0.10705546136117701,0.028513988522429718,,metis
com-DBLP,kn,0.2,0.19613,6,5000,0,0.0,,,,,0.1071832870846886,0.028422707707988985,,metis
com-DBLP,kn,0.2,0.19607,7,5000,0,0.0,,,,,0.10777172453330541,0.028457422878753698,,metis
com-DBLP,kn,0.2,0.19592,8,5000,0,0.0,,,,,0.10714791462760298,0.028527855108307465,,metis
com-DBLP,kn,0.2,0.19613,9,5000,0,0.0,,,,,0.10734637163240979,0.028472349607605002,,metis
com-DBLP,ld,0.2,0.30128,0,5000,0,0.0,,,,,0.16903852614917508,0.02872571253351441,,metis
com-DBLP,ld,0.2,0.30128,1,5000,0,0.0,,,,,0.16903852614917508,0.028736981900969294,,metis
com-DBLP,ld,0.2,0.30128,2,5000,0,0.0,,,,,0.16898498150431474,0.028701225334118577,,metis
com-DBLP,ld,0.2,0.30128,3,5000,0,0.0,,,,,0.16872191079682702,0.028775944700728757,,metis
com-DBLP,ld,0.2,0.30128,4,5000,0,0.0,,,,,0.16855650989283458,0.0287288209191705,,metis
com-DBLP,ld,0.2,0.30128,5,5000,0,0.0,,,,,0.16842785560015372,0.028736106726505735,,metis
com-DBLP,ld,0.2,0.30128,6,5000,0,0.0,,,,,0.16849047437998255,0.02883673930666336,,metis
com-DBLP,ld,0.2,0.30128,7,5000,0,0.0,,,,,0.16870033080303504,0.028733104412022918,,metis
com-DBLP,ld,0.2,0.30128,8,5000,0,0.0,,,,,0.16973180431398371,0.028710913857188318,,metis
com-DBLP,ld,0.2,0.30128,9,5000,0,0.0,,,,,0.1692095824432167,0.028751070466109453,,metis
com-DBLP,lsim,0.2,0.23374,0,5000,0,0.0,,,,,0.13122366711090358,0.028489018847634332,,metis
com-DBLP,lsim,0.2,0.23374,1,5000,0,0.0,,,,,0.13122366711090358,0.028401425665956798,,metis
com-DBLP,lsim,0.2,0.23374,2,5000,0,0.0,,,,,0.13167036981557906,0.02840398063150887,,metis
com-DBLP,lsim,0.2,0.23374,3,5000,0,0.0,,,,,0.1314890021996992,0.028408881858437464,,metis
com-DBLP,lsim,0.2,0.23374,4,5000,0,0.0,,,,,0.13119073796194164,0.028474784387588534,,metis
com-DBLP,lsim,0.2,0.23374,5,5000,0,0.0,,,,,0.13141430623005168,0.02841908584226739,,metis
com-DBLP,lsim,0.2,0.23374,6,5000,0,0.0,,,,,0.13124516663742672,0.02840858364536105,,metis
com-DBLP,lsim,0.2,0.23374,7,5000,0,0.0,,,,,0.13112899805118705,0.0284371220053192,,metis
com-DBLP,lsim,0.2,0.23374,8,5000,0,0.0,,,,,0.13126190786015762,0.028393686486741926,,metis
com-DBLP,lsim,0.2,0.23374,9,5000,0,0.0,,,,,0.13109379730981702,0.028484802857620076,,metis
com-DBLP,lspar,0.2,0.24408,0,5000,0,0.0,,,,,0.13129265952759206,0.028363773357842088,,metis
com-DBLP,lspar,0.2,0.24408,1,5000,0,0.0,,,,,0.13129265952759206,0.02843209319739113,,metis
com-DBLP,lspar,0.2,0.24408,2,5000,0,0.0,,,,,0.13140889109494305,0.028426428798472073,,metis
com-DBLP,lspar,0.2,0.24408,3,5000,0,0.0,,,,,0.1311011835714519,0.02839881007929953,,metis
com-DBLP,lspar,0.2,0.24408,4,5000,0,0.0,,,,,0.13126095740823696,0.028404058348744404,,metis
com-DBLP,lspar,0.2,0.24408,5,5000,0,0.0,,,,,0.13139695359106646,0.028425956825197267,,metis
com-DBLP,lspar,0.2,0.24408,6,5000,0,0.0,,,,,0.13144816818585744,0.02849949001601064,,metis
com-DBLP,lspar,0.2,0.24408,7,5000,0,0.0,,,,,0.13163022568157018,0.028444569730550925,,metis
com-DBLP,lspar,0.2,0.24408,8,5000,0,0.0,,,,,0.13128045246717704,0.02844876645252535,,metis
com-DBLP,lspar,0.2,0.24408,9,5000,0,0.0,,,,,0.13154568684452267,0.02837848755757382,,metis
com-DBLP,dspar,0.2,0.19962,0,5000,0,0.0,,,,,0.11458601119388855,0.028538824204217477,,metis
com-DBLP,dspar,0.2,0.20039,1,5000,0,0.0,,,,,0.1153966045276577,0.02846571759555596,,metis
com-DBLP,dspar,0.2,0.20004,2,5000,0,0.0,,,,,0.11609521172585663,0.028495446327008195,,metis
com-DBLP,dspar,0.2,0.19962,3,5000,0,0.0,,,,,0.11447512303448112,0.028490503957218333,,metis
com-DBLP,dspar,0.2,0.20039,4,5000,0,0.0,,,,,0.11598420714812369,0.028485614805337817,,metis
com-DBLP,dspar,0.2,0.20004,5,5000,0,0.0,,,,,0.11563981866532345,0.028493968557366696,,metis
com-DBLP,dspar,0.2,0.19962,6,5000,0,0.0,,,,,0.11459808077197584,0.028539156345918724,,metis
com-DBLP,dspar,0.2,0.20039,7,5000,0,0.0,,,,,0.1158676994081864,0.028569432639765566,,metis
com-DBLP,dspar,0.2,0.20004,8,5000,0,0.0,,,,,0.11601562829211766,0.028572478893430307,,metis
com-DBLP,dspar,0.2,0.19962,9,5000,0,0.0,,,,,0.1146614264649963,0.028530516927604697,,metis
