network,n,m,avg_deg,arm,k_convention,detector,stochastic,target_ret,realized_ret,realized_ret_std,param,status,matched,m_sparse,mst_floor,lspar_floor,ld_floor,lsim_floor,kn_ret_k1,Q_base_mean,Q_base_std,Q_base_best,nc_base,Q_sparse_on_sparse,Q_orig_mean,Q_orig_std,Q_orig_max,dQ_naive,dQ_vs_base_mean,dQ_vs_base_best,dQ_vs_matched,Q_matched_best,n_restarts,budget,nc_sparse,frag_nodes,frag_node_frac,n_frag_clusters,n_singletons,max_cluster_frac,frag_nodes_base,frag_node_frac_base,resmatch_done,nc_resmatch,gamma_resmatch,Q_resmatch,dQ_vs_resmatch,AMI,ARI,NMI,AMI_chance,avgF1_ge3,avgF1_chance,T_leiden_orig,T_sparsify,T_leiden_sparse,T_pipeline,speedup_pipeline,speedup_detect_only
ca-HepTh,8638,24806,5.74345913405881,kn,nc_base,metis,1,0.5,0.5015802628396355,0.0014088511373833354,1.875,ok,1,12442,0.34818189147786827,0.275981617350641,0.34656937837619933,0.27255502700959444,0.31697976296057406,0.7274528844193757,0.0014254408347021792,0.7297194218752449,49,0.862326384546685,0.6409250328221432,0.004229971587775456,0.6490011493462428,,-0.08652785159723253,-0.08879438905310166,-0.09665262616896053,0.7297194218752449,10,0.05061982945771888,49.0,0.0,0.0,0.0,0.0,0.020907617504051863,0,0.0,0,,,,,,,,,,,0.06278744020382873,0.013232731958851218,0.037387097498867664,0.05061982945771888,1.240372416826751,1.679387928034006
ca-HepTh,8638,24806,5.74345913405881,ld,nc_base,metis,0,0.5,0.510360396678223,0.0,,ok,1,12660,0.34818189147786827,0.275981617350641,0.34656937837619933,0.27255502700959444,0.31697976296057406,0.7274528844193757,0.0014254408347021792,0.7297194218752449,49,0.8046153718969072,0.6554598734961823,0.001632138744280502,0.6590208501402308,,-0.07199301092319343,-0.07425954837906257,-0.07664936327736627,0.7297194218752449,10,0.21257170038297774,49.0,0.0,0.0,0.0,0.0,0.020953924519564713,0,0.0,0,,,,,,,,,,,0.06278744020382873,0.1673897639848292,0.045181936398148534,0.21257170038297774,0.29537064477871866,1.3896580184288347
ca-HepTh,8638,24806,5.74345913405881,lsim,nc_base,metis,0,0.5,0.5008465693783763,1.1102230246251565e-16,,ok,1,12424,0.34818189147786827,0.275981617350641,0.34656937837619933,0.27255502700959444,0.31697976296057406,0.7274528844193757,0.0014254408347021792,0.7297194218752449,49,0.93418877956339,0.6587376159614589,0.0018234194787064575,0.6613532005703608,,-0.06871526845791687,-0.070981805913786,-0.0733853714743361,0.7297194218752449,10,0.10310310525237583,49.0,0.0,0.0,0.0,0.0,0.020965501273442926,0,0.0,0,,,,,,,,,,,0.06278744020382873,0.0770479169441387,0.02605518830823712,0.10310310525237583,0.6089771986026765,2.40978646790202
ca-HepTh,8638,24806,5.74345913405881,mst_jaccard,nc_base,metis,0,0.5,0.5,0.0,3766,ok,1,12403,0.34818189147786827,0.275981617350641,0.34656937837619933,0.27255502700959444,0.31697976296057406,0.7274528844193757,0.0014254408347021792,0.7297194218752449,49,0.9670950307352888,0.6949997687935994,0.002208446317531219,0.6989991605194128,,-0.03245311562577635,-0.034719653081645485,-0.03781164459766573,0.7297194218752449,10,0.042258923704503105,49.0,0.0,0.0,0.0,0.0,0.020953924519564713,0,0.0,0,,,,,,,,,,,0.06278744020382873,0.02245896600652486,0.019799957697978245,0.042258923704503105,1.4857794449019086,3.1710896135015427
ca-HepTh,8638,24806,5.74345913405881,mst_random,nc_base,metis,1,0.5,0.5,0.0,3766,ok,1,12403,0.34818189147786827,0.275981617350641,0.34656937837619933,0.27255502700959444,0.31697976296057406,0.7274528844193757,0.0014254408347021792,0.7297194218752449,49,0.8658122871587197,0.6802698232812139,0.0037548584107652545,0.685872378526185,,-0.04718306113816184,-0.049449598594030975,-0.055492358994923996,0.7297194218752449,10,0.058250315126497296,49.0,0.0,0.0,0.0,0.0,0.020953924519564713,0,0.0,0,,,,,,,,,,,0.06278744020382873,0.021853179030586034,0.03639713609591126,0.058250315126497296,1.077890137889873,1.7250654018045688
ca-HepTh,8638,24806,5.74345913405881,lspar,nc_base,metis,0,0.5,0.5006046924131259,0.0,0.265625,ok,1,12418,0.34818189147786827,0.275981617350641,0.34656937837619933,0.27255502700959444,0.31697976296057406,0.7274528844193757,0.0014254408347021792,0.7297194218752449,49,0.9331091781704667,0.6732151713372527,0.0021362666173382642,0.6762133163263884,,-0.054237713082122996,-0.05650425053799213,-0.06068699656134735,0.7297194218752449,10,0.05668772648787126,49.0,0.0,0.0,0.0,0.0,0.020942347765686497,0,0.0,0,,,,,,,,,,,0.06278744020382873,0.02816704398719594,0.02852068250067532,0.05668772648787126,1.1076020171185124,2.2014704662955396
ca-HepTh,8638,24806,5.74345913405881,dspar,nc_base,metis,1,0.5,0.49758526163025074,0.0008101674878530081,0.5,ok,1,12343,0.34818189147786827,0.275981617350641,0.34656937837619933,0.27255502700959444,0.31697976296057406,0.7274528844193757,0.0014254408347021792,0.7297194218752449,49,0.8758323383046157,0.6217740857476171,0.0027275365461987425,0.6265979235503809,,-0.10567879867175867,-0.1079453361276278,-0.1130916125208371,0.7297194218752449,10,0.04213228105800226,49.0,0.0,0.0,0.0,0.0,0.0209423477656865,0,0.0,0,,,,,,,,,,,0.06278744020382873,0.0052261409582570195,0.036906140099745244,0.04213228105800226,1.4902454514008183,1.7012735559485437
ca-HepTh,8638,24806,5.74345913405881,kn,nc_base,metis,1,0.3483,0.3445134241715714,0.0006391840030792069,1.125,ok,1,8546,0.34818189147786827,0.275981617350641,0.34656937837619933,0.27255502700959444,0.31697976296057406,0.7274528844193757,0.0014254408347021792,0.7297194218752449,49,0.9646168305534886,0.5269355419371748,0.0033189469767599985,0.532747797015946,,-0.20051734248220088,-0.20278387993807,-0.20871332742598547,0.7297194218752449,10,0.03194508901797235,49.0,0.0,0.0,0.0,0.0,0.02095392451956471,0,0.0,0,,,,,,,,,,,0.06278744020382873,0.013000041013583541,0.018945048004388808,0.03194508901797235,1.9654802078812312,3.3141874430343696
ca-HepTh,8638,24806,5.74345913405881,ld,nc_base,metis,0,0.3483,0.34834314278803513,0.0,,ok,1,8641,0.34818189147786827,0.275981617350641,0.34656937837619933,0.27255502700959444,0.31697976296057406,0.7274528844193757,0.0014254408347021792,0.7297194218752449,49,0.9565239841744566,0.593575676557512,0.003817883845857764,0.5993175948041637,,-0.13387720786186375,-0.13614374531773288,-0.14204227140756231,0.7297194218752449,10,0.08180581197957508,49.0,0.0,0.0,0.0,0.0,0.021220189858763602,0,0.0,0,,,,,,,,,,,0.06278744020382873,0.06230916298227385,0.019496648997301236,0.08180581197957508,0.7675180856282586,3.220422146006726
ca-HepTh,8638,24806,5.74345913405881,lsim,nc_base,metis,0,0.3483,0.3443521728614045,0.0,,ok,1,8542,0.34818189147786827,0.275981617350641,0.34656937837619933,0.27255502700959444,0.31697976296057406,0.7274528844193757,0.0014254408347021792,0.7297194218752449,49,0.9715939519251798,0.5786223442539437,0.0012005479770949342,0.5805045313366789,,-0.14883054016543207,-0.1510970776213012,-0.1531749985466514,0.7297194218752449,10,0.08734894216177054,49.0,0.0,0.0,0.0,0.0,0.020953924519564713,0,0.0,0,,,,,,,,,,,0.06278744020382873,0.07355129095958546,0.013797651202185079,0.08734894216177054,0.7188116839188067,4.550589030246346
ca-HepTh,8638,24806,5.74345913405881,mst_jaccard,nc_base,metis,0,0.3483,0.34830282996049344,0.0,3,ok,1,8640,0.34818189147786827,0.275981617350641,0.34656937837619933,0.27255502700959444,0.31697976296057406,0.7274528844193757,0.0014254408347021792,0.7297194218752449,49,0.9698635223765436,0.6867204556134123,0.002146118234960824,0.6908858041961212,,-0.040732428805963394,-0.04299896626183253,-0.046214786543627095,0.7297194218752449,10,0.04019305991241708,49.0,0.0,0.0,0.0,0.0,0.020953924519564713,0,0.0,0,,,,,,,,,,,0.06278744020382873,0.022437466017436236,0.017755593894980846,0.04019305991241708,1.5621463093540542,3.536206142987844
ca-HepTh,8638,24806,5.74345913405881,mst_random,nc_base,metis,1,0.3483,0.34830282996049344,0.0,3,ok,1,8640,0.34818189147786827,0.275981617350641,0.34656937837619933,0.27255502700959444,0.31697976296057406,0.7274528844193757,0.0014254408347021792,0.7297194218752449,49,0.9684751090427816,0.6866927318906917,0.003287672632822755,0.6903912001248045,,-0.040760152528684035,-0.04302668998455317,-0.051220839025681975,0.7297194218752449,10,0.03955140040488914,49.0,0.0,0.0,0.0,0.0,0.020953924519564713,0,0.0,0,,,,,,,,,,,0.06278744020382873,0.021795128006488085,0.017756272398401052,0.03955140040488914,1.5874896858536336,3.5360710173314716
ca-HepTh,8638,24806,5.74345913405881,lspar,nc_base,metis,0,0.3483,0.275981617350641,0.0,0.0,ok,0,6846,0.34818189147786827,0.275981617350641,0.34656937837619933,0.27255502700959444,0.31697976296057406,0.7274528844193757,0.0014254408347021792,0.7297194218752449,49,0.9795760902878222,0.4454852797269823,0.0010211262933388012,0.4474464544210003,,-0.2819676046923934,-0.28423414214826254,-0.28560480087390566,0.7297194218752449,10,0.053651207289658484,49.0,0.0,0.0,0.0,0.0,0.020733966195878677,0,0.0,0,,,,,,,,,,,0.06278744020382873,0.04763544799061492,0.006015759299043566,0.053651207289658484,1.1702894189285336,10.437159647296923
ca-HepTh,8638,24806,5.74345913405881,dspar,nc_base,metis,1,0.3483,0.3462750947351447,0.00043081947425359265,0.3483,ok,1,8590,0.34818189147786827,0.275981617350641,0.34656937837619933,0.27255502700959444,0.31697976296057406,0.7274528844193757,0.0014254408347021792,0.7297194218752449,49,0.9434517762821325,0.4861512079686931,0.010779332506053547,0.4995333708143281,,-0.24130167645068262,-0.24356821390655176,-0.258432872778157,0.7297194218752449,10,0.02859653572086245,49.0,0.0,0.0,0.0,0.0,0.020942347765686497,0,0.0,0,,,,,,,,,,,0.06278744020382873,0.0054719619220122695,0.02312457379885018,0.02859653572086245,2.1956309958909634,2.7151825910387464
ca-HepTh,8638,24806,5.74345913405881,kn,nc_base,metis,1,0.2,0.20178988954285254,0.0030456974840925746,0.625,ok,1,5006,0.34818189147786827,0.275981617350641,0.34656937837619933,0.27255502700959444,0.31697976296057406,0.7274528844193757,0.0014254408347021792,0.7297194218752449,49,0.9795303845714267,0.24994800374927822,0.003324381154297068,0.2542392645068114,,-0.4775048806700975,-0.47977141812596663,-0.4853088256412124,0.7297194218752449,10,0.017153535911347717,49.0,0.0,0.0,0.0,0.0,0.020826580226904375,0,0.0,0,,,,,,,,,,,0.06278744020382873,0.011908632004633546,0.005244903906714171,0.017153535911347717,3.6603205617969676,11.971132611877312
ca-HepTh,8638,24806,5.74345913405881,ld,nc_base,metis,0,0.2,0.34656937837619933,0.0,,ok,0,8597,0.34818189147786827,0.275981617350641,0.34656937837619933,0.27255502700959444,0.31697976296057406,0.7274528844193757,0.0014254408347021792,0.7297194218752449,49,0.9621111313598969,0.5960091784471965,0.0028361419952844316,0.6002610906445515,,-0.13144370597217925,-0.13371024342804838,-0.1379064419846403,0.7297194218752449,10,0.12558296299539506,49.0,0.0,0.0,0.0,0.0,0.021069692058346835,0,0.0,0,,,,,,,,,,,0.06278744020382873,0.10962202900554985,0.015960933989845216,0.12558296299539506,0.4999678197283102,3.9338199283184694
ca-HepTh,8638,24806,5.74345913405881,lsim,nc_base,metis,0,0.2,0.2725550270095944,5.551115123125783e-17,,ok,0,6761,0.34818189147786827,0.275981617350641,0.34656937837619933,0.27255502700959444,0.31697976296057406,0.7274528844193757,0.0014254408347021792,0.7297194218752449,49,0.9795842897836615,0.4435953091937968,0.0007865814411189776,0.444678182336957,,-0.2838575752255789,-0.28612411268144805,-0.28783361627501663,0.7297194218752449,10,0.0696213333401829,49.0,0.0,0.0,0.0,0.0,0.020791849965269737,0,0.0,0,,,,,,,,,,,0.06278744020382873,0.06391838093986735,0.005702952400315553,0.0696213333401829,0.9018419669878701,11.009637779960185
ca-HepTh,8638,24806,5.74345913405881,lspar,nc_base,metis,0,0.2,0.275981617350641,0.0,0.0,floor,0,6846,0.34818189147786827,0.275981617350641,0.34656937837619933,0.27255502700959444,0.31697976296057406,0.7274528844193757,0.0014254408347021792,0.7297194218752449,49,0.9795760902878222,0.4454852797269823,0.0010211262933388012,0.4474464544210003,,-0.2819676046923934,-0.28423414214826254,-0.28560480087390566,0.7297194218752449,10,0.030488044797675685,49.0,0.0,0.0,0.0,0.0,0.020733966195878677,0,0.0,0,,,,,,,,,,,0.06278744020382873,0.024433284997940063,0.0060547597997356204,0.030488044797675685,2.059411832424736,10.369930811552646
ca-HepTh,8638,24806,5.74345913405881,dspar,nc_base,metis,1,0.2,0.19806901556075143,0.0009866435860134489,0.2,ok,1,4913,0.34818189147786827,0.275981617350641,0.34656937837619933,0.27255502700959444,0.31697976296057406,0.7274528844193757,0.0014254408347021792,0.7297194218752449,49,0.9779733594749296,0.25804891820398906,0.007592822731561876,0.2671486154635273,,-0.46940396621538666,-0.4716705036712558,-0.48071910312991134,0.7297194218752449,10,0.010355412564240395,49.0,0.0,0.0,0.0,0.0,0.020872887242417225,0,0.0,0,,,,,,,,,,,0.06278744020382873,0.004042040964122862,0.006313371600117535,0.010355412564240395,6.063248548942232,9.94515200129513
email-Eu-core,986,16064,32.5841784989858,kn,nc_base,metis,1,0.5,0.5031499003984065,0.0012942220114458259,12.5,ok,1,8083,0.06131723107569721,0.05334910358565737,0.06131723107569721,0.05341135458167331,0.060445717131474105,0.3678733502711018,0.009648993374563205,0.38023840736406966,8,0.4882675282138604,0.3853521131640023,0.005317154852573924,0.3922837755210482,,0.017478762892900512,0.005113705799932644,-0.004453031065479174,0.38023840736406966,10,0.013319001294439659,8.0,0.0,0.0,0.0,0.0,0.12586206896551727,0,0.0,0,,,,,0.5335737038332957,0.368981832703714,0.5587117919102499,-0.0018396047649451262,,,0.01074766792007722,0.006107844004873186,0.0072111572895664725,0.013319001294439659,0.8069424788301579,1.490422062437548
email-Eu-core,986,16064,32.5841784989858,ld,nc_base,metis,0,0.5,0.4999377490039841,0.0,,ok,1,8031,0.06131723107569721,0.05334910358565737,0.06131723107569721,0.05341135458167331,0.060445717131474105,0.3678733502711018,0.009648993374563205,0.38023840736406966,8,0.23453570161235965,0.26164762598944363,0.009792375352486223,0.27780641045442234,,-0.10622572428165816,-0.11859078137462603,-0.13315177257851074,0.38023840736406966,10,0.06533915865584276,8.0,0.0,0.0,0.0,0.0,0.12626774847870184,0,0.0,0,,,,,0.30791372824930474,0.17803620375380785,0.32733338705929765,-0.001800327585940193,,,0.01074766792007722,0.058144866954535246,0.00719429170130752,0.06533915865584276,0.16449045474686627,1.4939160609965112
email-Eu-core,986,16064,32.5841784989858,lsim,nc_base,metis,0,0.5,0.5001245019920317,1.1102230246251565e-16,,ok,1,8034,0.06131723107569721,0.05334910358565737,0.06131723107569721,0.05341135458167331,0.060445717131474105,0.3678733502711018,0.009648993374563205,0.38023840736406966,8,0.6342807119406453,0.3530700194351454,0.005344658757605346,0.36232146124478676,,-0.014803330835956419,-0.027168387928924287,-0.03440085601939846,0.38023840736406966,10,0.06656886443379335,8.0,0.0,0.0,0.0,0.0,0.12626774847870184,0,0.0,0,,,,,0.48936835077596463,0.3135022977189554,0.5063329648787221,-0.004718951422111617,,,0.01074766792007722,0.06044965592445806,0.0061192085093352945,0.06656886443379335,0.16145187410799844,1.7563820392262948
email-Eu-core,986,16064,32.5841784989858,mst_jaccard,nc_base,metis,0,0.5,0.5,0.0,7047,ok,1,8032,0.06131723107569721,0.05334910358565737,0.06131723107569721,0.05341135458167331,0.060445717131474105,0.3678733502711018,0.009648993374563205,0.38023840736406966,8,0.6286622140050356,0.3468135230724884,0.0056254362027291305,0.35387692801379156,,-0.02105982719861338,-0.03342488429158125,-0.04265459831800794,0.38023840736406966,10,0.07397091109887696,8.0,0.0,0.0,0.0,0.0,0.12768762677484785,0,0.0,0,,,,,0.47934317727399456,0.3301911615302899,0.527489569603541,0.0003400246402349811,,,0.01074766792007722,0.06798460299614817,0.005986308102728799,0.07397091109887696,0.14529587050389045,1.7953750016939494
email-Eu-core,986,16064,32.5841784989858,mst_random,nc_base,metis,1,0.5,0.5,0.0,7047,ok,1,8032,0.06131723107569721,0.05334910358565737,0.06131723107569721,0.05341135458167331,0.060445717131474105,0.3678733502711018,0.009648993374563205,0.38023840736406966,8,0.4205798661677989,0.3635655476326765,0.014007589674534277,0.38383573718385916,,-0.004307802638425284,-0.016672859731393153,-0.0418012841872053,0.38023840736406966,10,0.07473035920993425,8.0,0.0,0.0,0.0,0.0,0.1259634888438134,0,0.0,0,,,,,0.4714079911978136,0.3563158100823173,0.5335898687124827,-0.005236760008480621,,,0.01074766792007722,0.06718762801028788,0.0075427311996463684,0.07473035920993425,0.14381929959529063,1.424904008322756
email-Eu-core,986,16064,32.5841784989858,lspar,nc_base,metis,0,0.5,0.5020542828685259,0.0,0.7265625,ok,1,8065,0.06131723107569721,0.05334910358565737,0.06131723107569721,0.05341135458167331,0.060445717131474105,0.3678733502711018,0.009648993374563205,0.38023840736406966,8,0.6406604122041579,0.35695374220095466,0.006631112259732778,0.3666342900001092,,-0.010919608070147135,-0.023284665163115004,-0.03290572381167561,0.38023840736406966,10,0.07661858213832602,8.0,0.0,0.0,0.0,0.0,0.1261663286004057,0,0.0,0,,,,,0.5068733138458482,0.34776973881623185,0.5406508502310143,0.004651997228062898,,,0.01074766792007722,0.07054310705279931,0.006075475085526705,0.07661858213832602,0.14027495184749758,1.7690250998939725
email-Eu-core,986,16064,32.5841784989858,dspar,nc_base,metis,1,0.5,0.4981573705179283,0.0030280102837067367,0.5,ok,1,8002,0.06131723107569721,0.05334910358565737,0.06131723107569721,0.05341135458167331,0.060445717131474105,0.3678733502711018,0.009648993374563205,0.38023840736406966,8,0.5036036356168706,0.3831388085295769,0.004934328167627274,0.38859254024427686,,0.015265458258475084,0.002900401165507216,-0.006693853786795045,0.38023840736406966,10,0.010581004613777622,8.0,0.0,0.0,0.0,0.0,0.12576064908722112,0,0.0,0,,,,,0.5275577705160176,0.3782181210602545,0.5720351198721101,-0.002471110514729364,,,0.01074766792007722,0.003580395015887916,0.007000609597889706,0.010581004613777622,1.0157511798154386,1.5352474337830584
email-Eu-core,986,16064,32.5841784989858,kn,nc_base,metis,1,0.2,0.19681897410358565,0.0004101485659867753,3.75,ok,1,3162,0.06131723107569721,0.05334910358565737,0.06131723107569721,0.05341135458167331,0.060445717131474105,0.3678733502711018,0.009648993374563205,0.38023840736406966,8,0.5466082344059615,0.3335180300182487,0.008454650376939253,0.3435822044243345,,-0.034355320252853094,-0.04672037734582096,-0.06635834494442555,0.38023840736406966,10,0.011010671715484931,8.0,0.0,0.0,0.0,0.0,0.12576064908722112,0,0.0,0,,,,,0.4550241576605978,0.31470409137506344,0.49481841303924623,0.004672325195607166,,,0.01074766792007722,0.006363906024489552,0.0046467656909953805,0.011010671715484931,0.9761137374536528,2.3129351972500616
email-Eu-core,986,16064,32.5841784989858,ld,nc_base,metis,0,0.2,0.20032370517928286,0.0,,ok,1,3218,0.06131723107569721,0.05334910358565737,0.06131723107569721,0.05341135458167331,0.060445717131474105,0.3678733502711018,0.009648993374563205,0.38023840736406966,8,0.34437634445152177,0.12173862366147956,0.010835180241067107,0.14126095491973836,,-0.24613472660962224,-0.2584997837025901,-0.27402109533727637,0.38023840736406966,10,0.0497424284752924,8.0,0.0,0.0,0.0,0.0,0.12626774847870184,0,0.0,0,,,,,0.15159562911993532,0.06648049574245887,0.1854064835587418,-0.0021479708119407576,,,0.01074766792007722,0.045334193971939385,0.004408234503353014,0.0497424284752924,0.21606640949216427,2.438088970063247
email-Eu-core,986,16064,32.5841784989858,lsim,nc_base,metis,0,0.2,0.1999501992031872,2.7755575615628914e-17,,ok,1,3212,0.06131723107569721,0.05334910358565737,0.06131723107569721,0.05341135458167331,0.060445717131474105,0.3678733502711018,0.009648993374563205,0.38023840736406966,8,0.7627880407221365,0.35600071913386044,0.012015857045200085,0.37697728485026527,,-0.011872631137241352,-0.02423768823020922,-0.04071662142205584,0.38023840736406966,10,0.13207106460467913,8.0,0.0,0.0,0.0,0.0,0.12647058823529414,0,0.0,0,,,,,0.5261433898039809,0.33946184003358526,0.5455020602380447,0.006409546725188951,,,0.01074766792007722,0.12858096091076732,0.0034901036939118057,0.13207106460467913,0.08137791538402153,3.079469512274271
email-Eu-core,986,16064,32.5841784989858,mst_jaccard,nc_base,metis,0,0.2,0.2000124501992032,0.0,2228,ok,1,3213,0.06131723107569721,0.05334910358565737,0.06131723107569721,0.05341135458167331,0.060445717131474105,0.3678733502711018,0.009648993374563205,0.38023840736406966,8,0.8064887053829036,0.33283936608676107,0.009416778935208847,0.34615842066246977,,-0.03503398418434073,-0.047399041277308596,-0.06217680557029853,0.38023840736406966,10,0.0718194477551151,8.0,0.0,0.0,0.0,0.0,0.12667342799188644,0,0.0,0,,,,,0.4931272612931667,0.28829955868733026,0.5066516434789943,-0.009799547060263989,,,0.01074766792007722,0.06882082804804668,0.0029986197070684282,0.0718194477551151,0.14964843445641438,3.5842050576612046
email-Eu-core,986,16064,32.5841784989858,mst_random,nc_base,metis,1,0.2,0.2000124501992032,0.0,2228,ok,1,3213,0.06131723107569721,0.05334910358565737,0.06131723107569721,0.05341135458167331,0.060445717131474105,0.3678733502711018,0.009648993374563205,0.38023840736406966,8,0.5134944319049332,0.3346862412231676,0.012121094559599553,0.35483167321376846,,-0.033187109047934205,-0.04555216614090207,-0.06500429083900955,0.38023840736406966,10,0.07175792645430193,8.0,0.0,0.0,0.0,0.0,0.12576064908722112,0,0.0,0,,,,,0.44886720204088243,0.2766934154220384,0.4545947557524782,0.001139958128748442,,,0.01074766792007722,0.06722050905227661,0.0045374174020253125,0.07175792645430193,0.14977673479628384,2.368675166468025
email-Eu-core,986,16064,32.5841784989858,lspar,nc_base,metis,0,0.2,0.2014442231075697,0.0,0.421875,ok,1,3236,0.06131723107569721,0.05334910358565737,0.06131723107569721,0.05341135458167331,0.060445717131474105,0.3678733502711018,0.009648993374563205,0.38023840736406966,8,0.7687532181988476,0.35127249072993383,0.010893739387302545,0.3709966940163896,,-0.016600859541167967,-0.028965916634135835,-0.05016697093597733,0.38023840736406966,10,0.0734003426216077,8.0,0.0,0.0,0.0,0.0,0.12606490872210951,0,0.0,0,,,,,0.5250234549462176,0.36715304938519266,0.5674518245091607,0.0032925401012041788,,,0.01074766792007722,0.06997181702172384,0.003428525599883869,0.0734003426216077,0.14642530996733122,3.134778378333026
email-Eu-core,986,16064,32.5841784989858,dspar,nc_base,metis,1,0.2,0.19881100597609563,0.002299590888952949,0.2,ok,1,3194,0.06131723107569721,0.05334910358565737,0.06131723107569721,0.05341135458167331,0.060445717131474105,0.3678733502711018,0.009648993374563205,0.38023840736406966,8,0.5463254378986647,0.3283481539712043,0.011317337755137569,0.3494948012357938,,-0.03952519629989748,-0.05189025339286535,-0.07558329617287829,0.38023840736406966,10,0.007223794638412074,8.0,0.0,0.0,0.0,0.0,0.12576064908722112,0,0.0,0,,,,,0.45734942482464946,0.30379927266869033,0.49120975166782405,0.0010036181183874385,,,0.01074766792007722,0.0025852530379779637,0.00463854160043411,0.007223794638412074,1.487814709311803,2.3170360095663196
email-Eu-core,986,16064,32.5841784989858,kn,gt,metis,1,0.5,0.5031499003984065,0.0012942220114458259,12.5,ok,1,8083,0.06131723107569721,0.05334910358565737,0.06131723107569721,0.05341135458167331,0.060445717131474105,0.20828228420977446,0.0,0.20828228420977446,42,0.31501441183220946,0.20395876555871878,0.0013659850270582128,0.20510814219466747,,-0.00432351865105568,-0.00432351865105568,-0.006389545078525599,0.20828228420977446,10,0.05160475505399518,42.0,0.0,0.0,0.0,0.0,0.02434077079107505,0,0.0,0,,,,,0.522566809620518,0.2915369759415776,0.6097880346000848,-0.0040290536041129215,,,0.056160725513473155,0.005839679040946066,0.04576507601304911,0.05160475505399518,1.088285865415134,1.227152457858038
email-Eu-core,986,16064,32.5841784989858,ld,gt,metis,0,0.5,0.4999377490039841,0.0,,ok,1,8031,0.06131723107569721,0.05334910358565737,0.06131723107569721,0.05341135458167331,0.060445717131474105,0.20828228420977446,0.0,0.20828228420977446,42,0.14773083649631183,0.10605384309686054,0.0,0.10605384309686054,,-0.10222844111291392,-0.10222844111291392,-0.10222844111291392,0.20828228420977446,10,0.0924828099901788,42.0,7.0,0.007099391480730221,1.0,0.0,0.02434077079107505,0,0.0,0,,,,,0.2849484110111976,0.13625379692303702,0.4317823710016441,-0.005782935979351209,,,0.056160725513473155,0.049640610988717526,0.042842199001461266,0.0924828099901788,0.6072558296989152,1.310874017264091
email-Eu-core,986,16064,32.5841784989858,lsim,gt,metis,0,0.5,0.5001245019920317,1.1102230246251565e-16,,ok,1,8034,0.06131723107569721,0.05334910358565737,0.06131723107569721,0.05341135458167331,0.060445717131474105,0.20828228420977446,0.0,0.20828228420977446,42,0.38268739330337964,0.19587358050368248,0.0,0.19587358050368248,,-0.012408703706091984,-0.012408703706091984,-0.012408703706091984,0.20828228420977446,10,0.11203272308921441,42.0,0.0,0.0,0.0,0.0,0.02434077079107505,0,0.0,0,,,,,0.5408020751523338,0.3149155858679037,0.635376294514978,-0.001249377989372815,,,0.056160725513473155,0.0741025889874436,0.03793013410177082,0.11203272308921441,0.5012885875205496,1.480636091683399
email-Eu-core,986,16064,32.5841784989858,mst_jaccard,gt,metis,0,0.5,0.5,0.0,7047,ok,1,8032,0.06131723107569721,0.05334910358565737,0.06131723107569721,0.05341135458167331,0.060445717131474105,0.20828228420977446,0.0,0.20828228420977446,42,0.32599660806475295,0.17878787351527659,0.0,0.17878787351527659,,-0.029494410694497875,-0.029494410694497875,-0.029494410694497875,0.20828228420977446,10,0.10686506063211709,42.0,0.0,0.0,0.0,0.0,0.02434077079107505,0,0.0,0,,,,,0.5188657088395626,0.2936648468809576,0.6179795887138512,0.002463118674519619,,,0.056160725513473155,0.06919069093419239,0.0376743696979247,0.10686506063211709,0.5255293468349437,1.4906878592468336
email-Eu-core,986,16064,32.5841784989858,mst_random,gt,metis,1,0.5,0.5,0.0,7047,ok,1,8032,0.06131723107569721,0.05334910358565737,0.06131723107569721,0.05341135458167331,0.060445717131474105,0.20828228420977446,0.0,0.20828228420977446,42,0.26296000323903596,0.1888584679428451,0.0075627749649283225,0.1957678692910132,,-0.01942381626692935,-0.01942381626692935,-0.03074995368377098,0.20828228420977446,10,0.11256669012364,42.0,0.0,0.0,0.0,0.0,0.02434077079107505,0,0.0,0,,,,,0.501532356075878,0.29220167966295724,0.610926551137324,0.007673358169910736,,,0.056160725513473155,0.06838124291971326,0.04418544720392674,0.11256669012364,0.4989106942008141,1.271023132441719
email-Eu-core,986,16064,32.5841784989858,lspar,gt,metis,0,0.5,0.5020542828685259,0.0,0.7265625,ok,1,8065,0.06131723107569721,0.05334910358565737,0.06131723107569721,0.05341135458167331,0.060445717131474105,0.20828228420977446,0.0,0.20828228420977446,42,0.38624046946519863,0.1967675589040749,0.0,0.1967675589040749,,-0.011514725305699552,-0.011514725305699552,-0.011514725305699552,0.20828228420977446,10,0.11165768200298772,42.0,0.0,0.0,0.0,0.0,0.02434077079107505,0,0.0,0,,,,,0.5430027039413081,0.3109401271182254,0.6371395898999906,0.00705550254700074,,,0.056160725513473155,0.07220838300418109,0.03944929899880663,0.11165768200298772,0.5029723392607274,1.4236178319714137
email-Eu-core,986,16064,32.5841784989858,dspar,gt,metis,1,0.5,0.4981573705179283,0.0030280102837067367,0.5,ok,1,8002,0.06131723107569721,0.05334910358565737,0.06131723107569721,0.05341135458167331,0.060445717131474105,0.20828228420977446,0.0,0.20828228420977446,42,0.3239872948285485,0.20848803684973755,0.004012919462598726,0.21250580154171664,,0.00020575263996308601,0.00020575263996308601,-0.004653252264225,0.20828228420977446,10,0.04969351056497544,42.0,0.0,0.0,0.0,0.0,0.02434077079107505,0,0.0,0,,,,,0.5403061957160687,0.306429471453697,0.627588612935384,0.008934176728934883,,,0.056160725513473155,0.00314294797135517,0.04655056259362027,0.04969351056497544,1.130142042189627,1.206445687966185
email-Eu-core,986,16064,32.5841784989858,kn,gt,metis,1,0.2,0.19681897410358565,0.0004101485659867753,3.75,ok,1,3162,0.06131723107569721,0.05334910358565737,0.06131723107569721,0.05341135458167331,0.060445717131474105,0.20828228420977446,0.0,0.20828228420977446,42,0.44072264089574115,0.16062690322034817,0.001608853022713589,0.16232984986101412,,-0.04765538098942629,-0.04765538098942629,-0.0495859022203021,0.20828228420977446,10,0.039583459740970287,42.0,0.0,0.0,0.0,0.0,0.02434077079107505,0,0.0,0,,,,,0.4545988811654179,0.22930587490327642,0.551315035616599,0.0016268350547579817,,,0.056160725513473155,0.0063971070339903235,0.03318635270697996,0.039583459740970287,1.4187927452775133,1.6922837531845154
email-Eu-core,986,16064,32.5841784989858,ld,gt,metis,0,0.2,0.20032370517928286,0.0,,ok,1,3218,0.06131723107569721,0.05334910358565737,0.06131723107569721,0.05341135458167331,0.060445717131474105,0.20828228420977446,0.0,0.20828228420977446,42,0.2501986862277561,0.06711923006430447,1.3877787807814457e-17,0.06711923006430448,,-0.14116305414546998,-0.14116305414546998,-0.14116305414546998,0.20828228420977446,10,0.14640175938839092,42.0,0.0,0.0,0.0,0.0,0.02434077079107505,0,0.0,0,,,,,0.19226777990277652,0.08047537706311582,0.3586650615153345,-0.0040139925939597625,,,0.056160725513473155,0.11844114499399439,0.027960614394396545,0.14640175938839092,0.3836069030050637,2.0085655029357317
email-Eu-core,986,16064,32.5841784989858,lsim,gt,metis,0,0.2,0.1999501992031872,2.7755575615628914e-17,,ok,1,3212,0.06131723107569721,0.05334910358565737,0.06131723107569721,0.05341135458167331,0.060445717131474105,0.20828228420977446,0.0,0.20828228420977446,42,0.6066653555549011,0.17718368968411702,0.0,0.17718368968411702,,-0.03109859452565744,-0.03109859452565744,-0.03109859452565744,0.20828228420977446,10,0.053618486743653195,42.0,0.0,0.0,0.0,0.0,0.02434077079107505,0,0.0,0,,,,,0.5492986983081323,0.3147063977449879,0.6421467228817684,0.00855650121319957,,,0.056160725513473155,0.028534964949358255,0.02508352179429494,0.053618486743653195,1.0474134747960018,2.2389489790961687
email-Eu-core,986,16064,32.5841784989858,mst_jaccard,gt,metis,0,0.2,0.2000124501992032,0.0,2228,ok,1,3213,0.06131723107569721,0.05334910358565737,0.06131723107569721,0.05341135458167331,0.060445717131474105,0.20828228420977446,0.0,0.20828228420977446,42,0.579244382332938,0.17128243748115107,2.7755575615628914e-17,0.1712824374811511,,-0.03699984672862339,-0.03699984672862339,-0.03699984672862336,0.20828228420977446,10,0.08990313755930401,42.0,0.0,0.0,0.0,0.0,0.02434077079107505,0,0.0,0,,,,,0.5443269596212328,0.30065055157567777,0.6382004157828214,-0.006941115455646516,,,0.056160725513473155,0.06917990394867957,0.020723233610624447,0.08990313755930401,0.6246803731007396,2.7100367910093195
email-Eu-core,986,16064,32.5841784989858,mst_random,gt,metis,1,0.2,0.2000124501992032,0.0,2228,ok,1,3213,0.06131723107569721,0.05334910358565737,0.06131723107569721,0.05341135458167331,0.060445717131474105,0.20828228420977446,0.0,0.20828228420977446,42,0.415512174368658,0.1592485739778684,0.00267448420649662,0.16323147206678768,,-0.04903371023190606,-0.04903371023190606,-0.05135673069673505,0.20828228420977446,10,0.09915194823988713,42.0,0.0,0.0,0.0,0.0,0.02434077079107505,0,0.0,0,,,,,0.46440010783335184,0.247678424835867,0.5662103420311708,-0.0026982688349703027,,,0.056160725513473155,0.06837778893532231,0.03077415930456482,0.09915194823988713,0.5664107111400224,1.8249312664454387
email-Eu-core,986,16064,32.5841784989858,lspar,gt,metis,0,0.2,0.2014442231075697,0.0,0.421875,ok,1,3236,0.06131723107569721,0.05334910358565737,0.06131723107569721,0.05341135458167331,0.060445717131474105,0.20828228420977446,0.0,0.20828228420977446,42,0.618386314881562,0.18739115569904147,0.0,0.18739115569904147,,-0.020891128510732992,-0.020891128510732992,-0.020891128510732992,0.20828228420977446,10,0.09675816581002436,42.0,0.0,0.0,0.0,0.0,0.02434077079107505,0,0.0,0,,,,,0.5574030841942033,0.31904433053402276,0.6485793047154531,-0.000504023913193293,,,0.056160725513473155,0.07139159500366077,0.0253665708063636,0.09675816581002436,0.5804236267121837,2.213966008341355
email-Eu-core,986,16064,32.5841784989858,dspar,gt,metis,1,0.2,0.19881100597609563,0.002299590888952949,0.2,ok,1,3194,0.06131723107569721,0.05334910358565737,0.06131723107569721,0.05341135458167331,0.060445717131474105,0.20828228420977446,0.0,0.20828228420977446,42,0.4573924497070706,0.15603721699667966,0.006031216224223614,0.16307274055235738,,-0.0522450672130948,-0.0522450672130948,-0.059307654296285955,0.20828228420977446,10,0.03494674217654392,42.0,0.0,0.0,0.0,0.0,0.02434077079107505,0,0.0,0,,,,,0.45669162770482413,0.25619522689167235,0.5833327887410625,-0.002526538788925491,,,0.056160725513473155,0.0035329239908605814,0.03141381818568334,0.03494674217654392,1.6070375095269382,1.787771393515866
ca-CondMat,21363,91286,8.546177971258718,kn,nc_base,metis,1,0.5,0.502928159849265,0.0004905659612712128,2.875,ok,1,45910,0.2340117871305567,0.18619503538330084,0.23370505882610695,0.17734373288346517,0.21766755033630567,0.7018383904093024,0.001704238729911249,0.7050061694461243,55,0.8097425939063926,0.644826147868801,0.003026052644207458,0.6516681736355501,,-0.05701224254050141,-0.06018002157732327,-0.06449019548419566,0.7050061694461243,10,0.144457540725125,55.0,0.0,0.0,0.0,0.0,0.0186631091138885,0,0.0,0,,,,,,,,,,,0.13894100000616164,0.055733341025188565,0.08872419969993643,0.144457540725125,0.9618120266254546,1.5659876389537182
ca-CondMat,21363,91286,8.546177971258718,ld,nc_base,metis,0,0.5,0.5000438183292071,0.0,,ok,1,45647,0.2340117871305567,0.18619503538330084,0.23370505882610695,0.17734373288346517,0.21766755033630567,0.7018383904093024,0.001704238729911249,0.7050061694461243,55,0.7275348343056438,0.6395510637676551,0.00263006646637021,0.6432383097668437,,-0.06228732664164727,-0.06545510567846913,-0.07002168215276805,0.7050061694461243,10,0.3427399980602786,55.0,0.0,0.0,0.0,0.0,0.018700557037869214,0,0.0,0,,,,,,,,,,,0.13894100000616164,0.24649281497113407,0.09624718308914453,0.3427399980602786,0.4053830915343756,1.4435851060438198
ca-CondMat,21363,91286,8.546177971258718,lsim,nc_base,metis,0,0.5,0.4974366277413843,1.1102230246251565e-16,,ok,1,45409,0.2340117871305567,0.18619503538330084,0.23370505882610695,0.17734373288346517,0.21766755033630567,0.7018383904093024,0.001704238729911249,0.7050061694461243,55,0.9154038569642224,0.6410195244331824,0.0008336153576183034,0.6428792765899807,,-0.06081886597611996,-0.06398664501294182,-0.06508274999260555,0.7050061694461243,10,0.36409755583736114,55.0,0.0,0.0,0.0,0.0,0.01870991901886439,0,0.0,0,,,,,,,,,,,0.13894100000616164,0.3086191590409726,0.05547839679638855,0.36409755583736114,0.3816037701396305,2.504416277854774
ca-CondMat,21363,91286,8.546177971258718,mst_jaccard,nc_base,metis,0,0.5,0.5,0.0,24281,ok,1,45643,0.2340117871305567,0.18619503538330084,0.23370505882610695,0.17734373288346517,0.21766755033630567,0.7018383904093024,0.001704238729911249,0.7050061694461243,55,0.9589638586909353,0.6608068801731262,0.0016187524783383184,0.663436887831292,,-0.04103151023617624,-0.0441992892729981,-0.04575604722475779,0.7050061694461243,10,0.13888395889662206,55.0,0.0,0.0,0.0,0.0,0.01872396199035716,0,0.0,0,,,,,,,,,,,0.13894100000616164,0.09477844799403101,0.04410551090259105,0.13888395889662206,1.0004107105672444,3.1501959089198377
ca-CondMat,21363,91286,8.546177971258718,mst_random,nc_base,metis,1,0.5,0.5,0.0,24281,ok,1,45643,0.2340117871305567,0.18619503538330084,0.23370505882610695,0.17734373288346517,0.21766755033630567,0.7018383904093024,0.001704238729911249,0.7050061694461243,55,0.7939008949040998,0.6694196218267464,0.0022548486785375715,0.6733368708412373,,-0.03241876858255599,-0.03558654761937785,-0.03904405694964097,0.7050061694461243,10,0.17519909556140192,55.0,0.0,0.0,0.0,0.0,0.018709919018864395,0,0.0,0,,,,,,,,,,,0.13894100000616164,0.09072267095325515,0.08447642460814678,0.17519909556140192,0.7930463314376361,1.6447310672848052
ca-CondMat,21363,91286,8.546177971258718,lspar,nc_base,metis,0,0.5,0.49717371776614155,0.0,0.5,ok,1,45385,0.2340117871305567,0.18619503538330084,0.23370505882610695,0.17734373288346517,0.21766755033630567,0.7018383904093024,0.001704238729911249,0.7050061694461243,55,0.9122038710854797,0.6485475388555733,0.002443352754869737,0.6519101971706779,,-0.053290851553729146,-0.05645863059055101,-0.06049258890358533,0.7050061694461243,10,0.16763105238205753,55.0,0.0,0.0,0.0,0.0,0.018681833075878857,0,0.0,0,,,,,,,,,,,0.13894100000616164,0.10771183698670939,0.05991921539534815,0.16763105238205753,0.8288500133584633,2.318805396389559
ca-CondMat,21363,91286,8.546177971258718,dspar,nc_base,metis,1,0.5,0.499697653528471,0.0016882159350974616,0.5,ok,1,45615,0.2340117871305567,0.18619503538330084,0.23370505882610695,0.17734373288346517,0.21766755033630567,0.7018383904093024,0.001704238729911249,0.7050061694461243,55,0.8193294954309699,0.6354065185466751,0.0023307960904983788,0.6394106429753524,,-0.06643187186262733,-0.0695996508994492,-0.074572558921146,0.7050061694461243,10,0.10512364429305307,55.0,0.0,0.0,0.0,0.0,0.01865374713289332,0,0.0,0,,,,,,,,,,,0.13894100000616164,0.020428702991921455,0.08469494130113162,0.10512364429305307,1.3216912421608593,1.640487588416396
ca-CondMat,21363,91286,8.546177971258718,kn,nc_base,metis,1,0.2342,0.23093245404552723,0.0025968481419753322,1.0625,ok,1,21081,0.2340117871305567,0.18619503538330084,0.23370505882610695,0.17734373288346517,0.21766755033630567,0.7018383904093024,0.001704238729911249,0.7050061694461243,55,0.9740663391094387,0.44311787729515056,0.00443222634504788,0.45132314265796303,,-0.25872051311415184,-0.2618882921509737,-0.26741171371443073,0.7050061694461243,10,0.08226229936117306,55.0,0.0,0.0,0.0,0.0,0.018686514066376447,0,0.0,0,,,,,,,,,,,0.13894100000616164,0.05224366096081212,0.030018638400360943,0.08226229936117306,1.6889997129321712,4.628491077879502
ca-CondMat,21363,91286,8.546177971258718,ld,nc_base,metis,0,0.2342,0.2341980150296869,2.7755575615628914e-17,,ok,1,21379,0.2340117871305567,0.18619503538330084,0.23370505882610695,0.17734373288346517,0.21766755033630567,0.7018383904093024,0.001704238729911249,0.7050061694461243,55,0.947877121239321,0.5256899035933825,0.002653610547886559,0.5307620463412034,,-0.17614848681591988,-0.17931626585274174,-0.1821211566563935,0.7050061694461243,10,0.26445610338123515,55.0,0.0,0.0,0.0,0.0,0.01872396199035716,0,0.0,0,,,,,,,,,,,0.13894100000616164,0.23552128399023786,0.02893481939099729,0.26445610338123515,0.525383979532765,4.8018616646140675
ca-CondMat,21363,91286,8.546177971258718,lsim,nc_base,metis,0,0.2342,0.23321210262252698,2.7755575615628914e-17,,ok,1,21289,0.2340117871305567,0.18619503538330084,0.23370505882610695,0.17734373288346517,0.21766755033630567,0.7018383904093024,0.001704238729911249,0.7050061694461243,55,0.9778993162595208,0.48937375130200067,0.0015309285950810504,0.49233250580583854,,-0.21246463910730173,-0.2156324181441236,-0.2169785065575105,0.7050061694461243,10,0.22464232590282335,55.0,0.0,0.0,0.0,0.0,0.0186631091138885,0,0.0,0,,,,,,,,,,,0.13894100000616164,0.2016620979993604,0.022980227903462946,0.22464232590282335,0.6184987599632727,6.046110621262563
ca-CondMat,21363,91286,8.546177971258718,mst_jaccard,nc_base,metis,0,0.2342,0.2341980150296869,2.7755575615628914e-17,17,ok,1,21379,0.2340117871305567,0.18619503538330084,0.23370505882610695,0.17734373288346517,0.21766755033630567,0.7018383904093024,0.001704238729911249,0.7050061694461243,55,0.9765270960465484,0.644265702703233,0.0024232910562909625,0.6482937616570105,,-0.05757268770606938,-0.06074046674289124,-0.0640164033794901,0.7050061694461243,10,0.1211485369480215,55.0,0.0,0.0,0.0,0.0,0.01872396199035716,0,0.0,0,,,,,,,,,,,0.13894100000616164,0.09462301095481962,0.026525525993201883,0.1211485369480215,1.1468648611561356,5.238011115850077
ca-CondMat,21363,91286,8.546177971258718,mst_random,nc_base,metis,1,0.2342,0.2341980150296869,2.7755575615628914e-17,17,ok,1,21379,0.2340117871305567,0.18619503538330084,0.23370505882610695,0.17734373288346517,0.21766755033630567,0.7018383904093024,0.001704238729911249,0.7050061694461243,55,0.9768078393609935,0.6455919051224603,0.001913219176500093,0.6495642768388357,,-0.05624648528684206,-0.05941426432366392,-0.06238664639580682,0.7050061694461243,10,0.1172894355317112,55.0,0.0,0.0,0.0,0.0,0.01871928099985957,0,0.0,0,,,,,,,,,,,0.13894100000616164,0.09049119002884254,0.02679824550286867,0.1172894355317112,1.184599443046996,5.184705095387249
ca-CondMat,21363,91286,8.546177971258718,lspar,nc_base,metis,0,0.2342,0.18619503538330084,0.0,0.0,ok,0,16997,0.2340117871305567,0.18619503538330084,0.23370505882610695,0.17734373288346517,0.21766755033630567,0.7018383904093024,0.001704238729911249,0.7050061694461243,55,0.9818110722943745,0.3200921552562097,0.0007514804548485603,0.32118143864253407,,-0.3817462351530927,-0.38491401418991456,-0.3863299391695018,0.7050061694461243,10,0.19242503667483107,55.0,0.0,0.0,0.0,0.0,0.018354163741047605,0,0.0,0,,,,,,,,,,,0.13894100000616164,0.1800440339720808,0.012381002702750266,0.19242503667483107,0.7220526102377764,11.222112081059302
ca-CondMat,21363,91286,8.546177971258718,dspar,nc_base,metis,1,0.2342,0.23394715509497624,0.0006618136351098375,0.2342,ok,1,21356,0.2340117871305567,0.18619503538330084,0.23370505882610695,0.17734373288346517,0.21766755033630567,0.7018383904093024,0.001704238729911249,0.7050061694461243,55,0.9391418790913681,0.4175791324291849,0.003603282022823135,0.42268360417910655,,-0.28425925798011753,-0.2874270370169394,-0.29360400947533294,0.7050061694461243,10,0.061336423188913615,55.0,0.0,0.0,0.0,0.0,0.018653747132893323,0,0.0,0,,,,,,,,,,,0.13894100000616164,0.021863989997655153,0.03947243319125846,0.061336423188913615,2.2652282735533693,3.519950222803377
ca-CondMat,21363,91286,8.546177971258718,kn,nc_base,metis,1,0.2,0.2004546151655237,0.002828884023379558,0.90625,ok,1,18299,0.2340117871305567,0.18619503538330084,0.23370505882610695,0.17734373288346517,0.21766755033630567,0.7018383904093024,0.001704238729911249,0.7050061694461243,55,0.9818105396353378,0.34630229462236756,0.00640182955754348,0.3567551047754711,,-0.35553609578693485,-0.3587038748237567,-0.3646110933030315,0.7050061694461243,10,0.06305825709714555,55.0,0.0,0.0,0.0,0.0,0.018503955436970462,0,0.0,0,,,,,,,,,,,0.13894100000616164,0.04901776899350807,0.014040488103637472,0.06305825709714555,2.2033752025862934,9.895738594028376
ca-CondMat,21363,91286,8.546177971258718,ld,nc_base,metis,0,0.2,0.23370505882610698,2.7755575615628914e-17,,ok,0,21334,0.2340117871305567,0.18619503538330084,0.23370505882610695,0.17734373288346517,0.21766755033630567,0.7018383904093024,0.001704238729911249,0.7050061694461243,55,0.950752239165958,0.5253524322928079,0.00404099155041511,0.5328901103965907,,-0.17648595811649448,-0.17965373715331634,-0.18546638201607535,0.7050061694461243,10,0.21154993608943187,55.0,0.0,0.0,0.0,0.0,0.01872396199035716,0,0.0,0,,,,,,,,,,,0.13894100000616164,0.18543584999861196,0.02611408609081991,0.21154993608943187,0.6567763742902994,5.3205384834434115
ca-CondMat,21363,91286,8.546177971258718,lsim,nc_base,metis,0,0.2,0.19940626163924371,2.7755575615628914e-17,,ok,1,18203,0.2340117871305567,0.18619503538330084,0.23370505882610695,0.17734373288346517,0.21766755033630567,0.7018383904093024,0.001704238729911249,0.7050061694461243,55,0.9812685609881749,0.41508978415903497,0.0009919107368385075,0.4165056128303163,,-0.28674860625026743,-0.2899163852870893,-0.29140637477411285,0.7050061694461243,10,0.20523916863603517,55.0,0.0,0.0,0.0,0.0,0.018471188503487338,0,0.0,0,,,,,,,,,,,0.13894100000616164,0.18977889395318925,0.01546027468284592,0.20523916863603517,0.676971169438692,8.986968398454447
ca-CondMat,21363,91286,8.546177971258718,lspar,nc_base,metis,0,0.2,0.18619503538330084,0.0,0.0,ok,1,16997,0.2340117871305567,0.18619503538330084,0.23370505882610695,0.17734373288346517,0.21766755033630567,0.7018383904093024,0.001704238729911249,0.7050061694461243,55,0.9818110722943745,0.3200921552562097,0.0007514804548485603,0.32118143864253407,,-0.3817462351530927,-0.38491401418991456,-0.3863299391695018,0.7050061694461243,10,0.19241993373143487,55.0,0.0,0.0,0.0,0.0,0.018354163741047605,0,0.0,0,,,,,,,,,,,0.13894100000616164,0.18018729804316536,0.012232635688269511,0.19241993373143487,0.7220717589482435,11.358222671455763
ca-CondMat,21363,91286,8.546177971258718,dspar,nc_base,metis,1,0.2,0.19965712157395435,0.0003445890932790822,0.2,ok,1,18226,0.2340117871305567,0.18619503538330084,0.23370505882610695,0.17734373288346517,0.21766755033630567,0.7018383904093024,0.001704238729911249,0.7050061694461243,55,0.957700299803318,0.3510612832298751,0.0019530743664151935,0.35357856721493125,,-0.3507771071794273,-0.35394488621624914,-0.3570717686578232,0.7050061694461243,10,0.05454182593384758,55.0,0.0,0.0,0.0,0.0,0.0186631091138885,0,0.0,0,,,,,,,,,,,0.13894100000616164,0.020823780039791018,0.03371804589405656,0.05454182593384758,2.5474211328142866,4.120671774477079
wiki-Vote,7066,100736,28.512878573450326,kn,nc_base,metis,1,0.5,0.5000109196315121,0.00018084744670295323,18.0,ok,1,50369,0.07013381512071157,0.06730463786531131,0.07013381512071157,0.06737412642947903,0.06913119440914867,0.38275952810574976,0.0014764477283324721,0.3858234426723035,6,0.4790703539621189,0.3958764504848903,0.0009641390928742407,0.3972968710948946,,0.013116922379140528,0.010053007812586778,0.008300523310837027,0.3858234426723035,10,0.09377018878585659,6.0,0.0,0.0,0.0,0.0,0.16675629776394002,0,0.0,0,,,,,,,,,,,0.07013735848595389,0.05304590199375525,0.04072428679210134,0.09377018878585659,0.7479707505562018,1.7222489087164896
wiki-Vote,7066,100736,28.512878573450326,ld,nc_base,metis,0,0.5,0.49987094980940283,5.551115123125783e-17,,ok,1,50355,0.07013381512071157,0.06730463786531131,0.07013381512071157,0.06737412642947903,0.06913119440914867,0.38275952810574976,0.0014764477283324721,0.3858234426723035,6,0.3661811607253872,0.3483719706812687,0.007512715273130289,0.35533027914194154,,-0.034387557424481074,-0.037451471991034824,-0.05800516337856926,0.3858234426723035,10,0.2766207630280405,6.0,0.0,0.0,0.0,0.0,0.16681290687800737,0,0.0,0,,,,,,,,,,,0.07013735848595389,0.23670540703460574,0.039915355993434785,0.2766207630280405,0.2535505929424546,1.7571522723607917
wiki-Vote,7066,100736,28.512878573450326,lsim,nc_base,metis,0,0.5,0.5000297808132147,0.0,,ok,1,50371,0.07013381512071157,0.06730463786531131,0.07013381512071157,0.06737412642947903,0.06913119440914867,0.38275952810574976,0.0014764477283324721,0.3858234426723035,6,0.5640821105491396,0.3966686058915624,0.001065851968191816,0.3982306104217179,,0.013909077785812629,0.01084516321925888,0.008648292066262553,0.3858234426723035,10,0.3014592968160287,6.0,0.0,0.0,0.0,0.0,0.16672799320690632,0,0.0,0,,,,,,,,,,,0.07013735848595389,0.2642030540155247,0.03725624280050397,0.3014592968160287,0.2326594642352548,1.8825666039787867
wiki-Vote,7066,100736,28.512878573450326,mst_jaccard,nc_base,metis,0,0.5,0.5,0.0,43303,ok,1,50368,0.07013381512071157,0.06730463786531131,0.07013381512071157,0.06737412642947903,0.06913119440914867,0.38275952810574976,0.0014764477283324721,0.3858234426723035,6,0.4847287494456934,0.3642063063358053,0.002789065331237872,0.36914873508029833,,-0.01855322176994445,-0.0216171363364982,-0.025708601215463922,0.3858234426723035,10,0.2913706418883521,6.0,0.0,0.0,0.0,0.0,0.16677045004245686,0,0.0,0,,,,,,,,,,,0.07013735848595389,0.2547824929933995,0.03658814889495261,0.2913706418883521,0.24071525542655473,1.916941977232126
wiki-Vote,7066,100736,28.512878573450326,mst_random,nc_base,metis,1,0.5,0.5,0.0,43303,ok,1,50368,0.07013381512071157,0.06730463786531131,0.07013381512071157,0.06737412642947903,0.06913119440914867,0.38275952810574976,0.0014764477283324721,0.3858234426723035,6,0.4096696272470829,0.3753431619816824,0.0025011476081295606,0.37920136792768444,,-0.007416366124067375,-0.010480280690621124,-0.015027431527953716,0.3858234426723035,10,0.28887157610733993,6.0,0.0,0.0,0.0,0.0,0.16674214548542315,0,0.0,0,,,,,,,,,,,0.07013735848595389,0.2480208390043117,0.04085073710302822,0.28887157610733993,0.24279771457989344,1.7169178198440556
wiki-Vote,7066,100736,28.512878573450326,lspar,nc_base,metis,0,0.5,0.5017669949174078,0.0,0.71875,ok,1,50546,0.07013381512071157,0.06730463786531131,0.07013381512071157,0.06737412642947903,0.06913119440914867,0.38275952810574976,0.0014764477283324721,0.3858234426723035,6,0.5689689868243655,0.39908371108779156,0.0006804746776529953,0.4005668345009478,,0.0163241829820418,0.013260268415488052,0.01235495923683394,0.3858234426723035,10,0.3108421739831101,6.0,0.0,0.0,0.0,0.0,0.16672799320690632,0,0.0,0,,,,,,,,,,,0.07013735848595389,0.2745905548799783,0.036251619103131814,0.3108421739831101,0.22563655885949654,1.934737267497513
wiki-Vote,7066,100736,28.512878573450326,dspar,nc_base,metis,1,0.5,0.4997826000635325,0.0007350151664013931,0.5,ok,1,50346,0.07013381512071157,0.06730463786531131,0.07013381512071157,0.06737412642947903,0.06913119440914867,0.38275952810574976,0.0014764477283324721,0.3858234426723035,6,0.4801511476342549,0.3953812915322357,0.00105133521345817,0.39653426082831184,,0.012621763426485966,0.009557848859932216,0.0076254708503767366,0.3858234426723035,10,0.062453053338686004,6.0,0.0,0.0,0.0,0.0,0.16675629776394002,0,0.0,0,,,,,,,,,,,0.07013735848595389,0.023772185028064996,0.03868086831062101,0.062453053338686004,1.1230413044114194,1.8132312315929977
wiki-Vote,7066,100736,28.512878573450326,kn,nc_base,metis,1,0.2,0.20338210768742057,0.00017316460959466943,4.5,ok,1,20488,0.07013381512071157,0.06730463786531131,0.07013381512071157,0.06737412642947903,0.06913119440914867,0.38275952810574976,0.0014764477283324721,0.3858234426723035,6,0.5609090460983313,0.358720850086762,0.00400076071002092,0.3656262305595051,,-0.024038678018987736,-0.027102592585541485,-0.03322275296314364,0.3858234426723035,10,0.07203690251917579,6.0,0.0,0.0,0.0,0.0,0.16671384092838948,0,0.0,0,,,,,,,,,,,0.07013735848595389,0.048665983020327985,0.023370919498847797,0.07203690251917579,0.9736309590391362,3.001052589711402
wiki-Vote,7066,100736,28.512878573450326,ld,nc_base,metis,0,0.2,0.19995830686149937,0.0,,ok,1,20143,0.07013381512071157,0.06730463786531131,0.07013381512071157,0.06737412642947903,0.06913119440914867,0.38275952810574976,0.0014764477283324721,0.3858234426723035,6,0.4412058470906852,0.20476764232864442,0.01184415873983461,0.22570548868058224,,-0.17799188577710534,-0.1810558003436591,-0.20106951311189541,0.3858234426723035,10,0.25181282658013515,6.0,0.0,0.0,0.0,0.0,0.16672799320690632,0,0.0,0,,,,,,,,,,,0.07013735848595389,0.23057016998063773,0.021242656599497423,0.25181282658013515,0.27852972955543176,3.3017225579786125
wiki-Vote,7066,100736,28.512878573450326,lsim,nc_base,metis,0,0.2,0.19997816073697589,2.7755575615628914e-17,,ok,1,20145,0.07013381512071157,0.06730463786531131,0.07013381512071157,0.06737412642947903,0.06913119440914867,0.38275952810574976,0.0014764477283324721,0.3858234426723035,6,0.6883715081050815,0.3870958200530846,0.0013608054052513076,0.3892551751742972,,0.004336291947334869,0.00127237738078112,-0.0005490992643413795,0.3858234426723035,10,0.2116362748784013,6.0,0.0,0.0,0.0,0.0,0.16671384092838948,0,0.0,0,,,,,,,,,,,0.07013735848595389,0.19378961197799072,0.017846662900410593,0.2116362748784013,0.33140518338008135,3.9299985032126235
wiki-Vote,7066,100736,28.512878573450326,mst_jaccard,nc_base,metis,0,0.2,0.1999980146124523,2.7755575615628914e-17,13082,ok,1,20147,0.07013381512071157,0.06730463786531131,0.07013381512071157,0.06737412642947903,0.06913119440914867,0.38275952810574976,0.0014764477283324721,0.3858234426723035,6,0.6233723047399894,0.34581613888371476,0.007886132285960197,0.3567434156731614,,-0.036943389222034995,-0.040007303788588744,-0.054250870094279535,0.3858234426723035,10,0.27116906848968936,6.0,0.0,0.0,0.0,0.0,0.16686951599207472,0,0.0,0,,,,,,,,,,,0.07013735848595389,0.25474963698070496,0.016419431508984415,0.27116906848968936,0.25864807839844284,4.27160699489358
wiki-Vote,7066,100736,28.512878573450326,mst_random,nc_base,metis,1,0.2,0.1999980146124523,2.7755575615628914e-17,13082,ok,1,20147,0.07013381512071157,0.06730463786531131,0.07013381512071157,0.06737412642947903,0.06913119440914867,0.38275952810574976,0.0014764477283324721,0.3858234426723035,6,0.5271105761987754,0.3538321487987154,0.001893732756133252,0.356695444802934,,-0.028927379307034373,-0.03199129387358812,-0.03496614568341494,0.3858234426723035,10,0.2688285708078183,6.0,0.0,0.0,0.0,0.0,0.16671384092838948,0,0.0,0,,,,,,,,,,,0.07013735848595389,0.24782990000676364,0.020998670801054685,0.2688285708078183,0.2608999418298216,3.3400856249639927
wiki-Vote,7066,100736,28.512878573450326,lspar,nc_base,metis,0,0.2,0.1970397871664549,0.0,0.40625,ok,1,19849,0.07013381512071157,0.06730463786531131,0.07013381512071157,0.06737412642947903,0.06913119440914867,0.38275952810574976,0.0014764477283324721,0.3858234426723035,6,0.6855295924453312,0.3889617231000122,0.0012011530108374667,0.3907444060251334,,0.006202194994262444,0.003138280427708695,0.0002837066202753258,0.3858234426723035,10,0.29059784112032505,6.0,0.0,0.0,0.0,0.0,0.16671384092838948,0,0.0,0,,,,,,,,,,,0.07013735848595389,0.27147869393229485,0.019119147188030185,0.29059784112032505,0.24135540104343992,3.6684355110705136
wiki-Vote,7066,100736,28.512878573450326,dspar,nc_base,metis,1,0.2,0.1996863087674714,0.0005688265256271257,0.2,ok,1,20116,0.07013381512071157,0.06730463786531131,0.07013381512071157,0.06737412642947903,0.06913119440914867,0.38275952810574976,0.0014764477283324721,0.3858234426723035,6,0.5560007180241235,0.3548632272902111,0.0042416117429094945,0.3614435162402463,,-0.027896300815538677,-0.030960215382092426,-0.03746281437670518,0.3858234426723035,10,0.045124921621754764,6.0,0.0,0.0,0.0,0.0,0.16671384092838948,0,0.0,0,,,,,,,,,,,0.07013735848595389,0.023328052018769085,0.02179686960298568,0.045124921621754764,1.554293192437161,3.2177720821134175
email-Enron,33696,180811,10.731896961063628,kn,nc_base,metis,1,0.5,0.5042309372770462,1.2672281263208462e-05,5.25,ok,1,91170,0.18635481248375374,0.15855783110540841,0.1862110159227038,0.15455364994386403,0.17915392315733003,0.4334890547383953,0.003201406187295911,0.43787662126561944,171,0.6548984812773042,0.41385348837205777,0.001312265828614353,0.41673866348880595,,-0.01963556636633751,-0.02402313289356167,-0.025931447207282243,0.43787662126561944,10,0.43839934798888863,171.0,0.0,0.0,0.0,0.0,0.005994776828110162,0,0.0,0,,,,,,,,,,,0.4454260680184234,0.11293873097747564,0.325460617011413,0.43839934798888863,1.016028126095007,1.3686020511747619
email-Enron,33696,180811,10.731896961063628,ld,nc_base,metis,0,0.5,0.5004562775494854,0.0,,ok,1,90488,0.18635481248375374,0.15855783110540841,0.1862110159227038,0.15455364994386403,0.17915392315733003,0.4334890547383953,0.003201406187295911,0.43787662126561944,171,0.4716267955173043,0.35920284735280594,0.0014615050762822302,0.36088193592162215,,-0.07428620738558933,-0.0786737739128135,-0.08136224751716309,0.43787662126561944,10,0.7933594527712557,171.0,0.0,0.0,0.0,0.0,0.005994776828110162,0,0.0,0,,,,,,,,,,,0.4454260680184234,0.4241174039780162,0.3692420487932395,0.7933594527712557,0.561442945517976,1.2063254157379129
email-Enron,33696,180811,10.731896961063628,lsim,nc_base,metis,0,0.5,0.4989961893911322,5.551115123125783e-17,,ok,1,90224,0.18635481248375374,0.15855783110540841,0.1862110159227038,0.15455364994386403,0.17915392315733003,0.4334890547383953,0.003201406187295911,0.43787662126561944,171,0.6672557464910049,0.40448010695564224,0.0015228567545231516,0.40627202366754156,,-0.029008947782753036,-0.0333965143099772,-0.0369412273684106,0.43787662126561944,10,0.7236550959176384,171.0,0.0,0.0,0.0,0.0,0.0060007122507122505,0,0.0,0,,,,,,,,,,,0.4454260680184234,0.47753918601665646,0.24611590990098192,0.7236550959176384,0.6155226025923249,1.8098223239514606
email-Enron,33696,180811,10.731896961063628,mst_jaccard,nc_base,metis,0,0.5,0.5000027653184818,0.0,56711,ok,1,90406,0.18635481248375374,0.15855783110540841,0.1862110159227038,0.15455364994386403,0.17915392315733003,0.4334890547383953,0.003201406187295911,0.43787662126561944,171,0.7109011357285615,0.4017425266886295,0.0012154288506725016,0.4032077423409458,,-0.0317465280497658,-0.03613409457698996,-0.038338090121639246,0.43787662126561944,10,0.5928413875168189,171.0,0.0,0.0,0.0,0.0,0.005994776828110162,0,0.0,0,,,,,,,,,,,0.4454260680184234,0.3845846860203892,0.20825670149642975,0.5928413875168189,0.751341045678574,2.1388318590365243
email-Enron,33696,180811,10.731896961063628,mst_random,nc_base,metis,1,0.5,0.5000027653184818,0.0,56711,ok,1,90406,0.18635481248375374,0.15855783110540841,0.1862110159227038,0.15455364994386403,0.17915392315733003,0.4334890547383953,0.003201406187295911,0.43787662126561944,171,0.558208910603593,0.4139545617192029,0.001329432948828052,0.4158755694490206,,-0.019534493019192356,-0.02392205954641652,-0.026733323695844635,0.43787662126561944,10,0.6858302206266671,171.0,0.0,0.0,0.0,0.0,0.005994776828110162,0,0.0,0,,,,,,,,,,,0.4454260680184234,0.3754374940181151,0.31039272660855205,0.6858302206266671,0.6494698755202446,1.4350402887506026
email-Enron,33696,180811,10.731896961063628,lspar,nc_base,metis,0,0.5,0.5054006669948177,1.1102230246251565e-16,0.6309318542480469,ok,1,91382,0.18635481248375374,0.15855783110540841,0.1862110159227038,0.15455364994386403,0.17915392315733003,0.4334890547383953,0.003201406187295911,0.43787662126561944,171,0.6958081966334947,0.4234824893100214,0.0012152129595433161,0.42466461448518505,,-0.01000656542837386,-0.014394131955598022,-0.016667008562914365,0.43787662126561944,10,0.8500593867676798,171.0,0.0,0.0,0.0,0.0,0.005994776828110162,0,0.0,0,,,,,,,,,,,0.4454260680184234,0.5688418710487895,0.28121751571889037,0.8500593867676798,0.5239940584764788,1.5839200729718363
email-Enron,33696,180811,10.731896961063628,dspar,nc_base,metis,1,0.5,0.4999491181399362,0.0004277228147407146,0.5,ok,1,90396,0.18635481248375374,0.15855783110540841,0.1862110159227038,0.15455364994386403,0.17915392315733003,0.4334890547383953,0.003201406187295911,0.43787662126561944,171,0.6644247823749341,0.4133406804136045,0.0013395548970670222,0.41538531479468865,,-0.020148374324790774,-0.024535940852014937,-0.026855027822872524,0.43787662126561944,10,0.3832659323932603,171.0,0.0,0.0,0.0,0.0,0.005994776828110162,0,0.0,0,,,,,,,,,,,0.4454260680184234,0.06193074199836701,0.3213351903948933,0.3832659323932603,1.1621853923645424,1.38617269858005
email-Enron,33696,180811,10.731896961063628,kn,nc_base,metis,1,0.2,0.20178363042071554,0.0002250778993047407,1.1875,ok,1,36485,0.18635481248375374,0.15855783110540841,0.1862110159227038,0.15455364994386403,0.17915392315733003,0.4334890547383953,0.003201406187295911,0.43787662126561944,171,0.882255224207626,0.280529150601143,0.0012653330377778212,0.282316414282462,,-0.1529599041372523,-0.15734747066447646,-0.16000787279079953,0.43787662126561944,10,0.2314008865505457,171.0,0.0,0.0,0.0,0.0,0.005994776828110162,0,0.0,0,,,,,,,,,,,0.4454260680184234,0.09978517395211384,0.13161571259843186,0.2314008865505457,1.9249108102320405,3.384292492321547
email-Enron,33696,180811,10.731896961063628,ld,nc_base,metis,0,0.2,0.1998772198594112,0.0,,ok,1,36140,0.18635481248375374,0.15855783110540841,0.1862110159227038,0.15455364994386403,0.17915392315733003,0.4334890547383953,0.003201406187295911,0.43787662126561944,171,0.650881110445175,0.21965841095946176,0.002125893753634966,0.22285185119392004,,-0.21383064377893352,-0.21821821030615768,-0.22214798648059594,0.43787662126561944,10,0.430801632697694,171.0,0.0,0.0,0.0,0.0,0.005994776828110162,0,0.0,0,,,,,,,,,,,0.4454260680184234,0.3151537730009295,0.1156478596967645,0.430801632697694,1.0339470285410728,3.851572084311433
email-Enron,33696,180811,10.731896961063628,lsim,nc_base,metis,0,0.2,0.19931862552610186,2.7755575615628914e-17,,ok,1,36039,0.18635481248375374,0.15855783110540841,0.1862110159227038,0.15455364994386403,0.17915392315733003,0.4334890547383953,0.003201406187295911,0.43787662126561944,171,0.904546625971338,0.32448629447729394,0.0015531013769493594,0.3262808789596592,,-0.10900276026110134,-0.1133903267883255,-0.11664827949982048,0.43787662126561944,10,0.4446471081231721,171.0,0.0,0.0,0.0,0.0,0.005994776828110162,0,0.0,0,,,,,,,,,,,0.4454260680184234,0.3533013570122421,0.09134575111092999,0.4446471081231721,1.00175186092751,4.8762647698577615
email-Enron,33696,180811,10.731896961063628,mst_jaccard,nc_base,metis,0,0.2,0.19999889387260733,2.7755575615628914e-17,2467,ok,1,36162,0.18635481248375374,0.15855783110540841,0.1862110159227038,0.15455364994386403,0.17915392315733003,0.4334890547383953,0.003201406187295911,0.43787662126561944,171,0.9465446818765139,0.35914966568455176,0.0009145274553086297,0.3614403997055812,,-0.07433938905384352,-0.07872695558106768,-0.07988459909474971,0.43787662126561944,10,0.463417653250508,171.0,0.0,0.0,0.0,0.0,0.005994776828110162,0,0.0,0,,,,,,,,,,,0.4454260680184234,0.3849671879434027,0.07845046530710534,0.463417653250508,0.9611763058530726,5.677800205196243
email-Enron,33696,180811,10.731896961063628,mst_random,nc_base,metis,1,0.2,0.19999889387260733,2.7755575615628914e-17,2467,ok,1,36162,0.18635481248375374,0.15855783110540841,0.1862110159227038,0.15455364994386403,0.17915392315733003,0.4334890547383953,0.003201406187295911,0.43787662126561944,171,0.9033260746724674,0.3485530412904315,0.001805586750783955,0.35115238103511687,,-0.08493601344796375,-0.08932357997518792,-0.09223896236253298,0.43787662126561944,10,0.4933746273978613,171.0,0.0,0.0,0.0,0.0,0.005994776828110162,0,0.0,0,,,,,,,,,,,0.4454260680184234,0.37528465199284256,0.11808997540501878,0.4933746273978613,0.9028151090129493,3.7719210838237918
email-Enron,33696,180811,10.731896961063628,lspar,nc_base,metis,0,0.2,0.1585578311054084,2.7755575615628914e-17,0.0,ok,0,28669,0.18635481248375374,0.15855783110540841,0.1862110159227038,0.15455364994386403,0.17915392315733003,0.4334890547383953,0.003201406187295911,0.43787662126561944,171,0.9435434489526553,0.21760483630774843,0.0005497915767616428,0.21847158343065623,,-0.21588421843064684,-0.220271784957871,-0.22120282472378264,0.43787662126561944,10,0.5600892874994315,171.0,0.0,0.0,0.0,0.0,0.006104582146248813,0,0.0,0,,,,,,,,,,,0.4454260680184234,0.5234971710015088,0.03659211649792269,0.5600892874994315,0.7952768923809768,12.17273310888453
email-Enron,33696,180811,10.731896961063628,dspar,nc_base,metis,1,0.2,0.20066201724452606,0.0003760951066003174,0.2,ok,1,36282,0.18635481248375374,0.15855783110540841,0.1862110159227038,0.15455364994386403,0.17915392315733003,0.4334890547383953,0.003201406187295911,0.43787662126561944,171,0.8525551285587692,0.27603298420038447,0.0016939723740174645,0.2790902628191534,,-0.1574560705380108,-0.16184363706523497,-0.16429805876480003,0.43787662126561944,10,0.2124673096346669,171.0,0.0,0.0,0.0,0.0,0.005994776828110162,0,0.0,0,,,,,,,,,,,0.4454260680184234,0.06154936703387648,0.15091794260079042,0.2124673096346669,2.0964451838935796,2.9514454036566655
com-Amazon,334863,925872,5.529855493141971,kn,nc_base,metis,1,0.5,0.5002642913923305,0.00011772888770554261,1.65625,ok,1,463181,0.36167202377866486,0.3005696251749702,0.35213398828347764,0.2980671194290355,0.33027675531822975,0.8966820014148963,0.0005257753946570993,0.8977821451695935,306,0.9375651641240755,0.8331482595944086,0.0007214957897439812,0.8340170704685854,,-0.06353374182048765,-0.0646338855751849,-0.06595029844440936,0.8977821451695935,10,1.654368939617416,306.0,0.0,0.0,0.0,0.0,0.003348234949815298,0,0.0,0,,,,,,,,,0.03067611481494359,0.00307957928660991,1.4561136787058786,0.8249844550155103,0.8293844846019056,1.654368939617416,0.8801626069228637,1.7556557974493523
com-Amazon,334863,925872,5.529855493141971,ld,nc_base,metis,0,0.5,0.5038450239341941,1.1102230246251565e-16,,ok,1,466496,0.36167202377866486,0.3005696251749702,0.35213398828347764,0.2980671194290355,0.33027675531822975,0.8966820014148963,0.0005257753946570993,0.8977821451695935,306,0.955606541777434,0.8559802077356631,0.0007035827252777885,0.8577231853742799,,-0.04070179367923321,-0.04180193743393046,-0.042646474892628294,0.8977821451695935,10,3.1954288784530944,306.0,0.0,0.0,0.0,0.0,0.003364360947611411,0,0.0,0,,,,,,,,,0.028778076404910514,0.003152813029046875,1.4561136787058786,2.5184411470545456,0.676987731398549,3.1954288784530944,0.4556864615340093,2.1508715906827134
com-Amazon,334863,925872,5.529855493141971,lsim,nc_base,metis,0,0.5,0.5091729742340194,0.0,,ok,1,471429,0.36167202377866486,0.3005696251749702,0.35213398828347764,0.2980671194290355,0.33027675531822975,0.8966820014148963,0.0005257753946570993,0.8977821451695935,306,0.9878895148051172,0.8171612502841802,0.0005531302135796871,0.817885347740649,,-0.0795207511307161,-0.08062089488541335,-0.08204550378402464,0.8977821451695935,10,3.21695640651742,306.0,0.0,0.0,0.0,0.0,0.0033640623180225945,0,0.0,0,,,,,,,,,0.02573373687421122,0.0031086498198492464,1.4561136787058786,2.7400470600114204,0.4769093465059996,3.21695640651742,0.45263705649099034,3.053229485590634
com-Amazon,334863,925872,5.529855493141971,mst_jaccard,nc_base,metis,0,0.5,0.5,0.0,128074,ok,1,462936,0.36167202377866486,0.3005696251749702,0.35213398828347764,0.2980671194290355,0.33027675531822975,0.8966820014148963,0.0005257753946570993,0.8977821451695935,306,0.9951610363391065,0.8704440222779886,0.0003689145011649801,0.8708763028445227,,-0.02623797913690773,-0.027338122891604977,-0.027945923541282225,0.8977821451695935,10,1.3873265917995012,306.0,0.0,0.0,0.0,0.0,0.003365555465966679,0,0.0,0,,,,,,,,,0.03532165819466293,0.0031555122535907184,1.4561136787058786,0.9408941940055229,0.4464323977939785,1.3873265917995012,1.0495824756138739,3.2616666843651703
com-Amazon,334863,925872,5.529855493141971,mst_random,nc_base,metis,1,0.5,0.5,0.0,128074,ok,1,462936,0.36167202377866486,0.3005696251749702,0.35213398828347764,0.2980671194290355,0.33027675531822975,0.8966820014148963,0.0005257753946570993,0.8977821451695935,306,0.9522566145037702,0.8660151944582062,0.0005473446174947393,0.8670294022696544,,-0.030666806956690107,-0.031766950711387354,-0.03253600659611389,0.8977821451695935,10,1.638407787575852,306.0,0.0,0.0,0.0,0.0,0.0033634650588449605,0,0.0,0,,,,,,,,,0.03413520912048308,0.003139254801263953,1.4561136787058786,0.9144480379763991,0.7239597495994531,1.638407787575852,0.8887370346672416,2.0113185567450484
com-Amazon,334863,925872,5.529855493141971,lspar,nc_base,metis,0,0.5,0.5417692726424387,0.0,0.0625,ok,0,501609,0.36167202377866486,0.3005696251749702,0.35213398828347764,0.2980671194290355,0.33027675531822975,0.8966820014148963,0.0005257753946570993,0.8977821451695935,306,0.9668409174847435,0.8273743843858758,0.00046744128816624675,0.8282759081621092,,-0.06930761702902044,-0.07040776078371769,-0.07117741640751785,0.8977821451695935,10,2.657362140301848,306.0,0.0,0.0,0.0,0.0,0.003359881503779157,0,0.0,0,,,,,,,,,0.02716590747366044,0.003047941078331916,1.4561136787058786,2.009445081988815,0.6479170583130326,2.657362140301848,0.5479545511025004,2.247376666539896
com-Amazon,334863,925872,5.529855493141971,dspar,nc_base,metis,1,0.5,0.5001745381651028,0.0003785176559604298,0.5,ok,1,463098,0.36167202377866486,0.3005696251749702,0.35213398828347764,0.2980671194290355,0.33027675531822975,0.8966820014148963,0.0005257753946570993,0.8977821451695935,306,0.9381666389031185,0.7944583405518317,0.0007741165816677736,0.7956741936886081,,-0.10222366086306456,-0.1033238046177618,-0.10487201494636778,0.8977821451695935,10,1.136050291697029,306.0,0.0,0.0,0.0,0.0,0.0033548048007692706,0,0.0,0,,,,,,,,,0.02970564950377715,0.0030744563182483293,1.4561136787058786,0.33212943299440667,0.8039208587026223,1.136050291697029,1.2817334666854754,1.8112649559258525
com-Amazon,334863,925872,5.529855493141971,kn,nc_base,metis,1,0.3618,0.3643896780548499,3.041408040298159e-05,1.125,ok,1,337378,0.36167202377866486,0.3005696251749702,0.35213398828347764,0.2980671194290355,0.33027675531822975,0.8966820014148963,0.0005257753946570993,0.8977821451695935,306,0.9886091556125639,0.6850876353564546,0.0013913171731530277,0.6876789147187518,,-0.21159436605844173,-0.21269450981313898,-0.2146462029468137,0.8977821451695935,10,1.1466353354684542,306.0,0.0,0.0,0.0,0.0,0.0033640623180225945,0,0.0,0,,,,,,,,,0.025801037244801078,0.003091224790514802,1.4561136787058786,0.7322913829702884,0.4143439524981659,1.1466353354684542,1.269901278692923,3.514263137971886
com-Amazon,334863,925872,5.529855493141971,ld,nc_base,metis,0,0.3618,0.3610488274837126,5.551115123125783e-17,,ok,1,334285,0.36167202377866486,0.3005696251749702,0.35213398828347764,0.2980671194290355,0.33027675531822975,0.8966820014148963,0.0005257753946570993,0.8977821451695935,306,0.994128316742138,0.8093643492942203,0.0014637992057461822,0.8109132772571481,,-0.08731765212067599,-0.08841779587537324,-0.09122177235093332,0.8977821451695935,10,2.6245362515503077,306.0,0.0,0.0,0.0,0.0,0.0033745143536311867,0,0.0,0,,,,,,,,,0.03126719649783692,0.003083974288125164,1.4561136787058786,2.2853333750390448,0.33920287651126274,2.6245362515503077,0.5548079885906532,4.292751564144034
com-Amazon,334863,925872,5.529855493141971,lsim,nc_base,metis,0,0.3618,0.3586554080909673,5.551115123125783e-17,,ok,1,332069,0.36167202377866486,0.3005696251749702,0.35213398828347764,0.2980671194290355,0.33027675531822975,0.8966820014148963,0.0005257753946570993,0.8977821451695935,306,0.9965262615885611,0.6964302531219193,0.00017302963784455883,0.6967314912028212,,-0.20025174829297698,-0.20135189204767423,-0.2015333818817694,0.8977821451695935,10,2.8469660673697943,306.0,0.0,0.0,0.0,0.0,0.0033551034303580867,0,0.0,0,,,,,,,,,0.02457184495270997,0.003098410457343327,1.4561136787058786,2.564918167074211,0.2820479002955835,2.8469660673697943,0.5114615503833974,5.162646760283928
com-Amazon,334863,925872,5.529855493141971,mst_jaccard,nc_base,metis,0,0.3618,0.3617994712012028,5.551115123125783e-17,118,ok,1,334980,0.36167202377866486,0.3005696251749702,0.35213398828347764,0.2980671194290355,0.33027675531822975,0.8966820014148963,0.0005257753946570993,0.8977821451695935,306,0.9948530251244864,0.8694317321569685,0.00024179760220111471,0.8698060711682941,,-0.02725026925792784,-0.028350413012625086,-0.02867576845082742,0.8977821451695935,10,1.3085200314875691,306.0,0.0,0.0,0.0,0.0,0.003365555465966679,0,0.0,0,,,,,,,,,0.035366268212214405,0.003086188575775482,1.4561136787058786,0.9391176659846678,0.3694023655029014,1.3085200314875691,1.1127943353305185,3.941809297088656
com-Amazon,334863,925872,5.529855493141971,mst_random,nc_base,metis,1,0.3618,0.3617994712012028,5.551115123125783e-17,118,ok,1,334980,0.36167202377866486,0.3005696251749702,0.35213398828347764,0.2980671194290355,0.33027675531822975,0.8966820014148963,0.0005257753946570993,0.8977821451695935,306,0.9946201801342467,0.8694392356843362,0.000570100987154385,0.8701908319412438,,-0.02724276573056006,-0.028342909485257306,-0.029191709812501188,0.8977821451695935,10,1.2871350179193541,306.0,0.0,0.0,0.0,0.0,0.003365555465966679,0,0.0,0,,,,,,,,,0.03539598021352402,0.0030851938550666333,1.4561136787058786,0.9142987849190831,0.372836233000271,1.2871350179193541,1.1312827779790169,3.9055047493327186
com-Amazon,334863,925872,5.529855493141971,lspar,nc_base,metis,0,0.3618,0.3005696251749702,0.0,0.0,ok,0,278289,0.36167202377866486,0.3005696251749702,0.35213398828347764,0.2980671194290355,0.33027675531822975,0.8966820014148963,0.0005257753946570993,0.8977821451695935,306,0.9967316191254441,0.5299734872383663,0.00013773393632324313,0.5301633375213342,,-0.36670851417652994,-0.3678086579312272,-0.3679715756429205,0.8977821451695935,10,2.238796380686108,306.0,0.0,0.0,0.0,0.0,0.0033488322089929314,0,0.0,0,,,,,,,,,0.017445599355247487,0.0030811026691334583,1.4561136787058786,2.008094077988062,0.23070230269804598,2.238796380686108,0.6504002290103907,6.3116564580272465
com-Amazon,334863,925872,5.529855493141971,dspar,nc_base,metis,1,0.3618,0.3618568225413448,0.0003239380180631132,0.3618,ok,1,335033,0.36167202377866486,0.3005696251749702,0.35213398828347764,0.2980671194290355,0.33027675531822975,0.8966820014148963,0.0005257753946570993,0.8977821451695935,306,0.9733730822488629,0.6287040064388558,0.0011988360105972004,0.6300233181825645,,-0.26797799497604047,-0.2690781387307377,-0.27074031010972266,0.8977821451695935,10,0.8236018109368161,306.0,0.0,0.0,0.0,0.0,0.0033530130232363683,0,0.0,0,,,,,,,,,0.024000880021082145,0.0030801013264149567,1.4561136787058786,0.3472703390289098,0.47633147190790626,0.8236018109368161,1.7679826092776607,3.0569335947371603
com-Amazon,334863,925872,5.529855493141971,kn,nc_base,metis,1,0.2,0.20375678279502996,0.00015883392710965024,0.59375,ok,1,188653,0.36167202377866486,0.3005696251749702,0.35213398828347764,0.2980671194290355,0.33027675531822975,0.8966820014148963,0.0005257753946570993,0.8977821451695935,306,0.9967293834463758,0.2628660408521436,0.00045009339175187046,0.2635494653483745,,-0.6338159605627527,-0.6349161043174499,-0.6355678474557918,0.8977821451695935,10,0.9090396259678528,306.0,0.0,0.0,0.0,0.0,0.0032998569564269566,0,0.0,0,,,,,,,,,0.011303233459338665,0.0030758283513800493,1.4561136787058786,0.7292659959639423,0.1797736300039105,0.9090396259678528,1.6018154072827762,8.099706718244521
com-Amazon,334863,925872,5.529855493141971,ld,nc_base,metis,0,0.2,0.35213398828347764,0.0,,ok,0,326031,0.36167202377866486,0.3005696251749702,0.35213398828347764,0.2980671194290355,0.33027675531822975,0.8966820014148963,0.0005257753946570993,0.8977821451695935,306,0.9961117398448469,0.7927736777030354,0.00041308199509933283,0.7933729656055827,,-0.10390832371186087,-0.10500846746655812,-0.10570416481351808,0.8977821451695935,10,2.4986320059571883,306.0,0.0,0.0,0.0,0.0,0.00339452253608192,0,0.0,0,,,,,,,,,0.031562773484733006,0.003080511284427284,1.4561136787058786,2.226639963046182,0.27199204291100615,2.4986320059571883,0.5827643587508051,5.3535157246578295
com-Amazon,334863,925872,5.529855493141971,lsim,nc_base,metis,0,0.2,0.2980671194290355,0.0,,ok,0,275972,0.36167202377866486,0.3005696251749702,0.35213398828347764,0.2980671194290355,0.33027675531822975,0.8966820014148963,0.0005257753946570993,0.8977821451695935,306,0.9967316672601835,0.5275232696235965,8.575411707973604e-05,0.5276807966729273,,-0.36915873179129977,-0.370258875545997,-0.37038870889077424,0.8977821451695935,10,2.615164361114148,306.0,0.0,0.0,0.0,0.0,0.0033306158040750993,0,0.0,0,,,,,,,,,0.01737518191515134,0.003093077006051023,1.4561136787058786,2.387410736992024,0.22775362412212416,2.615164361114148,0.5567962382622579,6.393372155189475
com-Amazon,334863,925872,5.529855493141971,lspar,nc_base,metis,0,0.2,0.3005696251749702,0.0,0.0,floor,0,278289,0.36167202377866486,0.3005696251749702,0.35213398828347764,0.2980671194290355,0.33027675531822975,0.8966820014148963,0.0005257753946570993,0.8977821451695935,306,0.9967316191254441,0.5299734872383663,0.00013773393632324313,0.5301633375213342,,-0.36670851417652994,-0.3678086579312272,-0.3679715756429205,0.8977821451695935,10,1.1510244656994473,306.0,0.0,0.0,0.0,0.0,0.0033488322089929314,0,0.0,0,,,,,,,,,0.017445599355247487,0.003113845543661732,1.4561136787058786,0.9219729210017249,0.22905154469772243,1.1510244656994473,1.26505884288136,6.357144111939959
com-Amazon,334863,925872,5.529855493141971,dspar,nc_base,metis,1,0.2,0.20010779027770575,0.00022377422903263809,0.2,ok,1,185274,0.36167202377866486,0.3005696251749702,0.35213398828347764,0.2980671194290355,0.33027675531822975,0.8966820014148963,0.0005257753946570993,0.8977821451695935,306,0.9960368282972992,0.28858125868472484,0.000908900565752416,0.28954115707108774,,-0.6081007427301715,-0.6092008864848687,-0.610603073437689,0.8977821451695935,10,0.5597152900125366,306.0,0.0,0.0,0.0,0.0,0.003367645873088397,0,0.0,0,,,,,,,,,0.013519090334641562,0.0030907995330104526,1.4561136787058786,0.34566870401613414,0.21404658599640242,0.5597152900125366,2.601525641140274,6.802788616915161
com-Amazon,334863,925872,5.529855493141971,kn,gt,metis,1,0.5,0.5002642913923305,0.00011772888770554261,1.65625,ok,1,463181,0.36167202377866486,0.3005696251749702,0.35213398828347764,0.2980671194290355,0.33027675531822975,0.8171920437128121,0.0007251102151759806,0.8175862366300347,5000,0.8776689153204786,0.7098020541787828,0.0018440173071223196,0.7112745626667129,,-0.10738998953402923,-0.10778418245125188,-0.11282786164043801,0.8175862366300347,10,5.575214205763769,5000.0,0.0,0.0,0.0,0.0,0.00021561056312581562,0,0.0,0,,,,,,,,,0.1653277648683524,0.025782423698667314,6.00722312348662,0.7920867119682953,4.783127493795473,5.575214205763769,1.0774874115646054,1.2559195069081905
com-Amazon,334863,925872,5.529855493141971,ld,gt,metis,0,0.5,0.5038450239341941,1.1102230246251565e-16,,ok,1,466496,0.36167202377866486,0.3005696251749702,0.35213398828347764,0.2980671194290355,0.33027675531822975,0.8171920437128121,0.0007251102151759806,0.8175862366300347,5000,0.8474212339546341,0.6986214584715995,0.0010181107722106344,0.6997551260984382,,-0.11857058524121256,-0.1189647781584352,-0.12075705989042917,0.8175862366300347,10,7.988803050940623,5000.0,0.0,0.0,0.0,0.0,0.00021770097024753407,0,0.0,0,,,,,,,,,0.16557753497268282,0.02592591827303757,6.00722312348662,2.593029361043591,5.395773689897032,7.988803050940623,0.7519553411420392,1.113320066542905
com-Amazon,334863,925872,5.529855493141971,lsim,gt,metis,0,0.5,0.5091729742340194,0.0,,ok,1,471429,0.36167202377866486,0.3005696251749702,0.35213398828347764,0.2980671194290355,0.33027675531822975,0.8171920437128121,0.0007251102151759806,0.8175862366300347,5000,0.8935884293264713,0.7400624262150461,0.02347438238459115,0.7560769135967216,,-0.07712961749776592,-0.07752381041498857,-0.11383491620794994,0.8175862366300347,10,5.342363261472201,5000.0,0.0,0.0,0.0,0.0,0.00021680508148108328,0,0.0,0,,,,,,,,,0.15781954619260716,0.026214921558729214,6.00722312348662,2.81256706797285,2.529796193499351,5.342363261472201,1.124450515525446,2.3745877786214487
com-Amazon,334863,925872,5.529855493141971,mst_jaccard,gt,metis,0,0.5,0.5,0.0,128074,ok,1,462936,0.36167202377866486,0.3005696251749702,0.35213398828347764,0.2980671194290355,0.33027675531822975,0.8171920437128121,0.0007251102151759806,0.8175862366300347,5000,0.9729224602325429,0.7712448699207395,0.0004476490370063686,0.7720162312064572,,-0.04594717379207258,-0.04634136670929523,-0.04693516606848547,0.8175862366300347,10,3.805138646432897,5000.0,0.0,0.0,0.0,0.0,0.00020635304587249113,0,0.0,0,,,,,,,,,0.16850233453228353,0.02575172021057499,6.00722312348662,0.9423176560085267,2.86282099042437,3.805138646432897,1.578713335220532,2.0983579286234515
com-Amazon,334863,925872,5.529855493141971,mst_random,gt,metis,1,0.5,0.5,0.0,128074,ok,1,462936,0.36167202377866486,0.3005696251749702,0.35213398828347764,0.2980671194290355,0.33027675531822975,0.8171920437128121,0.0007251102151759806,0.8175862366300347,5000,0.903156039488901,0.7659879757998953,0.0015805886611436333,0.7691093805841043,,-0.05120406791291676,-0.05159826083013941,-0.0540899232522406,0.8175862366300347,10,5.028867638722295,5000.0,0.0,0.0,0.0,0.0,0.00020306812039550502,0,0.0,0,,,,,,,,,0.16922144867861758,0.02588637487796855,6.00722312348662,0.9208154000225477,4.108052238699747,5.028867638722295,1.1945478694310794,1.462304463145772
com-Amazon,334863,925872,5.529855493141971,lspar,gt,metis,0,0.5,0.5417692726424387,0.0,0.0625,ok,0,501609,0.36167202377866486,0.3005696251749702,0.35213398828347764,0.2980671194290355,0.33027675531822975,0.8171920437128121,0.0007251102151759806,0.8175862366300347,5000,0.9290543354982678,0.7469341532189872,0.0008911512554403676,0.7487458162715578,,-0.07025789049382491,-0.07065208341104756,-0.07189926578569283,0.8175862366300347,10,5.706947508599842,5000.0,0.0,0.0,0.0,0.0,0.00021590919271463255,0,0.0,0,,,,,,,,,0.15542599716758726,0.025713049666954986,6.00722312348662,2.0216904580011033,3.6852570505987385,5.706947508599842,1.0526158010800504,1.6300689588289736
com-Amazon,334863,925872,5.529855493141971,dspar,gt,metis,1,0.5,0.5001745381651028,0.0003785176559604298,0.5,ok,1,463098,0.36167202377866486,0.3005696251749702,0.35213398828347764,0.2980671194290355,0.33027675531822975,0.8171920437128121,0.0007251102151759806,0.8175862366300347,5000,0.8821654285780959,0.6895812610725816,0.001975702918262737,0.694322266420766,,-0.1276107826402305,-0.12800497555745316,-0.13057794058772176,0.8175862366300347,10,4.873505292925984,5000.0,0.0,0.0,0.0,0.0,0.0002147146743593649,0,0.0,0,,,,,,,,,0.1618559828867878,0.025758653632701238,6.00722312348662,0.3363214780110866,4.537183814914897,4.873505292925984,1.2326288292343206,1.3239981822511406
com-Amazon,334863,925872,5.529855493141971,kn,gt,metis,1,0.3618,0.3643896780548499,3.041408040298159e-05,1.125,ok,1,337378,0.36167202377866486,0.3005696251749702,0.35213398828347764,0.2980671194290355,0.33027675531822975,0.8171920437128121,0.0007251102151759806,0.8175862366300347,5000,0.9700495852332829,0.6186858787968796,0.0005877842190227314,0.6198758305595065,,-0.19850616491593243,-0.19890035783315507,-0.19995799962383654,0.8175862366300347,10,3.24788022703724,5000.0,0.0,0.0,0.0,0.0,0.0002269584875008586,0,0.0,0,,,,,,,,,0.14782507011968332,0.02569686497902344,6.00722312348662,0.7277366890339181,2.520143538003322,3.24788022703724,1.849582713512342,2.3836829263487376
com-Amazon,334863,925872,5.529855493141971,ld,gt,metis,0,0.3618,0.3610488274837126,5.551115123125783e-17,,ok,1,334285,0.36167202377866486,0.3005696251749702,0.35213398828347764,0.2980671194290355,0.33027675531822975,0.8171920437128121,0.0007251102151759806,0.8175862366300347,5000,0.9407424443609537,0.6898724799472931,0.0007605784629472754,0.6912264700067635,,-0.127319563765519,-0.12771375668274165,-0.12856955435871575,0.8175862366300347,10,4.738861221808475,5000.0,0.0,0.0,0.0,0.0,0.0002224790436686048,0,0.0,0,,,,,,,,,0.161752667546279,0.025809705293524714,6.00722312348662,2.274516350007616,2.4643448718008587,4.738861221808475,1.2676512019050232,2.437655213045221
com-Amazon,334863,925872,5.529855493141971,lsim,gt,metis,0,0.3618,0.3586554080909673,5.551115123125783e-17,,ok,1,332069,0.36167202377866486,0.3005696251749702,0.35213398828347764,0.2980671194290355,0.33027675531822975,0.8171920437128121,0.0007251102151759806,0.8175862366300347,5000,0.9935803885586185,0.6760256945100279,0.0002739494953835402,0.6764576432611504,,-0.14116634920278415,-0.1415605421200068,-0.14211344407915416,0.8175862366300347,10,3.6618957732163837,5000.0,0.0,0.0,0.0,0.0,0.00021979137736925252,0,0.0,0,,,,,,,,,0.13838783546467448,0.02559310333472998,6.00722312348662,2.6211271280189976,1.0407686451973859,3.6618957732163837,1.6404680786996417,5.771910165824919
com-Amazon,334863,925872,5.529855493141971,mst_jaccard,gt,metis,0,0.3618,0.3617994712012028,5.551115123125783e-17,118,ok,1,334980,0.36167202377866486,0.3005696251749702,0.35213398828347764,0.2980671194290355,0.33027675531822975,0.8171920437128121,0.0007251102151759806,0.8175862366300347,5000,0.9681650363486589,0.7562825922022187,0.0005864451136499422,0.757581540161317,,-0.06090945151059335,-0.061303644427815995,-0.06223179518883104,0.8175862366300347,10,3.5378887201601175,5000.0,0.0,0.0,0.0,0.0,0.00020635304587249113,0,0.0,0,,,,,,,,,0.1661641596360707,0.025702242948750238,6.00722312348662,0.9465306559577584,2.591358064202359,3.5378887201601175,1.6979683643680985,2.3181756340321464
com-Amazon,334863,925872,5.529855493141971,mst_random,gt,metis,1,0.3618,0.3617994712012028,5.551115123125783e-17,118,ok,1,334980,0.36167202377866486,0.3005696251749702,0.35213398828347764,0.2980671194290355,0.33027675531822975,0.8171920437128121,0.0007251102151759806,0.8175862366300347,5000,0.968179962060384,0.7562720790723143,0.0006987610624286458,0.7575068958690531,,-0.06091996464049776,-0.061314157557720406,-0.062418697896712616,0.8175862366300347,10,3.522670620965073,5000.0,0.0,0.0,0.0,0.0,0.00020605441628367426,0,0.0,0,,,,,,,,,0.16619465235735947,0.025721818382542977,6.00722312348662,0.9203103379695676,2.6023602829955053,3.522670620965073,1.7053036658422744,2.308374886728547
com-Amazon,334863,925872,5.529855493141971,lspar,gt,metis,0,0.3618,0.3005696251749702,0.0,0.0,ok,0,278289,0.36167202377866486,0.3005696251749702,0.35213398828347764,0.2980671194290355,0.33027675531822975,0.8171920437128121,0.0007251102151759806,0.8175862366300347,5000,0.998782634204688,0.5289891355912214,0.0001285399471698524,0.5292370717947478,,-0.28820290812159066,-0.2885971010388133,-0.2887607048536531,0.8175862366300347,10,2.6446742775675376,5000.0,0.0,0.0,0.0,0.0,0.00021083248970474493,0,0.0,0,,,,,,,,,0.11312584169126783,0.025426569063573105,6.00722312348662,2.0145037539768964,0.6301705235906411,2.6446742775675376,2.2714415814607674,9.532694562192683
com-Amazon,334863,925872,5.529855493141971,dspar,gt,metis,1,0.3618,0.3618568225413448,0.0003239380180631132,0.3618,ok,1,335033,0.36167202377866486,0.3005696251749702,0.35213398828347764,0.2980671194290355,0.33027675531822975,0.8171920437128121,0.0007251102151759806,0.8175862366300347,5000,0.9395699380573878,0.5563009695379779,0.0007431603612124754,0.5573403254886848,,-0.26089107417483415,-0.2612852670920568,-0.2622817779616339,0.8175862366300347,10,3.350747254956514,5000.0,0.0,0.0,0.0,0.0,0.0002102352305271111,0,0.0,0,,,,,,,,,0.1394961331539581,0.0256213072525214,6.00722312348662,0.3532788420561701,2.9974684129003437,3.350747254956514,1.7928010280693587,2.004098891462227
com-Amazon,334863,925872,5.529855493141971,kn,gt,metis,1,0.2,0.20375678279502996,0.00015883392710965024,0.59375,ok,1,188653,0.36167202377866486,0.3005696251749702,0.35213398828347764,0.2980671194290355,0.33027675531822975,0.8171920437128121,0.0007251102151759806,0.8175862366300347,5000,0.9984453571726629,0.2627071514221881,0.00039521032982401825,0.2633111550557474,,-0.554484892290624,-0.5548790852078467,-0.5552966837137983,0.8175862366300347,10,1.2691082323610317,5000.0,0.0,0.0,0.0,0.0,0.00021113111929356188,0,0.0,0,,,,,,,,,0.08059907465754049,0.025512554738144705,6.00722312348662,0.7111163009540178,0.5579919314070139,1.2691082323610317,4.733420657362583,10.765788509412683
com-Amazon,334863,925872,5.529855493141971,ld,gt,metis,0,0.2,0.35213398828347764,0.0,,ok,0,326031,0.36167202377866486,0.3005696251749702,0.35213398828347764,0.2980671194290355,0.33027675531822975,0.8171920437128121,0.0007251102151759806,0.8175862366300347,5000,0.9451970859429014,0.6868344227035059,0.0006588685007658206,0.6878763581153056,,-0.13035762100930615,-0.1307518139265288,-0.13162589937169533,0.8175862366300347,10,3.6776556577940935,5000.0,0.0,0.0,0.0,0.0,0.00021859685901398483,0,0.0,0,,,,,,,,,0.1615658876904998,0.025894256157448076,6.00722312348662,2.2784103979938664,1.3992452598002274,3.6776556577940935,1.6334381688931234,4.293188117960307
com-Amazon,334863,925872,5.529855493141971,lsim,gt,metis,0,0.2,0.2980671194290355,0.0,,ok,0,275972,0.36167202377866486,0.3005696251749702,0.35213398828347764,0.2980671194290355,0.33027675531822975,0.8171920437128121,0.0007251102151759806,0.8175862366300347,5000,0.9989263325750765,0.5263655921020856,0.00014341187855068294,0.5265486704737572,,-0.2908264516107265,-0.29122064452794916,-0.29140808654519923,0.8175862366300347,10,3.073486213898286,5000.0,0.0,0.0,0.0,0.0,0.00021083248970474493,0,0.0,0,,,,,,,,,0.1128459039836539,0.025476343706560628,6.00722312348662,2.446629368001595,0.6268568458966911,3.073486213898286,1.954530687764921,9.583086095029483
com-Amazon,334863,925872,5.529855493141971,lspar,gt,metis,0,0.2,0.3005696251749702,0.0,0.0,floor,0,278289,0.36167202377866486,0.3005696251749702,0.35213398828347764,0.2980671194290355,0.33027675531822975,0.8171920437128121,0.0007251102151759806,0.8175862366300347,5000,0.998782634204688,0.5289891355912214,0.0001285399471698524,0.5292370717947478,,-0.28820290812159066,-0.2885971010388133,-0.2887607048536531,0.8175862366300347,10,1.5504795739834663,5000.0,0.0,0.0,0.0,0.0,0.00021083248970474493,0,0.0,0,,,,,,,,,0.11312584169126783,0.025607970941454998,6.00722312348662,0.9236983049777336,0.6267812690057326,1.5504795739834663,3.874429063294889,9.584241617519806
com-Amazon,334863,925872,5.529855493141971,dspar,gt,metis,1,0.2,0.20010779027770575,0.00022377422903263809,0.2,ok,1,185274,0.36167202377866486,0.3005696251749702,0.35213398828347764,0.2980671194290355,0.33027675531822975,0.8171920437128121,0.0007251102151759806,0.8175862366300347,5000,0.9922111714867566,0.2802964338205825,0.0006597216949501128,0.2811331656770993,,-0.5368956098922295,-0.5372898028094522,-0.5382545893403055,0.8175862366300347,10,1.418009991472354,5000.0,0.0,0.0,0.0,0.0,0.00021142974888237876,0,0.0,0,,,,,,,,,0.0874008717281205,0.025571282123348804,6.00722312348662,0.3388486420735717,1.0791613493987824,1.418009991472354,4.23637573755681,5.566566229260655
com-DBLP,317080,1049866,6.622089062697111,kn,nc_base,metis,1,0.5,0.5005796930274912,6.028550845317707e-05,2.1875,ok,1,525542,0.30201854331886163,0.24407972065006392,0.30127749636620293,0.23373554339315683,0.2773830184042535,0.7883194677490342,0.0003692945790448421,0.7888556086889746,229,0.8873857377383016,0.7223541481132318,0.0011126597225827417,0.7243555385392445,,-0.06596531963580232,-0.0665014605757428,-0.06799436339270071,0.7888556086889746,10,1.855758051626617,229.0,0.0,0.0,0.0,0.0,0.004422227828939069,0,0.0,0,,,,,,,,,0.034258221812951586,0.005424327553235652,1.6752544798015152,0.9025426410371438,0.9532154105894733,1.855758051626617,0.9027332406469227,1.7574773353333946
com-DBLP,317080,1049866,6.622089062697111,ld,nc_base,metis,0,0.5,0.499626619016141,5.551115123125783e-17,,ok,1,524541,0.30201854331886163,0.24407972065006392,0.30127749636620293,0.23373554339315683,0.2773830184042535,0.7883194677490342,0.0003692945790448421,0.7888556086889746,229,0.8142296216596757,0.7373767917424566,0.0006357539933306912,0.7383909787558938,,-0.050942676006577536,-0.05147881694651801,-0.052619079366990285,0.7888556086889746,10,3.7897756758378818,229.0,0.0,0.0,0.0,0.0,0.004454396366847483,0,0.0,0,,,,,,,,,0.03753309351147914,0.005388882121650752,1.6752544798015152,2.808097539935261,0.9816781359026209,3.7897756758378818,0.4420458156619344,1.706521127987814
com-DBLP,317080,1049866,6.622089062697111,lsim,nc_base,metis,0,0.5,0.4999828549548228,0.0,,ok,1,524915,0.30201854331886163,0.24407972065006392,0.30127749636620293,0.23373554339315683,0.2773830184042535,0.7883194677490342,0.0003692945790448421,0.7888556086889746,229,0.9655024347212474,0.6955903594668331,0.0006033535754100983,0.6966295356500252,,-0.09272910828220104,-0.09326524922214152,-0.09423554478114171,0.7888556086889746,10,3.778480734163895,229.0,0.0,0.0,0.0,0.0,0.004496026239434843,0,0.0,0,,,,,,,,,0.02679481215585546,0.005423400913212483,1.6752544798015152,3.236350732971914,0.5421300011919812,3.778480734163895,0.44336721493757114,3.090134241082643
com-DBLP,317080,1049866,6.622089062697111,mst_jaccard,nc_base,metis,0,0.5,0.5,0.0,207854,ok,1,524933,0.30201854331886163,0.24407972065006392,0.30127749636620293,0.23373554339315683,0.2773830184042535,0.7883194677490342,0.0003692945790448421,0.7888556086889746,229,0.9934255360543275,0.7594476930323142,0.0005077446475139183,0.7603426211504571,,-0.028871774716719978,-0.029407915656660455,-0.03025534070486169,0.7888556086889746,10,1.5299956127884797,229.0,0.0,0.0,0.0,0.0,0.004497287750725368,0,0.0,0,,,,,,,,,0.033284567375902116,0.005378110522905714,1.6752544798015152,1.096452743979171,0.43354286880930887,1.5299956127884797,1.094940708194774,3.86410341473836
com-DBLP,317080,1049866,6.622089062697111,mst_random,nc_base,metis,1,0.5,0.5,0.0,207854,ok,1,524933,0.30201854331886163,0.24407972065006392,0.30127749636620293,0.23373554339315683,0.2773830184042535,0.7883194677490342,0.0003692945790448421,0.7888556086889746,229,0.8783431355835137,0.7546331410252078,0.0006022872902920173,0.7554223016315794,,-0.03368632672382632,-0.0342224676637668,-0.03536599871701429,0.7888556086889746,10,1.935758749442175,229.0,0.0,0.0,0.0,0.0,0.004476157436609057,0,0.0,0,,,,,,,,,0.03606474071579842,0.0053941300075172035,1.6752544798015152,1.0596515349461697,0.8761072144960054,1.935758749442175,0.8654252397331388,1.9121569279226083
com-DBLP,317080,1049866,6.622089062697111,lspar,nc_base,metis,0,0.5,0.5030422930164421,0.0,0.375,ok,1,528127,0.30201854331886163,0.24407972065006392,0.30127749636620293,0.23373554339315683,0.2773830184042535,0.7883194677490342,0.0003692945790448421,0.7888556086889746,229,0.9564332775803661,0.7083278576342433,0.0009515811619307817,0.7102064010097755,,-0.07999161011479083,-0.08052775105473131,-0.08213196676978585,0.7888556086889746,10,1.8810232976044063,229.0,0.0,0.0,0.0,0.0,0.00445565787813801,0,0.0,0,,,,,,,,,0.027743961895096536,0.0054273922618056,1.6752544798015152,1.2664188529015519,0.6146044447028544,1.8810232976044063,0.8906080440019272,2.7257441664149664
com-DBLP,317080,1049866,6.622089062697111,dspar,nc_base,metis,1,0.5,0.5001568771633713,0.00032619200471503977,0.5,ok,1,525098,0.30201854331886163,0.24407972065006392,0.30127749636620293,0.23373554339315683,0.2773830184042535,0.7883194677490342,0.0003692945790448421,0.7888556086889746,229,0.8967746176327536,0.709100545573801,0.0007688654403092134,0.7104945114016948,,-0.07921892217523319,-0.07975506311517366,-0.08122852558009908,0.7888556086889746,10,1.2766637075983454,229.0,0.0,0.0,0.0,0.0,0.004426643118455911,0,0.0,0,,,,,,,,,0.03314238701118385,0.005409874859794081,1.6752544798015152,0.3884541009902023,0.8882096066081431,1.2766637075983454,1.3122128167589233,1.8861026353890784
com-DBLP,317080,1049866,6.622089062697111,kn,nc_base,metis,1,0.3022,0.3041738659981369,7.484851753767104e-05,1.125,ok,1,319342,0.30201854331886163,0.24407972065006392,0.30127749636620293,0.23373554339315683,0.2773830184042535,0.7883194677490342,0.0003692945790448421,0.7888556086889746,229,0.9836852971735057,0.5708307540282511,0.003201954205446996,0.5756072482880407,,-0.21748871372078304,-0.21802485466072352,-0.22263056746723942,0.7888556086889746,10,1.1723661467607598,229.0,0.0,0.0,0.0,0.0,0.00448498801564274,0,0.0,0,,,,,,,,,0.023028037740011827,0.0054140460406489985,1.6752544798015152,0.7968890689662658,0.37547707779449413,1.1723661467607598,1.4289515988074482,4.461669110779685
com-DBLP,317080,1049866,6.622089062697111,ld,nc_base,metis,0,0.3022,0.30220142380075166,5.551115123125783e-17,,ok,1,317271,0.30201854331886163,0.24407972065006392,0.30127749636620293,0.23373554339315683,0.2773830184042535,0.7883194677490342,0.0003692945790448421,0.7888556086889746,229,0.9839051540256922,0.6622893430245441,0.002714501045710326,0.6676136439925159,,-0.12603012472449004,-0.12656626566443052,-0.12918383600211059,0.7888556086889746,10,2.688738005369669,229.0,0.0,0.0,0.0,0.0,0.004500441528951684,0,0.0,0,,,,,,,,,0.03341617810201014,0.005394004901906411,1.6752544798015152,2.358121853962075,0.3306161514075939,2.688738005369669,0.6230634879470854,5.067067875145063
com-DBLP,317080,1049866,6.622089062697111,lsim,nc_base,metis,0,0.3022,0.3025214646440593,0.0,,ok,1,317607,0.30201854331886163,0.24407972065006392,0.30127749636620293,0.23373554339315683,0.2773830184042535,0.7883194677490342,0.0003692945790448421,0.7888556086889746,229,0.9931326415504417,0.5765236698177122,0.00026478811480004383,0.577071731475137,,-0.21179579793132197,-0.21233193887126245,-0.21277078383542802,0.7888556086889746,10,2.906757596874377,229.0,0.0,0.0,0.0,0.0,0.004496026239434842,0,0.0,0,,,,,,,,,0.01799564555837147,0.005393268025067112,1.6752544798015152,2.6009661419666372,0.3057914549077395,2.906757596874377,0.5763309887287845,5.4784214958098065
com-DBLP,317080,1049866,6.622089062697111,mst_jaccard,nc_base,metis,0,0.3022,0.30220047129824185,0.0,191,ok,1,317270,0.30201854331886163,0.24407972065006392,0.30127749636620293,0.23373554339315683,0.2773830184042535,0.7883194677490342,0.0003692945790448421,0.7888556086889746,229,0.9940425523608039,0.7543982191863989,0.0011369996857024222,0.7557882289493814,,-0.03392124856263523,-0.03445738950257571,-0.03647241655566469,0.7888556086889746,10,1.413080345391063,229.0,0.0,0.0,0.0,0.0,0.004497287750725368,0,0.0,0,,,,,,,,,0.033052065245918354,0.005382417597691697,1.6752544798015152,1.098154479986988,0.314925865404075,1.413080345391063,1.1855337775134767,5.319520127862568
com-DBLP,317080,1049866,6.622089062697111,mst_random,nc_base,metis,1,0.3022,0.30220047129824185,0.0,191,ok,1,317270,0.30201854331886163,0.24407972065006392,0.30127749636620293,0.23373554339315683,0.2773830184042535,0.7883194677490342,0.0003692945790448421,0.7888556086889746,229,0.993904380325673,0.7537989795193852,0.0007224929593639082,0.7545018139107479,,-0.03452048822964893,-0.035056629169589404,-0.036631762200111995,0.7888556086889746,10,1.377121817175066,229.0,0.0,0.0,0.0,0.0,0.004497287750725368,0,0.0,0,,,,,,,,,0.032911516747050326,0.005430623409742973,1.6752544798015152,1.0595238109817728,0.31759800619329326,1.377121817175066,1.2164896808025438,5.2747638433911925
com-DBLP,317080,1049866,6.622089062697111,lspar,nc_base,metis,0,0.3022,0.24407972065006392,0.0,0.0,ok,0,256251,0.30201854331886163,0.24407972065006392,0.30127749636620293,0.23373554339315683,0.2773830184042535,0.7883194677490342,0.0003692945790448421,0.7888556086889746,229,0.9956326340192486,0.4316034689745102,0.00026134731087386624,0.4322244397077656,,-0.356715998774524,-0.35725213971446446,-0.3575387267448901,0.7888556086889746,10,2.498666532698553,229.0,0.0,0.0,0.0,0.0,0.004388482401917497,0,0.0,0,,,,,,,,,0.012683015398994288,0.005427107415908671,1.6752544798015152,2.294891705911141,0.20377482678741216,2.498666532698553,0.6704594061986515,8.221106140599115
com-DBLP,317080,1049866,6.622089062697111,dspar,nc_base,metis,1,0.3022,0.30209341001613543,0.00037173775152664264,0.3022,ok,1,317158,0.30201854331886163,0.24407972065006392,0.30127749636620293,0.23373554339315683,0.2773830184042535,0.7883194677490342,0.0003692945790448421,0.7888556086889746,229,0.9662743046390692,0.5244775407681666,0.0009330444322918485,0.5254876039216227,,-0.2638419269808676,-0.2643780679208081,-0.2661520137906178,0.7888556086889746,10,0.8091700596560258,229.0,0.0,0.0,0.0,0.0,0.004464488457171692,0,0.0,0,,,,,,,,,0.023087634673586495,0.00539857783028666,1.6752544798015152,0.3839679779484868,0.42520208170753904,0.8091700596560258,2.0703367108190553,3.939901876947495
com-DBLP,317080,1049866,6.622089062697111,kn,nc_base,metis,1,0.2,0.19604816233690778,9.114314306093959e-05,0.6875,ok,1,205824,0.30201854331886163,0.24407972065006392,0.30127749636620293,0.23373554339315683,0.2773830184042535,0.7883194677490342,0.0003692945790448421,0.7888556086889746,229,0.9956314527274684,0.29369976040980167,0.0005246714075928923,0.294385489719112,,-0.4946197073392325,-0.49515584827917297,-0.4961838496424609,0.7888556086889746,10,0.9290578867774457,229.0,0.0,0.0,0.0,0.0,0.004427589251923805,0,0.0,0,,,,,,,,,0.011221464342157102,0.005332571130866674,1.6752544798015152,0.758333406993188,0.1707244797842577,0.9290578867774457,1.803175564885786,9.812620204896875
com-DBLP,317080,1049866,6.622089062697111,ld,nc_base,metis,0,0.2,0.30127749636620293,0.0,,ok,0,316301,0.30201854331886163,0.24407972065006392,0.30127749636620293,0.23373554339315683,0.2773830184042535,0.7883194677490342,0.0003692945790448421,0.7888556086889746,229,0.9865906049755542,0.6576108657563837,0.002069528030842038,0.6628396250603572,,-0.13070860199265044,-0.13124474293259092,-0.13304569645897169,0.7888556086889746,10,2.650188433378935,229.0,0.0,0.0,0.0,0.0,0.004543017535006938,0,0.0,0,,,,,,,,,0.032991176131802774,0.0053819969787220244,1.6752544798015152,2.345912678982131,0.30427575439680365,2.650188433378935,0.6321265532298775,5.505711367382985
com-DBLP,317080,1049866,6.622089062697111,lsim,nc_base,metis,0,0.2,0.23373554339315686,2.7755575615628914e-17,,ok,0,245391,0.30201854331886163,0.24407972065006392,0.30127749636620293,0.23373554339315683,0.2773830184042535,0.7883194677490342,0.0003692945790448421,0.7888556086889746,229,0.9956325837895336,0.4318391638330145,0.00037558646999343487,0.4323258722735732,,-0.35648030391601965,-0.3570164448559601,-0.3576367946655722,0.7888556086889746,10,2.623512492136797,229.0,0.0,0.0,0.0,0.0,0.0043878516462722335,0,0.0,0,,,,,,,,,0.012773557611934178,0.005349931970733638,1.6752544798015152,2.427266589947976,0.19624590218882076,2.623512492136797,0.6385540319791102,8.536506806596377
com-DBLP,317080,1049866,6.622089062697111,lspar,nc_base,metis,0,0.2,0.24407972065006392,0.0,0.0,floor,0,256251,0.30201854331886163,0.24407972065006392,0.30127749636620293,0.23373554339315683,0.2773830184042535,0.7883194677490342,0.0003692945790448421,0.7888556086889746,229,0.9956326340192486,0.4316034689745102,0.00026134731087386624,0.4322244397077656,,-0.356715998774524,-0.35725213971446446,-0.3575387267448901,0.7888556086889746,10,1.3733853798592464,229.0,0.0,0.0,0.0,0.0,0.004388482401917497,0,0.0,0,,,,,,,,,0.012683015398994288,0.005418012000390194,1.6752544798015152,1.1704346579499543,0.20295072190929203,1.3733853798592464,1.2197992671024402,8.254488892876484
com-DBLP,317080,1049866,6.622089062697111,dspar,nc_base,metis,1,0.2,0.1999745681829872,0.0003235297147840763,0.2,ok,1,209947,0.30201854331886163,0.24407972065006392,0.30127749636620293,0.23373554339315683,0.2773830184042535,0.7883194677490342,0.0003692945790448421,0.7888556086889746,229,0.9920125637503467,0.33290200032925554,0.0008064161278607764,0.33405004199556887,,-0.4554174674197786,-0.4559536083597191,-0.45713609853813475,0.7888556086889746,10,0.6509896077390295,229.0,0.0,0.0,0.0,0.0,0.004491610949918001,0,0.0,0,,,,,,,,,0.014345660516735378,0.005411191361911416,1.6752544798015152,0.404023069946561,0.24696653779246844,0.6509896077390295,2.5733966562383217,6.78332576864834
com-DBLP,317080,1049866,6.622089062697111,kn,gt,metis,1,0.5,0.5005796930274912,6.028550845317707e-05,2.1875,ok,1,525542,0.30201854331886163,0.24407972065006392,0.30127749636620293,0.23373554339315683,0.2773830184042535,0.7067309281463552,0.0003107959761595827,0.7073692335186186,5000,0.8534503154747088,0.6389875692411867,0.0024439908870840686,0.6444153614853374,,-0.06774335890516847,-0.06838166427743186,-0.0708407895638713,0.7073692335186186,10,5.682548625842901,5000.0,0.0,0.0,0.0,0.0,0.00020783398511416677,0,0.0,0,,,,,,,,,0.1800838119646873,0.028615168795955034,6.031139679311309,0.9124034460401163,4.7701451798027845,5.682548625842901,1.0613441391215022,1.2643513880557946
com-DBLP,317080,1049866,6.622089062697111,ld,gt,metis,0,0.5,0.499626619016141,5.551115123125783e-17,,ok,1,524541,0.30201854331886163,0.24407972065006392,0.30127749636620293,0.23373554339315683,0.2773830184042535,0.7067309281463552,0.0003107959761595827,0.7073692335186186,5000,0.7084873688474769,0.5822479315990411,0.02497117960885051,0.60351407433225,,-0.1244829965473141,-0.1251213019195775,-0.15737583145907919,0.7073692335186186,10,9.366162609762977,5000.0,0.0,0.0,0.0,0.0,0.00020783398511416677,0,0.0,0,,,,,,,,,0.1762930746027181,0.029110336261925104,6.031139679311309,2.710141195973847,6.656021413789131,9.366162609762977,0.6439285682510625,0.9061178299121352
com-DBLP,317080,1049866,6.622089062697111,lsim,gt,metis,0,0.5,0.4999828549548228,0.0,,ok,1,524915,0.30201854331886163,0.24407972065006392,0.30127749636620293,0.23373554339315683,0.2773830184042535,0.7067309281463552,0.0003107959761595827,0.7073692335186186,5000,0.9372067987227698,0.6374919055121506,0.0004757043108538055,0.6384616736405759,,-0.06923902263420456,-0.06987732800646795,-0.07059490383840017,0.7073692335186186,10,6.029205557866954,5000.0,0.0,0.0,0.0,0.0,0.0002131954080989025,0,0.0,0,,,,,,,,,0.1673933171994494,0.02875193643702601,6.031139679311309,3.1057867600466125,2.9234187978203408,6.029205557866954,1.0003207920887407,2.063043339465437
com-DBLP,317080,1049866,6.622089062697111,mst_jaccard,gt,metis,0,0.5,0.5,0.0,207854,ok,1,524933,0.30201854331886163,0.24407972065006392,0.30127749636620293,0.23373554339315683,0.2773830184042535,0.7067309281463552,0.0003107959761595827,0.7073692335186186,5000,0.9572663664805838,0.6743804842470078,0.0005792337603406988,0.6751085208571458,,-0.03235044389934738,-0.03298874927161077,-0.03428195946016255,0.7073692335186186,10,3.8177018124319146,5000.0,0.0,0.0,0.0,0.0,0.00020783398511416677,0,0.0,0,,,,,,,,,0.18374316794498385,0.02865077176257159,6.031139679311309,1.0903635590220802,2.7273382534098345,3.8177018124319146,1.579782805370389,2.2113647516111805
com-DBLP,317080,1049866,6.622089062697111,mst_random,gt,metis,1,0.5,0.5,0.0,207854,ok,1,524933,0.30201854331886163,0.24407972065006392,0.30127749636620293,0.23373554339315683,0.2773830184042535,0.7067309281463552,0.0003107959761595827,0.7073692335186186,5000,0.8240158739364046,0.6679828577643632,0.00042055003419583904,0.6687914775995153,,-0.03874807038199202,-0.03938637575425541,-0.040118643765521766,0.7073692335186186,10,5.341534273111028,5000.0,0.0,0.0,0.0,0.0,0.00020499558471048315,0,0.0,0,,,,,,,,,0.18211102707246216,0.02861539277592142,6.031139679311309,1.0537582960096188,4.2877759771014095,5.341534273111028,1.129102495826286,1.4065892694768152
com-DBLP,317080,1049866,6.622089062697111,lspar,gt,metis,0,0.5,0.5030422930164421,0.0,0.375,ok,1,528127,0.30201854331886163,0.24407972065006392,0.30127749636620293,0.23373554339315683,0.2773830184042535,0.7067309281463552,0.0003107959761595827,0.7073692335186186,5000,0.9325340369583545,0.6502077555467748,0.0006973051531175534,0.6512516505991768,,-0.056523172599580396,-0.05716147797184379,-0.0582921670758455,0.7073692335186186,10,4.753820202156203,5000.0,0.0,0.0,0.0,0.0,0.00020878011858206134,0,0.0,0,,,,,,,,,0.17138534259631688,0.02863726697194529,6.031139679311309,1.2513086339458823,3.5025115682103207,4.753820202156203,1.2686932662231838,1.721947111910052
com-DBLP,317080,1049866,6.622089062697111,dspar,gt,metis,1,0.5,0.5001568771633713,0.00032619200471503977,0.5,ok,1,525098,0.30201854331886163,0.24407972065006392,0.30127749636620293,0.23373554339315683,0.2773830184042535,0.7067309281463552,0.0003107959761595827,0.7073692335186186,5000,0.8610361604388456,0.6298397468862198,0.0018499030475001785,0.6333721778231249,,-0.07689118126013539,-0.07752948663239878,-0.0791993701652246,0.7073692335186186,10,4.87755283084698,5000.0,0.0,0.0,0.0,0.0,0.00020878011858206132,0,0.0,0,,,,,,,,,0.17925492816457683,0.028609698506488274,6.031139679311309,0.37409499305067584,4.503457837796304,4.87755283084698,1.236509349764236,1.3392241909524685
com-DBLP,317080,1049866,6.622089062697111,kn,gt,metis,1,0.3022,0.3041738659981369,7.484851753767104e-05,1.125,ok,1,319342,0.30201854331886163,0.24407972065006392,0.30127749636620293,0.23373554339315683,0.2773830184042535,0.7067309281463552,0.0003107959761595827,0.7073692335186186,5000,0.9670750504825204,0.5173267280427548,0.0008989514831603337,0.5192216674458552,,-0.18940420010360037,-0.19004250547586377,-0.19159841376489362,0.7073692335186186,10,3.3505651833023875,5000.0,0.0,0.0,0.0,0.0,0.0002217106093099533,0,0.0,0,,,,,,,,,0.15600241496068482,0.028658003818902072,6.031139679311309,0.8006384350010194,2.549926748301368,3.3505651833023875,1.8000365160384346,2.365220759117472
com-DBLP,317080,1049866,6.622089062697111,ld,gt,metis,0,0.3022,0.30220142380075166,5.551115123125783e-17,,ok,1,317271,0.30201854331886163,0.24407972065006392,0.30127749636620293,0.23373554339315683,0.2773830184042535,0.7067309281463552,0.0003107959761595827,0.7073692335186186,5000,0.9002472810416215,0.5351175388942485,0.0006357704242001389,0.53585980260321,,-0.17161338925210667,-0.17225169462437007,-0.17347873878785913,0.7073692335186186,10,4.9703666301677005,5000.0,0.0,0.0,0.0,0.0,0.00021981834237416427,0,0.0,0,,,,,,,,,0.16860424462432724,0.028779354017078967,6.031139679311309,2.2252229749574326,2.745143655210268,4.9703666301677005,1.2134194774898965,2.1970215175676646
com-DBLP,317080,1049866,6.622089062697111,lsim,gt,metis,0,0.3022,0.3025214646440593,0.0,,ok,1,317607,0.30201854331886163,0.24407972065006392,0.30127749636620293,0.23373554339315683,0.2773830184042535,0.7067309281463552,0.0003107959761595827,0.7073692335186186,5000,0.9882944725508446,0.5480418965607609,0.0005571101438375033,0.5486782802847986,,-0.15868903158559433,-0.15932733695785772,-0.1601451259486416,0.7073692335186186,10,4.148475452640559,5000.0,0.0,0.0,0.0,0.0,0.00022959505487574116,0,0.0,0,,,,,,,,,0.14957785473312274,0.02854479817197572,6.031139679311309,2.5303989950334653,1.6180764576070943,4.148475452640559,1.4538207464798687,3.727351480183149
com-DBLP,317080,1049866,6.622089062697111,mst_jaccard,gt,metis,0,0.3022,0.30220047129824185,0.0,191,ok,1,317270,0.30201854331886163,0.24407972065006392,0.30127749636620293,0.23373554339315683,0.2773830184042535,0.7067309281463552,0.0003107959761595827,0.7073692335186186,5000,0.9702758546914514,0.6463755382419302,0.0008418801446100128,0.647535306793354,,-0.060355389904425016,-0.06099369527668841,-0.06240590497922727,0.7073692335186186,10,3.4912645395321307,5000.0,0.0,0.0,0.0,0.0,0.00020720322946890372,0,0.0,0,,,,,,,,,0.1812578942778223,0.02863752800474846,6.031139679311309,1.08975999802351,2.4015045415086207,3.4912645395321307,1.7274943250560872,2.5114004887629977
com-DBLP,317080,1049866,6.622089062697111,mst_random,gt,metis,1,0.3022,0.30220047129824185,0.0,191,ok,1,317270,0.30201854331886163,0.24407972065006392,0.30127749636620293,0.23373554339315683,0.2773830184042535,0.7067309281463552,0.0003107959761595827,0.7073692335186186,5000,0.9702634747404368,0.6466326713288084,0.0005318563300933875,0.6472989551066252,,-0.06009825681754677,-0.06073656218981016,-0.0615667828605031,0.7073692335186186,10,3.4882341245014685,5000.0,0.0,0.0,0.0,0.0,0.00020594171817837773,0,0.0,0,,,,,,,,,0.18133598549500246,0.02869540088559153,6.031139679311309,1.0523925599991344,2.435841564502334,3.4882341245014685,1.7289950915130352,2.4759983437360913
com-DBLP,317080,1049866,6.622089062697111,lspar,gt,metis,0,0.3022,0.24407972065006392,0.0,0.0,ok,0,256251,0.30201854331886163,0.24407972065006392,0.30127749636620293,0.23373554339315683,0.2773830184042535,0.7067309281463552,0.0003107959761595827,0.7073692335186186,5000,0.9996590164407522,0.427665031088799,0.0001446069945429112,0.4278826871062102,,-0.2790658970575562,-0.2797042024298196,-0.2799000350112918,0.7073692335186186,10,2.8142455248744227,5000.0,0.0,0.0,0.0,0.0,0.0002113031411631134,0,0.0,0,,,,,,,,,0.13136578379000097,0.02838573488471301,6.031139679311309,2.27678716997616,0.5374583548982628,2.8142455248744227,2.143075160288451,11.221594425586636
com-DBLP,317080,1049866,6.622089062697111,dspar,gt,metis,1,0.3022,0.30209341001613543,0.00037173775152664264,0.3022,ok,1,317158,0.30201854331886163,0.24407972065006392,0.30127749636620293,0.23373554339315683,0.2773830184042535,0.7067309281463552,0.0003107959761595827,0.7073692335186186,5000,0.9403573803342824,0.4690824443002152,0.0009466454208834842,0.4704083828705597,,-0.23764848384614,-0.2382867892184034,-0.23974077335675326,0.7073692335186186,10,3.1916138817497997,5000.0,0.0,0.0,0.0,0.0,0.00020941087422732436,0,0.0,0,,,,,,,,,0.14913395274205402,0.028678105706641782,6.031139679311309,0.39302389504155144,2.798589986708248,3.1916138817497997,1.8896833710989944,2.1550636956309717
com-DBLP,317080,1049866,6.622089062697111,kn,gt,metis,1,0.2,0.19604816233690778,9.114314306093959e-05,0.6875,ok,1,205824,0.30201854331886163,0.24407972065006392,0.30127749636620293,0.23373554339315683,0.2773830184042535,0.7067309281463552,0.0003107959761595827,0.7073692335186186,5000,0.9984531034216706,0.289909312099563,0.0004994824324819508,0.29071435804652346,,-0.4168216160467922,-0.4174599214190556,-0.4181486011388359,0.7073692335186186,10,1.3527695917116944,5000.0,0.0,0.0,0.0,0.0,0.00021445691938942854,0,0.0,0,,,,,,,,,0.10730793909500243,0.028427579932189473,6.031139679311309,0.767434837995097,0.5853347537165974,1.3527695917116944,4.458364318848971,10.303744380487302
com-DBLP,317080,1049866,6.622089062697111,ld,gt,metis,0,0.2,0.30127749636620293,0.0,,ok,0,316301,0.30201854331886163,0.24407972065006392,0.30127749636620293,0.23373554339315683,0.2773830184042535,0.7067309281463552,0.0003107959761595827,0.7073692335186186,5000,0.9037208150027609,0.5344981381892738,0.0016569088409247956,0.5363257035389548,,-0.17223278995708136,-0.17287109532934475,-0.17715409987322273,0.7073692335186186,10,4.537493189034285,5000.0,0.0,0.0,0.0,0.0,0.00021950296455153277,0,0.0,0,,,,,,,,,0.1688900502032698,0.028717554208163593,6.031139679311309,2.2261829880299047,2.3113102010043804,4.537493189034285,1.3291787839784983,2.609402959711109
com-DBLP,317080,1049866,6.622089062697111,lsim,gt,metis,0,0.2,0.23373554339315686,2.7755575615628914e-17,,ok,0,245391,0.30201854331886163,0.24407972065006392,0.30127749636620293,0.23373554339315683,0.2773830184042535,0.7067309281463552,0.0003107959761595827,0.7073692335186186,5000,0.9995672670713573,0.4290179393731515,0.00015416340026113277,0.4293514929829456,,-0.27771298877320366,-0.27835129414546705,-0.27854489465921733,0.7073692335186186,10,2.8808573468239045,5000.0,0.0,0.0,0.0,0.0,0.0002113031411631134,0,0.0,0,,,,,,,,,0.1312941620287667,0.02841623658053529,6.031139679311309,2.333261942025274,0.5475954047986307,2.8808573468239045,2.0935225015429997,11.013861012090054
com-DBLP,317080,1049866,6.622089062697111,lspar,gt,metis,0,0.2,0.24407972065006392,0.0,0.0,floor,0,256251,0.30201854331886163,0.24407972065006392,0.30127749636620293,0.23373554339315683,0.2773830184042535,0.7067309281463552,0.0003107959761595827,0.7073692335186186,5000,0.9996590164407522,0.427665031088799,0.0001446069945429112,0.4278826871062102,,-0.2790658970575562,-0.2797042024298196,-0.2799000350112918,0.7073692335186186,10,1.6996869288559537,5000.0,0.0,0.0,0.0,0.0,0.0002113031411631134,0,0.0,0,,,,,,,,,0.13136578379000097,0.028430887966085325,6.031139679311309,1.1603994079632685,0.5392875208926853,1.6996869288559537,3.5483826914941465,11.183532801441306
com-DBLP,317080,1049866,6.622089062697111,dspar,gt,metis,1,0.2,0.1999745681829872,0.0003235297147840763,0.2,ok,1,209947,0.30201854331886163,0.24407972065006392,0.30127749636620293,0.23373554339315683,0.2773830184042535,0.7067309281463552,0.0003107959761595827,0.7073692335186186,5000,0.9826323414318308,0.3140061549510785,0.001129952018758037,0.31561719673010596,,-0.3927247731952767,-0.3933630785675401,-0.3947233484236513,0.7073692335186186,10,2.069122664950555,5000.0,0.0,0.0,0.0,0.0,0.00021445691938942854,0,0.0,0,,,,,,,,,0.11533198112326074,0.028534750253563432,6.031139679311309,0.3700177920400165,1.6991048729105387,2.069122664950555,2.9148294499279634,3.549598247564358
