network,chain,chain_seed,spe,spe_nom,accepted,ami_P0,final,stalled,fresh_n,fresh_m,fresh_n_comms,fresh_Q,fresh_p_intra,fresh_sd_s,fresh_mu_s,fresh_delta,fresh_mu_intra,fresh_mu_inter,fresh_r_pb,fresh_auc_s,fresh_auc_prod,fresh_hb,fresh_deg_R2,fresh_hub_inter_frac,fresh_nonhub_inter_frac,fresh_hub_inter_lift,fresh_assort_deg,fresh_transitivity,fresh_avg_local_cc,fresh_tri_intra,fresh_tri_inter,fresh_tri_frac_intra_ge1,fresh_tri_frac_inter_ge1,fresh_comm_size_mean,fresh_comm_size_max_frac,fresh_comm_size_gini,seconds
ca-GrQc,up,1,0.0,0.0,0,1.0,0,0,4158,13422,42,0.8513623535140842,0.8959171509462077,0.28700993739820324,0.3097898971837282,0.08723506953795679,0.3188695717586444,0.2316345022206876,0.09281489735988588,0.5235911226462407,0.4671170327863241,0.47820995409767336,0.20120241734161926,0.1005940594059406,0.10618729096989966,0.9664806480648065,0.639186140675376,0.6288944756689877,0.5568782161697932,11.728316008316009,1.6492483894058698,0.9212474012474012,0.7816750178954903,99.0,0.06132756132756133,0.3693052978767266,0.1
ca-GrQc,up,1,0.01,0.01,134,0.7545571466392158,0,0,4158,13422,43,0.8361450222804229,0.8814632692594249,0.2864910821861625,0.3097898971837282,0.08364089375938816,0.3197044152861859,0.23606352152679771,0.09437047467269173,0.5215278592747717,0.46588453636354993,0.4994607670136116,0.19507013438582232,0.12458243269797603,0.11484459378375135,1.051002772892668,0.6269554567010083,0.596935753491372,0.5233515997975082,11.314090102273688,1.3802639849151477,0.9111655819457358,0.6631049654305469,96.69767441860465,0.075998075998076,0.40257503048200727,0.1
ca-GrQc,up,1,0.02,0.02,268,0.718333407814334,0,0,4158,13422,38,0.8207211493723202,0.8672329012069736,0.28615930949405666,0.3097898971837282,0.08341981716969443,0.3208653042911932,0.23744548712149877,0.0989178025571226,0.5207415410307735,0.4631748469806889,0.508936522721318,0.2004308231156261,0.1469499122977977,0.12398986853214329,1.106824760303614,0.6148823656474082,0.5639371882116015,0.49049021476974847,10.86168384879725,1.1795735129068463,0.9012027491408935,0.5785634118967452,109.42105263157895,0.06782106782106782,0.3714336345915292,0.1
ca-GrQc,up,1,0.05,0.05,671,0.6517503523790183,0,0,4158,13422,38,0.7775804090105224,0.8225301743406348,0.28510778165780093,0.3097898971837282,0.08916758194854954,0.32561445240660447,0.23644687045805493,0.11949124864149745,0.5303685210029326,0.4500230632217476,0.5674201501864015,0.13484572793216998,0.21179164281625643,0.15548221488815547,1.1933952266497876,0.5729416012546649,0.4641385755465757,0.4088146192654094,9.407518115942029,0.8089840470193115,0.8706521739130435,0.4193954659949622,109.42105263157895,0.06060606060606061,0.27381585276322107,0.1
ca-GrQc,up,1,0.1,0.1,1342,0.5257572828455046,0,0,4158,13422,39,0.7039281397171038,0.7493667113693935,0.2841938031876106,0.3097898971837282,0.10872160571411837,0.3370391507690578,0.22831754505493945,0.1657936255190791,0.5547663031232171,0.4225663565115434,0.660604902628503,0.12584115272567098,0.3219367954167437,0.20247160154787167,1.2844933614992666,0.510582161434915,0.32774801574243484,0.30268023450741527,7.241300457347386,0.5549940546967895,0.8154702724199642,0.316884661117717,106.61538461538461,0.05844155844155844,0.27769761103094437,0.2
ca-GrQc,up,1,0.15,0.15,2013,0.4327747891445928,0,0,4158,13422,38,0.643448101306464,0.6896140664580539,0.28278913454072496,0.3097898971837282,0.11752265844365781,0.3462672772370942,0.2287446187934364,0.19227063448359627,0.5645746361768791,0.41253621322713274,0.7022049938583373,0.08709633742194067,0.40007169743681664,0.24658931531301798,1.2889491893895708,0.4549694876588471,0.23483342766509152,0.21638334838360768,5.598206568712187,0.40950552088334136,0.7472990492653414,0.2597215554488718,109.42105263157895,0.0545935545935546,0.2479810637705373,0.2
ca-GrQc,up,1,0.2,0.2,2684,0.3445966891419178,0,0,4158,13422,32,0.5881986571818641,0.645209357770824,0.2811859567583868,0.3097898971837282,0.12636706032164838,0.35462374767185884,0.22825668735021046,0.2150189133460593,0.5750608527090428,0.4024749920705974,0.7400553808489257,0.0705983388890945,0.4529689963215975,0.28212109425645016,1.2767219379732215,0.40997026299244116,0.16902057309833757,0.15906414504552513,4.254157043879908,0.35321293574128515,0.6855658198614318,0.2272154556908862,129.9375,0.06565656565656566,0.23690776815776826,0.2
ca-GrQc,up,1,0.3,0.3,4027,0.21280670229041718,0,0,4158,13422,33,0.49627667117823815,0.5767396811205484,0.28012021185807884,0.3097898971837282,0.14265771059733123,0.37017124526176715,0.2275135346644359,0.25161961750750617,0.5875004016338591,0.39380627947745234,0.7882210830819689,0.07541471299758273,0.5222576852007391,0.34435667425358146,1.233892387038254,0.3273476359195975,0.08750477143195609,0.08101643149508417,2.343883219222323,0.3168456257701109,0.5388192739956078,0.20647773279352227,126.0,0.08104858104858105,0.31702304429577155,0.2
ca-GrQc,up,1,0.4,0.4,5369,0.11856734310304881,0,0,4158,13422,31,0.43138746746296264,0.5604976903591119,0.2821593422787518,0.3097898971837282,0.146402289292964,0.37413404146469936,0.22773175217173536,0.2575259085562466,0.5839676897949188,0.40026033516428583,0.7302343599239968,0.09561559757829996,0.5231199605068291,0.37031994554118447,1.1902553161421698,0.29320653718474654,0.04916220236136522,0.044513235810582245,1.2534892994815898,0.3008984573656552,0.41113917320217996,0.1988472622478386,134.1290322580645,0.12987012987012986,0.38785706527642017,0.2
ca-GrQc,up,1,0.5,0.5,6711,0.06890544942635,0,0,4158,13422,52,0.40156124767613166,0.5470123677544331,0.2838374457130002,0.3097898971837282,0.14670279987746893,0.3762444511440181,0.22954165126654918,0.2572826248976942,0.5724633148862349,0.4128485265021721,0.6489937328282256,0.11406083197656702,0.5212455400583846,0.39498346196251377,1.1506838221486249,0.26131067715746004,0.032340436734102904,0.02564363892993215,0.8112230999727594,0.23273026315789475,0.3388722418959412,0.17615131578947368,79.96153846153847,0.1341991341991342,0.6534576534576535,0.2
ca-GrQc,up,1,1.0,1.0,13422,0.02568075677736163,0,0,4158,13422,78,0.40277475252245676,0.6014006854418119,0.3066693922930899,0.3097898971837282,0.1100353146064176,0.3536498981630408,0.24361458355662322,0.17567577983109028,0.4747775511054713,0.506947854820633,0.40923967880949647,0.2756628131410107,0.3922125668449198,0.40373756386125303,0.983977022839722,0.3359150079928488,0.02712805865241599,0.0063516181087783915,0.6852081268582755,0.12186915887850468,0.33597621407333994,0.10467289719626169,53.30769230769231,0.13516113516113515,0.7261380594713929,0.2
ca-GrQc,up,1,1.5,1.5,20133,0.02856611140067543,0,0,4158,13422,90,0.4600503794380676,0.6756817165847117,0.3305175143292902,0.3097898971837282,0.08910348679501756,0.3386877870674051,0.24958430027238754,0.12619932187243682,0.4329175329543971,0.5547197853189615,0.31261400356167124,0.4967873824903192,0.24198034489152606,0.37962386349483124,0.7461199607475448,0.5456461916656806,0.04443683940347228,0.006348112171592081,1.0627412063072004,0.11256604640477831,0.3928768331679347,0.09832299563519412,46.2,0.14983164983164984,0.8072844850622629,0.2
ca-GrQc,up,1,2.0,2.0,26844,0.03271205657297009,0,0,4158,13422,159,0.5217440115098736,0.7791685292802861,0.3483650304767137,0.3097898971837282,0.0424645422805181,0.31916740450897446,0.27670286222845636,0.05056361058108596,0.3977019026559293,0.5950291591144476,0.25620365514899407,0.6946736185315683,0.10957230142566192,0.28500939849624063,0.4961806443101331,0.6906243121579211,0.05886301712450476,0.007431824944961887,1.253968253968254,0.101889338731444,0.39462612354178617,0.0887314439946019,26.150943396226417,0.21693121693121692,0.8625760449659821,0.2
ca-GrQc,up,1,2.5,2.5,33555,0.040672664693704355,0,0,4158,13422,217,0.6110825793453472,0.8071077335717479,0.35888478856028544,0.3097898971837282,0.08351229876548519,0.32589877376723597,0.24238647500175078,0.09181603825040362,0.4748371614037006,0.5218996487885518,0.4683388765243629,0.8375477891363052,0.20415377817057004,0.18716276978417265,1.0583823911183436,0.7749091630594959,0.07102523264844089,0.008973955076051,1.4033047170682176,0.3808420239474701,0.38022708391027416,0.2398609501738123,19.161290322580644,0.20322270322270322,0.8592885182746932,0.2
ca-GrQc,up,1,3.0,3.0,40266,0.04554650302971504,0,0,4158,13422,289,0.6969980485826552,0.8902548055431382,0.3669227149942966,0.3097898971837282,0.07468416607219314,0.3179861255121696,0.24330195943997646,0.0636214931046798,0.4998959995004794,0.49878770245369025,0.6185452247370926,0.9152983744770645,0.1274555659494855,0.10146512136453094,1.1613771936008115,0.8222272925733911,0.07973885459307913,0.013370994566130402,1.4217089296175411,0.8051595383570944,0.42455435601305547,0.38085539714867617,14.387543252595156,0.2703222703222703,0.8379893847021873,0.2
ca-GrQc,up,1,3.2291,3.2291,43341,0.05028957626125208,1,1,4158,13422,311,0.7470095295653679,0.9105945462673223,0.36953369060671687,0.3097898971837282,0.0833751590700528,0.31724409111042046,0.23386893204036766,0.06437647078443774,0.5172928598701795,0.4824320214912998,0.5984074114311487,0.9396202431895702,0.08119047619047619,0.0931468228150076,0.908115476190476,0.8351046600189556,0.08655706632619484,0.017564630243394067,1.5064637538864343,1.0966666666666667,0.46522664048437246,0.4558333333333333,13.369774919614148,0.2453102453102453,0.8305826601646538,0.1
ca-GrQc,up,2,0.0,0.0,0,1.0,0,0,4158,13422,42,0.8513623535140842,0.8959171509462077,0.28700993739820324,0.3097898971837282,0.08723506953795679,0.3188695717586444,0.2316345022206876,0.09281489735988588,0.5235911226462407,0.4671170327863241,0.47820995409767336,0.20120241734161926,0.1005940594059406,0.10618729096989966,0.9664806480648065,0.639186140675376,0.6288944756689877,0.5568782161697932,11.728316008316009,1.6492483894058698,0.9212474012474012,0.7816750178954903,99.0,0.06132756132756133,0.3693052978767266,0.1
ca-GrQc,up,2,0.01,0.01,134,0.7725301295160456,0,0,4158,13422,39,0.8361111505226939,0.8833258828788556,0.2867885007235806,0.3097898971837282,0.09106104805482879,0.32041436456965144,0.22935331651482266,0.10193390232705234,0.5310024034691306,0.4543869774889134,0.5326803678528432,0.19762556576466161,0.12706530291109364,0.11033821060206285,1.0890616192035114,0.6244700137586177,0.5886959840996144,0.5267390395824253,11.134615384615385,1.3812260536398469,0.9116059379217274,0.6558109833971902,106.61538461538461,0.07647907647907648,0.4050147383480718,0.1
ca-GrQc,up,2,0.02,0.02,268,0.7310458149919289,0,0,4158,13422,39,0.8204780021085086,0.8654447921323201,0.28622815472835766,0.3097898971837282,0.08908952523203481,0.32177735677015756,0.23268783153812275,0.10621460393050752,0.530564417010638,0.45176601315938,0.546000607391522,0.17463150593924248,0.1558720249707374,0.12138379942140791,1.158424318470231,0.611892046553176,0.553788846037408,0.4940431898332973,10.673037190082646,1.2408637873754154,0.9003099173553719,0.5980066445182725,106.61538461538461,0.07142857142857142,0.32778332778332797,0.1
ca-GrQc,up,2,0.05,0.05,671,0.647226420303831,0,0,4158,13422,39,0.7761559800327378,0.8210400834450902,0.28528734871517225,0.3097898971837282,0.09062190002261541,0.32600758484982284,0.23538568482720743,0.12176170335223997,0.5327954170073034,0.44466880291831823,0.5794393854626764,0.14721988428042632,0.22020279318920988,0.15265405735204393,1.230458738628466,0.5757048707819145,0.462835481026154,0.4155217207005879,9.387749546279492,0.8476269775187344,0.8740471869328493,0.4338051623646961,106.61538461538461,0.05555555555555555,0.3309159975826643,0.1
ca-GrQc,up,2,0.1,0.1,1342,0.5106749008024914,0,0,4158,13422,38,0.7080700140001045,0.755327074951572,0.28376157903937577,0.3097898971837282,0.09948403625411001,0.33413094732964516,0.23464691107553515,0.1507163222844763,0.5453214879486473,0.43514414298274556,0.6362620138919628,0.08637865796045363,0.3020408163265306,0.2061752988047809,1.234467672574511,0.5183644629312538,0.3369223276690403,0.30544041736621746,7.393568751232984,0.5587697929354446,0.8167291378970211,0.31090133982947626,109.42105263157895,0.07118807118807119,0.31658692185007964,0.1
ca-GrQc,up,2,0.15,0.15,2013,0.4498319869718457,0,0,4158,13422,40,0.6486066695367184,0.6961704663984503,0.2826023428971527,0.3097898971837282,0.11133575570675655,0.3436169879132881,0.23228123220653155,0.18118894422915488,0.5591653966615048,0.4214683192934691,0.6904025277097086,0.0701374719401816,0.3813222543352601,0.24942936850114125,1.255053285357494,0.46898183984596686,0.2438892764534769,0.2237839754399493,5.755672089041096,0.4428641490926925,0.7586686643835616,0.2596861206473762,103.95,0.061808561808561806,0.32823472823472843,0.2
ca-GrQc,up,2,0.2,0.2,2684,0.33550920547138785,0,0,4158,13422,37,0.5902285840732667,0.6473699895693638,0.2817958428647739,0.3097898971837282,0.12633531211636817,0.3543395196130808,0.22800420749671263,0.21420326782283564,0.5738599335485096,0.4098260628920528,0.7261362656138914,0.06155636511406237,0.438339222614841,0.29013140943055915,1.24305705597642,0.42535122682202053,0.1738249114817106,0.16287475817845798,4.3528599378524575,0.3794633424889077,0.688917021521464,0.23072047327276568,112.37837837837837,0.08008658008658008,0.3283803283803284,0.2
ca-GrQc,up,2,0.3,0.3,4027,0.2022570558156762,0,0,4158,13422,34,0.4898839347751844,0.5821785128892862,0.28122812142235903,0.3097898971837282,0.1391269469599482,0.36792012505970717,0.22879317809975896,0.24399222115024655,0.5800980705285185,0.40357634501080214,0.7290434060465937,0.07609141134139419,0.5065465056963101,0.34862750298368916,1.212351497763173,0.3583366131457385,0.09312518921195688,0.08256615382872202,2.4706936268236497,0.34218972895863053,0.5290504223189147,0.2148716119828816,122.29411764705883,0.09523809523809523,0.359675183204595,0.2
ca-GrQc,up,2,0.4,0.4,5369,0.11758931225037057,0,0,4158,13422,37,0.43429864567812215,0.522202354343615,0.28200399261623044,0.3097898971837282,0.17653253178263942,0.3941367252512343,0.21760419346859486,0.31268777930099184,0.6320279619994493,0.35771913133805355,1.0021905398546531,0.057865856858792974,0.57907824933687,0.395128552097429,1.2119738441602166,0.2982410916618912,0.049715030339725956,0.04748396607840641,1.2559566271936082,0.3941992827070014,0.3912112997574547,0.2309371588959925,112.37837837837837,0.094997594997595,0.5068835068835069,0.2
ca-GrQc,up,2,0.5,0.5,6711,0.06950604963982324,0,0,4158,13422,38,0.3961774339222621,0.5412755178065862,0.28421765683841527,0.3097898971837282,0.15309205746425722,0.38001697197194395,0.22692491450768673,0.26840262359704736,0.5797072608340531,0.40594253084660936,0.6825617224337551,0.09361848923008953,0.531960111165604,0.3973990417522245,1.1596505785390188,0.26824292401773836,0.03185342161030892,0.027370076272415358,0.7799036476256022,0.2588923176871853,0.3311768754301445,0.17638460289101834,109.42105263157895,0.1382876382876383,0.5267335004177109,0.2
ca-GrQc,up,2,1.0,1.0,13422,0.0216244690287687,0,0,4158,13422,63,0.4006469905392878,0.5792728356429743,0.30467799660698447,0.3097898971837282,0.13130055114843864,0.3650316057469254,0.23373105459848675,0.21274889647183506,0.5207189544344463,0.462503335293987,0.6112807766850601,0.27723346318438125,0.44601650665319187,0.4006680026720107,1.060108651018088,0.3386990618952915,0.027509773208903163,0.007692144702543351,0.6307395498392283,0.24189835310784488,0.3032797427652733,0.16256419337701433,66.0,0.12000962000962001,0.7084449941592799,0.2
ca-GrQc,up,2,1.5,1.5,20133,0.02687901384559439,0,0,4158,13422,83,0.4643696807823847,0.6777678438384741,0.32982583781332814,0.3097898971837282,0.09447675055702845,0.3402333442228541,0.24575659366582567,0.13386442971786114,0.44610833400581146,0.5411060369898989,0.350094966114254,0.4862219738673177,0.26443825441039925,0.3609555804404629,0.8206451446696829,0.5427505861799231,0.04383136114145815,0.006162852233465815,1.0359459162361218,0.13086705202312138,0.3845223700120919,0.10728323699421966,50.096385542168676,0.15897065897065896,0.8189178068696141,0.2
ca-GrQc,up,2,2.0,2.0,26844,0.030815846363959815,0,0,4158,13422,150,0.5260346867226586,0.741469229623007,0.34728806128544154,0.3097898971837282,0.07303652786741965,0.32867208699895295,0.2556355591315333,0.09207737964246301,0.42838978682691325,0.5646793224190814,0.3103152100287681,0.7026342063425071,0.17261783309528667,0.3079450768689121,0.6676877682434978,0.68934673081694,0.05983704737209272,0.00793991462662605,1.3235530546623795,0.13429394812680115,0.3990152733118971,0.11325648414985591,27.72,0.16666666666666666,0.8483694083694084,0.2
ca-GrQc,up,2,2.5,2.5,33555,0.03537185393825968,0,0,4158,13422,219,0.5999840194357109,0.8492773059156609,0.35862431589252,0.3097898971837282,0.03243218117364821,0.3146781629052518,0.2822459817316036,0.03235567827137275,0.40797609662753237,0.5894230343505169,0.28770677793111776,0.8076055466739751,0.08259521700620018,0.18526835841006065,0.5479945638443988,0.773434787887573,0.07277585457991655,0.008812893576152437,1.4243354680235107,0.17350469599604548,0.3885428546363716,0.14483440434997527,18.986301369863014,0.23977873977873979,0.858664927158078,0.2
ca-GrQc,up,2,3.0,3.0,40266,0.04389381184318009,0,0,4158,13422,287,0.69024379139341,0.8904038146326926,0.3663555103466455,0.3097898971837282,0.06359190191925695,0.3167593270543307,0.25316742513507373,0.05422384512877032,0.481699320491827,0.5175684805409535,0.5033810160273767,0.8956845945661427,0.1169740835862713,0.10613852719115877,1.0673189326274188,0.819920490020318,0.08122622510628776,0.012603260384093241,1.4732658354949377,0.6159075458871516,0.42465065684879927,0.3405846363018355,14.487804878048781,0.30904280904280906,0.8384994796144623,0.2
ca-GrQc,up,2,3.2441,3.2441,43542,0.04229607505421122,1,1,4158,13422,322,0.7423463982398225,0.9210251825361347,0.36928766292953774,0.3097898971837282,0.07701974327392094,0.31587251734989985,0.2388527740759789,0.05624932760946652,0.5071480465089303,0.49251846040666314,0.582837544445428,0.940512988707375,0.07606635071090047,0.08030862855900892,0.9631722256997233,0.8345213820467653,0.08891316651968462,0.017762106788535882,1.5406083158065038,1.150943396226415,0.4639216955185245,0.44056603773584907,12.91304347826087,0.27585377585377585,0.8219521449335114,0.1
ca-GrQc,down,1,0.0,0.0,0,1.0,0,0,4158,13422,42,0.8513623535140842,0.8959171509462077,0.28700993739820324,0.3097898971837282,0.08723506953795679,0.3188695717586444,0.2316345022206876,0.09281489735988588,0.5235911226462407,0.4671170327863241,0.47820995409767336,0.20120241734161926,0.1005940594059406,0.10618729096989966,0.9664806480648065,0.639186140675376,0.6288944756689877,0.5568782161697932,11.728316008316009,1.6492483894058698,0.9212474012474012,0.7816750178954903,99.0,0.06132756132756133,0.3693052978767266,0.1
ca-GrQc,down,1,0.01,0.01,134,0.8194210862189445,0,0,4158,13422,41,0.8439894898966575,0.8883176873789301,0.285154016262567,0.3097898971837282,0.06497493883800404,0.317046448615569,0.252071509777565,0.07176996599882123,0.49558245014135344,0.4890388218777852,0.41488834958751586,0.219185138767517,0.10867850098619329,0.11350574712643678,0.9731039627996575,0.6305795676919503,0.622379003066879,0.525467693046002,11.744862870083033,1.2128085390260173,0.912018787217982,0.6397598398932621,101.41463414634147,0.06782106782106782,0.36822346578444143,0.1
ca-GrQc,down,1,0.02,0.02,268,0.837507729237631,0,0,4158,13422,40,0.841019860418161,0.8865295783042766,0.28344789413506793,0.3097898971837282,0.04575252500383242,0.31498145548955714,0.2692289304857247,0.051195263391993165,0.47177033421536496,0.5097324951632467,0.3664955176984228,0.21015293941703406,0.10301359070317116,0.11983223487118035,0.9078453147852683,0.6246165567583967,0.6173377384070656,0.49575911612943896,11.718883939826876,0.8273145108338805,0.9031851416085386,0.5022980958634274,103.95,0.061087061087061086,0.3742544492544493,0.1
ca-GrQc,down,1,0.05,0.05,671,0.7514898322588431,0,0,4158,13422,40,0.825911507762605,0.8716286693488303,0.27938578933003777,0.3097898971837282,0.0013464808207294676,0.3099627467183815,0.308616265897652,0.0016121135713219991,0.41354693619115224,0.5621529031282195,0.2617228625972419,0.19315571401740406,0.10119866378463352,0.14496579863194528,0.7883276061040926,0.6104968624816721,0.606807681676385,0.4196445215300667,11.776818531498419,0.3052814857806152,0.878109240105992,0.2321532211259431,103.95,0.06565656565656566,0.3865319865319867,0.1
ca-GrQc,down,1,0.1,0.1,1342,0.6819075903018399,0,0,4158,13422,39,0.8098328169527803,0.8566532558486067,0.2734474812456645,0.3097898971837282,-0.0536328196371918,0.30210180710907786,0.35573462674626966,-0.06873107772683787,0.3467353899385557,0.6290264844035065,0.17074754289376107,0.1736570634731499,0.09212073696589573,0.17475961538461537,0.6426426879190501,0.597564245431164,0.5966593395021916,0.3340544807917958,11.812141241955123,0.09043659043659044,0.8337971821186293,0.07536382536382537,106.61538461538461,0.061808561808561806,0.3894007227340561,0.1
ca-GrQc,down,1,0.15,0.15,2013,0.6259669537703169,0,0,4158,13422,36,0.8020259568682742,0.848383251378334,0.26885787353519,0.3097898971837282,-0.09464813464641525,0.2954396547455331,0.3900877893919483,-0.12625800781162483,0.2998052436622736,0.6829632653642489,0.12178847337890315,0.16790223780572466,0.07745098039215687,0.1970680124969959,0.5108339355398178,0.5921161081970132,0.5914469614205047,0.28611470076027584,11.831562307894968,0.03734643734643735,0.8083779748836393,0.0343980343980344,115.5,0.0594035594035594,0.32284485062262847,0.1
ca-GrQc,down,1,0.2,0.2,2684,0.588403744945486,0,0,4158,13422,34,0.7996028356001208,0.8469676650275667,0.2644843351670795,0.3097898971837282,-0.12439735876556474,0.29075307890743035,0.4151504376729951,-0.1693309021566737,0.26720827420381577,0.7213478514999997,0.09755764302789864,0.15190297853731083,0.0629905808477237,0.20814316598606775,0.41161615196599205,0.5900937095627212,0.5878140918484198,0.2541038717049939,11.781140042223786,0.022395326192794548,0.7866819141449684,0.020934761441090556,122.29411764705883,0.0707070707070707,0.3356110120816005,0.1
ca-GrQc,down,1,0.3,0.3,4027,0.5462092811324804,0,0,4158,13422,31,0.8055962605046578,0.8537475786022948,0.26159560299921597,0.3097898971837282,-0.16580220722259703,0.2855409229043393,0.45134313012693633,-0.22396293120170063,0.22347798083374792,0.7741581461417052,0.07247908677625242,0.1287454685481143,0.0462234461054288,0.20724394339170066,0.3160525184040069,0.5963500695891898,0.5841548971345083,0.21540832605702653,11.616196875818135,0.015282730514518594,0.7532070861331704,0.015282730514518594,134.1290322580645,0.06541606541606541,0.2732703377864669,0.1
ca-GrQc,down,1,0.4,0.4,5369,0.533632008358734,0,0,4158,13422,33,0.8189571812800264,0.865742810311429,0.2631071994039503,0.3097898971837282,-0.1945973528979441,0.2836638034628151,0.4782611563607592,-0.25215490423289083,0.19808543672072149,0.8049485320384121,0.06156653434213089,0.12656050653673578,0.03270935960591133,0.19599856235773333,0.24363208914014525,0.6061952860967791,0.581403919813618,0.19627667756628325,11.401893287435456,0.012763596004439512,0.7339931153184165,0.009988901220865706,126.0,0.061087061087061086,0.28492719401810307,0.1
ca-GrQc,down,1,0.5,0.5,6711,0.5616974682224025,0,0,4158,13422,38,0.8382828231154198,0.8831768737893011,0.26645985004327505,0.3097898971837282,-0.2333265517183724,0.28253195998402564,0.515858511702398,-0.28126820379366724,0.16954997000065422,0.8407637308339905,0.050679106326396745,0.11289354311949029,0.020693732755222703,0.17525155725922376,0.17713729658201466,0.6155956117378941,0.5811933186790044,0.18548042871367545,11.17369664248355,0.007653061224489796,0.7227096338788594,0.007653061224489796,109.42105263157895,0.05916305916305916,0.30743525480367584,0.1
ca-GrQc,down,1,0.6371,0.6371,8551,0.5711407314340168,1,1,4158,13422,36,0.8640301022562943,0.9086574281031143,0.27361288217332963,0.3097898971837282,-0.27939060439047325,0.28426964081487704,0.5636602452053503,-0.2941792014546551,0.14490416722622398,0.8627969242984489,0.043574624134322254,0.1344039446283093,0.014610069101678183,0.13784851023094413,0.15994808114414738,0.6293906488122358,0.5825359009121661,0.17561737670754035,10.885290259101344,0.011419249592169658,0.7095769104624468,0.011419249592169658,115.5,0.05555555555555555,0.23937790604457287,0.1
ca-GrQc,down,2,0.0,0.0,0,1.0,0,0,4158,13422,42,0.8513623535140842,0.8959171509462077,0.28700993739820324,0.3097898971837282,0.08723506953795679,0.3188695717586444,0.2316345022206876,0.09281489735988588,0.5235911226462407,0.4671170327863241,0.47820995409767336,0.20120241734161926,0.1005940594059406,0.10618729096989966,0.9664806480648065,0.639186140675376,0.6288944756689877,0.5568782161697932,11.728316008316009,1.6492483894058698,0.9212474012474012,0.7816750178954903,99.0,0.06132756132756133,0.3693052978767266,0.1
ca-GrQc,down,2,0.01,0.01,134,0.7854862454918877,0,0,4158,13422,36,0.8452893643946341,0.8931604827894501,0.2854748972819092,0.3097898971837282,0.06602259671556887,0.31684371954180646,0.2508211228262376,0.0714422928770728,0.49594247897362725,0.48863949956465064,0.4145874057364829,0.19311521576933277,0.10286278381046397,0.10924973076462846,0.9627784409372715,0.6298268575979333,0.6222868650704856,0.5231150642919636,11.69069069069069,1.1736401673640167,0.9104938271604939,0.6220362622036262,115.5,0.07311207311207311,0.3768905991128215,0.1
ca-GrQc,down,2,0.02,0.02,268,0.767693647784015,0,0,4158,13422,40,0.8403887505264774,0.8858590374012815,0.28405435914541793,0.3097898971837282,0.04957040345047242,0.31544791074997197,0.26587750729949955,0.05549119413744708,0.4735378919468496,0.5070321232270574,0.3624894598721474,0.20890851944322253,0.10382190701339637,0.12041696621135874,0.9095937571369491,0.6238338540216959,0.6171402998433654,0.49399723833812625,11.718755256518083,0.8629242819843342,0.9014297729184189,0.49216710182767626,103.95,0.075998075998076,0.375937950937951,0.1
ca-GrQc,down,2,0.05,0.05,671,0.7597607154122601,0,0,4158,13422,36,0.8264108192144946,0.8717776784383847,0.27975868130463205,0.3097898971837282,0.0026665898489677264,0.31013181352481545,0.3074652236758477,0.003186818573799871,0.41331032409760915,0.5637716716554717,0.2541652208765122,0.19020281208718626,0.09766162310866575,0.1468858754350174,0.7616585156098264,0.6094952660720521,0.6065312676872047,0.4259314910269803,11.764806426801128,0.337013364323068,0.878471925476455,0.24055781522370714,115.5,0.06277056277056277,0.32734754956977197,0.1
ca-GrQc,down,2,0.1,0.1,1342,0.6966905331460175,0,0,4158,13422,36,0.8084244551337537,0.8533750558784086,0.27427963550502193,0.3097898971837282,-0.0481633848985174,0.3027279435642764,0.3508913284627938,-0.062115121580917004,0.3502980417605381,0.6264353765361907,0.16898485457985338,0.17839139229445788,0.09388475107800863,0.17896634615384616,0.6403054517119063,0.5971382972863848,0.5953035946981164,0.3382118191917257,11.826523485245328,0.11178861788617886,0.8383097607822595,0.09044715447154472,115.5,0.055796055796055795,0.30820105820105836,0.1
ca-GrQc,down,2,0.15,0.15,2013,0.6352360210999987,0,0,4158,13422,37,0.7996005069861638,0.8444345105051408,0.2693865942691204,0.3097898971837282,-0.09076398929575435,0.295670152760428,0.3864341420561824,-0.12211730548189145,0.30176958404069537,0.6812033791791828,0.12458103250307975,0.17332231561860068,0.07915360501567398,0.20245251262322675,0.5088121104024791,0.5920085030140517,0.5895383886380688,0.2820965047921953,11.846656079054174,0.04645593869731801,0.805099700017646,0.0421455938697318,112.37837837837837,0.05531505531505532,0.3207753207753208,0.1
ca-GrQc,down,2,0.2,0.2,2684,0.6067977209923459,0,0,4158,13422,36,0.7976479516934333,0.8427209059752645,0.265650011052031,0.3097898971837282,-0.12394225013303845,0.2902963723714167,0.41423862250445515,-0.1698583579694974,0.2656328937999887,0.7234638177053639,0.09777899043830027,0.1592022760551599,0.06703253626029008,0.2126201923076923,0.426201185071347,0.5905814846463661,0.5856291050768037,0.2494569488946973,11.796216072849438,0.023211747986736146,0.7827778268941739,0.02036949313121743,115.5,0.055796055796055795,0.29453262786596124,0.1
ca-GrQc,down,2,0.3,0.3,4027,0.547564977619506,0,0,4158,13422,34,0.8021727650151971,0.8482342422887796,0.2628414836711965,0.3097898971837282,-0.16187925245871615,0.2852221697766052,0.44710142223532134,-0.22097445817440303,0.22643631249637525,0.773031503914516,0.07284809828184588,0.13483796683109328,0.04457973291437549,0.21728691476590636,0.293740390366592,0.5978107639065553,0.5812986192463112,0.2098811261534389,11.634343434343434,0.015709376534118802,0.7487044356609573,0.01521845851742759,122.29411764705883,0.059644059644059645,0.2610276433805847,0.1
ca-GrQc,down,2,0.4,0.4,5369,0.529466789701814,0,0,4158,13422,36,0.8168341348095068,0.8626136194307853,0.2642767957883433,0.3097898971837282,-0.19729078646944842,0.2826848301110369,0.4799756165804853,-0.2569968309078045,0.19507902919329764,0.8082414887386468,0.06143727713554836,0.1294398047644113,0.03443526170798898,0.2001199040767386,0.2506453810437246,0.6069269487222463,0.5800086872968029,0.19062872448482893,11.414924857488339,0.01789587852494577,0.7307825185697011,0.015726681127982648,115.5,0.05796055796055796,0.3088423921757255,0.1
ca-GrQc,down,2,0.5,0.5,6711,0.5333299305788581,0,0,4158,13422,38,0.8333652705929352,0.8775890329310088,0.26676733437247613,0.3097898971837282,-0.22591878172445456,0.2821349606337894,0.508053742358244,-0.27757186687417146,0.17419810584430848,0.8347702413752318,0.05262009928522808,0.13703521612392078,0.02382827884994092,0.1824065196548418,0.19465803939373522,0.6163975202896468,0.5794953470311821,0.17934352265780065,11.211562951014518,0.010346926354230066,0.7190763222684439,0.010346926354230066,109.42105263157895,0.054353054353054354,0.2803853067010962,0.1
ca-GrQc,down,2,0.6474,0.6474,8690,0.5610138466839701,1,1,4158,13422,38,0.8635636689461662,0.9072418417523469,0.2743406214805203,0.3097898971837282,-0.27658734655375405,0.2841341643227966,0.5607215108765506,-0.29246896218871526,0.14646705405839502,0.8576098926378092,0.045369300561645405,0.13821041080673735,0.01933320181495364,0.1373159343948282,0.20842589137374118,0.6298828964829474,0.5819962355047188,0.16944058549920032,10.892994990555966,0.00321285140562249,0.7090416358709042,0.00321285140562249,109.42105263157895,0.05315055315055315,0.24032302979671383,0.1
ca-GrQc,neutral,1,0.0,0.0,0,1.0,0,0,4158,13422,42,0.8513623535140842,0.8959171509462077,0.28700993739820324,0.3097898971837282,0.08723506953795679,0.3188695717586444,0.2316345022206876,0.09281489735988588,0.5235911226462407,0.4671170327863241,0.47820995409767336,0.20120241734161926,0.1005940594059406,0.10618729096989966,0.9664806480648065,0.639186140675376,0.6288944756689877,0.5568782161697932,11.728316008316009,1.6492483894058698,0.9212474012474012,0.7816750178954903,99.0,0.06132756132756133,0.3693052978767266,0.1
ca-GrQc,neutral,1,0.01,0.01,134,0.8026414815769964,0,0,4158,13422,40,0.8366133651095052,0.8834748919684101,0.28637146510531253,0.3097898971837282,0.08240710702732554,0.3193923942326581,0.23698528720533255,0.09232977763110659,0.519600653772109,0.4691977671413517,0.4978177563163293,0.19176412192614123,0.12124189428178424,0.11364454578183128,1.0404787116688674,0.6247549438641123,0.5928290313664065,0.52197594935448,11.214876033057852,1.3625319693094629,0.911452184179457,0.6547314578005116,103.95,0.06421356421356421,0.39975949975949976,0.1
ca-GrQc,neutral,1,0.02,0.02,268,0.7468999222145133,0,0,4158,13422,37,0.8218008629959895,0.8690955148264045,0.28564359326705746,0.3097898971837282,0.08396793210371165,0.32078167610685604,0.2368137440031444,0.09915165964571403,0.521670564694867,0.4618054632245618,0.5139189390628361,0.17954829401162287,0.14486254630532266,0.12227179549017243,1.106627829544702,0.6122064431146408,0.5583825832861675,0.4925482298765231,10.733904843549078,1.1696072851451338,0.8994427775396485,0.5811041548093341,112.37837837837837,0.06782106782106782,0.3676663676663676,0.1
ca-GrQc,neutral,1,0.05,0.05,671,0.6488595630604471,0,0,4158,13422,36,0.780145298183708,0.8267024288481597,0.28395006325305583,0.3097898971837282,0.08264381547817157,0.32411186967681616,0.2414680541986446,0.11016388275814708,0.5219662713775688,0.4586331025844331,0.5466750149935106,0.14561541439733228,0.20191387559808613,0.15505672807124557,1.1651281333953187,0.5754701915075827,0.47236518236742003,0.4085303139673237,9.542267483777938,0.765262252794497,0.8707642393655372,0.40885640584694755,115.5,0.06277056277056277,0.3183287905510128,0.1
ca-GrQc,neutral,1,0.1,0.1,1342,0.5247956269584934,0,0,4158,13422,36,0.7141895948269441,0.7615854567128595,0.2821721299864756,0.3097898971837282,0.08500797752841535,0.3300570353219288,0.24504905779351346,0.12837228164787756,0.5222308501271766,0.45483997444237917,0.5678737517704922,0.11716348319301173,0.28714896782592525,0.20584213797389683,1.2044104519248653,0.5235687126235823,0.36043067932028483,0.3012487920417537,7.89454118567795,0.4534375,0.8175503815300332,0.2753125,115.5,0.07888407888407889,0.3358185024851692,0.1
ca-GrQc,neutral,1,0.15,0.15,2013,0.4569026408199834,0,0,4158,13422,38,0.6613146319709736,0.7063030844881538,0.2803528000110534,0.3097898971837282,0.09411709002889185,0.3374317962221645,0.24331470619327267,0.15290047589374642,0.5319988862771794,0.44526416263671337,0.5769968109126106,0.08412678935414852,0.3508803775639862,0.2538860103626943,1.1947022901227355,0.47635976685279,0.27854632566832954,0.21941834510912164,6.559388185654009,0.33054287163876206,0.7566455696202532,0.2161339421613394,109.42105263157895,0.05170755170755171,0.27714488240804025,0.2
ca-GrQc,neutral,1,0.2,0.2,2684,0.361519567364854,0,0,4158,13422,36,0.614322161515062,0.6670391893905528,0.27898449037576395,0.3097898971837282,0.10309308021783153,0.34411585274128215,0.2410227725234506,0.1741492829549101,0.5416805576532449,0.43641536742047937,0.6026533606019865,0.06844492516482104,0.40049663001064206,0.2840441932168551,1.20283413918166,0.4300740156712691,0.21543179813881247,0.1640252120505134,5.353736177817491,0.2615797717610204,0.6970847760527198,0.1859476392929067,115.5,0.061087061087061086,0.30654427876650114,0.2
ca-GrQc,neutral,1,0.3,0.3,4027,0.2556261772880679,0,0,4158,13422,34,0.5344075304455591,0.5968559082104008,0.27753011346841355,0.3097898971837282,0.1199183404069562,0.35813426761600653,0.23821592720905033,0.21195340344039962,0.5594472172930027,0.42300113309824566,0.6510784414479431,0.04837566524428649,0.47322794492605813,0.3484547022151479,1.1738431855105436,0.343943038684508,0.12708462216840194,0.0924582123707509,3.4574959430782672,0.23415265200517466,0.5728373486456123,0.16558861578266496,122.29411764705883,0.07623857623857624,0.3117307529072235,0.2
ca-GrQc,neutral,1,0.4,0.4,5369,0.160078640521006,0,0,4158,13422,34,0.4788292493940774,0.5558039040381463,0.27538479463615567,0.3097898971837282,0.13500383508769542,0.3697580736695604,0.234754238581865,0.2435871161885234,0.5768826787707312,0.40822382236739746,0.6760925302797792,0.0432392281430064,0.52104307641525,0.3809588482955317,1.1730023769952174,0.27814812581069487,0.07914653890197833,0.053141495976031614,2.2603217158176943,0.1974169741697417,0.45871313672922254,0.14944649446494465,122.29411764705883,0.09764309764309764,0.38499844382197335,0.2
ca-GrQc,neutral,1,0.5,0.5,6711,0.1065135368832116,0,0,4158,13422,33,0.4362978981458591,0.5423185814334675,0.2736642288852219,0.3097898971837282,0.14443500590455405,0.37589511557679,0.23146010967223596,0.26294402866134636,0.5916640711483692,0.3968077126511104,0.7313167509752376,0.041417565199575845,0.5297504798464492,0.39483960948396096,1.157465560882149,0.2193751746318541,0.05100496228923433,0.03253593866909994,1.4239593350734991,0.20511150903467362,0.36859458716856713,0.14601986000325573,126.0,0.12746512746512748,0.5287069832524378,0.2
ca-GrQc,neutral,1,1.0,1.0,13422,0.01364706561635598,0,0,4158,13422,39,0.37336270961716517,0.48293845924601403,0.267844864806148,0.3097898971837282,0.1867158944695884,0.4063335052614322,0.2196176107918438,0.3483493297101786,0.6769050427386146,0.3222745963772878,1.7024802659624783,0.04973586603817959,0.6085457271364317,0.42668838862559244,1.1769309437500268,0.06773368869006093,0.015084306266700011,0.010854725208038629,0.22385066337550139,0.2863112391930836,0.14871953100894786,0.17939481268011528,106.61538461538461,0.15271765271765272,0.6412353079019746,0.2
ca-GrQc,neutral,1,1.5,1.5,20133,0.008556652993691929,0,0,4158,13422,31,0.3750705883656427,0.4757860229473998,0.2643298452384458,0.3097898971837282,0.19321688285124686,0.41107688777688667,0.2178600049256398,0.3650555939181026,0.6919191547136136,0.3087875481595524,1.8455009194709764,0.041817479705432814,0.618761009982384,0.42677760968229955,1.1803596185309209,0.022074888977971392,0.011885801534755769,0.008996236009895279,0.17381772627622924,0.22725980670835702,0.12746633260256812,0.16586128482092097,134.1290322580645,0.13443963443963444,0.5612810128939161,0.2
ca-GrQc,neutral,1,2.0,2.0,26844,0.0020488690483899553,0,0,4158,13422,34,0.3773206955595978,0.4687080911935628,0.2631331227330677,0.3097898971837282,0.1946465760102117,0.41320404809483086,0.21855747208461915,0.36913827220235457,0.6949588263744011,0.3088017796077811,1.874395496486814,0.03420033049177473,0.6197779725387087,0.4391727493917275,1.1665488637518648,0.0027009572711122693,0.010977584141734564,0.009752939342310097,0.15768558257828644,0.21175150750245408,0.1208075027817517,0.1580423503015005,122.29411764705883,0.1337181337181337,0.5939507115977705,0.2
ca-GrQc,neutral,1,2.5,2.5,33555,0.0017269133513560934,0,0,4158,13422,27,0.37747944097544767,0.47168827298465205,0.26297544531872163,0.3097898971837282,0.19285791830155535,0.4116789970702078,0.21882107876865242,0.36609596349218676,0.6939927054748544,0.3083675781864219,1.8527709352177768,0.02952457389335117,0.6193726401394133,0.43237454100367195,1.172362089402229,-0.010093535767036803,0.010622194727074092,0.009813445262448836,0.16111198862738904,0.19757439007192215,0.12209761491075659,0.14821604851219855,154.0,0.13973063973063973,0.5071170256355442,0.2
ca-GrQc,neutral,1,3.0,3.0,40266,-0.00044327527936809146,0,0,4158,13422,29,0.3740795036209917,0.4672925048427954,0.2647877254551896,0.3097898971837282,0.2031391054517497,0.41800362121740503,0.21486451576565532,0.3827670084540198,0.7054778034465534,0.29594954152989866,2.031107923712863,0.03304259737565751,0.631578947368421,0.42878973105134477,1.185601766654398,-0.009840176864366985,0.00977979018861964,0.009051266922753293,0.12978316326530612,0.1979020979020979,0.10363520408163265,0.1511888111888112,143.3793103448276,0.1272246272246272,0.5319201870926009,0.2
ca-GrQc,neutral,1,3.5,3.5,46977,0.0016982247507726545,0,0,4158,13422,34,0.3758047734243629,0.47220980479809266,0.26462877174299027,0.3097898971837282,0.19548743831287552,0.4129662504104016,0.21747881209752606,0.3687906941316201,0.6972227980904082,0.30626222649577295,1.938521024058237,0.03854560632522874,0.6171908972314828,0.43323624099340796,1.1693868185546248,-0.01809894043000488,0.010135179603280113,0.008525964827198612,0.1555695803092458,0.18690005646527386,0.11975386557273587,0.14384528514963296,122.29411764705883,0.13395863395863397,0.6228956228956231,0.2
ca-GrQc,neutral,1,4.0,4.0,53688,0.0018054872928844657,0,0,4158,13422,33,0.3737300699787625,0.4645358366860379,0.26456731187618643,0.3097898971837282,0.19921055495275378,0.41646001031481455,0.21724945536206078,0.3755354823491005,0.7003773408483128,0.3003991100834852,1.9809767421231184,0.035721436433028275,0.6349898285382156,0.4307339449541284,1.1858680226297387,-0.017073402524909256,0.010214155028760217,0.009189654942920435,0.13712910986367283,0.2049533880617782,0.11082598235765838,0.1598719910950327,126.0,0.11447811447811448,0.5880595274534668,0.2
ca-GrQc,neutral,1,4.5,4.5,60399,0.0012166765475485912,0,0,4158,13422,34,0.37422932592137975,0.46811205483534496,0.26590380036333516,0.3097898971837282,0.2024906326105735,0.4174922236780572,0.2150015910674837,0.3799840603449194,0.7065065636796727,0.29441059400788827,1.9678450339234514,0.038326904975178655,0.6350470673425054,0.42258707994475986,1.1939489757488595,-0.022334743475679503,0.009845603043186395,0.008670949690599058,0.13560401082285534,0.19498529205771117,0.1087060321502467,0.152682448522202,122.29411764705883,0.12818662818662818,0.6123136123136124,0.2
ca-GrQc,neutral,1,5.0,5.0,67110,-0.0010492753179080318,0,0,4158,13422,37,0.37636983283338316,0.4648338548651468,0.26438162270302057,0.3097898971837282,0.19811139143639525,0.4158124068460458,0.21770101540965056,0.37374154447577046,0.6992746493190398,0.3064647684979162,1.921049154515755,0.03992617281415145,0.6227266113778553,0.4432737822568331,1.1636136124061776,-0.01870984320466675,0.010003553894146604,0.00886013301269623,0.1509857348934124,0.18627314492551858,0.11764705882352941,0.1460392593623834,112.37837837837837,0.11736411736411737,0.6283816283816284,0.2
ca-GrQc,neutral,1,5.5,5.5,73821,0.00015368821726056473,0,0,4158,13422,37,0.37566902549987113,0.47951125018626134,0.2654578199115137,0.3097898971837282,0.185789127622139,0.40649104794876045,0.22070192032662145,0.3496470319333109,0.6764350417962801,0.3224595221696167,1.686976610953404,0.04405526903333479,0.611646234676007,0.4254185692541857,1.1751382424593995,-0.005792222475500505,0.01109604727995472,0.010284877655329957,0.17899316345556246,0.19710850271972516,0.13393412057178372,0.15001431434297166,112.37837837837837,0.13660413660413662,0.6224926224926226,0.2
ca-GrQc,neutral,1,6.0,6.0,80532,0.002366176065593684,0,0,4158,13422,32,0.3726421076772852,0.462971241245716,0.2649721075079294,0.3097898971837282,0.19562454178824865,0.41484590204214694,0.2192213602538983,0.36812808921281237,0.6923850524414635,0.3087580579565601,1.8395873421846303,0.04044175883400625,0.6332945285215367,0.436030534351145,1.1792562655127725,-0.011298240248163699,0.01042475616337383,0.008288406925872016,0.15159317669777922,0.19894561598224195,0.11795944641132926,0.15163706992230855,129.9375,0.13107263107263106,0.5261393698893699,0.2
ca-GrQc,neutral,1,6.5,6.5,87243,-0.000373648557333886,0,0,4158,13422,22,0.377199116376765,0.47399791387274626,0.26320611160967866,0.3097898971837282,0.19255095257148144,0.41107209992211735,0.2185211473506359,0.3652848417032636,0.6906638922853736,0.3103400769262966,1.867202161191817,0.03125214074658722,0.6182554607261681,0.4280227377477339,1.175385948139749,-0.027057532324928128,0.010753820436207599,0.010032063003655363,0.16189877397044955,0.20127478753541075,0.1251178874567746,0.1538243626062323,189.0,0.1382876382876383,0.42369583278674194,0.2
ca-GrQc,neutral,1,7.0,7.0,93954,-0.0001280636161577424,0,0,4158,13422,23,0.37624608323801834,0.46244970943227537,0.26219538115175867,0.3097898971837282,0.1999289880574909,0.4172617828069436,0.2173327947494527,0.38018286301474613,0.7048287533546113,0.2995384014717026,2.0411767091418955,0.024250200194974036,0.6339953943580886,0.43404386777880755,1.1794159643900575,-0.030240172663035327,0.010043041606886658,0.009476548203271073,0.13968100531657807,0.1970893970893971,0.11213146447559208,0.15426195426195427,180.7826086956522,0.12674362674362674,0.3797603362820754,0.2
ca-GrQc,neutral,1,7.5,7.5,100665,0.002035674306272261,0,0,4158,13422,28,0.38005061657367845,0.4736998956936373,0.2635532167186775,0.3097898971837282,0.19500121311398644,0.4124190559854865,0.21741784287150007,0.3694344272631641,0.6973714151511707,0.3035194533812459,1.9092839879801917,0.02630966809500146,0.6258503401360545,0.42069706740365426,1.1891510851226108,-0.02098560074162861,0.01024048017058692,0.010573238072535003,0.16027052532242844,0.18615515288788223,0.12425290972003775,0.14425254813137034,148.5,0.10894660894660894,0.5748814677386105,0.2
ca-GrQc,neutral,1,8.0,8.0,107376,0.0007728450276176704,0,0,4158,13422,37,0.3749078074257237,0.461034123081508,0.26698964653512136,0.3097898971837282,0.2049519322683136,0.4202519950848592,0.21530006281654562,0.3826526867437975,0.7069358447745232,0.2954557538121265,1.9999309240946295,0.03498224082347512,0.6376200174570846,0.43540012217470986,1.1830433887626473,-0.011191424345272873,0.010358943308807076,0.009662032309140898,0.1396250808015514,0.2069394525850152,0.11021331609566903,0.16049212054188555,112.37837837837837,0.12121212121212122,0.613015613015613,0.2
ca-GrQc,neutral,1,8.5,8.5,114087,-0.001354228730585323,0,0,4158,13422,35,0.3754432831682717,0.4687080911935628,0.2649262355012041,0.3097898971837282,0.1981730989124574,0.41507766117901457,0.21690456226655716,0.3732824385920816,0.7001510394713498,0.3027432372900356,1.940590917266138,0.04298173283865081,0.6274595540008745,0.43072702331961593,1.1810071706352177,-0.004025287490733468,0.011043396996301318,0.009810718038761523,0.15879828326180256,0.2128733697938578,0.12144333174376093,0.15972514373860608,118.8,0.12987012987012986,0.5958221672507389,0.2
ca-GrQc,neutral,1,9.0,9.0,120798,0.004809926176778787,0,0,4158,13422,29,0.3757848150656426,0.47377440023841455,0.2638909348537176,0.3097898971837282,0.18714366782641975,0.4082696860272689,0.22112601820084912,0.35409716235287664,0.6815158752411323,0.32132246218335075,1.7158840070935168,0.03651447091089011,0.6146198830409356,0.43436645396536006,1.1679779230037433,0.002493113519181795,0.011332973556395036,0.011197245554427023,0.17628557949363108,0.20699419510123176,0.13602767730775278,0.15319269432252583,143.3793103448276,0.1382876382876383,0.528221459255942,0.2
ca-GrQc,neutral,1,9.5,9.5,127509,0.0007547434580103858,0,0,4158,13422,27,0.37571354116049144,0.47891521382804353,0.262486661154468,0.3097898971837282,0.18356566022258775,0.40544316998932933,0.2218775097667416,0.3493556051153194,0.6800588832564992,0.3208068023102387,1.7383078703421118,0.04257427075145903,0.6102534226623945,0.42769981696156195,1.1711211665677235,-0.0009181549460491065,0.010806470719861003,0.00967237360372756,0.16412570006222776,0.20131541321132398,0.1261667703795893,0.15613382899628253,154.0,0.12457912457912458,0.5271408975112679,0.2
ca-GrQc,neutral,1,10.0,10.0,134220,0.0015109457968359467,0,0,4158,13422,26,0.3768092997392105,0.47548800476829084,0.26202019866282006,0.3097898971837281,0.18730092853949412,0.40803148092073005,0.22073055238123593,0.35698720766735814,0.6816013632980542,0.319306674845446,1.7329020372502322,0.03386048879032211,0.6136098130841121,0.4317006388804381,1.1698680271612147,-0.009120090346602197,0.011003909283561264,0.010196878494497623,0.17173299905985584,0.2005681818181818,0.12989658414290192,0.1552556818181818,159.92307692307693,0.13516113516113515,0.46409146409146396,0.2
ca-GrQc,neutral,1,10.0,10.0,134220,0.0015109457968359467,1,0,4158,13422,26,0.3768092997392105,0.47548800476829084,0.26202019866282006,0.3097898971837281,0.18730092853949412,0.40803148092073005,0.22073055238123593,0.35698720766735814,0.6816013632980542,0.319306674845446,1.7329020372502322,0.03386048879032211,0.6136098130841121,0.4317006388804381,1.1698680271612147,-0.009120090346602197,0.011003909283561264,0.010196878494497623,0.17173299905985584,0.2005681818181818,0.12989658414290192,0.1552556818181818,159.92307692307693,0.13516113516113515,0.46409146409146396,0.2
ca-GrQc,neutral,2,0.0,0.0,0,1.0,0,0,4158,13422,42,0.8513623535140842,0.8959171509462077,0.28700993739820324,0.3097898971837282,0.08723506953795679,0.3188695717586444,0.2316345022206876,0.09281489735988588,0.5235911226462407,0.4671170327863241,0.47820995409767336,0.20120241734161926,0.1005940594059406,0.10618729096989966,0.9664806480648065,0.639186140675376,0.6288944756689877,0.5568782161697932,11.728316008316009,1.6492483894058698,0.9212474012474012,0.7816750178954903,99.0,0.06132756132756133,0.3693052978767266,0.1
ca-GrQc,neutral,2,0.01,0.01,134,0.7742045697933275,0,0,4158,13422,38,0.8355848504627955,0.8814632692594249,0.2863946727659818,0.3097898971837282,0.09013964307046957,0.320474755783424,0.23033511271295443,0.10173712979836232,0.5283103954971123,0.45789021916184885,0.5142603288196914,0.17659582586071576,0.12755905511811025,0.11304243586669864,1.076114165804699,0.6278654966224361,0.5947376041488424,0.5258085975274208,11.274110387963823,1.3626649905719672,0.9118417716169386,0.6631049654305469,109.42105263157895,0.06541606541606541,0.3632186526923369,0.1
ca-GrQc,neutral,2,0.02,0.02,268,0.7519655016051262,0,0,4158,13422,38,0.821708101451676,0.8670838921174192,0.28571180448737954,0.3097898971837282,0.08789670551876524,0.32147278517698386,0.2335760796582186,0.10443925864235513,0.5275992294069913,0.45561937776126915,0.5401176033007601,0.173442538432523,0.1474960876369327,0.12394705174488568,1.1096930988020803,0.6162849163329045,0.5606597080541772,0.49587139051259405,10.80460560233717,1.1440582959641257,0.902388726585324,0.5751121076233184,109.42105263157895,0.06253006253006253,0.35639604060656693,0.1
ca-GrQc,neutral,2,0.05,0.05,671,0.6806460484526333,0,0,4158,13422,36,0.7790620430684895,0.8246908061391744,0.28428425317282485,0.3097898971837282,0.08858267179031923,0.3253192539653272,0.23673658217500795,0.11847968576773275,0.5301761653718166,0.4509008265849456,0.5654745180158862,0.1547998966449181,0.20752543674409676,0.15487641543893826,1.183768130887916,0.5862275526834549,0.4699432693193635,0.41473757584053117,9.516758514770983,0.7513812154696132,0.8763212575661758,0.40246493837654057,115.5,0.06012506012506012,0.27756399978622204,0.1
ca-GrQc,neutral,2,0.1,0.1,1342,0.5503283078747029,0,0,4158,13422,36,0.7147433247935648,0.7600208612725377,0.28214956555585013,0.3097898971837282,0.0938898641055664,0.33232150590702053,0.23843164180145413,0.14211464229882967,0.5355378469904866,0.44183572715582276,0.5860694084289543,0.11695061861237155,0.2958899014320253,0.20261031696706028,1.2329817625025286,0.5237939205370665,0.35261211219775446,0.30774984841186626,7.7247328693265365,0.48649487736727726,0.8214880894029997,0.28624650729587087,115.5,0.0646945646945647,0.26913313024424146,0.2
ca-GrQc,neutral,2,0.15,0.15,2013,0.482291224902658,0,0,4158,13422,34,0.6633652471680224,0.7106243480852332,0.28031454480696344,0.3097898971837282,0.09620191198253164,0.33762838817912033,0.2414264761965887,0.15562849082696134,0.5353776638256988,0.44188434078742755,0.5877607161741764,0.09256571350769349,0.35190562613430126,0.24582912032355916,1.2160858171922224,0.4782127333652548,0.27520303265633844,0.22891889737738783,6.4414971692178655,0.3308444902162719,0.7696582092681904,0.21009268795056643,122.29411764705883,0.055796055796055795,0.26783238547944443,0.2
ca-GrQc,neutral,2,0.2,0.2,2684,0.37878937409225955,0,0,4158,13422,38,0.6170649884348652,0.6644315303233497,0.27913043632217394,0.3097898971837282,0.10398805167317274,0.3446850085483512,0.24069695687517847,0.1759105705948258,0.5424478159405389,0.43533141107632717,0.5929287348417716,0.06892657998537,0.40074573863636365,0.2884467265725289,1.1942294191779024,0.43970086469265285,0.21626104010635355,0.17685136544923924,5.397734918143081,0.25599467140319715,0.7095761381475667,0.18095026642984013,109.42105263157895,0.05675805675805676,0.26403129034707984,0.2
ca-GrQc,neutral,2,0.3,0.3,4027,0.24037501063719607,0,0,4158,13422,35,0.5372755418754064,0.5993890627328267,0.2762140640452949,0.3097898971837282,0.12041095854359624,0.35802784414311706,0.23761688559952082,0.21361710926907496,0.5601300130507757,0.421489452867235,0.6397588521983874,0.05632554930344602,0.4722127514490283,0.3450238221281101,1.1787315510412604,0.3480914947357005,0.12637384333908097,0.1007842636407152,3.4413921690490987,0.2077366561279524,0.582224984462399,0.15715082759903293,118.8,0.08537758537758537,0.314560571703429,0.2
ca-GrQc,neutral,2,0.4,0.4,5369,0.14515655224768922,0,0,4158,13422,31,0.47432287347698376,0.5595291312770079,0.27383990728458363,0.3097898971837282,0.13557220796004105,0.3695055053985816,0.23393329743854058,0.24577849285878303,0.5824300008648821,0.40441411901857516,0.718752309765459,0.054701400840768355,0.5156921043937892,0.3786644951140065,1.1707745983040323,0.28288985738163863,0.07914653890197833,0.05755310060531522,2.199733688415446,0.2569350473612991,0.4484687083888149,0.17642083897158323,134.1290322580645,0.09932659932659933,0.43595711337646814,0.2
ca-GrQc,neutral,2,0.5,0.5,6711,0.09344741504946047,0,0,4158,13422,30,0.4339396755429767,0.5388168678289376,0.27239173985541854,0.3097898971837282,0.14243706061163208,0.3754794669338401,0.23304240632220802,0.2606671885877051,0.5914111644352152,0.396814675307733,0.7415639317618656,0.057955875878525465,0.5341055341055341,0.39827921176797115,1.1581202712058931,0.22965054877793284,0.05164992826398852,0.036669900602148864,1.4355641592920354,0.2245557350565428,0.3714048672566372,0.16090468497576738,138.6,0.11592111592111592,0.43174603174603154,0.2
ca-GrQc,neutral,2,1.0,1.0,13422,0.01946090016938099,0,0,4158,13422,32,0.3773136098010367,0.48420503650722696,0.26524454684981547,0.3097898971837282,0.1807197283170727,0.40300422285345655,0.22228449453638385,0.3404962245673375,0.6665706100808585,0.3319640593158289,1.5971412134844252,0.04256290845541899,0.6045952845772639,0.428360195179654,1.172162055408932,0.06957192197454101,0.015308069972226977,0.012041188725749042,0.2525003846745653,0.26693629929221435,0.15817818125865518,0.17391304347826086,129.9375,0.13227513227513227,0.5378787878787878,0.2
ca-GrQc,neutral,2,1.5,1.5,20133,0.004842963084367565,0,0,4158,13422,37,0.37781402033650974,0.47638205930561767,0.2660879581037081,0.3097898971837282,0.18830301769656957,0.4083887355365438,0.22008571783997424,0.3534410730132816,0.6820835207808117,0.31918256194579114,1.743284530535673,0.04589002552482779,0.6145481263776634,0.4301042768626266,1.1736575060103867,0.007261680612526461,0.011293485843654982,0.009358207265893105,0.1767281826712543,0.20546385885031304,0.13231154207069126,0.15367103016505407,112.37837837837837,0.12000962000962001,0.5955955955955956,0.2
ca-GrQc,neutral,2,2.0,2.0,26844,0.002588119607533685,0,0,4158,13422,29,0.37080979101847084,0.4689316048278945,0.2642160423446318,0.3097898971837282,0.19778163832317058,0.4148254744425242,0.21704383611935363,0.37355690397723756,0.6976816656306382,0.3043788452080741,1.918653669132955,0.03919845654203635,0.6274052478134111,0.4303565985979884,1.1814019691570712,-0.013093852408830136,0.01042475616337383,0.008345480524092645,0.1472831267874166,0.2032828282828283,0.1078805211312361,0.15067340067340068,143.3793103448276,0.13876863876863876,0.5267452853659749,0.2
ca-GrQc,neutral,2,2.5,2.5,33555,0.0024023258136827365,0,0,4158,13422,30,0.37819633489596355,0.4765310683951721,0.26361621477856906,0.3097898971837282,0.18925556593798346,0.40885930608555143,0.21960374014756798,0.35856476186518743,0.6876151356517834,0.3147342524959113,1.809214766545076,0.036496472201151264,0.6135800670260819,0.42918127763378566,1.1721422800489711,-0.0029218739520031176,0.010872283574427757,0.009818146079608667,0.17854909318323953,0.1901508682038144,0.1286741713570982,0.14503273555365784,138.6,0.1402116402116402,0.5571588904922238,0.2
ca-GrQc,neutral,2,3.0,3.0,40266,0.0012325944792188899,0,0,4158,13422,30,0.373914308027744,0.4793622410967069,0.2627445959537981,0.3097898971837282,0.18085875957691058,0.40395179644788043,0.22309303687096985,0.3438788751741799,0.672965625249662,0.32469833938868337,1.650079281297982,0.05048185971509689,0.6083855000727908,0.42865862963528156,1.168538949910847,-0.011664203107575724,0.010372105879720426,0.007764764233072097,0.1689462231893068,0.18274184315970235,0.1276033571650606,0.14281625643961077,138.6,0.13756613756613756,0.5494468494468494,0.2
ca-GrQc,neutral,2,3.5,3.5,46977,-0.0006954683733378493,0,0,4158,13422,36,0.3764996218375336,0.4803308001788109,0.2645544693298645,0.3097898971837282,0.1879638712616767,0.4074689317575767,0.2195050604959,0.3549710905876147,0.6855924096840352,0.3155839647570235,1.7732803869983318,0.04707289900435563,0.6123839907192575,0.42169782408826234,1.1784111718184767,-0.022546270534606366,0.010582707014334041,0.011285736210587899,0.17387932371645726,0.18508960573476702,0.13510159764231425,0.14365591397849461,115.5,0.14574314574314573,0.6435519213296992,0.2
ca-GrQc,neutral,2,4.0,4.0,53688,-0.0004418150211805283,0,0,4158,13422,38,0.37589867013328715,0.4772016092981672,0.265021005660047,0.3097898971837282,0.18871790413136316,0.40845131376022764,0.21973340962886448,0.35567298345815224,0.6824390904346609,0.3171739714980136,1.6753751016662155,0.05095575869664626,0.6130857391556652,0.4274774084852198,1.172700126969836,-0.019563844241080368,0.010135179603280113,0.008480417029338841,0.16362217017954722,0.1798489382927177,0.12552693208430912,0.13780818013396037,109.42105263157895,0.132996632996633,0.609199767094504,0.2
ca-GrQc,neutral,2,4.5,4.5,60399,0.005478418778233012,0,0,4158,13422,32,0.37424707501107773,0.4618536730740575,0.26495966715175895,0.3097898971837282,0.20058541291720694,0.4177342003800466,0.21714878746283967,0.3774174433978953,0.7011600148000987,0.3037902506102852,1.9476989354634602,0.03808512669860886,0.6317317462621571,0.4394611969998469,1.1739032947986532,-0.010075645418769263,0.009700814763139536,0.009241352264097634,0.13550572673011776,0.1898103281185103,0.11050169382158413,0.14744565969818635,129.9375,0.1240981240981241,0.5614628427128427,0.2
ca-GrQc,neutral,2,5.0,5.0,67110,0.001348439255174902,0,0,4158,13422,32,0.376652846856291,0.47571151840262255,0.26351237665666266,0.3097898971837282,0.1868098237720868,0.40773213603666925,0.22092231226458245,0.3540427330102162,0.6813815530818254,0.3208116757058479,1.7006515492091674,0.03963297594804849,0.6114401271125235,0.43145099246037855,1.1662284192275532,-0.02233000779525572,0.009858765614099747,0.008785194020728327,0.1667971808927173,0.1679693051016058,0.1284259984338293,0.13159016626403297,129.9375,0.1447811447811448,0.5736832611832612,0.2
ca-GrQc,neutral,2,5.5,5.5,73821,0.0007491650560166658,0,0,4158,13422,29,0.3739200254827523,0.472954850245865,0.26169619123225335,0.3097898971837282,0.18607768733027746,0.40786123976861743,0.22178355243833997,0.35500187772101216,0.6814674543252276,0.3191611845181882,1.7670996560204326,0.04268702885070197,0.6173018403129981,0.43152890660941573,1.1712503959119394,-0.01565322458450241,0.01022731759967357,0.008555755911683229,0.1513862633900441,0.19366694939214024,0.11515437933207309,0.14814814814814814,143.3793103448276,0.12289562289562289,0.5361828465276741,0.2
ca-GrQc,neutral,2,6.0,6.0,80532,0.005753017767473545,0,0,4158,13422,32,0.37376333390996325,0.47220980479809266,0.26234287188786126,0.3097898971837282,0.1910675043576681,0.4106334526054031,0.21956594824773504,0.3635931744104625,0.6886039927666007,0.3106290866719681,1.7492979941552795,0.038713716352338556,0.6259597276546429,0.4238380119650253,1.186001053723972,-0.011185636291421492,0.010319455596067024,0.009614049335077821,0.15209845377090564,0.19593450028232637,0.11722940990848849,0.14963297571993225,129.9375,0.14045214045214044,0.5641083453583453,0.2
ca-GrQc,neutral,2,6.5,6.5,87243,0.0013095171394593257,0,0,4158,13422,29,0.3759740989074419,0.47057070481299357,0.26172705605253277,0.3097898971837282,0.19353663143195413,0.4122538595556151,0.21871722812366098,0.3690889007896143,0.6957817649393861,0.3042295314755105,1.8878526273320668,0.03175672123963935,0.6288837744533947,0.4225656877897991,1.187852240460662,-0.02896101276191299,0.009806115330446343,0.009473565467347796,0.14312856238125396,0.1873065015479876,0.11336288790373654,0.14902898958626512,143.3793103448276,0.13395863395863397,0.5094624404969232,0.2
ca-GrQc,neutral,2,7.0,7.0,93954,0.0009855106907889451,0,0,4158,13422,30,0.3753637716871671,0.45336015496945314,0.2643821299015371,0.3097898971837282,0.20501491369128227,0.42185921783288166,0.2168443041415994,0.3860341041206049,0.7080674050066922,0.2960822942528885,2.0290323247176176,0.026611367543638575,0.6418948283355063,0.44577389170118115,1.174255470344714,-0.03395820798238156,0.008990035933818594,0.008606443850569937,0.13179950698438783,0.16996047430830039,0.10797041906327033,0.13602289764208805,138.6,0.09668109668109669,0.5391374058040723,0.2
ca-GrQc,neutral,2,7.5,7.5,100665,0.002338235620300066,0,0,4158,13422,28,0.37514301686365015,0.47116674117121143,0.2646338820986522,0.3097898971837282,0.1923493500660876,0.4115106308127768,0.21916128074668917,0.3628206266108955,0.6903726989937032,0.3106031239880313,1.869050089519726,0.03634224509743422,0.6185062598935098,0.4325660435655801,1.1695676275416582,-0.03487903473144115,0.009977228752319904,0.007690570496750348,0.1513282732447818,0.18554522400676246,0.11922833649588868,0.14342068188222035,148.5,0.13155363155363156,0.516646052360338,0.2
ca-GrQc,neutral,2,8.0,8.0,107376,0.0004705861282752776,0,0,4158,13422,33,0.37573166771323835,0.47831917746982566,0.26562835577008337,0.3097898971837282,0.1868069144165135,0.40724348195085885,0.22043656753434535,0.3513013718968482,0.6764541016763346,0.3212779548522407,1.6475285085259337,0.03974146923135191,0.614960058097313,0.4234358268318801,1.1788051842019616,-0.018665380427355,0.01043791873428718,0.008614548538349984,0.16962616822429907,0.1842330762639246,0.12881619937694705,0.14510139960011426,126.0,0.1370851370851371,0.5659772326438994,0.2
ca-GrQc,neutral,2,8.5,8.5,114087,0.0008386489069719262,0,0,4158,13422,31,0.3757160973624633,0.4623752048874981,0.2658023497117195,0.3097898971837282,0.2080658956201739,0.4216512816864234,0.2135853860662495,0.3902824277073105,0.7110876646982786,0.291346355504615,2.0324921050420177,0.03073908691537819,0.6410555474558973,0.4295291787292397,1.1923846394059108,-0.008223205093018026,0.01076698300712095,0.008933595021425213,0.14373187238156623,0.21646341463414634,0.10957138253303254,0.16116962305986696,134.1290322580645,0.10365560365560365,0.5723595401014756,0.2
ca-GrQc,neutral,2,9.0,9.0,120798,0.0019460026753086643,0,0,4158,13422,30,0.3786379444596871,0.4691551184622262,0.26429908688904336,0.3097898971837282,0.19920738850565572,0.4155381197364623,0.2163307312308066,0.3761419969854916,0.699700118965032,0.3054889184211919,1.8674657806252506,0.0323270703433185,0.6230511438146583,0.4343649946638207,1.1736971862849606,-0.009546827771452309,0.010727495294380898,0.010718186276660822,0.15642369382245513,0.20491228070175438,0.12228045100841671,0.15550877192982457,138.6,0.10846560846560846,0.57346480679814,0.2
ca-GrQc,neutral,2,9.5,9.5,127509,-0.0029141466924632892,0,0,4158,13422,32,0.37697622999720576,0.4680375502905677,0.2652396195774908,0.3097898971837282,0.1977731709829998,0.4149977977066472,0.2172246267236474,0.3720572895692608,0.7005577382178596,0.3042768922277603,1.9225833322320167,0.035176973124835254,0.6234729493891797,0.43583868010999083,1.1720243594820126,-0.022729646604347627,0.009819277901359693,0.010248978737273255,0.13833174148360394,0.19173669467787116,0.11206622094874244,0.15,129.9375,0.12289562289562289,0.5881884319384318,0.2
ca-GrQc,neutral,2,10.0,10.0,134220,0.00160823385220304,0,0,4158,13422,32,0.3747829420939928,0.48427954105200416,0.26510271080738224,0.3097898971837282,0.18710329634463313,0.40628289504526527,0.21917959870063214,0.3527138484837949,0.6835388616006934,0.318807114440024,1.7559012898195618,0.04583465851982638,0.6044950379451255,0.4231354642313546,1.1721370123229522,-0.015335933996112116,0.010714332723467548,0.008533013087707495,0.16907692307692307,0.19401906963305404,0.1276923076923077,0.15096792834440914,129.9375,0.14405964405964405,0.6264430014430014,0.2
ca-GrQc,neutral,2,10.0,10.0,134220,0.00160823385220304,1,0,4158,13422,32,0.3747829420939928,0.48427954105200416,0.26510271080738224,0.3097898971837282,0.18710329634463313,0.40628289504526527,0.21917959870063214,0.3527138484837949,0.6835388616006934,0.318807114440024,1.7559012898195618,0.04583465851982638,0.6044950379451255,0.4231354642313546,1.1721370123229522,-0.015335933996112116,0.010714332723467548,0.008533013087707495,0.16907692307692307,0.19401906963305404,0.1276923076923077,0.15096792834440914,129.9375,0.14405964405964405,0.6264430014430014,0.2
ca-GrQc,up_pfix,1,0.0,0.0,0,1.0,0,0,4158,13422,42,0.8513623535140842,0.8959171509462077,0.28700993739820324,0.3097898971837282,0.08723506953795679,0.3188695717586444,0.2316345022206876,0.09281489735988588,0.5235911226462407,0.4671170327863241,0.47820995409767336,0.20120241734161926,0.1005940594059406,0.10618729096989966,0.9664806480648065,0.639186140675376,0.6288944756689877,0.5568782161697932,11.728316008316009,1.6492483894058698,0.9212474012474012,0.7816750178954903,99.0,0.06132756132756133,0.3693052978767266,0.1
ca-GrQc,up_pfix,1,0.01,0.01,134,0.835043766805178,0,0,4158,13422,44,0.850320172484627,0.8962151691253166,0.2873510423323712,0.3097898971837282,0.09267253602993625,0.3194079006623231,0.22673536463238686,0.09835837775487088,0.5328243595565324,0.45723287052699935,0.5272309069392853,0.20823371221859133,0.10488818523649317,0.10311865216871789,1.0106311717474594,0.6353610263597821,0.6119147591907651,0.5397387953287606,11.446836811039987,1.2727925340990667,0.914955524149971,0.6403445800430725,94.5,0.07479557479557479,0.4275438366347457,0.1
ca-GrQc,up_pfix,1,0.02,0.02,268,0.8551847427686035,0,0,4158,13422,41,0.8489743390849595,0.8941290418715542,0.28748973117193416,0.3097898971837282,0.0987008513058211,0.32023945087956873,0.22153859957374764,0.10562995240781624,0.5411916764384108,0.45080374195887146,0.5676110462092802,0.1998239361279136,0.10957278481012658,0.10363375567774324,1.0349654593395632,0.6333502038331924,0.5959617232437839,0.5280909970802449,11.207066077826848,0.9394792399718508,0.9110907424381302,0.5249824067558058,101.41463414634147,0.06156806156806157,0.3850584826194583,0.1
ca-GrQc,up_pfix,1,0.05,0.05,671,0.9321160547299374,0,0,4158,13422,38,0.8504953847259932,0.8960661600357622,0.28828296034292017,0.3097898971837282,0.10927480638699325,0.32114724742287704,0.2118724410358838,0.11567768730229881,0.562789100867135,0.43452897050930506,0.7065498619523821,0.199967854571094,0.112645492207536,0.09864719262540404,1.083819208895734,0.6239222533896056,0.5600805549339898,0.5029762300631797,10.553005737091544,0.524731182795699,0.8963166209362268,0.3161290322580645,109.42105263157895,0.06878306878306878,0.3454975823396875,0.1
ca-GrQc,up_pfix,1,0.1,0.1,1342,0.9553167304958157,0,0,4158,13422,39,0.8504901724053595,0.8955446282223216,0.28920776710670526,0.3097898971837282,0.12662614910709688,0.3230166786654857,0.19639052955838884,0.1339129117532754,0.5937974571624562,0.4078023194817957,0.8997365604477711,0.19978200621297448,0.11965811965811966,0.09534024550113217,1.1455429971835114,0.632064992784862,0.5325839442959999,0.4697427257816072,10.046505823627287,0.4472182596291013,0.8747920133111481,0.22467902995720399,106.61538461538461,0.061087061087061086,0.34738101404768074,0.1
ca-GrQc,up_pfix,1,0.15,0.15,2013,0.9605920039147771,0,0,4158,13422,40,0.8511842214850144,0.8958426464014305,0.2900940790711628,0.3097898971837282,0.14507382528836163,0.32490040290218514,0.1798265776138235,0.15276048651563148,0.6229646096457538,0.3813106976319178,1.0587821951538,0.20076197293238351,0.1247750449910018,0.09191307445671536,1.1979475349565283,0.6459897348841427,0.5183288799968411,0.4417404412231143,9.754906852960746,0.6037195994277539,0.8518795741849634,0.26394849785407726,103.95,0.06228956228956229,0.3424603174603176,0.1
ca-GrQc,up_pfix,1,0.2,0.2,2684,0.9723206915364134,0,0,4158,13422,40,0.851008864919541,0.8957681418566532,0.2905592327337205,0.3097898971837282,0.15895829784026258,0.32635841593492226,0.16740011809465968,0.16716546853273828,0.6449059067571049,0.3607782783736461,1.191267901400923,0.19868263132397823,0.12663843516838072,0.09110244594115562,1.2149686038813476,0.6571669930575861,0.5086280652337014,0.4210002105576961,9.549197371704233,0.7977126518942101,0.8306579056807785,0.2809149392423159,103.95,0.06445406445406446,0.3434824434824435,0.1
ca-GrQc,up_pfix,1,0.3,0.3,4027,0.9727048801548284,0,0,4158,13422,36,0.8514477462025495,0.897928773655193,0.2915478313887191,0.3097898971837282,0.1843961286429761,0.32861143616755156,0.14421530752457545,0.19147610924394812,0.6831647713920941,0.3233397976166539,1.375006915330449,0.19494050755684666,0.13195156987482043,0.08503918586969236,1.2927401247152115,0.6810966493320789,0.4998223052926698,0.3839987761412282,9.298788582807832,1.3503649635036497,0.7942250248921341,0.34306569343065696,115.5,0.06084656084656084,0.3331596387151943,0.1
ca-GrQc,up_pfix,1,0.4,0.4,5369,0.9722256659181064,0,0,4158,13422,37,0.8527950172923592,0.9007599463567277,0.2924700523009395,0.3097898971837282,0.1990251491891389,0.32954116366561864,0.13051601447647973,0.20345791224519846,0.6977374396729236,0.3076775596936887,1.3280221050581795,0.19460656752165306,0.1343470110393668,0.07968913119127712,1.353757944572358,0.6984042458140477,0.49725560396456636,0.3542196689366293,9.198428453267162,1.5953453453453454,0.7650951199338296,0.4084084084084084,112.37837837837837,0.06084656084656084,0.3354133354133355,0.1
ca-GrQc,up_pfix,1,0.5,0.5,6711,0.9611549267674764,0,0,4158,13422,37,0.8546783192174366,0.9062732826702429,0.29349174209618556,0.3097898971837282,0.1953425743316707,0.3280987154305798,0.13275614109890907,0.19398239296534953,0.683137260565593,0.31777368021250646,1.1375173183791336,0.19908926864438126,0.12743026204564667,0.07537399309551208,1.3595937815394827,0.7134318752653453,0.49900622589604204,0.3291154035842583,9.200591910555739,1.444356120826709,0.7438342650443933,0.4332273449920509,112.37837837837837,0.07215007215007214,0.35158535158535154,0.1
ca-GrQc,up_pfix,1,0.9359,0.9359,12562,0.9449463869693021,1,1,4158,13422,36,0.9038769945841376,0.9594695276411861,0.29543343257387444,0.3097898971837282,0.1924498088898714,0.3175899788433982,0.12514016995352678,0.12845892089061517,0.6950681251884199,0.3002861840302203,1.5629607195792756,0.24792419995516313,0.06029705165151851,0.030524071372461003,1.487696741299046,0.7482933236113176,0.5485106551011544,0.3087060813541703,9.487808665941916,5.205882352941177,0.738313402702283,0.7720588235294118,115.5,0.0707070707070707,0.32772166105499445,0.1
ca-GrQc,up_pfix,2,0.0,0.0,0,1.0,0,0,4158,13422,42,0.8513623535140842,0.8959171509462077,0.28700993739820324,0.3097898971837282,0.08723506953795679,0.3188695717586444,0.2316345022206876,0.09281489735988588,0.5235911226462407,0.4671170327863241,0.47820995409767336,0.20120241734161926,0.1005940594059406,0.10618729096989966,0.9664806480648065,0.639186140675376,0.6288944756689877,0.5568782161697932,11.728316008316009,1.6492483894058698,0.9212474012474012,0.7816750178954903,99.0,0.06132756132756133,0.3693052978767266,0.1
ca-GrQc,up_pfix,2,0.01,0.01,134,0.8412825956753303,0,0,4158,13422,42,0.8519038353598549,0.8983758009238564,0.287319206691231,0.3097898971837281,0.09184436179864652,0.3191235068911752,0.22727914509252867,0.09658627841606257,0.5327878839762263,0.4575339731376548,0.5419142376166768,0.2153719686294917,0.10554455445544554,0.09925943621595795,1.0385769867309314,0.6359427257718308,0.6110723546523107,0.541027205358171,11.4043788356278,1.2910557184750733,0.9136672748382816,0.6480938416422287,99.0,0.06806156806156806,0.4233147804576376,0.1
ca-GrQc,up_pfix,2,0.02,0.02,268,0.8708351924283187,0,0,4158,13422,41,0.8509438968676802,0.8954701236775443,0.2874547344329105,0.3097898971837282,0.09698469574328297,0.3199276954349446,0.22294299969166162,0.10322372098221277,0.5412383706790691,0.45013125748806965,0.584754699799627,0.21449735865834985,0.11067193675889328,0.10081320258311409,1.0587588989150858,0.6312717663138863,0.5944217024469219,0.5274310032115455,11.160246276728513,0.9586600142551674,0.9090606539645562,0.5324305060584462,101.41463414634147,0.05483405483405483,0.37327983669447073,0.1
ca-GrQc,up_pfix,2,0.05,0.05,671,0.9221493588079965,0,0,4158,13422,40,0.8510267028240739,0.8959171509462077,0.2880933983901046,0.3097898971837282,0.10900935351366275,0.3211359012709422,0.21212654775727946,0.11554574803822207,0.5622946408773181,0.4328660613699984,0.7071751518816224,0.20240717083521087,0.11477026227568526,0.09759310262244042,1.1026817897381873,0.6257933733436949,0.5611730483197979,0.5007629008806512,10.572307692307692,0.5511811023622047,0.8953846153846153,0.3249821045096636,103.95,0.06541606541606541,0.3557359307359309,0.1
ca-GrQc,up_pfix,2,0.1,0.1,1342,0.9300294432584306,0,0,4158,13422,38,0.849805004809212,0.895693637311876,0.28897148913201387,0.3097898971837282,0.1298396885074285,0.32333300282449706,0.19349331431706857,0.13733701825781816,0.5959621943104308,0.40477651092045536,0.8808425408198497,0.2004100715000796,0.11931143648595172,0.09524378585086042,1.1438557860817455,0.6284798196107374,0.5326497571505666,0.47190410961063856,10.04841124604891,0.4278571428571429,0.8741473964398603,0.22785714285714287,109.42105263157895,0.0646945646945647,0.36033264980633395,0.1
ca-GrQc,up_pfix,2,0.15,0.15,2013,0.9675694677155153,0,0,4158,13422,38,0.8512191784490092,0.8963641782148711,0.2898875747837607,0.3097898971837282,0.14885395475368984,0.32521649911059325,0.1763625443569034,0.1565049111930367,0.6265559418423088,0.37631299468943186,1.0636969733041017,0.20034235261779776,0.1248,0.0910710045119924,1.2042168224299068,0.641003326491306,0.5160780803706579,0.44670481384358884,9.711910896849805,0.5607476635514018,0.8538774831684814,0.24514737598849748,109.42105263157895,0.06012506012506012,0.3367636262373104,0.1
ca-GrQc,up_pfix,2,0.2,0.2,2684,0.9758456574825779,0,0,4158,13422,37,0.8511754510200503,0.8962151691253166,0.2905772065569438,0.3097898971837282,0.16277557302525392,0.3266835325006838,0.1639079594754299,0.17084441052809402,0.6491145441349951,0.35635172644811414,1.2086849309091585,0.19875350281575666,0.12633919547200323,0.09061946902654867,1.2173185079865234,0.6585074537108602,0.5098785094704698,0.4247910354829399,9.56280655083548,0.8470926058865758,0.8336520076481836,0.2785355348169419,112.37837837837837,0.06132756132756133,0.3127933127933129,0.1
ca-GrQc,up_pfix,2,0.3,0.3,4027,0.9760699814361845,0,0,4158,13422,37,0.8514215680299098,0.8975562509313069,0.2917526550677077,0.3097898971837282,0.184821335200275,0.328723687669526,0.14390235246925098,0.19209269790304812,0.6817080374593448,0.324744417697352,1.3635318476451936,0.1926726389954917,0.13154114508516315,0.0858579950871447,1.2840329086058624,0.6818341000113973,0.5009411238203046,0.38714396416421754,9.320660745413797,1.3730909090909091,0.798954096455549,0.34763636363636363,112.37837837837837,0.061087061087061086,0.313040313040313,0.1
ca-GrQc,up_pfix,2,0.4,0.4,5369,0.9769113102001359,0,0,4158,13422,38,0.8522739073493854,0.8991208463716287,0.2926866908417508,0.3097898971837282,0.19952623575973488,0.32991793497382516,0.13039169921409027,0.20530843061366794,0.7001194670378441,0.30423651132014595,1.3883277218454857,0.1942138421953825,0.1376509787588505,0.08039443155452436,1.364513616618384,0.6977757157844756,0.4972950916773064,0.3545211767856714,9.187189260855154,1.825701624815362,0.7674013921113689,0.42688330871491875,109.42105263157895,0.06060606060606061,0.33161185792764725,0.1
ca-GrQc,up_pfix,2,0.5,0.5,6711,0.958691087871529,0,0,4158,13422,37,0.8542119136619445,0.9061987781254657,0.2934408436970053,0.3097898971837282,0.19486529402716662,0.32806849986441683,0.1332032058372502,0.19361095109731535,0.6820432310206275,0.3185839396124276,1.1211465588529657,0.20202126367864903,0.12700760777683853,0.0757192174913694,1.3540080314382266,0.7119617095871321,0.49944059073618263,0.33564736657135813,9.214338567787552,1.3963463065925337,0.7517059935871084,0.42414614773629866,112.37837837837837,0.0772005772005772,0.3780663780663782,0.1
ca-GrQc,up_pfix,2,0.9536,0.9536,12799,0.9434508860321896,1,1,4158,13422,37,0.9039819737192015,0.9582774549247504,0.295501062770767,0.3097898971837282,0.18970999821570525,0.31770508113550844,0.1279950829198032,0.12836960487537696,0.691423587200391,0.303733311859964,1.5372549064461345,0.23934020244432985,0.06312292358803986,0.030874593016728416,1.512921214997625,0.7471483413222012,0.5469048214497255,0.3149286350076817,9.469678121598507,5.0910714285714285,0.7480174156429793,0.75,112.37837837837837,0.07527657527657527,0.3500643500643501,0.1
ca-GrQc,down_pfix,1,0.0,0.0,0,1.0,0,0,4158,13422,42,0.8513623535140842,0.8959171509462077,0.28700993739820324,0.3097898971837282,0.08723506953795679,0.3188695717586444,0.2316345022206876,0.09281489735988588,0.5235911226462407,0.4671170327863241,0.47820995409767336,0.20120241734161926,0.1005940594059406,0.10618729096989966,0.9664806480648065,0.639186140675376,0.6288944756689877,0.5568782161697932,11.728316008316009,1.6492483894058698,0.9212474012474012,0.7816750178954903,99.0,0.06132756132756133,0.3693052978767266,0.1
ca-GrQc,down_pfix,1,0.01,0.01,134,0.8613245182731464,0,0,4158,13422,41,0.85206151222222,0.8983012963790791,0.28640964080214226,0.3097898971837282,0.0787347046988077,0.31779711458157295,0.23906240988276525,0.08308971934000185,0.5123967928894527,0.475110714946495,0.449831314287969,0.21455653659348028,0.1007705986959099,0.10226049515608181,0.9908739748692322,0.634902980825464,0.6230766193252866,0.5342432113946376,11.642199552127394,1.2021978021978021,0.9130795388570955,0.6476190476190476,101.41463414634147,0.08008658008658008,0.42087542087542085,0.1
ca-GrQc,down_pfix,1,0.02,0.02,268,0.8819512897446775,0,0,4158,13422,39,0.8518134856934064,0.89666219639398,0.2860225962071472,0.3097898971837282,0.06912906154275866,0.31693354256890227,0.2478044810261436,0.07357061054389458,0.4985626517705958,0.48842962532076445,0.4104915503886452,0.2081936751569945,0.09559549674106262,0.10802727598995095,0.9250776908857552,0.6312046775078833,0.6183907440801337,0.5158287066922349,11.612463647694225,0.855803893294881,0.9041960947237224,0.5140591204037491,106.61538461538461,0.0582010582010582,0.34740568073901423,0.1
ca-GrQc,down_pfix,1,0.05,0.05,671,0.9255182884217616,0,0,4158,13422,40,0.8537677839772754,0.8981522872895247,0.28462735975464687,0.3097898971837282,0.04647866944382839,0.31452364335640837,0.26804497391258,0.04938870886310152,0.4682881161902121,0.5113953147561606,0.33204870761265287,0.20918054019668786,0.08865248226950355,0.10987299305056314,0.8704415632928141,0.6223899976791704,0.6092032695826148,0.4699797399290514,11.47905433430112,0.34308705193855155,0.8843633347158856,0.2377468910021946,103.95,0.058922558922558925,0.34604377104377115,0.1
ca-GrQc,down_pfix,1,0.1,0.1,1342,0.9058094968062764,0,0,4158,13422,40,0.8562671971887615,0.9003874236328416,0.28268212782283514,0.3097898971837282,0.0065183133671830595,0.3104392031718018,0.30392088980461873,0.006905715463193942,0.4174567209515991,0.5611985843233961,0.2416127311620179,0.20779346970472323,0.07335299901671583,0.11562912318579825,0.7363829115948841,0.6157355774037513,0.6002922090742764,0.4170462422054547,11.313529168390566,0.07030665669409125,0.8551096400496483,0.0605833956619297,103.95,0.05387205387205387,0.3331409331409332,0.1
ca-GrQc,down_pfix,1,0.15,0.15,2013,0.8775076937203089,0,0,4158,13422,38,0.8589261218440507,0.9029950827000447,0.28071442591027385,0.3097898971837282,-0.03512303883446333,0.306382789706268,0.3415058285407313,-0.037031126175756914,0.3651785397433753,0.6107807929410453,0.1766223504479751,0.2031157836923353,0.06135693215339233,0.1187477509895646,0.6325136277748323,0.6126639624622449,0.5953562449817699,0.37548765550364466,11.193234323432343,0.023809523809523808,0.8303630363036304,0.02304147465437788,109.42105263157895,0.05339105339105339,0.3056251740462266,0.1
ca-GrQc,down_pfix,1,0.2,0.2,2684,0.8541177844551852,0,0,4158,13422,41,0.8638295666850759,0.9073163462971241,0.2797711782791765,0.3097898971837282,-0.07269220238577234,0.3030525182709059,0.37574472065667824,-0.07534697058883286,0.32234621073582165,0.6564324655868286,0.13738370640423103,0.19705124667828045,0.04864119732178023,0.11948705656759348,0.5248088026148988,0.6163017543077445,0.5936845984757743,0.34591237425485594,11.110198719001477,0.00964630225080386,0.809738873378223,0.00964630225080386,101.41463414634147,0.05146705146705147,0.32815964523281593,0.1
ca-GrQc,down_pfix,1,0.3,0.3,4027,0.8064494179805993,0,0,4158,13422,40,0.8723701233467087,0.9153628371330651,0.277801613968863,0.3097898971837282,-0.14200528897222864,0.29777097241301953,0.43977626138524817,-0.14228101086751085,0.24938596662180473,0.7354498091839332,0.08692090247575185,0.16881164955444283,0.03058405682715075,0.11742877663394781,0.3613549390264236,0.6237786044167523,0.5916575625551183,0.3005574134354507,10.975256389386294,0.007042253521126761,0.7822725052905747,0.007042253521126761,103.95,0.046657046657046654,0.28821548821548837,0.1
ca-GrQc,down_pfix,1,0.4,0.4,5369,0.7506279928491623,0,0,4158,13422,39,0.8817066774168142,0.9249739234093279,0.2789365287048773,0.3097898971837282,-0.21243110581842367,0.293852024768354,0.5062831305867777,-0.20062432135411382,0.19052976326407856,0.8026284794197365,0.06252054224749554,0.15569429189093398,0.019755037534571317,0.10849282296650718,0.2633089511310984,0.6336785443425714,0.5907756703039238,0.26147836364641686,10.845348368908578,0.003972194637537239,0.7581957309706001,0.003972194637537239,106.61538461538461,0.053631553631553634,0.28513461846795196,0.1
ca-GrQc,down_pfix,1,0.5,0.5,6711,0.7032336921081157,0,0,4158,13422,41,0.8933013847498396,0.9355535687676948,0.2819667817513178,0.3097898971837282,-0.2693210663165639,0.29243311560394664,0.5617541819205105,-0.23453418016410094,0.15668256795256405,0.834856315317758,0.05475796143041684,0.14768148411660242,0.017391304347826087,0.09292035398230089,0.2698567479266146,0.6422477580693211,0.5921050899661722,0.23705408448575715,10.746834434976508,0.004624277456647399,0.7473122561121287,0.004624277456647399,101.41463414634147,0.04353054353054353,0.2641279226645079,0.1
ca-GrQc,down_pfix,1,0.8259,0.8259,11085,0.5427739677568978,1,1,4158,13422,98,0.9486764852132975,0.9891968410073014,0.31534571651870563,0.3097898971837281,-0.3347676153639778,0.3061733494093446,0.6409409647733224,-0.10974209502991089,0.14237091366194585,0.8114096713788169,0.06278857666722416,0.23540068793765057,0.004551751434791213,0.014577607838451427,0.4213352259156385,0.6639437517439517,0.6021481315730589,0.20323224769423914,10.33674775928297,0.0,0.7322437297582285,0.0,42.42857142857143,0.03968253968253968,0.607209117413199,0.1
ca-GrQc,down_pfix,2,0.0,0.0,0,1.0,0,0,4158,13422,42,0.8513623535140842,0.8959171509462077,0.28700993739820324,0.3097898971837282,0.08723506953795679,0.3188695717586444,0.2316345022206876,0.09281489735988588,0.5235911226462407,0.4671170327863241,0.47820995409767336,0.20120241734161926,0.1005940594059406,0.10618729096989966,0.9664806480648065,0.639186140675376,0.6288944756689877,0.5568782161697932,11.728316008316009,1.6492483894058698,0.9212474012474012,0.7816750178954903,99.0,0.06132756132756133,0.3693052978767266,0.1
ca-GrQc,down_pfix,2,0.01,0.01,134,0.8343304941591246,0,0,4158,13422,41,0.8493029234446541,0.894725078229772,0.2865411878067936,0.3097898971837282,0.08039374621303438,0.31825334252712095,0.23785959631408657,0.08610779704744205,0.5142521087481158,0.4727896340070967,0.4545619390115444,0.20690660196525468,0.10825760568945081,0.1034688995215311,1.028332330901492,0.635877478619326,0.6231819198925934,0.5342067809553451,11.68548588558581,1.2059447983014862,0.9147306187026397,0.6249115357395613,101.41463414634147,0.0658970658970659,0.39601590821103017,0.1
ca-GrQc,down_pfix,2,0.02,0.02,268,0.8609788946661939,0,0,4158,13422,39,0.8513781348000924,0.8985248100134108,0.2860626915757173,0.3097898971837282,0.0763555718285171,0.3175380933415616,0.24118252151304448,0.08059804108827043,0.5082710529584091,0.47656912451935135,0.4271037196747342,0.20103459389719303,0.09978308026030369,0.10250269428810921,0.983324892256825,0.6316006330099792,0.6184565569347005,0.515812822964559,11.585903814262023,0.9045521292217328,0.90530679933665,0.49706314243759175,106.61538461538461,0.07551707551707551,0.4055944055944056,0.1
ca-GrQc,down_pfix,2,0.05,0.05,671,0.9260970635706907,0,0,4158,13422,42,0.8526775180410131,0.8974072418417524,0.28462841215926826,0.3097898971837282,0.045536978429013775,0.3144616613989534,0.2689246829699396,0.04854439553920251,0.46872485260881713,0.5128452278779077,0.33927291750813193,0.2157325521301685,0.09250147608738438,0.1087399592375015,0.9016374815140692,0.6234200081713328,0.6094138707172285,0.4683066039088503,11.489248650892486,0.3696441539578795,0.8813615608136156,0.2599854756717502,99.0,0.059644059644059645,0.38430793192697954,0.1
ca-GrQc,down_pfix,2,0.1,0.1,1342,0.9018612743607592,0,0,4158,13422,41,0.8563457261557536,0.9006854418119505,0.2824246182001049,0.3097898971837282,0.003557781082197564,0.31014323664003646,0.3065854555578389,0.0037676426127696127,0.4147549212557503,0.566117437209414,0.24088127421893574,0.20259696757384205,0.07260920897284534,0.11558752997601919,0.7311033779696401,0.6194559805633092,0.6018453924420518,0.4174466168254938,11.334932583340226,0.10802700675168792,0.8555711804119448,0.08552138034508627,101.41463414634147,0.05266955266955267,0.35238564506857184,0.1
ca-GrQc,down_pfix,2,0.15,0.15,2013,0.8882778150269568,0,0,4158,13422,40,0.8597887470316135,0.9038891372373715,0.28112667376983735,0.3097898971837282,-0.03178191986201567,0.3067353094455372,0.33851722930755285,-0.033321296848148815,0.369927694584378,0.6087879258390265,0.1808663368920478,0.20023044251988642,0.06022436528242472,0.11797146625104904,0.6266135122641123,0.6182383845076954,0.5961065115238309,0.3743794526418389,11.196175403890537,0.024806201550387597,0.8307781074843389,0.024031007751937984,103.95,0.054353054353054354,0.3306998556998557,0.1
ca-GrQc,down_pfix,2,0.2,0.2,2684,0.8567240643732285,0,0,4158,13422,40,0.8634913070592852,0.9073163462971241,0.2795063554317818,0.3097898971837282,-0.07043687500220175,0.30326155025311136,0.3736984252553131,-0.07307845095818365,0.3267959485213703,0.654922012917712,0.1401350856022779,0.18805904390334272,0.04730928444707274,0.12025392262546412,0.5104382764056352,0.6213739311349221,0.5936845984757743,0.34613362255308777,11.109541796682542,0.01607717041800643,0.8127771391033011,0.01607717041800643,103.95,0.05194805194805195,0.31632996632996635,0.1
ca-GrQc,down_pfix,2,0.3,0.3,4027,0.801140584447609,0,0,4158,13422,39,0.8723532513035076,0.9161078825808374,0.27882550286387725,0.3097898971837282,-0.15027516092574406,0.2971829957381621,0.44745815666390615,-0.14941307216563587,0.2429575359024466,0.7462255772646537,0.08206219564654221,0.15601202341923737,0.029051383399209485,0.11707725424539583,0.3462945541600263,0.6297781853269115,0.5926710805154463,0.29596780385357974,10.98560507482108,0.0017761989342806395,0.7861906310995446,0.0017761989342806395,106.61538461538461,0.04882154882154882,0.2956179622846291,0.1
ca-GrQc,down_pfix,2,0.4,0.4,5369,0.7448881553823835,0,0,4158,13422,43,0.8828985280961625,0.9255699597675459,0.280425081801213,0.3097898971837282,-0.21628932227766273,0.2936914742247515,0.5099807965024142,-0.20244030214542463,0.18781874525253742,0.806150149183233,0.059411222083971586,0.16443344454700404,0.018192604310856238,0.10842797369994023,0.24442556062093349,0.6374210473441069,0.5915390994168981,0.2610546635467614,10.852531594622876,0.002002002002002002,0.7624567334782258,0.002002002002002002,96.69767441860465,0.04497354497354497,0.31386959293936023,0.1
ca-GrQc,down_pfix,2,0.5,0.5,6711,0.7007744116247714,0,0,4158,13422,44,0.8946858470518395,0.936894650573685,0.28354835956722857,0.3097898971837282,-0.2750956606539225,0.2924298893924994,0.5675255500464219,-0.23590387154174847,0.1542190540347056,0.8399112761447842,0.052130605028357084,0.14621831858227818,0.01365525430437364,0.0929621221173378,0.2163882211018927,0.646928188888113,0.5927237307990997,0.23411761807750944,10.742664015904573,0.004722550177095631,0.7484691848906561,0.004722550177095631,94.5,0.04353054353054353,0.30922865013774103,0.1
ca-GrQc,down_pfix,2,0.8194,0.8194,10998,0.5381664670255148,1,1,4158,13422,92,0.94960449477226,0.99031440917896,0.31546241102139894,0.3097898971837282,-0.31815145764591723,0.30670841234585233,0.6248598699917696,-0.09877246836257983,0.14670738905993194,0.8066416467973796,0.0566959476246887,0.2189332814204178,0.0033663366336633663,0.013497372193024366,0.3475613099771533,0.6660598116132909,0.6013188896055177,0.19838414790765269,10.31086367739994,0.0,0.729611796569365,0.0,45.19565217391305,0.044733044733044736,0.5939571700441266,0.1
ca-GrQc,neutral_pfix,1,0.0,0.0,0,1.0,0,0,4158,13422,42,0.8513623535140842,0.8959171509462077,0.28700993739820324,0.3097898971837282,0.08723506953795679,0.3188695717586444,0.2316345022206876,0.09281489735988588,0.5235911226462407,0.4671170327863241,0.47820995409767336,0.20120241734161926,0.1005940594059406,0.10618729096989966,0.9664806480648065,0.639186140675376,0.6288944756689877,0.5568782161697932,11.728316008316009,1.6492483894058698,0.9212474012474012,0.7816750178954903,99.0,0.06132756132756133,0.3693052978767266,0.1
ca-GrQc,neutral_pfix,1,0.01,0.01,134,0.834805048240717,0,0,4158,13422,40,0.850772431502169,0.8985993145581881,0.2870652436861367,0.3097898971837282,0.08670041274848808,0.3185813784645129,0.23188096571602482,0.09116833811097286,0.5250908603772119,0.4645429938834681,0.4992952231740004,0.22108025105371876,0.10339384372533544,0.10019152501795547,1.0196562604566148,0.6296395351278388,0.6094533584299685,0.5314159857080851,11.359257109692397,1.3975018368846437,0.9093773318961943,0.692138133725202,103.95,0.07335257335257335,0.43253968253968256,0.1
ca-GrQc,neutral_pfix,1,0.02,0.02,268,0.8971911291698619,0,0,4158,13422,40,0.8506271304319794,0.8961406645805394,0.28670108615118384,0.3097898971837282,0.08586098657412453,0.318707362187776,0.23284637561365149,0.09136448241040296,0.5232574852842172,0.4656910358374696,0.49612006966775457,0.21128306968648014,0.10568785672111788,0.10274547416376933,1.017605748142643,0.6224486674977532,0.5953167572690298,0.5059344833930478,11.13892583970735,1.2230989956958394,0.8957432657133355,0.6327116212338594,103.95,0.0646945646945647,0.3791125541125542,0.1
ca-GrQc,neutral_pfix,1,0.05,0.05,671,0.9132044221617961,0,0,4158,13422,39,0.8505835084706375,0.8960661600357622,0.28682029256674985,0.3097898971837282,0.08176240599619458,0.31828777800362773,0.23652537200743315,0.08699460352471507,0.5193740606931895,0.4709903612928259,0.5049478711623481,0.20538519250951126,0.10376438463038815,0.10403857745629898,0.9983695845943156,0.60282848040886,0.5572506021876192,0.4451659191204562,10.471356115407001,0.7663082437275985,0.8605637316038912,0.43010752688172044,106.61538461538461,0.061087061087061086,0.37016070349403685,0.1
ca-GrQc,neutral_pfix,1,0.1,0.1,1342,0.94121411323441,0,0,4158,13422,41,0.8522441654814882,0.8978542691104158,0.2860789677148878,0.3097898971837282,0.07469257423961795,0.3174194247714585,0.24272685053184057,0.07906868818458752,0.512159542464826,0.4756312537749091,0.5170853634459878,0.21513722592370343,0.10368797065070477,0.10117675603542399,1.015098426020248,0.5733801778805742,0.514353783581009,0.37669600796595637,9.686913949049872,0.36032093362509116,0.8126296572898515,0.2363238512035011,101.41463414634147,0.060365560365560365,0.4023510364973779,0.1
ca-GrQc,neutral_pfix,1,0.15,0.15,2013,0.9404388296952747,0,0,4158,13422,41,0.8525881730923865,0.8973327372969752,0.28551814805516906,0.3097898971837282,0.07207863476679563,0.31719001331460617,0.24511137854781054,0.07662413446768566,0.5106006447573218,0.47859505470748526,0.526500078857176,0.2044363132318886,0.10348792640858566,0.10214529497805948,1.00799343124531,0.5542475027819688,0.4831979782291077,0.3231121430111183,9.123380936565924,0.1799709724238026,0.772749916971106,0.1313497822931785,101.41463414634147,0.05844155844155844,0.36924412534168627,0.1
ca-GrQc,neutral_pfix,1,0.2,0.2,2684,0.9392707639131355,0,0,4158,13422,42,0.8531034323580997,0.8980777827447475,0.2851586821958282,0.3097898971837282,0.06894881217341575,0.31681731299755866,0.2478685008241429,0.07315290840533097,0.5080359022798964,0.48142111109170527,0.5353778245682201,0.1982612219472656,0.10282334986646319,0.10134474327628362,1.008841375663501,0.5418831673823089,0.4652968817869506,0.28584051295812224,8.781483325037332,0.14473684210526316,0.744566119130579,0.1162280701754386,99.0,0.059644059644059645,0.38268169220550186,0.1
ca-GrQc,neutral_pfix,1,0.3,0.3,4027,0.9380232775383297,0,0,4158,13422,43,0.8536240510440171,0.8985248100134108,0.28466799517516456,0.3097898971837282,0.06377094555730467,0.3162610659997801,0.25249012044247543,0.06764398536911023,0.5017904542388401,0.48753244911029775,0.5234781430704997,0.19307779330020336,0.09994321408290743,0.10246959085882787,0.9849029511165808,0.5214889596374916,0.44081449988811816,0.23380743469787058,8.320812603648424,0.08883994126284875,0.6965174129353234,0.07121879588839941,96.69767441860465,0.056998556998557,0.3938610915355101,0.1
ca-GrQc,neutral_pfix,1,0.4,0.4,5369,0.9382696902679307,0,0,4158,13422,46,0.8554318353801047,0.899865891819401,0.284006874913694,0.3097898971837282,0.05704031763182266,0.3155015785201289,0.25846126088830623,0.06028829400392726,0.4949346176933267,0.49252779798374063,0.5178978898250204,0.19823272599685327,0.09883502442690718,0.10098765432098765,0.9870265609062119,0.5030421689202573,0.4229792163005278,0.20492359757649067,7.975327040900812,0.058779761904761904,0.6653419440304686,0.05505952380952381,90.3913043478261,0.05555555555555555,0.4109626283539327,0.1
ca-GrQc,neutral_pfix,1,0.5,0.5,6711,0.9296388843902293,0,0,4158,13422,47,0.8562976023924586,0.900834450901505,0.2847133678344521,0.3097898971837281,0.0558462262166774,0.31532791887158373,0.25948169265490634,0.05862581273844082,0.4934962273632318,0.49484295184259164,0.5208085025270824,0.19718815003282353,0.09709465791940018,0.10053171757141091,0.9791168283953343,0.4936831489361715,0.41238334671528043,0.1837118488027405,7.768009263088247,0.05033809166040571,0.646265817550244,0.04282494365138993,88.46808510638297,0.05531505531505532,0.4277834065068109,0.1
ca-GrQc,neutral_pfix,1,1.0,1.0,13422,0.9121075154933707,0,0,4158,13422,48,0.8572597001953101,0.9022500372522724,0.28246866867439385,0.3097898971837282,0.030689543838295474,0.31278979895066633,0.28210025511237086,0.03226576042420169,0.4657164822964291,0.5179522126946083,0.4925096277581385,0.1976371868212612,0.09647495361781076,0.09860557768924302,0.986956423367573,0.47362912090179266,0.39148118410487937,0.14250761954371063,7.3643270024772916,0.03353658536585366,0.6037985136251032,0.03277439024390244,86.625,0.05723905723905724,0.45325276575276585,0.1
ca-GrQc,neutral_pfix,1,1.5,1.5,20133,0.9077737964163638,0,0,4158,13422,50,0.8589311371067694,0.9041871554164804,0.2831751561748342,0.3097898971837282,0.030499199039950353,0.31271211220126477,0.2822129131613144,0.031701099057318737,0.46536902661490154,0.5193520543739126,0.49622233609945005,0.1975756716113144,0.09239635620003718,0.09809772472957852,0.9643420629213836,0.47038702146503186,0.38459715951719686,0.1250231862854486,7.218523401450231,0.04121306376360809,0.5912986156888596,0.038102643856920686,83.16,0.0670995670995671,0.4768061568061568,0.1
ca-GrQc,neutral_pfix,1,2.0,2.0,26844,0.9189899381192494,0,0,4158,13422,51,0.8583641515260133,0.9026970645209358,0.28113991845478564,0.3097898971837282,0.029693966010857165,0.3126792072426002,0.282985241231743,0.031302547185219555,0.4658850041735404,0.517163716539,0.5019826765758748,0.19147813190131724,0.09846096792137957,0.09652509652509653,1.0119013104446835,0.46677369730172164,0.38208310847274685,0.12582047170172997,7.183146252888742,0.04058192955589587,0.5903763618355893,0.036753445635528334,81.52941176470588,0.05531505531505532,0.4615246772109518,0.1
ca-GrQc,neutral_pfix,1,2.0,2.0,26844,0.9189899381192494,1,0,4158,13422,51,0.8583641515260133,0.9026970645209358,0.28113991845478564,0.3097898971837282,0.029693966010857165,0.3126792072426002,0.282985241231743,0.031302547185219555,0.4658850041735404,0.517163716539,0.5019826765758748,0.19147813190131724,0.09846096792137957,0.09652509652509653,1.0119013104446835,0.46677369730172164,0.38208310847274685,0.12582047170172997,7.183146252888742,0.04058192955589587,0.5903763618355893,0.036753445635528334,81.52941176470588,0.05531505531505532,0.4615246772109518,0.1
ca-GrQc,neutral_pfix,2,0.0,0.0,0,1.0,0,0,4158,13422,42,0.8513623535140842,0.8959171509462077,0.28700993739820324,0.3097898971837282,0.08723506953795679,0.3188695717586444,0.2316345022206876,0.09281489735988588,0.5235911226462407,0.4671170327863241,0.47820995409767336,0.20120241734161926,0.1005940594059406,0.10618729096989966,0.9664806480648065,0.639186140675376,0.6288944756689877,0.5568782161697932,11.728316008316009,1.6492483894058698,0.9212474012474012,0.7816750178954903,99.0,0.06132756132756133,0.3693052978767266,0.1
ca-GrQc,neutral_pfix,2,0.01,0.01,134,0.8640857122475751,0,0,4158,13422,40,0.8509714849758272,0.8980777827447475,0.28697930303062985,0.3097898971837282,0.08481552253913699,0.31843448329857993,0.23361896075944294,0.0894161925903849,0.5198829924210449,0.46822546591022657,0.47846452028124875,0.21175519126514986,0.10073079202054118,0.1026438569206843,0.9883104462717137,0.6333175802569401,0.6142182091006015,0.533861667191979,11.454454952712792,1.4035087719298245,0.9094076655052264,0.6937134502923976,103.95,0.0707070707070707,0.4299543049543051,0.1
ca-GrQc,neutral_pfix,2,0.02,0.02,268,0.9000948425616164,0,0,4158,13422,38,0.8509982654240672,0.8983012963790791,0.2868259106962487,0.3097898971837282,0.08474931925137741,0.31840879308434883,0.23365947383297142,0.0893072175866009,0.5209115674903184,0.46970701743033166,0.48299898559663684,0.20660398285015824,0.09732072498029945,0.1043613707165109,0.9569514803557352,0.6260688320883422,0.6001605833651429,0.5122685951701181,11.21390063863316,1.158974358974359,0.8980675126482541,0.6036630036630036,109.42105263157895,0.06565656565656566,0.3977620819726082,0.1
ca-GrQc,neutral_pfix,2,0.05,0.05,671,0.9264263685024301,0,0,4158,13422,41,0.8509401222371896,0.8965131873044255,0.28619856139074823,0.3097898971837282,0.08069531649210407,0.31814079828695674,0.23744548179485267,0.08588191693903463,0.5174473701041837,0.4725020652050155,0.49269518717511396,0.2036984787487912,0.101288056206089,0.10484454085321765,0.9787532688251447,0.6011620470864187,0.5569873507693522,0.45153588371127173,10.47336491315549,0.6637868970482361,0.8645391839109117,0.42620590352771776,101.41463414634147,0.058922558922558925,0.3846830676098969,0.1
ca-GrQc,neutral_pfix,2,0.1,0.1,1342,0.9360337685432045,0,0,4158,13422,39,0.8514828891226052,0.8968112054835345,0.285871445889297,0.3097898971837282,0.07644523403859982,0.3176781887307004,0.2412329546921006,0.08134791362420077,0.5149655589609534,0.47547612670799333,0.5142209951794158,0.2056078676836508,0.10063866847300174,0.10478497880072683,0.9752867929564115,0.5802995331663654,0.5174733128874732,0.37803356738846944,9.758328487164576,0.34729241877256317,0.8186425189000581,0.23465703971119134,106.61538461538461,0.059644059644059645,0.35764235764235774,0.1
ca-GrQc,neutral_pfix,2,0.15,0.15,2013,0.9457148602302861,0,0,4158,13422,42,0.8519367717863512,0.89666219639398,0.28603265129428646,0.3097898971837282,0.06950190004515619,0.3169720708808398,0.2474701708356836,0.07396480373368243,0.506688614588129,0.48195523810179935,0.5198007320743318,0.2045685278681263,0.10078709925129584,0.10495555826129307,0.9753168321203265,0.5603591614621564,0.48844984402353464,0.329148084403251,9.227586206896552,0.19682768565248737,0.7816368923971749,0.1528478731074261,99.0,0.06132756132756133,0.37579880437023294,0.1
ca-GrQc,neutral_pfix,2,0.2,0.2,2684,0.9549084719851817,0,0,4158,13422,41,0.8534013173149562,0.8980777827447475,0.2853810150928249,0.3097898971837282,0.06913578482595623,0.31683636966487166,0.24770058483891544,0.07329413549107304,0.5084605568800049,0.47959875006913333,0.5266156830298347,0.20096158991887036,0.10238322211630124,0.10162651339121927,1.0045231047112544,0.5454783381039948,0.4670869914311663,0.2918475519497268,8.817156130744982,0.1286549707602339,0.7497096399535423,0.10307017543859649,101.41463414634147,0.05772005772005772,0.3631788265934608,0.1
ca-GrQc,neutral_pfix,2,0.3,0.3,4027,0.9353731930684162,0,0,4158,13422,42,0.8547347582696666,0.8993443600059604,0.2849368648237833,0.3097898971837282,0.06328580503369585,0.31615997039193283,0.252874165358237,0.06682511772608075,0.5024961489573073,0.4844448903082128,0.5270888895676974,0.2009571526422479,0.10117468738158393,0.10031925343811395,1.0051566647191859,0.524311425170038,0.4398931199241836,0.24136591190421758,8.296992792643525,0.07920059215396003,0.7065694640046393,0.07105847520355292,99.0,0.05772005772005772,0.37507730364873226,0.1
ca-GrQc,neutral_pfix,2,0.4,0.4,5369,0.9182047961360554,0,0,4158,13422,42,0.8529271626651032,0.9018775145283863,0.2846099467670697,0.3097898971837282,0.05948203113140749,0.3156264219192418,0.2561443907878343,0.06217184645498971,0.49931032471192177,0.487677613340873,0.5407174555559261,0.19121843750801537,0.1000564227948091,0.09685379395434916,1.019709420464638,0.5066431276957944,0.42304502915509457,0.21643080123692549,7.958942585708385,0.058466211085801065,0.6824452705493598,0.05770690964312832,99.0,0.09042809042809043,0.41226322178703145,0.1
ca-GrQc,neutral_pfix,2,0.5,0.5,6711,0.9344586691041441,0,0,4158,13422,48,0.8561758733345914,0.900536432722396,0.2845770948418486,0.3097898971837282,0.0512823732005217,0.31489062496071346,0.26360825176019176,0.05393253485482248,0.4912694450874109,0.49355003936813907,0.5257048297319606,0.20047963609412645,0.10336448598130842,0.0968780971258672,1.039219573663761,0.4898577715272206,0.4099877588090506,0.19267276400440758,7.724580127409614,0.05767790262172284,0.6575659799784893,0.051685393258426963,86.625,0.055074555074555075,0.4363776655443323,0.1
ca-GrQc,neutral_pfix,2,1.0,1.0,13422,0.9087906725040485,0,0,4158,13422,49,0.858557490320127,0.9031440917895992,0.2845493177026985,0.3097898971837282,0.03874709498503481,0.31354278225901844,0.2747956872739836,0.040273852976588774,0.4763252763570368,0.5098829845290825,0.5178900566823349,0.18418748561402298,0.09417040358744394,0.098636926889715,0.9722731976543639,0.48922739984415003,0.3951272162478775,0.144850589107185,7.425754825936314,0.03230769230769231,0.6095528790628609,0.02923076923076923,84.85714285714286,0.0545935545935546,0.4521110031314113,0.1
ca-GrQc,neutral_pfix,2,1.5,1.5,20133,0.9063816614559128,0,0,4158,13422,52,0.8579274628592464,0.9035911190582625,0.2842347051882778,0.3097898971837282,0.03473148564894629,0.3131383208485871,0.2784068351996408,0.03606540007669209,0.4722104481613944,0.513458802908084,0.5176122315601032,0.1952879056427117,0.09636533084808947,0.09643788010425716,0.999548277158467,0.4820381107742057,0.3874929251181341,0.13294366666661814,7.278776385224274,0.030911901081916538,0.5983674142480211,0.027820710973724884,79.96153846153847,0.06541606541606541,0.5053742553742555,0.1
ca-GrQc,neutral_pfix,2,2.0,2.0,26844,0.9042593442814684,0,0,4158,13422,54,0.8557219490388919,0.9040381463269259,0.282280309056505,0.3097898971837282,0.02664479136493586,0.31234678075383976,0.2857019893889039,0.027801897128439168,0.4627607848486927,0.5179057716779605,0.50587602238432,0.1985525794666475,0.0978644382544104,0.09468707229065572,1.019826467585944,0.4752139952836029,0.38349150356047546,0.13535883664597945,7.199522004285479,0.03571428571428571,0.5962584473380583,0.03260869565217391,77.0,0.11207311207311207,0.5336344040047742,0.1
ca-GrQc,neutral_pfix,2,2.0,2.0,26844,0.9042593442814684,1,0,4158,13422,54,0.8557219490388919,0.9040381463269259,0.282280309056505,0.3097898971837282,0.02664479136493586,0.31234678075383976,0.2857019893889039,0.027801897128439168,0.4627607848486927,0.5179057716779605,0.50587602238432,0.1985525794666475,0.0978644382544104,0.09468707229065572,1.019826467585944,0.4752139952836029,0.38349150356047546,0.13535883664597945,7.199522004285479,0.03571428571428571,0.5962584473380583,0.03260869565217391,77.0,0.11207311207311207,0.5336344040047742,0.1
email-Eu-core,up,1,0.0,0.0,0,1.0,0,0,986,16064,8,0.41585277609990806,0.584910358565737,0.09471324878169804,0.06137948207171315,0.03400028641615006,0.07549264876885511,0.04149236235270505,0.17688355006797415,0.7058129881048056,0.27133059978042706,2.1130545325546457,0.016978882466887724,0.610192423331329,0.2771993200169996,1.4700256581275446,-0.02574336808308948,0.26739242877040204,0.40705044751953817,19.501702852277564,19.967756448710258,0.9822264793529162,0.9818536292741452,123.25,0.2748478701825558,0.2720588235294117,0.1
email-Eu-core,up,1,0.01,0.01,161,0.8060630527412393,0,0,986,16064,7,0.4044166279509699,0.5935009960159362,0.09476910106596119,0.06137948207171315,0.033212793628692165,0.07488044960130477,0.041667655972612606,0.17213893621837795,0.6962044521244352,0.2804615768631393,2.0276357013626902,0.017204976127082383,0.5910937264931548,0.27620261229690984,1.4541086711157791,-0.02343030163248253,0.25974040242863516,0.38628344188346453,18.896895322005456,19.474119448698314,0.9802810992238306,0.975344563552833,140.85714285714286,0.29006085192697767,0.23297594900028984,0.1
email-Eu-core,up,1,0.02,0.02,321,0.7942969784841654,0,0,986,16064,7,0.39283933000877463,0.5822958167330677,0.09485988093811576,0.06137948207171315,0.03273387768332891,0.07505255971458771,0.042318682031258804,0.17018494061324982,0.6914351535417477,0.2864817668477539,1.9971180626262934,0.01674212692400512,0.5982532751091703,0.29045951395521596,1.4322415218112834,-0.020079723366363083,0.25333582372111263,0.3714797923634745,18.332798802651272,19.11564828614009,0.9793671156724396,0.9700447093889717,140.85714285714286,0.2880324543610548,0.24166908142567367,0.1
email-Eu-core,up,1,0.05,0.05,803,0.7209002285935149,0,0,986,16064,7,0.3571996349915329,0.5455677290836654,0.09489938488740471,0.06137948207171314,0.03296436037941918,0.07635955121823705,0.04339519083881787,0.17295780895301813,0.6810601980080404,0.300115869403475,1.9668986781944333,0.01952783565573668,0.6235116804822909,0.33545444904019517,1.3720673472969207,-0.01367105196548638,0.2351895173831321,0.3269035765477073,16.500570515746233,18.31082191780822,0.9761524418073939,0.9595890410958904,140.85714285714286,0.2870182555780933,0.2544190089829035,0.1
email-Eu-core,up,1,0.1,0.1,1606,0.6239671047204907,0,0,986,16064,8,0.30547514909547574,0.4475846613545817,0.09495611561058816,0.06137948207171315,0.03749522124700625,0.08209241741446298,0.04459719616745673,0.19634662561772945,0.6886365616858865,0.29643203739699325,1.9919032648959505,0.018186634083699693,0.7217772404412875,0.43378850428707527,1.3065843577246838,-0.004961312021411551,0.21388909548214358,0.26290117031083704,13.681363004172463,17.43385170160018,0.9663421418636996,0.9494027496055893,123.25,0.20588235294117646,0.16962474645030423,0.1
email-Eu-core,up,1,0.15,0.15,2410,0.5344198669136854,0,0,986,16064,8,0.25894494187716266,0.39965139442231074,0.09510787311773602,0.06137948207171314,0.03747286297954427,0.08387626310848637,0.0464034001289421,0.1929935633274506,0.6731435279760082,0.3125707588919426,1.9578536503118003,0.013841636420860004,0.7499621842383906,0.4957156458267217,1.2492111704277795,0.0015506787086259346,0.1995104866736082,0.21748285505736634,11.843769470404984,16.593425964330155,0.9531152647975077,0.9430734135213604,123.25,0.19776876267748478,0.1526369168356998,0.1
email-Eu-core,up,1,0.2,0.2,3213,0.438443786571188,0,0,986,16064,10,0.222795080494134,0.3738172310756972,0.09537856644143244,0.06137948207171315,0.03291592567386629,0.08199086755188129,0.049074941878015,0.16696886571874786,0.6120301048129111,0.3724893486464828,1.4222485191560885,0.0124972619993301,0.7322918246625209,0.5523176010980889,1.1694538096608744,0.010987177438672982,0.19311097889142811,0.19150981936095116,13.556369691923397,14.622328263246844,0.9445462114904246,0.9364747986877423,98.6,0.20081135902636918,0.3265720081135901,0.1
email-Eu-core,up,1,0.3,0.3,4819,0.18004554603468773,0,0,986,16064,9,0.16035958297350936,0.2986180278884462,0.09607802993125858,0.06137948207171315,0.037778718703627374,0.08787679429991095,0.05009807559628358,0.17995273265581538,0.5975391893386814,0.3959282597243229,1.3502096475224112,0.03024998523497302,0.7617021276595745,0.6595318431041755,1.0860018619617826,0.026143895355471437,0.18948780273424295,0.15801143979771742,12.231603085261622,14.691577172273009,0.9038982697519283,0.9330789029910358,109.55555555555556,0.16937119675456389,0.19562767635789946,0.1
email-Eu-core,up,1,0.4,0.4,6426,0.025409174875133972,0,0,986,16064,9,0.13365961576998778,0.2771414342629482,0.09628114406624548,0.06137948207171315,0.03954453901673727,0.08996459082808474,0.05042005181134747,0.18383265984525066,0.5963296558784961,0.40427409727954383,1.375181802897528,0.009999522511383807,0.7715720590473292,0.68913936584852,1.0673900754853853,0.03997690438530161,0.1902382996849265,0.14189016418721712,11.426549865229111,15.003616947984844,0.8717430368373764,0.922063382707544,109.55555555555556,0.15720081135902636,0.22875816993464038,0.1
email-Eu-core,up,1,0.5,0.5,8032,0.02481803969888778,0,0,986,16064,8,0.14124868220407705,0.3492280876494024,0.09694260186265238,0.06137948207171315,0.019991705876391534,0.07438952273604314,0.05439781685965161,0.09831146437575884,0.43268944637179707,0.5515028405574102,0.77179124743683,0.0700419327926537,0.6165905631659057,0.6744259532336212,0.9474756845893542,0.057886672254818396,0.1961078957688199,0.1297903233544161,18.672192513368984,12.175913525923091,0.8805704099821747,0.9080734647025063,123.25,0.1876267748478702,0.1845841784989859,0.1
email-Eu-core,up,1,1.0,1.0,16064,-0.002269956913361067,0,0,986,16064,3,0.20068106906599198,0.6089392430278885,0.10055311747123721,0.061379482071713155,0.006553460776286553,0.0639422834036748,0.05738882262738825,0.031804184528219474,0.33060325083639647,0.6327686807031947,0.590417395492889,0.29317002756960864,0.31839045287637696,0.4409109991603694,0.8141713204403247,0.14638199053091946,0.2303797446958121,0.10404739703800918,22.131977100797382,8.929321872015281,0.8441014107544469,0.8621458134352117,328.6666666666667,0.5162271805273834,0.19878296146044638,0.1
email-Eu-core,up,1,1.5,1.5,24096,0.0014599015636124028,0,0,986,16064,4,0.30406319389089564,0.7093500996015937,0.10602944165853198,0.06137948207171315,0.020873033967446455,0.06744622731536401,0.046573193347917555,0.08938703085103603,0.37868610670531344,0.5821602832383094,0.7077258262787403,0.4976237220168589,0.23313917841814838,0.329979035639413,0.8021305980100956,0.22489770600621548,0.2845448337412611,0.11231864489936948,25.22395787626152,10.548511458556437,0.8294866169372532,0.8886271150139217,246.5,0.6501014198782962,0.5015212981744421,0.1
email-Eu-core,up,1,2.0,2.0,32128,0.002168536464392417,0,0,986,16064,6,0.4052825422506935,0.7874128486055777,0.11152642221948024,0.06137948207171315,0.026487677328069947,0.06701042194194216,0.040522744613872216,0.09717081870106105,0.4633531756802979,0.5035783938614237,1.0499964756255429,0.5712760484286892,0.2023006134969325,0.2196144174350377,0.9516126076763467,0.2671796146232619,0.33345390866925395,0.1276468691759599,26.81579571507629,16.209370424597363,0.8638627559490869,0.939385065885798,164.33333333333334,0.6176470588235294,0.6369168356997972,0.1
email-Eu-core,up,1,2.5,2.5,40160,0.0031560287916705025,0,0,986,16064,10,0.4830317034123218,0.8033491035856574,0.11781161822444915,0.06137948207171315,0.025902093239365383,0.06647315192624223,0.04057105868687685,0.08738700657443814,0.4956804166714193,0.4669665668675527,1.2484514615563718,0.7113362057228476,0.2210461727258782,0.17998952331063384,1.124053725441123,0.2853005926429297,0.37565414936917685,0.15994092918989714,29.354513754358777,20.78505856283634,0.9071677644323906,0.9531497309275087,98.6,0.486815415821501,0.6918864097363082,0.1
email-Eu-core,up,1,2.7718,2.7718,44526,0.0021592788353623697,1,1,986,16064,14,0.5124766531638636,0.8612425298804781,0.12163168847879509,0.06137948207171315,0.019639152262559877,0.06410456115495804,0.04446540889239816,0.055817055446199214,0.5366283521922394,0.4234265991076332,1.5296340887407174,0.8354324336832071,0.17287927596257094,0.11545311681508644,1.2459096855373442,0.2901544328169817,0.3987319306026964,0.1875527103644981,30.08153234550054,24.947510094212653,0.935092157571377,0.9331538806639749,70.42857142857143,0.3438133874239351,0.7370327441321356,0.1
email-Eu-core,up,2,0.0,0.0,0,1.0,0,0,986,16064,8,0.41585277609990806,0.584910358565737,0.09471324878169804,0.06137948207171315,0.03400028641615006,0.07549264876885511,0.04149236235270505,0.17688355006797415,0.7058129881048056,0.27133059978042706,2.1130545325546457,0.016978882466887724,0.610192423331329,0.2771993200169996,1.4700256581275446,-0.02574336808308948,0.26739242877040204,0.40705044751953817,19.501702852277564,19.967756448710258,0.9822264793529162,0.9818536292741452,123.25,0.2748478701825558,0.2720588235294117,0.1
email-Eu-core,up,2,0.01,0.01,161,0.7695936329356596,0,0,986,16064,9,0.3991896640126496,0.5274526892430279,0.09476234214380573,0.06137948207171315,0.03604635848561805,0.07841309183667372,0.04236673335105567,0.18990658090006193,0.7116110123949791,0.2636353096493495,2.1743845594824216,0.027567483376748747,0.6813054594675891,0.32511949017525227,1.4417719537461933,-0.023210309881426836,0.26016382469473026,0.3857644354635389,18.736456980998465,19.63851929917007,0.9802903340021244,0.9749703596364115,109.55555555555556,0.1460446247464503,0.13297272932161364,0.1
email-Eu-core,up,2,0.02,0.02,321,0.7005705082736565,0,0,986,16064,9,0.3879955658255921,0.5187375498007968,0.09481503001196366,0.06137948207171314,0.03545007205890819,0.07844027061052161,0.04299019855161342,0.18681199893987177,0.7069581968377687,0.26891441975102365,2.157758508533607,0.0282323897777621,0.6846697758387242,0.3376871615164065,1.4226536384779802,-0.0218184622763289,0.25263603602385365,0.36733070119532996,17.974558982359294,19.29129478722028,0.9794791791671666,0.9685681024447031,109.55555555555556,0.16937119675456389,0.16745548794230336,0.1
email-Eu-core,up,2,0.05,0.05,803,0.6721596792638089,0,0,986,16064,9,0.355893582821354,0.4920941235059761,0.09468665325881825,0.06137948207171315,0.0342899172409355,0.07879553254287804,0.04450561530194254,0.18104785286839734,0.6866080917538744,0.2935132691271417,1.9612012942350237,0.028094951640312615,0.6860412588465592,0.3823623049984082,1.350725184717628,-0.016708925735197788,0.23400038539032603,0.31584738158203524,16.578368121442125,17.87241083466111,0.9749525616698292,0.9559995097438412,109.55555555555556,0.17139959432048682,0.17579445571331975,0.1
email-Eu-core,up,2,0.1,0.1,1606,0.5963596845927439,0,0,986,16064,7,0.3020872692310936,0.46569970119521914,0.09478421604485576,0.06137948207171315,0.03217073877798992,0.07856831741356372,0.046397578635573804,0.1693053570692867,0.6638537228406491,0.31877100032498346,1.8080453600199835,0.013379114042339046,0.6914027149321267,0.4238923044307823,1.294033929007303,-0.009397321456127832,0.21376992873659584,0.2540466652319131,14.665018045715813,16.687288826750553,0.9669830236599385,0.9462891762786905,140.85714285714286,0.1845841784989858,0.14981164879745013,0.1
email-Eu-core,up,2,0.15,0.15,2410,0.5382061719412022,0,0,986,16064,9,0.25994140733505217,0.38801045816733065,0.09499943204837062,0.06137948207171315,0.03696616455219017,0.08400238817931907,0.0470362236271289,0.1896169250791051,0.6733463102233946,0.3129341184484008,1.877842285857419,0.010094243090322585,0.7588706024460214,0.508950323058998,1.2400058343701443,-0.0015166838937523911,0.20058298738353775,0.21513439032557616,12.447617519653457,16.249313396399145,0.9579656666131878,0.9436476452039467,109.55555555555556,0.17647058823529413,0.19314852377732694,0.1
email-Eu-core,up,2,0.2,0.2,3213,0.4542827720290062,0,0,986,16064,9,0.22460351571800458,0.3782993027888446,0.09499319659868748,0.06137948207171315,0.033883186786587485,0.08244468292067039,0.04856149613408291,0.1729817136995189,0.6370244210348226,0.35229554385815925,1.626943940608809,0.010852065039481884,0.7310480217456962,0.5450116500741369,1.175884191581342,0.003512065532884237,0.19229709537396386,0.191216837582442,12.205693598815206,15.35546210073095,0.9503044265262465,0.9365174727145289,109.55555555555556,0.1997971602434077,0.2778904665314401,0.1
email-Eu-core,up,2,0.3,0.3,4819,0.21541427902326518,0,0,986,16064,8,0.16469969304182674,0.34642679282868527,0.09524365773047398,0.06137948207171315,0.031824667794929345,0.08217923226960677,0.05035456447467743,0.15899397600077492,0.5643841406365061,0.4280790101346237,1.1872445719445506,0.02131903085427611,0.6967399545109931,0.6235082902101595,1.0660473025302022,0.02041827349655834,0.18795131235547863,0.1550368541427835,13.551482479784367,13.998761786836841,0.9114106019766397,0.930564815696733,123.25,0.2079107505070994,0.2809330628803246,0.1
email-Eu-core,up,2,0.4,0.4,6426,0.039136367901346995,0,0,986,16064,9,0.13579818394499693,0.29544322709163345,0.09561838713714715,0.06137948207171315,0.03296157819165453,0.08460278523239205,0.05164120704073752,0.15727569023004292,0.5328860002232514,0.45952588156192875,1.1013902905853294,0.03186312224628096,0.725591267434809,0.6899028305872412,1.0298549319732082,0.033986912973231045,0.18890464631986045,0.14057706801050024,13.99283607248209,13.880986039936385,0.8809523809523809,0.9226895211168051,109.55555555555556,0.17342799188640973,0.20126211404101868,0.1
email-Eu-core,up,2,0.5,0.5,8032,0.021232099781412488,0,0,986,16064,9,0.127785815388223,0.273406374501992,0.09620718122626318,0.06137948207171315,0.03884550358695348,0.08960437735725355,0.05075887377030006,0.17996306253755004,0.5745284103535495,0.4219288005420785,1.2674714318568632,0.05416647580031342,0.7630619684082625,0.7012658227848101,1.0501908379463956,0.04537319814115588,0.19134376140958204,0.13334913758522488,12.438752276867032,14.716415352981494,0.8654371584699454,0.9172378341329678,109.55555555555556,0.14908722109533468,0.19765607392382245,0.1
email-Eu-core,up,2,1.0,1.0,16064,0.0008796325684669209,0,0,986,16064,4,0.2032464192811671,0.634835657370518,0.10080463213373984,0.06137948207171315,0.015809351480068595,0.06715249351233082,0.05134314203226223,0.07551068387745727,0.39447356925443555,0.566416800403494,0.7450620630381474,0.2689903999498343,0.3404645476772616,0.3821428571428571,0.9323597841608473,0.14238853041586272,0.2302352233235521,0.10665545571752376,20.625514806824867,10.582850323900443,0.8294763679152775,0.9089669280600068,246.5,0.6551724137931034,0.5136916835699796,0.1
email-Eu-core,up,2,1.5,1.5,24096,-0.0021911399819348277,0,0,986,16064,5,0.3027983950186555,0.734437250996016,0.10735721004609942,0.06137948207171315,0.024757824372867318,0.06795423797152964,0.04319641359866232,0.10184558031146905,0.39541359088332295,0.5608221180145514,0.7160271355482434,0.46518594189042084,0.21876437222137055,0.29755790797610315,0.8237765765035389,0.2226469600114105,0.28307933631729115,0.10906064441864685,24.682742837769112,10.252461322081576,0.8202237667401254,0.9247538677918424,197.2,0.704868154158215,0.6462474645030427,0.1
email-Eu-core,up,2,2.0,2.0,32128,0.0017780761780770917,0,0,986,16064,7,0.4069182681624101,0.7827440239043825,0.11198388418703493,0.06137948207171315,0.027594001864527762,0.06737444388117542,0.039780442016647655,0.1016143183810045,0.48216937392527354,0.48782283950645416,1.1272695514843591,0.5773581291553878,0.21414327350820678,0.21938187532739653,0.985672649179322,0.26624074223025546,0.3327287663452827,0.12716781683808911,26.49856847463019,17.334383954154728,0.8585175759503738,0.929512893982808,140.85714285714286,0.6135902636916836,0.6850188351202551,0.1
email-Eu-core,up,2,2.5,2.5,40160,0.0005699942725023295,0,0,986,16064,15,0.4814200191576821,0.8610557768924303,0.11872825549219534,0.06137948207171315,0.028416178339592507,0.06532774589479397,0.03691156755520146,0.08278420317151745,0.5318672702745283,0.4279373636997788,1.417326416980473,0.6226152156313607,0.16551618346372143,0.12079622839182819,1.191241922563271,0.2851342120233223,0.3756896458465741,0.16159298272291397,28.548004626951997,22.24283154121864,0.9064488143435512,0.9762544802867383,65.73333333333333,0.5862068965517241,0.8277214334009466,0.1
email-Eu-core,up,2,2.7837,2.7837,44718,-0.0024653869664283267,1,1,986,16064,22,0.5241076747541705,0.8521538844621513,0.12297418807448812,0.06137948207171315,0.026702725289364918,0.06532737628002003,0.03862465099065511,0.07707359157618274,0.5356301755923888,0.42131506280494135,1.498718586378689,0.7539547978994937,0.18898604080380427,0.11974855945521215,1.2782617934620255,0.29040187158814845,0.40076030073967894,0.19030946833721282,30.343341368982394,24.76463157894737,0.9266564394769523,0.9869473684210527,44.81818181818182,0.4553752535496957,0.8196570164115804,0.1
email-Eu-core,down,1,0.0,0.0,0,1.0,0,0,986,16064,8,0.41585277609990806,0.584910358565737,0.09471324878169804,0.06137948207171315,0.03400028641615006,0.07549264876885511,0.04149236235270505,0.17688355006797415,0.7058129881048056,0.27133059978042706,2.1130545325546457,0.016978882466887724,0.610192423331329,0.2771993200169996,1.4700256581275446,-0.02574336808308948,0.26739242877040204,0.40705044751953817,19.501702852277564,19.967756448710258,0.9822264793529162,0.9818536292741452,123.25,0.2748478701825558,0.2720588235294117,0.1
email-Eu-core,down,1,0.01,0.01,161,0.7624730150906405,0,0,986,16064,8,0.40785273063622,0.5840388446215139,0.09459550906831933,0.06137948207171315,0.03276530543143272,0.07500857637530088,0.042243270943868164,0.1707225765408154,0.6931261094579462,0.28694438732080146,1.9178755680808857,0.017868943705192986,0.593937575030012,0.2897872340425532,1.4278678846576043,-0.03431838453674367,0.2602728495895931,0.3972369846442637,19.42698784907269,18.810984735109248,0.9819867832018759,0.9769530080814127,123.25,0.2738336713995943,0.27256592292089254,0.1
email-Eu-core,down,1,0.02,0.02,321,0.8849456171751114,0,0,986,16064,8,0.4109634397234271,0.5708416334661355,0.0945272462263692,0.06137948207171315,0.03289866455572384,0.07549821921359313,0.04259955465786929,0.1722613612779872,0.6900496267043015,0.2848991853267061,1.9907204044222657,0.01668462250905023,0.6125505466526884,0.29871098327474166,1.4273298493514341,-0.043422338857227724,0.25364515016700245,0.38568268207883094,19.055179934569246,18.186974180446764,0.9812431842966194,0.9770815201624601,123.25,0.24442190669371197,0.2335192697768762,0.1
email-Eu-core,down,1,0.05,0.05,803,0.8247865089432728,0,0,986,16064,8,0.4033756676016303,0.5619397410358565,0.09399401541480096,0.06137948207171315,0.02926240721870261,0.07419817975585223,0.04493577253714962,0.15446199790598356,0.6622748164015367,0.30801995825165623,1.8343641444715302,0.01602311971592363,0.6103530109759715,0.3134520489165415,1.3933083371206487,-0.07513513905719056,0.23479652066909168,0.3568071658541234,18.535947712418302,15.70143527071195,0.9798382629888114,0.969873525650135,123.25,0.23935091277890466,0.22261663286004052,0.1
email-Eu-core,down,1,0.1,0.1,1606,0.7499848452412524,0,0,986,16064,8,0.3891851202014652,0.5552166334661355,0.09331252986700397,0.06137948207171314,0.023483533234631607,0.07182456704192249,0.04834103380729088,0.1250630392585551,0.6196810796429195,0.3479560190693773,1.593290577300193,0.00548838631867532,0.5864496260448746,0.3402920497566252,1.318506199130142,-0.12001249860825255,0.21087696582872445,0.3198924176862949,17.821728893373695,12.674737578726383,0.9786971633591209,0.9634709587123863,123.25,0.2515212981744422,0.27129817444219073,0.1
email-Eu-core,down,1,0.15,0.15,2410,0.781210834034248,0,0,986,16064,8,0.38295919712273907,0.5504855577689243,0.09292508985402752,0.06137948207171315,0.018718072290885693,0.06979352589719158,0.05107545360630589,0.1002011994063111,0.5782157356609834,0.39054927826432834,1.3795682142891856,0.0068312260115710455,0.5638081395348837,0.36389372822299654,1.2542603453106733,-0.16018825047007923,0.1950404659842328,0.29226152246419224,17.673074748388554,10.316022711535798,0.9790794979079498,0.9581775377371555,123.25,0.2565922920892495,0.2555780933062881,0.1
email-Eu-core,down,1,0.2,0.2,3213,0.7428400771121711,0,0,986,16064,8,0.3763480126896548,0.5444472111553785,0.09253123785134544,0.06137948207171315,0.014922923722079338,0.06817766159102194,0.0532547378689426,0.08031798245253954,0.5454162718167902,0.42192707842798177,1.2340951948920025,0.00872795403700477,0.5486291486291486,0.38493540617473176,1.2043152013635752,-0.19634255312260843,0.1838387919027464,0.2697759773811833,17.6017608049394,8.68761956818803,0.9777040932997942,0.9602350368953266,123.25,0.2565922920892495,0.24746450304259637,0.1
email-Eu-core,down,1,0.3,0.3,4819,0.6677471885522204,0,0,986,16064,8,0.3705564999557298,0.5372883466135459,0.09182401099486445,0.06137948207171315,0.00989251168159156,0.06595686250804719,0.05606435082645563,0.05371668973236295,0.49275438189002774,0.4746612861323252,1.0238998998876512,0.0035688108252257544,0.518798063229849,0.4191550541915505,1.1212124428527237,-0.25724853875929343,0.17130092899352276,0.2429802323022511,17.825280963967096,6.57016009686533,0.9798401112269726,0.9479348849724203,123.25,0.2535496957403651,0.24847870182555787,0.1
email-Eu-core,down,1,0.4,0.4,6426,0.5746749534389299,0,0,986,16064,7,0.36695383787930946,0.5480577689243028,0.09119574305842339,0.06137948207171314,0.005530504537790991,0.06387895063149668,0.05834844609370569,0.03018177787305909,0.44980733619704544,0.5174629410248034,0.884458072802802,0.008161203657639726,0.48418079096045197,0.42653606411398043,1.0713333644612535,-0.3034772710470868,0.1680555367743506,0.23168714598016557,18.264425261244888,5.240495867768595,0.97955474784189,0.9447658402203857,140.85714285714286,0.2778904665314402,0.2031295276731382,0.1
email-Eu-core,down,1,0.5,0.5,8032,0.5633639235244264,0,0,986,16064,7,0.3766937703927815,0.5475597609561753,0.0905416884084377,0.06137948207171315,0.003140468406364748,0.06280035634819839,0.05965988794183364,0.017264031270797172,0.41534207116958904,0.5507020502389763,0.7843828241274152,0.004370629562809203,0.4697948862039899,0.4386317907444668,1.0383578772675968,-0.3393170080820283,0.1702284282835932,0.22423953943055647,19.226580263756254,4.444138690148597,0.9809004092769441,0.9349201981287837,140.85714285714286,0.25557809330628806,0.16227180527383367,0.1
email-Eu-core,down,1,1.0,1.0,16064,0.5074691139011858,0,0,986,16064,7,0.4466050723339213,0.6185258964143426,0.08955131747542078,0.06137948207171315,-0.010017675381290177,0.05755799833562337,0.06757567371691355,-0.05433835029415785,0.3033224894547033,0.6707339423353851,0.5466130839902603,0.026224398771075408,0.3512759726676893,0.40582480602721244,0.9208383199957182,-0.4242414491656138,0.2179407648307663,0.22848634290034162,24.466183574879228,2.411063968668407,0.9818840579710145,0.829144908616188,140.85714285714286,0.2434077079107505,0.15589684149521887,0.1
email-Eu-core,down,1,1.5,1.5,24096,0.5598373174896988,0,0,986,16064,7,0.5414673458029188,0.7132719123505976,0.08914869224863142,0.06137948207171315,-0.019221299378721114,0.05586819565871579,0.0750894950374369,-0.09750579926594541,0.24765386614270685,0.7280620468403284,0.4737980587775033,0.08187027281355541,0.26778242677824265,0.3020013492241961,0.9339246425891642,-0.4471167244799441,0.29076432367378396,0.3013074465303424,29.339937161808344,1.7064698219713417,0.9839413510211206,0.7184107685627442,140.85714285714286,0.22920892494929007,0.15589684149521887,0.1
email-Eu-core,down,1,1.8994,1.8994,30512,0.6373688949502282,1,1,986,16064,7,0.6168898643628921,0.788035358565737,0.08897772044145799,0.06137948207171315,-0.026373790304800394,0.05578917106649369,0.08216296137129409,-0.12114230595773769,0.2223859815916868,0.74036254728256,0.4566824358222685,0.13468431588430363,0.22482566248256625,0.20159658196536992,1.0606753133979276,-0.4536081344621828,0.34991666779353897,0.37724920836671616,32.348447744687576,1.3298091042584435,0.9867288095426179,0.6205580029368576,140.85714285714286,0.2281947261663286,0.16951608229498705,0.1
email-Eu-core,down,2,0.0,0.0,0,1.0,0,0,986,16064,8,0.41585277609990806,0.584910358565737,0.09471324878169804,0.06137948207171315,0.03400028641615006,0.07549264876885511,0.04149236235270505,0.17688355006797415,0.7058129881048056,0.27133059978042706,2.1130545325546457,0.016978882466887724,0.610192423331329,0.2771993200169996,1.4700256581275446,-0.02574336808308948,0.26739242877040204,0.40705044751953817,19.501702852277564,19.967756448710258,0.9822264793529162,0.9818536292741452,123.25,0.2748478701825558,0.2720588235294117,0.1
email-Eu-core,down,2,0.01,0.01,161,0.9692587298191978,0,0,986,16064,8,0.4123856118572276,0.5841633466135459,0.09455713482340422,0.06137948207171315,0.03245084632154544,0.07487373340562274,0.0424228870840773,0.16914542627719087,0.6926990966915274,0.28410574152207096,2.0025252064921326,0.01978633317463452,0.600599700149925,0.2846497764530551,1.4443164046719157,-0.03700681925317645,0.25917245879028006,0.39342000912403596,19.35581841432225,18.715868263473055,0.9820971867007673,0.9767964071856288,123.25,0.2768762677484787,0.2776369168356998,0.1
email-Eu-core,down,2,0.02,0.02,321,0.9157612553209006,0,0,986,16064,8,0.4107510562518353,0.5707793824701195,0.09434604809766847,0.061379482071713155,0.031764045991014,0.0750132655072237,0.043249219516209705,0.16664279028116977,0.6891486676224258,0.28492970330473993,2.004601880403862,0.01529430250793029,0.616258218768679,0.29566794707639776,1.435760990036267,-0.04734292614008654,0.25201991859474515,0.3819473340271403,18.96150070891046,18.032777374909355,0.9818955175046352,0.9754894851341552,123.25,0.2515212981744422,0.23199797160243407,0.1
email-Eu-core,down,2,0.05,0.05,803,0.8392654838800284,0,0,986,16064,8,0.3990276637784023,0.5617529880478087,0.09403756540179158,0.06137948207171315,0.028270131420689015,0.07376878269432587,0.04549865127363685,0.14916214772793457,0.6599273543908164,0.31023002737649097,1.836311551472995,0.018667249760535465,0.6095181791309489,0.31361583136158316,1.3908096632897105,-0.08107280224658718,0.23193398331327497,0.3555182503090675,18.300642730496453,15.52315340909091,0.981604609929078,0.9691761363636363,123.25,0.24645030425963488,0.24695740365111551,0.1
email-Eu-core,down,2,0.1,0.1,1606,0.8410368510544716,0,0,986,16064,8,0.3931195040554912,0.5611927290836654,0.09358589707990006,0.06137948207171315,0.023313891161640322,0.07160978702679299,0.04829589586515267,0.12362243177453226,0.6190061928437394,0.3500767663358314,1.5826477426083416,0.01602139691325488,0.5820655354008192,0.33268313827481577,1.3264719478903049,-0.1250606181504646,0.2104155116225609,0.31960935461842144,17.9044925124792,12.421336359767343,0.9803660565723794,0.9643921123563626,123.25,0.2647058823529412,0.25481744421906694,0.1
email-Eu-core,down,2,0.15,0.15,2410,0.800357623961738,0,0,986,16064,8,0.382543395423535,0.5505478087649402,0.0928662685349741,0.06137948207171315,0.019850895754931923,0.07030151066674604,0.05045061491181412,0.10633136364121465,0.5831454663223795,0.3840329093013903,1.3955441046927672,0.014826606199170866,0.5688033569671538,0.3593357369168579,1.2655480784377229,-0.16506890524442422,0.19362567781368745,0.28889673367738566,17.505540479421075,10.28836565096953,0.9789687924016283,0.961218836565097,123.25,0.25963488843813387,0.25507099391480725,0.1
email-Eu-core,down,2,0.2,0.2,3213,0.7643432286314752,0,0,986,16064,8,0.3779093912106802,0.5461902390438247,0.09239411891146214,0.06137948207171315,0.016928394984607076,0.06906175295304941,0.05213335796844233,0.0912179565771445,0.5519694677159072,0.41387483376968304,1.247831667195437,0.00881108978516476,0.5528280218202699,0.3779951637722576,1.2181933254486716,-0.19896993222287562,0.18381343727603414,0.2689707099569373,17.49692272623661,8.775445816186556,0.9772053795304309,0.9592592592592593,123.25,0.2616632860040568,0.252028397565923,0.1
email-Eu-core,down,2,0.3,0.3,4819,0.6562997706015128,0,0,986,16064,8,0.37174227021198064,0.539031374501992,0.09169734049342335,0.06137948207171315,0.0108855367925325,0.06639737300477484,0.055511836212242344,0.05917466607244094,0.49557213872542993,0.47042715057471635,1.020370595651721,0.01040461665934267,0.5212645307626879,0.4137624861265261,1.1308026228456203,-0.2597359723883553,0.1712857162174954,0.24150937954977575,17.812680448088695,6.539905469277516,0.9779420256380644,0.9523295070898042,123.25,0.2484787018255578,0.2401115618661258,0.1
email-Eu-core,down,2,0.4,0.4,6426,0.588566806163519,0,0,986,16064,7,0.3722345060898091,0.5433889442231076,0.0912412945955324,0.06137948207171315,0.007089223756798026,0.06461650001594332,0.0575272762591453,0.03870221808482785,0.45443687500697943,0.51309089423927,0.8826117690313698,0.006975909788173196,0.4897901703985354,0.43032466807988395,1.0726638442102348,-0.30304836392636314,0.16814174250517233,0.22626611461482704,18.36281360980639,5.270483980913429,0.978577156604422,0.9450579413769598,140.85714285714286,0.24746450304259635,0.15792523906114186,0.1
email-Eu-core,down,2,0.5,0.5,8032,0.5421778421487656,0,0,986,16064,7,0.3710951857566001,0.5464392430278885,0.09067248142052053,0.06137948207171314,0.0033488352822639914,0.06289838233731171,0.05954954705504772,0.018386834274827752,0.416076273269954,0.5537700088316266,0.7707199974433292,0.00805320849473179,0.46205638939542715,0.446782316731953,1.0187309688784165,-0.34151323948850154,0.16834711498154184,0.218370203395748,19.072453861927546,4.360828987098545,0.9781271360218728,0.9328849849025529,140.85714285714286,0.2525354969574036,0.19182845552013905,0.1
email-Eu-core,down,2,1.0,1.0,16064,0.5179496468854687,0,0,986,16064,8,0.4448658615041825,0.6120517928286853,0.0895343579781737,0.06137948207171315,-0.010190484465173545,0.05742610189324194,0.06761658635841548,-0.0554607922719156,0.2991547716006313,0.6768378446606454,0.5411776137527435,0.04096426440744394,0.35467224546722453,0.4147740049471554,0.914225762385349,-0.42428017132762696,0.21735760841638385,0.2290439802318942,24.649104963384865,2.379813863928113,0.9823026851098454,0.832798459563543,123.25,0.23529411764705882,0.23478701825557802,0.1
email-Eu-core,down,2,1.5,1.5,24096,0.5661560706781841,0,0,986,16064,7,0.5402559644390564,0.7144546812749004,0.08912234804563259,0.06137948207171315,-0.01967968406775286,0.055760040412177386,0.07543972447993025,-0.0997370152948382,0.24592772810196084,0.7288178977836053,0.4723094099165636,0.13844618072134174,0.26764295676429567,0.2999775129300652,0.9373046560849457,-0.4480274993638835,0.2909696961501535,0.2997230784150037,29.32987714559554,1.670154785262699,0.9831837588219918,0.7226945716154349,140.85714285714286,0.22718052738336714,0.16690814256737174,0.1
email-Eu-core,down,2,1.8967,1.8967,30468,0.6389673345844439,1,1,986,16064,7,0.6214189905281764,0.7924551792828686,0.08896501888778824,0.06137948207171315,-0.027348786312805122,0.05570338311959087,0.08305216943239599,-0.12467003653482125,0.22245746058957885,0.7393602465681255,0.45718355098239655,0.18988683671913742,0.22231520223152024,0.19563750843265124,1.0711671891563113,-0.4530253867033905,0.352505375180863,0.381142019217216,32.437156323644935,1.249250149970006,0.9857030636292223,0.6082783443311338,140.85714285714286,0.22210953346855983,0.18429440741813963,0.1
email-Eu-core,neutral,1,0.0,0.0,0,1.0,0,0,986,16064,8,0.41585277609990806,0.584910358565737,0.09471324878169804,0.06137948207171315,0.03400028641615006,0.07549264876885511,0.04149236235270505,0.17688355006797415,0.7058129881048056,0.27133059978042706,2.1130545325546457,0.016978882466887724,0.610192423331329,0.2771993200169996,1.4700256581275446,-0.02574336808308948,0.26739242877040204,0.40705044751953817,19.501702852277564,19.967756448710258,0.9822264793529162,0.9818536292741452,123.25,0.2748478701825558,0.2720588235294117,0.1
email-Eu-core,neutral,1,0.01,0.01,161,0.7721512404896913,0,0,986,16064,8,0.4034692146038605,0.5494272908366534,0.09465509434946205,0.06137948207171315,0.0354638380819429,0.07735851967362442,0.04189468159168152,0.18641433167495863,0.7075920045693829,0.2684942178610547,2.1208884766775142,0.02206045716715055,0.6520432692307693,0.3080357142857143,1.4471432822496655,-0.02705708473692946,0.26015621830671665,0.3903267832826697,18.82449580784047,19.57391544625587,0.9807387264899161,0.97678916827853,123.25,0.17849898580121704,0.16506085192697761,0.1
email-Eu-core,neutral,1,0.02,0.02,321,0.8417528808673953,0,0,986,16064,7,0.3979350471929512,0.5916957171314741,0.09463468291187524,0.06137948207171315,0.03233225954982377,0.07458088212072299,0.042248622570899216,0.16792946553582264,0.6876031496249917,0.28989982804085024,1.9691855800571778,0.01644346607144953,0.5864503530118672,0.2822366322950994,1.4363071307794837,-0.02942002200748824,0.2516446701194034,0.3721817713995264,18.451130983692792,18.657112364689738,0.9795896896370332,0.9695075468821467,140.85714285714286,0.3093306288032454,0.24775427412344264,0.1
email-Eu-core,neutral,1,0.05,0.05,803,0.7872454941701666,0,0,986,16064,8,0.3680978239370705,0.5334287848605578,0.09450566856867919,0.06137948207171315,0.0315132406796372,0.07608265306859317,0.044569412388955974,0.16635367598047834,0.6720382616302104,0.30620779512167096,1.8767437732319474,0.020137799936147838,0.6321632163216322,0.3491168333688019,1.3549125959960906,-0.034620681209857423,0.23316875363416315,0.3302411903293552,17.19850624343564,17.146764509673115,0.9773602520714202,0.961440960640427,123.25,0.24543610547667344,0.24188640973630826,0.1
email-Eu-core,neutral,1,0.1,0.1,1606,0.686333086093805,0,0,986,16064,8,0.3212483962928167,0.4722360557768924,0.09433176250005823,0.06137948207171315,0.03249144178140338,0.07852729353976207,0.046035851758358684,0.17195327991817824,0.6599864993851737,0.3193157635024651,1.7964055721689034,0.019492150630140426,0.6818793954810713,0.41797249760153504,1.2920158774484465,-0.04409013804700299,0.208917053183865,0.2691999473047223,15.082520432375428,15.661476763387592,0.966649090429739,0.9524652040575607,123.25,0.18356997971602435,0.1736815415821502,0.1
email-Eu-core,neutral,1,0.15,0.15,2410,0.7222872849463374,0,0,986,16064,8,0.2947870940757637,0.45051045816733065,0.09426694886922933,0.06137948207171315,0.030766178867003995,0.07828517560128512,0.04751899673428112,0.16238513257065115,0.6375014266761858,0.3443497494458407,1.6677625176388648,0.015521148066796386,0.6794508282345918,0.4564776246929403,1.2365127568551584,-0.04947963780709572,0.19283714892293546,0.23396906964549485,13.8955368246511,14.456327177976663,0.9632444383031643,0.9485668970205052,123.25,0.2210953346855984,0.18838742393509134,0.1
email-Eu-core,neutral,1,0.2,0.2,3213,0.6141866459582664,0,0,986,16064,9,0.2621154683432604,0.41919820717131473,0.09418640535932354,0.06137948207171315,0.031139671398343942,0.07946545904796744,0.048325787649623496,0.1631358783141842,0.6346132438576169,0.3492468830089409,1.6846554933281803,0.01422846894351959,0.7029363541511403,0.4932121859967932,1.2102861300197125,-0.052980370607200615,0.18157462373733957,0.20803415751012438,12.384169884169884,14.088638799571276,0.957974457974458,0.9465166130760986,109.55555555555556,0.2210953346855984,0.32116294793779576,0.1
email-Eu-core,neutral,1,0.3,0.3,4819,0.43155766625805303,0,0,986,16064,8,0.20232341185866592,0.3665338645418327,0.09417736165843624,0.06137948207171315,0.029625841237051732,0.08014644922984551,0.05052060799279378,0.1515803570831235,0.5947678617874325,0.3907935935550614,1.4408111916108632,0.012555039957971137,0.7144340602284528,0.5749222353319747,1.1278172900461738,-0.06327748429503242,0.1654972549390813,0.1820758109514988,11.300951086956522,12.70430424528302,0.9417459239130435,0.9460495283018868,123.25,0.2281947261663286,0.19421906693711977,0.1
email-Eu-core,neutral,1,0.4,0.4,6426,0.34212789312356184,0,0,986,16064,7,0.1770763043908778,0.3451195219123506,0.09385131119436264,0.06137948207171315,0.031629901954012246,0.08209328738522216,0.050463385431209914,0.1602224197750038,0.5954592091474221,0.39627785870656596,1.3950881902276562,0.004321997658243704,0.7213893424372866,0.6068403559558272,1.1015587829764801,-0.06867878320201956,0.15794664710416356,0.17250814452791186,10.436688311688311,12.264638783269962,0.9292929292929293,0.9493346007604563,140.85714285714286,0.18661257606490872,0.169226311214141,0.1
email-Eu-core,neutral,1,0.5,0.5,8032,0.07710457230103034,0,0,986,16064,9,0.13191613835990698,0.25647410358565736,0.09404493563325639,0.06137948207171314,0.042420726713181305,0.09292039092767912,0.050499664214497815,0.19697563107215812,0.6021129347960384,0.3946654574096593,1.399595563305588,0.00561765434876127,0.7910933570054742,0.7089736700698549,1.0639755263677109,-0.07524790854534968,0.15339295614663762,0.16351484479165868,9.323058252427185,11.979738780977897,0.9019417475728155,0.952947086403215,109.55555555555556,0.1511156186612576,0.14559386973180066,0.1
email-Eu-core,neutral,1,1.0,1.0,16064,0.006035376330926507,0,0,986,16064,10,0.12593379787932432,0.25074701195219123,0.09483717249121987,0.06137948207171315,0.04172381555091726,0.09264117554599353,0.050917359995076274,0.19069422654898216,0.600039638202242,0.39915113769911714,1.416959859978894,0.03363906454423582,0.7877448814258359,0.721078167115903,1.051373693521488,-0.09088439820539522,0.14543667428432341,0.1535553013803317,8.642254220456802,11.405117979395149,0.8984607745779544,0.9510634762379528,98.6,0.15720081135902636,0.21541582150101402,0.1
email-Eu-core,neutral,1,1.5,1.5,24096,0.004386487077683535,0,0,986,16064,9,0.1250101956156946,0.2447086653386454,0.09360569849540423,0.06137948207171315,0.042204475553388354,0.09325615674111434,0.05105168118772599,0.19383765395195182,0.6080593170457934,0.39306827912958187,1.4196609487566385,0.011464102644269891,0.7920399471288001,0.7282549972987574,1.0486548842559174,-0.09902503258961359,0.14371002420521697,0.16455383747061217,8.493767489188501,11.262754471276683,0.9025693207835156,0.9544218247754059,109.55555555555556,0.15415821501014199,0.11223799864773487,0.1
email-Eu-core,neutral,1,2.0,2.0,32128,-0.0025610203664420367,0,0,986,16064,11,0.12361607595700366,0.23331673306772907,0.09377158771469885,0.06137948207171315,0.04361306394896504,0.09481688842103171,0.05120382447206667,0.1967099212727868,0.6087577768010861,0.38897342629504167,1.4615302992450618,0.018281932369185516,0.8129591536879224,0.7326636422553467,1.060358545375348,-0.09741512663119005,0.14412837554596963,0.15881596284188373,8.36419423692636,11.301234166937318,0.9028815368196371,0.9531503734978889,89.63636363636364,0.1592292089249493,0.18495297805642652,0.1
email-Eu-core,neutral,1,2.5,2.5,40160,-0.001559091406355774,0,0,986,16064,10,0.12611883222215725,0.2391683266932271,0.09406633534575888,0.06137948207171315,0.04474916821885729,0.09542606660675261,0.05067689838789532,0.2029302856447928,0.6119705370820286,0.38550470213934795,1.4757184988532341,0.009986230225126458,0.8087976539589443,0.7254435309389875,1.0630441427913992,-0.10423682238078377,0.14248539573501373,0.1575684958062854,8.285528370640291,11.189494354442807,0.8956272774596564,0.953690067092129,98.6,0.14503042596348883,0.17058823529411749,0.1
email-Eu-core,neutral,1,3.0,3.0,48192,0.0003506951552439696,0,0,986,16064,10,0.12539920040021685,0.24595368525896413,0.09355980612388003,0.06137948207171315,0.04171365120681378,0.09283350703860403,0.051119855831790253,0.19200589832608886,0.6027884765125031,0.39386137411057265,1.436681375969137,0.01038590630679781,0.7951966995727126,0.7239409291796917,1.0545727550512716,-0.10476583252416406,0.14215832105042528,0.16090895083382756,8.344722854973424,11.164368859902584,0.9083776259174893,0.9567406918187071,98.6,0.15314401622718052,0.21561866125760631,0.1
email-Eu-core,neutral,1,3.5,3.5,56224,0.004491897589475282,0,0,986,16064,9,0.1262918050469933,0.246078187250996,0.09377820748615252,0.06137948207171315,0.04311815637094909,0.09388720068529409,0.050769044314345,0.1980423037869157,0.6058061401552463,0.3929414886329615,1.4327294137352307,0.010772092771212383,0.7923803898405198,0.7258932414980629,1.0510113601187443,-0.0944713388612937,0.14410302091925734,0.16132495236465078,8.48545408550468,11.30889274213525,0.8977991398937516,0.953183056725291,109.55555555555556,0.14807302231237324,0.1217038539553752,0.1
email-Eu-core,neutral,1,4.0,4.0,64256,-0.00127554491592989,0,0,986,16064,10,0.12404647742136533,0.24937749003984064,0.09429406502230445,0.06137948207171315,0.04135640926739958,0.09242253379894821,0.051066124531548636,0.18975703364485522,0.5962910109044428,0.40402382617813204,1.39080920941974,0.006160723124794765,0.7793662490788504,0.7296044832417287,1.038293201625697,-0.10001122805416138,0.14339562683398466,0.15997846596951684,8.734398402396405,11.169182285619506,0.9051422865701447,0.954718858848897,98.6,0.17748478701825557,0.2572008113590263,0.1
email-Eu-core,neutral,1,4.5,4.5,72288,-0.00022617298113395022,0,0,986,16064,9,0.1279783540297227,0.2661230079681275,0.09371898965124555,0.06137948207171314,0.0392297886419913,0.09016932135834384,0.050939532716352535,0.1849870037828125,0.5907201033374853,0.4071816179122276,1.3838340182632225,0.011214663958594051,0.7630569489524933,0.7125780745207839,1.039761373142154,-0.09547029113703184,0.14440981190247598,0.16049809422434172,8.83719298245614,11.289252693188566,0.9080701754385965,0.9541945881754178,109.55555555555556,0.1795131845841785,0.21884155961235074,0.1
email-Eu-core,neutral,1,5.0,5.0,80320,0.0015894502720725854,0,0,986,16064,8,0.13175268880590685,0.27427788844621515,0.09370418353139616,0.06137948207171315,0.03791532285855525,0.08889547023686735,0.0509801473783121,0.1805245844651927,0.588955413892704,0.40873292139643014,1.3491069780360998,0.011401897285987395,0.762948793407887,0.698424687095382,1.0512960556960282,-0.098372935480468,0.14360099931035417,0.15505555875977978,8.911711302768952,11.20655343969806,0.9064911484339537,0.9496483101732716,123.25,0.17545638945233266,0.15998985801217036,0.1
email-Eu-core,neutral,1,5.5,5.5,88352,-0.003075080206008956,0,0,986,16064,8,0.12615674123414208,0.26637201195219123,0.09350828095423977,0.06137948207171315,0.03833728847962413,0.08950478988622823,0.0511675014066041,0.18123979446650748,0.5904682446850228,0.40629702557199604,1.3817060664765854,0.018408503780297458,0.7710328569323707,0.7062628004742912,1.0509861530557152,-0.09573045058111385,0.14456701058809213,0.15698420500654597,8.826828698293994,11.309630886720408,0.899041832203786,0.9511243105642766,123.25,0.15517241379310345,0.1384381338742393,0.1
email-Eu-core,neutral,1,6.0,6.0,96384,-0.004502071911292359,0,0,986,16064,7,0.12906906983619307,0.27477589641434264,0.09340230051586536,0.06137948207171315,0.03729268003212424,0.0884250325183172,0.05113235248619295,0.178234369226792,0.5910816247950824,0.40869348600142735,1.3505406293417612,0.01655005522275943,0.7578528240672467,0.7013896369708068,1.044991224533584,-0.10279009880460115,0.14251328582439723,0.16223170650026633,8.845038513819665,11.122918454935622,0.9114182147711826,0.9553648068669528,140.85714285714286,0.1663286004056795,0.04085772239930452,0.1
email-Eu-core,neutral,1,6.5,6.5,104416,0.0015805340262091524,0,0,986,16064,9,0.1279104239478838,0.2504980079681275,0.09315168989126887,0.06137948207171315,0.042641351023241736,0.09333925960656315,0.05069790858332142,0.1983484231477554,0.6074504695250424,0.3934369282643012,1.41111846507125,0.002959911575419971,0.7858930938006184,0.7228512886875876,1.0485537092037487,-0.10272452590401938,0.14298234641857446,0.16191095455588583,8.493290258449305,11.212790697674418,0.8998508946322068,0.9554817275747508,109.55555555555556,0.15010141987829614,0.15145368492224476,0.1
email-Eu-core,neutral,1,7.0,7.0,112448,-3.298781473688236e-05,0,0,986,16064,11,0.1228057531452874,0.2276518924302789,0.09326098167426623,0.06137948207171315,0.04535114766276254,0.09640635514516277,0.05105520748240023,0.20390622061487354,0.6140147339354923,0.38607511143503787,1.47388947555285,0.005507144677460163,0.8113458413355,0.7439483593329748,1.0504924313059942,-0.0953434999980457,0.1441714784113805,0.16271276102205215,8.285206453377086,11.307084710244217,0.8977303800929723,0.9551059885548481,89.63636363636364,0.1643002028397566,0.17370459155449014,0.1
email-Eu-core,neutral,1,7.5,7.5,120480,-0.0008474857780851554,0,0,986,16064,9,0.12347146174701096,0.25871513944223107,0.09324970316327566,0.06137948207171315,0.04080597899167992,0.09162833651848384,0.050822357526803925,0.19163720609261828,0.6027587021835354,0.3993533455723912,1.3579270410499245,0.0174227010325132,0.7722435707951523,0.7187567218756722,1.041763580891277,-0.10077692583179886,0.14279472218090355,0.16701845715186667,8.72762271414822,11.142509237487403,0.9059191530317613,0.9557440376217669,109.55555555555556,0.18356997971602435,0.210727969348659,0.1
email-Eu-core,neutral,1,8.0,8.0,128512,0.00034381075544646033,0,0,986,16064,9,0.1263549705870244,0.2506225099601594,0.09357251953849456,0.06137948207171315,0.04116246383836174,0.09222570590676037,0.05106324206839863,0.19063972287536435,0.6078064436949825,0.3907625851470344,1.434587789467853,0.013602739123432683,0.7873749264273102,0.721514889943893,1.0507053346177364,-0.10154209960444378,0.14287078606104042,0.1664526719291881,8.496770988574267,11.201113141717894,0.9123199205166418,0.9545605582322645,109.55555555555556,0.17647058823529413,0.13725490196078427,0.1
email-Eu-core,neutral,1,8.5,8.5,136544,-0.004861857410880118,0,0,986,16064,9,0.12543924463996606,0.2666832669322709,0.09411146936158983,0.06137948207171315,0.038631534367644715,0.08970863264758806,0.05107709827994335,0.18152777501259412,0.5930172818986111,0.4037066595172308,1.3950970256573476,0.03982005852714676,0.7738042678440029,0.7036357751645269,1.0552115245030613,-0.10151163503834298,0.14278965125556112,0.1586082212958668,8.677404295051353,11.186502546689304,0.9026610644257703,0.9548387096774194,109.55555555555556,0.18052738336713997,0.2208699571782735,0.1
email-Eu-core,neutral,1,9.0,9.0,144576,-0.0004106874686447714,0,0,986,16064,11,0.12314007904822442,0.23947958167330677,0.0948663098769017,0.06137948207171315,0.04352612034735492,0.09448198532642149,0.050955864979066574,0.19580673937447915,0.6119828296037948,0.3883830095317968,1.4214431941767673,0.014851113910783531,0.8011756061719324,0.7306404579328222,1.0534570629079087,-0.10125033723858803,0.14262484618193128,0.16114612313183047,8.425266441382895,11.1601866251944,0.9025214452820379,0.9517066382909061,89.63636363636364,0.15821501014198783,0.2813940623271254,0.1
email-Eu-core,neutral,1,9.5,9.5,152608,-0.0005828432075137015,0,0,986,16064,10,0.12590545670282022,0.25709661354581675,0.09448471172382401,0.06137948207171315,0.041144180013365075,0.09194563273652259,0.05080145272315752,0.19030982775718472,0.6075396318168003,0.38959241526539634,1.43995310436549,0.01563185012988566,0.7895123384253819,0.7086214347450303,1.0627389144013186,-0.10739521729871206,0.1414433205771389,0.15923976477235388,8.323002421307507,11.143288084464555,0.9041162227602906,0.9576001340707223,98.6,0.16328600405679514,0.28498985801217036,0.1
email-Eu-core,neutral,1,10.0,10.0,160640,-0.0005009176542634636,0,0,986,16064,9,0.1304787134920229,0.26743027888446214,0.09375227787276469,0.06137948207171314,0.040077354269458076,0.09073893831193866,0.050661584042480584,0.18921126352473336,0.6006162100263696,0.39748828254066515,1.387506543977214,0.008312961097585503,0.7779569104499487,0.6990585434476788,1.0619561360866738,-0.11367507381718389,0.14027700774837393,0.15772243891796933,8.506517690875233,10.99881033310673,0.9059590316573557,0.9580217539089055,109.55555555555556,0.17849898580121704,0.2409285553301781,0.1
email-Eu-core,neutral,1,10.0,10.0,160640,-0.0005009176542634636,1,0,986,16064,9,0.1304787134920229,0.26743027888446214,0.09375227787276469,0.06137948207171314,0.040077354269458076,0.09073893831193866,0.050661584042480584,0.18921126352473336,0.6006162100263696,0.39748828254066515,1.387506543977214,0.008312961097585503,0.7779569104499487,0.6990585434476788,1.0619561360866738,-0.11367507381718389,0.14027700774837393,0.15772243891796933,8.506517690875233,10.99881033310673,0.9059590316573557,0.9580217539089055,109.55555555555556,0.17849898580121704,0.2409285553301781,0.1
email-Eu-core,neutral,2,0.0,0.0,0,1.0,0,0,986,16064,8,0.41585277609990806,0.584910358565737,0.09471324878169804,0.06137948207171315,0.03400028641615006,0.07549264876885511,0.04149236235270505,0.17688355006797415,0.7058129881048056,0.27133059978042706,2.1130545325546457,0.016978882466887724,0.610192423331329,0.2771993200169996,1.4700256581275446,-0.02574336808308948,0.26739242877040204,0.40705044751953817,19.501702852277564,19.967756448710258,0.9822264793529162,0.9818536292741452,123.25,0.2748478701825558,0.2720588235294117,0.1
email-Eu-core,neutral,2,0.01,0.01,161,0.8398764277609279,0,0,986,16064,8,0.4068497180507304,0.6004108565737052,0.09470480703648641,0.06137948207171314,0.03240954154913611,0.07432998301817136,0.041920441469035244,0.167622368363671,0.6904812137954561,0.28542441919486206,1.9891857691331976,0.023298719738317653,0.5809409289042538,0.2713845499946871,1.453845627343501,-0.02713194517427023,0.2601004381279496,0.38929356869609666,19.104199066874028,19.238978033961676,0.9808190772420944,0.9777223866645895,123.25,0.3052738336713996,0.33012170385395545,0.1
email-Eu-core,neutral,2,0.02,0.02,321,0.8387707400563597,0,0,986,16064,7,0.39711011105292476,0.5898904382470119,0.09471673148453308,0.06137948207171315,0.032434596829486115,0.07468122036308855,0.04224662353360244,0.16842921589959886,0.6871625947044693,0.29027313882539163,1.9637934119675833,0.01842533841414884,0.586901006459366,0.28500053151908156,1.4310834498729896,-0.029564322140870677,0.25229121310056657,0.37326739264881825,18.5255382017729,18.665300546448087,0.9799493457154917,0.9731329690346083,140.85714285714286,0.30628803245436104,0.2503622138510577,0.1
email-Eu-core,neutral,2,0.05,0.05,803,0.794211812131426,0,0,986,16064,8,0.3688555895318131,0.5294447211155379,0.09481139559326535,0.06137948207171315,0.03185304412682314,0.07636810013412948,0.04451505600730634,0.1676895657685298,0.6745667688531971,0.30354926119504033,1.925220400744498,0.018279882907557776,0.6413451433718661,0.3495692863979581,1.3629538805563775,-0.032999427832981064,0.2342742153588187,0.33118123822007384,17.18259847148736,17.338139965603915,0.9786008230452675,0.9613705516602725,123.25,0.2363083164300203,0.23909736308316432,0.1
email-Eu-core,neutral,2,0.1,0.1,1606,0.6708381795663129,0,0,986,16064,7,0.32851582030939985,0.5242156374501992,0.09460005671335685,0.06137948207171315,0.028812416739573618,0.07508797940367039,0.04627556266409677,0.15210670514428065,0.6481239627857579,0.3347683248841318,1.6992412833826294,0.015524915957129681,0.6159952074284858,0.3760519867902418,1.2946941007629458,-0.03918418647992888,0.2105980649348893,0.2799903076464771,15.277164232276451,15.7705089624493,0.9744685904286902,0.9510663352086877,140.85714285714286,0.29411764705882354,0.2868733700376702,0.1
email-Eu-core,neutral,2,0.15,0.15,2410,0.6142679392072449,0,0,986,16064,8,0.2924848070212924,0.43071464143426297,0.09450912329723289,0.06137948207171315,0.032758001029181506,0.08002813243350752,0.04727013140432602,0.17163406261845576,0.6625052400854028,0.3158061916335483,1.953962547606237,0.01330531099074661,0.7245035090338958,0.4583110921319526,1.2726543870006017,-0.047031920142618824,0.19376259279793379,0.24022415504323835,12.847810377222142,15.349261891744122,0.964156670039023,0.9503553854565336,123.25,0.18559837728194725,0.1670892494929006,0.1
email-Eu-core,neutral,2,0.2,0.2,3213,0.5983927997332822,0,0,986,16064,8,0.26083035574336116,0.4144671314741036,0.09442311672911685,0.06137948207171315,0.030364255593592758,0.07915875175008301,0.04879449615649025,0.15841817069802427,0.628731488187461,0.3558177139956619,1.6475951614312334,0.007667951676480711,0.6960608773500447,0.5064088869899595,1.1887648239157047,-0.051458425210924,0.18096104177090236,0.21396276714136145,12.484529888855512,13.926642568573252,0.9580955241814358,0.9505634701254518,123.25,0.2302231237322515,0.21602434077079113,0.1
email-Eu-core,neutral,2,0.3,0.3,4819,0.44981943664431356,0,0,986,16064,7,0.20382892181584916,0.35688496015936255,0.09436192386738684,0.06137948207171315,0.032368315138488125,0.08219603235157624,0.04982771721308812,0.16433564101080017,0.6157555065142493,0.3730463908706922,1.570474719084422,0.01652578958593376,0.7289524661004321,0.5815246444990912,1.1334713401836551,-0.06206146746853997,0.16579897499695745,0.1854497330718871,10.731728588871446,13.033685025650954,0.938949938949939,0.9490852773206853,140.85714285714286,0.19776876267748478,0.10344827586206895,0.1
email-Eu-core,neutral,2,0.4,0.4,6426,0.24533561529835868,0,0,986,16064,11,0.1592715410457274,0.27583416334661354,0.094331621188173,0.06137948207171315,0.038505306928371064,0.08926370987909242,0.05075840295072136,0.18243423286780455,0.6131164692044979,0.3754896395775852,1.5988481351449815,0.01471434216462475,0.7936366339577758,0.6741272221032341,1.0959321660704642,-0.06991848866798893,0.1573584197644386,0.16886457399120738,9.336718573685399,12.448895383821887,0.9230422026630557,0.950915499011433,89.63636363636364,0.17139959432048682,0.24174810990226825,0.1
email-Eu-core,neutral,2,0.5,0.5,8032,0.047224215696688686,0,0,986,16064,8,0.13408355923603893,0.2667455179282869,0.09429406378523043,0.06137948207171315,0.03975799089295176,0.09053220709213637,0.05077421619918461,0.18647302047634112,0.6002693122255526,0.3989716485135671,1.4234542541057853,0.009801565963571957,0.7734757454383623,0.7041724766705996,1.0548530753647893,-0.07417834207962186,0.15320026098362427,0.1629884601126108,9.22287047841307,12.034043636981067,0.9089848308051341,0.9530520417692504,123.25,0.1643002028397566,0.10294117647058831,0.1
email-Eu-core,neutral,2,1.0,1.0,16064,0.005464124027817529,0,0,986,16064,9,0.1258207858152797,0.24987549800796813,0.09351182820675308,0.06137948207171315,0.04248977619228513,0.09325210427770392,0.050762328085418786,0.1967190451925364,0.6015511890954274,0.3985960548867346,1.3893691092986016,0.02318219199749716,0.7868393934933019,0.7232229532952217,1.0489450636577926,-0.1018011929694038,0.14338294952062852,0.16283267025914697,8.723966118584952,11.173029045643153,0.901096163428002,0.9544398340248963,109.55555555555556,0.16531440162271804,0.14131169709263003,0.1
email-Eu-core,neutral,2,1.5,1.5,24096,0.001133470696286892,0,0,986,16064,9,0.12496644669764667,0.2639442231075697,0.09351093556123827,0.06137948207171315,0.037379795731249346,0.08889309665875823,0.05151330092750889,0.17619191061898973,0.581508638091378,0.41724060792567724,1.2920645161264472,0.011115539004661112,0.7648183556405354,0.7149487317862925,1.0390766293140696,-0.1038434572538447,0.14287332152371165,0.16196389348985826,9.144811320754718,11.017929634641407,0.9063679245283018,0.9544993234100135,109.55555555555556,0.22616632860040567,0.171737660581474,0.1
email-Eu-core,neutral,2,2.0,2.0,32128,0.0011507283717889902,0,0,986,16064,12,0.1283185004627903,0.2360557768924303,0.09404415940072652,0.06137948207171315,0.04367263303425414,0.09474293778612841,0.051070304751874275,0.19720398635318998,0.6070001854930988,0.3929574704208132,1.441951347572434,0.027525853910433495,0.80094159187877,0.7368080284881838,1.0484294110121057,-0.10178229265140765,0.14215325012508284,0.16834732557439186,8.401371308016877,11.109843546284225,0.9077004219409283,0.9538787483702738,82.16666666666667,0.12981744421906694,0.2579445571331982,0.1
email-Eu-core,neutral,2,2.5,2.5,40160,-0.00024630882493243447,0,0,986,16064,10,0.12322967723540597,0.2532993027888446,0.0940458217895628,0.06137948207171315,0.04131541372734751,0.09222973030749088,0.050914316580143365,0.1910569656130575,0.5994620618425531,0.3998369620503177,1.3783945805354902,0.02825795907274875,0.7807714958775029,0.7217428817946505,1.0456284543373244,-0.10081792470515766,0.14324856999905344,0.16316533643291012,8.738019169329073,11.166235931638182,0.8994839026787909,0.9528136723634848,98.6,0.15212981744421908,0.27221095334685597,0.1
email-Eu-core,neutral,2,3.0,3.0,48192,-0.0020231595515163244,0,0,986,16064,10,0.12479509757595614,0.2371140438247012,0.09321308297667633,0.06137948207171315,0.04279452220372076,0.09402682206216371,0.05123229985844296,0.19526291042860852,0.6070925021468297,0.3921770348074023,1.4148967574837694,0.017090019468513407,0.8041237113402062,0.7326935518654303,1.0540549407563504,-0.10664511318687846,0.141433178726454,0.1602970879168819,8.355736413756892,11.058261933904529,0.9054870044631137,0.9511219910240718,98.6,0.13691683569979715,0.15537525354969572,0.1
email-Eu-core,neutral,2,3.5,3.5,56224,0.0008838917855107191,0,0,986,16064,10,0.12532071624793156,0.240226593625498,0.09380117095718836,0.06137948207171315,0.04371128514724567,0.09459015408504316,0.05087886893779749,0.1990847073649663,0.6113557383639749,0.3869325620800145,1.4818348930489236,0.018784120821792483,0.8013557323902152,0.729359775813753,1.0547299045568552,-0.09709315266716041,0.14448587578261282,0.15810796441110153,8.268722466960352,11.392789840229414,0.8984192796061156,0.9542810323637854,98.6,0.13387423935091278,0.17748478701825543,0.1
email-Eu-core,neutral,2,4.0,4.0,64256,0.003005244959507949,0,0,986,16064,8,0.1267599566406932,0.2605826693227092,0.09342029013774546,0.06137948207171315,0.03978860009268863,0.09079986254363517,0.051011262450946546,0.18695411322269662,0.6046168676817593,0.39595228468245447,1.4191576003028687,0.006961546729904899,0.7826855123674912,0.7077221742881795,1.0585165912334886,-0.10263161439815262,0.14254878230179444,0.15907008754386182,8.447443860487338,11.222848964472133,0.9065934065934066,0.9524330695403267,123.25,0.16227180527383367,0.12018255578093306,0.1
email-Eu-core,neutral,2,4.5,4.5,72288,-0.003130778723598197,0,0,986,16064,9,0.12540555958127153,0.252925796812749,0.09347865742220192,0.06137948207171315,0.03978297008082213,0.09110031274526557,0.05131734266444345,0.18499635454640848,0.5970609082272925,0.40172646003349094,1.367527569623774,0.007228799492817739,0.7854630715123095,0.7187229437229438,1.051385616263123,-0.10266710218452421,0.14302291382131413,0.15761814495610474,8.758306669948315,11.135905341221564,0.899581589958159,0.9564202983084743,109.55555555555556,0.17342799188640973,0.1690331304935766,0.1
email-Eu-core,neutral,2,5.0,5.0,80320,-6.0375477322359864e-05,0,0,986,16064,10,0.12482901514584094,0.252925796812749,0.09415982349338424,0.06137948207171315,0.04202443061663912,0.09277485008903674,0.05075041947239762,0.1940057651539439,0.6098139475332507,0.3897562950236549,1.4289853802175871,0.025224937126609004,0.7847765157102817,0.7195476575121164,1.0504666234788738,-0.09853644310718704,0.1436415667130938,0.16347700761179426,8.544917548609401,11.269144237980168,0.9069652965788826,0.9551704024664611,98.6,0.18864097363083165,0.27423935091277873,0.1
email-Eu-core,neutral,2,5.5,5.5,88352,-0.00015425415735875617,0,0,986,16064,11,0.12476737255410625,0.22522410358565736,0.09368124680520441,0.06137948207171315,0.04514101506198937,0.0963536524814193,0.051212637419429934,0.20128626558907162,0.6142749391578363,0.3837020816605458,1.50645907315488,0.021615787579875034,0.8180882352941177,0.7429835924006909,1.0559030541350398,-0.10519539013384349,0.1428961406877527,0.16467153065482146,8.105030403537866,11.228748192190261,0.9029850746268657,0.9534790294070384,89.63636363636364,0.1328600405679513,0.14475382629540845,0.1
email-Eu-core,neutral,2,6.0,6.0,96384,0.003104512960396151,0,0,986,16064,9,0.1276023776222302,0.276332171314741,0.09368259888638011,0.06137948207171315,0.037004052372854646,0.08815812430493247,0.05115407193207783,0.17663457373979005,0.5868991417712505,0.4113366034682809,1.3723329177034893,0.03216705510738982,0.7517647058823529,0.7030440414507773,1.0388256546489563,-0.10417710388080502,0.14298234641857446,0.1646283015271699,8.856724487497184,11.171096774193549,0.9121423744086506,0.9536344086021505,109.55555555555556,0.19878296146044624,0.25467658327698883,0.1
email-Eu-core,neutral,2,6.5,6.5,104416,0.004537395109282263,0,0,986,16064,10,0.1233043036395256,0.24620268924302788,0.09381200326549186,0.06137948207171315,0.04215778560500436,0.09315790748823442,0.05100012188323006,0.19359452409588107,0.5983864536820467,0.40039409205406556,1.3674246732822912,0.012741550523848288,0.7879588839941263,0.7286578776745192,1.0453193089835366,-0.10304949934490136,0.14257413692850673,0.15964183925362638,8.702402022756004,11.089107275580147,0.9049304677623262,0.9534230737467999,98.6,0.17545638945233266,0.19553752535496938,0.1
email-Eu-core,neutral,2,7.0,7.0,112448,-0.0031678529013676035,0,0,986,16064,10,0.1254471674587754,0.2565363545816733,0.09366540921103211,0.06137948207171315,0.04070915155084894,0.09164525628559443,0.05093610473474549,0.18980914991638154,0.5969146233576568,0.4006107389132595,1.3897814754231268,0.022000665571338174,0.7821986442676098,0.7151325716749299,1.0521007302616496,-0.09855709613153654,0.14424754229151734,0.16499899688899597,8.71002183935938,11.285439169387926,0.9070613928658092,0.9524407602779871,98.6,0.16531440162271804,0.24989858012170374,0.1
email-Eu-core,neutral,2,7.5,7.5,120480,0.0016375457098876983,0,0,986,16064,8,0.13077109631382336,0.2639442231075697,0.09381248724624833,0.06137948207171314,0.03933157456403845,0.09032971474384902,0.05099814017981057,0.1847958124554281,0.6001759592737509,0.3975308255355274,1.4025462434433278,0.01028000597682499,0.7787909986762759,0.7046950890447923,1.0580597600419228,-0.10315916094138236,0.1432206799096699,0.15708153798971472,8.637735849056604,11.23452300405954,0.9066037735849056,0.9538227334235453,123.25,0.14807302231237324,0.10370182555780927,0.1
email-Eu-core,neutral,2,8.0,8.0,128512,-0.0034448230895609885,0,0,986,16064,9,0.12836522358648078,0.2570343625498008,0.09377627449498326,0.06137948207171315,0.04044083340402459,0.09142563164075158,0.050984798236727,0.1884547460958639,0.5990220398434525,0.39730619851636423,1.4066027438076578,0.017140038329288565,0.7883061554282357,0.7096251485362428,1.0610263997318121,-0.1036350297508939,0.14262231071926007,0.16471052489260796,8.612496972632599,11.159782153330541,0.9103899249212885,0.9566820276497696,109.55555555555556,0.15010141987829614,0.17894974081586645,0.1
email-Eu-core,neutral,2,8.5,8.5,136544,-0.0009908907961532416,0,0,986,16064,9,0.12627962727340147,0.2650647410358566,0.0934529416578828,0.06137948207171315,0.03876830870769388,0.089871679071404,0.05110337036371013,0.18309833757120267,0.5927082120713553,0.4070975366833481,1.3403140055226272,0.01662762706833676,0.7684380980421022,0.710387228993636,1.0455861093468009,-0.10518747585154693,0.1424575056456302,0.16770107387689007,8.812118365429779,11.099102151448417,0.911930483795209,0.9593427070980857,109.55555555555556,0.1926977687626775,0.22199684471489745,0.1
email-Eu-core,neutral,2,9.0,9.0,144576,-0.00101858239404789,0,0,986,16064,9,0.12411446563100191,0.25915089641434264,0.09331016226582416,0.06137948207171315,0.039094255703745986,0.09034242636518183,0.051248170661435846,0.18357994784451767,0.5950960465073142,0.4023589056832327,1.3660496168718128,0.01668443336062342,0.7793772032902467,0.7125108038029386,1.052005326750233,-0.11069227477907159,0.14077395843193466,0.1589007271938573,8.61902474177276,10.981009999159735,0.905596925294259,0.9558020334425679,109.55555555555556,0.17748478701825557,0.2114041018706332,0.1
email-Eu-core,neutral,2,9.5,9.5,152608,0.00111588852956369,0,0,986,16064,10,0.12611584057817535,0.24489541832669323,0.09343416976135409,0.06137948207171315,0.04255881737919976,0.09351584006534444,0.05095702268614468,0.19587441084075932,0.6053556497543349,0.3918496599497647,1.4526641220351242,0.017041792346083606,0.7976366322008862,0.7241230901656983,1.0563260395445206,-0.0992780547243185,0.14342858784871063,0.16769066568419536,8.380528723945094,11.272712283594394,0.8990849008642603,0.9600164880461666,98.6,0.16024340770791076,0.1929006085192697,0.1
email-Eu-core,neutral,2,10.0,10.0,160640,-0.0008221489402125045,0,0,986,16064,10,0.12417508323590595,0.2330054780876494,0.09376918534659004,0.06137948207171315,0.04392276726587523,0.09506800395187057,0.051145236685995334,0.19801985953076834,0.6088670715758396,0.38814420416473977,1.474493106112196,0.02543677591203808,0.8077658479188116,0.7370750134916352,1.0531572584179685,-0.10226748513595356,0.1439534286216549,0.16393095830529153,8.304034197168047,11.301517733950167,0.8971413304835694,0.955360766171577,98.6,0.12880324543610547,0.11521298174442185,0.1
email-Eu-core,neutral,2,10.0,10.0,160640,-0.0008221489402125045,1,0,986,16064,10,0.12417508323590595,0.2330054780876494,0.09376918534659004,0.06137948207171315,0.04392276726587523,0.09506800395187057,0.051145236685995334,0.19801985953076834,0.6088670715758396,0.38814420416473977,1.474493106112196,0.02543677591203808,0.8077658479188116,0.7370750134916352,1.0531572584179685,-0.10226748513595356,0.1439534286216549,0.16393095830529153,8.304034197168047,11.301517733950167,0.8971413304835694,0.955360766171577,98.6,0.12880324543610547,0.11521298174442185,0.1
email-Eu-core,up_pfix,1,0.0,0.0,0,1.0,0,0,986,16064,8,0.41585277609990806,0.584910358565737,0.09471324878169804,0.06137948207171315,0.03400028641615006,0.07549264876885511,0.04149236235270505,0.17688355006797415,0.7058129881048056,0.27133059978042706,2.1130545325546457,0.016978882466887724,0.610192423331329,0.2771993200169996,1.4700256581275446,-0.02574336808308948,0.26739242877040204,0.40705044751953817,19.501702852277564,19.967756448710258,0.9822264793529162,0.9818536292741452,123.25,0.2748478701825558,0.2720588235294117,0.1
email-Eu-core,up_pfix,1,0.01,0.01,161,0.8310434665829194,0,0,986,16064,8,0.4122042492536082,0.5803660358565738,0.09475193336569901,0.06137948207171314,0.0341082306933807,0.07569245412749498,0.041584223434114276,0.17764681341416433,0.7045101574167967,0.2738870104184105,2.1043896584686674,0.022875049894219845,0.6102819237147595,0.2855476619658573,1.4543196591831922,-0.014112625551712306,0.2673620032183473,0.4018981943931799,19.336479673924703,20.1858774662513,0.9808001716185777,0.9796766058448302,123.25,0.26369168356997974,0.2467038539553752,0.1
email-Eu-core,up_pfix,1,0.02,0.02,321,0.8601594057737374,0,0,986,16064,8,0.41130866071322275,0.5804282868525896,0.09483544045344013,0.06137948207171314,0.035018941883211654,0.07607243951026185,0.0410534976270502,0.1822257469723809,0.7110601434414491,0.2691238318649298,2.140964499770569,0.02281916881728352,0.6116402116402117,0.2851095354005715,1.4577727536777982,-0.006589341324912051,0.2662134386282809,0.3955188227721607,19.108751608751607,20.299406528189913,0.9790862290862291,0.9792284866468842,123.25,0.2789046653144016,0.2522819472616633,0.1
email-Eu-core,up_pfix,1,0.05,0.05,803,0.898068369903428,0,0,986,16064,8,0.4129143519919327,0.5799925298804781,0.09499020274565854,0.06137948207171315,0.0365500670954025,0.07673078328515193,0.04018071618974943,0.18991054113483927,0.7269096928008694,0.2547916899419312,2.257779309295695,0.014480667754028453,0.6251137397634213,0.2771911298838437,1.4883395754497704,0.008835811701018458,0.26255983691904095,0.37450459774782274,18.307717076312116,20.763598636431006,0.9783192014596973,0.9691714836223507,123.25,0.2525354969574036,0.27510141987829617,0.1
email-Eu-core,up_pfix,1,0.1,0.1,1606,0.9818616328186905,0,0,986,16064,8,0.4159278714015948,0.5851593625498008,0.09521179111582326,0.06137948207171314,0.0399098467709245,0.07793570834670324,0.038025861575778745,0.20652234645908463,0.7483162147837858,0.23735919101683225,2.4659814258971022,0.01845974858720023,0.6284711626487641,0.2676130389064143,1.5149701015590857,0.030260785749908762,0.25836871712350074,0.3536004368815775,17.190744680851065,21.625600240096038,0.9741489361702128,0.9654861944777912,123.25,0.2789046653144016,0.27586206896551735,0.1
email-Eu-core,up_pfix,1,0.15,0.15,2410,0.988372370842025,0,0,986,16064,8,0.41608947442922534,0.5877739043824701,0.09537693995508235,0.06137948207171314,0.04172780385851488,0.07858077173500283,0.03685296787648795,0.21535503725195343,0.7632916035211814,0.22604057063707905,2.559870662417089,0.017617288126070996,0.6311097448509069,0.2632349863988282,1.5309796045431845,0.05125083565523382,0.2587921393895958,0.33734699357224546,16.487502647744122,22.732105104198126,0.9730989197203982,0.9616430081546361,123.25,0.2778904665314402,0.27611561866125767,0.1
email-Eu-core,up_pfix,1,0.2,0.2,3213,0.9852812916686468,0,0,986,16064,8,0.41622162216423153,0.5885831673306773,0.09551142922142322,0.06137948207171315,0.04348575812580228,0.07927025494605498,0.035784496820252705,0.22404571857621408,0.7760333468319045,0.2157425186349496,2.6396558887557684,0.01702215466775736,0.6373440147897088,0.2582262613600752,1.5491442356758787,0.06895976505961825,0.2602779205149356,0.3200639619541953,15.963194077207827,23.76047813587532,0.970174510840825,0.9550612800726282,123.25,0.2778904665314402,0.2756085192697768,0.1
email-Eu-core,up_pfix,1,0.3,0.3,4819,0.9766738199865131,0,0,986,16064,8,0.4173449089132763,0.5836653386454184,0.09582117254056732,0.06137948207171315,0.047656406053677464,0.08122049574744739,0.03356408969376992,0.2451675813667712,0.8066104846742982,0.1857301489117078,3.010599145352913,0.018023659064413833,0.6728117738187451,0.244042043917161,1.6160359352010052,0.09516812771480966,0.2638985612094495,0.2953343517356898,14.653050341296929,26.145633971291865,0.9650170648464164,0.9569377990430622,123.25,0.2718052738336714,0.27155172413793105,0.1
email-Eu-core,up_pfix,1,0.4,0.4,6426,0.9677219474068911,0,0,986,16064,8,0.41997000481639185,0.5783117529880478,0.09606249913037711,0.06137948207171315,0.0519259318201071,0.08327603723539626,0.03135010541528915,0.26693601672244405,0.8366547694073744,0.15620621555920614,3.3414762191582525,0.018387180378433676,0.7126668736417262,0.22687590937435045,1.6900325742811766,0.1149460095199645,0.26923824559505616,0.2841779045275204,13.63864370290635,28.323590197815175,0.96243272335845,0.9657514024210215,123.25,0.2657200811359026,0.2667342799188641,0.1
email-Eu-core,up_pfix,1,0.5,0.5,8032,0.9557778204210419,0,0,986,16064,8,0.42347888544179857,0.5763197211155379,0.0963343349690457,0.06137948207171315,0.05447047100927784,0.08445754641989199,0.02998707541061415,0.27940288886877396,0.8540258357299391,0.13732756135586718,3.579284404433915,0.018179456963094753,0.7394278606965174,0.21283222591362128,1.7452496553377692,0.1329673001071417,0.2758558031669619,0.2722677930489256,13.076258371138476,30.169997061416396,0.9579822855908403,0.9679694387305319,123.25,0.25963488843813387,0.2614097363083163,0.1
email-Eu-core,up_pfix,1,1.0,1.0,16064,0.8180839677247311,0,0,986,16064,8,0.47740226454118795,0.6631598605577689,0.09709694424767257,0.06137948207171315,0.04051821162204716,0.07502764212443334,0.03450943050238618,0.1972267149210016,0.6701273414157528,0.28601101534932466,1.6761702702703307,0.11483953118405466,0.5520592318371125,0.19121177330132555,1.6389354093940813,0.19255385924248508,0.3195671796189369,0.2803358469907011,23.74298319722144,23.134910367769358,0.9662067023373697,0.9879874330068379,123.25,0.23935091277890466,0.15872210953346855,0.1
email-Eu-core,up_pfix,1,1.3738,1.3738,22069,0.8216434773862655,1,1,986,16064,8,0.5471773207375926,0.739230577689243,0.09744297278287857,0.06137948207171314,0.042047211977864055,0.0723441092489587,0.03029689727109465,0.1894545209508881,0.6991638954153108,0.2483997637923886,1.980896849225133,0.1548863379153037,0.5069166922840455,0.09322033898305085,1.9439268906304386,0.2190650787140579,0.36977948235994107,0.33083804731441074,27.53221052631579,26.398663165433277,0.9727157894736842,0.9914060634996419,123.25,0.24239350912778904,0.1627789046653143,0.1
email-Eu-core,up_pfix,2,0.0,0.0,0,1.0,0,0,986,16064,8,0.41585277609990806,0.584910358565737,0.09471324878169804,0.06137948207171315,0.03400028641615006,0.07549264876885511,0.04149236235270505,0.17688355006797415,0.7058129881048056,0.27133059978042706,2.1130545325546457,0.016978882466887724,0.610192423331329,0.2771993200169996,1.4700256581275446,-0.02574336808308948,0.26739242877040204,0.40705044751953817,19.501702852277564,19.967756448710258,0.9822264793529162,0.9818536292741452,123.25,0.2748478701825558,0.2720588235294117,0.1
email-Eu-core,up_pfix,2,0.01,0.01,161,0.8792586858013947,0,0,986,16064,7,0.4169964734562746,0.6116160358565738,0.09474899877990449,0.06137948207171315,0.033988041545159546,0.07457989238049367,0.04059185083533413,0.17483226655516113,0.708472593188949,0.2689528929694889,2.1201400700115505,0.01711502014682309,0.5809853849630857,0.2527845550015912,1.495904668063313,-0.017432974150520458,0.26618554853889737,0.3987747211783231,19.189618320610688,20.26238179195384,0.9802544529262086,0.9822086872896297,140.85714285714286,0.31643002028397565,0.25847580411474946,0.1
email-Eu-core,up_pfix,2,0.02,0.02,321,0.9403349025261517,0,0,986,16064,8,0.4173613726431426,0.580054780876494,0.09481983355863553,0.06137948207171315,0.0352404889448454,0.07617855692367574,0.040938067978830345,0.18343135018092194,0.7153298080593672,0.26375522779248894,2.1749683477248984,0.017933271716233823,0.6188895594447797,0.2802034760491734,1.4737387908272963,-0.01102267652725413,0.2649330299793106,0.3920963363147716,19.057845031122557,20.14408538393122,0.9800386349001932,0.9790987251704714,123.25,0.25557809330628806,0.23935091277890463,0.1
email-Eu-core,up_pfix,2,0.05,0.05,803,0.8175209708906377,0,0,986,16064,7,0.4122187870157815,0.6203934262948207,0.09494550889086788,0.06137948207171315,0.0348368378299863,0.07460377471907721,0.039766936889090915,0.17805933875110194,0.7163021541196776,0.2670804744001037,2.0677823869430285,0.016136219840688804,0.567444680206123,0.24867948447073737,1.4948231129601772,0.00503319781796604,0.2615355099998648,0.37556110107550356,18.608769817379088,20.334207937028534,0.9776239213325306,0.9745818301082322,140.85714285714286,0.3265720081135903,0.29962329759490003,0.1
email-Eu-core,up_pfix,2,0.1,0.1,1606,0.9347364137900598,0,0,986,16064,8,0.4122347450338089,0.5852838645418327,0.09510001566342773,0.06137948207171315,0.038382805528579325,0.07729745084856794,0.03891464531998862,0.19884508893691988,0.7406440890244103,0.24377081506512122,2.41928248013573,0.017813005661435066,0.6244274809160305,0.27033844860206013,1.5056744301163485,0.028143913996054537,0.25862733431596596,0.3526333020965742,17.39225696660285,21.388471930351248,0.9736226334822379,0.9705794055839088,123.25,0.2768762677484787,0.28727180527383367,0.1
email-Eu-core,up_pfix,2,0.15,0.15,2410,0.9234511395758667,0,0,986,16064,7,0.40109705212392466,0.6102465139442231,0.09528576484406866,0.06137948207171314,0.03881647130795476,0.07650833708037255,0.037691865772417794,0.19867155262199912,0.7468933958086262,0.24083334844495988,2.4172144196982073,0.016472810110851777,0.5983417779824965,0.2475133493874987,1.5351800545457315,0.047443343105012005,0.2585309867344593,0.33508632396561977,16.959604202795063,22.30362561891072,0.972253391818831,0.9637438108928286,140.85714285714286,0.2799188640973631,0.3207765864966676,0.1
email-Eu-core,up_pfix,2,0.2,0.2,3213,0.9748222049553422,0,0,986,16064,8,0.41625113558465343,0.5895791832669323,0.09540860317619829,0.06137948207171315,0.04343446151501912,0.07920588924106829,0.035771427726049174,0.2239405109288805,0.7758038728968725,0.2148112073957298,2.6840067174524154,0.0171077256761486,0.6424606845513413,0.2532887868030904,1.5653706107436292,0.06401621161706597,0.25925359359575934,0.323278907618371,16.006229542814907,23.533747914454725,0.9687467004540176,0.9635977551949036,123.25,0.28093306288032455,0.27941176470588225,0.1
email-Eu-core,up_pfix,2,0.3,0.3,4819,0.9598168353034523,0,0,986,16064,8,0.4178107644589719,0.5797435258964143,0.09578496618399872,0.06137948207171315,0.04749788991817338,0.08134077781608494,0.03384288789791156,0.2447665837605994,0.8074697501177908,0.18205727558200213,3.101129557711672,0.02048091155010756,0.6913905233818519,0.23797626483447845,1.6451632895283763,0.090753692830464,0.2635765574502035,0.2989862887390986,14.608933748523569,26.04280847281884,0.9629550091270267,0.9629684491186491,123.25,0.26774847870182555,0.265212981744422,0.1
email-Eu-core,up_pfix,2,0.4,0.4,6426,0.9477401159157501,0,0,986,16064,8,0.4212973802003144,0.5783117529880478,0.09620438187803038,0.06137948207171315,0.050803309497267454,0.08280264059602152,0.031999331098754066,0.2607797764679825,0.831390450665703,0.15707654131242646,3.338057363329079,0.015413704386371796,0.7224806201550388,0.2198876638235906,1.7133050903706146,0.10809016310018656,0.2669132263255399,0.28248656298366265,13.814747039827772,27.675966932388544,0.9581270182992465,0.9672276350752879,123.25,0.26369168356997974,0.2609026369168357,0.1
email-Eu-core,up_pfix,2,0.5,0.5,8032,0.9443130685108794,0,0,986,16064,8,0.42686285330540397,0.5796812749003984,0.09641066066632645,0.061379482071713155,0.05361229979937652,0.08391373557304471,0.030301435773668194,0.27448801310974025,0.8499848921561741,0.13891372137668767,3.5289609068799583,0.018030292213808363,0.742015503875969,0.20449344705637612,1.7653639002167607,0.12620405801789006,0.27368798258306176,0.2740373336300881,13.364475945017182,29.529324644549764,0.9569372852233677,0.9718601895734598,123.25,0.2606490872210953,0.2609026369168357,0.1
email-Eu-core,up_pfix,2,1.0,1.0,16064,0.8286776303543096,0,0,986,16064,8,0.4764225476393728,0.6596738047808764,0.09741061808925694,0.06137948207171314,0.04130096433481791,0.07543528212266244,0.03413431778784453,0.2008936464197052,0.680735989711291,0.27668130308526806,1.7334736002249465,0.11568218763431026,0.5675675675675675,0.18688080091771822,1.6677163719417238,0.1900349311064755,0.31741710727373534,0.27910732574063674,23.249127111446636,23.633071154197914,0.9648013588751534,0.9873788183647338,123.25,0.2413793103448276,0.16100405679513186,0.1
email-Eu-core,up_pfix,2,1.37,1.37,22008,0.8266497986534105,1,1,986,16064,8,0.5451022474934674,0.7379855577689243,0.09773810010743926,0.06137948207171315,0.04133033618640322,0.07220862705481643,0.030878290868413205,0.18594803433660426,0.6957306645126593,0.25203472825748763,1.9606594777188195,0.17281339351702873,0.5016156331743346,0.09921589127025614,1.914457954695298,0.2184095665378937,0.3678626725804925,0.3337182737744433,27.456010122311262,26.079828937990023,0.971826233656685,0.9885958660014256,123.25,0.24239350912778904,0.16328600405679516,0.1
email-Eu-core,down_pfix,1,0.0,0.0,0,1.0,0,0,986,16064,8,0.41585277609990806,0.584910358565737,0.09471324878169804,0.06137948207171315,0.03400028641615006,0.07549264876885511,0.04149236235270505,0.17688355006797415,0.7058129881048056,0.27133059978042706,2.1130545325546457,0.016978882466887724,0.610192423331329,0.2771993200169996,1.4700256581275446,-0.02574336808308948,0.26739242877040204,0.40705044751953817,19.501702852277564,19.967756448710258,0.9822264793529162,0.9818536292741452,123.25,0.2748478701825558,0.2720588235294117,0.1
email-Eu-core,down_pfix,1,0.01,0.01,161,0.9196802033254923,0,0,986,16064,8,0.4171218899923216,0.5794945219123506,0.09462580123642939,0.06137948207171314,0.03368963588008238,0.07554615851406601,0.04185652263398364,0.1757507729061157,0.7025561487537947,0.2738409356719566,2.0516003171704855,0.018371212453804464,0.6116111611161116,0.2849542455841668,1.454466571749699,-0.03504058990002462,0.26149747805979634,0.3986796863198614,19.372650123536364,19.107031828275353,0.9805564507465894,0.9810510732790525,123.25,0.2535496957403651,0.23833671399594314,0.1
email-Eu-core,down_pfix,1,0.02,0.02,321,0.8636335840218635,0,0,986,16064,8,0.4151954107747298,0.5798680278884463,0.09457762225606725,0.06137948207171315,0.03191930301815214,0.07478980179715568,0.042870498779003535,0.1665798460925623,0.6903741291030014,0.2825868956391782,2.011307430462297,0.01727794099017399,0.6071589036992662,0.2870991797166294,1.4451623394614037,-0.04316718456427831,0.2564823328961069,0.39040934640815816,19.25238862050456,18.393539783671656,0.9797101449275363,0.9795525263001926,123.25,0.2525354969574036,0.24645030425963488,0.1
email-Eu-core,down_pfix,1,0.05,0.05,803,0.877252706315216,0,0,986,16064,7,0.4120736302796781,0.6101842629482072,0.09427020776166195,0.06137948207171315,0.02963903412039926,0.07293324400285982,0.043294209882460556,0.15333799058416098,0.6814104432242594,0.29343811687314286,1.8931978359605075,0.010698970483138615,0.5637013857845329,0.26504864749278306,1.4460713927248061,-0.0646117636275338,0.24247390163757082,0.3685265210345757,18.60803917567843,16.688438198658577,0.9802081207916752,0.9728521239220697,140.85714285714286,0.2718052738336714,0.323674297305129,0.1
email-Eu-core,down_pfix,1,0.1,0.1,1606,0.8734415050183127,0,0,986,16064,8,0.41338056017960023,0.5850348605577689,0.09377761561434025,0.06137948207171315,0.026199409389416464,0.07225132364229644,0.04605191425287998,0.13765405030956898,0.6504425953342302,0.32110978441959964,1.7374343313085028,0.019477914970518317,0.5699099365126237,0.3020127004628135,1.373392322253043,-0.09838133762948176,0.22647513218212056,0.3539597344455271,18.527452649499892,14.078607860786079,0.9819110449031709,0.9683468346834684,123.25,0.2616632860040568,0.2710446247464504,0.1
email-Eu-core,down_pfix,1,0.15,0.15,2410,0.8949175874509213,0,0,986,16064,8,0.4182882029371309,0.5847858565737052,0.09340388584713026,0.06137948207171315,0.023273567464600783,0.07104299645100144,0.04776942898640066,0.12278138098015981,0.6236731777819841,0.3457645777920067,1.5802231838340741,0.01794250340595216,0.5543510108409024,0.3124052825286859,1.3350966473985393,-0.1318732793312265,0.21526331624994927,0.33685021385982833,18.557270598254206,12.050374812593704,0.9822226953374494,0.9658170914542729,123.25,0.2434077079107505,0.23909736308316432,0.1
email-Eu-core,down_pfix,1,0.2,0.2,3213,0.8606596187504256,0,0,986,16064,8,0.41960658982595506,0.5857196215139442,0.09326472473145746,0.06137948207171315,0.02076244777941274,0.06998095679606522,0.049218509016652486,0.10966125432061256,0.6010801956884001,0.3677679083257003,1.4547100817529848,0.019955787945499015,0.5370505168146746,0.3225666122892877,1.2963455299941296,-0.1568534104228648,0.20841503157496183,0.3254370229263148,18.685088744818792,10.637415477084899,0.9823573174620045,0.9619834710743802,123.25,0.23935091277890466,0.23047667342799194,0.1
email-Eu-core,down_pfix,1,0.3,0.3,4819,0.8079232992439771,0,0,986,16064,8,0.4217952234730153,0.5868401394422311,0.0926581962483379,0.06137948207171315,0.015923381688086387,0.06795838422957105,0.052035002541484666,0.08461949528292537,0.5568611177915054,0.4088116084966773,1.2538704539139616,0.026906277583313765,0.5108006912442397,0.33881578947368424,1.2363270007755713,-0.20463930485624132,0.1994014617787454,0.2998680198953614,19.134719422934126,8.370046707849932,0.9814362999893922,0.9621817086032847,123.25,0.2231237322515213,0.21424949290060846,0.1
email-Eu-core,down_pfix,1,0.4,0.4,6426,0.7638903408760273,0,0,986,16064,8,0.42436125184582885,0.5882719123505976,0.09204055829981797,0.06137948207171315,0.012159343002652492,0.06638582511326839,0.0542264821106159,0.06501673694480682,0.5193745270174057,0.4427596584445692,1.093301454369434,0.030339084851628062,0.4896100199259892,0.35118389024120383,1.1891586574071802,-0.2533041544221314,0.19431785912293276,0.2912246741184372,19.655661375661374,6.678863017840944,0.9823280423280424,0.9553976413667977,123.25,0.20892494929006086,0.20943204868154153,0.1
email-Eu-core,down_pfix,1,0.5,0.5,8032,0.7116966764460987,0,0,986,16064,8,0.42657361132226573,0.5876494023904383,0.09153755251073684,0.06137948207171315,0.00856424046836008,0.06491095174691341,0.056346711278553334,0.046055555008621525,0.48301655222662326,0.4749594678186154,0.9616022768229263,0.031009810342980115,0.47884940778341795,0.35978600089166296,1.1612676459288687,-0.2942657511500907,0.1925354288650593,0.2745909777519669,20.314300847457627,5.441425120772947,0.9823093220338983,0.9415760869565217,123.25,0.1926977687626775,0.19295131845841795,0.1
email-Eu-core,down_pfix,1,1.0,1.0,16064,0.5971393487799822,0,0,986,16064,8,0.43986320498632964,0.5990413346613546,0.09003844380900487,0.06137948207171315,-0.0021950236253263575,0.0604993683285155,0.06269439195384185,-0.011947840486240594,0.3504725980358442,0.6079727380367473,0.617190186007004,0.033476620989837835,0.40242711675268517,0.3997751545812254,1.0036623511124256,-0.40195732375908927,0.2084327798136604,0.2468861591678636,23.612490907201497,3.0116441546343737,0.9842045100280578,0.8672566371681416,123.25,0.18052738336713997,0.18382352941176472,0.1
email-Eu-core,down_pfix,1,1.5,1.5,24096,0.5444261301384965,0,0,986,16064,8,0.44826369478510264,0.6062624501992032,0.08931094923234618,0.06137948207171315,-0.008887835903144299,0.05788000734017756,0.06676784324332186,-0.04862113298828093,0.2665862732739521,0.7021294116357889,0.4846184837806698,0.06133028945177055,0.35662482566248255,0.42365639757139645,0.9057424821252363,-0.4419787471161303,0.22564603588862897,0.23731280901827773,25.84998459800801,2.408695652173913,0.9828524489167265,0.824189723320158,123.25,0.1744421906693712,0.18838742393509134,0.1
email-Eu-core,down_pfix,1,2.0,2.0,32128,0.5213684430014466,0,0,986,16064,8,0.4520321586537316,0.6115537848605578,0.0890107543101462,0.06137948207171315,-0.01162678099902413,0.05686310299838704,0.06848988399741117,-0.06366485980465546,0.22174111314259168,0.7660158860039255,0.42391815845213854,0.12350241262132788,0.3263598326359833,0.4384978637283562,0.8401673640167365,-0.45795094328482966,0.23755003313004558,0.2417989488637137,27.15757328990228,2.2879807692307694,0.9836115635179153,0.8008012820512821,123.25,0.19168356997971603,0.23174442190669375,0.1
email-Eu-core,down_pfix,1,2.0,2.0,32128,0.5213684430014466,1,0,986,16064,8,0.4520321586537316,0.6115537848605578,0.0890107543101462,0.06137948207171315,-0.01162678099902413,0.05686310299838704,0.06848988399741117,-0.06366485980465546,0.22174111314259168,0.7660158860039255,0.42391815845213854,0.12350241262132788,0.3263598326359833,0.4384978637283562,0.8401673640167365,-0.45795094328482966,0.23755003313004558,0.2417989488637137,27.15757328990228,2.2879807692307694,0.9836115635179153,0.8008012820512821,123.25,0.19168356997971603,0.23174442190669375,0.1
email-Eu-core,down_pfix,2,0.0,0.0,0,1.0,0,0,986,16064,8,0.41585277609990806,0.584910358565737,0.09471324878169804,0.06137948207171315,0.03400028641615006,0.07549264876885511,0.04149236235270505,0.17688355006797415,0.7058129881048056,0.27133059978042706,2.1130545325546457,0.016978882466887724,0.610192423331329,0.2771993200169996,1.4700256581275446,-0.02574336808308948,0.26739242877040204,0.40705044751953817,19.501702852277564,19.967756448710258,0.9822264793529162,0.9818536292741452,123.25,0.2748478701825558,0.2720588235294117,0.1
email-Eu-core,down_pfix,2,0.01,0.01,161,0.8852343048775255,0,0,986,16064,7,0.4177017980896385,0.6129855577689243,0.09461922190691484,0.06137948207171315,0.03303680330115659,0.07416520207440802,0.04112839877325143,0.1700620274767576,0.6974967852603577,0.2773281128889837,2.024379274906944,0.019290619755922278,0.572993248312078,0.2551335248430684,1.4805474571152035,-0.0331424631267271,0.2617991981176725,0.3976043093194252,19.348837209302324,19.179186102621845,0.9807047831826953,0.9824674280199454,140.85714285714286,0.3154158215010142,0.2555780933062881,0.1
email-Eu-core,down_pfix,2,0.02,0.02,321,0.858923059735752,0,0,986,16064,8,0.41182233218520337,0.5841010956175299,0.09440058825745054,0.06137948207171315,0.031768653279906585,0.07459203016453286,0.04282337688462628,0.1658677688332597,0.6874613830504211,0.2889445291472317,1.9453182644230087,0.023426940935988627,0.5954484204222189,0.2881193393713372,1.4317143280440838,-0.04063020535974274,0.2568956133115171,0.38828621866426116,19.422999040818503,18.218380481963777,0.9808163700309069,0.9788953749438707,123.25,0.27586206896551724,0.24340770791075061,0.1
email-Eu-core,down_pfix,2,0.05,0.05,803,0.8851509766010712,0,0,986,16064,8,0.4171753869420227,0.5786230079681275,0.09412424857941788,0.06137948207171315,0.029909592639405916,0.07398269625100465,0.04407310361159873,0.15690696953034153,0.6751249307529635,0.29872624392551206,1.8836799587586668,0.01513621943792165,0.5952097590002975,0.2962962962962963,1.4125350226888431,-0.059971916250833084,0.24490033941393624,0.3694382819346858,19.049166218396987,16.650613089082583,0.9802044109736417,0.9720785935884177,123.25,0.24442190669371197,0.22388438133874233,0.1
email-Eu-core,down_pfix,2,0.1,0.1,1606,0.817764347031679,0,0,986,16064,8,0.40665260087637506,0.5775024900398407,0.09370967565400565,0.06137948207171315,0.02638539927103669,0.07252724756303075,0.04614184829199406,0.13908114043441938,0.6481497172648971,0.3240254724842443,1.743327720108454,0.02429077990406925,0.5741534821824634,0.3122244919901086,1.3589511621893462,-0.09175941426589788,0.22921850279238956,0.34196638279205843,18.631130753476338,14.49447473110358,0.979734828069419,0.9661116841019596,123.25,0.25557809330628806,0.2654665314401623,0.1
email-Eu-core,down_pfix,2,0.15,0.15,2410,0.8581491387086695,0,0,986,16064,8,0.41901353515842016,0.5861553784860558,0.09323311852257196,0.06137948207171315,0.022983281908902836,0.07089098967445133,0.04790770776554849,0.12141346900647261,0.622438894111669,0.3488573389943839,1.5892390925861637,0.020400335529503377,0.5490023474178404,0.3142301038062284,1.3265905097653714,-0.12120403175321069,0.2185974496626144,0.3232607938547185,18.6946686491079,12.427647412755716,0.97982158028887,0.9599879663056559,123.25,0.24645030425963488,0.24746450304259637,0.1
email-Eu-core,down_pfix,2,0.2,0.2,3213,0.8475715456855282,0,0,986,16064,8,0.4199676797044888,0.5867778884462151,0.09299500941903503,0.06137948207171315,0.020723320416138974,0.06994281629247576,0.04921949587633678,0.10973074947094634,0.6012770732098374,0.36813832580030476,1.4657783182069797,0.022733846981818462,0.53549607215595,0.32176278563656147,1.295903721469295,-0.15131608704754554,0.2095559897770145,0.3139736585727952,18.67897305325695,10.828864115697499,0.9800551665605771,0.9593250979210606,123.25,0.2413793103448276,0.24340770791075061,0.1
email-Eu-core,down_pfix,2,0.3,0.3,4819,0.7559571117166318,0,0,986,16064,8,0.4223227913638028,0.5868401394422311,0.09243137761174648,0.06137948207171315,0.015703645176841467,0.06786759792322565,0.05216395274638418,0.08365656243750229,0.5564832348759448,0.41019465389413995,1.2559478773183257,0.0272064748526204,0.5057504312823462,0.3424462011418533,1.224103499792016,-0.20005113521325907,0.20023562899757946,0.2997863010526093,19.174286623528165,8.462558384812414,0.9810119868462925,0.9555522073225855,123.25,0.21906693711967545,0.2200811359026369,0.1
email-Eu-core,down_pfix,2,0.4,0.4,6426,0.7510368951923455,0,0,986,16064,8,0.42477577085829993,0.587960657370518,0.09190493428438591,0.06137948207171315,0.011732791147663311,0.06621385362340534,0.05448106247574203,0.06283563196657894,0.5178481569372415,0.44546151089341196,1.0953216022554324,0.022297394933024517,0.4896218367927211,0.35160575858250276,1.1882890446046641,-0.2477843039029328,0.1954613527876567,0.2886247199641731,19.716357861302278,6.806466233570026,0.9813658020116464,0.9518054086720048,123.25,0.21602434077079108,0.20943204868154153,0.1
email-Eu-core,down_pfix,2,0.5,0.5,8032,0.6989552788471206,0,0,986,16064,8,0.4265564539340151,0.5883341633466136,0.09139534443782683,0.06137948207171315,0.008483634783004165,0.06487190468252033,0.05638826989951616,0.04568170844034018,0.4846367879992825,0.47507896187844045,0.9700472424557534,0.02385409881328382,0.476150155235676,0.3607707730006683,1.1566423852572054,-0.2886166159509082,0.1936484969777285,0.2807141047195282,20.291186117871124,5.64887343112052,0.9830705745423765,0.9387569938000907,123.25,0.20689655172413793,0.20664300202839758,0.1
email-Eu-core,down_pfix,2,1.0,1.0,16064,0.5887997869253492,0,0,986,16064,8,0.4391394751546602,0.5978585657370518,0.08995241735310013,0.06137948207171315,-0.0032493591361869023,0.06007278012825153,0.06332213926443843,-0.01771224108269332,0.3496937066985763,0.6076864419237082,0.6146202518236263,0.0359862909216091,0.40611049107142855,0.398943345323741,1.0098698031844315,-0.4036691938613491,0.20803471217427755,0.24014639842360508,23.641295293627657,2.956501547987616,0.9827155351936693,0.8597523219814242,123.25,0.17647058823529413,0.17545638945233266,0.1
email-Eu-core,down_pfix,2,1.5,1.5,24096,0.5425481545650287,0,0,986,16064,8,0.44813049687455353,0.6068849601593626,0.08933405157629103,0.06137948207171315,-0.008753092507206295,0.05793850976201395,0.06669160226922025,-0.04785832608733792,0.26657931986771366,0.7022975416119581,0.48431910425644636,0.044696482577958996,0.3588563458856346,0.42073307847987407,0.9128532605394828,-0.4425600854821849,0.2257930927235602,0.23698644610230551,25.881731459636885,2.3501187648456057,0.98348548569084,0.8182106096595407,123.25,0.1845841784989858,0.1977687626774849,0.1
email-Eu-core,down_pfix,2,2.0,2.0,32128,0.49604528622970256,0,0,986,16064,8,0.4511263202450407,0.6102465139442231,0.08901633415273165,0.06137948207171315,-0.011533397495838309,0.05688430019164319,0.0684176976874815,-0.06318808774872076,0.22186692928148183,0.7587164717201673,0.43156667213624056,0.08215167619512997,0.33514644351464434,0.43377557904205083,0.8598933826256584,-0.4574855365060255,0.23790246244134633,0.238991265600249,27.26624502703254,2.2678485864877813,0.9837804753646843,0.8003513815684395,123.25,0.19776876267748478,0.2246450304259635,0.1
email-Eu-core,down_pfix,2,2.0,2.0,32128,0.49604528622970256,1,0,986,16064,8,0.4511263202450407,0.6102465139442231,0.08901633415273165,0.06137948207171315,-0.011533397495838309,0.05688430019164319,0.0684176976874815,-0.06318808774872076,0.22186692928148183,0.7587164717201673,0.43156667213624056,0.08215167619512997,0.33514644351464434,0.43377557904205083,0.8598933826256584,-0.4574855365060255,0.23790246244134633,0.238991265600249,27.26624502703254,2.2678485864877813,0.9837804753646843,0.8003513815684395,123.25,0.19776876267748478,0.2246450304259635,0.1
email-Eu-core,neutral_pfix,1,0.0,0.0,0,1.0,0,0,986,16064,8,0.41585277609990806,0.584910358565737,0.09471324878169804,0.06137948207171315,0.03400028641615006,0.07549264876885511,0.04149236235270505,0.17688355006797415,0.7058129881048056,0.27133059978042706,2.1130545325546457,0.016978882466887724,0.610192423331329,0.2771993200169996,1.4700256581275446,-0.02574336808308948,0.26739242877040204,0.40705044751953817,19.501702852277564,19.967756448710258,0.9822264793529162,0.9818536292741452,123.25,0.2748478701825558,0.2720588235294117,0.1
email-Eu-core,neutral_pfix,1,0.01,0.01,161,0.8587512146825527,0,0,986,16064,8,0.40948421321871376,0.5847236055776892,0.0947256317441503,0.06137948207171315,0.03268165798029343,0.07495140316151254,0.04226974518121911,0.17001236406711495,0.6963873673744133,0.28220875530234635,2.0321362980841347,0.024187820134599858,0.5999097880018043,0.2848188675236375,1.4446036328078224,-0.02623501124978139,0.2636019120769158,0.39737321635709283,19.45225167678058,19.36486283915455,0.9817949536889172,0.9781142257532603,123.25,0.2839756592292089,0.2578600405679514,0.1
email-Eu-core,neutral_pfix,1,0.02,0.02,321,0.8648294469713068,0,0,986,16064,8,0.4097170034224407,0.5860931274900398,0.09463907344213286,0.06137948207171315,0.03294669306246017,0.07501634475674164,0.04206965169428147,0.1714651972585504,0.6984016619080393,0.2803328448641689,2.045312568953915,0.022834722070577684,0.5977166891993391,0.2838311895397045,1.444084959437236,-0.027867828874762655,0.25956292004164916,0.3877313626935497,19.08475836431227,19.166190404572117,0.9804567180031865,0.9771394194615731,123.25,0.28498985801217036,0.2809330628803246,0.1
email-Eu-core,neutral_pfix,1,0.05,0.05,803,0.9564840207309325,0,0,986,16064,8,0.41628600063763876,0.583976593625498,0.09456266988457293,0.06137948207171314,0.03292346909750223,0.07507641583532168,0.04215294673781945,0.17160995104056465,0.6997090977441055,0.2782782598367929,2.071249450755728,0.01732953182440622,0.6032103210321033,0.28325175569270056,1.4499432286487666,-0.03257220114206029,0.2501107152033103,0.3649232153228627,18.405074085918347,18.446356426754452,0.9795330988167573,0.9712703875505013,123.25,0.268762677484787,0.26394523326572017,0.1
email-Eu-core,neutral_pfix,1,0.1,0.1,1606,0.9086530729212013,0,0,986,16064,8,0.41440577758376357,0.5749501992031872,0.09438985263406773,0.06137948207171315,0.032735946828168896,0.07529388974992139,0.042557942921752495,0.17144886778083104,0.6922798320699699,0.28446687340462157,2.0349835340216305,0.018503735878536154,0.6079639368895567,0.29567435434158784,1.4303357765368834,-0.037669396462167035,0.2381458668577842,0.33961343894364965,17.686660892161107,17.343878148799064,0.9770463404071026,0.9666080843585237,123.25,0.24645030425963488,0.2322515212981744,0.1
email-Eu-core,neutral_pfix,1,0.15,0.15,2410,0.9273931277779603,0,0,986,16064,8,0.4171107992085443,0.5854083665338645,0.09438646509691777,0.06137948207171315,0.03165202020287056,0.07450214483012436,0.04285012462725381,0.16520814016086527,0.6893259433401926,0.2890957524943063,2.0128885772786127,0.019348234056595914,0.5898935372619584,0.2901543374135178,1.422830297684099,-0.04595443939459416,0.22953543562629308,0.3231196130083423,17.201722671203743,16.49024024024024,0.9745852828583581,0.9645645645645645,123.25,0.2667342799188641,0.2674949290060853,0.1
email-Eu-core,neutral_pfix,1,0.2,0.2,3213,0.9256314185373355,0,0,986,16064,8,0.41706377769549285,0.5857818725099602,0.09428569182196364,0.06137948207171314,0.030709776465401177,0.07410002817484931,0.04339025170944814,0.16044026761325178,0.6846539056513433,0.2939262361504925,1.9790081012355976,0.020884268638115655,0.5852306770521271,0.2926075841499787,1.412856266330834,-0.05232467773965996,0.22338947411123583,0.317507124695298,16.890754516471837,15.836489329726481,0.9753453772582359,0.9642320408776676,123.25,0.2647058823529412,0.26597363083164294,0.1
email-Eu-core,neutral_pfix,1,0.3,0.3,4819,0.924351549421512,0,0,986,16064,8,0.41731753459580506,0.5858441235059761,0.09360083724054495,0.06137948207171315,0.029617512761992468,0.07364574902922907,0.044028236267236606,0.15586255952194908,0.6764111487522964,0.3030783955051752,1.941174526675643,0.018891666505832627,0.575585733472616,0.2986222364626722,1.3897804332638064,-0.06190974091957792,0.21403615231707482,0.30483764920160394,16.364467112952926,14.917330527581543,0.9742854106896185,0.9615211182924996,123.25,0.2647058823529412,0.2654665314401623,0.1
email-Eu-core,neutral_pfix,1,0.4,0.4,6426,0.9207590639098803,0,0,986,16064,8,0.41731077045776055,0.5860931274900398,0.09373989800154299,0.06137948207171315,0.02912013061877069,0.07343250426321005,0.04431237364443936,0.15300424325433154,0.6709791888493888,0.30946880715574443,1.8986731673369166,0.016171084792493406,0.5678332092330604,0.30334795165258316,1.3718863999277908,-0.06947599355574241,0.20920356046571378,0.2982687336002798,16.149017525225705,14.361558129041962,0.9727031332979288,0.961197172507144,123.25,0.2667342799188641,0.2644523326572008,0.1
email-Eu-core,neutral_pfix,1,0.5,0.5,8032,0.9085116625710434,0,0,986,16064,8,0.41746366012853464,0.5857196215139442,0.09354451063232125,0.06137948207171315,0.02855760457136179,0.07321033730219202,0.04465273273083023,0.15038188943104586,0.6654155879176059,0.3155163075396824,1.8754187428593416,0.01308085804859438,0.5647514141113427,0.3061202653541622,1.3632106260382582,-0.07123066944512765,0.2067365552866087,0.29308149011823426,16.002869592942925,14.131179564237415,0.9750239132745244,0.9585274229902329,123.25,0.26267748478701824,0.2565922920892494,0.1
email-Eu-core,neutral_pfix,1,1.0,1.0,16064,0.9017099882780591,0,0,986,16064,8,0.4176146625834808,0.5860931274900398,0.09350569131058939,0.06137948207171315,0.027751394832256658,0.07286597511452157,0.045114580282264914,0.14617779419930613,0.6513110672650554,0.33277524792798635,1.758505356882663,0.014360944496127792,0.5424807578448786,0.3205844434894714,1.3106348163663903,-0.0912770947742406,0.19918594745169096,0.28236627301137157,15.912586298459905,12.913671228756204,0.9744025491237387,0.9532260490299294,123.25,0.26267748478701824,0.25735294117647056,0.1
email-Eu-core,neutral_pfix,1,1.5,1.5,24096,0.8882228210964416,0,0,986,16064,8,0.4177237800850878,0.5865288844621513,0.09305769002995239,0.06137948207171315,0.02634160569884568,0.07227097516507301,0.04592936946622733,0.13939823241320798,0.6496264500664771,0.3358454327072576,1.7554486128542794,0.011351688203547927,0.5352175199763244,0.32505910165484636,1.2944495996536696,-0.09426311011885707,0.19737055617909158,0.28557437382495976,15.801952876247082,12.744052996085516,0.9770749310125239,0.9566395663956639,123.25,0.2667342799188641,0.26064908722109537,0.1
email-Eu-core,neutral_pfix,1,2.0,2.0,32128,0.8710762895632016,0,0,986,16064,8,0.41802116577266635,0.5866533864541833,0.09294134256456159,0.06137948207171315,0.025743384337534238,0.07202042280884134,0.046277038471307104,0.1363969571384053,0.641253274451797,0.3455983713078119,1.7207088904575283,0.012435101620751454,0.5239578697522623,0.3333690872036898,1.2675992800753528,-0.09583093305566188,0.19793596435477545,0.2826467266822882,15.986205432937181,12.582379518072289,0.9752758913412564,0.9549698795180723,123.25,0.2606490872210953,0.2588742393509127,0.1
email-Eu-core,neutral_pfix,1,2.0,2.0,32128,0.8710762895632016,1,0,986,16064,8,0.41802116577266635,0.5866533864541833,0.09294134256456159,0.06137948207171315,0.025743384337534238,0.07202042280884134,0.046277038471307104,0.1363969571384053,0.641253274451797,0.3455983713078119,1.7207088904575283,0.012435101620751454,0.5239578697522623,0.3333690872036898,1.2675992800753528,-0.09583093305566188,0.19793596435477545,0.2826467266822882,15.986205432937181,12.582379518072289,0.9752758913412564,0.9549698795180723,123.25,0.2606490872210953,0.2588742393509127,0.1
email-Eu-core,neutral_pfix,2,0.0,0.0,0,1.0,0,0,986,16064,8,0.41585277609990806,0.584910358565737,0.09471324878169804,0.06137948207171315,0.03400028641615006,0.07549264876885511,0.04149236235270505,0.17688355006797415,0.7058129881048056,0.27133059978042706,2.1130545325546457,0.016978882466887724,0.610192423331329,0.2771993200169996,1.4700256581275446,-0.02574336808308948,0.26739242877040204,0.40705044751953817,19.501702852277564,19.967756448710258,0.9822264793529162,0.9818536292741452,123.25,0.2748478701825558,0.2720588235294117,0.1
email-Eu-core,neutral_pfix,2,0.01,0.01,161,0.9560038615131405,0,0,986,16064,8,0.4171952375848944,0.5767554780876494,0.09470454263886258,0.06137948207171315,0.034343968229602354,0.07591537848562416,0.041571410256021804,0.1791724365291001,0.7074450410829122,0.26851229748954386,2.1297945772983424,0.01657175295816815,0.6217312894499549,0.2828905419766206,1.4689647644836117,-0.02631552732721076,0.26403801165636703,0.39938967243215745,19.21705342687534,19.762906309751433,0.9822989746357258,0.9799970583909399,123.25,0.24949290060851928,0.22819472616632863,0.1
email-Eu-core,neutral_pfix,2,0.02,0.02,321,0.9182998215418393,0,0,986,16064,8,0.4164093129474136,0.5754482071713147,0.0947060193441662,0.06137948207171314,0.03355929244964533,0.07562713984727223,0.0420678473976269,0.175147391297168,0.702916427680442,0.2730760287088018,2.0971191701457217,0.018548968191208104,0.6197627271362066,0.2863370547581074,1.4598047578762496,-0.028819060557930872,0.25964912577247096,0.38724147343183907,19.05235828645608,19.223020527859237,0.981609692773691,0.9769794721407624,123.25,0.23935091277890466,0.2243914807302232,0.1
email-Eu-core,neutral_pfix,2,0.05,0.05,803,0.9448999765150088,0,0,986,16064,8,0.4156654088947993,0.5776892430278885,0.09457769622684527,0.06137948207171315,0.03249542184171735,0.07510264826781689,0.042607226426099536,0.16970579024466417,0.6929017106045665,0.28316746490220396,2.042594072251067,0.015335827632102395,0.6103194840257987,0.288921996381824,1.4451904763252406,-0.02950451329520383,0.2508105029005693,0.36876147727339026,18.59655172413793,18.30586674528302,0.9808189655172413,0.9722877358490566,123.25,0.2484787018255578,0.2289553752535496,0.1
email-Eu-core,neutral_pfix,2,0.1,0.1,1606,0.9633937753188657,0,0,986,16064,8,0.41635443449372334,0.584972609561753,0.09428696494078498,0.06137948207171315,0.031987503454246946,0.07465517215696367,0.042667668702716724,0.16716095172552323,0.6929180969918196,0.2856999668905562,2.0374821803081327,0.015672990042847612,0.5966726618705036,0.2859880749574106,1.4376705625150399,-0.035319017242284714,0.2389191829725088,0.34138195405996175,17.77407683303182,17.349632518374083,0.9776524422688092,0.968051597420129,123.25,0.27079107505070993,0.26825557809330625,0.1
email-Eu-core,neutral_pfix,2,0.15,0.15,2410,0.87926504696372,0,0,986,16064,7,0.4122967828945672,0.6184013944223108,0.09422133912005803,0.06137948207171315,0.029862775947850903,0.072775075732092,0.042912299784241104,0.15396411967560483,0.6820732823585091,0.29751753908586226,1.9471563905439384,0.015365132368701406,0.5460801915020945,0.26439232409381663,1.4310329847128298,-0.04130761733075515,0.23130011764546796,0.32375463127970283,17.348600765049326,16.53132137030995,0.9758405476142541,0.9628058727569331,140.85714285714286,0.3286004056795132,0.28745291219936253,0.1
email-Eu-core,neutral_pfix,2,0.2,0.2,3213,0.9428592092668608,0,0,986,16064,8,0.41671155230608947,0.5850971115537849,0.0942659739821717,0.06137948207171315,0.030807081716462445,0.07416142926047199,0.04335434754400955,0.16102110684821483,0.6849427166877898,0.29489199621961026,1.9820347658136848,0.014966026037571911,0.5840813883901855,0.29434968017057567,1.4077544520780105,-0.04416322770885275,0.2255040499790402,0.3156524006714109,16.996701776784764,16.064216054013503,0.9758484945206937,0.9614403600900225,123.25,0.2647058823529412,0.2624239350912778,0.1
email-Eu-core,neutral_pfix,2,0.3,0.3,4819,0.915327129973116,0,0,986,16064,8,0.4175901810927356,0.5855328685258964,0.0942422841114418,0.06137948207171315,0.029644084421302355,0.0736659807069865,0.04402189628568415,0.15495761562549262,0.6775286742635722,0.3043530611696119,1.9418619442275213,0.018307025216045658,0.570810326816893,0.30257396133717823,1.3772149429237863,-0.05133013433351169,0.21759847737015053,0.2950360014926036,16.527004039974486,15.321868428957645,0.9737401658515841,0.9549414238510063,123.25,0.2535496957403651,0.2512677484787018,0.1
email-Eu-core,neutral_pfix,2,0.4,0.4,6426,0.9135778413452559,0,0,986,16064,8,0.4175708264737366,0.584972609561753,0.09384226445505871,0.06137948207171315,0.029333704104120034,0.07355377273793377,0.04422006863381374,0.15401909720639986,0.6735597587471909,0.30845768555458575,1.9242189160989622,0.019578882256625185,0.5678624813153961,0.30595263494772773,1.3682530223264622,-0.054698691391606435,0.21249966193831052,0.28874278808307186,16.24220495902948,14.820008999550023,0.9732893476641481,0.95995200239988,123.25,0.25557809330628806,0.2535496957403651,0.1
email-Eu-core,neutral_pfix,2,0.5,0.5,8032,0.9010508962224643,0,0,986,16064,8,0.4177934288121419,0.5862798804780877,0.09358801798440662,0.06137948207171315,0.02845564492273013,0.07315215489021816,0.04469650996748803,0.1497455754776386,0.6676325697579251,0.3137885546702529,1.8890006691673686,0.018508627158487445,0.5625559868617498,0.3072816570574418,1.359750131349255,-0.06245067669381635,0.20870407431948185,0.2866236269714714,16.07082183053727,14.382636172133614,0.9750477808451901,0.9541077339753236,123.25,0.25760649087221094,0.25608519269776875,0.1
email-Eu-core,neutral_pfix,2,1.0,1.0,16064,0.8681488295636711,0,0,986,16064,8,0.41824918368421227,0.5865911354581673,0.09324419190173001,0.06137948207171315,0.027420962389501514,0.07271555099780126,0.04529458860829975,0.14481666565338028,0.6582882381153432,0.32526932766285505,1.8066745182158888,0.01187708742963256,0.5454275092936803,0.3183424349502088,1.3193415915214095,-0.08648604485356985,0.1984253086503225,0.28942942519919357,15.623156107396795,13.185213070320735,0.9752732675368778,0.9641620237915977,123.25,0.25760649087221094,0.24290060851926976,0.1
email-Eu-core,neutral_pfix,2,1.5,1.5,24096,0.8633869799111686,0,0,986,16064,8,0.4189205171191479,0.5876494023904383,0.09332929149727227,0.06137948207171315,0.027839524421171997,0.07285912660394941,0.04501960218277742,0.14683727174325092,0.6540596389989151,0.33314404988536805,1.7600181813385947,0.011577876522310016,0.5304179681689721,0.3273739428326732,1.2863276329508406,-0.09078557809151215,0.19805259563765193,0.28620921210759875,15.821716101694916,12.829408212560386,0.9758474576271187,0.9584842995169082,123.25,0.2667342799188641,0.261156186612576,0.1
email-Eu-core,neutral_pfix,2,2.0,2.0,32128,0.8434052962494981,0,0,986,16064,8,0.419395676987642,0.5875249003984063,0.0931516744105683,0.06137948207171314,0.025934472778296497,0.07207680631405582,0.04614233353575932,0.13705622468158452,0.6458368552940899,0.34149502364934686,1.7378562057335154,0.01848585594248764,0.5292462609210721,0.32778434110192245,1.2830986923386811,-0.0912179364175295,0.19837713485956918,0.28306910920829154,15.968743377834286,12.678840929670994,0.9762661580843399,0.9539692121943858,123.25,0.2525354969574036,0.25050709939148064,0.1
email-Eu-core,neutral_pfix,2,2.0,2.0,32128,0.8434052962494981,1,0,986,16064,8,0.419395676987642,0.5875249003984063,0.0931516744105683,0.06137948207171314,0.025934472778296497,0.07207680631405582,0.04614233353575932,0.13705622468158452,0.6458368552940899,0.34149502364934686,1.7378562057335154,0.01848585594248764,0.5292462609210721,0.32778434110192245,1.2830986923386811,-0.0912179364175295,0.19837713485956918,0.28306910920829154,15.968743377834286,12.678840929670994,0.9762661580843399,0.9539692121943858,123.25,0.2525354969574036,0.25050709939148064,0.1
ca-HepTh,up,1,0.0,0.0,0,1.0,0,0,8638,24806,47,0.7618818232012058,0.7991211803595905,0.2816048208693767,0.3482222043054099,0.1736473032809125,0.3831042696222199,0.2094569663413074,0.2470593830248225,0.6870721548963393,0.3113662627073198,1.5813393919743293,0.055035628674645065,0.2856234770632482,0.14882540508882672,1.4218695508791763,0.23891531080420653,0.281129264921973,0.48156415202616737,3.802149018816526,1.6530202689143088,0.887907985673208,0.8101545253863135,183.7872340425532,0.06691363741606854,0.38671776859300566,0.3
ca-HepTh,up,1,0.01,0.01,248,0.6644766964079127,0,0,8638,24806,51,0.7494683593512554,0.7890832863017012,0.28172520630245423,0.34822220430540995,0.16739097938404343,0.3835277595798321,0.21613678019578866,0.24239478115038676,0.6752533766629827,0.32349956207901076,1.4817996399378146,0.06375793369879024,0.2917679382859558,0.16105064198657368,1.383332468868773,0.23627898914508522,0.2635769695054086,0.45225502713225174,3.6197506896904055,1.4399847094801224,0.8742209052825176,0.7326070336391437,169.37254901960785,0.06621903218337578,0.41365784563420194,0.3
ca-HepTh,up,1,0.02,0.02,496,0.6528571540076289,0,0,8638,24806,48,0.7368265192542196,0.7767878739014754,0.28163346073325113,0.34822220430540995,0.16327926200895146,0.3846681155262261,0.22138885351727464,0.24141090698066844,0.6678771740302943,0.3309752940069716,1.4415115373228948,0.05689417797086227,0.3016341591987348,0.1746622283140787,1.35133410747405,0.23309641157993854,0.2470939518556004,0.4246145263347634,3.4525403497846283,1.2566371681415929,0.8637708236026779,0.6584793209319126,179.95833333333334,0.06656633479972215,0.3840684572045998,0.3
ca-HepTh,up,1,0.05,0.05,1240,0.5258366891535573,0,0,8638,24806,51,0.6963983891601256,0.734822220430541,0.281794646478673,0.34822220430540995,0.1655117218419895,0.39211223519618665,0.22660051335419715,0.2592720632485867,0.6661558737795965,0.3309288971230466,1.46308879073029,0.04290206546318087,0.35520100766243307,0.20904509457425224,1.3394825472901057,0.2250855405946663,0.20558378194803578,0.3545374323889476,3.0030173359666446,0.9730921252660383,0.8209348255431205,0.5199148677409547,169.37254901960785,0.07617504051863858,0.3855785426001843,0.3
ca-HepTh,up,1,0.1,0.1,2481,0.39464868347987003,0,0,8638,24806,47,0.6428445959707239,0.6811658469725067,0.28199450059421766,0.34822220430540995,0.1632310997173516,0.40026585373153806,0.23703475401418644,0.26975600307482295,0.6550353318054838,0.34330524960820946,1.4488494849207996,0.034855882167364016,0.4088010870701369,0.2623531727803662,1.2821747080366441,0.2200838746156328,0.1489624979404634,0.25705486378700837,2.331834053382257,0.6195473511189784,0.7455761377759366,0.3645214312808193,183.7872340425532,0.07304931697152119,0.3479972215790692,0.3
ca-HepTh,up,1,0.15,0.15,3721,0.3055963991335968,0,0,8638,24806,52,0.5904192913693325,0.6280738531000565,0.2818780199594653,0.34822220430540995,0.17499920102196617,0.41330898285207857,0.2383097818301124,0.30006031866955146,0.6644682577868484,0.3313621095653379,1.4990055977294086,0.03241227873295993,0.4794065774457931,0.3036197006659194,1.2889832603642257,0.20885039156210725,0.10651418810546172,0.1875292354356518,1.7721437740693196,0.4408194233687405,0.6580231065468549,0.2737914589204422,166.1153846153846,0.07501736513081732,0.36734375834862076,0.4
ca-HepTh,up,1,0.2,0.2,4961,0.23056991633100843,0,0,8638,24806,48,0.5510891942257213,0.5904216721760864,0.28260905078240506,0.34822220430540995,0.1810187596627522,0.4223635651928389,0.24134480553008672,0.31498302385697685,0.6644242374634551,0.332102393386816,1.4465043328115967,0.033463970338341475,0.5168249380677127,0.3408519645455748,1.2618463989869764,0.20241178469884122,0.07494023140784876,0.13544271264247482,1.3161955482725658,0.296259842519685,0.5679366379898948,0.2079724409448819,179.95833333333334,0.0749015975920352,0.3338205217257082,0.4
ca-HepTh,up,1,0.3,0.3,7442,0.11356187908844138,0,0,8638,24806,47,0.4833485335520736,0.5486575828428606,0.28507653166666597,0.34822220430540995,0.19027429008792937,0.4341010623165547,0.24382677222862534,0.3321409412036819,0.6671515773057398,0.3288274500523568,1.3678823948078358,0.043618077549249845,0.5597736625514403,0.38147951743338193,1.2402416464139898,0.2058438334651649,0.03802997340255618,0.07196727665103557,0.6840558412931668,0.17863522686673813,0.38648052902277735,0.14130046445158986,183.7872340425532,0.11206297754109748,0.4675333632194214,0.4
ca-HepTh,up,1,0.4,0.4,9922,0.05722764023743115,0,0,8638,24806,60,0.4429145692625891,0.5391840683705555,0.28832706372790423,0.34822220430540995,0.18905223073340524,0.43534048413744886,0.24628825340404362,0.3268350808408155,0.6513262230841367,0.3411587705836809,1.206968165626488,0.08483278531265404,0.564118372379778,0.39412232983945866,1.2241728934697556,0.22675673295162196,0.02050794056429621,0.036788817213934226,0.34123364485981306,0.13428396465751027,0.23207476635514018,0.11075146531362086,143.96666666666667,0.12282935864783515,0.611561318206375,0.4
ca-HepTh,up,1,0.5,0.5,12403,0.03982833663425963,0,0,8638,24806,73,0.4288802944274963,0.5373296783036362,0.29273954159797955,0.34822220430540995,0.19116946606977864,0.43667064267043654,0.2455011766006579,0.32560673105007,0.6502831377852242,0.3436829198294883,1.2462758299739223,0.08780260240270576,0.5639727159983464,0.39788499669530736,1.2189515721055137,0.25354610193954175,0.012750632992262867,0.018632722718183618,0.1952884687523445,0.10359850135052714,0.1501988146147498,0.08713078330574192,118.32876712328768,0.1317434591340588,0.7144411282418874,0.4
ca-HepTh,up,1,1.0,1.0,24806,0.011234250538287005,0,0,8638,24806,139,0.4469789582316382,0.6054583568491494,0.31961497627274643,0.34822220430540995,0.1361676310641156,0.40194600520940493,0.2657783741452893,0.20822617646736144,0.5130116885492946,0.47418596571722343,0.485574682486931,0.30595266298509205,0.3667192429022082,0.4100439422473321,0.9294817144612421,0.49356287397370024,0.012286606791595073,0.00243354876689361,0.2258472601371596,0.026770205374476348,0.15214062187895333,0.02636149994891182,62.143884892086334,0.12572354711738828,0.8142555647540315,0.4
ca-HepTh,up,1,1.5,1.5,37209,0.007067057959715401,0,0,8638,24806,225,0.4994010970913496,0.6808030315246312,0.3454289756197491,0.34822220430540995,0.10533476760834071,0.3818447428010498,0.2765099751927091,0.14215203990041894,0.4512875579617656,0.5428563937392857,0.3313018981538893,0.48256299693259697,0.1566919191919192,0.39541632121283904,0.4908941333006754,0.7134581724009974,0.023614898603550136,0.0024397759051706623,0.4078043581241118,0.01717605455923213,0.20304358124111796,0.016923465521596362,38.39111111111111,0.12074554294975688,0.8806688791129633,0.4
ca-HepTh,up,1,2.0,2.0,49612,0.0077668580608303605,0,0,8638,24806,373,0.5547074443858743,0.7931548818834153,0.36249554343168755,0.34822220430540995,0.055530610158106064,0.35970843992264945,0.3041778297645434,0.062048517886804204,0.40743731515117143,0.5887186761486908,0.2876602668886705,0.7065234464193492,0.050507861416446365,0.2706169476133719,0.24418203279991593,0.8397197161987702,0.04060229255843199,0.0037894460324355782,0.6083354510800508,0.020658740986162542,0.21524777636594664,0.020658740986162542,23.158176943699733,0.21324380643667515,0.8812895448566624,0.4
ca-HepTh,up,1,2.5,2.5,62015,0.009041382629425268,0,0,8638,24806,523,0.6224769892020837,0.879746835443038,0.37258605170963077,0.34822220430540995,0.026299440280735775,0.3513847952252453,0.3250853549445095,0.022958685923537066,0.39582650676766473,0.6035730678030414,0.28349308189910183,0.8398667196384928,0.006186811528595141,0.16183508443808792,0.051448222185159605,0.9111224105122767,0.06429789137079392,0.005674016471047307,0.8701828346240206,0.04425075427422058,0.24162580763414745,0.04358028830036876,16.51625239005736,0.23987034035656402,0.8592744850558054,0.4
ca-HepTh,up,1,3.0,3.0,74418,0.009760201710886688,0,0,8638,24806,656,0.7302943192637903,0.9132467951302105,0.37975948802626563,0.34822220430540995,0.06002708412604746,0.3534297462323331,0.2934026621062856,0.04449133697529987,0.5000329323821786,0.4999562166491684,0.6309590733872597,0.9238518446210773,0.08776680471487736,0.08640975820379966,1.0116837164299481,0.9524638250839664,0.1064839255271573,0.009839290219820529,1.3670874900679792,0.3243494423791822,0.29610664783261237,0.21189591078066913,13.167682926829269,0.2798101412363973,0.8327695548314595,0.3
ca-HepTh,up,1,3.082,3.082,76452,0.012013979255418564,1,1,8638,24806,668,0.7552736218462195,0.9076433121019108,0.38080724810318883,0.34822220430540995,0.08642034335191456,0.35620370098440846,0.2697833576324939,0.06570562676574737,0.5422563046140344,0.4577173295304464,0.8273520147601258,0.9405598799679908,0.13526957637997433,0.07795843652417357,1.46464299942455,0.9572682963204252,0.11840738137909931,0.011233536821306263,1.5062846990894958,0.5674378000872982,0.31072618254497003,0.3077258838934963,12.931137724550899,0.22366288492706646,0.8322372388818104,0.3
ca-HepTh,up,2,0.0,0.0,0,1.0,0,0,8638,24806,47,0.7618818232012058,0.7991211803595905,0.2816048208693767,0.3482222043054099,0.1736473032809125,0.3831042696222199,0.2094569663413074,0.2470593830248225,0.6870721548963393,0.3113662627073198,1.5813393919743293,0.055035628674645065,0.2856234770632482,0.14882540508882672,1.4218695508791763,0.23891531080420653,0.281129264921973,0.48156415202616737,3.802149018816526,1.6530202689143088,0.887907985673208,0.8101545253863135,183.7872340425532,0.06691363741606854,0.38671776859300566,0.3
ca-HepTh,up,2,0.01,0.01,248,0.659822782760397,0,0,8638,24806,51,0.7480806537242263,0.7881560912682416,0.2817562677815176,0.34822220430540995,0.16792474228455073,0.3837960380837424,0.21587129579919168,0.24353153897320773,0.6741715402313819,0.32408713583800275,1.4745795484445612,0.05602752135195099,0.2892623124075248,0.16410323253388948,1.365450222945968,0.23566259014270782,0.26500939821181785,0.45371659640461437,3.639813820264948,1.4559467174119887,0.8764257582732341,0.7354900095147479,169.37254901960785,0.08601528131511924,0.4004512664060762,0.3
ca-HepTh,up,2,0.02,0.02,496,0.6104118894689097,0,0,8638,24806,45,0.7337506648138779,0.7740869144561799,0.28154153482073807,0.34822220430540995,0.1668483690247826,0.38591543416975255,0.21906706514496996,0.2478249621303126,0.6729140177002441,0.32476695414713,1.5009071394413054,0.0515238331998058,0.31298112411684065,0.17202897604907655,1.3854050258462436,0.23276257014494176,0.24832463003998023,0.42639295336072514,3.46245182793459,1.3142398286937902,0.8628788667847099,0.6677373304782298,191.95555555555555,0.08462607084973374,0.32728769519693346,0.3
ca-HepTh,up,2,0.05,0.05,1240,0.5400465592926654,0,0,8638,24806,45,0.6971163722220302,0.7407885189067162,0.28175666546030265,0.34822220430540995,0.16015069011025815,0.3897351018870015,0.22958441177674335,0.24907426290708412,0.6560448250168758,0.3415377316142294,1.3907220031829444,0.04495597585467881,0.34148132605958875,0.20786958229671337,1.3173850348731198,0.22505576286508291,0.20595702041379033,0.35486630196951013,3.0088158467566393,0.9270606531881804,0.8207988680888115,0.5200622083981338,191.95555555555555,0.07941653160453808,0.3817704715597747,0.3
ca-HepTh,up,2,0.1,0.1,2481,0.41677641853706143,0,0,8638,24806,50,0.6409650124179952,0.6820124163508828,0.28195952217856185,0.34822220430540995,0.1627743601771451,0.39998242977817144,0.23720806960102633,0.2688440646798117,0.6533912751388573,0.3428534639822151,1.371672750225661,0.03711005191602146,0.41149473245019297,0.25908403968723304,1.2940591193153508,0.21874255332972928,0.147973920382519,0.258960655922268,2.3296488946684004,0.5824036511156186,0.7413996926350632,0.36004056795131845,172.76,0.07212317666126418,0.3912618661727252,0.3
ca-HepTh,up,2,0.15,0.15,3721,0.3081370743329164,0,0,8638,24806,46,0.5912951787983922,0.6419414657744095,0.2825396860043449,0.34822220430540995,0.1655723045721067,0.40750678098885157,0.24193447641674487,0.28095254146440746,0.6496933885064617,0.34708595421813626,1.3409737517380398,0.041867058789572864,0.45109821798590966,0.2987989969644978,1.2598448992747666,0.21400326223469232,0.10528350992108192,0.18928830876847663,1.7517583521728208,0.3845980634992119,0.6528510424516453,0.26075208286421975,187.7826086956522,0.08983561009492938,0.4179006815184674,0.4
ca-HepTh,up,2,0.2,0.2,4961,0.23892969175698545,0,0,8638,24806,48,0.5437475695050775,0.5794565830847376,0.2831447177476459,0.34822220430540995,0.19013203260789066,0.4281809789633764,0.23804894635548576,0.33148409643469956,0.6792130671560187,0.3174150358339145,1.639518618814762,0.03265085898678244,0.543946419371458,0.34123567975630753,1.2934370090997305,0.2101963449392792,0.07471830583361634,0.1342391727382577,1.3125086962571308,0.32160659509202455,0.5642827327118408,0.21712039877300612,179.95833333333334,0.055105348460291734,0.37895539090838937,0.4
ca-HepTh,up,2,0.3,0.3,7442,0.11264978122724362,0,0,8638,24806,54,0.47824534415444026,0.5365234217528018,0.28567300453636796,0.34822220430540995,0.19942493823216595,0.4406509922944131,0.24122605406224717,0.34811160579591216,0.6794957137560601,0.31715792624488287,1.5635082067950965,0.044682551027604656,0.5779580936729664,0.38951559389515594,1.2470060425895106,0.21460245632664382,0.03854443723373134,0.06848371578185508,0.6814185889247877,0.20822823345220492,0.37283041550830265,0.15404018439592937,159.96296296296296,0.08277379022921973,0.517772461046367,0.4
ca-HepTh,up,2,0.4,0.4,9922,0.06705550705229754,0,0,8638,24806,67,0.4462205242066482,0.5335402725147141,0.2884438433269878,0.34822220430540995,0.18909979598527177,0.436429643608223,0.24732984762295124,0.32705475444930665,0.655427715753174,0.34084514661979,1.2930584574702673,0.07995717036761874,0.5655299917830732,0.40245520902455206,1.2123876048890254,0.2298460069640738,0.020316277568368207,0.035356092783201246,0.3517944843218738,0.11978221415607986,0.23656970154892332,0.09748509204044595,128.92537313432837,0.11958786756193564,0.6415560539511287,0.4
ca-HepTh,up,2,0.5,0.5,12403,0.03504961685285398,0,0,8638,24806,75,0.42836800413098663,0.5505925985648633,0.2921682168194486,0.34822220430540995,0.1750762516045296,0.4269027675920058,0.2518265159874762,0.29807775364776384,0.6249047250841366,0.3676558385393179,1.0283766137232138,0.10726559991004025,0.5297643654402646,0.39801718440185063,1.1788064988438467,0.2543692907306931,0.013154134036321818,0.01884462530804731,0.20859569483086834,0.09535342662360961,0.15500073217162103,0.08019375672766416,115.17333333333333,0.1398471868488076,0.7140788762830901,0.4
ca-HepTh,up,2,1.0,1.0,24806,0.0074372034143003,0,0,8638,24806,166,0.4436531979006059,0.6008626945093929,0.31941082790691416,0.34822220430540995,0.137158545596069,0.40296729661963554,0.26580875102356655,0.21029164481480542,0.5205495458375726,0.46547141762150424,0.5450795134013173,0.32365237834122507,0.3867297510420187,0.40605185510703745,0.9689140697251101,0.4824422154289298,0.011600655016694855,0.0024120677088675484,0.20610533378061052,0.03817796182203818,0.14028849379402886,0.03524896475103525,52.036144578313255,0.12097707802732113,0.8262329242880295,0.4
ca-HepTh,up,2,1.5,1.5,37209,0.006806353446121616,0,0,8638,24806,233,0.4961183927972799,0.6760864307022495,0.3453853120111404,0.34822220430540995,0.11248368474776116,0.38465719611982024,0.2721735113720591,0.15240574932796197,0.46148461965989607,0.5321012539907151,0.352621808354032,0.48359711307025477,0.1822759315206445,0.39064167951607165,0.5627301502552717,0.7051680524849647,0.023261835189998553,0.0026167092466849147,0.4000357760419772,0.02601120099564406,0.20064396875559,0.025886745488487864,37.072961373390555,0.11148413984718684,0.8833460694187873,0.4
ca-HepTh,up,2,2.0,2.0,49612,0.006630333929936569,0,0,8638,24806,374,0.5541798624844801,0.793195194710957,0.3620918527592191,0.34822220430540995,0.05352200928985884,0.35929081301527754,0.3057688037254187,0.05986651896400836,0.40822420185563635,0.5880919234681766,0.2914447046877336,0.7142387009058092,0.05685757869920954,0.2682580278488207,0.2749335472149302,0.839556931277047,0.040370279458098096,0.00381069564580593,0.6043403130717625,0.022417153996101363,0.2154909534458223,0.02202729044834308,23.09625668449198,0.21567492475109978,0.8790377798386189,0.4
ca-HepTh,up,2,2.5,2.5,62015,0.008030450412552166,0,0,8638,24806,541,0.629574517038005,0.8792630815125373,0.3725001628661252,0.34822220430540995,0.031598819740141115,0.35203734842867546,0.32043852868853434,0.027639097462981755,0.4072898536669823,0.5917774485297849,0.30758840072564564,0.8561660375959304,0.01217129977460556,0.16054211889152112,0.10080843479427898,0.9114284593996623,0.06427771631859097,0.005623388754983177,0.8684608683691715,0.05809682804674458,0.23630278299940397,0.05609348914858097,15.966728280961183,0.24403797175272054,0.8525956109337625,0.3
ca-HepTh,up,2,3.0,3.0,74418,0.01103518754037613,0,0,8638,24806,639,0.725934505491567,0.9071192453438685,0.379456019416428,0.34822220430540995,0.07521394562414063,0.3552081323356454,0.2799941867115048,0.05753498224717315,0.5267082065699098,0.47321303885642263,0.7923061891543877,0.9245044447513813,0.10138689622190339,0.0900016187341499,1.091581314097455,0.9517005226156439,0.10662515089257793,0.010068953794500339,1.361212336681184,0.46875,0.29250733268153944,0.2769097222222222,13.517996870109545,0.25549895809215095,0.8361155588311064,0.3
ca-HepTh,up,2,3.0773,3.0773,76336,0.0113548083016798,1,1,8638,24806,696,0.7518254709842102,0.9225993711198903,0.38075755738445094,0.34822220430540995,0.0776196854525047,0.35423001677291016,0.27661033132040547,0.05447561829468888,0.5104768153383437,0.4895210454353462,0.6342931337803238,0.9370103635312459,0.07508038585209004,0.07817712256537178,0.9700229434619504,0.9564275717551858,0.11799379280893889,0.011214258694962904,1.498689154941886,0.4125,0.3121995980075155,0.2630208333333333,12.410919540229886,0.2397545728177819,0.8211843950680369,0.3
ca-HepTh,down,1,0.0,0.0,0,1.0,0,0,8638,24806,47,0.7618818232012058,0.7991211803595905,0.2816048208693767,0.3482222043054099,0.1736473032809125,0.3831042696222199,0.2094569663413074,0.2470593830248225,0.6870721548963393,0.3113662627073198,1.5813393919743293,0.055035628674645065,0.2856234770632482,0.14882540508882672,1.4218695508791763,0.23891531080420653,0.281129264921973,0.48156415202616737,3.802149018816526,1.6530202689143088,0.887907985673208,0.8101545253863135,183.7872340425532,0.06691363741606854,0.38671776859300566,0.3
ca-HepTh,down,1,0.01,0.01,248,0.733119422796218,0,0,8638,24806,49,0.7563824618717128,0.7935580101588325,0.2802314729358094,0.34822220430540995,0.16394045849576433,0.3820663987727489,0.21812594027698456,0.23678685755285875,0.6711232769468077,0.32520649259224704,1.461993892988424,0.06237597686289165,0.2819945182374025,0.15966057441253265,1.365974618120876,0.22195689380643177,0.2728776685709674,0.4591085703636108,3.7621539243078486,1.3854715875805508,0.8784861569723139,0.7160710798672134,176.28571428571428,0.0762908080574207,0.3735322329904409,0.3
ca-HepTh,down,1,0.02,0.02,496,0.7071662361042929,0,0,8638,24806,44,0.7510852107216145,0.7882770297508668,0.278954717892566,0.34822220430540995,0.1566118210840599,0.38138052424145297,0.22476870315739306,0.22935819038991503,0.6591916045405848,0.33549657748601114,1.40005328389823,0.05126037527460503,0.286493860845839,0.165084767951823,1.3531543625555758,0.20551660930340898,0.2651909736816444,0.4380571995479934,3.7201084177150454,1.166031987814166,0.868620231154751,0.63004569687738,196.3181818181818,0.07119703635100717,0.34377696857437545,0.3
ca-HepTh,down,1,0.05,0.05,1240,0.7029284392338537,0,0,8638,24806,44,0.7355055956629312,0.7731597194227203,0.27525072765224967,0.34822220430540995,0.1282080361748623,0.3773049512035777,0.24909691502871542,0.19506595127114953,0.61413181900747,0.37420638723046495,1.1477290534987201,0.047125902055136115,0.2868418319659362,0.18877248468076696,1.2645101268432581,0.16287887090385303,0.24690228885967241,0.37818505851951395,3.6206788675113404,0.7085480717966945,0.8379477553574222,0.43717789230495824,196.3181818181818,0.0703866635795323,0.3331631901323959,0.3
ca-HepTh,down,1,0.1,0.1,2481,0.6563906554638843,0,0,8638,24806,42,0.7182289480502376,0.7566314601306136,0.2690960074805317,0.34822220430540995,0.09199945382026292,0.3706119770504284,0.2786125232301655,0.14670753175974427,0.5558499152750767,0.4275880194039892,0.8603672290865546,0.04329510669639691,0.27852898996107356,0.2205530444030843,1.1444740972294833,0.10893320512681282,0.22646496097808652,0.30292878835563886,3.484255953966647,0.3236706973662415,0.7935958228994618,0.2368726188504224,205.66666666666666,0.06922898819171104,0.3366079008588849,0.3
ca-HepTh,down,1,0.15,0.15,3721,0.6252455773122666,0,0,8638,24806,39,0.7081153069597067,0.7463920019350158,0.2644549294947911,0.34822220430540995,0.061644197606346374,0.36385566585267776,0.3022114682463314,0.10141577145012133,0.5063755632883553,0.4753949988695277,0.666110073271969,0.04039288474810543,0.26312576312576313,0.24736279877153158,1.0375294357173233,0.07625413209094854,0.21294767600211165,0.2475500200161945,3.3723467458817176,0.14163090128755365,0.7547394004860923,0.11874105865522175,221.48717948717947,0.06702940495485066,0.29026187210952203,0.3
ca-HepTh,down,1,0.2,0.2,4961,0.5619413159191481,0,0,8638,24806,38,0.6990491257713348,0.7376844311860034,0.2596371980662923,0.34822220430540995,0.03708088333649384,0.3579490973099478,0.32086821397345394,0.062824711103485,0.46743568384106526,0.5161221702979988,0.5451826196737367,0.03809193473597183,0.24972129319955408,0.27063391123903874,0.9519880742443734,0.055270096917153455,0.20394960271959703,0.20597093838634548,3.2879938794469643,0.07484247733210389,0.719547516257719,0.06746580605501767,227.31578947368422,0.07015512850196805,0.28236312011796105,0.3
ca-HepTh,down,1,0.3,0.3,7442,0.5175474905522114,0,0,8638,24806,40,0.6909538530160698,0.7288156091268242,0.25214825540364777,0.34822220430540995,-0.0042145270579145855,0.3470792903523909,0.35129381741030546,-0.007430774047532039,0.40282570344993224,0.5850008320764343,0.39011981881356766,0.03381445833525021,0.21843280552172148,0.3059382105122375,0.8054770586846772,0.03798776439424321,0.19346866310016575,0.15448376244853337,3.17240997842801,0.02720380555968485,0.6669063554400133,0.025419949457410437,215.95,0.06818708034267192,0.29426950683028497,0.3
ca-HepTh,down,1,0.4,0.4,9922,0.47223056676536007,0,0,8638,24806,39,0.6916219788968018,0.7295412400225751,0.2479736417203117,0.34822220430540995,-0.029844853842140417,0.3401504021435572,0.3699952559856976,-0.053461284111501584,0.36348624127051277,0.6321991838535802,0.30976116938401765,0.034644486830198384,0.18523804669181365,0.3261985730479429,0.6849031131669592,0.04108001617965326,0.18808192416197878,0.12607291004076124,3.0837707907387966,0.019078849306901177,0.6322594905232911,0.018035474735430018,221.48717948717947,0.0699235934244038,0.27182811785729144,0.3
ca-HepTh,down,1,0.5,0.5,12403,0.45288791821083424,0,0,8638,24806,42,0.6994829607659494,0.7372409900830444,0.24559845744850084,0.34822220430540995,-0.052266629139590126,0.33448867658099457,0.3867553057205847,-0.09366609234250843,0.3306984475926011,0.6711707955853862,0.26084894994357827,0.034578421033575446,0.15490938875806287,0.3328013830706829,0.5895492938834778,0.05331204576521052,0.1851464540664499,0.1100216189685518,3.006506999125109,0.01212028229518257,0.6076662292213474,0.011353175820803928,205.66666666666666,0.06934475573049317,0.32440820736722564,0.3
ca-HepTh,down,1,1.0,1.0,24806,0.45931085710528524,0,0,8638,24806,37,0.7775005168057036,0.8141175522051116,0.25428324110266853,0.34822220430540995,-0.1493689176102157,0.3204571442755501,0.4698260618857658,-0.22851001882984112,0.21941929342242136,0.7965562989222034,0.14713974501865523,0.051835279341150065,0.05891016200294551,0.26477124183006534,0.31692159588919233,0.16938894431811932,0.18859638799315392,0.08173424892311286,2.7764793265659815,0.0036868358273693344,0.5596929933151771,0.0036868358273693344,233.45945945945945,0.055336883537855985,0.18421431387395737,0.3
ca-HepTh,down,1,1.4696,1.4696,36454,0.5248829563168411,1,1,8638,24806,47,0.8647246858796076,0.8998226235588164,0.2764058546183607,0.34822220430540995,-0.25313030031166656,0.32286427492241826,0.5759945752340848,-0.2749540857559876,0.16092953041036417,0.8458846083084232,0.10184884089381717,0.0893573698450506,0.024229543039319873,0.14659651857625358,0.24186641635145614,0.2548000752186671,0.20055010642340038,0.07673980750101567,2.6719681017875545,0.0008048289738430583,0.5455848752296044,0.0008048289738430583,183.7872340425532,0.052211159990738595,0.2808372702506985,0.3
ca-HepTh,down,2,0.0,0.0,0,1.0,0,0,8638,24806,47,0.7618818232012058,0.7991211803595905,0.2816048208693767,0.3482222043054099,0.1736473032809125,0.3831042696222199,0.2094569663413074,0.2470593830248225,0.6870721548963393,0.3113662627073198,1.5813393919743293,0.055035628674645065,0.2856234770632482,0.14882540508882672,1.4218695508791763,0.23891531080420653,0.281129264921973,0.48156415202616737,3.802149018816526,1.6530202689143088,0.887907985673208,0.8101545253863135,183.7872340425532,0.06691363741606854,0.38671776859300566,0.3
ca-HepTh,down,2,0.01,0.01,248,0.7366798537452132,0,0,8638,24806,51,0.7573003189422983,0.7960977182939611,0.28018316666872284,0.34822220430540995,0.15875665531308297,0.3805930485597668,0.2218363932466838,0.22828855207668947,0.663214124500938,0.33296408511579634,1.4083647989320645,0.057415406335753705,0.2782984100242182,0.15775034293552812,1.3648616763663022,0.22175208919963005,0.27233294216148785,0.45590580590755053,3.7608365404091555,1.3289837880585211,0.8794308284383229,0.710359826018189,169.37254901960785,0.0658717295670294,0.42610626098089166,0.3
ca-HepTh,down,2,0.02,0.02,496,0.7079188796395585,0,0,8638,24806,48,0.7500782391603946,0.788962347819076,0.27876876184292804,0.34822220430540995,0.14954164310567386,0.37978112156970906,0.2302394784640352,0.2188901173825102,0.6486859565570698,0.344234874348959,1.3491813793837613,0.061745495688941054,0.28447191953059514,0.16511597431529287,1.347967609527401,0.2058587223299566,0.26490852295080314,0.4320891042017876,3.7191763323284452,1.1451766953199618,0.8681211997343008,0.6309455587392551,179.95833333333334,0.0699235934244038,0.4056349849502201,0.3
ca-HepTh,down,2,0.05,0.05,1240,0.7143244962613193,0,0,8638,24806,43,0.7356806003980553,0.7725147141820528,0.27509073545220614,0.34822220430540995,0.12633278784007035,0.3769610546553865,0.25062826681531614,0.19251747243348888,0.6114284822293952,0.3761703334523215,1.139760439612474,0.054370852649213486,0.29181752353367124,0.1864059713323205,1.2827973575715488,0.16272270325537103,0.24631721234578693,0.37542303553882395,3.6157177894901635,0.7028176501860712,0.8394301518551375,0.443912812333865,200.88372093023256,0.06575596202824728,0.326814454250284,0.3
ca-HepTh,down,2,0.1,0.1,2481,0.6639682672101974,0,0,8638,24806,44,0.7182601569327703,0.7546158187535273,0.26942271879218654,0.34822220430540995,0.08946364740160778,0.3701751681743766,0.28071152077276884,0.142888941655103,0.5513417054996126,0.43314996198128014,0.8616166472701127,0.04691470591093816,0.28221360016336533,0.2213562483346656,1.1500888065799966,0.11383726632554508,0.22579918425538925,0.2987433017926256,3.484694695229446,0.31575488746508956,0.7932581868689567,0.23410547067520945,196.3181818181818,0.06714517249363279,0.30663663726872814,0.3
ca-HepTh,down,2,0.15,0.15,3721,0.6031887271928763,0,0,8638,24806,38,0.7069384392408594,0.7460291864871402,0.2644204581462494,0.34822220430540995,0.06100745621104364,0.3637163175896789,0.30270886137863523,0.10042866225528654,0.5044085787706776,0.4781446472100854,0.6754552283566281,0.04771481159997881,0.2666531481293724,0.24559994646322694,1.0499361892852719,0.07824526960909528,0.21214067391399374,0.2441813833657015,3.358208148708527,0.1496825396825397,0.7472711553009834,0.12285714285714286,227.31578947368422,0.06818708034267192,0.2956276428510498,0.3
ca-HepTh,down,2,0.2,0.2,4961,0.5616073294625339,0,0,8638,24806,39,0.6982246913952781,0.7365556720148351,0.2597203995006279,0.34822220430540995,0.03603717646016519,0.35771599404044097,0.3216788175802758,0.06112120524973077,0.46566931587708427,0.5190059110483888,0.5419383792559207,0.04494941742590841,0.25108574891425106,0.2716538074471654,0.9530884602244699,0.05270424921804619,0.20345531394062483,0.20455651993634144,3.281703245580428,0.08370313695485845,0.7145202780362323,0.07421576128538639,221.48717948717947,0.07061819865709655,0.2869253922738526,0.3
ca-HepTh,down,2,0.3,0.3,7442,0.5085255115037666,0,0,8638,24806,40,0.6908257298599562,0.7288156091268242,0.25169617877285977,0.34822220430540995,-0.001490202029848342,0.3478180847756676,0.34930828680551596,-0.0026321443649814226,0.4074004628925197,0.5818603036951125,0.3943455394664722,0.03575982502924502,0.21759352881698685,0.3067176186645213,0.8023822024430172,0.03186612491920982,0.19282306142967143,0.15546762808105613,3.1610708556889207,0.029136316337148804,0.6669616682338625,0.02750111491006392,215.95,0.07015512850196805,0.29989580921509607,0.3
ca-HepTh,down,2,0.4,0.4,9922,0.468369127902487,0,0,8638,24806,38,0.6925051420062986,0.7311940659517858,0.24731583473514737,0.34822220430540995,-0.029113537738059636,0.3403963126002829,0.36950985033834255,-0.052188980546601337,0.3647126181776546,0.6361602762146876,0.3069412453937804,0.029396204528814085,0.17484225524119681,0.33044058744993327,0.6504404594350821,0.03639597931617665,0.1871034341301358,0.1290157966566431,3.0623001433454626,0.014997000599880024,0.6306649024148198,0.014247150569886022,227.31578947368422,0.07258624681639268,0.2867561935633247,0.3
ca-HepTh,down,2,0.5,0.5,12403,0.4429258493258637,0,0,8638,24806,34,0.6983319658347701,0.73760380553092,0.24497418156114023,0.34822220430540995,-0.05054683895618273,0.33495890612086615,0.3855057450770489,-0.09077453364139738,0.3329891044366676,0.6728742230384098,0.25902888257389184,0.029515289557312197,0.14710404920553563,0.33712045711248423,0.560618074142344,0.05125374292367017,0.18443023971324524,0.11263295438138814,2.9933322402579656,0.012290674450760486,0.6057823686943214,0.011829774158856967,254.05882352941177,0.06957629080805743,0.22024433760538265,0.3
ca-HepTh,down,2,1.0,1.0,24806,0.4571786432327325,0,0,8638,24806,41,0.7743851856641514,0.8102878335886479,0.25470856739755315,0.34822220430540995,-0.14660191656502003,0.3204100371138037,0.46701195367882375,-0.2256645526759001,0.22088395675680247,0.7993033927261272,0.1453633777443042,0.04963845614225426,0.05633357902495525,0.2724541119602848,0.2969423632156905,0.1685713802092226,0.18749684764809327,0.08484507224960788,2.7734825870646764,0.0029749256268593286,0.5597512437810945,0.0029749256268593286,210.6829268292683,0.05672609400324149,0.24324736417079373,0.3
ca-HepTh,down,2,1.4643,1.4643,36324,0.5212398303451155,1,1,8638,24806,51,0.8618190209317869,0.8970007256308957,0.2756103736407965,0.34822220430540995,-0.25050455124888793,0.32242041730061644,0.5729249685495044,-0.2762698809573842,0.162005172968325,0.8470385420352268,0.1008402996697479,0.09681859042287988,0.023280535771234186,0.15169816221832585,0.22602621148384933,0.2540840862540161,0.2004593186884871,0.08089158310344036,2.678980719967642,0.0023483365949119373,0.5540874567435171,0.0023483365949119373,169.37254901960785,0.05232692752952072,0.34221792444692634,0.3
ca-HepTh,neutral,1,0.0,0.0,0,1.0,0,0,8638,24806,47,0.7618818232012058,0.7991211803595905,0.2816048208693767,0.3482222043054099,0.1736473032809125,0.3831042696222199,0.2094569663413074,0.2470593830248225,0.6870721548963393,0.3113662627073198,1.5813393919743293,0.055035628674645065,0.2856234770632482,0.14882540508882672,1.4218695508791763,0.23891531080420653,0.281129264921973,0.48156415202616737,3.802149018816526,1.6530202689143088,0.887907985673208,0.8101545253863135,183.7872340425532,0.06691363741606854,0.38671776859300566,0.3
ca-HepTh,neutral,1,0.01,0.01,248,0.673185123896098,0,0,8638,24806,48,0.7501642285374532,0.7880754656131581,0.28124587580992283,0.34822220430540995,0.16857185622190066,0.38394671644596196,0.2153748602240613,0.24494773550249999,0.6769302615135467,0.3209423625058168,1.528905043494817,0.05015123897073481,0.29391856160761504,0.16142270861833105,1.386902004800932,0.23539161280349846,0.2629515428871172,0.4543854135020759,3.614660596449946,1.433897660262507,0.8790219448565144,0.7260795130302454,179.95833333333334,0.06807131280388978,0.3764133287026319,0.3
ca-HepTh,neutral,1,0.02,0.02,496,0.6574212878918345,0,0,8638,24806,47,0.7384756862165998,0.7773925663146013,0.281159006264054,0.34822220430540995,0.1662283065671172,0.3852258610361856,0.2189975544690684,0.24594783508229937,0.6724860612987322,0.32603230137284955,1.479986634208534,0.050311959601302636,0.30528313824739006,0.17144162370293023,1.371396872032734,0.22995783888184274,0.24760841568677558,0.4291635136496788,3.450010371292263,1.2872147772546179,0.8652250570421074,0.664070988772184,183.7872340425532,0.07258624681639268,0.3880577162759309,0.3
ca-HepTh,neutral,1,0.05,0.05,1240,0.5546715089525065,0,0,8638,24806,51,0.7029226699210058,0.7442957349028461,0.2810666185844935,0.34822220430540995,0.15852984711076545,0.38875896235683244,0.23022911524606698,0.24606141838679077,0.6562447023997589,0.34015187274472675,1.3892835529600749,0.04480451487799475,0.3380917392673454,0.20433274428954776,1.322198279089669,0.21940725842676442,0.20636052145784928,0.3561082359949698,3.0111032876563937,0.9107677755005518,0.8215891241943346,0.5101686898943717,169.37254901960785,0.08601528131511924,0.4011640312526956,0.3
ca-HepTh,neutral,1,0.1,0.1,2481,0.4592693327948799,0,0,8638,24806,47,0.6531997451233422,0.6970894138514876,0.2799691317908474,0.34822220430540995,0.15315743355722455,0.39461521227723073,0.24145777872000618,0.2513792344080909,0.6429363237816974,0.35428193842309375,1.3447856541069294,0.036825047916164144,0.38499116515954684,0.2509054988475469,1.270972962862353,0.19723443011526537,0.15453081234847693,0.2659088513416421,2.4162618551931527,0.5556294916156508,0.7493060374739764,0.3454884216129891,183.7872340425532,0.08995137763371151,0.40029459143911383,0.3
ca-HepTh,neutral,1,0.15,0.15,3721,0.38125866564704813,0,0,8638,24806,52,0.6089766358773481,0.643473353220995,0.27938287762793046,0.34822220430540995,0.16012228500884199,0.4053100656542046,0.2451877806453626,0.2745132260559788,0.6479517358928722,0.3463698355054131,1.375048643867577,0.0332085069153466,0.4541525162087064,0.2936576313871032,1.2738248888594723,0.17835601128668216,0.11510876034391739,0.1932473799268024,1.9324646034331538,0.38297150610583447,0.6695276281167774,0.2514699231117142,166.1153846153846,0.06413521648529752,0.3570716155805298,0.3
ca-HepTh,neutral,1,0.2,0.2,4961,0.2915547586073384,0,0,8638,24806,49,0.5676832068500359,0.6121905990486173,0.27902284571901004,0.34822220430540995,0.16001017418772445,0.4102756541032778,0.25026547991555337,0.279421827474209,0.6405682461934932,0.35551732666015556,1.2856884983182841,0.0359556275443389,0.4776470588235294,0.3293859357328188,1.2316541518894462,0.16622092475410213,0.08755972656079247,0.14640555848694917,1.5478730409587778,0.2634095634095634,0.5913341235348347,0.1899168399168399,176.28571428571428,0.07964806668210234,0.3860162263562521,0.4
ca-HepTh,neutral,1,0.3,0.3,7442,0.17225493735033579,0,0,8638,24806,51,0.5058893943551994,0.5579295331774571,0.27738006621594286,0.34822220430540995,0.17425161480246382,0.42525369700571714,0.2510020822032533,0.3119873537027613,0.6531256687775879,0.3431094757943365,1.3165252333216502,0.03719804899142998,0.534940002016739,0.38021358049566795,1.2100785783355124,0.13022957559757237,0.049449052949424505,0.08131203826080673,0.9396676300578035,0.15511581251139886,0.4310693641618497,0.12611708918475287,169.37254901960785,0.08184764991896272,0.44743018763421105,0.4
ca-HepTh,neutral,1,0.4,0.4,9922,0.0926153036472981,0,0,8638,24806,49,0.4650431011504062,0.5320486978956704,0.2760180528370543,0.34822220430540995,0.18345819526911605,0.43407170566330316,0.2506135103941871,0.3316466779860715,0.6644459494833971,0.3310091701967249,1.4528459022348155,0.03949479765667219,0.5678421996413628,0.40005417118093173,1.2134643008531742,0.10400896124469622,0.028547698867170818,0.04558012241580583,0.5384906804061221,0.11914197105444521,0.2917108652826186,0.1007064093728463,176.28571428571428,0.11078953461449409,0.4946534297905316,0.4
ca-HepTh,neutral,1,0.5,0.5,12403,0.05324976339054038,0,0,8638,24806,45,0.44517755127203007,0.5129404176408934,0.2753684821368684,0.34822220430540995,0.19312746968701452,0.44228678903323826,0.24915931934622373,0.3505535151694867,0.6786269344848346,0.31759900816078085,1.5199011562388918,0.03305867693284903,0.5950853646501529,0.412458256661896,1.2217917195424346,0.08191653280307273,0.018016321617232184,0.02804634547978302,0.3375510845646023,0.08798212216520444,0.2066174159069475,0.07705677867902665,191.95555555555555,0.09956008335262792,0.5328548275063674,0.5
ca-HepTh,neutral,1,1.0,1.0,24806,0.009614789185078802,0,0,8638,24806,44,0.41510797415290845,0.48395549463839393,0.27296680063909645,0.34822220430540995,0.2174863561416958,0.4604548433834495,0.24296848724175368,0.3981699485823197,0.7186954886027913,0.2831347385689783,1.9441207251936876,0.030289495212815654,0.6336481017537098,0.4314527308012199,1.227894290454068,0.034467705893817334,0.004055185492792462,0.004498826056187068,0.05114535610162432,0.04624638700101555,0.04723032069970846,0.04194984766815093,196.3181818181818,0.10801111368372308,0.5741491085899515,0.5
ca-HepTh,neutral,1,1.5,1.5,37209,0.003804706361904518,0,0,8638,24806,47,0.41116333570079183,0.4859308231879384,0.27303444967482887,0.34822220430540995,0.210448448739884,0.4564072651104975,0.2459588163706135,0.385235488470629,0.7073547961661024,0.29336459505000395,1.8121762260199936,0.028288618919843134,0.6261868590960881,0.43134370183550513,1.2180984337153045,0.010761655372432753,0.0029052075172244507,0.0023841460785164565,0.03841048614567778,0.03144604767879548,0.03592168574746972,0.030112923462986198,183.7872340425532,0.12456587172956703,0.6107501243885258,0.5
ca-HepTh,neutral,1,2.0,2.0,49612,0.0005718769508272524,0,0,8638,24806,48,0.4127675379179955,0.4834717407078932,0.2728479465672646,0.34822220430540995,0.21518604619804918,0.45937187817203917,0.24418583197399,0.39411776096502577,0.7160703423936603,0.2858785948974671,1.9173244476250482,0.027688841101867867,0.6378787878787879,0.4265758809490383,1.2349349264123322,0.0005101756678369562,0.0026328443124846584,0.0023549197556816236,0.03268573334445093,0.030515882307031922,0.03126823980655382,0.028642784671817686,179.95833333333334,0.1081268812225052,0.6378019603303235,0.5
ca-HepTh,neutral,1,2.5,2.5,62015,0.00032107034633820287,0,0,8638,24806,47,0.4138152700284363,0.48157703781343225,0.27380118362609507,0.34822220430540995,0.21566326755877274,0.46002699430806326,0.24436372674929052,0.39356444769512056,0.7159191901399741,0.2871393406149341,1.9501134052177598,0.03002318127373882,0.6300731869594145,0.43619180959047954,1.215365122528401,0.003628565682548205,0.0027740696779052915,0.002575946857646022,0.034823371839946424,0.031804043545878694,0.032981751213795416,0.030404354587869362,183.7872340425532,0.10291734197730956,0.6295290970624603,0.5
ca-HepTh,neutral,1,3.0,3.0,74418,0.0010427518434509954,0,0,8638,24806,47,0.41271678529346406,0.4865355156010643,0.2728937409803933,0.34822220430540995,0.21150532993016996,0.4568226794856315,0.24531734955546153,0.3873826982437771,0.7115249480830284,0.28839233487294175,1.8905670258275222,0.028022910055046202,0.6323529411764706,0.42660806474117485,1.2315417334398624,0.008442631965206093,0.002753894625702344,0.00230409835970256,0.033805617698235146,0.032268195022375754,0.03239705029414202,0.03061945513072152,183.7872340425532,0.11090530215327622,0.6488253289522299,0.5
ca-HepTh,neutral,1,3.5,3.5,86821,4.023618880065152e-05,0,0,8638,24806,43,0.41248675548264324,0.48125453519309846,0.27262717721349033,0.34822220430540995,0.21376382207784114,0.4591112175480795,0.24534739547023834,0.39176860767822785,0.7119752405092876,0.290072248217698,1.8470380090345735,0.02361417644815078,0.6297489341544292,0.4365307697705424,1.2139844622812226,-0.007154942790605251,0.0026832819429920274,0.0021179488207149796,0.03216619199195845,0.03217283183089835,0.030323337242419167,0.03038545228473733,200.88372093023256,0.11588330632090761,0.5890036991767043,0.5
ca-HepTh,neutral,1,4.0,4.0,99224,-0.0006737358802629458,0,0,8638,24806,46,0.414139739048888,0.49463839393695075,0.2719456822608495,0.34822220430540995,0.20519170444295354,0.4519182136135155,0.24672650917056194,0.37724428124801407,0.7030413533717271,0.29726719240925176,1.801603216071618,0.028570312253221597,0.6111111111111112,0.4261948399830819,1.2092551230234703,-0.012996340743891987,0.002834594834514134,0.002748891507672163,0.03797881010594947,0.03007338864071474,0.035533822330888344,0.028876834716017867,187.7826086956522,0.11472563093308637,0.6598196039743498,0.5
ca-HepTh,neutral,1,4.5,4.5,111627,0.0011833129218172776,0,0,8638,24806,55,0.4118308765368606,0.4845601870515198,0.27347578224033037,0.34822220430540995,0.21234601241674236,0.45767379322585133,0.24532778080910897,0.38805035152320755,0.7115675800252617,0.29104154190068016,1.871749160619109,0.03241678226288647,0.6224846480869154,0.4357640109696927,1.2076766917287678,-0.006662948525154256,0.0030464328826450837,0.0022984026994994143,0.03752079866888519,0.03558579696543094,0.035357737104825294,0.0342562177381511,157.05454545454546,0.1131048853901366,0.6811425203645627,0.5
ca-HepTh,neutral,1,5.0,5.0,124030,6.321628165392753e-05,0,0,8638,24806,49,0.4117770166751179,0.48036765298718054,0.27345101796359533,0.34822220430540995,0.21472998234110172,0.4598028490033379,0.24507286666223618,0.392326921554754,0.71589066313952,0.28481094126430917,1.9409103390528617,0.02942878386037473,0.6362690379339703,0.4330172110994029,1.2244600275399586,-0.0006154225104175717,0.00303634535654361,0.00261920962591716,0.03633769721383014,0.03646237393328161,0.0346592816381336,0.03475562451512801,176.28571428571428,0.10951609168789071,0.6490731509088934,0.5
ca-HepTh,neutral,1,5.5,5.5,136433,0.0010900447913395183,0,0,8638,24806,51,0.4150520528212899,0.4810126582278481,0.2726502680288131,0.34822220430540995,0.2140078550905736,0.45928957213722665,0.24528171704665305,0.3921754654902932,0.7155309616332955,0.2863894020702785,1.9459263650816352,0.02824829745683277,0.6324988190836088,0.4344982771956965,1.218717236770856,-0.006458474782014522,0.0031977457741671905,0.002649858521266888,0.03922225947033188,0.03751747708559888,0.036372779081461616,0.03588628242970328,169.37254901960785,0.10546422783051633,0.6474901143601688,0.5
ca-HepTh,neutral,1,6.0,6.0,148836,-0.001075444038446845,0,0,8638,24806,46,0.4109565963555003,0.4717407078932516,0.27175651792413497,0.34822220430540995,0.22072377072347207,0.4648215871789236,0.2440978164554515,0.4054566122243654,0.7257131573941734,0.2766821425597703,2.0307651512010594,0.02575225957713745,0.6459933617828355,0.4412032816773017,1.2228717439243755,-0.010718675294419975,0.003076695460949505,0.0030556025367000574,0.03990770808408819,0.03418803418803419,0.03734404375320458,0.03250915750915751,187.7826086956522,0.09724473257698542,0.5703161963820127,0.5
ca-HepTh,neutral,1,6.5,6.5,161239,0.0004949723319549233,0,0,8638,24806,47,0.41179299489491933,0.48601144884302183,0.27181848948103937,0.34822220430540995,0.20893181234851257,0.45561076382502363,0.24667895147651106,0.3841718592600393,0.7057954285231014,0.29489564060527995,1.7842688324790148,0.027585648805760754,0.6247985591051285,0.431998316616399,1.2155884750715151,-0.0074639694509490585,0.002804332256209713,0.00170324968581291,0.032846715328467155,0.034352941176470586,0.03135368281353683,0.03309803921568628,183.7872340425532,0.12410280157443852,0.6284650209613141,0.5
ca-HepTh,neutral,1,7.0,7.0,173642,-0.0006430417839572127,0,0,8638,24806,45,0.4148823719926011,0.47944045795372087,0.2724980316041995,0.34822220430540995,0.21432178819144562,0.45978945621688855,0.24546766802544293,0.39292123484763597,0.715722618032421,0.2882495860684615,2.001179265393541,0.02354503998419155,0.629840007573606,0.43951414730042826,1.2099288490568318,-0.007771672656644649,0.0026832819429920274,0.0019094777393264652,0.03481039266795594,0.02973747386354836,0.03380139577902968,0.028963060481685125,191.95555555555555,0.08682565408659412,0.6285096858840782,0.5
ca-HepTh,neutral,1,7.5,7.5,186045,0.00037877031483269643,0,0,8638,24806,41,0.413641537765455,0.47383697492542126,0.27226031520001653,0.34822220430540995,0.21895550399508704,0.463428494644194,0.24447299064910696,0.40155603762393705,0.721498611123496,0.2785033346020637,2.02398091372047,0.01887671844492822,0.6486128207556102,0.4353808353808354,1.2327221599497138,-0.0017128972773986964,0.0029253825694273983,0.002337467277967067,0.035136974646928706,0.035013790989886606,0.03301003913561341,0.03340484216978241,210.6829268292683,0.07837462375549896,0.5714003354435027,0.5
ca-HepTh,neutral,1,8.0,8.0,198448,0.00023999151319900245,0,0,8638,24806,49,0.4152613436113628,0.4876642747722325,0.272265191869729,0.34822220430540995,0.20959243340903488,0.4556038956782804,0.24601146226924553,0.3847877777736846,0.7094545927644061,0.29359145670485215,1.8609686883980021,0.02591695545963124,0.6194807655865074,0.43299186079146784,1.209130527275073,-0.0036745879296238154,0.0030968705131524527,0.0026577585148553993,0.039017938331817804,0.03532929420095995,0.03695131024220881,0.03399165945393028,176.28571428571428,0.1094003241491086,0.6560333788528145,0.5
ca-HepTh,neutral,1,8.5,8.5,210851,0.00025022704718500786,0,0,8638,24806,53,0.41168720988163265,0.4745626058211723,0.27388946220725535,0.34822220430540995,0.21940848792538875,0.463507628461643,0.24409914053625426,0.4000233540071436,0.719869756591024,0.28087157084289494,1.9727879431727793,0.027470883242102784,0.6471089240087063,0.43514291733970084,1.231562372944604,-0.001632828271185369,0.0030060827782391886,0.002400369837375727,0.03907577302072715,0.03329752953813104,0.036782195039075774,0.031763081172318554,162.9811320754717,0.10361194721000232,0.6539162192506127,0.5
ca-HepTh,neutral,1,9.0,9.0,223254,-0.001151648906509327,0,0,8638,24806,51,0.4113378805258057,0.4782713859550109,0.2736102522121437,0.34822220430540995,0.21959917726757042,0.46279337870663934,0.24319420143906892,0.40092013659723197,0.7204040938444909,0.2814876258702007,1.906831693090703,0.026280219817655825,0.6396891584533738,0.43440437771853513,1.226095600725884,0.001154367217825532,0.0030161703043406624,0.002345488124438455,0.03641267700606878,0.035929531757070005,0.03506405933917734,0.03492505022407665,169.37254901960785,0.11611484139847186,0.6530968951600089,0.5
ca-HepTh,neutral,1,9.5,9.5,235657,-0.0009460125471740729,0,0,8638,24806,40,0.41493149218000985,0.48322986374264293,0.27211651525459496,0.34822220430540995,0.21411982103632193,0.458872933397751,0.24475311236142905,0.3932127197647322,0.7155576685570378,0.28572828588851484,1.9234377047638866,0.024776105965060302,0.6322263222632226,0.43105991430778956,1.223418843128286,-0.007512606409268555,0.002804332256209713,0.0029511076153146405,0.03353633102527739,0.033699976597238473,0.032868941353132564,0.03299789375146267,215.95,0.10662190321833757,0.573084047233156,0.5
ca-HepTh,neutral,1,10.0,10.0,248060,-0.00014749353720846527,0,0,8638,24806,46,0.4143134900007964,0.4873417721518987,0.2729493609439133,0.34822220430540995,0.21249913492295258,0.4571616342342654,0.24466249931131284,0.3891399955828498,0.7123170773487892,0.28982085325817997,1.836730111526445,0.029216872728967336,0.6256603773584906,0.42834013796987186,1.2204239459585369,-0.010770290025698136,0.0026731944168905536,0.002276705615964845,0.0320125734138473,0.032083038452465205,0.030606336338820414,0.030824880081780293,187.7826086956522,0.11356795554526511,0.6310840875001258,0.5
ca-HepTh,neutral,1,10.0,10.0,248060,-0.00014749353720846527,1,0,8638,24806,46,0.4143134900007964,0.4873417721518987,0.2729493609439133,0.34822220430540995,0.21249913492295258,0.4571616342342654,0.24466249931131284,0.3891399955828498,0.7123170773487892,0.28982085325817997,1.836730111526445,0.029216872728967336,0.6256603773584906,0.42834013796987186,1.2204239459585369,-0.010770290025698136,0.0026731944168905536,0.002276705615964845,0.0320125734138473,0.032083038452465205,0.030606336338820414,0.030824880081780293,187.7826086956522,0.11356795554526511,0.6310840875001258,0.5
ca-HepTh,neutral,2,0.0,0.0,0,1.0,0,0,8638,24806,47,0.7618818232012058,0.7991211803595905,0.2816048208693767,0.3482222043054099,0.1736473032809125,0.3831042696222199,0.2094569663413074,0.2470593830248225,0.6870721548963393,0.3113662627073198,1.5813393919743293,0.055035628674645065,0.2856234770632482,0.14882540508882672,1.4218695508791763,0.23891531080420653,0.281129264921973,0.48156415202616737,3.802149018816526,1.6530202689143088,0.887907985673208,0.8101545253863135,183.7872340425532,0.06691363741606854,0.38671776859300566,0.3
ca-HepTh,neutral,2,0.01,0.01,248,0.6798184731445396,0,0,8638,24806,49,0.751084677680921,0.7902523583004112,0.28128656926466294,0.34822220430540995,0.1681972088362739,0.38350117219927166,0.21530396336299776,0.24344520894058913,0.6773874585615767,0.31962105883666625,1.4995648992184607,0.05819614600818679,0.2945089757127772,0.1574074074074074,1.404111022781309,0.23341470242281942,0.2654028117297753,0.45371950277318157,3.650716727031577,1.4155295022102634,0.8757333061266133,0.7316932538919854,176.28571428571428,0.06888168557536467,0.4291857053078234,0.3
ca-HepTh,neutral,2,0.02,0.02,496,0.6503770033989243,0,0,8638,24806,53,0.7358214011469952,0.7760219301781827,0.28108999202445795,0.34822220430540995,0.1640880058696353,0.3849743191410019,0.2208863132713666,0.24337233004073658,0.6679851804063467,0.3294304507587445,1.456688536968415,0.05267222750940026,0.3036919831223629,0.17467049458436643,1.3559005279577634,0.23141231554016342,0.2495956583287659,0.42601432834741676,3.4856103896103896,1.2834773218142548,0.8612987012987013,0.6686465082793377,162.9811320754717,0.07640657559620283,0.42252967362291227,0.3
ca-HepTh,neutral,2,0.05,0.05,1240,0.5735885339755046,0,0,8638,24806,50,0.7039028830019427,0.7438522937998872,0.2804921725246012,0.34822220430540995,0.15820783501199095,0.38874677834661736,0.2305389433346264,0.2462044113463349,0.6576297997250315,0.3389614887611143,1.4430003137827818,0.04542013683998991,0.3430244718678101,0.2016531094200997,1.3391666744024078,0.21502199145010834,0.2091951162923634,0.3556570637142992,3.0559830912638195,0.9167453572552723,0.820886624756124,0.5132200188857413,172.76,0.0731650845103033,0.412479740680713,0.3
ca-HepTh,neutral,2,0.1,0.1,2481,0.4538883052325065,0,0,8638,24806,48,0.6529484221244677,0.6935821978553576,0.279898169655664,0.34822220430540995,0.15261833372172628,0.3949871786913989,0.2423688449696726,0.2513695192477706,0.6424462534774845,0.35334341475511355,1.3477014033766421,0.03722337217910232,0.38669567920422754,0.2552952820851204,1.2619882934271895,0.1973935755367058,0.1566996304602938,0.26340878868124135,2.4587038651554782,0.5657150374950665,0.7509444928799768,0.3467964741481384,179.95833333333334,0.08925677240101876,0.3549529212008953,0.3
ca-HepTh,neutral,2,0.15,0.15,3721,0.3766370608624564,0,0,8638,24806,47,0.6096169120069882,0.6483512053535435,0.27860701854272085,0.34822220430540995,0.15429133434630646,0.40247856605268206,0.2481872317063756,0.2644290775606724,0.639207579527926,0.35588401546092335,1.3083460549890893,0.03227939958486603,0.44009429127805677,0.2943052694531198,1.2515165641916173,0.17623186657639617,0.11678328967676203,0.19492271911558107,1.9628800596903562,0.3624899690473461,0.6735683641111733,0.24624555772096757,183.7872340425532,0.07849039129428108,0.34370643322676164,0.4
ca-HepTh,neutral,2,0.2,0.2,4961,0.3013331054650932,0,0,8638,24806,49,0.5703666344569245,0.6121905990486173,0.2781003820403551,0.34822220430540995,0.16277539833425064,0.41134803402303843,0.2485726356887878,0.28519353460605124,0.6461204795805744,0.34828028496538965,1.3421714822243935,0.026185027235284264,0.485534463506243,0.32343697759946505,1.2519925053779486,0.1545619510311954,0.08747902635198068,0.1454873641642006,1.5422099301988674,0.26985446985446987,0.5900829711576452,0.19022869022869024,176.28571428571428,0.08948830747858301,0.37258719185752565,0.4
ca-HepTh,neutral,2,0.3,0.3,7442,0.17790658994241246,0,0,8638,24806,43,0.508676343177553,0.549625090703862,0.27623626437221194,0.34822220430540995,0.17883311424689957,0.42876415191350326,0.24993103766660368,0.32209769448474196,0.6604744634433377,0.33515608960476173,1.3966455294953932,0.020865072744159496,0.5491549154915492,0.38366988586479367,1.2193283954245766,0.12076720572693789,0.05046789308567336,0.08052391146495082,0.9697814287809887,0.159953455066237,0.44190993105471615,0.12468671679197994,200.88372093023256,0.09018291271127576,0.2984379459069444,0.4
ca-HepTh,neutral,2,0.4,0.4,9922,0.10619720210172157,0,0,8638,24806,43,0.46659275770351205,0.5330565185842135,0.27554053768707315,0.34822220430540995,0.17840832565308956,0.43152880899942503,0.25312048334633547,0.32303412534310355,0.6553924576687944,0.34065323927684965,1.2770471827944803,0.03834994466674413,0.559837928649076,0.4029413767277184,1.1989415227548115,0.09369395571698924,0.028275335662431025,0.045588369330980996,0.5414807532330032,0.1078304411637745,0.3006125690085457,0.09099542432875767,200.88372093023256,0.11484139847186849,0.43288982699483625,0.4
ca-HepTh,neutral,2,0.5,0.5,12403,0.05345585765839084,0,0,8638,24806,40,0.4405788532005214,0.5074175602676771,0.2743524471938077,0.34822220430540995,0.197268799350044,0.44539335077232073,0.24812455142227674,0.3594775491076709,0.6845530620426312,0.3132460843622584,1.6173792695756681,0.03141923841302752,0.6034871192085415,0.41501678427074057,1.22514947860603,0.07269304649643002,0.017431245103346704,0.025565350625451608,0.3178676412171288,0.09681643342335707,0.199888774132041,0.08192159751207137,215.95,0.1081268812225052,0.4669367909238251,0.4
ca-HepTh,neutral,2,1.0,1.0,24806,0.008216168419135932,0,0,8638,24806,45,0.4107512424284735,0.48137547367572364,0.27225726371354125,0.34822220430540995,0.2115107357425606,0.45791685944239463,0.24640612369983403,0.3881695334904662,0.7086947898029413,0.2926993981583178,1.7953334680834645,0.0292365190067565,0.6296970858895705,0.4380130791707249,1.2141675796794937,0.01975055934269013,0.0034398464006025614,0.003279611065084144,0.04095134410853362,0.0415079673532841,0.03768528598944812,0.0384764865915274,191.95555555555555,0.1294281083584163,0.5708986133621468,0.5
ca-HepTh,neutral,2,1.5,1.5,37209,0.003323044585822416,0,0,8638,24806,44,0.41198289226696966,0.4765379343707168,0.2717182754007544,0.34822220430540995,0.21808492028940063,0.4623813871626972,0.2442964668732966,0.40086499498046924,0.7202496636957579,0.28127761376484295,1.9861474980257592,0.02562584414343594,0.6385735906167235,0.4379654348742448,1.2199042347969538,-0.011327133568908536,0.0027639821518038177,0.0028132033918677074,0.030792657135606125,0.035271467077397,0.03003130022840707,0.03365421640354255,196.3181818181818,0.10245427182218106,0.5595571365425498,0.5
ca-HepTh,neutral,2,2.0,2.0,49612,0.00047195658890298616,0,0,8638,24806,50,0.41170620920706974,0.4832701765701846,0.27158478442897854,0.34822220430540995,0.21358179936504137,0.4585862897791301,0.2450044904140887,0.3929936811404515,0.7148313992465446,0.28705782289284654,1.9077001245940186,0.029473486854761477,0.630919616589162,0.43240591492045694,1.2209854898666523,-0.0040137231832132365,0.002501706473165499,0.0024496821804893625,0.0313646980313647,0.028709627086909034,0.03003003003003003,0.027851458885941646,172.76,0.1335957397545728,0.6140449178050476,0.5
ca-HepTh,neutral,2,2.5,2.5,62015,0.0011572683835463745,0,0,8638,24806,44,0.4117734267760598,0.47258727727162786,0.2717867635223743,0.34822220430540995,0.21918464460395445,0.46382297449623217,0.2446383298922777,0.40262258915938615,0.7246258833318144,0.27715874804769625,2.0743022542989684,0.0206436444872532,0.647887323943662,0.4378294791593449,1.228425663666321,-0.001395929889165815,0.0028648574128185555,0.0021296832473563483,0.031903096477011006,0.03653596269968662,0.030282350934061248,0.03493082626308951,196.3181818181818,0.09319286871961102,0.5720179334441895,0.5
ca-HepTh,neutral,2,3.0,3.0,74418,-0.00014867065499287854,0,0,8638,24806,51,0.41456001319574687,0.4876239619446908,0.2726175053959529,0.34822220430540995,0.2111807559437382,0.45642616334938774,0.24524540740564954,0.38720194099034233,0.7126224078341014,0.2892730533128104,1.9719011701557079,0.02896783479720455,0.6268699110017042,0.42747823645043526,1.2234567279550177,-0.005212442230778006,0.0028547698867170818,0.0028410744686746645,0.03571428571428571,0.03280881195908733,0.03406084656084656,0.03154996066089693,169.37254901960785,0.11021069692058347,0.6847218628131966,0.5
ca-HepTh,neutral,2,3.5,3.5,86821,6.266519460474979e-05,0,0,8638,24806,53,0.4124352658643485,0.4739982262355882,0.2719284987813314,0.34822220430540995,0.21854286091143452,0.46317613678837366,0.24463327587693914,0.40129510434261195,0.719225471049154,0.2811206543539137,1.9601693305876613,0.022978218562188735,0.6473375023687701,0.4361493123772102,1.2306755122439998,0.0011838140837469198,0.0030968705131524527,0.002858044815096941,0.04031297839768668,0.03425812385039853,0.03801666950161592,0.03280196198651134,162.9811320754717,0.11426256077795786,0.6221915450379412,0.5
ca-HepTh,neutral,2,4.0,4.0,99224,0.0005120448460033038,0,0,8638,24806,47,0.4126816525488775,0.4771426267838426,0.2732443409792656,0.34822220430540995,0.2178250560374858,0.46211364092583207,0.24428858488834626,0.39817352972841674,0.7203259373868988,0.2821841347295068,1.9888157254411218,0.027032463381414296,0.6379813576876,0.4366584420162143,1.2201823869544028,-0.006331092272129683,0.003127133091456874,0.0022697176909776537,0.03641432916525853,0.038473400154202,0.034640081108482594,0.03608326908249807,183.7872340425532,0.11646214401481825,0.6096860482873794,0.5
ca-HepTh,neutral,2,4.5,4.5,111627,-0.0013271229025498827,0,0,8638,24806,54,0.41302287253562303,0.4742804160283802,0.2732338484810125,0.34822220430540995,0.21516781875455104,0.46134014046513344,0.2461723217105824,0.393221714039121,0.7139660679175452,0.2879361351216584,1.9044138561752235,0.026129076623756742,0.6388259720649302,0.4413793103448276,1.215145852545254,-0.005635285990863179,0.0027236320473979225,0.001932296674829186,0.03493412664683383,0.030595813204508857,0.032979175520611984,0.029445594662985967,159.96296296296296,0.11993517017828201,0.6074708651694065,0.5
ca-HepTh,neutral,2,5.0,5.0,124030,-0.0001218975398354643,0,0,8638,24806,48,0.4130917469185969,0.4952027735225349,0.27179949491526456,0.34822220430540995,0.2046690222657562,0.45153855909101825,0.24686953682526205,0.3764900333240555,0.7026646647975759,0.2987042934685686,1.7659443615687276,0.031746028217683464,0.610879848628193,0.4260325934251194,1.2101489798012262,-0.0052316323231763485,0.0029253825694273983,0.0022720739873385285,0.035900358189514814,0.034259702922855774,0.0345978508629111,0.032502795080658044,179.95833333333334,0.12248205603148878,0.6398327159064598,0.5
ca-HepTh,neutral,2,5.5,5.5,136433,0.00038013313708278013,0,0,8638,24806,46,0.41182306131523494,0.4863339514633556,0.2719006660995282,0.34822220430540995,0.2067788696181203,0.4544374891830238,0.24765861956490348,0.3801050246488537,0.7049181493500681,0.2964336766461257,1.8019329232161587,0.02878417474698236,0.6220996576645113,0.4338698390482855,1.211097481402124,-0.0005820052805515305,0.0030060827782391886,0.002508022147116618,0.036306366047745356,0.03578716057133888,0.0342340848806366,0.034609951342018525,187.7826086956522,0.1272285251215559,0.5918841921942477,0.5
ca-HepTh,neutral,2,6.0,6.0,148836,-0.001147444784171598,0,0,8638,24806,50,0.4137348337003064,0.48431831008626947,0.27237956546513753,0.34822220430540995,0.2137529583388276,0.45845069108563585,0.24469773274680826,0.3921876478145918,0.7141360472923345,0.2869193258271854,1.8573353316967465,0.02982133500918649,0.631184123065236,0.43047285464098073,1.2239800935550535,-0.0046747887799657144,0.0029959952521377148,0.0027208486568959843,0.036623938738138836,0.035256410256410256,0.034959214250041615,0.03377110694183865,172.76,0.10639036814077332,0.649812456587173,0.5
ca-HepTh,neutral,2,6.5,6.5,161239,6.739308975366877e-05,0,0,8638,24806,46,0.4117222751835706,0.47891639119567847,0.27072177691543736,0.34822220430540995,0.20997285435343696,0.4576356170028431,0.24766276264940615,0.3874570048042389,0.7085312711154038,0.29285588881751656,1.8715156138468012,0.027901966100097098,0.6302505179883218,0.4393853961093882,1.209499794926374,-0.012623457396774762,0.002885032465021503,0.002598738691059448,0.03644781144781145,0.03287946773943989,0.03425925925925926,0.03187374284388055,187.7826086956522,0.12201898587636027,0.5704470640345489,0.5
ca-HepTh,neutral,2,7.0,7.0,173642,-0.0003784901292419847,0,0,8638,24806,52,0.4132743141685545,0.482342981536725,0.2718059377038922,0.34822220430540995,0.21512117580602536,0.4595811907814711,0.24446001497544573,0.3954788460265367,0.7169458606734403,0.2854718449929549,1.919556319859145,0.02879960367568135,0.63006326125956,0.43390784382694336,1.2171442456821624,-0.012382588650810787,0.002834594834514134,0.002783000376331273,0.03568742164646887,0.03239623082314461,0.03368157124947764,0.03060509306128806,166.1153846153846,0.10442231998147719,0.670000178103906,0.5
ca-HepTh,neutral,2,7.5,7.5,186045,-0.00014223058850403202,0,0,8638,24806,57,0.4128594931254939,0.48129484802064015,0.2725668238060521,0.34822220430540995,0.21430475827375756,0.45938318651569937,0.24507842824194181,0.39284814585594036,0.7149110508143606,0.2857432134763075,1.8913398934569654,0.03061677803719265,0.6348351752148862,0.43223855404740136,1.2238844607430222,-0.0021744520859420815,0.0030464328826450837,0.0031926461601223346,0.04012061311667644,0.0331856687650579,0.037524080743780885,0.03170902308230357,151.5438596491228,0.10882148645519796,0.668961707347786,0.5
ca-HepTh,neutral,2,8.0,8.0,198448,0.001043474962110919,0,0,8638,24806,56,0.41364692586429025,0.4874627106345239,0.2729790948095516,0.34822220430540995,0.21214030775446122,0.45695202260703943,0.24481171485257822,0.3884429455148265,0.7132243884141148,0.2887635724039248,1.870403582503606,0.02784645703212807,0.6244928766864799,0.4290138664038854,1.2184340332770822,-0.00040069199375455765,0.00303634535654361,0.002215624217804187,0.035560701290109166,0.03720308321535316,0.033079722130334104,0.03555136070473494,154.25,0.1117156749247511,0.683450203420104,0.5
ca-HepTh,neutral,2,8.5,8.5,210851,0.0011164889903454225,0,0,8638,24806,45,0.4127518505954018,0.48496331532693704,0.27190876910800066,0.34822220430540995,0.2114251179843938,0.45711389612870335,0.24568877814430953,0.3886036662500349,0.7114261186160044,0.2888988620860706,1.8884464308571136,0.024766262582010312,0.6283419933868682,0.4307010758737079,1.2199946374416604,-0.0055482688477470005,0.0026328443124846584,0.0021845770546709935,0.03383208645054032,0.029430181590482152,0.03167082294264339,0.02833437695679399,191.95555555555555,0.11113683723084047,0.6160582439350673,0.5
ca-HepTh,neutral,2,9.0,9.0,223254,-0.00045640543237770163,0,0,8638,24806,48,0.41317829533833317,0.4910102394581956,0.2723083924340438,0.34822220430540995,0.2048595985109254,0.45249364229617606,0.24763404378525067,0.3760928596823895,0.7022515149103279,0.29876552722937033,1.8097780862669264,0.03482128039196397,0.6171623413525289,0.42883211678832117,1.2125240804364672,0.001850504362754265,0.0030565204087465575,0.002585949225728654,0.03645320197044335,0.0368287660383336,0.03431855500821018,0.03571994297481387,179.95833333333334,0.13116462144014818,0.647941267268658,0.5
ca-HepTh,neutral,2,9.5,9.5,235657,-0.0002929375987533743,0,0,8638,24806,49,0.411807124536097,0.47875513988551155,0.27106235078333285,0.34822220430540995,0.21517274825297228,0.46037989336898055,0.24520714511600827,0.396547927060723,0.7188182305061558,0.284456788203548,1.978497868149839,0.026987305209503765,0.6332860520094563,0.43798749209472276,1.2149492502820243,-0.011126299326051227,0.002794244730108239,0.0019228872214989672,0.03123947457056248,0.03557617942768755,0.03014482990906029,0.033565351894818254,176.28571428571428,0.10604306552442695,0.6511711422239652,0.5
ca-HepTh,neutral,2,10.0,10.0,248060,-0.0016497466585385422,0,0,8638,24806,53,0.41234849805286344,0.48109328388293154,0.27248293146247976,0.34822220430540995,0.2138897346262924,0.45921102411149056,0.24532128948519816,0.3922021152932413,0.7146304884030179,0.2862539661633911,1.8990111529106457,0.030178749916176195,0.6322439673190196,0.4353641456582633,1.218415464054972,0.0014753049700028335,0.0026731944168905536,0.00180578160351862,0.03460700519524049,0.029676817899316345,0.0322607675548852,0.028977625854568055,162.9811320754717,0.10696920583468396,0.6610588579641514,0.5
ca-HepTh,neutral,2,10.0,10.0,248060,-0.0016497466585385422,1,0,8638,24806,53,0.41234849805286344,0.48109328388293154,0.27248293146247976,0.34822220430540995,0.2138897346262924,0.45921102411149056,0.24532128948519816,0.3922021152932413,0.7146304884030179,0.2862539661633911,1.8990111529106457,0.030178749916176195,0.6322439673190196,0.4353641456582633,1.218415464054972,0.0014753049700028335,0.0026731944168905536,0.00180578160351862,0.03460700519524049,0.029676817899316345,0.0322607675548852,0.028977625854568055,162.9811320754717,0.10696920583468396,0.6610588579641514,0.5
ca-HepTh,up_pfix,1,0.0,0.0,0,1.0,0,0,8638,24806,47,0.7618818232012058,0.7991211803595905,0.2816048208693767,0.3482222043054099,0.1736473032809125,0.3831042696222199,0.2094569663413074,0.2470593830248225,0.6870721548963393,0.3113662627073198,1.5813393919743293,0.055035628674645065,0.2856234770632482,0.14882540508882672,1.4218695508791763,0.23891531080420653,0.281129264921973,0.48156415202616737,3.802149018816526,1.6530202689143088,0.887907985673208,0.8101545253863135,183.7872340425532,0.06691363741606854,0.38671776859300566,0.3
ca-HepTh,up_pfix,1,0.01,0.01,248,0.7740932010850868,0,0,8638,24806,47,0.7627558799280074,0.8019430782875111,0.2818361882676817,0.34822220430540995,0.1736155709693482,0.38260796985295525,0.20899239888360704,0.24550407231808444,0.6890640164039017,0.3105067484541176,1.6325308801367202,0.04954158093284311,0.28099085689985115,0.1474025974025974,1.418737878334563,0.24644973811614346,0.27178821575200823,0.4686322342983593,3.711255215402403,1.4249949114593934,0.8803096566631479,0.7164665174028089,183.7872340425532,0.07837462375549896,0.3897277246013411,0.3
ca-HepTh,up_pfix,1,0.02,0.02,496,0.8110016556404188,0,0,8638,24806,50,0.7603414721084931,0.7959364669837943,0.2821019717175181,0.34822220430540995,0.1771141939457083,0.3843647524692887,0.2072505585235804,0.25302832909871587,0.6932973641032718,0.30705799944545015,1.675922805366582,0.058610176672796443,0.29177323103154307,0.1506938140319025,1.4298156398594348,0.2534805909344581,0.2646865973765707,0.45828742235640907,3.6772183954619124,1.2078229948636903,0.8746454619124797,0.6392730146187278,172.76,0.059041444778884004,0.375466543181292,0.3
ca-HepTh,up_pfix,1,0.05,0.05,1240,0.8559567239930236,0,0,8638,24806,45,0.7587480769663176,0.8014593243570104,0.2827040658514893,0.34822220430540995,0.1795995226302908,0.3838800148735863,0.2042804922432955,0.2534186739865465,0.6990540058525894,0.3041416938397679,1.7720930961403412,0.05253259900698559,0.28112233928187486,0.1489938080495356,1.4159432991322207,0.2758999126741756,0.24623651213697514,0.4321765477790363,3.4907197827071075,0.7778680203045685,0.8509632312257934,0.4558375634517767,191.95555555555555,0.08890946978467237,0.38657611072521947,0.3
ca-HepTh,up_pfix,1,0.1,0.1,2481,0.9049287874189395,0,0,8638,24806,46,0.7603077150314268,0.7985971136015481,0.2835982493631939,0.34822220430540995,0.19059658174988853,0.3866089060075161,0.19601232425762755,0.2695307222984574,0.7208513908552384,0.28686119516511743,2.1023235830997264,0.054348530450047394,0.29116136785753305,0.14891714048425223,1.4456663112638044,0.31139099597370373,0.22476016906693747,0.40291168936253297,3.267188288743059,0.4243394715772618,0.8219081272084806,0.2812249799839872,187.7826086956522,0.06946052326927529,0.3873934183637515,0.3
ca-HepTh,up_pfix,1,0.15,0.15,3721,0.9264832588590881,0,0,8638,24806,46,0.7607963313331286,0.7987180520841732,0.28427665592658014,0.34822220430540995,0.20061575601433884,0.38860253445858234,0.1879867784442435,0.28295866915965545,0.7391116098347509,0.27089531360156177,2.3681501048696667,0.05640458626880773,0.2982998454404946,0.14547879095758193,1.481999993189848,0.33855424089972674,0.211081483673339,0.3850195246660415,3.0813607227577853,0.34528339675545766,0.7962448897188714,0.22331263769276988,187.7826086956522,0.0676082426487613,0.38206307820852237,0.3
ca-HepTh,up_pfix,1,0.2,0.2,4961,0.9291949357198005,0,0,8638,24806,44,0.7603523758784028,0.7988389905667983,0.28495861546099954,0.34822220430540995,0.2072044414000307,0.3899036588964828,0.18269921749645213,0.29148673688896265,0.7521391794489262,0.26040652156149197,2.586023445096353,0.05282203439462463,0.3026183844011142,0.14364222095887816,1.5043590467843762,0.3610241847797361,0.2004593186884871,0.36973669036902224,2.922436415018167,0.34168336673346694,0.77215381509891,0.21422845691382766,196.3181818181818,0.06922898819171104,0.3582005514744575,0.3
ca-HepTh,up_pfix,1,0.3,0.3,7442,0.9249835904285985,0,0,8638,24806,51,0.7528372106594177,0.8138353624123196,0.28630552641432544,0.34822220430540995,0.2061855934531806,0.3866066705864222,0.18042107713324157,0.28031443262811706,0.7492038405467599,0.26423856974410226,2.356136783396969,0.059776920582712556,0.27592466530519627,0.13669334667333666,1.4821540163622127,0.40643555325815944,0.18458155260476736,0.3428147136139554,2.6489003368337625,0.30705933304460803,0.7264216366158114,0.17388479861411868,169.37254901960785,0.13151192405649456,0.49491303814880894,0.3
ca-HepTh,up_pfix,1,0.4,0.4,9922,0.9070406819348495,0,0,8638,24806,54,0.7475387983581747,0.8139563008949448,0.2874259874752606,0.34822220430540995,0.2088901436314042,0.38708489933318274,0.17819475570177853,0.2828133747249724,0.7493473406969937,0.26255835320897775,2.1807375329956233,0.059358584675630044,0.2797461050201962,0.13574127997026206,1.5036580457488593,0.45500600798172497,0.17532120364361442,0.32002580376958073,2.499380912287653,0.3629469122426869,0.6913476301322371,0.19176598049837487,159.96296296296296,0.13197499421162306,0.5137591863685866,0.3
ca-HepTh,up_pfix,1,0.5,0.5,12403,0.9351383376686341,0,0,8638,24806,52,0.7578866669549854,0.810408772071273,0.28820910265036004,0.34822220430540995,0.22856774294403856,0.39155664335506785,0.16298890041102929,0.31086256980014526,0.7830944820861908,0.22406972790955834,2.4556913610677626,0.058362350743554114,0.31626541397533764,0.1233810079184826,1.6681437080740429,0.4952827032889754,0.16573805384721432,0.2983983642805873,2.3417400388001792,0.4707633425473102,0.6551261005820027,0.22113544546034447,166.1153846153846,0.10060199120166705,0.5029342618483623,0.3
ca-HepTh,up_pfix,1,1.0,1.0,24806,0.9376326909981673,0,0,8638,24806,47,0.7889556084295807,0.843989357413529,0.29122102693825225,0.34822220430540995,0.23615734059913723,0.3850652627637935,0.14890792216465626,0.29425531664852145,0.7822442877468826,0.21436135129184156,1.6477859161105084,0.06348457157689757,0.2856237322515213,0.09557867360208062,1.8307964605248677,0.6593427735653314,0.16945026345255668,0.22926267731876634,2.3403706534199467,0.3607235142118863,0.55760412686282,0.21266149870801035,183.7872340425532,0.0871729567029405,0.46527712778273145,0.3
ca-HepTh,up_pfix,1,1.5,1.5,37209,0.9249481406197123,0,0,8638,24806,46,0.829519150361217,0.8842215593001693,0.29308727513480365,0.34822220430540995,0.22979676839411162,0.37482771582794033,0.14503094743382872,0.2508657380776577,0.7656506490857734,0.22445282003264796,1.4077170049675576,0.13190771072119922,0.21903343711926357,0.07199035535909065,1.8918326745057286,0.7602274053484261,0.21198936102247162,0.20323376089582001,2.800082064374943,0.5668523676880223,0.5376584298349594,0.30536211699164345,187.7826086956522,0.13290113452188007,0.45953169513877,0.3
