network,chain,chain_seed,spe,spe_nom,accepted,proposals,acc_rate_cum,acc_rate_interval,M_inter,M_total,final,stalled,n,m,n_comms,Q,p_intra,sd_s,mu_s,delta,mu_intra,mu_inter,r_pb,auc_s,auc_prod,hb,deg_R2,hub_inter_frac,nonhub_inter_frac,hub_inter_lift,assort_deg,transitivity,avg_local_cc,tri_intra,tri_inter,tri_frac_intra_ge1,tri_frac_inter_ge1,comm_size_mean,comm_size_max_frac,comm_size_gini,seconds
ca-GrQc,up,1,0.0,0.0,0,0,,,356268,6769056,0,0,4158,13422,42,0.8513623535140842,0.8959171509462077,0.28700993739820324,0.3097898971837282,0.08723506953795679,0.3188695717586444,0.2316345022206876,0.09281489735988588,0.5235911226462407,0.4671170327863241,0.47820995409767336,0.20120241734161926,0.1005940594059406,0.10618729096989966,0.9664806480648065,0.639186140675376,0.6288944756689877,0.5568782161697932,11.728316008316009,1.6492483894058698,0.9212474012474012,0.7816750178954903,99.0,0.06132756132756133,0.3693052978767266,0.0
ca-GrQc,up,1,0.01,0.01,134,151,0.8874172185430463,0.8874172185430463,425875,6722568,0,0,4158,13422,42,0.8331087400436625,0.8776635374757861,0.2864910821861625,0.3097898971837282,0.0707822659591586,0.3184491492106198,0.2476668832514612,0.08095717421617876,0.5120571728129801,0.4748495561129849,0.4852234314370498,0.20120241734161926,0.12477893495775201,0.12084483379335173,1.0199652040212839,0.6269554567010083,0.596935753491372,0.5233515997975082,11.359847198641766,1.3605359317904995,0.914346349745331,0.6479902557856273,99.0,0.06132756132756133,0.3693052978767266,0.0
ca-GrQc,up,1,0.02,0.02,268,298,0.8993288590604027,0.9115646258503401,487300,6676679,0,0,4158,13422,42,0.8155256674762359,0.8600804649083594,0.28615930949405666,0.3097898971837282,0.060848553115930015,0.3183037984467081,0.25745524533077807,0.07376512712181967,0.5046705820467802,0.4797188439360963,0.4839606646225566,0.20120241734161926,0.14792438121223933,0.13496562537691473,1.0572103539034488,0.6148823656474082,0.5639371882116015,0.49049021476974847,10.948891198891198,1.1384451544195953,0.9073977823977823,0.556975505857295,99.0,0.06132756132756133,0.3693052978767266,0.0
ca-GrQc,up,1,0.05,0.05,671,761,0.8817345597897503,0.8704103671706264,721371,6517265,0,0,4158,13422,42,0.7633724861321739,0.8079272835642974,0.28510778165780093,0.3097898971837282,0.050699559785207404,0.3195278993537673,0.2688283395685599,0.07005096041520804,0.5018290816742639,0.4761417045287724,0.5235339391035891,0.20120241734161926,0.2184697576798321,0.17516196064050849,1.1374325397900336,0.5729416012546649,0.4641385755465757,0.4088146192654094,9.572666912578384,0.7680372381691234,0.8848210992253781,0.39410395655546937,99.0,0.06132756132756133,0.3693052978767266,0.0
ca-GrQc,up,1,0.1,0.1,1342,1562,0.8591549295774648,0.8377028714107366,1139700,6280241,0,0,4158,13422,42,0.6812684777876649,0.7258232752197884,0.2841938031876106,0.3097898971837282,0.044905421395103784,0.322101918546713,0.2771964971516092,0.07048795479402953,0.5050533101853918,0.4696632074924353,0.5869242146167952,0.20120241734161926,0.32507854370726297,0.23979528148795407,1.1856533189236096,0.510582161434915,0.32774801574243484,0.30268023450741527,7.475364401560254,0.5095108695652174,0.842640114966126,0.2877717391304348,99.0,0.06132756132756133,0.3693052978767266,0.0
ca-GrQc,up,1,0.15,0.15,2013,2422,0.8311312964492156,0.7802325581395348,1483083,6068861,0,0,4158,13422,42,0.6054228512044433,0.6499776486365668,0.28278913454072496,0.3097898971837282,0.03983985059612549,0.3237347353673519,0.28389488477122643,0.06719734009752322,0.5023681387438127,0.4706020946215126,0.6005581634769724,0.20120241734161926,0.41656210790464243,0.3026902970801989,1.1901014500417435,0.4549694876588471,0.23483342766509152,0.21638334838360768,5.93145346171481,0.3782460621541081,0.7912654745529574,0.2332907620263942,99.0,0.06132756132756133,0.3693052978767266,0.0
ca-GrQc,up,1,0.2,0.2,2684,3289,0.8160535117056856,0.7739331026528259,1817131,5897822,0,0,4158,13422,42,0.5371766881884993,0.5817314856206228,0.2811859567583868,0.3097898971837282,0.037786197891824136,0.32559467403998665,0.2878084761481625,0.06628701151815664,0.5034971736167485,0.46860548925914136,0.619326871431809,0.20120241734161926,0.4929059379926432,0.36302346687410864,1.178443801164456,0.40997026299244116,0.16902057309833757,0.15906414504552513,4.69031762295082,0.3386177413608835,0.7470543032786885,0.21125757035981474,99.0,0.06132756132756133,0.3693052978767266,0.0
ca-GrQc,up,1,0.3,0.3,4027,5234,0.7693924340848299,0.6904884318766067,2409523,5583779,0,0,4158,13422,42,0.4146912165747311,0.45924601400685444,0.28012021185807884,0.3097898971837282,0.03994287790128054,0.33138916762088316,0.2914462897196026,0.07105873455246871,0.508286857134887,0.464801678257329,0.6446660405211234,0.20120241734161926,0.6195195699647237,0.47797563261480785,1.1456588134563959,0.3273476359195975,0.08750477143195609,0.08101643149508417,2.8864373783257626,0.29650041333700744,0.6380597014925373,0.1944061724993111,99.0,0.06132756132756133,0.3693052978767266,0.0
ca-GrQc,up,1,0.4,0.4,5369,7459,0.7198015819814989,0.6031460674157303,2999198,5454011,0,0,4158,13422,42,0.31418458567024593,0.35873938310236925,0.2821593422787518,0.3097898971837282,0.05327755371216958,0.3439546941439907,0.29067714043182113,0.09056422062130096,0.5236079787745516,0.45321507126525645,0.6834885000245945,0.20120241734161926,0.7174592726674346,0.578216473791695,1.118826345735135,0.29320653718474654,0.04916220236136522,0.044513235810582245,1.7551401869158878,0.319972115719763,0.5277258566978194,0.20041826420355524,99.0,0.06132756132756133,0.3693052978767266,0.0
ca-GrQc,up,1,0.5,0.5,6711,9907,0.6773998183102856,0.548202614379085,3505730,5332777,0,0,4158,13422,42,0.23103751369885564,0.275592311130979,0.2838374457130002,0.3097898971837282,0.06913216473063982,0.35986976886276345,0.29073760413212363,0.10882672009954335,0.5424679268619929,0.43678328465735256,0.7299830753359154,0.20120241734161926,0.7948426856957509,0.6645534729878722,1.0972311557552576,0.26131067715746004,0.032340436734102904,0.02564363892993215,1.1048932143822654,0.33775583667592307,0.4174101108407678,0.2072405636120539,99.0,0.06132756132756133,0.3693052978767266,0.0
ca-GrQc,up,1,1.0,1.0,13422,27524,0.48764714431042,0.3809388658681955,5400180,5616343,0,0,4158,13422,42,0.015048838389661803,0.05960363582178513,0.3066693922930899,0.3097898971837282,0.21076936443289962,0.5079966411765802,0.29722727674368055,0.1627154907191569,0.6886200186182855,0.30612719854222786,1.5833928816428722,0.20120241734161926,0.9761029411764706,0.911669803710675,1.0379697097504823,0.3359150079928488,0.02712805865241599,0.0063516181087783915,0.39625,0.46474409760735225,0.13875,0.25043574710822375,99.0,0.06132756132756133,0.3693052978767266,0.0
ca-GrQc,up,1,1.5,1.5,20133,58216,0.3458327607530576,0.21865632738172813,6402657,6413517,0,0,4158,13422,42,-0.03188902481999398,0.012665772612129339,0.3305175143292902,0.3097898971837282,0.4138396667220652,0.7183879647892123,0.3045482980671471,0.1400185505197309,0.8242695886081568,0.17863385770849238,7.563066264989919,0.20120241734161926,0.9987020211385129,0.9796985926018185,1.0115136226774162,0.5456461916656806,0.04443683940347228,0.006348112171592081,0.16470588235294117,0.762149109568367,0.03529411764705882,0.3007093268940537,99.0,0.06132756132756133,0.3693052978767266,0.0
ca-GrQc,up,1,2.0,2.0,26844,114531,0.2343819577232365,0.11916896031252774,6963867,6964569,0,0,4158,13422,42,-0.04217065199925192,0.0023841454328714052,0.3483650304767137,0.3097898971837282,0.7369210340630241,1.0449540043290042,0.30803297026598003,0.1031654894103219,0.8875210044809559,0.11390496639283047,23.70733612914345,0.20120241734161926,1.0,0.9962406015037594,1.0023898431665421,0.6906243121579211,0.05886301712450476,0.007431824944961887,0.0,1.0019417475728156,0.0,0.3278566094100075,99.0,0.06132756132756133,0.3693052978767266,0.0
ca-GrQc,up,1,2.5,2.5,33555,229355,0.14630158487933553,0.058445969483731625,7284912,7284930,0,0,4158,13422,42,-0.04418227470823717,0.00037252272388615704,0.35888478856028544,0.3097898971837282,1.2073265260490422,1.5166666666666666,0.30934014061762444,0.0649180056140611,0.9578072594469703,0.04214802116717597,150.8225882586768,0.20120241734161926,1.0,0.9994379496402878,1.0003726615487814,0.7749091630594959,0.07102523264844089,0.008973955076051,0.0,1.20652903033465,0.0,0.3532831482447641,99.0,0.06132756132756133,0.3693052978767266,0.0
ca-GrQc,up,1,3.0,3.0,40266,536515,0.07505102373652181,0.021848547988019273,7464783,7464783,0,0,4158,13422,42,-0.04455479743212332,0.0,0.3669227149942966,0.3097898971837282,nan,nan,nan,nan,nan,nan,nan,0.20120241734161926,1.0,1.0,nan,0.8222272925733911,0.07973885459307913,0.013370994566130402,nan,nan,nan,nan,99.0,0.06132756132756133,0.3693052978767266,0.0
ca-GrQc,up,1,3.2291,3.2291,43341,950000,0.045622105263157894,0.0074367873078829945,7513729,7513729,1,1,4158,13422,42,-0.04455479743212332,0.0,0.36953369060671687,0.3097898971837282,nan,nan,nan,nan,nan,nan,nan,0.20120241734161926,1.0,1.0,nan,0.8351046600189556,0.08655706632619484,0.017564630243394067,nan,nan,nan,nan,99.0,0.06132756132756133,0.3693052978767266,0.0
ca-GrQc,up,2,0.0,0.0,0,0,,,356268,6769056,0,0,4158,13422,42,0.8513623535140842,0.8959171509462077,0.28700993739820324,0.3097898971837282,0.08723506953795679,0.3188695717586444,0.2316345022206876,0.09281489735988588,0.5235911226462407,0.4671170327863241,0.47820995409767336,0.20120241734161926,0.1005940594059406,0.10618729096989966,0.9664806480648065,0.639186140675376,0.6288944756689877,0.5568782161697932,11.728316008316009,1.6492483894058698,0.9212474012474012,0.7816750178954903,99.0,0.06132756132756133,0.3693052978767266,0.0
ca-GrQc,up,2,0.01,0.01,134,146,0.9178082191780822,0.9178082191780822,445828,6713121,0,0,4158,13422,42,0.8331087400436625,0.8776635374757861,0.2867885007235806,0.3097898971837282,0.07836019415476336,0.31937620613933254,0.24101601198456918,0.08953147861918767,0.520353455246304,0.46573694757108086,0.5103398475938173,0.20120241734161926,0.12745869394177814,0.11921324058527225,1.0418700305033781,0.6244700137586177,0.5886959840996144,0.5267390395824253,11.199660441426145,1.3660170523751523,0.9138370118845501,0.6516443361753959,99.0,0.06132756132756133,0.3693052978767266,0.0
ca-GrQc,up,2,0.02,0.02,268,295,0.9084745762711864,0.8993288590604027,519933,6665313,0,0,4158,13422,42,0.8156001720210131,0.8601549694531366,0.28622815472835766,0.3097898971837282,0.066688555060199,0.3191159602032479,0.2524274051430489,0.08080734305169437,0.512645082721638,0.46942761559605656,0.5203892359935491,0.20120241734161926,0.1537261022239563,0.13126808100289297,1.0992603857485037,0.611892046553176,0.553788846037408,0.4940431898332973,10.74291901255955,1.1678209909429942,0.9067128627111304,0.5700586041555674,99.0,0.06132756132756133,0.3693052978767266,0.0
ca-GrQc,up,2,0.05,0.05,671,742,0.9043126684636119,0.901565995525727,733453,6527768,0,0,4158,13422,42,0.7636705043112828,0.8082253017434063,0.28528734871517225,0.3097898971837282,0.04949084127624642,0.31928098833594537,0.26979014705969895,0.06829740431790969,0.502599815376364,0.4746025033635653,0.5334716217614368,0.20120241734161926,0.2200114788597666,0.17376449054301404,1.1472393431452166,0.5757048707819145,0.462835481026154,0.4155217207005879,9.535490412979351,0.7956487956487956,0.8874446902654868,0.40675990675990675,99.0,0.06132756132756133,0.3693052978767266,0.0
ca-GrQc,up,2,0.1,0.1,1342,1551,0.8652482269503546,0.8294190358467244,1094866,6309821,0,0,4158,13422,42,0.6811939732428877,0.7257487706750112,0.28376157903937577,0.3097898971837282,0.034513607643611055,0.3192552965084289,0.2847416888648178,0.05426305132542363,0.49409887228358745,0.4801289837098705,0.5555819529517672,0.20120241734161926,0.3215213358070501,0.24252988047808766,1.1723606001636042,0.5183644629312538,0.3369223276690403,0.30544041736621746,7.691818088491941,0.5066558000543331,0.8482701981316086,0.28198859005704974,99.0,0.06132756132756133,0.3693052978767266,0.0
ca-GrQc,up,2,0.15,0.15,2013,2410,0.8352697095435685,0.7811408614668219,1460758,6122121,0,0,4158,13422,42,0.6062424011969928,0.6507971986291163,0.2826023428971527,0.3097898971837282,0.030814609662379422,0.3205504452009814,0.289735835538602,0.05198075817422216,0.49516422984374203,0.47810381514154104,0.5840275101046988,0.20120241734161926,0.4105852601156069,0.3061120973877758,1.1757788268128175,0.46898183984596686,0.2438892764534769,0.2237839754399493,6.141499713795077,0.41412417324514617,0.8034344590726961,0.24109238318754,99.0,0.06132756132756133,0.3693052978767266,0.0
ca-GrQc,up,2,0.2,0.2,2684,3316,0.8094089264173703,0.7406181015452539,1800976,5956284,0,0,4158,13422,42,0.535761101837732,0.5803158992698555,0.2817958428647739,0.3097898971837282,0.03344576238433267,0.32382655189323095,0.2903807895088983,0.058573342935232885,0.49938421126153115,0.47412956821375934,0.5993032845331566,0.20120241734161926,0.48851590106007065,0.36949239886627155,1.1640085964900175,0.42535122682202053,0.1738249114817106,0.16287475817845798,4.831557324431891,0.35238771524942303,0.7531133650019258,0.21516066039410617,99.0,0.06132756132756133,0.3693052978767266,0.0
ca-GrQc,up,2,0.3,0.3,4027,5223,0.7710128278766992,0.7042475091767174,2393550,5701566,0,0,4158,13422,42,0.413052116589632,0.45760691402175535,0.28122812142235903,0.3097898971837282,0.038085668475337286,0.33044730043961074,0.29236163196427345,0.06746929903023804,0.5053961688750845,0.47007558747016576,0.6104545505008654,0.20120241734161926,0.6153715354531543,0.4854793793926535,1.1345490039632193,0.3583366131457385,0.09312518921195688,0.08256615382872202,3.0822207749918595,0.3151098901098901,0.6392054705307717,0.1940934065934066,99.0,0.06132756132756133,0.3693052978767266,0.0
ca-GrQc,up,2,0.4,0.4,5369,7402,0.7253445014860849,0.6158788435061955,2985781,5473147,0,0,4158,13422,42,0.3122474675060379,0.35680226493816125,0.28200399261623044,0.3097898971837282,0.05133390248038233,0.3428077469909954,0.2914738445106131,0.087203733421554,0.5241253648069947,0.45292661565607134,0.665888251552163,0.20120241734161926,0.7204907161803713,0.5801082543978349,1.1201698589798383,0.2982410916618912,0.049715030339725956,0.04748396607840641,1.787220714136563,0.3210934785126839,0.5214032157026519,0.19993049924707518,99.0,0.06132756132756133,0.3693052978767266,0.0
ca-GrQc,up,2,0.5,0.5,6711,9820,0.6834012219959267,0.555004135649297,3501425,5359126,0,0,4158,13422,42,0.22783381827343477,0.27238861570555806,0.28421765683841527,0.3097898971837282,0.06339791778326626,0.3559189439033958,0.29252102612012953,0.09930432383778723,0.5390227185954396,0.4412113673303216,0.7055998511319727,0.20120241734161926,0.7963053784534903,0.6700889801505818,1.0944102795005883,0.26824292401773836,0.03185342161030892,0.027370076272415358,1.0943654266958425,0.3337087855826336,0.41466083150984684,0.20233463035019456,99.0,0.06132756132756133,0.3693052978767266,0.0
ca-GrQc,up,2,1.0,1.0,13422,27297,0.49170238487745904,0.3839903873662528,5384461,5626925,0,0,4158,13422,42,0.01720947018820152,0.06176426762032484,0.30467799660698447,0.3097898971837282,0.21041989062227717,0.5072133573689716,0.2967934667466944,0.1662533219225478,0.6835905159940561,0.3105144288615739,1.4619088570582182,0.20120241734161926,0.9749031497389253,0.9091516366065464,1.0390812416259712,0.3386990618952915,0.027509773208903163,0.007692144702543351,0.4390832328106152,0.46899070912411656,0.14957780458383596,0.2502977844834432,99.0,0.06132756132756133,0.3693052978767266,0.0
ca-GrQc,up,2,1.5,1.5,20133,58867,0.3420082558988907,0.2125752296484004,6384926,6402511,0,0,4158,13422,42,-0.03285758390209798,0.011697213530025332,0.32982583781332814,0.3097898971837282,0.42547071168283773,0.73028378710124,0.30481307541840225,0.1386983243612552,0.8111939133921219,0.19188156179400317,4.2974011298950625,0.20120241734161926,0.997585886722377,0.9820828667413214,1.0093929718498111,0.5427505861799231,0.04383136114145815,0.006162852233465815,0.21019108280254778,0.7506219374293253,0.050955414012738856,0.29807764794572184,99.0,0.06132756132756133,0.3693052978767266,0.0
ca-GrQc,up,2,2.0,2.0,26844,114810,0.23381238568068982,0.11996138927122249,6958439,6959713,0,0,4158,13422,42,-0.04217065199925192,0.0023841454328714052,0.34728806128544154,0.3097898971837282,0.6624770421862947,0.9706874977555123,0.3082104555692176,0.09303128548074745,0.8589747479462285,0.14099141150112024,13.053043872802755,0.20120241734161926,0.9997959600081616,0.9963619293510151,1.0021853155511236,0.68934673081694,0.05983704737209272,0.00793991462662605,0.0,1.0185212845407021,0.0,0.3259148618371919,99.0,0.06132756132756133,0.3693052978767266,0.0
ca-GrQc,up,2,2.5,2.5,33555,227059,0.1477809732272229,0.05978672415789896,7279315,7279326,0,0,4158,13422,42,-0.044033265618682704,0.0005215318134406199,0.35862431589252,0.3097898971837282,1.4052286885682337,1.7142857142857142,0.30905702571748045,0.08946113397426955,0.985453383738885,0.014546616261114956,345.30684782976994,0.20120241734161926,1.0,0.999214013024927,1.0005218039508013,0.773434787887573,0.07277585457991655,0.008812893576152437,0.0,1.2364517331345508,0.0,0.35199403652627653,99.0,0.06132756132756133,0.3693052978767266,0.0
ca-GrQc,up,2,3.0,3.0,40266,527645,0.0763126723459902,0.02232638911991909,7456015,7456015,0,0,4158,13422,42,-0.04455479743212332,0.0,0.3663555103466455,0.3097898971837282,nan,nan,nan,nan,nan,nan,nan,0.20120241734161926,1.0,1.0,nan,0.819920490020318,0.08122622510628776,0.012603260384093241,nan,nan,nan,nan,99.0,0.06132756132756133,0.3693052978767266,0.0
ca-GrQc,up,2,3.2441,3.2441,43542,950000,0.04583368421052632,0.007756508150726284,7511512,7511512,1,1,4158,13422,42,-0.04455479743212332,0.0,0.36928766292953774,0.3097898971837282,nan,nan,nan,nan,nan,nan,nan,0.20120241734161926,1.0,1.0,nan,0.8345213820467653,0.08891316651968462,0.017762106788535882,nan,nan,nan,nan,99.0,0.06132756132756133,0.3693052978767266,0.0
ca-GrQc,down,1,0.0,0.0,0,0,,,356268,6769056,0,0,4158,13422,42,0.8513623535140842,0.8959171509462077,0.28700993739820324,0.3097898971837282,0.08723506953795679,0.3188695717586444,0.2316345022206876,0.09281489735988588,0.5235911226462407,0.4671170327863241,0.47820995409767336,0.20120241734161926,0.1005940594059406,0.10618729096989966,0.9664806480648065,0.639186140675376,0.6288944756689877,0.5568782161697932,11.728316008316009,1.6492483894058698,0.9212474012474012,0.7816750178954903,99.0,0.06132756132756133,0.3693052978767266,0.0
ca-GrQc,down,1,0.01,0.01,134,2564,0.05226209048361934,0.05226209048361934,326373,6736343,0,0,4158,13422,42,0.8433158626781432,0.8878706601102667,0.285154016262567,0.3097898971837282,0.05292319148189317,0.31572413970945085,0.2628009482275577,0.058559993301108136,0.4870155619557978,0.4967188613825917,0.40317042454892105,0.20120241734161926,0.1039447731755424,0.11709770114942529,0.9270078043602193,0.6305795676919503,0.622379003066879,0.525467693046002,11.759503230678861,1.1388704318936878,0.91516321221784,0.6159468438538206,99.0,0.06132756132756133,0.3693052978767266,0.0
ca-GrQc,down,1,0.02,0.02,268,5622,0.04766986837424404,0.04381948986265533,302453,6713678,0,0,4158,13422,42,0.8366104536481923,0.8811652510803158,0.28344789413506793,0.3097898971837282,0.02176800111761712,0.31237669213102365,0.29060869101340653,0.02485110612152775,0.455560002576327,0.5232172121968409,0.34980884572416343,0.20120241734161926,0.10419539097892457,0.12774116237267824,0.876809114557445,0.6246165567583967,0.6173377384070656,0.49575911612943896,11.788365604126152,0.8037617554858935,0.9078379978016403,0.48589341692789967,99.0,0.06132756132756133,0.3693052978767266,0.0
ca-GrQc,down,1,0.05,0.05,671,14776,0.04541147807255008,0.044024470176971815,248243,6660010,0,0,4158,13422,42,0.8147806220284636,0.8593354194605871,0.27938578933003777,0.3097898971837282,-0.052387003435466095,0.30242090131976157,0.35480790475522767,-0.06519180097311641,0.37765670875789487,0.5933027454937944,0.236525100772546,0.20120241734161926,0.10512870898015327,0.1623664946597864,0.7473715741163227,0.6104968624816721,0.606807681676385,0.4196445215300667,11.943384775446505,0.2902542372881356,0.8892838564244842,0.22033898305084745,99.0,0.06132756132756133,0.3693052978767266,0.0
ca-GrQc,down,1,0.1,0.1,1342,34133,0.03931679020302933,0.0346644624683577,189859,6610854,0,0,4158,13422,42,0.7866179041026701,0.8311727015347936,0.2734474812456645,0.3097898971837282,-0.14180263968913048,0.28584974060977725,0.42765238029890773,-0.19425730490098653,0.292318426759774,0.6764497599160996,0.14557186882030496,0.20120241734161926,0.10348882791062329,0.20889423076923078,0.6129863407839301,0.597564245431164,0.5966593395021916,0.3340544807917958,12.17551093581929,0.0706090026478376,0.8603442093940481,0.05913503971756399,99.0,0.06132756132756133,0.3693052978767266,0.0
ca-GrQc,down,1,0.15,0.15,2013,58865,0.03419689119170984,0.02713084263302604,149668,6590146,0,0,4158,13422,42,0.7685132997218028,0.8130680971539264,0.26885787353519,0.3097898971837282,-0.20395628579055997,0.27166396058348125,0.4756202463740412,-0.29574642865747275,0.23388425146061734,0.7364860094788607,0.10107746656089003,0.20120241734161926,0.09549019607843137,0.24297043979812544,0.510828781093944,0.5921161081970132,0.5914469614205047,0.28611470076027584,12.346559149638047,0.025508170585890794,0.844589022267021,0.023116779593463532,99.0,0.06132756132756133,0.3693052978767266,0.0
ca-GrQc,down,1,0.2,0.2,2684,87556,0.030654666727580063,0.023387124882367293,125347,6582459,0,0,4158,13422,42,0.7558475271096735,0.800402324541797,0.2644843351670795,0.3097898971837282,-0.2530898506073553,0.25927375132043623,0.5123636019277915,-0.38247819823609597,0.18945244413256657,0.7832113357875647,0.07784459920049377,0.20120241734161926,0.08869701726844584,0.267475378332933,0.4443790092486301,0.5900937095627212,0.5878140918484198,0.2541038717049939,12.468491110490552,0.00933184023889511,0.8341245462161407,0.00933184023889511,99.0,0.06132756132756133,0.3693052978767266,0.0
ca-GrQc,down,1,0.3,0.3,4027,169371,0.023776207260983284,0.016415082808775898,92526,6606239,0,0,4158,13422,42,0.7491421180797226,0.7936969155118462,0.26159560299921597,0.3097898971837282,-0.3259856635239621,0.2425380492998174,0.5685237128237794,-0.5042527410929174,0.12908842067658668,0.8500038832934546,0.05464924162654519,0.20120241734161926,0.07081038552321008,0.28891820580474936,0.3432347397950615,0.5963500695891898,0.5841548971345083,0.21540832605702653,12.49685534591195,0.0039725532683279165,0.8119778466159767,0.0039725532683279165,99.0,0.06132756132756133,0.3693052978767266,0.0
ca-GrQc,down,1,0.4,0.4,5369,286781,0.01872160289558932,0.011430031513499701,69691,6643660,0,0,4158,13422,42,0.7597962679828668,0.8043510654149904,0.2631071994039503,0.3097898971837282,-0.3765534647502133,0.236117612991055,0.6126710777412683,-0.5677478267471954,0.09579515501354907,0.8904600325866087,0.04358300776364563,0.20120241734161926,0.05280788177339901,0.28249670540313887,0.26991142009236924,0.6061952860967791,0.581403919813618,0.19627667756628325,12.274268247499073,0.0,0.7916821044831419,0.0,99.0,0.06132756132756133,0.3693052978767266,0.0
ca-GrQc,down,1,0.5,0.5,6711,434319,0.015451776228992976,0.009095961718336971,51065,6679390,0,0,4158,13422,42,0.7760382587443032,0.8205930561764267,0.26645985004327505,0.3097898971837282,-0.4273259746634672,0.23312465005292585,0.660450624716393,-0.6153342027536438,0.07005507412191189,0.9224856977558613,0.03523774684736989,0.20120241734161926,0.03843121797398502,0.26509343555342596,0.21421254470383178,0.6155956117378941,0.5811933186790044,0.18548042871367545,12.02660250590158,0.0016611295681063123,0.7785545669148357,0.0016611295681063123,99.0,0.06132756132756133,0.3693052978767266,0.0
ca-GrQc,down,1,0.6371,0.6371,8551,750000,0.011401333333333333,0.005828668814404415,32220,6731824,1,1,4158,13422,42,0.8024873721402204,0.8470421695723439,0.27361288217332963,0.3097898971837282,-0.5016505086780128,0.23305852374340932,0.734709032421422,-0.659937928989417,0.044519010407506554,0.9511038875379024,0.026632364126211096,0.20120241734161926,0.02073050345508391,0.2330980016752423,0.13553084139022709,0.6293906488122358,0.5825359009121661,0.17561737670754035,11.677632157621602,0.003896736483195324,0.7617204679391327,0.003896736483195324,99.0,0.06132756132756133,0.3693052978767266,0.0
ca-GrQc,down,2,0.0,0.0,0,0,,,356268,6769056,0,0,4158,13422,42,0.8513623535140842,0.8959171509462077,0.28700993739820324,0.3097898971837282,0.08723506953795679,0.3188695717586444,0.2316345022206876,0.09281489735988588,0.5235911226462407,0.4671170327863241,0.47820995409767336,0.20120241734161926,0.1005940594059406,0.10618729096989966,0.9664806480648065,0.639186140675376,0.6288944756689877,0.5568782161697932,11.728316008316009,1.6492483894058698,0.9212474012474012,0.7816750178954903,99.0,0.06132756132756133,0.3693052978767266,0.0
ca-GrQc,down,2,0.01,0.01,134,2964,0.04520917678812416,0.04520917678812416,322010,6733482,0,0,4158,13422,42,0.8436138808572521,0.8881686782893756,0.2854748972819092,0.3097898971837282,0.055103240465651904,0.3159521653955404,0.2608489249298885,0.0608329208768686,0.487802444261497,0.4966648356398701,0.39888123394411784,0.20120241734161926,0.10306021717670286,0.11714730166327629,0.9215684443342474,0.6298268575979333,0.6222868650704856,0.5231150642919636,11.75471856387887,1.1345769487008661,0.9135978525291503,0.6102598267821452,99.0,0.06132756132756133,0.3693052978767266,0.0
ca-GrQc,down,2,0.02,0.02,268,5993,0.04471883864508593,0.044239022779795314,299690,6710703,0,0,4158,13422,42,0.8360889218347517,0.8806437192668752,0.28405435914541793,0.3097898971837282,0.02500179455671986,0.31277401839367197,0.2877722238369521,0.028535959729317457,0.4574964986660076,0.5222010980352394,0.3449058487558538,0.20120241734161926,0.10460992907801418,0.12832494608195544,0.8764509788296541,0.6238338540216959,0.6171402998433654,0.49399723833812625,11.788578680203045,0.8220973782771536,0.90668358714044,0.4712858926342072,99.0,0.06132756132756133,0.3693052978767266,0.0
ca-GrQc,down,2,0.05,0.05,671,15968,0.04202154308617234,0.04040100250626567,244086,6656203,0,0,4158,13422,42,0.8144826038493547,0.8590374012814782,0.27975868130463205,0.3097898971837282,-0.05111901177195122,0.30258402844043125,0.35370304021238247,-0.06358532018301752,0.38044182012545635,0.5911327009786035,0.2319794996638534,0.20120241734161926,0.10512870898015327,0.16284651386055443,0.7457915073634342,0.6094952660720521,0.6065312676872047,0.4259314910269803,11.937814397224631,0.31553911205074,0.8902862098872506,0.226215644820296,99.0,0.06132756132756133,0.3693052978767266,0.0
ca-GrQc,down,2,0.1,0.1,1342,33698,0.03982432191821473,0.03784545967287084,186272,6609235,0,0,4158,13422,42,0.7871394359161107,0.8316942333482342,0.27427963550502193,0.3097898971837282,-0.1366057793700351,0.28679835675779247,0.42340413612782757,-0.18634032692206104,0.2956658738353245,0.6725055147838083,0.14331011720685383,0.20120241734161926,0.10231281850254802,0.20877403846153847,0.6078984727495349,0.5971382972863848,0.5953035946981164,0.3382118191917257,12.13974737973663,0.07304116865869854,0.8632088148347219,0.06374501992031872,99.0,0.06132756132756133,0.3693052978767266,0.0
ca-GrQc,down,2,0.15,0.15,2013,57480,0.035020876826722336,0.028214616096207217,152314,6589737,0,0,4158,13422,42,0.7660546497441542,0.8106094471762777,0.2693865942691204,0.3097898971837282,-0.2046858794468872,0.2710243253200725,0.4757102047669597,-0.29771237672157186,0.23248950716203082,0.7374241059031795,0.1012700735295393,0.20120241734161926,0.09698275862068965,0.24609281077182016,0.5120781220326106,0.5920085030140517,0.5895383886380688,0.2820965047921953,12.344669117647058,0.022423288749016522,0.8416360294117647,0.022029897718332022,99.0,0.06132756132756133,0.3693052978767266,0.0
ca-GrQc,down,2,0.2,0.2,2684,88759,0.030239187012021315,0.02145209245819879,127224,6584313,0,0,4158,13422,42,0.752792840773807,0.7973476382059306,0.265650011052031,0.3097898971837282,-0.25700952887430234,0.25770630915376974,0.5147158380280721,-0.3889010162833647,0.18678198550023634,0.7857665073598118,0.07752259753035863,0.20120241734161926,0.09094472755782046,0.27115384615384613,0.4487721078239214,0.5905814846463661,0.5856291050768037,0.2494569488946973,12.469351523079798,0.010661764705882353,0.8286301625864324,0.010661764705882353,99.0,0.06132756132756133,0.3693052978767266,0.0
ca-GrQc,down,2,0.3,0.3,4027,163688,0.024601681247250866,0.017923634373873933,95111,6611791,0,0,4158,13422,42,0.7455658999304156,0.7901206973625391,0.2628414836711965,0.3097898971837282,-0.3303778374594041,0.24045042705087602,0.5708282645102801,-0.5118568522034224,0.12913569312202786,0.8519903321535561,0.05494500005533438,0.20120241734161926,0.07168106834249803,0.2943577430972389,0.3415347175339043,0.5978107639065553,0.5812986192463112,0.2098811261534389,12.492126355492692,0.003549875754348598,0.8057520037718058,0.003549875754348598,99.0,0.06132756132756133,0.3693052978767266,0.0
ca-GrQc,down,2,0.4,0.4,5369,268755,0.019977302747855852,0.012772802116744553,72091,6646441,0,0,4158,13422,42,0.7520477953260347,0.7966025927581583,0.2642767957883433,0.3097898971837282,-0.3838180880225823,0.23172229322741397,0.6155403812499963,-0.5846015589891381,0.09205085038418372,0.8961952998990036,0.042946179194416664,0.20120241734161926,0.05430932703659976,0.29424460431654675,0.26701091116675535,0.6069269487222463,0.5800086872968029,0.19062872448482893,12.362981668537223,0.003663003663003663,0.7931163486719043,0.003663003663003663,99.0,0.06132756132756133,0.3693052978767266,0.0
ca-GrQc,down,2,0.5,0.5,6711,418198,0.016047422512781028,0.008980012446216953,53551,6682438,0,0,4158,13422,42,0.7677682542740305,0.812323051706154,0.26676733437247613,0.3097898971837282,-0.42917022484440404,0.2292445390863468,0.6584147639307508,-0.6281549548152835,0.06756980434891285,0.9249761247700999,0.0349659082714254,0.20120241734161926,0.03918865695155573,0.27804410354745923,0.2088091121888769,0.6163975202896468,0.5794953470311821,0.17934352265780065,12.1133632945061,0.0023818975784041284,0.7778593047785013,0.0023818975784041284,99.0,0.06132756132756133,0.3693052978767266,0.0
ca-GrQc,down,2,0.6474,0.6474,8690,750000,0.011586666666666667,0.005964400455693456,32653,6733695,1,1,4158,13422,42,0.7993581812595767,0.8439129786917002,0.2743406214805203,0.3097898971837282,-0.507509277913791,0.23057428570783847,0.7380835636216294,-0.671407359547876,0.04303102414595156,0.9524049554857941,0.026345814010007785,0.20120241734161926,0.023870585914381535,0.23632227942056747,0.1529312668939518,0.6298828964829474,0.5819962355047188,0.16944058549920032,11.710779553279774,0.0,0.7626026308819635,0.0,99.0,0.06132756132756133,0.3693052978767266,0.0
ca-GrQc,neutral,1,0.0,0.0,0,0,,,356268,6769056,0,0,4158,13422,42,0.8513623535140842,0.8959171509462077,0.28700993739820324,0.3097898971837282,0.08723506953795679,0.3188695717586444,0.2316345022206876,0.09281489735988588,0.5235911226462407,0.4671170327863241,0.47820995409767336,0.20120241734161926,0.1005940594059406,0.10618729096989966,0.9664806480648065,0.639186140675376,0.6288944756689877,0.5568782161697932,11.728316008316009,1.6492483894058698,0.9212474012474012,0.7816750178954903,99.0,0.06132756132756133,0.3693052978767266,0.0
ca-GrQc,neutral,1,0.01,0.01,134,135,0.9925925925925926,0.9925925925925926,419879,6714204,0,0,4158,13422,42,0.8341518036705438,0.8787066011026673,0.28637146510531253,0.3097898971837282,0.07212018014135552,0.31853759896216116,0.24641741882080564,0.08221812888955594,0.5123425103923662,0.47437667676772305,0.4832609615164536,0.20120241734161926,0.12281391235999214,0.1203648145925837,1.0125358302799847,0.6247549438641123,0.5928290313664065,0.52197594935448,11.27073088010853,1.3452088452088453,0.9139392911649992,0.6468058968058968,99.0,0.06132756132756133,0.3693052978767266,0.0
ca-GrQc,neutral,1,0.02,0.02,268,277,0.9675090252707581,0.9436619718309859,486372,6666508,0,0,4158,13422,42,0.8171647674613349,0.8617195648934585,0.28564359326705746,0.3097898971837282,0.06511929826523077,0.31879462208167697,0.2536753238164462,0.0786952591112871,0.5071137133885288,0.4765194561795274,0.4904285549870501,0.20120241734161926,0.14525248586469097,0.13396840709031713,1.0504196472391605,0.6122064431146408,0.5583825832861675,0.4925482298765231,10.823793878609719,1.1196120689655173,0.906017637904202,0.5571120689655172,99.0,0.06132756132756133,0.3693052978767266,0.0
ca-GrQc,neutral,1,0.05,0.05,671,686,0.978134110787172,0.9853300733496333,678877,6526876,0,0,4158,13422,42,0.7686623088113573,0.8132171062434809,0.28395006325305583,0.3097898971837282,0.04387283233463296,0.3179845917644855,0.27411175942985255,0.06021788600099638,0.49250976788583356,0.4862957425118966,0.5054209173336709,0.20120241734161926,0.20746411483253588,0.1736000975966817,1.1107233144325077,0.5754701915075827,0.47236518236742003,0.4085303139673237,9.695098488318827,0.7335460710011966,0.884379294548786,0.3829278021539689,99.0,0.06132756132756133,0.3693052978767266,0.0
ca-GrQc,neutral,1,0.1,0.1,1342,1377,0.9745824255628177,0.9710564399421129,969099,6329602,0,0,4158,13422,42,0.6921461413251406,0.7367009387572642,0.2821721299864756,0.3097898971837282,0.027056867705381293,0.316913945050724,0.2898570773453427,0.04223122397907848,0.479812181663837,0.4948058750364009,0.5058299202059621,0.20120241734161926,0.2986795610935466,0.2396519577377253,1.1343738169206514,0.5235687126235823,0.36043067932028483,0.3012487920417537,8.154025080906148,0.43067345783814376,0.8420307443365695,0.25806451612903225,99.0,0.06132756132756133,0.3693052978767266,0.0
ca-GrQc,neutral,1,0.15,0.15,2013,2071,0.9719942056977305,0.9668587896253602,1208703,6150164,0,0,4158,13422,42,0.62434700557786,0.6689018030099836,0.2803528000110534,0.3097898971837282,0.016394665505230277,0.3152181413727644,0.2988234758675341,0.027520559157602226,0.4716342944719957,0.5008500000701785,0.4941624923516267,0.20120241734161926,0.3724813940824106,0.30228737520535826,1.1249876848276585,0.47635976685279,0.27854632566832954,0.21941834510912164,6.920360882156382,0.3049054905490549,0.7953887280017822,0.19891989198919893,99.0,0.06132756132756133,0.3693052978767266,0.0
ca-GrQc,neutral,1,0.2,0.2,2684,2760,0.972463768115942,0.9738751814223512,1446215,5974235,0,0,4158,13422,42,0.5649668833904067,0.6095216808225302,0.27898449037576395,0.3097898971837282,0.009182963657732746,0.3133756453978675,0.30419268174013475,0.01605816245155401,0.46764132835934064,0.5029245774754498,0.4985592268902941,0.20120241734161926,0.44111387016672576,0.3538026721479959,1.1296757041361942,0.4300740156712691,0.21543179813881247,0.1640252120505134,5.841095220633174,0.25090631558862814,0.7523530130790856,0.17496660942568212,99.0,0.06132756132756133,0.3693052978767266,0.0
ca-GrQc,neutral,1,0.3,0.3,4027,4137,0.9734106840705825,0.9753086419753086,1867590,5646857,0,0,4158,13422,42,0.4622251161426047,0.5067799135747281,0.27753011346841355,0.3097898971837282,0.004871691107259546,0.312192713092688,0.30732102198542843,0.008776062441512121,0.46410771090073916,0.5055030797766074,0.5077531223211663,0.20120241734161926,0.5481896991330953,0.4503249767873723,1.1114504745867682,0.343943038684508,0.12708462216840194,0.0924582123707509,4.055718906204057,0.2081570996978852,0.6612760952660982,0.14909365558912388,99.0,0.06132756132756133,0.3693052978767266,0.0
ca-GrQc,neutral,1,0.4,0.4,5369,5523,0.9721166032953105,0.9682539682539683,2195440,5396775,0,0,4158,13422,42,0.37870552144732833,0.42326031887945165,0.27538479463615567,0.3097898971837282,0.00410012118820835,0.3121545997703711,0.3080544785821627,0.007356147525540197,0.46138946191432034,0.5078509215157754,0.5032898496810926,0.20120241734161926,0.6301369863013698,0.5327991307890806,1.092584760384574,0.27814812581069487,0.07914653890197833,0.053141495976031614,2.9327583171976763,0.17801317659217156,0.5782432670304524,0.1327993799250743,99.0,0.06132756132756133,0.3693052978767266,0.0
ca-GrQc,neutral,1,0.5,0.5,6711,6895,0.973313995649021,0.978134110787172,2428754,5173383,0,0,4158,13422,42,0.3093417902597259,0.35389658769184923,0.2736642288852219,0.3097898971837282,-0.0032300912174452745,0.3077029242260702,0.3109330154435155,-0.005643986393817333,0.45452631578947367,0.5143368251116722,0.4847013412276576,0.20120241734161926,0.6940179142674344,0.6043235704323571,1.0741591841902103,0.2193751746318541,0.05100496228923433,0.03253593866909994,2.1416842105263156,0.16743542435424355,0.5187368421052632,0.128690036900369,99.0,0.06132756132756133,0.3693052978767266,0.0
ca-GrQc,neutral,1,1.0,1.0,13422,13786,0.9735964021471057,0.9738789725729212,3243673,4597004,0,0,4158,13422,42,0.10914807844330512,0.1537028758754284,0.267844864806148,0.3097898971837282,-0.025941708388706297,0.2878355039794878,0.3137772123681941,-0.034931535619968195,0.42943402633916905,0.541472919012033,0.4353035051151385,0.20120241734161926,0.8637181409295352,0.8290876777251185,1.02058498878037,0.06773368869006093,0.015084306266700011,0.010854725208038629,0.7038293746970431,0.17483933444845498,0.31846825012118274,0.13663174575226691,99.0,0.06132756132756133,0.3693052978767266,0.0
ca-GrQc,neutral,1,1.5,1.5,20133,20665,0.9742559883861601,0.9755778456170955,3551951,4423458,0,0,4158,13422,42,0.04075290633780665,0.08530770376992997,0.2643298452384458,0.3097898971837282,-0.046544520907250864,0.2672159824781464,0.31376050338539724,-0.04918741502951193,0.3958045950232497,0.582098879823919,0.38011001907770214,0.20120241734161926,0.9139753376394598,0.9154311649016641,0.9992161751076671,0.022074888977971392,0.011885801534755769,0.008996236009895279,0.4943231441048035,0.17455404414759307,0.2847161572052402,0.13480491976867312,99.0,0.06132756132756133,0.3693052978767266,0.0
ca-GrQc,neutral,1,2.0,2.0,26844,27530,0.9750817290228841,0.9775673707210488,3695147,4349819,0,0,4158,13422,42,0.015942892926988583,0.06049769035911191,0.2631331227330677,0.3097898971837282,-0.06873532529660992,0.24521290031364545,0.31394822561025537,-0.06227629913252661,0.3753129114042729,0.6086210803061141,0.36345353401734704,0.20120241734161926,0.9358749634823255,0.9432785888077859,0.9961390769119566,0.0027009572711122693,0.010977584141734564,0.009752939342310097,0.4605911330049261,0.16875495638382237,0.2746305418719212,0.13195876288659794,99.0,0.06132756132756133,0.3693052978767266,0.0
ca-GrQc,neutral,1,2.5,2.5,33555,34390,0.9757196859552195,0.9782798833819242,3724842,4301188,0,0,4158,13422,42,0.004394688486517717,0.04894948591864104,0.26297544531872163,0.3097898971837282,-0.07702357085350847,0.23653659052711695,0.3135601613806254,-0.06319523156104054,0.35207285904129265,0.6340451231457783,0.33263590279606775,0.20120241734161926,0.9443799012489108,0.958078335373317,0.992986058328467,-0.010093535767036803,0.010622194727074092,0.009813445262448836,0.5190258751902588,0.16294555424990206,0.2831050228310502,0.12831962397179789,99.0,0.06132756132756133,0.3693052978767266,0.0
ca-GrQc,neutral,1,3.0,3.0,40266,41252,0.9760981285755842,0.9779947537161178,3728707,4302151,0,0,4158,13422,42,-0.0011186478269974071,0.043436149605125915,0.2647877254551896,0.3097898971837282,-0.08357051346548625,0.22984936504370598,0.31341987850919223,-0.06433360138912364,0.33613700056525353,0.658434975872853,0.29525999014265847,0.20120241734161926,0.9482407676650189,0.9653117359413202,0.9912989783939468,-0.009840176864366985,0.00977979018861964,0.009051266922753293,0.5540308747855918,0.14845392943375652,0.3259005145797599,0.1200249240595062,99.0,0.06132756132756133,0.3693052978767266,0.0
ca-GrQc,neutral,1,3.5,3.5,46977,48128,0.976084607712766,0.9760034904013961,3754541,4270760,0,0,4158,13422,42,-0.0030557659912054265,0.0414990314409179,0.26462877174299027,0.3097898971837282,-0.06797664069964515,0.24463422123372558,0.31261086193337073,-0.05123159723060017,0.35392666978797216,0.6405125453455683,0.3148968169281173,0.20120241734161926,0.9511523409189737,0.9662731871838112,0.9923332079140665,-0.01809894043000488,0.010135179603280113,0.008525964827198612,0.5008976660682226,0.15787019043917605,0.30700179533213645,0.12491255343956471,99.0,0.06132756132756133,0.3693052978767266,0.0
ca-GrQc,neutral,1,4.0,4.0,53688,55017,0.9758438300888816,0.9741617070692408,3739607,4274658,0,0,4158,13422,42,-0.0024597296329875724,0.04209506779913575,0.26456731187618643,0.3097898971837282,-0.0785108599091763,0.23458395724539707,0.3130948171545734,-0.059589584984853186,0.3436755983621057,0.6503306280590925,0.30714226871785266,0.20120241734161926,0.9489973844812555,0.9672782874617737,0.9907010106951397,-0.017073402524909256,0.010214155028760217,0.009189654942920435,0.47079646017699117,0.16037955977288637,0.2778761061946903,0.1309014544606051,99.0,0.06132756132756133,0.3693052978767266,0.0
ca-GrQc,neutral,1,4.5,4.5,60399,61896,0.975814269096549,0.9755778456170955,3729250,4254660,0,0,4158,13422,42,-0.002087206909101419,0.0424675905230219,0.26590380036333516,0.3097898971837282,-0.06553666435652963,0.24703641705333637,0.312573081409866,-0.04970102444162692,0.36154963934891693,0.6307566983908574,0.3147946210198994,0.20120241734161926,0.9513396089790007,0.9640939082399878,0.9935325421503383,-0.022334743475679503,0.009845603043186395,0.008670949690599058,0.45263157894736844,0.15452847805788983,0.26666666666666666,0.12612822906940555,99.0,0.06132756132756133,0.3693052978767266,0.0
ca-GrQc,neutral,1,5.0,5.0,67110,68774,0.9758048099572513,0.9757196859552195,3743947,4268438,0,0,4158,13422,42,-0.0010441432822201808,0.04351065414990314,0.26438162270302057,0.3097898971837282,-0.07547814314899456,0.2375958574171664,0.31307400056616097,-0.05824086524627251,0.36273833621077833,0.6287160255192739,0.324718571375579,0.20120241734161926,0.9500945729666812,0.9632004886242175,0.9933143292069477,-0.01870984320466675,0.010003553894146604,0.00886013301269623,0.4794520547945205,0.15578750584203147,0.2876712328767123,0.1257984109674404,99.0,0.06132756132756133,0.3693052978767266,0.0
ca-GrQc,neutral,1,5.5,5.5,73821,75619,0.9762229069413771,0.9804236669101534,3733287,4317537,0,0,4158,13422,42,0.0024575703223097024,0.04701236775443302,0.2654578199115137,0.3097898971837282,-0.08282905166773033,0.23085483535375215,0.3136838870214825,-0.06604453096275864,0.3474780021263465,0.6426899063959022,0.31522272369582716,0.20120241734161926,0.9452714535901926,0.9610350076103501,0.9919031702046412,-0.005792222475500505,0.01109604727995472,0.010284877655329957,0.5530903328050714,0.1704323352357126,0.3264659270998415,0.13321866937690563,99.0,0.06132756132756133,0.3693052978767266,0.0
ca-GrQc,neutral,1,6.0,6.0,80532,82503,0.9761099596378313,0.9748692620569437,3738557,4296609,0,0,4158,13422,42,0.0011909930610967607,0.045745790493220084,0.2649721075079294,0.3097898971837282,-0.07840907532243377,0.2349677069937616,0.31337678231619537,-0.06182637486910132,0.35072071710067204,0.6374269593311997,0.3211562585762494,0.20120241734161926,0.9484866123399301,0.9603053435114504,0.9939559112138151,-0.011298240248163699,0.01042475616337383,0.008288406925872016,0.48859934853420195,0.16208619612742037,0.2947882736156352,0.12843535290443472,99.0,0.06132756132756133,0.3693052978767266,0.0
ca-GrQc,neutral,1,6.5,6.5,87243,89379,0.9761017688718826,0.9760034904013961,3722767,4236709,0,0,4158,13422,42,-0.0022362159986558786,0.04231858143346744,0.26320611160967866,0.3097898971837282,-0.08625784901108247,0.22718235798029696,0.3134402069913794,-0.06597489928367474,0.34503063385760335,0.6513627039974403,0.3200823931121536,0.20120241734161926,0.9498047157529292,0.9660470118297741,0.9917752368784671,-0.027057532324928128,0.010753820436207599,0.010032063003655363,0.545774647887324,0.16656293760697058,0.3028169014084507,0.1330325190602147,99.0,0.06132756132756133,0.3693052978767266,0.0
ca-GrQc,neutral,1,7.0,7.0,93954,96249,0.976155596421781,0.9768558951965065,3697977,4224612,0,0,4158,13422,42,-0.0011186478269974071,0.043436149605125915,0.26219538115175867,0.3097898971837282,-0.08076002432391513,0.23253777735846023,0.31329780168237537,-0.06278473225370278,0.34902968375862725,0.6416071609644552,0.3188539803463783,0.20120241734161926,0.9497697179044329,0.963855421686747,0.9928973560022819,-0.030240172663035327,0.010043041606886658,0.009476548203271073,0.45969125214408235,0.15741101331879429,0.27615780445969124,0.12835890645688916,99.0,0.06132756132756133,0.3693052978767266,0.0
ca-GrQc,neutral,1,7.5,7.5,100665,103104,0.9763442737430168,0.9789934354485776,3703379,4259788,0,0,4158,13422,42,0.0013400021506512272,0.04589479958277455,0.2635532167186775,0.3097898971837282,-0.0730580867276539,0.2400847967043409,0.3131428834319948,-0.058006924992200413,0.359724211053666,0.6333012021556453,0.3201630643916264,0.20120241734161926,0.9460124475322044,0.9626900046061723,0.9915179658579765,-0.02098560074162861,0.01024048017058692,0.010573238072535003,0.4805194805194805,0.15914415117913477,0.288961038961039,0.12736217398094643,99.0,0.06132756132756133,0.3693052978767266,0.0
ca-GrQc,neutral,1,8.0,8.0,107376,109990,0.9762342031093736,0.9745861167586407,3826278,4297015,0,0,4158,13422,42,-0.002012702364324186,0.042542095067799136,0.26698964653512136,0.3097898971837282,-0.053231327580385346,0.25882314180185273,0.3120544693822381,-0.04023853481405958,0.3777081410388583,0.6194456168170794,0.36115810873491183,0.20120241734161926,0.9502473086994472,0.9650274893097129,0.9924690201045818,-0.011191424345272873,0.010358943308807076,0.009662032309140898,0.46059544658493873,0.16325577776048555,0.29947460595446584,0.13010660648976732,99.0,0.06132756132756133,0.3693052978767266,0.0
ca-GrQc,neutral,1,8.5,8.5,114087,116835,0.976479650789575,0.9804236669101534,3764092,4324253,0,0,4158,13422,42,-0.0019381978195469527,0.04261659961257637,0.2649262355012041,0.3097898971837282,-0.09502318633552248,0.2188162759341779,0.3138394622697004,-0.07244976223550623,0.32693341677777477,0.6648481673968055,0.29911642537289707,0.20120241734161926,0.9468007579070107,0.9684499314128944,0.9889462858076185,-0.004025287490733468,0.011043396996301318,0.009810718038761523,0.6031468531468531,0.1690272373540856,0.34615384615384615,0.13268482490272374,99.0,0.06132756132756133,0.3693052978767266,0.0
ca-GrQc,neutral,1,9.0,9.0,120798,123701,0.9765321218098479,0.9774249927177396,3722108,4349029,0,0,4158,13422,42,0.0018615339640918498,0.04641633139621517,0.2638909348537176,0.3097898971837282,-0.08650997532722002,0.22729539754037484,0.31380537286759486,-0.0689694122333221,0.3341865467268523,0.6619161784935796,0.28899355691966394,0.20120241734161926,0.941374269005848,0.9662716499544212,0.9871962996012572,0.002493113519181795,0.011332973556395036,0.011197245554427023,0.6500802568218299,0.1701695444956637,0.36436597110754415,0.134385498867099,99.0,0.06132756132756133,0.3693052978767266,0.0
ca-GrQc,neutral,1,9.5,9.5,127509,130587,0.9764295067656046,0.9745861167586407,3743205,4336063,0,0,4158,13422,42,-0.0001500887448934039,0.04440470868722992,0.262486661154468,0.3097898971837282,-0.07391505330306763,0.23915702029018437,0.313072073593252,-0.0580065677412067,0.35025645265437133,0.6399755451646562,0.29339178667093135,0.20120241734161926,0.9472764346053015,0.9643075045759609,0.9912945817302633,-0.0009181549460491065,0.010806470719861003,0.00967237360372756,0.5973154362416108,0.164275690004678,0.33053691275167785,0.13301107126150008,99.0,0.06132756132756133,0.3693052978767266,0.0
ca-GrQc,neutral,1,10.0,10.0,134220,137438,0.9765858059634163,0.9795650270033571,3751892,4304888,0,0,4158,13422,42,-0.0033537841703143536,0.04120101326180897,0.26202019866282006,0.3097898971837281,-0.08828286923190687,0.22514437161783563,0.3134272408497425,-0.06696677729912937,0.33450894863906805,0.6601265190456564,0.291547061827307,0.20120241734161926,0.9484521028037384,0.9695771219957408,0.9892084951302959,-0.009120090346602197,0.011003909283561264,0.010196878494497623,0.6094032549728752,0.16869997668816536,0.325497287522604,0.135364053150983,99.0,0.06132756132756133,0.3693052978767266,0.0
ca-GrQc,neutral,1,10.0,10.0,134220,137438,0.9765858059634163,,3751892,4304888,1,0,4158,13422,42,-0.0033537841703143536,0.04120101326180897,0.26202019866282006,0.3097898971837281,-0.08828286923190687,0.22514437161783563,0.3134272408497425,-0.06696677729912937,0.33450894863906805,0.6601265190456564,0.291547061827307,0.20120241734161926,0.9484521028037384,0.9695771219957408,0.9892084951302959,-0.009120090346602197,0.011003909283561264,0.010196878494497623,0.6094032549728752,0.16869997668816536,0.325497287522604,0.135364053150983,99.0,0.06132756132756133,0.3693052978767266,0.0
ca-GrQc,neutral,2,0.0,0.0,0,0,,,356268,6769056,0,0,4158,13422,42,0.8513623535140842,0.8959171509462077,0.28700993739820324,0.3097898971837282,0.08723506953795679,0.3188695717586444,0.2316345022206876,0.09281489735988588,0.5235911226462407,0.4671170327863241,0.47820995409767336,0.20120241734161926,0.1005940594059406,0.10618729096989966,0.9664806480648065,0.639186140675376,0.6288944756689877,0.5568782161697932,11.728316008316009,1.6492483894058698,0.9212474012474012,0.7816750178954903,99.0,0.06132756132756133,0.3693052978767266,0.0
ca-GrQc,neutral,2,0.01,0.01,134,138,0.9710144927536232,0.9710144927536232,431518,6726027,0,0,4158,13422,42,0.8340772991257664,0.87863209655789,0.2863946727659818,0.3097898971837282,0.07324986958177862,0.3186800802822766,0.245430210700498,0.08352132536280563,0.515375416230779,0.47046715448609444,0.49629542485620504,0.20120241734161926,0.12480314960629921,0.11927595300887077,1.0283044039384575,0.6278654966224361,0.5947376041488424,0.5258085975274208,11.311371152378529,1.3241252302025783,0.9148647502755872,0.6470227133210559,99.0,0.06132756132756133,0.3693052978767266,0.0
ca-GrQc,neutral,2,0.02,0.02,268,276,0.9710144927536232,0.9710144927536232,512529,6682010,0,0,4158,13422,42,0.8164942265583399,0.8610490239904635,0.28571180448737954,0.3097898971837282,0.06512800105457733,0.31883949649581184,0.2537114954412345,0.07884684225404759,0.5108350938500186,0.47271952678424994,0.5147970977034745,0.20120241734161926,0.1474960876369327,0.13369434416365825,1.0614973127415073,0.6162849163329045,0.5606597080541772,0.49587139051259405,10.877217270918058,1.1136729222520108,0.9077615298087739,0.5560321715817694,99.0,0.06132756132756133,0.3693052978767266,0.0
ca-GrQc,neutral,2,0.05,0.05,671,697,0.9626972740315638,0.9572446555819477,710180,6567764,0,0,4158,13422,42,0.7674702360949216,0.8120250335270451,0.28428425317282485,0.3097898971837282,0.05032805712057242,0.31925031203361676,0.26892225491304433,0.06916590723485669,0.5014927171353941,0.47749730827610865,0.5237443059031818,0.20120241734161926,0.21117296985985795,0.17326190186290027,1.123410067958388,0.5862275526834549,0.4699432693193635,0.41473757584053117,9.657950270667033,0.7320650019817677,0.8869621066152859,0.38842647641696393,99.0,0.06132756132756133,0.3693052978767266,0.0
ca-GrQc,neutral,2,0.1,0.1,1342,1391,0.9647735442127966,0.9668587896253602,987160,6330458,0,0,4158,13422,42,0.6927421776833586,0.7372969751154821,0.28214956555585013,0.3097898971837282,0.03016032478957381,0.31771310573744876,0.28755278094787495,0.04704466615275154,0.48788437756066383,0.48529869462603936,0.5185080844146733,0.20120241734161926,0.3029570392412126,0.23579863269111248,1.1532301136402598,0.5237939205370665,0.35261211219775446,0.30774984841186626,7.964531123686338,0.43959160521837776,0.8468067906224738,0.2614861032331254,99.0,0.06132756132756133,0.3693052978767266,0.0
ca-GrQc,neutral,2,0.15,0.15,2013,2089,0.9636189564384873,0.9613180515759312,1216048,6157207,0,0,4158,13422,42,0.6268801601002859,0.6714349575324094,0.28031454480696344,0.3097898971837282,0.016827218048614034,0.3153187327964825,0.29849151474786845,0.028195470195103225,0.47563062804645456,0.4956331844766313,0.5029264564031553,0.20120241734161926,0.37150635208711436,0.2986602628918099,1.1306934824746595,0.4782127333652548,0.27520303265633844,0.22891889737738783,6.8099201065246335,0.30680272108843537,0.8054815801154017,0.2036281179138322,99.0,0.06132756132756133,0.3693052978767266,0.0
ca-GrQc,neutral,2,0.2,0.2,2684,2777,0.9665106229744328,0.9752906976744186,1430580,6010826,0,0,4158,13422,42,0.5686921106292682,0.6132469080613917,0.27913043632217394,0.3097898971837282,0.012869492355711942,0.3147672131439801,0.30189772078826815,0.02245374584879636,0.47230243994206866,0.49836720803163875,0.49525049451780445,0.20120241734161926,0.43607954545454547,0.35109114249037227,1.127539907357139,0.43970086469265285,0.21626104010635355,0.17685136544923924,5.8403596160855304,0.2346368715083799,0.7609038998906573,0.1695241764592564,99.0,0.06132756132756133,0.3693052978767266,0.0
ca-GrQc,neutral,2,0.3,0.3,4027,4176,0.9643199233716475,0.9599714081486777,1863621,5662625,0,0,4158,13422,42,0.4635661979485948,0.5081209953807182,0.2762140640452949,0.3097898971837282,0.008852560968884815,0.3141442860614348,0.30529172509255,0.016022705541168063,0.46978392755772047,0.4987831822046283,0.5067534329238153,0.20120241734161926,0.548926014319809,0.44759131815775544,1.1159777285974668,0.3480914947357005,0.12637384333908097,0.1007842636407152,4.026099706744868,0.20372614359285066,0.6642228739002932,0.1513177824901545,99.0,0.06132756132756133,0.3693052978767266,0.0
ca-GrQc,neutral,2,0.4,0.4,5369,5557,0.9661687961130107,0.9717595944967415,2204336,5414798,0,0,4158,13422,42,0.3769174123726748,0.4214722098047981,0.27383990728458363,0.3097898971837282,0.004796150045424719,0.31256460327095237,0.30776845322552765,0.008648536192223368,0.4656790343801894,0.5026072012621964,0.500213004389521,0.20120241734161926,0.63197885695408,0.5346091205211726,1.0923915284015018,0.28288985738163863,0.07914653890197833,0.05755310060531522,2.9307053208414353,0.1880231809401159,0.5831712922043486,0.14320669671603348,99.0,0.06132756132756133,0.3693052978767266,0.0
ca-GrQc,neutral,2,0.5,0.5,6711,6939,0.9671422395157804,0.9710564399421129,2488857,5212439,0,0,4158,13422,42,0.30636160846863664,0.35091640590075995,0.27239173985541854,0.3097898971837282,0.0020572378440165684,0.31112521651743946,0.3090679786734229,0.003604480858778912,0.46332658031775,0.5046751168313125,0.49404047380821914,0.20120241734161926,0.6975546975546976,0.6072717180127671,1.0746762110398473,0.22965054877793284,0.05164992826398852,0.036669900602148864,2.150743099787686,0.18847566574839303,0.5131634819532909,0.1452020202020202,99.0,0.06132756132756133,0.3693052978767266,0.0
ca-GrQc,neutral,2,1.0,1.0,13422,13843,0.9695875171566857,0.972045191193511,3241630,4603991,0,0,4158,13422,42,0.11071267388362695,0.15526747131575025,0.26524454684981547,0.3097898971837282,-0.018104062715818714,0.2944968065063364,0.31260086922215513,-0.02471891650468712,0.43680998266830856,0.5337150323221318,0.4373533950830796,0.20120241734161926,0.8645442258597387,0.8252254916457193,1.0234532192176233,0.06957192197454101,0.015308069972226977,0.012041188725749042,0.6928982725527831,0.18036690774387018,0.33013435700575816,0.13617922032104426,99.0,0.06132756132756133,0.3693052978767266,0.0
ca-GrQc,neutral,2,1.5,1.5,20133,20736,0.9709201388888888,0.9735964021471057,3552013,4367154,0,0,4158,13422,42,0.038145247270603554,0.08270004470272686,0.2660879581037081,0.3097898971837282,-0.03422668955453412,0.2783937563853804,0.3126204459399145,-0.035428130289999686,0.413001378571554,0.56559922495595,0.39285852405405375,0.20120241734161926,0.9206465833945628,0.9138582439171831,1.003648346517367,0.007261680612526461,0.011293485843654982,0.009358207265893105,0.4891891891891892,0.16496101364522417,0.27297297297297296,0.13182261208576998,99.0,0.06132756132756133,0.3693052978767266,0.0
ca-GrQc,neutral,2,2.0,2.0,26844,27613,0.972150798536921,0.9758615675439872,3642178,4289784,0,0,4158,13422,42,0.012813702046344862,0.057368499478468185,0.2642160423446318,0.3097898971837282,-0.057622879905418145,0.2554727554341119,0.31309563533953005,-0.05071582523013971,0.38278024931123256,0.6052967858887871,0.34228025344258545,0.20120241734161926,0.9371720116618075,0.9483389210606522,0.9942082469589615,-0.013093852408830136,0.01042475616337383,0.008345480524092645,0.5064935064935064,0.15697122984508377,0.274025974025974,0.12187796395826747,99.0,0.06132756132756133,0.3693052978767266,0.0
ca-GrQc,neutral,2,2.5,2.5,33555,34486,0.9730035376674593,0.9764295067656046,3729884,4328447,0,0,4158,13422,42,0.004841715755181099,0.049396513187304425,0.26361621477856906,0.3097898971837282,-0.07311336875572441,0.24028807391191417,0.3134014426676386,-0.060099730354319016,0.3636594852691449,0.6239002380480368,0.323804103978963,0.20120241734161926,0.9456505901209383,0.9557859429791127,0.9947897343524754,-0.0029218739520031176,0.010872283574427757,0.009818146079608667,0.5882352941176471,0.1636491888079003,0.30618401206636503,0.12845834313033938,99.0,0.06132756132756133,0.3693052978767266,0.0
ca-GrQc,neutral,2,3.0,3.0,40266,41366,0.9734081129429967,0.9754360465116279,3717316,4295218,0,0,4158,13422,42,7.342488943828899e-05,0.04462822232156161,0.2627445959537981,0.3097898971837282,-0.09653950362506242,0.21755877998925827,0.3140982836143207,-0.07586863438864383,0.3373738783490694,0.6543722888377351,0.30047785036626906,0.20120241734161926,0.9470082981511136,0.9641385624904624,0.991245837774643,-0.011664203107575724,0.010372105879720426,0.007764764233072097,0.6143572621035058,0.15565780238633706,0.33889816360601,0.12602355143102237,99.0,0.06132756132756133,0.3693052978767266,0.0
ca-GrQc,neutral,2,3.5,3.5,46977,48252,0.9735762248196966,0.9745861167586407,3719791,4253856,0,0,4158,13422,42,0.0017125248745373833,0.0462673223066607,0.2645544693298645,0.3097898971837282,-0.08485276463738586,0.22886304275643152,0.3137158073938174,-0.06737540805336191,0.3504969733015776,0.6430730615475014,0.337887499226558,0.20120241734161926,0.9466357308584686,0.9612319950965369,0.9925587672511809,-0.022546270534606366,0.010582707014334041,0.011285736210587899,0.5072463768115942,0.16381532692758377,0.3107890499194847,0.13123974689477386,99.0,0.06132756132756133,0.3693052978767266,0.0
ca-GrQc,neutral,2,4.0,4.0,53688,55115,0.9741086818470471,0.9778522512020982,3687639,4265192,0,0,4158,13422,42,0.003128111225304781,0.0476829086574281,0.265021005660047,0.3097898971837282,-0.08525953825083549,0.2285957817074818,0.3138553199583173,-0.06855432163764787,0.3448609372555156,0.6493222280355186,0.31969637808680507,0.20120241734161926,0.9428405628898883,0.9623219482309695,0.9900489778679455,-0.019563844241080368,0.010135179603280113,0.008480417029338841,0.49375,0.15600062588014396,0.3078125,0.12314191832264121,99.0,0.06132756132756133,0.3693052978767266,0.0
ca-GrQc,neutral,2,4.5,4.5,60399,61979,0.9745074944739347,0.9777097902097902,3731101,4301256,0,0,4158,13422,42,-0.0008951341926657147,0.04365966323945761,0.26495966715175895,0.3097898971837282,-0.08482202328640776,0.22867117486929445,0.3134931981557022,-0.06541468972919151,0.344514933468902,0.6545111764374302,0.2987527941447335,0.20120241734161926,0.947162142546088,0.9660186744221644,0.9904027950493606,-0.010075645418769263,0.009700814763139536,0.009241352264097634,0.5,0.14942349641632907,0.29692832764505117,0.12277968214397009,99.0,0.06132756132756133,0.3693052978767266,0.0
ca-GrQc,neutral,2,5.0,5.0,67110,68845,0.9747984603093907,0.9774249927177396,3641141,4254678,0,0,4158,13422,42,-0.0001500887448934039,0.04440470868722992,0.26351237665666266,0.3097898971837282,-0.110338332038249,0.2043511066366725,0.3146894386749215,-0.08625353630459723,0.3094702900044687,0.6838710196465443,0.27577301208385413,0.20120241734161926,0.9436660407337859,0.9683028158178181,0.987516419673232,-0.02233000779525572,0.009858765614099747,0.008785194020728327,0.575503355704698,0.14844846405738343,0.32550335570469796,0.12100421019803524,99.0,0.06132756132756133,0.3693052978767266,0.0
ca-GrQc,neutral,2,5.5,5.5,73821,75708,0.9750752892692979,0.9778522512020982,3679040,4280056,0,0,4158,13422,42,-0.0014166660061063336,0.04313813142601699,0.26169619123225335,0.3097898971837282,-0.09437421937055002,0.21948680529161274,0.31386102466216276,-0.07326748078374445,0.32572591508690646,0.6695382671850569,0.27596916344602823,0.20120241734161926,0.9455151427329372,0.9688698052445944,0.9881417305739689,-0.01565322458450241,0.01022731759967357,0.008555755911683229,0.5785837651122625,0.15541540138596902,0.3333333333333333,0.12349139609125594,99.0,0.06132756132756133,0.3693052978767266,0.0
ca-GrQc,neutral,2,6.0,6.0,80532,82587,0.9751171491881289,0.9755778456170955,3694161,4297037,0,0,4158,13422,42,-0.0025342341777648057,0.04202056325435852,0.26234287188786126,0.3097898971837282,-0.1024686820164577,0.2116270069015338,0.3140956889179915,-0.07836658285743271,0.3172031734527391,0.6724450048483765,0.26877786900052947,0.20120241734161926,0.9469795740982182,0.9696272434422457,0.9885176422107859,-0.011185636291421492,0.010319455596067024,0.009614049335077821,0.6294326241134752,0.15531186809768238,0.3546099290780142,0.12466946648001244,99.0,0.06132756132756133,0.3693052978767266,0.0
ca-GrQc,neutral,2,6.5,6.5,87243,89475,0.9750544844928751,0.9743031358885017,3660164,4229474,0,0,4158,13422,42,-0.0016401796404380265,0.042914617791685296,0.26172705605253277,0.3097898971837282,-0.08952720020439695,0.22410472255806266,0.3136319227624596,-0.06932411736505513,0.3338418276549553,0.6555379052277406,0.2882745471502574,0.20120241734161926,0.9487917146144994,0.9659969088098919,0.9913344538031925,-0.02896101276191299,0.009806115330446343,0.009473565467347796,0.5833333333333334,0.1478281177020084,0.34375,0.12276194924490114,99.0,0.06132756132756133,0.3693052978767266,0.0
ca-GrQc,neutral,2,7.0,7.0,93954,96337,0.9752639172903453,0.9779947537161178,3672656,4210480,0,0,4158,13422,42,-0.0018636932747697263,0.042691104157353596,0.2643821299015371,0.3097898971837282,-0.09831177831082505,0.21567515724066522,0.31398693555149026,-0.07517409283726813,0.3320559099879022,0.6634566057048463,0.30452669308915775,0.20120241734161926,0.9466898449949297,0.9685534591194969,0.9889073935342786,-0.03395820798238156,0.008990035933818594,0.008606443850569937,0.45549738219895286,0.13915479803875788,0.3036649214659686,0.11526188808467586,99.0,0.06132756132756133,0.3693052978767266,0.0
ca-GrQc,neutral,2,7.5,7.5,100665,103203,0.975407691636871,0.9774249927177396,3675164,4206980,0,0,4158,13422,42,-0.002310720543433112,0.04224407688869021,0.2646338820986522,0.3097898971837282,-0.09832537087495305,0.21561819083612568,0.31394356171107873,-0.07473610857023184,0.33509851093152015,0.6593723096510599,0.30480795868914506,0.20120241734161926,0.9487696071377176,0.9674030588598795,0.99061732143154,-0.03487903473144115,0.009977228752319904,0.007690570496750348,0.5502645502645502,0.15262543757292882,0.3386243386243386,0.12290937378451965,99.0,0.06132756132756133,0.3693052978767266,0.0
ca-GrQc,neutral,2,8.0,8.0,107376,110073,0.9754980785478727,0.9768558951965065,3760408,4268607,0,0,4158,13422,42,-0.0009696387374429477,0.043585158694680375,0.26562835577008337,0.3097898971837282,-0.08477916939638633,0.2287058413394866,0.3134850107358729,-0.0651639186000546,0.35934727939869326,0.6347881291326022,0.33720459707282036,0.20120241734161926,0.9494553376906318,0.9637448370812299,0.9927233420957904,-0.018665380427355,0.01043791873428718,0.008614548538349984,0.5042735042735043,0.1623432266105788,0.3213675213675214,0.128924203474332,99.0,0.06132756132756133,0.3693052978767266,0.0
ca-GrQc,neutral,2,8.5,8.5,114087,116939,0.9756112161041227,0.9774249927177396,3761955,4308297,0,0,4158,13422,42,-0.0019381978195469527,0.04261659961257637,0.2658023497117195,0.3097898971837282,-0.08382608704266353,0.22953619292965083,0.31336227997231436,-0.06370194927637943,0.3473661941171669,0.6444449130635901,0.3065080670169867,0.20120241734161926,0.949992710307625,0.9651074203870181,0.992280323560229,-0.008223205093018026,0.01076698300712095,0.008933595021425213,0.5996503496503497,0.16428015564202333,0.32167832167832167,0.12910505836575875,99.0,0.06132756132756133,0.3693052978767266,0.0
ca-GrQc,neutral,2,9.0,9.0,120798,123806,0.9757039238809104,0.9772826561817387,3752741,4303266,0,0,4158,13422,42,-0.0019381978195469527,0.04261659961257637,0.26429908688904336,0.3097898971837282,-0.08332186517010359,0.230018926580552,0.3133407917506556,-0.06367891633914927,0.3398571467443063,0.6517785910587467,0.3034341435315459,0.20120241734161926,0.9484190587206761,0.9667632261015399,0.9906366230466082,-0.009546827771452309,0.010727495294380898,0.010718186276660822,0.583916083916084,0.16428015564202333,0.3374125874125874,0.1311284046692607,99.0,0.06132756132756133,0.3693052978767266,0.0
ca-GrQc,neutral,2,9.5,9.5,127509,130655,0.9759213195055682,0.9798510731493649,3774296,4253159,0,0,4158,13422,42,-0.0015656750956608001,0.04298912233646252,0.2652396195774908,0.3097898971837282,-0.07745207169303145,0.23566742207592092,0.3131194937689524,-0.059228722958377056,0.3629497953536129,0.6274026470792606,0.3540514516428495,0.20120241734161926,0.9490983129726586,0.9653223342499236,0.9917320013015978,-0.022729646604347627,0.009819277901359693,0.010248978737273255,0.3986135181975737,0.15632541845075906,0.24436741767764297,0.12720903075126508,99.0,0.06132756132756133,0.3693052978767266,0.0
ca-GrQc,neutral,2,10.0,10.0,134220,137522,0.9759892962580533,0.9772826561817387,3787807,4281262,0,0,4158,13422,42,-0.0027577478120964995,0.041797049620026824,0.26510271080738224,0.3097898971837282,-0.09008409910707435,0.22347104763700762,0.31355514674408197,-0.06800416874385377,0.3433021192869709,0.649015782490446,0.33483312137876875,0.20120241734161926,0.9492119089316988,0.9675799086757991,0.9906167671006346,-0.015335933996112116,0.010714332723467548,0.008533013087707495,0.5311942959001783,0.16670554389238784,0.3137254901960784,0.13210481300054427,99.0,0.06132756132756133,0.3693052978767266,0.0
ca-GrQc,neutral,2,10.0,10.0,134220,137522,0.9759892962580533,,3787807,4281262,1,0,4158,13422,42,-0.0027577478120964995,0.041797049620026824,0.26510271080738224,0.3097898971837282,-0.09008409910707435,0.22347104763700762,0.31355514674408197,-0.06800416874385377,0.3433021192869709,0.649015782490446,0.33483312137876875,0.20120241734161926,0.9492119089316988,0.9675799086757991,0.9906167671006346,-0.015335933996112116,0.010714332723467548,0.008533013087707495,0.5311942959001783,0.16670554389238784,0.3137254901960784,0.13210481300054427,99.0,0.06132756132756133,0.3693052978767266,0.0
ca-GrQc,up_pfix,1,0.0,0.0,0,0,,,356268,6769056,0,0,4158,13422,42,0.8513623535140842,0.8959171509462077,0.28700993739820324,0.3097898971837282,0.08723506953795679,0.3188695717586444,0.2316345022206876,0.09281489735988588,0.5235911226462407,0.4671170327863241,0.47820995409767336,0.20120241734161926,0.1005940594059406,0.10618729096989966,0.9664806480648065,0.639186140675376,0.6288944756689877,0.5568782161697932,11.728316008316009,1.6492483894058698,0.9212474012474012,0.7816750178954903,99.0,0.06132756132756133,0.3693052978767266,0.0
ca-GrQc,up_pfix,1,0.01,0.01,134,13756,0.009741203838325094,0.009741203838325094,388172,6754517,0,0,4158,13422,42,0.8513623535140842,0.8959171509462077,0.2873510423323712,0.3097898971837282,0.09190621208531621,0.31935575758331,0.22744954549799376,0.09766874365875766,0.5322445335043761,0.4595553584529962,0.5248349092320235,0.20120241734161926,0.1046902830001979,0.10371609511291671,1.0058360618673274,0.6353610263597821,0.6119147591907651,0.5397387953287606,11.44997920997921,1.274874731567645,0.9156756756756756,0.6349319971367215,99.0,0.06132756132756133,0.3693052978767266,0.0
ca-GrQc,up_pfix,1,0.02,0.02,268,30375,0.008823045267489713,0.00806306035260846,419752,6746874,0,0,4158,13422,42,0.8513623535140842,0.8959171509462077,0.28748973117193416,0.3097898971837282,0.094677828955361,0.3196442353636298,0.2249664064082688,0.10056560368143186,0.5382006289092903,0.45505051662531976,0.5710514576003735,0.20120241734161926,0.10621044303797468,0.10279703562036815,1.0204413503619871,0.6333502038331924,0.5959617232437839,0.5280909970802449,11.186777546777547,0.9377236936292055,0.9111018711018711,0.5182534001431639,99.0,0.06132756132756133,0.3693052978767266,0.0
ca-GrQc,up_pfix,1,0.05,0.05,671,83209,0.008064031535050295,0.007627664004239694,510049,6711039,0,0,4158,13422,42,0.8513623535140842,0.8959171509462077,0.28828296034292017,0.3097898971837282,0.10829631791375946,0.3210616864942275,0.21276536858046805,0.11471447682604656,0.563009091355548,0.4346145661106291,0.7080102553370774,0.20120241734161926,0.11304004734661668,0.09864719262540404,1.0860583503838863,0.6239222533896056,0.5600805549339898,0.5029762300631797,10.555758835758835,0.5153901216893343,0.8971309771309771,0.30994989262705797,99.0,0.06132756132756133,0.3693052978767266,0.0
ca-GrQc,up_pfix,1,0.1,0.1,1342,185811,0.007222392646291124,0.006539833531510107,641461,6741989,0,0,4158,13422,42,0.8513623535140842,0.8959171509462077,0.28920776710670526,0.3097898971837282,0.12709849756370317,0.3230186709206149,0.19592017335691175,0.13420045103739026,0.5961032327961462,0.4066233702454175,0.9050894676563627,0.20120241734161926,0.11886304909560723,0.09522107019425576,1.1420041839378956,0.632064992784862,0.5325839442959999,0.4697427257816072,10.042162162162162,0.4502505368647101,0.8747609147609148,0.22261989978525412,99.0,0.06132756132756133,0.3693052978767266,0.0
ca-GrQc,up_pfix,1,0.15,0.15,2013,318976,0.0063108196227929375,0.005038861562722938,745133,6794916,0,0,4158,13422,42,0.8513623535140842,0.8959171509462077,0.2900940790711628,0.3097898971837282,0.1436484078507158,0.3247412327348718,0.181092824884156,0.15121172336929217,0.623066297397006,0.3826035296901439,1.060187499752168,0.20120241734161926,0.1239752049590082,0.09226932668329177,1.191120401546033,0.6459897348841427,0.5183288799968411,0.4417404412231143,9.754594594594595,0.5998568360773086,0.8525571725571726,0.25769506084466715,99.0,0.06132756132756133,0.3693052978767266,0.0
ca-GrQc,up_pfix,1,0.2,0.2,2684,481306,0.005576493956027974,0.004133555103800899,833254,6837400,0,0,4158,13422,42,0.8513623535140842,0.8959171509462077,0.2905592327337205,0.3097898971837282,0.15945660647603038,0.3263865950862028,0.16692998861017244,0.1675835354608192,0.6461246776207407,0.360424848613825,1.19457890651008,0.20120241734161926,0.12623512805001008,0.09110244594115562,1.2128331343502041,0.6571669930575861,0.5086280652337014,0.4210002105576961,9.548108108108108,0.7945597709377237,0.831018711018711,0.2770221904080172,99.0,0.06132756132756133,0.3693052978767266,0.0
ca-GrQc,up_pfix,1,0.3,0.3,4027,883504,0.004557987286984553,0.0033391513632588924,983087,6928355,0,0,4158,13422,42,0.8513623535140842,0.8959171509462077,0.2915478313887191,0.3097898971837282,0.18574822288882287,0.3291231014286757,0.1433748785398528,0.19455319314696576,0.687220700134086,0.32043666484611366,1.4233417736472802,0.20120241734161926,0.13420890621793558,0.0869107497952977,1.2894430488597934,0.6810966493320789,0.4998223052926698,0.3839987761412282,9.301455301455302,1.4810307802433786,0.7940956340956341,0.3528990694345025,99.0,0.06132756132756133,0.3693052978767266,0.0
ca-GrQc,up_pfix,1,0.4,0.4,5369,1466035,0.003662259086583881,0.0023037400584689912,1094853,6994140,0,0,4158,13422,42,0.8513623535140842,0.8959171509462077,0.2924700523009395,0.3097898971837282,0.20678843853835605,0.3313130270181853,0.12452458847982929,0.2159078149243785,0.7185365432609527,0.2894114950807864,1.5975150804348948,0.20120241734161926,0.14455321807956675,0.0815450643776824,1.38882841307369,0.6984042458140477,0.49725560396456636,0.3542196689366293,9.158835758835759,2.2899069434502506,0.7634927234927235,0.43879742304939157,99.0,0.06132756132756133,0.3693052978767266,0.0
ca-GrQc,up_pfix,1,0.5,0.5,6711,2356555,0.002847801133434187,0.0015069846831064996,1182736,7051259,0,0,4158,13422,42,0.8513623535140842,0.8959171509462077,0.29349174209618556,0.3097898971837282,0.2222387779080961,0.33292114235863585,0.11068236445053976,0.2312317495660887,0.7413035953193433,0.26575346339125866,1.7347930913390808,0.20120241734161926,0.15342349957734572,0.07721518987341772,1.4740516902842764,0.7134318752653453,0.49900622589604204,0.3291154035842583,9.068024948024949,3.357193987115247,0.7372141372141372,0.5211166785969935,99.0,0.06132756132756133,0.3693052978767266,0.0
ca-GrQc,up_pfix,1,0.9359,0.9359,12562,40000000,0.00031405,0.0001554321077680324,1385854,7183765,1,1,4158,13422,42,0.8513623535140842,0.8959171509462077,0.29543343257387444,0.3097898971837282,0.25045344594382457,0.3358578053929014,0.08540435944907682,0.25887545908683524,0.7881889466141435,0.2151979665365492,2.057475223735852,0.20120241734161926,0.18887164708490356,0.06116036359555605,1.8146279507326954,0.7482933236113176,0.5485106551011544,0.3087060813541703,9.016548856548857,11.876879026485327,0.7156756756756757,0.9463135289906943,99.0,0.06132756132756133,0.3693052978767266,0.0
ca-GrQc,up_pfix,2,0.0,0.0,0,0,,,356268,6769056,0,0,4158,13422,42,0.8513623535140842,0.8959171509462077,0.28700993739820324,0.3097898971837282,0.08723506953795679,0.3188695717586444,0.2316345022206876,0.09281489735988588,0.5235911226462407,0.4671170327863241,0.47820995409767336,0.20120241734161926,0.1005940594059406,0.10618729096989966,0.9664806480648065,0.639186140675376,0.6288944756689877,0.5568782161697932,11.728316008316009,1.6492483894058698,0.9212474012474012,0.7816750178954903,99.0,0.06132756132756133,0.3693052978767266,0.0
ca-GrQc,up_pfix,2,0.01,0.01,134,13698,0.009782449992699664,0.009782449992699664,396047,6756728,0,0,4158,13422,42,0.8513623535140842,0.8959171509462077,0.287319206691231,0.3097898971837281,0.09264386582806411,0.31943253468647037,0.22678866885840626,0.09846355717216178,0.5334392825731409,0.4583938555592099,0.535959275535571,0.20120241734161926,0.10257425742574257,0.10499283325370282,0.9855058576723813,0.6359427257718308,0.6110723546523107,0.541027205358171,11.434927234927235,1.2670007158196135,0.915010395010395,0.642806012884753,99.0,0.06132756132756133,0.3693052978767266,0.0
ca-GrQc,up_pfix,2,0.02,0.02,268,30739,0.008718565991086242,0.007863388298808756,427839,6738974,0,0,4158,13422,42,0.8513623535140842,0.8959171509462077,0.2874547344329105,0.3097898971837282,0.09795529369419911,0.31998536323132143,0.22203006953712232,0.10405955305475491,0.5424040228764638,0.4506271383436738,0.5835278376891164,0.20120241734161926,0.10691699604743082,0.10236785458024396,1.027229721509389,0.6312717663138863,0.5944217024469219,0.5274310032115455,11.156424116424116,0.9477451682176091,0.9098544698544698,0.5239799570508232,99.0,0.06132756132756133,0.3693052978767266,0.0
ca-GrQc,up_pfix,2,0.05,0.05,671,82641,0.008119456444137897,0.007764633347462526,511643,6718151,0,0,4158,13422,42,0.8513623535140842,0.8959171509462077,0.2880933983901046,0.3097898971837282,0.11048746431993947,0.3212897472548767,0.21080228293493722,0.11711248899475114,0.5649648117364653,0.4323682021319817,0.7095914862625605,0.20120241734161926,0.11299546440544271,0.09867081786612382,1.085630009484504,0.6257933733436949,0.5611730483197979,0.5007629008806512,10.572723492723492,0.5476020042949177,0.896049896049896,0.3192555476020043,99.0,0.06132756132756133,0.3693052978767266,0.0
ca-GrQc,up_pfix,2,0.1,0.1,1342,183291,0.007321690644930739,0.006666666666666667,626492,6728362,0,0,4158,13422,42,0.8513623535140842,0.8959171509462077,0.28897148913201387,0.3097898971837282,0.13065899399983416,0.3233892575337333,0.19273026353389916,0.13807270243427505,0.5972231854121618,0.40423735447357495,0.8837740752952391,0.20120241734161926,0.11931143648595172,0.09488527724665392,1.1463121693016778,0.6284798196107374,0.5326497571505666,0.47190410961063856,10.048731808731809,0.4044380816034359,0.8749272349272349,0.21975662133142448,99.0,0.06132756132756133,0.3693052978767266,0.0
ca-GrQc,up_pfix,2,0.15,0.15,2013,316920,0.0063517606967057934,0.005021365122840102,742429,6775963,0,0,4158,13422,42,0.8513623535140842,0.8959171509462077,0.2898875747837607,0.3097898971837282,0.14730648935656376,0.3251219762800715,0.17781548692350774,0.15517286888700507,0.6250710090080169,0.3786432465172623,1.0591850495231874,0.20120241734161926,0.124,0.09225837093327001,1.1913586256263422,0.641003326491306,0.5160780803706579,0.44670481384358884,9.717006237006236,0.5561918396564066,0.8545530145530146,0.24194702934860415,99.0,0.06132756132756133,0.3693052978767266,0.0
ca-GrQc,up_pfix,2,0.2,0.2,2684,480725,0.0055832336574964895,0.0040963340557370045,839986,6842495,0,0,4158,13422,42,0.8513623535140842,0.8959171509462077,0.2905772065569438,0.3097898971837282,0.16150798801233388,0.3266001087209976,0.16509212070866372,0.1697289691922408,0.6479713731682235,0.3583042664932429,1.204558528325632,0.20120241734161926,0.1255306246209824,0.09156342182890856,1.2060644550199184,0.6585074537108602,0.5098785094704698,0.4247910354829399,9.566153846153846,0.8432355046528275,0.8340956340956341,0.2763063707945598,99.0,0.06132756132756133,0.3693052978767266,0.0
ca-GrQc,up_pfix,2,0.3,0.3,4027,858075,0.004693062960696909,0.003559030078176759,984634,6931158,0,0,4158,13422,42,0.8513623535140842,0.8959171509462077,0.2917526550677077,0.3097898971837282,0.186279956284029,0.32917844575538585,0.14289848947135686,0.19497315593200795,0.6866931366143965,0.3210947724333551,1.4252804595686812,0.20120241734161926,0.13400369382310692,0.08702772254064803,1.287471423402821,0.6818341000113973,0.5009411238203046,0.38714396416421754,9.3216632016632,1.4896206156048675,0.7985031185031185,0.3586256263421618,99.0,0.06132756132756133,0.3693052978767266,0.0
ca-GrQc,up_pfix,2,0.4,0.4,5369,1457065,0.00368480472731141,0.0022404380707524334,1084684,6991751,0,0,4158,13422,42,0.8513623535140842,0.8959171509462077,0.2926866908417508,0.3097898971837282,0.20793877528275417,0.33143275734391353,0.12349398206115934,0.21694818360365753,0.7182598588897802,0.28883300568339937,1.580592861276386,0.20120241734161926,0.1445231153685964,0.08155452436194896,1.3885391943287766,0.6977757157844756,0.4972950916773064,0.3545211767856714,9.157172557172558,2.310665712240515,0.7657380457380457,0.4516821760916249,99.0,0.06132756132756133,0.3693052978767266,0.0
ca-GrQc,up_pfix,2,0.5,0.5,6711,2375356,0.0028252607188143587,0.0014614103808052131,1175248,7045671,0,0,4158,13422,42,0.8513623535140842,0.8959171509462077,0.2934408436970053,0.3097898971837282,0.22061226299355974,0.3327518500523024,0.11213958705874266,0.22957923160412375,0.7392434039678134,0.2678507404491656,1.7232520498345734,0.20120241734161926,0.15173288250211328,0.07813578826237054,1.457808696451943,0.7119617095871321,0.49944059073618263,0.33564736657135813,9.08016632016632,3.323550465282749,0.743950103950104,0.5232641374373658,99.0,0.06132756132756133,0.3693052978767266,0.0
ca-GrQc,up_pfix,2,0.9536,0.9536,12799,38000000,0.0003368157894736842,0.00017089293580028477,1384714,7179413,1,1,4158,13422,42,0.8513623535140842,0.8959171509462077,0.295501062770767,0.3097898971837282,0.2502803068027729,0.33583978457781805,0.08555947777504516,0.25863729090842436,0.7881243293841719,0.21524067760288232,2.056922269604422,0.20120241734161926,0.1895902547065338,0.06073874480745481,1.821532139349389,0.7471483413222012,0.5469048214497255,0.3149286350076817,8.997505197505198,11.778811739441661,0.7243243243243244,0.952755905511811,99.0,0.06132756132756133,0.3693052978767266,0.0
ca-GrQc,down_pfix,1,0.0,0.0,0,0,,,356268,6769056,0,0,4158,13422,42,0.8513623535140842,0.8959171509462077,0.28700993739820324,0.3097898971837282,0.08723506953795679,0.3188695717586444,0.2316345022206876,0.09281489735988588,0.5235911226462407,0.4671170327863241,0.47820995409767336,0.20120241734161926,0.1005940594059406,0.10618729096989966,0.9664806480648065,0.639186140675376,0.6288944756689877,0.5568782161697932,11.728316008316009,1.6492483894058698,0.9212474012474012,0.7816750178954903,99.0,0.06132756132756133,0.3693052978767266,0.0
ca-GrQc,down_pfix,1,0.01,0.01,134,14172,0.009455263900649167,0.009455263900649167,330623,6752776,0,0,4158,13422,42,0.8513623535140842,0.8959171509462077,0.28640964080214226,0.3097898971837282,0.07597102657162905,0.3176971780748447,0.24172615150321566,0.08099978635854337,0.5103787891189466,0.4781875923608207,0.443140142787481,0.20120241734161926,0.09820193637621023,0.10764262648008611,0.9434977738307042,0.634902980825464,0.6230766193252866,0.5342432113946376,11.674927234927235,1.1596277738010021,0.9150935550935551,0.6363636363636364,99.0,0.06132756132756133,0.3693052978767266,0.0
ca-GrQc,down_pfix,1,0.02,0.02,268,27433,0.009769256005540771,0.01010481864112812,306093,6738719,0,0,4158,13422,42,0.8513623535140842,0.8959171509462077,0.2860225962071472,0.3097898971837282,0.06539697305068892,0.316596600458338,0.25119962740764906,0.06982015584188707,0.4975593378742985,0.48928270707798266,0.40959417812068877,0.20120241734161926,0.09421291724274146,0.11006101208278503,0.9051723516335547,0.6312046775078833,0.6183907440801337,0.5158287066922349,11.621871101871102,0.8518253400143164,0.9058627858627859,0.5025053686471009,99.0,0.06132756132756133,0.3693052978767266,0.0
ca-GrQc,down_pfix,1,0.05,0.05,671,71078,0.009440333155125356,0.009233589185473708,243680,6705215,0,0,4158,13422,42,0.8513623535140842,0.8959171509462077,0.28462735975464687,0.3097898971837282,0.030028658972801048,0.3129153655628821,0.282886706590081,0.032216829942488555,0.458903501265706,0.5200897378850134,0.32461819892220634,0.20120241734161926,0.08865248226950355,0.11346752935537982,0.8517491889916082,0.6223899976791704,0.6092032695826148,0.4699797399290514,11.507525987525987,0.33715103793843954,0.8864864864864865,0.23335719398711524,99.0,0.06132756132756133,0.3693052978767266,0.0
ca-GrQc,down_pfix,1,0.1,0.1,1342,149552,0.00897346742270247,0.008550602747406785,174846,6679922,0,0,4158,13422,42,0.8513623535140842,0.8959171509462077,0.28268212782283514,0.3097898971837282,-0.02190108584211009,0.3075103697719097,0.3294114556140198,-0.023658696160290173,0.4016115912178904,0.5741177783697469,0.23136198693424234,0.20120241734161926,0.07551622418879056,0.12150653712366559,0.7255395569520021,0.6157355774037513,0.6002922090742764,0.4170462422054547,11.37031185031185,0.06442376521116679,0.8595426195426196,0.05654974946313529,99.0,0.06132756132756133,0.3693052978767266,0.0
ca-GrQc,down_pfix,1,0.15,0.15,2013,238532,0.008439119279593513,0.0075410204540346144,124695,6668247,0,0,4158,13422,42,0.8513623535140842,0.8959171509462077,0.28071442591027385,0.3097898971837282,-0.07851210947483622,0.30161813314436403,0.38013024261920025,-0.08540738516717004,0.34191672979074555,0.6300206114379343,0.1640303307085144,0.20120241734161926,0.06529006882989184,0.12774379273119826,0.6272894086147518,0.6126639624622449,0.5953562449817699,0.37548765550364466,11.282827442827443,0.012168933428775949,0.838004158004158,0.012168933428775949,99.0,0.06132756132756133,0.3693052978767266,0.0
ca-GrQc,down_pfix,1,0.2,0.2,2684,348168,0.0077089221295466555,0.0061202524718158265,94427,6682074,0,0,4158,13422,42,0.8513623535140842,0.8959171509462077,0.2797711782791765,0.3097898971837282,-0.13885597470040822,0.29533737172876845,0.4341933464291767,-0.15156017934352328,0.2894003634161115,0.683803517189344,0.12338278009512522,0.20120241734161926,0.053761323355651834,0.13470757430488975,0.5165243250390543,0.6163017543077445,0.5936845984757743,0.34591237425485594,11.251891891891892,0.00572655690765927,0.8203742203742204,0.00572655690765927,99.0,0.06132756132756133,0.3693052978767266,0.0
ca-GrQc,down_pfix,1,0.3,0.3,4027,606611,0.006638521226947748,0.005196503677793556,55002,6710493,0,0,4158,13422,42,0.8513623535140842,0.8959171509462077,0.277801613968863,0.3097898971837282,-0.2537326410217527,0.28338068100824104,0.5371133220299937,-0.2789106427116017,0.19679652120597002,0.7811394776749108,0.07113561002668282,0.20120241734161926,0.03610891870560379,0.1453196073737132,0.34692477227388263,0.6237786044167523,0.5916575625551183,0.3005574134354507,11.213638253638253,0.004294917680744453,0.7994178794178795,0.004294917680744453,99.0,0.06132756132756133,0.3693052978767266,0.0
ca-GrQc,down_pfix,1,0.4,0.4,5369,986441,0.0054427989104264725,0.0035331595713871994,33942,6748122,0,0,4158,13422,42,0.8513623535140842,0.8959171509462077,0.2789365287048773,0.3097898971837282,-0.35872706866737736,0.27245256184411215,0.6311796305114895,-0.39271932071699944,0.12588832321115787,0.8609294344727415,0.043514412865406596,0.20120241734161926,0.023508494666139867,0.15287081339712918,0.22586328948384343,0.6336785443425714,0.5907756703039238,0.26147836364641686,11.197089397089398,0.002863278453829635,0.7827858627858628,0.002863278453829635,99.0,0.06132756132756133,0.3693052978767266,0.0
ca-GrQc,down_pfix,1,0.5,0.5,6711,1490867,0.004501407570225916,0.0026604496992621318,22380,6780693,0,0,4158,13422,42,0.8513623535140842,0.8959171509462077,0.2819667817513178,0.3097898971837282,-0.4711783451421308,0.26074831260888415,0.731926657751015,-0.5102827485642557,0.07233888477982967,0.9193975209723241,0.028504305211056537,0.20120241734161926,0.016403162055335967,0.15713944032528104,0.15759716614654212,0.6422477580693211,0.5921050899661722,0.23705408448575715,11.222619542619542,0.0,0.7807068607068607,0.0,99.0,0.06132756132756133,0.3693052978767266,0.0
ca-GrQc,down_pfix,1,0.8259,0.8259,11085,22000000,0.0005038636363636364,0.00021327083889894323,7338,6863158,1,1,4158,13422,42,0.8513623535140842,0.8959171509462077,0.31534571651870563,0.3097898971837281,-0.8743858645379206,0.21878132523025814,1.0931671897681787,-0.8467197755929322,0.0017643688509830242,0.9940889372385435,0.009213125343240392,0.20120241734161926,0.006332871561448644,0.16310192376628033,0.06084452548157745,0.6639437517439517,0.6021481315730589,0.20323224769423914,11.412972972972973,0.0,0.8084823284823285,0.0,99.0,0.06132756132756133,0.3693052978767266,0.0
ca-GrQc,down_pfix,2,0.0,0.0,0,0,,,356268,6769056,0,0,4158,13422,42,0.8513623535140842,0.8959171509462077,0.28700993739820324,0.3097898971837282,0.08723506953795679,0.3188695717586444,0.2316345022206876,0.09281489735988588,0.5235911226462407,0.4671170327863241,0.47820995409767336,0.20120241734161926,0.1005940594059406,0.10618729096989966,0.9664806480648065,0.639186140675376,0.6288944756689877,0.5568782161697932,11.728316008316009,1.6492483894058698,0.9212474012474012,0.7816750178954903,99.0,0.06132756132756133,0.3693052978767266,0.0
ca-GrQc,down_pfix,2,0.01,0.01,134,13494,0.009930339410108195,0.009930339410108195,332931,6756480,0,0,4158,13422,42,0.8513623535140842,0.8959171509462077,0.2865411878067936,0.3097898971837282,0.07672696206852009,0.317775857995062,0.24104889592654194,0.08176820372290866,0.511990886321595,0.47730682171627054,0.446136620150179,0.20120241734161926,0.0989727380482023,0.10717703349282297,0.9509034288353408,0.635877478619326,0.6231819198925934,0.5342067809553451,11.671850311850312,1.203292770221904,0.9135966735966736,0.6313528990694345,99.0,0.06132756132756133,0.3693052978767266,0.0
ca-GrQc,down_pfix,2,0.02,0.02,268,26168,0.010241516355854479,0.01057282625848193,311562,6740224,0,0,4158,13422,42,0.8513623535140842,0.8959171509462077,0.2860626915757173,0.3097898971837282,0.0658247571377158,0.3166411254448956,0.2508163683071798,0.07026702327997295,0.5006449222197253,0.4852639677836528,0.4171695198248728,0.20120241734161926,0.09899428120686256,0.1071727936774039,0.9511104097054468,0.6316006330099792,0.6184565569347005,0.515812822964559,11.617962577962578,0.8962061560486757,0.9058627858627859,0.5025053686471009,99.0,0.06132756132756133,0.3693052978767266,0.0
ca-GrQc,down_pfix,2,0.05,0.05,671,69654,0.009633330461997875,0.00926735041162673,249125,6709130,0,0,4158,13422,42,0.8513623535140842,0.8959171509462077,0.28462841215926826,0.3097898971837282,0.02966505259905511,0.31287752037556843,0.2832124677765133,0.03182661010476803,0.4597099219146463,0.5207342136475994,0.33195035428935243,0.20120241734161926,0.09132060617988585,0.11185709147584222,0.8773838054018811,0.6234200081713328,0.6094138707172285,0.4683066039088503,11.50902286902287,0.3586256263421618,0.8832432432432432,0.2526843235504653,99.0,0.06132756132756133,0.3693052978767266,0.0
ca-GrQc,down_pfix,2,0.1,0.1,1342,150905,0.008893012159968192,0.008258359897108958,173577,6694063,0,0,4158,13422,42,0.8513623535140842,0.8959171509462077,0.2824246182001049,0.3097898971837282,-0.029136969766176246,0.3067572383576704,0.3358942081238466,-0.03150397427027754,0.3963714940092893,0.5807310289200053,0.22913999018896555,0.20120241734161926,0.0739866194411649,0.1224220623501199,0.7108435262271405,0.6194559805633092,0.6018453924420518,0.4174466168254938,11.395925155925156,0.09735146743020759,0.8607068607068608,0.07659269863994274,99.0,0.06132756132756133,0.3693052978767266,0.0
ca-GrQc,down_pfix,2,0.15,0.15,2013,243012,0.008283541553503531,0.007285005482753753,126477,6689435,0,0,4158,13422,42,0.8513623535140842,0.8959171509462077,0.28112667376983735,0.3097898971837282,-0.08436591793368237,0.3010088520821521,0.3853747700158345,-0.09164072009155136,0.34184529664844626,0.6342569837058026,0.16588251440071894,0.20120241734161926,0.061405235189923246,0.13008032609998801,0.5899649725978167,0.6182383845076954,0.5961065115238309,0.3743794526418389,11.296216216216216,0.019327129563350035,0.8385031185031185,0.019327129563350035,99.0,0.06132756132756133,0.3693052978767266,0.0
ca-GrQc,down_pfix,2,0.2,0.2,2684,351299,0.007640215315158882,0.006196496347668695,94844,6701353,0,0,4158,13422,42,0.8513623535140842,0.8959171509462077,0.2795063554317818,0.3097898971837282,-0.14228526674175912,0.2949804412428671,0.4372657079846262,-0.15545036858759978,0.28927455179423683,0.6868911254738026,0.1235738307342838,0.20120241734161926,0.050660358762073726,0.13654329859863457,0.4867310918429159,0.6213739311349221,0.5936845984757743,0.34613362255308777,11.252224532224533,0.002863278453829635,0.8244490644490644,0.002863278453829635,99.0,0.06132756132756133,0.3693052978767266,0.0
ca-GrQc,down_pfix,2,0.3,0.3,4027,613421,0.006564822528084301,0.005123568414707656,52397,6733297,0,0,4158,13422,42,0.8513623535140842,0.8959171509462077,0.27882550286387725,0.3097898971837282,-0.26366560537205475,0.28234682977911185,0.5460124351511666,-0.2887649631549947,0.19217970792773942,0.788790770838015,0.0675087598142604,0.20120241734161926,0.03300395256916996,0.1470939966515188,0.3170930933309944,0.6297781853269115,0.5926710805154463,0.29596780385357974,11.233347193347193,0.0,0.8040748440748441,0.0,99.0,0.06132756132756133,0.3693052978767266,0.0
ca-GrQc,down_pfix,2,0.4,0.4,5369,955347,0.005619947516452137,0.003924825839509134,31975,6762347,0,0,4158,13422,42,0.8513623535140842,0.8959171509462077,0.280425081801213,0.3097898971837282,-0.3811388288428566,0.270119881992738,0.6512587108355946,-0.4150399011943513,0.11917548295501051,0.8674117837897365,0.040894053699723466,0.20120241734161926,0.023333992485663438,0.15289898386132697,0.22418671950076927,0.6374210473441069,0.5915390994168981,0.2610546635467614,11.211559251559251,0.002863278453829635,0.7875259875259876,0.002863278453829635,99.0,0.06132756132756133,0.3693052978767266,0.0
ca-GrQc,down_pfix,2,0.5,0.5,6711,1490687,0.004501951113815308,0.0025068180969103748,21198,6798483,0,0,4158,13422,42,0.8513623535140842,0.8959171509462077,0.28354835956722857,0.3097898971837282,-0.48828878834746414,0.25896740893149994,0.7472561972789641,-0.5258636173407775,0.06801307226504077,0.9240474911341053,0.026923270689810676,0.20120241734161926,0.0152384721947358,0.15772493726849085,0.14640713944004574,0.646928188888113,0.5927237307990997,0.23411761807750944,11.234345114345114,0.0,0.7830353430353431,0.0,99.0,0.06132756132756133,0.3693052978767266,0.0
ca-GrQc,down_pfix,2,0.8194,0.8194,10998,24000000,0.00045825,0.00019045450209875353,7297,6871201,1,1,4158,13422,42,0.8513623535140842,0.8959171509462077,0.31546241102139894,0.3097898971837282,-0.8745953525603664,0.21875952112003935,1.0933548736804057,-0.8466093452992413,0.002036112429813217,0.9940918243280448,0.009150858174264894,0.20120241734161926,0.006336633663366337,0.16304347826086957,0.060880670744239786,0.6660598116132909,0.6013188896055177,0.19838414790765269,11.397255717255717,0.0,0.8064864864864865,0.0,99.0,0.06132756132756133,0.3693052978767266,0.0
ca-GrQc,neutral_pfix,1,0.0,0.0,0,0,,,356268,6769056,0,0,4158,13422,42,0.8513623535140842,0.8959171509462077,0.28700993739820324,0.3097898971837282,0.08723506953795679,0.3188695717586444,0.2316345022206876,0.09281489735988588,0.5235911226462407,0.4671170327863241,0.47820995409767336,0.20120241734161926,0.1005940594059406,0.10618729096989966,0.9664806480648065,0.639186140675376,0.6288944756689877,0.5568782161697932,11.728316008316009,1.6492483894058698,0.9212474012474012,0.7816750178954903,99.0,0.06132756132756133,0.3693052978767266,0.0
ca-GrQc,neutral_pfix,1,0.01,0.01,134,3269,0.04099112878556133,0.04099112878556133,361705,6732770,0,0,4158,13422,42,0.8513623535140842,0.8959171509462077,0.2870652436861367,0.3097898971837282,0.08634673182438779,0.3187771110384942,0.23243037921410642,0.09185203906915328,0.5230243899535238,0.4669697019303318,0.48868741533157867,0.20120241734161926,0.10181531176006314,0.10545846301173091,0.978214111985374,0.6296395351278388,0.6094533584299685,0.5314159857080851,11.387692307692308,1.4094488188976377,0.9086070686070686,0.7043664996420902,99.0,0.06132756132756133,0.3693052978767266,0.0
ca-GrQc,neutral_pfix,1,0.02,0.02,268,6891,0.038891307502539545,0.03699613473219216,362155,6705438,0,0,4158,13422,42,0.8513623535140842,0.8959171509462077,0.28670108615118384,0.3097898971837282,0.08460484978591698,0.3185958109932146,0.23399096120729762,0.0901134115242113,0.5222074626799036,0.46826222511261884,0.4914383871321531,0.20120241734161926,0.10116118874237355,0.10586260640211007,0.9719294740874286,0.6224486674977532,0.5953167572690298,0.5059344833930478,11.141122661122662,1.2254831782390838,0.8952182952182952,0.6377952755905512,99.0,0.06132756132756133,0.3693052978767266,0.0
ca-GrQc,neutral_pfix,1,0.05,0.05,671,17604,0.038116337196091796,0.03761784747503034,366305,6630863,0,0,4158,13422,42,0.8513623535140842,0.8959171509462077,0.28682029256674985,0.3097898971837282,0.077904003469417,0.3178983678175216,0.23999436434810462,0.08294179178871318,0.5173315554417917,0.47269536592371236,0.5033164110984176,0.20120241734161926,0.10259410961575971,0.10500301386377335,0.9856965921708853,0.60282848040886,0.5572506021876192,0.4451659191204562,10.473180873180873,0.7644953471725126,0.860956340956341,0.427344309234073,99.0,0.06132756132756133,0.3693052978767266,0.0
ca-GrQc,neutral_pfix,1,0.1,0.1,1342,36089,0.03718584610269057,0.03629970246145523,363496,6518932,0,0,4158,13422,42,0.8513623535140842,0.8959171509462077,0.2860789677148878,0.3097898971837282,0.0658534912024053,0.3166441161682134,0.2507906249658081,0.07029369699108977,0.5072591252118811,0.4808284458678159,0.5083109845858367,0.20120241734161926,0.10368797065070477,0.1043309474705811,0.9962061145839366,0.5733801778805742,0.514353783581009,0.37669600796595637,9.708191268191268,0.3507516105941303,0.8144698544698544,0.23120973514674303,99.0,0.06132756132756133,0.3693052978767266,0.0
ca-GrQc,neutral_pfix,1,0.15,0.15,2013,53483,0.03763812800329076,0.03857652063930091,365625,6446210,0,0,4158,13422,42,0.8513623535140842,0.8959171509462077,0.28551814805516906,0.3097898971837282,0.058780963433674005,0.31590798732803177,0.25712702389435776,0.06286754380503491,0.502851670568206,0.4862488819969135,0.5175820406586932,0.20120241734161926,0.10252970486776543,0.10507069722086787,0.9850778086865767,0.5542475027819688,0.4831979782291077,0.3231121430111183,9.138212058212059,0.1739441660701503,0.7742203742203743,0.12741589119541877,99.0,0.06132756132756133,0.3693052978767266,0.0
ca-GrQc,neutral_pfix,1,0.2,0.2,2684,70417,0.038115795901557864,0.039624424235266326,366866,6399214,0,0,4158,13422,42,0.8513623535140842,0.8959171509462077,0.2851586821958282,0.3097898971837282,0.050824797928125554,0.3150798869546708,0.26425508902654526,0.05442677139768266,0.49784780871395046,0.49138370461205105,0.5234916464842139,0.20120241734161926,0.10148798168637925,0.10574572127139364,0.975069212737711,0.5418831673823089,0.4652968817869506,0.28584051295812224,8.802661122661123,0.14173228346456693,0.7461954261954262,0.1152469577666428,99.0,0.06132756132756133,0.3693052978767266,0.0
ca-GrQc,neutral_pfix,1,0.3,0.3,4027,106796,0.0377074047717143,0.03691690260864785,353368,6321697,0,0,4158,13422,42,0.8513623535140842,0.8959171509462077,0.28466799517516456,0.3097898971837282,0.04228757525050447,0.31419130849537735,0.2719037332448729,0.04536257005979586,0.4894094711417546,0.4978553687215104,0.5096395717541403,0.20120241734161926,0.10145750520537573,0.10578695171396978,0.9747764029109185,0.5214889596374916,0.44081449988811816,0.23380743469787058,8.345031185031186,0.08661417322834646,0.6985446985446986,0.06943450250536864,99.0,0.06132756132756133,0.3693052978767266,0.0
ca-GrQc,neutral_pfix,1,0.4,0.4,5369,141460,0.03795419199773788,0.03871451650126933,342453,6251582,0,0,4158,13422,42,0.8513623535140842,0.8959171509462077,0.284006874913694,0.3097898971837282,0.027649768240150252,0.3126677638378401,0.28501799559768987,0.029729400621903684,0.47751448381369643,0.507047653346866,0.49884564263195863,0.20120241734161926,0.10052611800075159,0.10641975308641975,0.9658278853300557,0.5030421689202573,0.4229792163005278,0.20492359757649067,8.010478170478171,0.05654974946313529,0.6682744282744283,0.052970651395848244,99.0,0.06132756132756133,0.3693052978767266,0.0
ca-GrQc,neutral_pfix,1,0.5,0.5,6711,178019,0.037698223223363796,0.03670778741212834,338439,6216009,0,0,4158,13422,42,0.8513623535140842,0.8959171509462077,0.2847133678344521,0.3097898971837281,0.02000473331912911,0.3118720468221445,0.29186731350301537,0.02145598311542683,0.4715988076617998,0.5148642249429651,0.49564561915228855,0.20120241734161926,0.0985941893158388,0.10770372202299988,0.9472664345004927,0.4936831489361715,0.41238334671528043,0.1837118488027405,7.8108108108108105,0.046528274874731566,0.64997920997921,0.03937007874015748,99.0,0.06132756132756133,0.3693052978767266,0.0
ca-GrQc,neutral_pfix,1,1.0,1.0,13422,361024,0.03717758376174437,0.036671129204120106,313177,6139785,0,0,4158,13422,42,0.8513623535140842,0.8959171509462077,0.28246866867439385,0.3097898971837282,-0.01700601424226611,0.30801986277034377,0.3250258770126099,-0.018384666940093244,0.4387275078613661,0.5433850380307074,0.4626608354263929,0.20120241734161926,0.09981447124304267,0.10694721115537849,0.9589905748204143,0.47362912090179266,0.39148118410487937,0.14250761954371063,7.416216216216216,0.0329277022190408,0.6079002079002079,0.03221188260558339,99.0,0.06132756132756133,0.3693052978767266,0.0
ca-GrQc,neutral_pfix,1,1.5,1.5,20133,546582,0.036834363370912324,0.03616658942217528,309042,6127462,0,0,4158,13422,42,0.8513623535140842,0.8959171509462077,0.2831751561748342,0.3097898971837282,-0.031099779377090464,0.30655294354121626,0.3376527229183067,-0.03353711271800595,0.43108731659912763,0.5509523674878005,0.45719462636073144,0.20120241734161926,0.09778769287971742,0.10829292552530151,0.9395178338092822,0.47038702146503186,0.38459715951719686,0.1250231862854486,7.284823284823285,0.0408017179670723,0.5964241164241164,0.03793843951324266,99.0,0.06132756132756133,0.3693052978767266,0.0
ca-GrQc,neutral_pfix,1,2.0,2.0,26844,730027,0.0367712427074615,0.03658317206792226,315243,6113728,0,0,4158,13422,42,0.8513623535140842,0.8959171509462077,0.28113991845478564,0.3097898971837282,-0.024231322156123725,0.30726783213737857,0.3314991542935023,-0.026319528700298467,0.43526987589979715,0.5444894837020822,0.4679717024226113,0.20120241734161926,0.10068607454107176,0.10636442894507411,0.9673647047174411,0.46677369730172164,0.38208310847274685,0.12582047170172997,7.237338877338877,0.03937007874015748,0.5946777546777546,0.03579098067287044,99.0,0.06132756132756133,0.3693052978767266,0.0
ca-GrQc,neutral_pfix,1,2.0,2.0,26844,730027,0.0367712427074615,,315243,6113728,1,0,4158,13422,42,0.8513623535140842,0.8959171509462077,0.28113991845478564,0.3097898971837282,-0.024231322156123725,0.30726783213737857,0.3314991542935023,-0.026319528700298467,0.43526987589979715,0.5444894837020822,0.4679717024226113,0.20120241734161926,0.10068607454107176,0.10636442894507411,0.9673647047174411,0.46677369730172164,0.38208310847274685,0.12582047170172997,7.237338877338877,0.03937007874015748,0.5946777546777546,0.03579098067287044,99.0,0.06132756132756133,0.3693052978767266,0.0
ca-GrQc,neutral_pfix,2,0.0,0.0,0,0,,,356268,6769056,0,0,4158,13422,42,0.8513623535140842,0.8959171509462077,0.28700993739820324,0.3097898971837282,0.08723506953795679,0.3188695717586444,0.2316345022206876,0.09281489735988588,0.5235911226462407,0.4671170327863241,0.47820995409767336,0.20120241734161926,0.1005940594059406,0.10618729096989966,0.9664806480648065,0.639186140675376,0.6288944756689877,0.5568782161697932,11.728316008316009,1.6492483894058698,0.9212474012474012,0.7816750178954903,99.0,0.06132756132756133,0.3693052978767266,0.0
ca-GrQc,neutral_pfix,2,0.01,0.01,134,3230,0.04148606811145511,0.04148606811145511,353374,6746750,0,0,4158,13422,42,0.8513623535140842,0.8959171509462077,0.28697930303062985,0.3097898971837282,0.08463197560771263,0.31859863432603,0.23396665871831734,0.09005491352703052,0.5210240833862881,0.46862900453451634,0.47576558644962036,0.20120241734161926,0.10033576930673514,0.10635243450173466,0.9639990663099492,0.6333175802569401,0.6142182091006015,0.533861667191979,11.477920997920998,1.4101646385110953,0.9101039501039501,0.6921975662133143,99.0,0.06132756132756133,0.3693052978767266,0.0
ca-GrQc,neutral_pfix,2,0.02,0.02,268,7052,0.03800340328984685,0.03506017791732077,353570,6719198,0,0,4158,13422,42,0.8513623535140842,0.8959171509462077,0.2868259106962487,0.3097898971837282,0.08248156411369165,0.31837481337109425,0.2358932492574026,0.08781364773070173,0.5190583921292583,0.4707213110362717,0.47810450080964295,0.20120241734161926,0.09968479117415288,0.10675772825305535,0.957744643621675,0.6260688320883422,0.6001605833651429,0.5122685951701181,11.242910602910603,1.1395848246241946,0.8988773388773389,0.6034359341445955,99.0,0.06132756132756133,0.3693052978767266,0.0
ca-GrQc,neutral_pfix,2,0.05,0.05,671,17888,0.03751118067978533,0.037190845330380216,359023,6624529,0,0,4158,13422,42,0.8513623535140842,0.8959171509462077,0.28619856139074823,0.3097898971837282,0.0777200762813304,0.3178792241517671,0.2401591478704367,0.08292572609626932,0.5176141628110132,0.4721514918365312,0.4932360376982943,0.20120241734161926,0.10109289617486339,0.1059291395516992,0.9712733374796109,0.6011620470864187,0.5569873507693522,0.45153588371127173,10.478336798336798,0.6771653543307087,0.8649480249480249,0.4251968503937008,99.0,0.06132756132756133,0.3693052978767266,0.0
ca-GrQc,neutral_pfix,2,0.1,0.1,1342,35755,0.03753321213816249,0.037555269491240835,367657,6545232,0,0,4158,13422,42,0.8513623535140842,0.8959171509462077,0.285871445889297,0.3097898971837282,0.06996828219899676,0.31707239533839954,0.24710411313940278,0.07474014644353942,0.5124877633539051,0.47835980576138054,0.5122871841765658,0.20120241734161926,0.10083220437391135,0.1061175045427014,0.9687686808207862,0.5802995331663654,0.5174733128874732,0.37803356738846944,9.767484407484407,0.3493199713672155,0.8190436590436591,0.23622047244094488,99.0,0.06132756132756133,0.3693052978767266,0.0
ca-GrQc,neutral_pfix,2,0.15,0.15,2013,53189,0.0378461712008122,0.03848801193071011,366765,6469440,0,0,4158,13422,42,0.8513623535140842,0.8959171509462077,0.28603265129428646,0.3097898971837282,0.05908096343198205,0.3159392121825718,0.25685824875058977,0.06307473987661884,0.5029425692417818,0.4858045678518119,0.5173164892231228,0.20120241734161926,0.10155500095987714,0.10568610739072203,0.9757131158793636,0.5603591614621564,0.48844984402353464,0.329148084403251,9.235592515592515,0.19255547602004294,0.7826195426195426,0.148890479599141,99.0,0.06132756132756133,0.3693052978767266,0.0
ca-GrQc,neutral_pfix,2,0.2,0.2,2684,72674,0.03693205272862372,0.03443674621503721,362552,6412879,0,0,4158,13422,42,0.8513623535140842,0.8959171509462077,0.2853810150928249,0.3097898971837282,0.055377280367325366,0.31555372229721007,0.2601764419298847,0.05925568950834981,0.49981692280904877,0.48712358082436824,0.5157985734970988,0.20120241734161926,0.10390848427073403,0.10419469242998655,0.9983247500943394,0.5454783381039948,0.4670869914311663,0.2918475519497268,8.838586278586279,0.12455261274158912,0.7516839916839917,0.09949892627057981,99.0,0.06132756132756133,0.3693052978767266,0.0
ca-GrQc,neutral_pfix,2,0.3,0.3,4027,108938,0.036965980649543775,0.03703397308625634,353690,6332425,0,0,4158,13422,42,0.8513623535140842,0.8959171509462077,0.2849368648237833,0.3097898971837282,0.039182749237998804,0.3138681493581794,0.2746854001201806,0.04199231083069443,0.48698866147685044,0.4978090264704438,0.5092161343464972,0.20120241734161926,0.10344827586206896,0.10449410609037328,0.9939031915681386,0.524311425170038,0.4398931199241836,0.24136591190421758,8.328482328482329,0.07874015748031496,0.709022869022869,0.07086614173228346,99.0,0.06132756132756133,0.3693052978767266,0.0
ca-GrQc,neutral_pfix,2,0.4,0.4,5369,143752,0.0373490455784963,0.03854771069110128,354674,6265269,0,0,4158,13422,42,0.8513623535140842,0.8959171509462077,0.2846099467670697,0.3097898971837282,0.026560083573540394,0.31255434635316914,0.28599426277962875,0.02849724487480323,0.47943945817961564,0.5041043697736611,0.5165196282506753,0.20120241734161926,0.1056987022757194,0.10302282541640963,1.0155246828523306,0.5066431276957944,0.42304502915509457,0.21643080123692549,8.011642411642411,0.0572655690765927,0.6867359667359667,0.05654974946313529,99.0,0.06132756132756133,0.3693052978767266,0.0
ca-GrQc,neutral_pfix,2,0.5,0.5,6711,180401,0.03720045897750012,0.036617643046194984,341640,6201469,0,0,4158,13422,42,0.8513623535140842,0.8959171509462077,0.2845770948418486,0.3097898971837282,0.01469434331849212,0.31131932630129144,0.2966249829827993,0.0157678961918132,0.4701613347282639,0.5118762361282047,0.5018482908319696,0.20120241734161926,0.10560747663551402,0.10307234886025768,1.0146482114544517,0.4898577715272206,0.4099877588090506,0.19267276400440758,7.764158004158004,0.0572655690765927,0.6607068607068607,0.05153901216893343,99.0,0.06132756132756133,0.3693052978767266,0.0
ca-GrQc,neutral_pfix,2,1.0,1.0,13422,361135,0.037166156700402894,0.03713191762479666,327939,6199073,0,0,4158,13422,42,0.8513623535140842,0.8959171509462077,0.2845493177026985,0.3097898971837282,-0.017925627106892106,0.307924146843367,0.3258497739502591,-0.019237131795779114,0.44439804927993903,0.5379673401720646,0.48079479157122806,0.20120241734161926,0.0984678624813154,0.10780669144981413,0.9460527202750287,0.48922739984415003,0.3951272162478775,0.144850589107185,7.4854885654885654,0.031496062992125984,0.6143035343035343,0.02863278453829635,99.0,0.06132756132756133,0.3693052978767266,0.0
ca-GrQc,neutral_pfix,2,1.5,1.5,20133,546713,0.03682553734774918,0.03616269169836942,327211,6171747,0,0,4158,13422,42,0.8513623535140842,0.8959171509462077,0.2842347051882778,0.3097898971837282,-0.020798757424727976,0.3076251032541838,0.32842386067891177,-0.022345176864572155,0.44195735739042824,0.5391628333360616,0.48191066318294923,0.20120241734161926,0.10195712954333644,0.10549832443837656,0.9795766590770664,0.4820381107742057,0.3874929251181341,0.13294366666661814,7.340956340956341,0.030064423765211165,0.6033264033264033,0.02720114531138153,99.0,0.06132756132756133,0.3693052978767266,0.0
ca-GrQc,neutral_pfix,2,2.0,2.0,26844,727795,0.0368840126684025,0.037060558200152416,318640,6145809,0,0,4158,13422,42,0.8513623535140842,0.8959171509462077,0.282280309056505,0.3097898971837282,-0.02822970770394151,0.3068516687779462,0.3350813764818877,-0.030538612987682817,0.4322079835465662,0.5430418017819593,0.47068608420755026,0.20120241734161926,0.10454967502321262,0.10377006345651363,1.0044851382688331,0.4752139952836029,0.38349150356047546,0.13535883664597945,7.264781704781705,0.0329277022190408,0.6016632016632016,0.030064423765211165,99.0,0.06132756132756133,0.3693052978767266,0.0
ca-GrQc,neutral_pfix,2,2.0,2.0,26844,727795,0.0368840126684025,,318640,6145809,1,0,4158,13422,42,0.8513623535140842,0.8959171509462077,0.282280309056505,0.3097898971837282,-0.02822970770394151,0.3068516687779462,0.3350813764818877,-0.030538612987682817,0.4322079835465662,0.5430418017819593,0.47068608420755026,0.20120241734161926,0.10454967502321262,0.10377006345651363,1.0044851382688331,0.4752139952836029,0.38349150356047546,0.13535883664597945,7.264781704781705,0.0329277022190408,0.6016632016632016,0.030064423765211165,99.0,0.06132756132756133,0.3693052978767266,0.0
email-Eu-core,up,1,0.0,0.0,0,0,,,52859278,88109182,0,0,986,16064,8,0.41585277609990806,0.584910358565737,0.09471324878169804,0.06137948207171315,0.03400028641615006,0.07549264876885511,0.04149236235270505,0.17688355006797415,0.7058129881048056,0.27133059978042706,2.1130545325546457,0.016978882466887724,0.610192423331329,0.2771993200169996,1.4700256581275446,-0.02574336808308948,0.26739242877040204,0.40705044751953817,19.501702852277564,19.967756448710258,0.9822264793529162,0.9818536292741452,123.25,0.2748478701825558,0.2720588235294117,0.0
email-Eu-core,up,1,0.01,0.01,161,355,0.4535211267605634,0.4535211267605634,53705969,88237194,0,0,986,16064,8,0.402282058968434,0.571339641434263,0.09476910106596119,0.06137948207171315,0.03249315246313803,0.07530800845749307,0.042814855994355035,0.16967932490347679,0.6990868929331129,0.2791652455103115,2.072963267455122,0.016978882466887724,0.6187753873928088,0.29446745247955824,1.4435097041937381,-0.02343030163248253,0.25974040242863516,0.38628344188346453,18.877751144040097,19.46979378449027,0.9816953584658967,0.9737147836189369,123.25,0.2748478701825558,0.2720588235294117,0.0
email-Eu-core,up,1,0.02,0.02,321,718,0.44707520891364905,0.44077134986225897,54715027,88422625,0,0,986,16064,8,0.388586839844928,0.557644422310757,0.09485988093811576,0.06137948207171315,0.03176864195897795,0.07543251803787956,0.04366387607890161,0.16633380025065572,0.6946537401578885,0.28493803085317876,2.0462781503173657,0.016978882466887724,0.6274657431109772,0.31189642364427467,1.4184646351442074,-0.020079723366363083,0.25333582372111263,0.3714797923634745,18.27718240678723,19.142133408387277,0.9815807099799062,0.9677737123557557,123.25,0.2748478701825558,0.2720588235294117,0.0
email-Eu-core,up,1,0.05,0.05,803,1766,0.4546998867497169,0.4599236641221374,57258066,88777300,0,0,986,16064,8,0.3514229952234141,0.520480577689243,0.09489938488740471,0.06137948207171314,0.030147045369440566,0.07583557585164347,0.0456885304822029,0.15870357951593006,0.6831537651481567,0.30004783961464476,1.9717840350196274,0.016978882466887724,0.6500376789751319,0.35952911231307666,1.3556023984235388,-0.01367105196548638,0.2351895173831321,0.3269035765477073,16.552206673842843,18.160067506166428,0.9795479009687836,0.95677008957549,123.25,0.2748478701825558,0.2720588235294117,0.0
email-Eu-core,up,1,0.1,0.1,1606,3656,0.43927789934354483,0.4248677248677249,61093417,89259323,0,0,986,16064,8,0.2934050669365615,0.46246264940239046,0.09495611561058816,0.06137948207171315,0.029402172794288743,0.07718424813736824,0.047782075343079496,0.1543828804620283,0.6672798886786419,0.32002854585657564,1.8661163033771135,0.016978882466887724,0.6868671603445671,0.43294167460569494,1.2778035974261872,-0.004961312021411551,0.21388909548214358,0.26290117031083704,14.322116031767399,16.986450492182975,0.9713285771974693,0.9446438911407065,123.25,0.2748478701825558,0.2720588235294117,0.0
email-Eu-core,up,1,0.15,0.15,2410,5713,0.42184491510589883,0.39086047642197375,64656724,89619716,0,0,986,16064,8,0.2364454055819798,0.40550298804780877,0.09510787311773602,0.06137948207171314,0.028176486549246413,0.07813031913255125,0.04995383258330484,0.14545954868735705,0.6546447602988007,0.33681313867674456,1.7666944359807697,0.016978882466887724,0.7215247315080926,0.5056595789696393,1.2136725954917276,0.0015506787086259346,0.1995104866736082,0.21748285505736634,12.655357691126804,16.086596858638742,0.9623887012588271,0.9366492146596859,123.25,0.2748478701825558,0.2720588235294117,0.0
email-Eu-core,up,1,0.2,0.2,3213,7827,0.4105021080873898,0.379848628192999,67699732,90141960,0,0,986,16064,8,0.19031741753417106,0.359375,0.09537856644143244,0.06137948207171315,0.026116746644844882,0.0781105228910669,0.05199377624622202,0.13138450761473666,0.6444187717870727,0.3499757271270232,1.6922516979608437,0.016978882466887724,0.7488245108448355,0.5653046140851019,1.1688967974163285,0.010987177438672982,0.19311097889142811,0.19150981936095116,11.69980945782089,15.63978233407832,0.9534037761995496,0.931687882615878,123.25,0.2748478701825558,0.2720588235294117,0.0
email-Eu-core,up,1,0.3,0.3,4819,12364,0.3897605952766095,0.353978399823672,73294982,90980778,0,0,986,16064,8,0.11007588366962924,0.27913346613545814,0.09607802993125858,0.06137948207171315,0.026434111097946293,0.08043494811467991,0.05400083701673362,0.1234167221721896,0.634976096163831,0.3639845530221444,1.6047473818114921,0.016978882466887724,0.8024316109422492,0.6642766765078026,1.1131486526922532,0.026143895355471437,0.18948780273424295,0.15801143979771742,10.641391614629795,15.24084628670121,0.9223907225691347,0.9251295336787565,123.25,0.2748478701825558,0.2720588235294117,0.0
email-Eu-core,up,1,0.4,0.4,6426,17788,0.36125477850236115,0.2962758112094395,78206293,91746338,0,0,986,16064,8,0.04334281594054558,0.2124003984063745,0.09628114406624548,0.06137948207171315,0.027691802489973348,0.08318953468022552,0.055497732190252176,0.11763603844381565,0.6360451516823886,0.36745890950797966,1.5576555693133576,0.016978882466887724,0.8472074265712981,0.7463394079848309,1.0756829039235956,0.03997690438530161,0.1902382996849265,0.14189016418721712,10.174677608440797,15.047186215618083,0.88042203985932,0.9155864685425229,123.25,0.2748478701825558,0.2720588235294117,0.0
email-Eu-core,up,1,0.5,0.5,8032,23780,0.3377628259041211,0.2680240320427236,82471162,92737518,0,0,986,16064,8,-0.008450012744713393,0.16060756972111553,0.09694260186265238,0.06137948207171315,0.03110797664720933,0.08749128219067297,0.05638330554346364,0.11782097763653704,0.6394183948130313,0.3674067197643374,1.5370456136264588,0.016978882466887724,0.8809741248097412,0.8106172319359596,1.0495378478896236,0.057886672254818396,0.1961078957688199,0.1297903233544161,10.372868217054263,15.22367250074162,0.8403100775193798,0.909596558884604,123.25,0.2748478701825558,0.2720588235294117,0.0
email-Eu-core,up,1,1.0,1.0,16064,71483,0.2247247597330834,0.1683751546024359,96225270,97635113,0,0,986,16064,8,-0.13145798087220342,0.0375996015936255,0.10055311747123721,0.061379482071713155,0.10926015658892978,0.16653150030284203,0.05727134371391225,0.20669777303804945,0.7897287809600507,0.2282533219673929,2.666526076235298,0.016978882466887724,0.9810281517747858,0.9496221662468514,1.019355512943736,0.14638199053091946,0.2303797446958121,0.10404739703800918,6.289735099337748,17.386157826649416,0.5298013245033113,0.863712807244502,123.25,0.2748478701825558,0.2720588235294117,0.0
email-Eu-core,up,1,1.5,1.5,24096,165878,0.14526338634418065,0.08508925260871868,101888299,101980407,0,0,986,16064,8,-0.1567941362506895,0.012263446215139442,0.10602944165853198,0.06137948207171315,0.29287502321333236,0.35066284819011106,0.05778782497677873,0.3040063744503422,0.9330017701074189,0.0750232180636055,13.734041772911535,0.016978882466887724,0.9986204782342122,0.980293501048218,1.0110190560505694,0.22489770600621548,0.2845448337412611,0.11231864489936948,0.7563451776649747,21.209365349467447,0.233502538071066,0.854288775445894,123.25,0.2748478701825558,0.2720588235294117,0.0
email-Eu-core,up,1,2.0,2.0,32128,367991,0.08730648303898737,0.039740145364226945,104317250,104320414,0,0,986,16064,8,-0.1647000127447134,0.0043575697211155374,0.11152642221948024,0.06137948207171315,0.6004534044398093,0.6592163689373948,0.058762964497585495,0.3546299507171116,0.984877364726058,0.015266439200414442,144.29809685269143,0.016978882466887724,1.0,0.9926655490360435,1.004376641240465,0.2671796146232619,0.33345390866925395,0.1276468691759599,0.05714285714285714,24.66825059397274,0.05714285714285714,0.883518819557334,123.25,0.2748478701825558,0.2720588235294117,0.0
email-Eu-core,up,1,2.5,2.5,40160,845388,0.04750481435743115,0.016824571582980202,105322835,105323283,0,0,986,16064,8,-0.1671278015893349,0.001929780876494024,0.11781161822444915,0.06137948207171315,0.7668801004216064,0.8267796719409621,0.05989957151935571,0.28567609116836035,0.9926552694744509,0.007488587047279502,454.5602213570671,0.016978882466887724,1.0,0.9967522262964903,1.0019335121312294,0.2853005926429297,0.37565414936917685,0.15994092918989714,0.0,27.72282168028441,0.0,0.9179816628204328,123.25,0.2748478701825558,0.2720588235294117,0.0
email-Eu-core,up,1,2.7718,2.7718,44526,1450000,0.03070758620689655,0.007221160016671849,105591728,105591909,1,1,986,16064,8,-0.16781256254551022,0.001245019920318725,0.12163168847879509,0.06137948207171315,0.9649409362348778,1.0251190476190475,0.06017811138416972,0.27975098510965785,0.9944698952879581,0.005400772874594864,727.2247727588909,0.016978882466887724,1.0,0.997904662126768,1.0012465719272003,0.2901544328169817,0.3987319306026964,0.1875527103644981,0.0,29.405759162303664,0.0,0.9359885315382698,123.25,0.2748478701825558,0.2720588235294117,0.0
email-Eu-core,up,2,0.0,0.0,0,0,,,52859278,88109182,0,0,986,16064,8,0.41585277609990806,0.584910358565737,0.09471324878169804,0.06137948207171315,0.03400028641615006,0.07549264876885511,0.04149236235270505,0.17688355006797415,0.7058129881048056,0.27133059978042706,2.1130545325546457,0.016978882466887724,0.610192423331329,0.2771993200169996,1.4700256581275446,-0.02574336808308948,0.26739242877040204,0.40705044751953817,19.501702852277564,19.967756448710258,0.9822264793529162,0.9818536292741452,123.25,0.2748478701825558,0.2720588235294117,0.0
email-Eu-core,up,2,0.01,0.01,161,310,0.5193548387096775,0.5193548387096775,53777329,88249369,0,0,986,16064,8,0.4020330549843702,0.5710906374501992,0.09476234214380573,0.06137948207171315,0.03285141329782767,0.07546976080814446,0.0426183475103168,0.1715748213006334,0.6996440609749962,0.2787442693951449,2.0771686382365195,0.016978882466887724,0.6185892615430892,0.29495485926712695,1.4422377209620008,-0.023210309881426836,0.26016382469473026,0.3857644354635389,18.902223675604972,19.50957910014514,0.9813603662524526,0.9730043541364296,123.25,0.2748478701825558,0.2720588235294117,0.0
email-Eu-core,up,2,0.02,0.02,321,646,0.4969040247678019,0.47619047619047616,54640843,88326398,0,0,986,16064,8,0.3888358438289918,0.5578934262948207,0.09481503001196366,0.06137948207171314,0.03207808938166228,0.07556141625924835,0.04348332687758607,0.16802364996344935,0.6950941162067872,0.2842915291580314,2.046906266151155,0.016978882466887724,0.6276515721378065,0.31113942869278965,1.4196838714195614,-0.0218184622763289,0.25263603602385365,0.36733070119532996,18.227962508368666,19.088144184736695,0.98036152644499,0.966488313151225,123.25,0.2748478701825558,0.2720588235294117,0.0
email-Eu-core,up,2,0.05,0.05,803,1741,0.4612291786329696,0.44018264840182647,57043084,88609175,0,0,986,16064,8,0.35173425020349375,0.5207918326693227,0.09468665325881825,0.06137948207171315,0.029554628213982415,0.07554230129427518,0.045987673080292765,0.1559304463298094,0.6801181224626743,0.30230999548022724,1.9639125555746026,0.016978882466887724,0.650504442102093,0.35848455905762494,1.3574569184110188,-0.016708925735197788,0.23400038539032603,0.31584738158203524,16.52139612718145,18.011821252273318,0.9780062156347119,0.9515458560665108,123.25,0.2748478701825558,0.2720588235294117,0.0
email-Eu-core,up,2,0.1,0.1,1606,3518,0.4565093803297328,0.45188519977490155,60653098,89013821,0,0,986,16064,8,0.2963931147453264,0.4654506972111554,0.09478421604485576,0.06137948207171315,0.02793314349143508,0.07631112444976051,0.048377980958325434,0.14699904598985786,0.6658071671335124,0.321181937873716,1.8621797857716984,0.016978882466887724,0.6825037707390649,0.4305702777188891,1.2767835767034283,-0.009397321456127832,0.21376992873659584,0.2540466652319131,14.445365788417815,16.8776056830092,0.9717801257188712,0.9421218120414581,123.25,0.2748478701825558,0.2720588235294117,0.0
email-Eu-core,up,2,0.15,0.15,2410,5457,0.4416345977643394,0.41464672511603917,64158290,89449959,0,0,986,16064,8,0.2424837521955256,0.41154133466135456,0.09499943204837062,0.06137948207171315,0.02570022358876934,0.07650300134366513,0.050802777754895785,0.1331314324328964,0.6530039396078807,0.3375927330243394,1.7740783258437007,0.016978882466887724,0.7135739091046354,0.5006884863891536,1.2126151778120027,-0.0015166838937523911,0.20058298738353775,0.21513439032557616,12.861291786416578,16.112027927642018,0.9662683406443806,0.9372685919813816,123.25,0.2748478701825558,0.2720588235294117,0.0
email-Eu-core,up,2,0.2,0.2,3213,7540,0.4261273209549072,0.385501680268843,67302100,89728265,0,0,986,16064,8,0.19430148127919097,0.3633590637450199,0.09499319659868748,0.06137948207171315,0.025360753677894886,0.07752517603734008,0.05216442235944519,0.12840588627874214,0.6462922547330975,0.34784443165833706,1.712833071560728,0.016978882466887724,0.7420718816067653,0.5626985808091506,1.1656050362893398,0.003512065532884237,0.19229709537396386,0.191216837582442,11.678944663354462,15.58218441380659,0.9568271372280281,0.933118216485773,123.25,0.2748478701825558,0.2720588235294117,0.0
email-Eu-core,up,2,0.3,0.3,4819,12166,0.3961038961038961,0.34716817985300474,73228206,90663905,0,0,986,16064,8,0.11244142151823484,0.28149900398406374,0.09524365773047398,0.06137948207171315,0.025019540529734118,0.0793560468621882,0.05433650633245408,0.11813956916000597,0.6396742209729426,0.35929258341609677,1.6454645097265819,0.016978882466887724,0.7951478392721759,0.6651177526665962,1.10667604315268,0.02041827349655834,0.18795131235547863,0.1550368541427835,10.31048208757187,15.22812337549818,0.9234851835471031,0.924103274995668,123.25,0.2748478701825558,0.2720588235294117,0.0
email-Eu-core,up,2,0.4,0.4,6426,17510,0.36699029126213595,0.3007110778443114,77951143,91414834,0,0,986,16064,8,0.04745138167759737,0.2165089641434263,0.09561838713714715,0.06137948207171315,0.02628736451660671,0.08197539652676868,0.05568803201016197,0.1132297609872708,0.6384072863346525,0.36513586981601087,1.5999271275596192,0.016978882466887724,0.8373256519102487,0.7459864807773553,1.068711208667268,0.033986912973231045,0.18890464631986045,0.14057706801050024,9.823461759631972,15.044414428730335,0.8847038527889591,0.9174479580486254,123.25,0.2748478701825558,0.2720588235294117,0.0
email-Eu-core,up,2,0.5,0.5,8032,23786,0.33767762549398805,0.25589547482472913,82248505,92044985,0,0,986,16064,8,-0.006582482864235307,0.16247509960159362,0.09620718122626318,0.06137948207171315,0.02943339294483667,0.08603068156622463,0.056597288621387964,0.11285611811605908,0.6472283592112076,0.3602997897760896,1.6287222919107442,0.016978882466887724,0.8800121506682868,0.8080168776371308,1.0507295368169582,0.04537319814115588,0.19134376140958204,0.13334913758522488,9.580459770114942,14.969228482235767,0.8513409961685824,0.913111342351717,123.25,0.2748478701825558,0.2720588235294117,0.0
email-Eu-core,up,2,1.0,1.0,16064,71155,0.22576066334059447,0.16956237201545316,95818868,97414103,0,0,986,16064,8,-0.12903019202758192,0.04002739043824701,0.10080463213373984,0.06137948207171315,0.0866629060155279,0.1445734981116444,0.05791059209611651,0.16852363508566998,0.769839112768908,0.24678653646645124,2.5045217174272167,0.016978882466887724,0.9795232273838631,0.9465336134453781,1.0203658079692872,0.14238853041586272,0.2302352233235521,0.10665545571752376,7.248833592534992,17.363141171130277,0.5940902021772939,0.8695285649439076,123.25,0.2748478701825558,0.2720588235294117,0.0
email-Eu-core,up,2,1.5,1.5,24096,167415,0.1439297553982618,0.08344068148763764,101784461,101855844,0,0,986,16064,8,-0.15710539123076916,0.01195219123505976,0.10735721004609942,0.06137948207171315,0.24007725773923194,0.29858729051525706,0.05851003277602511,0.24301470358054972,0.9382142097719254,0.06981060069094422,17.248695643627087,0.016978882466887724,0.9989268741376667,0.9806099989518918,1.0110106669699772,0.2226469600114105,0.28307933631729115,0.10906064441864685,0.40625,21.097908266129032,0.22916666666666666,0.85546875,123.25,0.2748478701825558,0.2720588235294117,0.0
email-Eu-core,up,2,2.0,2.0,32128,363929,0.08828095590073888,0.0408724060372289,104263628,104268454,0,0,986,16064,8,-0.16482451473674528,0.004233067729083665,0.11198388418703493,0.06137948207171315,0.4813343395356241,0.5406763007477492,0.0593419612121251,0.2790601208536292,0.9770774495094362,0.022592504743833015,91.84235947092866,0.016978882466887724,1.0,0.992875851231011,1.0042510627656915,0.26624074223025546,0.3327287663452827,0.12716781683808911,0.16176470588235295,24.61109027256814,0.14705882352941177,0.8770317579394848,123.25,0.2748478701825558,0.2720588235294117,0.0
email-Eu-core,up,2,2.5,2.5,40160,844265,0.04756800293746632,0.016721628193597814,105313517,105314075,0,0,986,16064,8,-0.16700329959730303,0.0020542828685258963,0.11872825549219534,0.06137948207171315,0.7301871120517948,0.7900665832484015,0.059879471196606734,0.2784605381975141,0.9915372299503046,0.008515697805199396,388.5109317766719,0.016978882466887724,1.0,0.996542692509167,1.0020585116337097,0.2851342120233223,0.3756896458465741,0.16159298272291397,0.030303030303030304,27.72883787661406,0.030303030303030304,0.9179714303536898,123.25,0.2748478701825558,0.2720588235294117,0.0
email-Eu-core,up,2,2.7837,2.7837,44718,1500000,0.029812,0.006950978672787025,105605441,105605603,1,1,986,16064,8,-0.167999315533558,0.0010582669322709163,0.12297418807448812,0.06137948207171315,0.8377563875303968,0.8982492997198879,0.060492912189490995,0.22149884987538804,0.9939735849471589,0.00615838034596901,690.5996417160394,0.016978882466887724,1.0,0.9982189628077528,1.0010593880476102,0.29040187158814845,0.40076030073967894,0.19030946833721282,0.058823529411764705,29.549760079765687,0.058823529411764705,0.9364990340873683,123.25,0.2748478701825558,0.2720588235294117,0.0
email-Eu-core,down,1,0.0,0.0,0,0,,,52859278,88109182,0,0,986,16064,8,0.41585277609990806,0.584910358565737,0.09471324878169804,0.06137948207171315,0.03400028641615006,0.07549264876885511,0.04149236235270505,0.17688355006797415,0.7058129881048056,0.27133059978042706,2.1130545325546457,0.016978882466887724,0.610192423331329,0.2771993200169996,1.4700256581275446,-0.02574336808308948,0.26739242877040204,0.40705044751953817,19.501702852277564,19.967756448710258,0.9822264793529162,0.9818536292741452,123.25,0.2748478701825558,0.2720588235294117,0.0
email-Eu-core,down,1,0.01,0.01,161,922,0.17462039045553146,0.17462039045553146,52244119,87634615,0,0,986,16064,8,0.4119309633509041,0.5809885458167331,0.09459550906831933,0.06137948207171315,0.03245981608375186,0.07498051681148742,0.042520700727735554,0.169305968640433,0.6955281803817208,0.2811545856671484,2.0468802516371873,0.016978882466887724,0.6066926770708283,0.28595744680851065,1.44791430165886,-0.03431838453674367,0.2602728495895931,0.3972369846442637,19.281260045001606,19.017530827514484,0.9821065038037072,0.9768236517605111,123.25,0.2748478701825558,0.2720588235294117,0.0
email-Eu-core,down,1,0.02,0.02,321,1889,0.16993118051879302,0.1654601861427094,51538362,87130775,0,0,986,16064,8,0.4088806645461232,0.5779382470119522,0.0945272462263692,0.06137948207171315,0.0316254739378363,0.07472738504099416,0.04310191110315786,0.1652375525558292,0.6862427222779318,0.2895388107048762,1.982798663010977,0.016978882466887724,0.6038640107832859,0.2927452860338766,1.4307480043101333,-0.043422338857227724,0.25364515016700245,0.38568268207883094,19.07281344248169,18.148230088495577,0.981904351572598,0.9761061946902655,123.25,0.2748478701825558,0.2720588235294117,0.0
email-Eu-core,down,1,0.05,0.05,803,4825,0.16642487046632123,0.16416893732970028,49183308,85375694,0,0,986,16064,8,0.40147279602022684,0.5705303784860558,0.09399401541480096,0.06137948207171315,0.026407923986157857,0.07272088319101737,0.04631295920485951,0.13907199025525477,0.6570190086610906,0.31559657396365154,1.8052894520078193,0.016978882466887724,0.5961139127855236,0.3089465779875563,1.3880234664424775,-0.07513513905719056,0.23479652066909168,0.3568071658541234,18.610583742498637,15.545586316857516,0.9812329514457174,0.9678214233946949,123.25,0.2748478701825558,0.2720588235294117,0.0
email-Eu-core,down,1,0.1,0.1,1606,9848,0.1630787977254265,0.15986462273541707,45822440,82892047,0,0,986,16064,8,0.3877775768967208,0.5568351593625498,0.09331252986700397,0.06137948207171314,0.018854872728114015,0.0697352987395072,0.05088042601139319,0.10037593750953758,0.6109148782758898,0.35823787279586483,1.5531792554196902,0.016978882466887724,0.5838099428068632,0.33942671714440237,1.317365208772222,-0.12001249860825255,0.21087696582872445,0.3198924176862949,17.995192845164897,12.437982862761624,0.9809949692565679,0.960528164067987,123.25,0.2748478701825558,0.2720588235294117,0.0
email-Eu-core,down,1,0.15,0.15,2410,14865,0.16212579885637404,0.16025513254933227,42786418,80668601,0,0,986,16064,8,0.37806642151823483,0.5471240039840638,0.09292508985402752,0.06137948207171315,0.013100947453080325,0.06731258669827934,0.05421163924519902,0.07017820416991857,0.5720701095050476,0.3954559960337801,1.3645121238038567,0.016978882466887724,0.5697674418604651,0.36530923344947736,1.2581091664668747,-0.16018825047007923,0.1950404659842328,0.29226152246419224,17.76686767550347,10.257319587628865,0.981340311753328,0.9556013745704467,123.25,0.2748478701825558,0.2720588235294117,0.0
email-Eu-core,down,1,0.2,0.2,3213,20756,0.15479861244941223,0.13630962485146833,40075940,78667714,0,0,986,16064,8,0.3705963019963224,0.5396538844621513,0.09253123785134544,0.06137948207171315,0.007311082227471927,0.06474511037550765,0.05743402814803572,0.039381585022339384,0.5377222515610752,0.4280938795460826,1.217362163716798,0.016978882466887724,0.5578643578643578,0.38635865995182833,1.2118367876582885,-0.19634255312260843,0.1838387919027464,0.2697759773811833,17.726150651747606,8.634617985125084,0.9816587841734917,0.9557809330628804,123.25,0.2748478701825558,0.2720588235294117,0.0
email-Eu-core,down,1,0.3,0.3,4819,33443,0.1440959244086954,0.1265862694096319,35345364,75296995,0,0,986,16064,8,0.36213016653815505,0.531187749003984,0.09182401099486445,0.06137948207171315,-0.002050583533073559,0.060418143389717564,0.062468726922791123,-0.011144092474996117,0.4808283657674456,0.48486681628432393,1.002413813648616,0.016978882466887724,0.53033323839362,0.42103516921035167,1.1312273458445241,-0.25724853875929343,0.17130092899352276,0.2429802323022511,18.015117778038206,6.501527021643872,0.9831243407945622,0.9446288673482938,123.25,0.2748478701825558,0.2720588235294117,0.0
email-Eu-core,down,1,0.4,0.4,6426,48071,0.13367726903954566,0.10985780694558381,31393195,72738559,0,0,986,16064,8,0.3606361426337726,0.5296937250996016,0.09119574305842339,0.06137948207171314,-0.009166868794851762,0.05706824615630571,0.06623511495115747,-0.05017059478801997,0.43317939762305635,0.5319834513213284,0.8551705824759431,0.016978882466887724,0.5083333333333333,0.44033837934105075,1.0808559452900948,-0.3034772710470868,0.1680555367743506,0.23168714598016557,18.750616993771303,5.201455989410986,0.9841344458808321,0.9409662475181999,123.25,0.2748478701825558,0.2720588235294117,0.0
email-Eu-core,down,1,0.5,0.5,8032,63686,0.12611877021637408,0.10284982388728786,28097425,70755081,0,0,986,16064,8,0.363250684466442,0.532308266932271,0.0905416884084377,0.06137948207171315,-0.01581336068371232,0.05398370400792264,0.06979706469163496,-0.08714390959089921,0.3931596335034632,0.5724946910327949,0.7496750383606755,0.016978882466887724,0.4880584433829727,0.4514866979655712,1.0435472959542227,-0.3393170080820283,0.1702284282835932,0.22423953943055647,19.715004093088528,4.370291494742446,0.9866682259384867,0.9298549181418874,123.25,0.2748478701825558,0.2720588235294117,0.0
email-Eu-core,down,1,1.0,1.0,16064,205533,0.07815776541966497,0.05662439106925067,17033921,66055109,0,0,986,16064,8,0.4304195091676372,0.5994770916334662,0.08955131747542078,0.06137948207171315,-0.03257545628010786,0.048332265581037474,0.08090772186114534,-0.1782454712407859,0.27934803941031083,0.6946185584048398,0.5200870347492922,0.016978882466887724,0.37679542602147537,0.41965590914202183,0.9407587385155395,-0.4242414491656138,0.2179407648307663,0.22848634290034162,25.16313603322949,2.4168479950264223,0.9885773624091381,0.8263910475598384,123.25,0.2748478701825558,0.2720588235294117,0.0
email-Eu-core,down,1,1.5,1.5,24096,577949,0.041692260043706277,0.021567279601306066,10676779,64789123,0,0,986,16064,8,0.5280290709206252,0.6970866533864541,0.08914869224863142,0.06137948207171315,-0.044581934497975276,0.04787501909442557,0.09245695359240085,-0.22979814632173853,0.2294516621083546,0.7478410690300739,0.4540589756648508,0.016978882466887724,0.2920502092050209,0.3116707892961547,0.9641378053163697,-0.4471167244799441,0.29076432367378396,0.3013074465303424,29.970262546883372,1.7324290998766954,0.991427040542954,0.7153719687628443,123.25,0.2748478701825558,0.2720588235294117,0.0
email-Eu-core,down,1,1.8994,1.8994,30512,1400000,0.021794285714285714,0.0078048685543840954,7306111,64429869,1,1,986,16064,8,0.6053448079724181,0.774402390438247,0.08897772044145799,0.06137948207171315,-0.05376584850402208,0.04925003517314641,0.10301588367716849,-0.25256654192634637,0.209451637174109,0.7576780244955034,0.4390375708339668,0.016978882466887724,0.24518828451882846,0.20980436249156734,1.0868390183527759,-0.4536081344621828,0.34991666779353897,0.37724920836671616,32.87628617363344,1.3923841059602649,0.9930064308681672,0.6211368653421634,123.25,0.2748478701825558,0.2720588235294117,0.0
email-Eu-core,down,2,0.0,0.0,0,0,,,52859278,88109182,0,0,986,16064,8,0.41585277609990806,0.584910358565737,0.09471324878169804,0.06137948207171315,0.03400028641615006,0.07549264876885511,0.04149236235270505,0.17688355006797415,0.7058129881048056,0.27133059978042706,2.1130545325546457,0.016978882466887724,0.610192423331329,0.2771993200169996,1.4700256581275446,-0.02574336808308948,0.26739242877040204,0.40705044751953817,19.501702852277564,19.967756448710258,0.9822264793529162,0.9818536292741452,123.25,0.2748478701825558,0.2720588235294117,0.0
email-Eu-core,down,2,0.01,0.01,161,791,0.20353982300884957,0.20353982300884957,52055809,87485829,0,0,986,16064,8,0.4122422183309838,0.5812998007968128,0.09455713482340422,0.06137948207171315,0.032205689025244316,0.07486401048205885,0.04265832145681453,0.16803121270307317,0.6943437131950145,0.2817547594878488,2.0398339202920472,0.016978882466887724,0.6067466266866567,0.2851820310836704,1.449119508042589,-0.03700681925317645,0.25917245879028006,0.39342000912403596,19.25583636753052,18.859054415700268,0.9824373527521953,0.9763603925066905,123.25,0.2748478701825558,0.2720588235294117,0.0
email-Eu-core,down,2,0.02,0.02,321,1708,0.1879391100702576,0.17448200654307525,51358266,86913798,0,0,986,16064,8,0.409129668530187,0.578187250996016,0.09434604809766847,0.061379482071713155,0.030540865360337614,0.07426200844631771,0.043721143085980095,0.1598643887712637,0.6848150601453984,0.29017656143382886,1.9799397762688387,0.016978882466887724,0.6053496712492529,0.2907597097737943,1.4351146869757967,-0.04734292614008654,0.25201991859474515,0.3819473340271403,19.025732127476314,17.928423848878396,0.9827734711455641,0.9741735537190083,123.25,0.2748478701825558,0.2720588235294117,0.0
email-Eu-core,down,2,0.05,0.05,803,4486,0.1790013374944271,0.17350611951043918,49149037,85047086,0,0,986,16064,8,0.3989827561795894,0.5680403386454184,0.09403756540179158,0.06137948207171315,0.025892819543515563,0.07256413563324543,0.04667131608972987,0.13639208002071912,0.6550729073511441,0.31686686526620433,1.8004462165366824,0.016978882466887724,0.5997635234998522,0.3098515809851581,1.388471140150112,-0.08107280224658718,0.23193398331327497,0.3555182503090675,18.42005479452055,15.325695345150598,0.9827945205479452,0.9674304654849402,123.25,0.2748478701825558,0.2720588235294117,0.0
email-Eu-core,down,2,0.1,0.1,1606,9076,0.1769501983252534,0.1749455337690632,45697452,82612669,0,0,986,16064,8,0.3902053657413423,0.5592629482071713,0.09358589707990006,0.06137948207171315,0.01905648321329717,0.06977838030068127,0.0507218970873841,0.10109511111849015,0.615000993605707,0.35393132203641375,1.5708077857964673,0.016978882466887724,0.5842598010532475,0.3344169917641959,1.3256425768530178,-0.1250606181504646,0.2104155116225609,0.31960935461842144,17.96426981300089,12.36949152542373,0.9821905609973286,0.9621468926553672,123.25,0.2748478701825558,0.2720588235294117,0.0
email-Eu-core,down,2,0.15,0.15,2410,14344,0.16801450083658673,0.15261958997722094,42832075,80398491,0,0,986,16064,8,0.3783776764983145,0.5474352589641435,0.0928662685349741,0.06137948207171315,0.012440877740811755,0.06700978468474236,0.05456890694393061,0.06668064119604353,0.5769539003553442,0.3899942798938503,1.3791814310125123,0.016978882466887724,0.5725654753291853,0.3619578280345242,1.2651570558030307,-0.16506890524442422,0.19362567781368745,0.28889673367738566,17.604048214691836,10.218844566712518,0.9826017739367751,0.9569463548830811,123.25,0.2748478701825558,0.2720588235294117,0.0
email-Eu-core,down,2,0.2,0.2,3213,19934,0.16118190027089396,0.14364937388193202,39993718,78522307,0,0,986,16064,8,0.3726505848648483,0.5417081673306773,0.09239411891146214,0.06137948207171315,0.006849070798184677,0.06451835527989515,0.05766928448171047,0.03693525296184537,0.5432340337627968,0.42229483228397846,1.226964341739389,0.016978882466887724,0.5579959804766006,0.3819520773796439,1.2175560215126475,-0.19896993222287562,0.18381343727603414,0.2689707099569373,17.636175591817974,8.696142352621571,0.9817283383130315,0.9540885628905189,123.25,0.2748478701825558,0.2720588235294117,0.0
email-Eu-core,down,2,0.3,0.3,4819,32433,0.14858323312675362,0.1284902792223378,35074891,75159333,0,0,986,16064,8,0.3630016804823782,0.5320592629482072,0.09169734049342335,0.06137948207171315,-0.0034441326246305998,0.059767832112839384,0.06321196473746998,-0.01874125018674314,0.4824657183976061,0.48285253320506744,0.9949233911237647,0.016978882466887724,0.5300538701445988,0.4193118756936737,1.1327371783960136,-0.2597359723883553,0.1712857162174954,0.24150937954977575,18.027729027729027,6.463349740588001,0.9837369837369837,0.9461221231874418,123.25,0.2748478701825558,0.2720588235294117,0.0
email-Eu-core,down,2,0.4,0.4,6426,46352,0.1386347946151191,0.11545369638623465,31244669,72762296,0,0,986,16064,8,0.3601381346656451,0.5291957171314741,0.0912412945955324,0.06137948207171315,-0.010117301314770892,0.05661621328164764,0.06673351459641853,-0.055347958737943896,0.43375053541935,0.5327573287338947,0.845900576919477,0.016978882466887724,0.5065483734685255,0.44248577485217006,1.0759213369560219,-0.30304836392636314,0.16814174250517233,0.22626611461482704,18.794612398541346,5.179822821631627,0.9857663804258322,0.9379875710696813,123.25,0.2748478701825558,0.2720588235294117,0.0
email-Eu-core,down,2,0.5,0.5,8032,62115,0.1293085406101586,0.10188415910676901,27958291,70633535,0,0,986,16064,8,0.35883086374931045,0.5278884462151394,0.09067248142052053,0.06137948207171314,-0.016866526831652073,0.05341659988226784,0.07028312671391991,-0.09286318035631047,0.390671491869676,0.5771766669278919,0.7325413354887323,0.016978882466887724,0.48562210688736146,0.46133184107442643,1.0286172896939048,-0.34151323948850154,0.16834711498154184,0.218370203395748,19.662264150943397,4.279404008438819,0.9876179245283019,0.9240506329113924,123.25,0.2748478701825558,0.2720588235294117,0.0
email-Eu-core,down,2,1.0,1.0,16064,203105,0.07909209522168337,0.05696857933186751,16977958,66052966,0,0,986,16064,8,0.43104201912779655,0.6000996015936255,0.0895343579781737,0.06137948207171315,-0.03233976239568621,0.04844679820531075,0.08078656060099695,-0.17694353060077248,0.2782491938942658,0.6978978758338802,0.5191544457888583,0.016978882466887724,0.37391910739191075,0.420845513829548,0.9350305948231094,-0.42428017132762696,0.21735760841638385,0.2290439802318942,25.112033195020746,2.3507160647571608,0.9885892116182573,0.8278331257783312,123.25,0.2748478701825558,0.2720588235294117,0.0
email-Eu-core,down,2,1.5,1.5,24096,565976,0.04257424343081685,0.02213458777361652,10561757,64738718,0,0,986,16064,8,0.5303323577732149,0.6993899402390438,0.08912234804563259,0.06137948207171315,-0.04549675054950885,0.04770270117009597,0.09319945171960482,-0.2340750933916116,0.22905206758271285,0.7474416960355691,0.4535627736924456,0.016978882466887724,0.2914923291492329,0.30796042275691476,0.969669243208382,-0.4480274993638835,0.2909696961501535,0.2997230784150037,29.929684023141967,1.6607993373369228,0.9912772585669782,0.7169186166908262,123.25,0.2748478701825558,0.2720588235294117,0.0
email-Eu-core,down,2,1.8967,1.8967,30468,1400000,0.021762857142857143,0.007640067911714771,7210952,64462120,1,1,986,16064,8,0.6087063617572787,0.7777639442231076,0.08896501888778824,0.06137948207171315,-0.05543174089569968,0.04906055061020618,0.10449229150590586,-0.2590421323616894,0.2108830389847631,0.7547232307361875,0.44079995233442565,0.016978882466887724,0.24379358437935844,0.2048572071059141,1.097002840187679,-0.4530253867033905,0.352505375180863,0.381142019217216,32.99015527453177,1.3756302521008403,0.9926364655034416,0.6089635854341736,123.25,0.2748478701825558,0.2720588235294117,0.0
email-Eu-core,neutral,1,0.0,0.0,0,0,,,52859278,88109182,0,0,986,16064,8,0.41585277609990806,0.584910358565737,0.09471324878169804,0.06137948207171315,0.03400028641615006,0.07549264876885511,0.04149236235270505,0.17688355006797415,0.7058129881048056,0.27133059978042706,2.1130545325546457,0.016978882466887724,0.610192423331329,0.2771993200169996,1.4700256581275446,-0.02574336808308948,0.26739242877040204,0.40705044751953817,19.501702852277564,19.967756448710258,0.9822264793529162,0.9818536292741452,123.25,0.2748478701825558,0.2720588235294117,0.0
email-Eu-core,neutral,1,0.01,0.01,161,233,0.6909871244635193,0.6909871244635193,53213092,88036477,0,0,986,16064,8,0.4057681147453264,0.5748256972111554,0.09465509434946205,0.06137948207171315,0.03228156486732314,0.07510477390711012,0.04282320903978698,0.16860178879717194,0.6979038333411027,0.28009480051918384,2.0659351125927174,0.016978882466887724,0.61328125,0.29209183673469385,1.442423133235725,-0.02705708473692946,0.26015621830671665,0.3903267832826697,19.01028806584362,19.367496339677892,0.9816980723413472,0.9752562225475842,123.25,0.2748478701825558,0.2720588235294117,0.0
email-Eu-core,neutral,1,0.02,0.02,321,458,0.7008733624454149,0.7111111111111111,53582190,87905705,0,0,986,16064,8,0.39574570438676065,0.5648032868525896,0.09463468291187524,0.06137948207171315,0.03173951486660543,0.0751924146185532,0.043452899751947764,0.1662805162138175,0.6919821871716376,0.2866581559894133,2.026004063718999,0.016978882466887724,0.6179960943367884,0.3058360795152546,1.4200385151517907,-0.02942002200748824,0.2516446701194034,0.3721817713995264,18.401520996362834,18.708768416535545,0.9806017855174695,0.9688170504934916,123.25,0.2748478701825558,0.2720588235294117,0.0
email-Eu-core,neutral,1,0.05,0.05,803,1153,0.6964440589765828,0.6935251798561151,54806247,87617885,0,0,986,16064,8,0.3655539713190316,0.5346115537848606,0.09450566856867919,0.06137948207171315,0.028877164311190598,0.07481858070159741,0.04594141639040682,0.15241357639727632,0.6754812808221209,0.30481373651390087,1.918778728404942,0.016978882466887724,0.633063306330633,0.3464566929133858,1.3602901221101242,-0.034620681209857423,0.23316875363416315,0.3302411903293552,17.033302282254308,17.336409844836812,0.9790405216581276,0.959470304975923,123.25,0.2748478701825558,0.2720588235294117,0.0
email-Eu-core,neutral,1,0.1,0.1,1606,2355,0.6819532908704883,0.668053244592346,56069259,87093817,0,0,986,16064,8,0.323161043032179,0.492218625498008,0.09433176250005823,0.06137948207171315,0.025015473725166125,0.07408187370369647,0.049066399978530344,0.13257700012963589,0.6499289684534411,0.3326488638712392,1.7518644114271038,0.016978882466887724,0.651354182253479,0.40550047969299646,1.282745321039584,-0.04409013804700299,0.208917053183865,0.2691999473047223,15.26318452004553,15.50913325977688,0.9717971417731124,0.9469167586122349,123.25,0.2748478701825558,0.2720588235294117,0.0
email-Eu-core,neutral,1,0.15,0.15,2410,3496,0.6893592677345538,0.7046450482033304,57620012,86795546,0,0,986,16064,8,0.2861839513987129,0.45524153386454186,0.09426694886922933,0.06137948207171315,0.022941449071165652,0.07387703067864608,0.05093558160748043,0.12119489556744124,0.6318140226844892,0.3522199326542947,1.6504121808726173,0.016978882466887724,0.6706461722131025,0.45466196731816727,1.231089031017173,-0.04947963780709572,0.19283714892293546,0.23396906964549485,13.913168330370572,14.446463261341561,0.969506358539587,0.9432064906867786,123.25,0.2748478701825558,0.2720588235294117,0.0
email-Eu-core,neutral,1,0.2,0.2,3213,4706,0.682745431364216,0.6636363636363637,58811459,86601805,0,0,986,16064,8,0.25350217849034634,0.4225597609561753,0.09418640535932354,0.06137948207171315,0.019668837383769115,0.0727370602323109,0.053068222848541784,0.10315447160229307,0.6142867978725107,0.3710565937327445,1.5486350818857006,0.016978882466887724,0.6875838425994932,0.49845002672367716,1.1907445933072724,-0.052980370607200615,0.18157462373733957,0.20803415751012438,13.037860931054803,13.620202673566192,0.9655274012964055,0.9409228115567054,123.25,0.2748478701825558,0.2720588235294117,0.0
email-Eu-core,neutral,1,0.3,0.3,4819,7038,0.6847115657857346,0.6886792452830188,60718502,86031932,0,0,986,16064,8,0.19598225817162127,0.3650398406374502,0.09417736165843624,0.06137948207171315,0.01603512854387519,0.07156114984733111,0.05552602130345592,0.08197271081004347,0.5889849079126875,0.40118969518230213,1.3789986523235405,0.016978882466887724,0.7099836819462988,0.5807143623297222,1.1181546928220925,-0.06327748429503242,0.1654972549390813,0.1820758109514988,11.729536152796726,12.454607843137255,0.9561732605729877,0.9377450980392157,123.25,0.2748478701825558,0.2720588235294117,0.0
email-Eu-core,neutral,1,0.4,0.4,6426,9384,0.6847826086956522,0.684995737425405,62516827,85733008,0,0,986,16064,8,0.15315357291265713,0.32221115537848605,0.09385131119436264,0.06137948207171315,0.012003687492315035,0.06951544754832707,0.05751176005601204,0.059771180075565755,0.5708178118473666,0.4222726131288136,1.2801247727562077,0.016978882466887724,0.7311859878284103,0.6392194703548837,1.0787813839525702,-0.06867878320201956,0.15794664710416356,0.17250814452791186,11.036901081916538,11.917523879500367,0.9497681607418856,0.9389235855988244,123.25,0.2748478701825558,0.2720588235294117,0.0
email-Eu-core,neutral,1,0.5,0.5,8032,11688,0.6872005475701575,0.6970486111111112,63774612,85369453,0,0,986,16064,8,0.12078305498437031,0.2898406374501992,0.09404493563325639,0.06137948207171314,0.009581774457190606,0.06818406891232759,0.05860229445513698,0.046224058802006654,0.5548015906724888,0.44046099183427073,1.205316976403209,0.016978882466887724,0.7472998964343838,0.6831810854379365,1.052298872398487,-0.07524790854534968,0.15339295614663762,0.16351484479165868,10.765678694158076,11.51577840112202,0.9437285223367697,0.938288920056101,123.25,0.2748478701825558,0.2720588235294117,0.0
email-Eu-core,neutral,1,1.0,1.0,16064,23289,0.6897677014899738,0.6923541074045341,67202491,84504083,0,0,986,16064,8,0.033693911558075454,0.20275149402390438,0.09483717249121987,0.06137948207171315,0.0014828195902719526,0.06256165777468956,0.0610788381844176,0.006286205964531886,0.504914438030764,0.49869205556841745,0.987801437871361,0.016978882466887724,0.7924583885697452,0.8007547169811321,0.9939916884504089,-0.09088439820539522,0.14543667428432341,0.1535553013803317,10.903899293828676,10.663621457015694,0.9373656739330672,0.9380026547981573,123.25,0.2748478701825558,0.2720588235294117,0.0
email-Eu-core,neutral,1,1.5,1.5,24096,34714,0.6941291697874057,0.703019693654267,68361140,84053556,0,0,986,16064,8,0.00543195936684039,0.17448954183266932,0.09360569849540423,0.06137948207171315,-0.001007244663449862,0.060547991068102054,0.061555235731551916,-0.004083933650055913,0.4869582486774555,0.5159737607559182,0.9208021116447987,0.016978882466887724,0.8164194448524013,0.8321988114532685,0.9889874038239177,-0.09902503258961359,0.14371002420521697,0.16455383747061217,11.241526935426329,10.44642183847372,0.949696753478416,0.9400497700022623,123.25,0.2748478701825558,0.2720588235294117,0.0
email-Eu-core,neutral,1,2.0,2.0,32128,46159,0.6960289434346498,0.7017911751856706,67862206,84142653,0,0,986,16064,8,0.004684947414649155,0.17374252988047809,0.09377158771469885,0.06137948207171315,-0.0053376239573225195,0.05696923040428649,0.06230685436160901,-0.021566887576741824,0.4741851944542066,0.531167007059506,0.8765009486046307,0.016978882466887724,0.8047311196003526,0.8420825232231584,0.9739471638107485,-0.09741512663119005,0.14412837554596963,0.15881596284188373,11.704048728054461,10.387176975815565,0.9469724113221067,0.940254652301665,123.25,0.2748478701825558,0.2720588235294117,0.0
email-Eu-core,neutral,1,2.5,2.5,40160,57747,0.6954473825480112,0.6931308249913704,68205156,83765120,0,0,986,16064,8,-0.0007308892387373041,0.16832669322709162,0.09406633534575888,0.06137948207171315,-0.0025888795754778066,0.05922638003433868,0.061815259609816486,-0.0102974691951929,0.4812339033102434,0.5241549445487723,0.887174086206997,0.016978882466887724,0.8099706744868035,0.8476849848550411,0.973904858903893,-0.10423682238078377,0.14248539573501373,0.1575684958062854,11.387204142011834,10.31437125748503,0.944896449704142,0.9387724550898203,123.25,0.2748478701825558,0.2720588235294117,0.0
email-Eu-core,neutral,1,3.0,3.0,48192,69274,0.6956722579900106,0.6967988201613603,67710122,83735843,0,0,986,16064,8,0.004622696418633233,0.17368027888446216,0.09355980612388003,0.06137948207171315,-0.003740322409871537,0.058288779901105904,0.06202910231097744,-0.015144991675232759,0.47559502690197186,0.5276155909928213,0.888052024473705,0.016978882466887724,0.8080153234124061,0.8397111135065215,0.977848286522291,-0.10476583252416406,0.14215832105042528,0.16090895083382756,11.440501792114695,10.267063432273618,0.9487455197132616,0.9440259153231881,123.25,0.2748478701825558,0.2720588235294117,0.0
email-Eu-core,neutral,1,3.5,3.5,56224,80939,0.6946465857003422,0.6885555079297042,68185458,84305571,0,0,986,16064,8,0.005867716338951957,0.1749252988047809,0.09377820748615252,0.06137948207171315,-0.0015676802454573993,0.06008602876162274,0.061653709007080136,-0.006350801024711984,0.4783368963482185,0.5273319220894572,0.8967740525717407,0.016978882466887724,0.8046367395156527,0.8399698665518726,0.9752289560569976,-0.0944713388612937,0.14410302091925734,0.16132495236465078,11.4932384341637,10.42771993360495,0.9469750889679716,0.9379809868718877,123.25,0.2748478701825558,0.2720588235294117,0.0
email-Eu-core,neutral,1,4.0,4.0,64256,92455,0.6949975663836461,0.6974643973601945,68519690,83998977,0,0,986,16064,8,-0.002909674099295057,0.16614790836653387,0.09429406502230445,0.06137948207171315,0.00023843006909647635,0.06157829748353756,0.061339867414441085,0.0009411711723001377,0.4766137580345082,0.5307082087048413,0.8820034679876476,0.016978882466887724,0.810759027266028,0.8507382261019506,0.9723055628220585,-0.10001122805416138,0.14339562683398466,0.15997846596951684,11.63581865867366,10.348040313549832,0.9449231922068191,0.9418439716312057,123.25,0.2748478701825558,0.2720588235294117,0.0
email-Eu-core,neutral,1,4.5,4.5,72288,103929,0.6955517709205323,0.7000174307129161,68717111,84250286,0,0,986,16064,8,-0.00253616812319944,0.1665214143426295,0.09371898965124555,0.06137948207171314,-0.0038844234605950254,0.0581418982996821,0.06202632176027713,-0.01544120678421696,0.47715633491853754,0.5246592439183232,0.8838535330947213,0.016978882466887724,0.8183830038359398,0.844497092397157,0.9818884587064408,-0.09547029113703184,0.14440981190247598,0.16049809422434172,11.641121495327102,10.436029576518036,0.9379439252336449,0.9427141683471506,123.25,0.2748478701825558,0.2720588235294117,0.0
email-Eu-core,neutral,1,5.0,5.0,80320,115307,0.6965752296044473,0.7059237124274916,68506493,84089645,0,0,986,16064,8,0.001883652593932013,0.17094123505976094,0.09370418353139616,0.06137948207171315,-0.0017573054048047598,0.05992257262318291,0.06167987802798767,-0.007059994132675606,0.4815603266042912,0.5230884781883726,0.9064376810889978,0.016978882466887724,0.8113596233078282,0.8420371169615882,0.9786515234131966,-0.098372935480468,0.14360099931035417,0.15505555875977978,11.274581209031318,10.433323321820094,0.9366351056081573,0.9380537618261,123.25,0.2748478701825558,0.2720588235294117,0.0
email-Eu-core,neutral,1,5.5,5.5,88352,126803,0.6967658493884215,0.6986778009742519,68392729,84235888,0,0,986,16064,8,-0.0005441362506894816,0.16851344621513945,0.09350828095423977,0.06137948207171315,-0.0037080691457231432,0.05829627243653983,0.06200434158226297,-0.01484371633540386,0.47448746244164297,0.5330440250970486,0.8748779729156833,0.016978882466887724,0.8083100044202152,0.8484423843915059,0.9721263690204639,-0.09573045058111385,0.14456701058809213,0.15698420500654597,11.695603989656446,10.436026053754585,0.9434798670114518,0.9359886201991465,123.25,0.2748478701825558,0.2720588235294117,0.0
email-Eu-core,neutral,1,6.0,6.0,96384,138322,0.6968088951865936,0.697282750238736,68020753,83845186,0,0,986,16064,8,-0.004465948999693476,0.16459163346613545,0.09340230051586536,0.06137948207171315,-0.004573109991277496,0.05755906772392032,0.062132177715197814,-0.018155464381088848,0.4688285458062683,0.5377649758415984,0.8468806547275181,0.016978882466887724,0.8130069311311016,0.8517720564472692,0.9731850478159475,-0.10279009880460115,0.14251328582439723,0.16223170650026633,11.908472012102875,10.21892697466468,0.9534795763993948,0.9412816691505216,123.25,0.2748478701825558,0.2720588235294117,0.0
email-Eu-core,neutral,1,6.5,6.5,104416,149868,0.6967197800731311,0.6956521739130435,67948898,83848815,0,0,986,16064,8,-0.0024116661311675675,0.16664591633466136,0.09315168989126887,0.06137948207171315,-0.00322419401039023,0.05869258682662512,0.06191678083701535,-0.012898599278389104,0.46882293352744187,0.5366278577065005,0.854579889001772,0.016978882466887724,0.8137240465321749,0.84772996872641,0.9764445419804929,-0.10272452590401938,0.14298234641857446,0.16191095455588583,11.8382517743743,10.270262194666467,0.9503175196115055,0.939792335848211,123.25,0.2748478701825558,0.2720588235294117,0.0
email-Eu-core,neutral,1,7.0,7.0,112448,161388,0.6967556447815203,0.6972222222222222,68628777,84257303,0,0,986,16064,8,-0.0012288972068647936,0.16782868525896413,0.09326098167426623,0.06137948207171315,-0.0004177446599559209,0.061031846948811586,0.061449591608767506,-0.0016739804872741822,0.47744195026166386,0.5271557997796235,0.8856083262262969,0.016978882466887724,0.813118629044172,0.8460462614308768,0.9771048516581072,-0.0953434999980457,0.1441714784113805,0.16271276102205215,11.591617210682493,10.42302513464991,0.9425074183976261,0.9419509275882705,123.25,0.2748478701825558,0.2720588235294117,0.0
email-Eu-core,neutral,1,7.5,7.5,120480,172995,0.6964363131882424,0.6919962091841131,68093506,83956601,0,0,986,16064,8,-0.002349415135151645,0.16670816733067728,0.09324970316327566,0.06137948207171315,-0.003709155193476338,0.05828867334288631,0.06199782853636265,-0.014825336106063732,0.4687413906629679,0.5380136855611521,0.8587713012936005,0.016978882466887724,0.8114099911321312,0.8492148849214884,0.9737404824104703,-0.10077692583179886,0.14279472218090355,0.16701845715186667,11.870799103808812,10.247049155834453,0.9559372666168783,0.9402360675332437,123.25,0.2748478701825558,0.2720588235294117,0.0
email-Eu-core,neutral,1,8.0,8.0,128512,184397,0.6969310780544152,0.7044378179266795,67963627,83914254,0,0,986,16064,8,0.0011366406417407785,0.1701942231075697,0.09357251953849456,0.06137948207171315,-0.000795507638264456,0.06071936523791926,0.061514872876183714,-0.0031948955532530997,0.47505485094755767,0.5328894815144898,0.873910885947822,0.016978882466887724,0.8066509711595056,0.8467846353042727,0.9720961140814927,-0.10154209960444378,0.14287078606104042,0.1664526719291881,11.645208485735187,10.293248312078019,0.9422092172640819,0.9443360840210052,123.25,0.2748478701825558,0.2720588235294117,0.0
email-Eu-core,neutral,1,8.5,8.5,136544,195911,0.6969695422921632,0.697585548028487,68193452,83915940,0,0,986,16064,8,-0.001975909159056028,0.1670816733067729,0.09411146936158983,0.06137948207171315,-0.0010993145964517323,0.06046384279752713,0.061563157393978864,-0.004357576873283225,0.47422035636078497,0.5325179355489765,0.8700571922474682,0.016978882466887724,0.810448859455482,0.8493904412557989,0.9730232046556698,-0.10151163503834298,0.14278965125556112,0.1586082212958668,11.661326378539494,10.287892376681615,0.9415052160953801,0.9408071748878923,123.25,0.2748478701825558,0.2720588235294117,0.0
email-Eu-core,neutral,1,9.0,9.0,144576,207371,0.697185238051608,0.7008726003490401,68433544,83930401,0,0,986,16064,8,-0.0024116661311675675,0.16664591633466136,0.0948663098769017,0.06137948207171315,-0.0029944028466692835,0.05888408423130219,0.06187848707797147,-0.011762789931366006,0.4733512842411833,0.5329278966690263,0.8830606118326954,0.016978882466887724,0.813372520205731,0.8480397451128632,0.9760227208922734,-0.10125033723858803,0.14262484618193128,0.16114612313183047,11.571908853193873,10.291925001867483,0.9458348898020171,0.9387465451557481,123.25,0.2748478701825558,0.2720588235294117,0.0
email-Eu-core,neutral,1,9.5,9.5,152608,218883,0.6972126661275658,0.6977067407922168,68654101,83590325,0,0,986,16064,8,-0.004092443023597859,0.16496513944223107,0.09448471172382401,0.06137948207171315,0.0003727049744206498,0.06169070371805768,0.06131799874363703,0.0014640369554238355,0.48522897789130476,0.5197176984901722,0.9080572670801591,0.016978882466887724,0.820358401880141,0.8458297320656871,0.9824241365590118,-0.10739521729871206,0.1414433205771389,0.15923976477235388,11.193584905660378,10.265021619203816,0.9445283018867925,0.943715521097361,123.25,0.2748478701825558,0.2720588235294117,0.0
email-Eu-core,neutral,1,10.0,10.0,160640,230261,0.6976431093411389,0.7059237124274916,68425268,83242779,0,0,986,16064,8,-0.005524215931964378,0.16353336653386455,0.09375227787276469,0.06137948207171314,0.0005525974753285909,0.061841711421563146,0.061289113946234555,0.00217999033147725,0.4850206800481793,0.519872489868622,0.902815495268593,0.016978882466887724,0.8220724021691338,0.8470944702954226,0.9827916252470763,-0.11367507381718389,0.14027700774837393,0.15772243891796933,11.096307575180814,10.182927736846022,0.9432813094784925,0.9442583910098981,123.25,0.2748478701825558,0.2720588235294117,0.0
email-Eu-core,neutral,1,10.0,10.0,160640,230261,0.6976431093411389,,68425268,83242779,1,0,986,16064,8,-0.005524215931964378,0.16353336653386455,0.09375227787276469,0.06137948207171314,0.0005525974753285909,0.061841711421563146,0.061289113946234555,0.00217999033147725,0.4850206800481793,0.519872489868622,0.902815495268593,0.016978882466887724,0.8220724021691338,0.8470944702954226,0.9827916252470763,-0.11367507381718389,0.14027700774837393,0.15772243891796933,11.096307575180814,10.182927736846022,0.9432813094784925,0.9442583910098981,123.25,0.2748478701825558,0.2720588235294117,0.0
email-Eu-core,neutral,2,0.0,0.0,0,0,,,52859278,88109182,0,0,986,16064,8,0.41585277609990806,0.584910358565737,0.09471324878169804,0.06137948207171315,0.03400028641615006,0.07549264876885511,0.04149236235270505,0.17688355006797415,0.7058129881048056,0.27133059978042706,2.1130545325546457,0.016978882466887724,0.610192423331329,0.2771993200169996,1.4700256581275446,-0.02574336808308948,0.26739242877040204,0.40705044751953817,19.501702852277564,19.967756448710258,0.9822264793529162,0.9818536292741452,123.25,0.2748478701825558,0.2720588235294117,0.0
email-Eu-core,neutral,2,0.01,0.01,161,221,0.7285067873303167,0.7285067873303167,53167920,88032334,0,0,986,16064,8,0.40527010677719894,0.5743276892430279,0.09470480703648641,0.06137948207171314,0.032346541036669195,0.07514850893978735,0.04280196790311815,0.16887812588525453,0.696575914666177,0.2807874848139219,2.0575559533440413,0.016978882466887724,0.6143093341349767,0.29231750079693974,1.4431507960725747,-0.02713194517427023,0.2601004381279496,0.38929356869609666,19.02753089096033,19.334162035682947,0.9820073704747453,0.9763088622404211,123.25,0.2748478701825558,0.2720588235294117,0.0
email-Eu-core,neutral,2,0.02,0.02,321,448,0.7165178571428571,0.7048458149779736,53495256,87897719,0,0,986,16064,8,0.39506094343058534,0.5641185258964143,0.09471673148453308,0.06137948207171315,0.03174641364317575,0.07521715564800278,0.043470742004827034,0.16620242435535862,0.6899302456762519,0.2878976675390725,2.0124619838748243,0.016978882466887724,0.619197836863452,0.3061549909641756,1.4205647031383164,-0.029564322140870677,0.25229121310056657,0.37326739264881825,18.502207018318252,18.687232219365896,0.9812403442948576,0.9718651813767495,123.25,0.2748478701825558,0.2720588235294117,0.0
email-Eu-core,neutral,2,0.05,0.05,803,1146,0.7006980802792321,0.6905444126074498,54574006,87707610,0,0,986,16064,8,0.36617648127919095,0.5352340637450199,0.09481139559326535,0.06137948207171315,0.028415864412786804,0.07458620790001658,0.04617034348722977,0.14948215502548437,0.6704624428447187,0.3089686504383959,1.8968221483799421,0.016978882466887724,0.6329379972977031,0.3456343720089333,1.3618424844080232,-0.032999427832981064,0.2342742153588187,0.33118123822007384,17.247499418469413,17.265336190731315,0.9802279599906956,0.9592820787570319,123.25,0.2748478701825558,0.2720588235294117,0.0
email-Eu-core,neutral,2,0.1,0.1,1606,2328,0.6898625429553265,0.6793570219966159,56177713,87365327,0,0,986,16064,8,0.3236590510003065,0.4927166334661355,0.09460005671335685,0.06137948207171315,0.02343381403353692,0.07326706614537427,0.04983325211183735,0.12384415246972687,0.64672488483796,0.33597618487074327,1.7495586508080871,0.016978882466887724,0.6489441365882882,0.40651965484180247,1.2792537256294345,-0.03918418647992888,0.2105980649348893,0.2799903076464771,15.411876184459887,15.609031783040864,0.9782691092861655,0.9488280770646705,123.25,0.2748478701825558,0.2720588235294117,0.0
email-Eu-core,neutral,2,0.15,0.15,2410,3493,0.6899513312338964,0.6901287553648069,57510763,86931010,0,0,986,16064,8,0.2865574573748085,0.45561503984063745,0.09450912329723289,0.06137948207171315,0.01975238780452824,0.07213238491973353,0.052379997115205294,0.1040873505640094,0.6277081331037563,0.356820367206104,1.636043128925185,0.016978882466887724,0.664177990144841,0.4587381231984627,1.2200520564535993,-0.047031920142618824,0.19376259279793379,0.24022415504323835,14.079519059980871,14.432818753573471,0.9711709249897527,0.9438536306460835,123.25,0.2748478701825558,0.2720588235294117,0.0
email-Eu-core,neutral,2,0.2,0.2,3213,4683,0.6860986547085202,0.6747899159663866,58968277,86686034,0,0,986,16064,8,0.25076313466564515,0.4198207171314741,0.09442311672911685,0.06137948207171315,0.01706203047680334,0.07127851867802584,0.054216488201222504,0.08917958013418202,0.6121506034294034,0.3746909269851695,1.539437297775599,0.016978882466887724,0.6812891674127126,0.5077974791711173,1.1742735177379628,-0.051458425210924,0.18096104177090236,0.21396276714136145,12.904062870699882,13.63637339055794,0.9663404507710558,0.9445278969957082,123.25,0.2748478701825558,0.2720588235294117,0.0
email-Eu-core,neutral,2,0.3,0.3,4819,7001,0.6883302385373518,0.6928386540120793,60859735,86099230,0,0,986,16064,8,0.19479948924731846,0.3638570717131474,0.09436192386738684,0.06137948207171315,0.011732397014517011,0.06884296346435193,0.057110566449834914,0.05981811533949604,0.5842155511157657,0.4059424103995886,1.3791944859989698,0.016978882466887724,0.7061540753985993,0.5859082647278948,1.1100556871712592,-0.06206146746853997,0.16579897499695745,0.1854497330718871,11.720786997433704,12.493198943145122,0.9550042771599658,0.9400136999706429,123.25,0.2748478701825558,0.2720588235294117,0.0
email-Eu-core,neutral,2,0.4,0.4,6426,9320,0.6894849785407725,0.6929711082363088,62322976,85664399,0,0,986,16064,8,0.15564361275329458,0.3247011952191235,0.094331621188173,0.06137948207171315,0.011765977507556126,0.06932503261964447,0.05755905511208834,0.05840642841147599,0.5689198066817326,0.42432081568851004,1.283833667054737,0.016978882466887724,0.723907225691347,0.6402869993574641,1.0719806114957409,-0.06991848866798893,0.1573584197644386,0.16886457399120738,10.980636503067485,11.883665191740413,0.9445935582822086,0.9425700589970502,123.25,0.2748478701825558,0.2720588235294117,0.0
email-Eu-core,neutral,2,0.5,0.5,8032,11619,0.6912815216455805,0.6985645933014354,64003851,85428646,0,0,986,16064,8,0.12190357291265713,0.29096115537848605,0.09429406378523043,0.06137948207171315,0.009849629956852159,0.06836325231626905,0.05851362235941689,0.04744474124225841,0.5580277743653551,0.43723401417739516,1.2258982197327517,0.016978882466887724,0.7433615190624536,0.6842218170116915,1.048407325919162,-0.07417834207962186,0.15320026098362427,0.1629884601126108,10.551775780915705,11.584723441615452,0.9396662387676509,0.9419666374012291,123.25,0.2748478701825558,0.2720588235294117,0.0
email-Eu-core,neutral,2,1.0,1.0,16064,23135,0.6943591960233413,0.6974643973601945,66691389,83899915,0,0,986,16064,8,0.03854948924731848,0.2076070717131474,0.09351182820675308,0.06137948207171315,0.006143445732944168,0.06624750502581214,0.060104059292867974,0.02664629585013159,0.5159663156873131,0.4885286204411346,1.01537774918394,0.016978882466887724,0.7852200794935964,0.797648581598533,0.9909478636959017,-0.1018011929694038,0.14338294952062852,0.16283267025914697,10.542428785607196,10.565951763689213,0.9400299850074962,0.9413936680021997,123.25,0.2748478701825558,0.2720588235294117,0.0
email-Eu-core,neutral,2,1.5,1.5,24096,34609,0.6962350833598197,0.7000174307129161,67396102,83786890,0,0,986,16064,8,0.011968313948513708,0.18102589641434264,0.09351093556123827,0.06137948207171315,0.0036025613472475612,0.06432988652168756,0.060727325174439996,0.014833868373318694,0.4819367489606261,0.5255622091561928,0.9088777739615186,0.016978882466887724,0.7973231357552581,0.8348623853211009,0.973563305926761,-0.1038434572538447,0.14287332152371165,0.16196389348985826,11.311898211829437,10.34927029492247,0.9398211829436038,0.9422316813621161,123.25,0.2748478701825558,0.2720588235294117,0.0
email-Eu-core,neutral,2,2.0,2.0,32128,46023,0.6980857397388263,0.7036972139477834,67934149,83900961,0,0,986,16064,8,0.0009498876536929837,0.17000747011952191,0.09404415940072652,0.06137948207171315,-0.0007075151292541548,0.06079224979965477,0.06149976492890893,-0.0028260184725429766,0.47021189718684747,0.5389478612834966,0.8714926901452572,0.016978882466887724,0.8046196851552155,0.8486025682529406,0.9694300324258143,-0.10178229265140765,0.14215325012508284,0.16834732557439186,11.649578908824607,10.228980724518113,0.9454412303185646,0.942473561839046,123.25,0.2748478701825558,0.2720588235294117,0.0
email-Eu-core,neutral,2,2.5,2.5,40160,57495,0.6984955213496826,0.700139470013947,68351033,83954332,0,0,986,16064,8,-0.003967941031565987,0.16508964143426294,0.0940458217895628,0.06137948207171315,-0.0018587896998676912,0.059827559296898314,0.061686348996766005,-0.007337879713501603,0.4724418774254523,0.5343186314994923,0.8661809473670764,0.016978882466887724,0.8137514723203769,0.8504098360655737,0.9746572958063328,-0.10081792470515766,0.14324856999905344,0.16316533643291012,11.818627450980392,10.300551744706233,0.9475867269984917,0.9376677602147331,123.25,0.2748478701825558,0.2720588235294117,0.0
email-Eu-core,neutral,2,3.0,3.0,48192,69029,0.6981413608773125,0.6963759320270505,68270742,83631838,0,0,986,16064,8,-0.0041546940196137815,0.16490288844621515,0.09321308297667633,0.06137948207171315,-0.0002634480588384891,0.06115947735873267,0.06142292541757116,-0.0010488194988144718,0.47177031621296905,0.5359257503622701,0.8776143199808963,0.016978882466887724,0.8120765832106038,0.8519516929048954,0.9724337109724294,-0.10664511318687846,0.141433178726454,0.1602970879168819,11.546621366553417,10.194483786805815,0.9414873537183843,0.9400670890793887,123.25,0.2748478701825558,0.2720588235294117,0.0
email-Eu-core,neutral,2,3.5,3.5,56224,80524,0.6982266156673786,0.6987385819921705,68398425,84160472,0,0,986,16064,8,-0.002349415135151645,0.16670816733067728,0.09380117095718836,0.06137948207171315,-0.0006034516294175646,0.060876630757508494,0.06148008238692606,-0.0023977903366860717,0.47252311082203635,0.5326787698672395,0.868146932873156,0.016978882466887724,0.8157972295903331,0.8460875188618237,0.9790054307589355,-0.09709315266716041,0.14448587578261282,0.15810796441110153,11.849514563106796,10.400791872105184,0.9428678117998507,0.9404601822799941,123.25,0.2748478701825558,0.2720588235294117,0.0
email-Eu-core,neutral,2,4.0,4.0,64256,91949,0.698822173161209,0.703019693654267,68334184,83853957,0,0,986,16064,8,-0.001291148202880716,0.1677664342629482,0.09342029013774546,0.06137948207171315,-0.0017410750244398407,0.059930500995907854,0.061671576020347695,-0.006963882340938887,0.47811147851112373,0.5284300303737595,0.8875901912731622,0.016978882466887724,0.8138987043580683,0.8456643658326143,0.9779690916903291,-0.10263161439815262,0.14254878230179444,0.15907008754386182,11.388497217068645,10.320442815468622,0.9443413729128015,0.9397112723464732,123.25,0.2748478701825558,0.2720588235294117,0.0
email-Eu-core,neutral,2,4.5,4.5,72288,103297,0.6998073516171816,0.7077899189284456,68144409,83851993,0,0,986,16064,8,-0.0009176422267850988,0.16813994023904383,0.09347865742220192,0.06137948207171315,-0.002498218735652459,0.059301313684977354,0.06179953242062981,-0.009994902815418203,0.47608792761171187,0.529405047667496,0.876882603636286,0.016978882466887724,0.8143317702227433,0.8448051948051948,0.9789288001839518,-0.10266710218452421,0.14302291382131413,0.15761814495610474,11.5272121436505,10.333907056798623,0.9489078119215105,0.9406570380902491,123.25,0.2748478701825558,0.2720588235294117,0.0
email-Eu-core,neutral,2,5.0,5.0,80320,114891,0.699097405366826,0.6927721235121614,68542747,84080596,0,0,986,16064,8,-0.0004818852546735593,0.16857569721115537,0.09415982349338424,0.06137948207171315,0.002871824115943479,0.06376718643504364,0.060895362319100164,0.011418289295015373,0.4876442046305623,0.5197068003227601,0.8944227946189713,0.016978882466887724,0.8123617052662635,0.8453419493807216,0.9770723594936551,-0.09853644310718704,0.1436415667130938,0.16347700761179426,11.588626292466765,10.375636418089249,0.9508862629246676,0.9413746630727763,123.25,0.2748478701825558,0.2720588235294117,0.0
email-Eu-core,neutral,2,5.5,5.5,88352,126307,0.6995020070146548,0.7035739313244569,68028662,83712070,0,0,986,16064,8,-0.0027851721072631847,0.16627241035856574,0.09368124680520441,0.06137948207171315,-0.001251961231514824,0.06033568745183777,0.06158764868335259,-0.004975771193171602,0.47474585579960227,0.5331785383956029,0.8650625434031082,0.016978882466887724,0.8136764705882353,0.8484455958549223,0.9759500353564857,-0.10519539013384349,0.1428961406877527,0.16467153065482146,11.774241856982403,10.276114388113193,0.9445900411830775,0.9416112894795788,123.25,0.2748478701825558,0.2720588235294117,0.0
email-Eu-core,neutral,2,6.0,6.0,96384,137775,0.699575394665215,0.7003836763167074,67926018,83768425,0,0,986,16064,8,-0.001975909159056028,0.1670816733067729,0.09368259888638011,0.06137948207171315,-6.864919661010022e-05,0.061322302897743826,0.061390952094353926,-0.000273364519484339,0.47367463226694645,0.5321113853004796,0.8600850277156198,0.016978882466887724,0.8122058823529412,0.8481217616580311,0.9751326826694804,-0.10417710388080502,0.14298234641857446,0.1646283015271699,11.827123695976155,10.271674140508221,0.9426229508196722,0.9420777279521674,123.25,0.2748478701825558,0.2720588235294117,0.0
email-Eu-core,neutral,2,6.5,6.5,104416,149276,0.6994828371606956,0.6983740544300495,68069840,83830830,0,0,986,16064,8,-0.003781188043518164,0.16527639442231076,0.09381200326549186,0.06137948207171315,0.0007511992188387398,0.062006525792169365,0.061255326573330625,0.0029742226748361,0.47174587886062974,0.5353561616920024,0.8551442324198386,0.016978882466887724,0.8118942731277533,0.851523665441971,0.9726504290792922,-0.10304949934490136,0.14257413692850673,0.15964183925362638,11.698305084745762,10.264523827280184,0.9325800376647835,0.9432470728615109,123.25,0.2748478701825558,0.2720588235294117,0.0
email-Eu-core,neutral,2,7.0,7.0,112448,160725,0.699629802457614,0.7015459865490435,68400314,84079453,0,0,986,16064,8,-0.002349415135151645,0.16670816733067728,0.09366540921103211,0.06137948207171315,-0.001422632544520179,0.06019401399147491,0.061616646535995086,-0.005660965470577934,0.47204066714669735,0.5319764655525536,0.8727616147638337,0.016978882466887724,0.8143236074270557,0.847165337357189,0.9772369960935472,-0.09855709613153654,0.14424754229151734,0.16499899688899597,11.740104555638537,10.401613626176603,0.9327856609410008,0.9424025100851636,123.25,0.2748478701825558,0.2720588235294117,0.0
email-Eu-core,neutral,2,7.5,7.5,120480,172268,0.6993753918313326,0.6958329723642034,67625546,83824761,0,0,986,16064,8,0.0002028757015017493,0.16926045816733068,0.09381248724624833,0.06137948207171314,-0.005573935012693779,0.05674899385306284,0.06232292886575662,-0.022279808196927237,0.46385719961014255,0.5408908020120129,0.850564875839152,0.016978882466887724,0.8093837329018974,0.846411225040475,0.9742930150120704,-0.10315916094138236,0.1432206799096699,0.15708153798971472,11.869805075395366,10.28002997377295,0.9463037881574108,0.9403521918321469,123.25,0.2748478701825558,0.2720588235294117,0.0
email-Eu-core,neutral,2,8.0,8.0,128512,183851,0.6990008213172624,0.6934300267633601,68586912,83798425,0,0,986,16064,8,-0.0072672438204105915,0.16179033864541834,0.09377627449498326,0.06137948207171315,-0.004603988939318911,0.0575203740620064,0.06212436300132531,-0.01807981238581998,0.4702704787910801,0.5338014692445765,0.870299549694598,0.016978882466887724,0.8190098428088732,0.8523279680241979,0.9770942528690486,-0.1036350297508939,0.14262231071926007,0.16471052489260796,11.609849942285495,10.291793538804308,0.9519045786841093,0.9434088377274416,123.25,0.2748478701825558,0.2720588235294117,0.0
email-Eu-core,neutral,2,8.5,8.5,136544,195373,0.6988887922077257,0.6971011977087311,68304131,83712508,0,0,986,16064,8,-0.003967941031565987,0.16508964143426294,0.0934529416578828,0.06137948207171315,-0.0006374382713418558,0.060847278256023596,0.06148471652736545,-0.0025323573763242234,0.4729348962163957,0.530721486442658,0.8765365891038803,0.016978882466887724,0.8170175180332695,0.8480207097400496,0.9785691477547303,-0.10518747585154693,0.1424575056456302,0.16770107387689007,11.558069381598793,10.282284521324188,0.9509803921568627,0.9459439308082315,123.25,0.2748478701825558,0.2720588235294117,0.0
email-Eu-core,neutral,2,9.0,9.0,144576,206927,0.6986811774200563,0.6951705037216548,67532116,83407856,0,0,986,16064,8,-4.612828256199202e-05,0.16901145418326693,0.09331016226582416,0.06137948207171315,-0.00013510772545888977,0.06126720909940546,0.06140231682486435,-0.0005426337801428588,0.4666965348864256,0.5355748707975312,0.8651620895554993,0.016978882466887724,0.8153642773207991,0.8424805531547105,0.9811979736970047,-0.11069227477907159,0.14077395843193466,0.1589007271938573,11.602578268876611,10.117986366019927,0.939963167587477,0.9433665443104352,123.25,0.2748478701825558,0.2720588235294117,0.0
email-Eu-core,neutral,2,9.5,9.5,152608,218488,0.6984731426897587,0.6947495891358879,68183019,84039553,0,0,986,16064,8,-0.0020381601550719503,0.16701942231075698,0.09343416976135409,0.06137948207171315,-0.0023805124395420985,0.05939656144462694,0.06177707388416904,-0.009503107686385799,0.46594824917245853,0.5372508340454029,0.8621842117478172,0.016978882466887724,0.8147710487444608,0.8462448891758123,0.9781393114887541,-0.0992780547243185,0.14342858784871063,0.16769066568419536,11.788296682817741,10.31903445183469,0.9519194931047336,0.9437261789103953,123.25,0.2748478701825558,0.2720588235294117,0.0
email-Eu-core,neutral,2,10.0,10.0,160640,229991,0.6984621137348853,0.6982526297487612,68384955,83874109,0,0,986,16064,8,-0.003220929079374752,0.16583665338645417,0.09376918534659004,0.06137948207171315,-0.001540400925979367,0.060094536080171596,0.06163493700615096,-0.006109975123696452,0.4722593535699879,0.5329306872170678,0.8777327233229174,0.016978882466887724,0.8160023532872481,0.8474905558553697,0.9782284927765935,-0.10226748513595356,0.1439534286216549,0.16393095830529153,11.748123123123124,10.37544776119403,0.9508258258258259,0.94,123.25,0.2748478701825558,0.2720588235294117,0.0
email-Eu-core,neutral,2,10.0,10.0,160640,229991,0.6984621137348853,,68384955,83874109,1,0,986,16064,8,-0.003220929079374752,0.16583665338645417,0.09376918534659004,0.06137948207171315,-0.001540400925979367,0.060094536080171596,0.06163493700615096,-0.006109975123696452,0.4722593535699879,0.5329306872170678,0.8777327233229174,0.016978882466887724,0.8160023532872481,0.8474905558553697,0.9782284927765935,-0.10226748513595356,0.1439534286216549,0.16393095830529153,11.748123123123124,10.37544776119403,0.9508258258258259,0.94,123.25,0.2748478701825558,0.2720588235294117,0.0
email-Eu-core,up_pfix,1,0.0,0.0,0,0,,,52859278,88109182,0,0,986,16064,8,0.41585277609990806,0.584910358565737,0.09471324878169804,0.06137948207171315,0.03400028641615006,0.07549264876885511,0.04149236235270505,0.17688355006797415,0.7058129881048056,0.27133059978042706,2.1130545325546457,0.016978882466887724,0.610192423331329,0.2771993200169996,1.4700256581275446,-0.02574336808308948,0.26739242877040204,0.40705044751953817,19.501702852277564,19.967756448710258,0.9822264793529162,0.9818536292741452,123.25,0.2748478701825558,0.2720588235294117,0.0
email-Eu-core,up_pfix,1,0.01,0.01,161,2792,0.05766475644699141,0.05766475644699141,53754002,88752862,0,0,986,16064,8,0.41585277609990806,0.584910358565737,0.09475193336569901,0.06137948207171314,0.03452398775530213,0.0757100317699424,0.041186044014640266,0.17953473201510808,0.7105047221717853,0.26808919825230354,2.1642345285116686,0.016978882466887724,0.6113372531282979,0.2770649984095006,1.4727836884002665,-0.014112625551712306,0.2673620032183473,0.4018981943931799,19.239463601532567,20.331883623275345,0.9808429118773946,0.9796040791841631,123.25,0.2748478701825558,0.2720588235294117,0.0
email-Eu-core,up_pfix,1,0.02,0.02,321,5738,0.055942837225514117,0.05431093007467753,54315675,89169223,0,0,986,16064,8,0.41585277609990806,0.584910358565737,0.09483544045344013,0.06137948207171314,0.034970818401805805,0.07589550654278145,0.04092468814097564,0.1816982458474207,0.7142191453152537,0.2654600226187202,2.195965957440522,0.016978882466887724,0.6131519274376417,0.27643136839877236,1.4771554532630886,-0.006589341324912051,0.2662134386282809,0.3955188227721607,19.0218177948063,20.434763047390522,0.9799914857386122,0.9779544091181763,123.25,0.2748478701825558,0.2720588235294117,0.0
email-Eu-core,up_pfix,1,0.05,0.05,803,13977,0.057451527509479856,0.058502245418133265,55844580,90022897,0,0,986,16064,8,0.41585277609990806,0.584910358565737,0.09499020274565854,0.06137948207171315,0.03683214992054493,0.07666812597548515,0.03983597605494023,0.19105739818247158,0.7282128982887969,0.25373959371599497,2.3023840737814596,0.016978882466887724,0.6196542311191993,0.27265047518479407,1.4928202712505723,0.008835811701018458,0.26255983691904095,0.37450459774782274,18.26255853554704,20.85632873425315,0.9776500638569604,0.97000599880024,123.25,0.2748478701825558,0.2720588235294117,0.0
email-Eu-core,up_pfix,1,0.1,0.1,1606,29545,0.05435775935014385,0.05158016443987667,58025212,91208619,0,0,986,16064,8,0.41585277609990806,0.584910358565737,0.09521179111582326,0.06137948207171314,0.039722465554513066,0.07786786605562084,0.03814540050110777,0.20557062966565465,0.7478011102760291,0.2377175107762611,2.4640140452309995,0.016978882466887724,0.6287763198046994,0.2678233438485804,1.5147964609092217,0.030260785749908762,0.25836871712350074,0.3536004368815775,17.196892294593443,21.614277144571087,0.9744572158365262,0.9650569886022795,123.25,0.2748478701825558,0.2720588235294117,0.0
email-Eu-core,up_pfix,1,0.15,0.15,2410,47215,0.05104310070952028,0.04550084889643464,60130859,92370271,0,0,986,16064,8,0.41585277609990806,0.584910358565737,0.09537693995508235,0.06137948207171314,0.042242011071601616,0.07891370330088643,0.03667169222928481,0.21823118237309044,0.7670315154721291,0.2220791952720567,2.6281957740831174,0.016978882466887724,0.6380264371349523,0.2633396107972379,1.5370810867030404,0.05125083565523382,0.2587921393895958,0.33734699357224546,16.311941251596423,22.93641271745651,0.9729672200936569,0.9619076184763048,123.25,0.2748478701825558,0.2720588235294117,0.0
email-Eu-core,up_pfix,1,0.2,0.2,3213,65687,0.04891378811637006,0.04347119965352967,61907460,93350336,0,0,986,16064,8,0.41585277609990806,0.584910358565737,0.09551142922142322,0.06137948207171315,0.04431353472161918,0.07977357130999481,0.035460036588375626,0.22861075279580767,0.7835273701964588,0.2083501004141445,2.7743940197637227,0.016978882466887724,0.6485903558773687,0.2567638148960618,1.5625308153590356,0.06895976505961825,0.2602779205149356,0.3200639619541953,15.625053214133674,24.167966406718655,0.969561515538527,0.9560587882423516,123.25,0.2748478701825558,0.2720588235294117,0.0
email-Eu-core,up_pfix,1,0.3,0.3,4819,109385,0.04405540064908351,0.03675225410773948,65021480,94800785,0,0,986,16064,8,0.41585277609990806,0.584910358565737,0.09582117254056732,0.06137948207171315,0.04861679923543615,0.08155981183403188,0.03294301259859573,0.25000027490611726,0.8147416972544188,0.1804396384452356,3.0767322918427937,0.016978882466887724,0.6718822618125484,0.2425850764907899,1.6186437693096547,0.09516812771480966,0.2638985612094495,0.2953343517356898,14.462430821626224,26.44871025794841,0.9643465304384845,0.9578584283143371,123.25,0.2748478701825558,0.2720588235294117,0.0
email-Eu-core,up_pfix,1,0.4,0.4,6426,164699,0.039016630337767685,0.029052319485121308,67794791,95895352,0,0,986,16064,8,0.41585277609990806,0.584910358565737,0.09606249913037711,0.06137948207171315,0.05251353676910671,0.08317730721964663,0.030663770450539914,0.26935993098978184,0.8434542098604545,0.15362933160494338,3.399607298265249,0.016978882466887724,0.6962123564110525,0.22687590937435045,1.677257842439584,0.1149460095199645,0.26923824559505616,0.2841779045275204,13.46168582375479,28.806388722255548,0.9622179650915283,0.9661067786442712,123.25,0.2748478701825558,0.2720588235294117,0.0
email-Eu-core,up_pfix,1,0.5,0.5,8032,235504,0.03410557782458047,0.022682013982063414,70174393,96892704,0,0,986,16064,8,0.41585277609990806,0.584910358565737,0.0963343349690457,0.06137948207171315,0.055699343750105254,0.0844997026970681,0.02880035894696284,0.28489483703693624,0.868004065215054,0.13068095193221893,3.700982921100876,0.016978882466887724,0.7182835820895522,0.21262458471760798,1.7304300333963056,0.1329673001071417,0.2758558031669619,0.2722677930489256,12.770540655598127,30.954559088182364,0.9577479778629204,0.968506298740252,123.25,0.2748478701825558,0.2720588235294117,0.0
email-Eu-core,up_pfix,1,1.0,1.0,16064,1169922,0.013730829918575767,0.008595724825506358,79418665,100190402,0,0,986,16064,8,0.41585277609990806,0.584910358565737,0.09709694424767257,0.06137948207171315,0.06616048683034723,0.08884201482723825,0.022681527996891028,0.3357443662747747,0.953021121510053,0.04738370652817074,5.387622825867725,0.016978882466887724,0.8292457195742712,0.13485022440246322,1.997750935699024,0.19255385924248508,0.3195671796189369,0.2803358469907011,11.08301404853129,41.088932213557285,0.9578544061302682,0.9956508698260348,123.25,0.2748478701825558,0.2720588235294117,0.0
email-Eu-core,up_pfix,1,1.3738,1.3738,22069,24000000,0.0009195416666666667,0.00026303020077285763,83245394,101657612,1,1,986,16064,8,0.41585277609990806,0.584910358565737,0.09744297278287857,0.06137948207171314,0.06920339442029398,0.09010509424766684,0.02090169982737286,0.34993910467414296,0.9803551661953689,0.019518917097806492,6.370910760672245,0.016978882466887724,0.8865662465416538,0.09416195856873823,2.13584285909495,0.2190650787140579,0.36977948235994107,0.33083804731441074,11.894316730523627,48.855728854229156,0.9616858237547893,1.0,123.25,0.2748478701825558,0.2720588235294117,0.0
email-Eu-core,up_pfix,2,0.0,0.0,0,0,,,52859278,88109182,0,0,986,16064,8,0.41585277609990806,0.584910358565737,0.09471324878169804,0.06137948207171315,0.03400028641615006,0.07549264876885511,0.04149236235270505,0.17688355006797415,0.7058129881048056,0.27133059978042706,2.1130545325546457,0.016978882466887724,0.610192423331329,0.2771993200169996,1.4700256581275446,-0.02574336808308948,0.26739242877040204,0.40705044751953817,19.501702852277564,19.967756448710258,0.9822264793529162,0.9818536292741452,123.25,0.2748478701825558,0.2720588235294117,0.0
email-Eu-core,up_pfix,2,0.01,0.01,161,2889,0.055728625822083766,0.055728625822083766,53495309,88569104,0,0,986,16064,8,0.41585277609990806,0.584910358565737,0.09474899877990449,0.06137948207171315,0.03436413956386988,0.07564368044147686,0.04127954087760698,0.17870900998039532,0.7095450561867193,0.26901596053713905,2.1492174502972254,0.016978882466887724,0.611571493144493,0.276758247586719,1.473348000280914,-0.017432974150520458,0.26618554853889737,0.3987747211783231,19.26553852703278,20.08638272345531,0.9813750532141337,0.980503899220156,123.25,0.2748478701825558,0.2720588235294117,0.0
email-Eu-core,up_pfix,2,0.02,0.02,321,5467,0.058715931955368575,0.062063615205585725,54170101,88923869,0,0,986,16064,8,0.41585277609990806,0.584910358565737,0.09481983355863553,0.06137948207171315,0.034909477739422365,0.07587004466922737,0.040960566929805,0.18140939173967455,0.7143692669512075,0.2648596478022403,2.196368288313747,0.016978882466887724,0.6137598068799034,0.2755404832556168,1.4786199066764798,-0.01102267652725413,0.2649330299793106,0.3920963363147716,18.992337164750957,20.249100179964007,0.9803107705406556,0.9787042591481704,123.25,0.2748478701825558,0.2720588235294117,0.0
email-Eu-core,up_pfix,2,0.05,0.05,803,14235,0.05641025641025641,0.054972627737226276,55629961,89812449,0,0,986,16064,8,0.41585277609990806,0.584910358565737,0.09494550889086788,0.06137948207171315,0.03653556295985704,0.07654501580031914,0.0400094528404621,0.1896081414071216,0.7265303245225795,0.2549218125723514,2.293255809687138,0.016978882466887724,0.6200363746589875,0.2722374815127826,1.4937409001982567,0.00503319781796604,0.2615355099998648,0.37556110107550356,18.30970625798212,20.608128374325133,0.9775436355896125,0.9749550089982003,123.25,0.2748478701825558,0.2720588235294117,0.0
email-Eu-core,up_pfix,2,0.1,0.1,1606,29682,0.054106866114143254,0.05198420405256684,57847371,91091465,0,0,986,16064,8,0.41585277609990806,0.584910358565737,0.09510001566342773,0.06137948207171315,0.03882379231129438,0.07749483610132663,0.03867104379003224,0.20115599058952385,0.7452508221216548,0.23978862433132786,2.4519778439747464,0.016978882466887724,0.6293129770992366,0.2676056338028169,1.5160893317519701,0.028143913996054537,0.25862733431596596,0.3526333020965742,17.341954022988507,21.455758848230353,0.9737122179650916,0.9704559088182364,123.25,0.2748478701825558,0.2720588235294117,0.0
email-Eu-core,up_pfix,2,0.15,0.15,2410,46990,0.051287507980421365,0.046452507510977584,59987281,92159553,0,0,986,16064,8,0.41585277609990806,0.584910358565737,0.09528576484406866,0.06137948207171314,0.04150603585385303,0.07860820761164666,0.03710217175779364,0.2146341568624674,0.7638936851837806,0.22404160611045096,2.6273919357575504,0.016978882466887724,0.6408721019499463,0.2611244895822427,1.543936629532684,0.047443343105012005,0.2585309867344593,0.33508632396561977,16.459982971477224,22.681463707258548,0.9710515112813963,0.9659568086382724,123.25,0.2748478701825558,0.2720588235294117,0.0
email-Eu-core,up_pfix,2,0.2,0.2,3213,65950,0.04871872630780895,0.042352320675105484,61850609,93076745,0,0,986,16064,8,0.41585277609990806,0.584910358565737,0.09540860317619829,0.06137948207171315,0.04418405870040031,0.07971982715477274,0.03553576845437243,0.2281884580722339,0.7815718864528499,0.20880862141747897,2.791085562463693,0.016978882466887724,0.6535615171137835,0.25360200459386095,1.5745069302513224,0.06401621161706597,0.25925359359575934,0.323278907618371,15.751702852277566,23.80773845230954,0.9681779480630055,0.9644571085782844,123.25,0.2748478701825558,0.2720588235294117,0.0
email-Eu-core,up_pfix,2,0.3,0.3,4819,108420,0.04444751890795056,0.037814928184600895,65156714,94556477,0,0,986,16064,8,0.41585277609990806,0.584910358565737,0.09578496618399872,0.06137948207171315,0.048276011685161636,0.08141835445198319,0.03314234276682155,0.2483416931022416,0.8143895725963364,0.1795333382237984,3.1229336783972745,0.016978882466887724,0.6783834004335708,0.23808036643764313,1.6343057805286265,0.090753692830464,0.2635765574502035,0.2989862887390986,14.491592166879522,26.350479904019195,0.9630693912303108,0.9628074385122976,123.25,0.2748478701825558,0.2720588235294117,0.0
email-Eu-core,up_pfix,2,0.4,0.4,6426,165373,0.0388576127904797,0.028216248485593384,68093148,95515929,0,0,986,16064,8,0.41585277609990806,0.584910358565737,0.09620438187803038,0.06137948207171315,0.05236936569040979,0.08311746329828514,0.030748097607875342,0.2682242652333348,0.8470244249362132,0.14839877650268157,3.4989628707859155,0.016978882466887724,0.7066666666666667,0.21947160391096318,1.7024435112977403,0.10809016310018656,0.2669132263255399,0.28248656298366265,13.3906981694338,28.49385122975405,0.9577479778629204,0.9679064187162567,123.25,0.2748478701825558,0.2720588235294117,0.0
email-Eu-core,up_pfix,2,0.5,0.5,8032,235579,0.03409471981798038,0.0228755377033302,70593263,96518406,0,0,986,16064,8,0.41585277609990806,0.584910358565737,0.09641066066632645,0.061379482071713155,0.05573017915547053,0.08451250215442464,0.028782322998954113,0.2848268877365615,0.8719966335596226,0.12441183538515796,3.8369798007361253,0.016978882466887724,0.7291472868217054,0.20438943207821927,1.7566019819291954,0.12620405801789006,0.27368798258306176,0.2740373336300881,12.65974882928906,30.726004799040194,0.9564708386547467,0.9727054589082184,123.25,0.2748478701825558,0.2720588235294117,0.0
email-Eu-core,up_pfix,2,1.0,1.0,16064,1210854,0.013266669639774903,0.00823562584911948,79595974,100050997,0,0,986,16064,8,0.41585277609990806,0.584910358565737,0.09741061808925694,0.06137948207171314,0.06621386893657169,0.08886417318656997,0.02265030424999828,0.33493325490065107,0.9551552732237716,0.0450857465799305,5.483256299875792,0.016978882466887724,0.8345945945945946,0.13181770779017624,2.0106370077335884,0.1900349311064755,0.31741710727373534,0.27910732574063674,11.037462750106428,40.771595680863825,0.9561515538527032,0.995500899820036,123.25,0.2748478701825558,0.2720588235294117,0.0
email-Eu-core,up_pfix,2,1.37,1.37,22008,24000000,0.000917,0.000260825921252161,83294935,101621334,1,1,986,16064,8,0.41585277609990806,0.584910358565737,0.09773810010743926,0.06137948207171315,0.06921432163232236,0.09010963002018958,0.02089530838786723,0.3489375265319425,0.981159674833871,0.0186985830803188,6.404553720980236,0.016978882466887724,0.889983074319126,0.0924202822791427,2.144074400999166,0.2184095665378937,0.3678626725804925,0.3337182737744433,11.894316730523627,48.515596880623875,0.9593444018731375,1.0,123.25,0.2748478701825558,0.2720588235294117,0.0
email-Eu-core,down_pfix,1,0.0,0.0,0,0,,,52859278,88109182,0,0,986,16064,8,0.41585277609990806,0.584910358565737,0.09471324878169804,0.06137948207171315,0.03400028641615006,0.07549264876885511,0.04149236235270505,0.17688355006797415,0.7058129881048056,0.27133059978042706,2.1130545325546457,0.016978882466887724,0.610192423331329,0.2771993200169996,1.4700256581275446,-0.02574336808308948,0.26739242877040204,0.40705044751953817,19.501702852277564,19.967756448710258,0.9822264793529162,0.9818536292741452,123.25,0.2748478701825558,0.2720588235294117,0.0
email-Eu-core,down_pfix,1,0.01,0.01,161,2076,0.07755298651252408,0.07755298651252408,52114655,87594646,0,0,986,16064,8,0.41585277609990806,0.584910358565737,0.09462580123642939,0.06137948207171314,0.03328241346577563,0.07519466714328883,0.0419122536775132,0.17330889202737795,0.7011419954195623,0.27547456664478087,2.069778079015773,0.016978882466887724,0.6056105610561056,0.27995318152798465,1.4589874104387042,-0.03504058990002462,0.26149747805979634,0.3986796863198614,19.320774797786292,19.176664667066586,0.9813750532141337,0.9799040191961608,123.25,0.2748478701825558,0.2720588235294117,0.0
email-Eu-core,down_pfix,1,0.02,0.02,321,3971,0.08083606144547972,0.08443271767810026,51357514,87144896,0,0,986,16064,8,0.41585277609990806,0.584910358565737,0.09457762225606725,0.06137948207171315,0.03224757478157988,0.07476511632492372,0.04251754154334384,0.16800579860062312,0.6954787043868366,0.280856352675825,2.022187777533041,0.016978882466887724,0.6001198142878539,0.28347714924896134,1.4457595525974931,-0.04316718456427831,0.2564823328961069,0.39040934640815816,19.208067262664965,18.445560887822435,0.980630055342699,0.978254349130174,123.25,0.2748478701825558,0.2720588235294117,0.0
email-Eu-core,down_pfix,1,0.05,0.05,803,10107,0.07944988621747304,0.07855280312907431,49411375,85958089,0,0,986,16064,8,0.41585277609990806,0.584910358565737,0.09427020776166195,0.06137948207171315,0.0299617966090475,0.07381631348288899,0.04385451687384149,0.15660621436023808,0.6788032080684757,0.2962187974282538,1.905136167144156,0.016978882466887724,0.5875428401132469,0.2913503688656046,1.4154601355097776,-0.0646117636275338,0.24247390163757082,0.3685265210345757,18.831204767986378,16.490851829634074,0.98009791400596,0.9734553089382123,123.25,0.2748478701825558,0.2720588235294117,0.0
email-Eu-core,down_pfix,1,0.1,0.1,1606,20439,0.07857527276285532,0.07771970576848626,46383435,84089180,0,0,986,16064,8,0.41585277609990806,0.584910358565737,0.09377761561434025,0.06137948207171315,0.02523948166823784,0.07185612946736865,0.04661664779913081,0.13261628253922333,0.6516651012070893,0.3208617056920672,1.7334159911369436,0.016978882466887724,0.5707958068802599,0.30158217629964484,1.3751145533480045,-0.09838133762948176,0.22647513218212056,0.3539597344455271,18.573116219667945,14.015596880623875,0.9824393358876118,0.9676064787042592,123.25,0.2748478701825558,0.2720588235294117,0.0
email-Eu-core,down_pfix,1,0.15,0.15,2410,30678,0.07855792424538757,0.07852329329036038,43449599,82235636,0,0,986,16064,8,0.41585277609990806,0.584910358565737,0.09340388584713026,0.06137948207171315,0.020363981829903996,0.06983235998766184,0.04946837815775784,0.10742697843222986,0.6230108863284815,0.3467288343097664,1.578547963192493,0.016978882466887724,0.5546440082039261,0.31197228837410695,1.336202961575865,-0.1318732793312265,0.21526331624994927,0.33685021385982833,18.56502767134951,12.0374925014997,0.9832907620263942,0.9643071385722856,123.25,0.2748478701825558,0.2720588235294117,0.0
email-Eu-core,down_pfix,1,0.2,0.2,3213,42225,0.0760923623445826,0.06954187234779596,40980786,80853161,0,0,986,16064,8,0.41585277609990806,0.584910358565737,0.09326472473145746,0.06137948207171315,0.01650763177037736,0.06823162902420794,0.05172399725383058,0.0872133490644289,0.5983845615934285,0.37037417708029274,1.4482902118149004,0.016978882466887724,0.5387974959965061,0.3226753670473083,1.298026840984984,-0.1568534104228648,0.20841503157496183,0.3254370229263148,18.719667943805874,10.604379124175164,0.9838229033631333,0.9599580083983204,123.25,0.2748478701825558,0.2720588235294117,0.0
email-Eu-core,down_pfix,1,0.3,0.3,4819,66267,0.07272096216819834,0.06679976707428667,36663783,78208547,0,0,986,16064,8,0.41585277609990806,0.584910358565737,0.0926581962483379,0.06137948207171315,0.009272344970903998,0.06522833642094047,0.05595599145003648,0.04930844915756954,0.5523601617479824,0.4132042285668026,1.243564725499273,0.016978882466887724,0.5138248847926268,0.3399122807017544,1.237864869422429,-0.20463930485624132,0.1994014617787454,0.2998680198953614,19.201681566624096,8.325734853029394,0.9844614729672201,0.9580083983203359,123.25,0.2748478701825558,0.2720588235294117,0.0
email-Eu-core,down_pfix,1,0.4,0.4,6426,94440,0.06804320203303685,0.057040428779327725,32703231,75515289,0,0,986,16064,8,0.41585277609990806,0.584910358565737,0.09204055829981797,0.06137948207171315,0.0029455923454590124,0.06260216694220123,0.05965657459674222,0.015769176073883246,0.5117077558306985,0.45112320926619276,1.0763957487854101,0.016978882466887724,0.4941645317392542,0.35361805709227706,1.1905007555278013,-0.2533041544221314,0.19431785912293276,0.2912246741184372,19.773627075351214,6.617726454709058,0.9858450404427416,0.9506598680263947,123.25,0.2748478701825558,0.2720588235294117,0.0
email-Eu-core,down_pfix,1,0.5,0.5,8032,126125,0.0636828543111992,0.050686444689916364,29363651,73248352,0,0,986,16064,8,0.41585277609990806,0.584910358565737,0.09153755251073684,0.06137948207171315,-0.0020712423780640463,0.060519730815679094,0.06259097319374314,-0.011149290495099917,0.4745905703916688,0.4865996309039597,0.9428537373088242,0.016978882466887724,0.477580372250423,0.3656932679447169,1.1505475554635265,-0.2942657511500907,0.1925354288650593,0.2745909777519669,20.435078756917836,5.369376124775045,0.9859514687100894,0.9367126574685063,123.25,0.2748478701825558,0.2720588235294117,0.0
email-Eu-core,down_pfix,1,1.0,1.0,16064,348902,0.0460415818768594,0.03605399121094188,19603815,67288379,0,0,986,16064,8,0.41585277609990806,0.584910358565737,0.09003844380900487,0.06137948207171315,-0.02148834867389357,0.05245989112565225,0.07394823979954582,-0.11759549005445662,0.32248590192561744,0.6423072824770933,0.5793088942281507,0.016978882466887724,0.4166550425442879,0.4138279932546374,1.0037712362674627,-0.40195732375908927,0.2084327798136604,0.2468861591678636,24.132609621115368,2.9800539892021596,0.9874414644529587,0.8666766646670666,123.25,0.2748478701825558,0.2720588235294117,0.0
email-Eu-core,down_pfix,1,1.5,1.5,24096,777493,0.030991918898305194,0.018740477518193337,15540132,65073474,0,0,986,16064,8,0.41585277609990806,0.584910358565737,0.08931094923234618,0.06137948207171315,-0.03451919839786109,0.047050920386146805,0.0815701187840079,-0.19044588838178578,0.22655595796549502,0.7527398415591466,0.442083687070966,0.016978882466887724,0.3873082287308229,0.4374859455812908,0.9330712936910526,-0.4419787471161303,0.22564603588862897,0.23731280901827773,26.70476798637718,2.41001799640072,0.9890378884631759,0.823635272945411,123.25,0.2748478701825558,0.2720588235294117,0.0
email-Eu-core,down_pfix,1,2.0,2.0,32128,1718526,0.01869509102568131,0.008535301099961425,13736317,64189525,0,0,986,16064,8,0.41585277609990806,0.584910358565737,0.0890107543101462,0.06137948207171315,-0.04034468094651933,0.0446328229238427,0.08497750387036203,-0.22333634687088147,0.17496066559357348,0.8208926781055028,0.38364446441161476,0.016978882466887724,0.37294281729428175,0.4490667865977063,0.8984633198883236,-0.45795094328482966,0.23755003313004558,0.2417989488637137,28.25968497232865,2.33128374325135,0.9887186036611324,0.8053389322135572,123.25,0.2748478701825558,0.2720588235294117,0.0
email-Eu-core,down_pfix,1,2.0,2.0,32128,1718526,0.01869509102568131,,13736317,64189525,1,0,986,16064,8,0.41585277609990806,0.584910358565737,0.0890107543101462,0.06137948207171315,-0.04034468094651933,0.0446328229238427,0.08497750387036203,-0.22333634687088147,0.17496066559357348,0.8208926781055028,0.38364446441161476,0.016978882466887724,0.37294281729428175,0.4490667865977063,0.8984633198883236,-0.45795094328482966,0.23755003313004558,0.2417989488637137,28.25968497232865,2.33128374325135,0.9887186036611324,0.8053389322135572,123.25,0.2748478701825558,0.2720588235294117,0.0
email-Eu-core,down_pfix,2,0.0,0.0,0,0,,,52859278,88109182,0,0,986,16064,8,0.41585277609990806,0.584910358565737,0.09471324878169804,0.06137948207171315,0.03400028641615006,0.07549264876885511,0.04149236235270505,0.17688355006797415,0.7058129881048056,0.27133059978042706,2.1130545325546457,0.016978882466887724,0.610192423331329,0.2771993200169996,1.4700256581275446,-0.02574336808308948,0.26739242877040204,0.40705044751953817,19.501702852277564,19.967756448710258,0.9822264793529162,0.9818536292741452,123.25,0.2748478701825558,0.2720588235294117,0.0
email-Eu-core,down_pfix,2,0.01,0.01,161,2046,0.07869012707722385,0.07869012707722385,52206491,87699694,0,0,986,16064,8,0.41585277609990806,0.584910358565737,0.09461922190691484,0.06137948207171315,0.033369321943242616,0.07523074195203822,0.0418614200087956,0.17377352617042882,0.700558627099612,0.27590909021260884,2.07265361180059,0.016978882466887724,0.6058514628657165,0.27981700180870306,1.4595677713669568,-0.0331424631267271,0.2617991981176725,0.3976043093194252,19.341315453384418,19.20125974805039,0.9816943380161771,0.9809538092381523,123.25,0.2748478701825558,0.2720588235294117,0.0
email-Eu-core,down_pfix,2,0.02,0.02,321,3820,0.08403141361256544,0.09019165727170236,51518813,87285300,0,0,986,16064,8,0.41585277609990806,0.584910358565737,0.09440058825745054,0.06137948207171315,0.03212400999633336,0.07471382586252184,0.042589815866188485,0.16767590379794256,0.6940603258658613,0.2817266926563602,2.0297239654270602,0.016978882466887724,0.6021859559814343,0.28193926478423015,1.4507371321064428,-0.04063020535974274,0.2568956133115171,0.38828621866426116,19.224137931034484,18.49625074985003,0.980630055342699,0.9791541691661668,123.25,0.2748478701825558,0.2720588235294117,0.0
email-Eu-core,down_pfix,2,0.05,0.05,803,9526,0.08429561200923788,0.08447248510339993,49660165,86214872,0,0,986,16064,8,0.41585277609990806,0.584910358565737,0.09412424857941788,0.06137948207171315,0.028135254669912964,0.073058134844309,0.04492288017439603,0.1472871750788158,0.6761628676818915,0.29855626895055215,1.9143099996061095,0.016978882466887724,0.5898542100565308,0.2893384714193963,1.4210284988524462,-0.059971916250833084,0.24490033941393624,0.3694382819346858,18.946679438058748,16.75869826034793,0.9809493401447424,0.9709058188362327,123.25,0.2748478701825558,0.2720588235294117,0.0
email-Eu-core,down_pfix,2,0.1,0.1,1606,20026,0.08019574553080995,0.07647619047619048,46605940,84455657,0,0,986,16064,8,0.41585277609990806,0.584910358565737,0.09370967565400565,0.06137948207171315,0.0240821813862861,0.07137574610830152,0.04729356472201542,0.12662719674163658,0.6473240553038817,0.32641970169184553,1.7351061615748378,0.016978882466887724,0.565725269850658,0.30555854209224814,1.3628990304260602,-0.09175941426589788,0.22921850279238956,0.34196638279205843,18.690506598552574,14.336982603479305,0.9804171988080034,0.9649070185962807,123.25,0.2748478701825558,0.2720588235294117,0.0
email-Eu-core,down_pfix,2,0.15,0.15,2410,31284,0.07703618463112134,0.07141588203943862,43784465,82826104,0,0,986,16064,8,0.41585277609990806,0.584910358565737,0.09323311852257196,0.06137948207171315,0.018140022453393294,0.06890921748750164,0.05076919503410835,0.09587010729503967,0.6197122883852348,0.35212548805692245,1.580299573844869,0.016978882466887724,0.5497359154929577,0.31585207612456745,1.324378786214588,-0.12120403175321069,0.2185974496626144,0.3232607938547185,18.737654320987655,12.385872825434912,0.9815879097488293,0.9575584883023396,123.25,0.2748478701825558,0.2720588235294117,0.0
email-Eu-core,down_pfix,2,0.2,0.2,3213,42812,0.0750490516677567,0.06965648854961833,41225630,81159613,0,0,986,16064,8,0.41585277609990806,0.584910358565737,0.09299500941903503,0.06137948207171315,0.015351381958945864,0.0677516817045724,0.05240029974562653,0.08133986344354398,0.5973476361560383,0.3722419149631121,1.4546954799146128,0.016978882466887724,0.5369508292115217,0.3239390642002176,1.2935780024675891,-0.15131608704754554,0.2095559897770145,0.3139736585727952,18.73350361856109,10.787342531493701,0.9820136228182205,0.9566586682663467,123.25,0.2748478701825558,0.2720588235294117,0.0
email-Eu-core,down_pfix,2,0.3,0.3,4819,68062,0.07080309129910964,0.0636039603960396,36773829,78462470,0,0,986,16064,8,0.41585277609990806,0.584910358565737,0.09243137761174648,0.06137948207171315,0.0071255701365983,0.06433723242472843,0.05721166228813013,0.03798532070645685,0.551173042849923,0.4161588898695357,1.242992566210741,0.016978882466887724,0.5094882116158712,0.34299516908212563,1.2274173112473536,-0.20005113521325907,0.20023562899757946,0.2997863010526093,19.250851426138784,8.404469106178764,0.9846743295019157,0.9505098980203959,123.25,0.2748478701825558,0.2720588235294117,0.0
email-Eu-core,down_pfix,2,0.4,0.4,6426,95352,0.06739239869116537,0.05888603884206669,32846057,75820774,0,0,986,16064,8,0.41585277609990806,0.584910358565737,0.09190493428438591,0.06137948207171315,0.0013936347685075678,0.061957965428063276,0.06056433065955571,0.0074718087647237825,0.5092079444902846,0.45481843924957027,1.0770047872708943,0.016978882466887724,0.49161216946261016,0.3554817275747508,1.1843518131744706,-0.2477843039029328,0.1954613527876567,0.2886247199641731,19.835781183482332,6.733053389322135,0.9857386121753938,0.9458608278344331,123.25,0.2748478701825558,0.2720588235294117,0.0
email-Eu-core,down_pfix,2,0.5,0.5,8032,127327,0.06308167160146709,0.05022673964034402,29596590,73560992,0,0,986,16064,8,0.41585277609990806,0.584910358565737,0.09139534443782683,0.06137948207171315,-0.0035122234959532525,0.059921594480140915,0.06343381797609417,-0.01893536470061827,0.47419215869469783,0.4878281767018244,0.9486104900827382,0.016978882466887724,0.47516229184307085,0.3676765426598351,1.144722114002263,-0.2886166159509082,0.1936484969777285,0.2807141047195282,20.438910174542357,5.561487702459508,0.9864836100468284,0.9343131373725255,123.25,0.2748478701825558,0.2720588235294117,0.0
email-Eu-core,down_pfix,2,1.0,1.0,16064,354042,0.04537314781862039,0.03542773967315793,19523508,67193639,0,0,986,16064,8,0.41585277609990806,0.584910358565737,0.08995241735310013,0.06137948207171315,-0.023189174134667916,0.05175389609499715,0.07494307022966507,-0.12702466173672525,0.3228015236671695,0.6414755762129822,0.577110433978085,0.016978882466887724,0.4174107142857143,0.41321942446043164,1.0055917387950981,-0.4036691938613491,0.20803471217427755,0.24014639842360508,24.1311196253725,2.9115176964607077,0.9879736057896977,0.8561787642471506,123.25,0.2748478701825558,0.2720588235294117,0.0
email-Eu-core,down_pfix,2,1.5,1.5,24096,786325,0.03064381775983213,0.01858042069662698,15494126,65041301,0,0,986,16064,8,0.41585277609990806,0.584910358565737,0.08933405157629103,0.06137948207171315,-0.03525483599511308,0.04674556483967791,0.08200040083479099,-0.19445417489978586,0.22550662281336836,0.7545045029946756,0.4406518549944634,0.016978882466887724,0.3891213389121339,0.43602428603552956,0.9374392903846009,-0.4425600854821849,0.2257930927235602,0.23698644610230551,26.75042571306939,2.371775644871026,0.9887186036611324,0.8195860827834434,123.25,0.2748478701825558,0.2720588235294117,0.0
email-Eu-core,down_pfix,2,2.0,2.0,32128,1707330,0.018817686094662427,0.0087209081383923,13748189,64215282,0,0,986,16064,8,0.41585277609990806,0.584910358565737,0.08901633415273165,0.06137948207171315,-0.04119386249113461,0.044280336460975754,0.08547419895211036,-0.22802287325435114,0.17282915543328117,0.8219258207745425,0.3838703967355045,0.016978882466887724,0.37601115760111575,0.4465932089048797,0.9058553142927899,-0.4574855365060255,0.23790246244134633,0.238991265600249,28.338548318433375,2.2826934613077383,0.9898893146019583,0.8029394121175765,123.25,0.2748478701825558,0.2720588235294117,0.0
email-Eu-core,down_pfix,2,2.0,2.0,32128,1707330,0.018817686094662427,,13748189,64215282,1,0,986,16064,8,0.41585277609990806,0.584910358565737,0.08901633415273165,0.06137948207171315,-0.04119386249113461,0.044280336460975754,0.08547419895211036,-0.22802287325435114,0.17282915543328117,0.8219258207745425,0.3838703967355045,0.016978882466887724,0.37601115760111575,0.4465932089048797,0.9058553142927899,-0.4574855365060255,0.23790246244134633,0.238991265600249,28.338548318433375,2.2826934613077383,0.9898893146019583,0.8029394121175765,123.25,0.2748478701825558,0.2720588235294117,0.0
email-Eu-core,neutral_pfix,1,0.0,0.0,0,0,,,52859278,88109182,0,0,986,16064,8,0.41585277609990806,0.584910358565737,0.09471324878169804,0.06137948207171315,0.03400028641615006,0.07549264876885511,0.04149236235270505,0.17688355006797415,0.7058129881048056,0.27133059978042706,2.1130545325546457,0.016978882466887724,0.610192423331329,0.2771993200169996,1.4700256581275446,-0.02574336808308948,0.26739242877040204,0.40705044751953817,19.501702852277564,19.967756448710258,0.9822264793529162,0.9818536292741452,123.25,0.2748478701825558,0.2720588235294117,0.0
email-Eu-core,neutral_pfix,1,0.01,0.01,161,989,0.16279069767441862,0.16279069767441862,52721500,88081973,0,0,986,16064,8,0.41585277609990806,0.584910358565737,0.0947256317441503,0.06137948207171315,0.03364802980457173,0.07534643069826222,0.041698400893690486,0.1750280820530357,0.7039377565100007,0.27358428378181326,2.1009567359354318,0.016978882466887724,0.6080288678394227,0.27876341230213536,1.4648133972664195,-0.02623501124978139,0.2636019120769158,0.39737321635709283,19.275542784163473,19.61382723455309,0.9815879097488293,0.9784043191361728,123.25,0.2748478701825558,0.2720588235294117,0.0
email-Eu-core,neutral_pfix,1,0.02,0.02,321,1987,0.16155007549068948,0.16032064128256512,52612205,87991608,0,0,986,16064,8,0.41585277609990806,0.584910358565737,0.09463907344213286,0.06137948207171315,0.03348314738703893,0.07527798971468971,0.04179484232765078,0.1743297065083554,0.7031643240317453,0.2744941832195502,2.0954795185245825,0.016978882466887724,0.6062791047018177,0.2797916445200383,1.4605980110872823,-0.027867828874762655,0.25956292004164916,0.3877313626935497,19.00138356747552,19.28344331133773,0.980630055342699,0.9769046190761848,123.25,0.2748478701825558,0.2720588235294117,0.0
email-Eu-core,neutral_pfix,1,0.05,0.05,803,4869,0.1649209283220374,0.16724496877168632,52248689,87731254,0,0,986,16064,8,0.41585277609990806,0.584910358565737,0.09456266988457293,0.06137948207171314,0.03285158732785348,0.07501583567617823,0.042164248348324745,0.17117969068292502,0.7000579928714129,0.277803299493358,2.0749508205263,0.016978882466887724,0.603060306030603,0.2817620770376676,1.4528435447024004,-0.03257220114206029,0.2501107152033103,0.3649232153228627,18.399318859088975,18.454559088182364,0.979565772669221,0.9712057588482303,123.25,0.2748478701825558,0.2720588235294117,0.0
email-Eu-core,neutral_pfix,1,0.1,0.1,1606,9406,0.17074207952370826,0.176989199911836,51829746,87449160,0,0,986,16064,8,0.41585277609990806,0.584910358565737,0.09438985263406773,0.06137948207171315,0.03169168638092064,0.07453437280801661,0.042842686427095975,0.16543814263460618,0.6947092621705544,0.28319444667899113,2.0504053538041647,0.016978882466887724,0.5975957926371149,0.2860027633117228,1.4396788861611598,-0.037669396462167035,0.2381458668577842,0.33961343894364965,17.61547467007237,17.43596280743851,0.9770114942528736,0.9664067186562687,123.25,0.2748478701825558,0.2720588235294117,0.0
email-Eu-core,neutral_pfix,1,0.15,0.15,2410,14011,0.17200770822924843,0.1745928338762215,51117423,86990641,0,0,986,16064,8,0.41585277609990806,0.584910358565737,0.09438646509691777,0.06137948207171315,0.03018717345450831,0.0739098650768589,0.04372269162235059,0.1575898829315648,0.6878103466152236,0.2903844917478829,2.00791827145879,0.016978882466887724,0.5910931174089069,0.2901543374135178,1.4240131730738872,-0.04595443939459416,0.22953543562629308,0.3231196130083423,17.221157939548743,16.46370725854829,0.9754150702426565,0.9634073185362927,123.25,0.2748478701825558,0.2720588235294117,0.0
email-Eu-core,neutral_pfix,1,0.2,0.2,3213,18733,0.17151550739337,0.17005506141465482,50542020,86638093,0,0,986,16064,8,0.41585277609990806,0.584910358565737,0.09428569182196364,0.06137948207171314,0.029175486681117115,0.07348992437684818,0.04431443769573106,0.15247123618533917,0.6829511731753266,0.2953387611111239,1.9730589267200773,0.016978882466887724,0.5861294188136609,0.2934597358329783,1.412055036566084,-0.05232467773965996,0.22338947411123583,0.317507124695298,16.91166453810132,15.809238152369526,0.9758407833120477,0.9635572885422915,123.25,0.2748478701825558,0.2720588235294117,0.0
email-Eu-core,neutral_pfix,1,0.3,0.3,4819,27960,0.17235336194563664,0.17405440554893248,49813325,86107627,0,0,986,16064,8,0.41585277609990806,0.584910358565737,0.09360083724054495,0.06137948207171315,0.027591906448980158,0.07283259662610805,0.045240690177127896,0.14525048112378472,0.6744223233897282,0.30503489819277524,1.9339912276771012,0.016978882466887724,0.5761826593045815,0.2997970735875254,1.3880921174368321,-0.06190974091957792,0.21403615231707482,0.30483764920160394,16.38888888888889,14.886172765446911,0.9749893571732652,0.9605578884223155,123.25,0.2748478701825558,0.2720588235294117,0.0
email-Eu-core,neutral_pfix,1,0.4,0.4,6426,37178,0.17284415514551615,0.17433282707745715,49092397,85688888,0,0,986,16064,8,0.41585277609990806,0.584910358565737,0.09373989800154299,0.06137948207171315,0.02644604115346988,0.07235695981146273,0.04591091865799285,0.13901184164414665,0.6684967205154116,0.3117127213126979,1.8902628925274065,0.016978882466887724,0.5691734921816828,0.30441758476842445,1.3712062055198788,-0.06947599355574241,0.20920356046571378,0.2982687336002798,16.178480204342275,14.3251349730054,0.9737122179650916,0.9598080383923215,123.25,0.2748478701825558,0.2720588235294117,0.0
email-Eu-core,neutral_pfix,1,0.5,0.5,8032,46541,0.17257901635117423,0.17152622022855923,48792279,85591779,0,0,986,16064,8,0.41585277609990806,0.584910358565737,0.09354451063232125,0.06137948207171315,0.02494649932043791,0.0717345155296738,0.046788016209235894,0.13140349229807635,0.66339540999846,0.3177013224430465,1.8683429721914422,0.016978882466887724,0.564900267936886,0.30740423710678366,1.3609115033200563,-0.07123066944512765,0.2067365552866087,0.29308149011823426,16.0267134951043,14.10122975404919,0.9769050659855257,0.9559088182363528,123.25,0.2748478701825558,0.2720588235294117,0.0
email-Eu-core,neutral_pfix,1,1.0,1.0,16064,91377,0.17579916171465468,0.17914176108484253,46801397,84482350,0,0,986,16064,8,0.41585277609990806,0.584910358565737,0.09350569131058939,0.06137948207171315,0.023643463923787078,0.07119363903410186,0.047550175110314785,0.12459157119112417,0.6487385153875994,0.33527529008885326,1.7501866046742929,0.016978882466887724,0.5435168738898757,0.3218736570691878,1.3093963800490345,-0.0912770947742406,0.19918594745169096,0.28236627301137157,15.945828011919966,12.875374925014997,0.9762664963814389,0.9506598680263947,123.25,0.2748478701825558,0.2720588235294117,0.0
email-Eu-core,neutral_pfix,1,1.5,1.5,24096,135556,0.1777567942400189,0.18180583535163766,46638318,84317095,0,0,986,16064,8,0.41585277609990806,0.584910358565737,0.09305769002995239,0.06137948207171315,0.021029559445060617,0.07010863436128388,0.049079074916223264,0.11135084342291293,0.6461708775741659,0.3392101991479099,1.7441888203770048,0.016978882466887724,0.536105356614383,0.3272082527401676,1.2915411590662038,-0.09426311011885707,0.19737055617909158,0.28557437382495976,15.84472115793955,12.695710857828434,0.9792464878671775,0.9536592681463707,123.25,0.2748478701825558,0.2720588235294117,0.0
email-Eu-core,neutral_pfix,1,2.0,2.0,32128,179627,0.17885952557243623,0.18225136711215992,46163774,84230327,0,0,986,16064,8,0.41585277609990806,0.584910358565737,0.09294134256456159,0.06137948207171315,0.019862687054461044,0.06962427771907036,0.04976159066460931,0.10530395013105943,0.6375600438660671,0.34919291684447273,1.7088548320357084,0.016978882466887724,0.5258863670078623,0.33497801136973077,1.2669224054610526,-0.09583093305566188,0.19793596435477545,0.2826467266822882,16.0338441890166,12.529544091181764,0.9783950617283951,0.9506598680263947,123.25,0.2748478701825558,0.2720588235294117,0.0
email-Eu-core,neutral_pfix,1,2.0,2.0,32128,179627,0.17885952557243623,,46163774,84230327,1,0,986,16064,8,0.41585277609990806,0.584910358565737,0.09294134256456159,0.06137948207171315,0.019862687054461044,0.06962427771907036,0.04976159066460931,0.10530395013105943,0.6375600438660671,0.34919291684447273,1.7088548320357084,0.016978882466887724,0.5258863670078623,0.33497801136973077,1.2669224054610526,-0.09583093305566188,0.19793596435477545,0.2826467266822882,16.0338441890166,12.529544091181764,0.9783950617283951,0.9506598680263947,123.25,0.2748478701825558,0.2720588235294117,0.0
email-Eu-core,neutral_pfix,2,0.0,0.0,0,0,,,52859278,88109182,0,0,986,16064,8,0.41585277609990806,0.584910358565737,0.09471324878169804,0.06137948207171315,0.03400028641615006,0.07549264876885511,0.04149236235270505,0.17688355006797415,0.7058129881048056,0.27133059978042706,2.1130545325546457,0.016978882466887724,0.610192423331329,0.2771993200169996,1.4700256581275446,-0.02574336808308948,0.26739242877040204,0.40705044751953817,19.501702852277564,19.967756448710258,0.9822264793529162,0.9818536292741452,123.25,0.2748478701825558,0.2720588235294117,0.0
email-Eu-core,neutral_pfix,2,0.01,0.01,161,860,0.1872093023255814,0.1872093023255814,52792516,88077517,0,0,986,16064,8,0.41585277609990806,0.584910358565737,0.09470454263886258,0.06137948207171315,0.033814584576918306,0.07541556585899473,0.04160098128207642,0.17593362431342088,0.7046317109502748,0.2727747075106052,2.1082865739928893,0.016978882466887724,0.6088067327923053,0.2781083953241233,1.4666873658631663,-0.02631552732721076,0.26403801165636703,0.39938967243215745,19.266283524904214,19.704259148170365,0.9826521924223074,0.9794541091781643,123.25,0.2748478701825558,0.2720588235294117,0.0
email-Eu-core,neutral_pfix,2,0.02,0.02,321,1889,0.16993118051879302,0.1554907677356657,52475940,87938964,0,0,986,16064,8,0.41585277609990806,0.584910358565737,0.0947060193441662,0.06137948207171314,0.03348849687538881,0.07528021023189073,0.04179171335650192,0.17423430849595667,0.7020576567955885,0.27524105651411224,2.0851239554704875,0.016978882466887724,0.6068478750563148,0.27931951089845825,1.4619682460864787,-0.028819060557930872,0.25964912577247096,0.38724147343183907,19.06939123031077,19.202909418116377,0.9814814814814815,0.9770545890821836,123.25,0.2748478701825558,0.2720588235294117,0.0
email-Eu-core,neutral_pfix,2,0.05,0.05,803,4788,0.1677109440267335,0.1662642290444981,52253080,87901029,0,0,986,16064,8,0.41585277609990806,0.584910358565737,0.09457769622684527,0.06137948207171315,0.032915563612009494,0.07504239156902884,0.042126827957019344,0.17148580206023423,0.6977216705445629,0.2802445417685301,2.0654979280586434,0.016978882466887724,0.6014699265036748,0.28285623071192934,1.4490121324767593,-0.02950451329520383,0.2508105029005693,0.36876147727339026,18.493401447424436,18.44616076784643,0.9805236270753512,0.9725554889022195,123.25,0.2748478701825558,0.2720588235294117,0.0
email-Eu-core,neutral_pfix,2,0.1,0.1,1606,9498,0.16908822910086335,0.17048832271762207,51769372,87579237,0,0,986,16064,8,0.41585277609990806,0.584910358565737,0.09428696494078498,0.06137948207171315,0.031557294221597094,0.07447858801479142,0.04292129379319432,0.16491634721993792,0.6926444612099292,0.28589933354325303,2.0371247717406127,0.016978882466887724,0.5966726618705036,0.2860945485519591,1.437454955052155,-0.035319017242284714,0.2389191829725088,0.34138195405996175,17.775542784163473,17.34763047390522,0.9774372073222648,0.9683563287342531,123.25,0.2748478701825558,0.2720588235294117,0.0
email-Eu-core,neutral_pfix,2,0.15,0.15,2410,14232,0.16933670601461495,0.16983523447401774,51197254,87247810,0,0,986,16064,8,0.41585277609990806,0.584910358565737,0.09422133912005803,0.06137948207171315,0.030799314385859748,0.0741639584365608,0.043364644050701055,0.16106730079223433,0.688162766552692,0.2909613080576733,2.001161402097702,0.016978882466887724,0.5902154398563735,0.2902985074626866,1.4218987441290916,-0.04130761733075515,0.23130011764546796,0.32375463127970283,17.38314176245211,16.54859028194361,0.9757343550446999,0.9640071985602879,123.25,0.2748478701825558,0.2720588235294117,0.0
email-Eu-core,neutral_pfix,2,0.2,0.2,3213,19081,0.16838740107960798,0.1656011548772943,50888108,87089772,0,0,986,16064,8,0.41585277609990806,0.584910358565737,0.0942659739821717,0.06137948207171315,0.030006996385244483,0.07383507544178351,0.04382807905653903,0.15684951169587066,0.6845044943757098,0.2951811617242324,1.9807751915384684,0.016978882466887724,0.5849790544584081,0.29402985074626864,1.4092836728884026,-0.04416322770885275,0.2255040499790402,0.3156524006714109,17.00106428267348,16.058488302339534,0.9760536398467433,0.9611577684463107,123.25,0.2748478701825558,0.2720588235294117,0.0
email-Eu-core,neutral_pfix,2,0.3,0.3,4819,28165,0.17109888159062667,0.17679436371642449,50191206,86693134,0,0,986,16064,8,0.41585277609990806,0.584910358565737,0.0942422841114418,0.06137948207171315,0.02740103711195576,0.0727533687414418,0.045352331629486035,0.14326391059621071,0.6761642243709624,0.3054361509562711,1.9375782196564069,0.016978882466887724,0.5720041784808237,0.30278756808715157,1.3780256633347259,-0.05133013433351169,0.21759847737015053,0.2950360014926036,16.54459344401873,15.29889022195561,0.9744572158365262,0.9539592081583683,123.25,0.2748478701825558,0.2720588235294117,0.0
email-Eu-core,neutral_pfix,2,0.4,0.4,6426,37471,0.17149262096020923,0.1726842897055663,49867840,86506708,0,0,986,16064,8,0.41585277609990806,0.584910358565737,0.09384226445505871,0.06137948207171315,0.026509521045257507,0.07238330965698313,0.04587378861172562,0.13919351642812677,0.6712655233959594,0.31030839649439207,1.9178998586978178,0.016978882466887724,0.5678624813153961,0.30605931299338596,1.368047825412496,-0.054698691391606435,0.21249966193831052,0.28874278808307186,16.263729246487866,14.789892021595682,0.9744572158365262,0.9583083383323335,123.25,0.2748478701825558,0.2720588235294117,0.0
email-Eu-core,neutral_pfix,2,0.5,0.5,8032,46430,0.1729916002584536,0.17926107824533988,49198228,86077690,0,0,986,16064,8,0.41585277609990806,0.584910358565737,0.09358801798440662,0.06137948207171315,0.024679116285336318,0.07162352760150788,0.04694441131617156,0.12993464333937313,0.6647490425286591,0.31614198392760784,1.8798028376806597,0.016978882466887724,0.5640489698417438,0.3085628870382234,1.3588606256055447,-0.06245067669381635,0.20870407431948185,0.2866236269714714,16.103767560664114,14.341781643671267,0.9760536398467433,0.9527594481103779,123.25,0.2748478701825558,0.2720588235294117,0.0
email-Eu-core,neutral_pfix,2,1.0,1.0,16064,91331,0.17588770516035082,0.1788824302354068,47467673,84747501,0,0,986,16064,8,0.41585277609990806,0.584910358565737,0.09324419190173001,0.06137948207171315,0.02198471509704035,0.07050510957837805,0.0485203944813377,0.11617552843190422,0.6546655148536066,0.328988081694006,1.79420250581728,0.016978882466887724,0.5460223048327137,0.32080522539886497,1.3154322592730523,-0.08648604485356985,0.1984253086503225,0.28942942519919357,15.668263090676884,13.131523695260947,0.9779693486590039,0.9604079184163168,123.25,0.2748478701825558,0.2720588235294117,0.0
email-Eu-core,neutral_pfix,2,1.5,1.5,24096,136378,0.1766853891390107,0.17830266166448377,46706162,84509552,0,0,986,16064,8,0.41585277609990806,0.584910358565737,0.09332929149727227,0.06137948207171315,0.019773545736231538,0.0695872760812495,0.04981373034501796,0.10439559839252224,0.6482121599307213,0.33883211384543016,1.7409682523825378,0.016978882466887724,0.5335415737022162,0.3298362059736645,1.2853647030522497,-0.09078557809151215,0.19805259563765193,0.28620921210759875,15.89463601532567,12.746400719856029,0.9794593444018731,0.9535092981403719,123.25,0.2748478701825558,0.2720588235294117,0.0
email-Eu-core,neutral_pfix,2,2.0,2.0,32128,180821,0.17767847761045455,0.1807258735908917,46434540,84485624,0,0,986,16064,8,0.41585277609990806,0.584910358565737,0.0931516744105683,0.06137948207171314,0.01764934443734964,0.06870554212576241,0.05105619768841277,0.09335842515693114,0.6402122752333314,0.3471068956706743,1.7195766177156733,0.016978882466887724,0.5310232489264031,0.33100633659112877,1.2792977610608487,-0.0912179364175295,0.19837713485956918,0.28306910920829154,16.039165602383992,12.600329934013198,0.979565772669221,0.9494601079784043,123.25,0.2748478701825558,0.2720588235294117,0.0
email-Eu-core,neutral_pfix,2,2.0,2.0,32128,180821,0.17767847761045455,,46434540,84485624,1,0,986,16064,8,0.41585277609990806,0.584910358565737,0.0931516744105683,0.06137948207171314,0.01764934443734964,0.06870554212576241,0.05105619768841277,0.09335842515693114,0.6402122752333314,0.3471068956706743,1.7195766177156733,0.016978882466887724,0.5310232489264031,0.33100633659112877,1.2792977610608487,-0.0912179364175295,0.19837713485956918,0.28306910920829154,16.039165602383992,12.600329934013198,0.979565772669221,0.9494601079784043,123.25,0.2748478701825558,0.2720588235294117,0.0
ca-HepTh,up,1,0.0,0.0,0,0,,,1395798,4907163,0,0,8638,24806,47,0.7618818232012058,0.7991211803595905,0.2816048208693767,0.3482222043054099,0.1736473032809125,0.3831042696222199,0.2094569663413074,0.2470593830248225,0.6870721548963393,0.3113662627073198,1.5813393919743293,0.055035628674645065,0.2856234770632482,0.14882540508882672,1.4218695508791763,0.23891531080420653,0.281129264921973,0.48156415202616737,3.802149018816526,1.6530202689143088,0.887907985673208,0.8101545253863135,183.7872340425532,0.06691363741606854,0.38671776859300566,0.0
ca-HepTh,up,1,0.01,0.01,248,299,0.8294314381270903,0.8294314381270903,1466070,4899195,0,0,8638,24806,47,0.7456760665294327,0.7829154236878174,0.28172520630245423,0.34822220430540995,0.1617116030975606,0.3833272991486078,0.2216156960510472,0.23663957977080227,0.6739134575486806,0.32368243088670495,1.5401072708897168,0.055035628674645065,0.3027581105357709,0.16424428077950856,1.3946550956268025,0.23627898914508522,0.2635769695054086,0.45225502713225174,3.6311724422017404,1.4607242339832869,0.8770918078368776,0.7262766945218199,183.7872340425532,0.06691363741606854,0.38671776859300566,0.0
ca-HepTh,up,1,0.02,0.02,496,599,0.8280467445742905,0.8266666666666667,1527968,4889576,0,0,8638,24806,47,0.7290671815822426,0.7663065387406273,0.28163346073325113,0.34822220430540995,0.15187677971897778,0.3837148146428652,0.23183803492388744,0.22820842540010614,0.6627778106033737,0.33436112941172114,1.4904697311173725,0.055035628674645065,0.3193463363205061,0.18066705828601265,1.3665180643033419,0.23309641157993854,0.2470939518556004,0.4246145263347634,3.4676732074280605,1.3055028462998102,0.8673786101320428,0.6558564774883561,183.7872340425532,0.06691363741606854,0.38671776859300566,0.0
ca-HepTh,up,1,0.05,0.05,1240,1516,0.8179419525065963,0.8113413304252999,1720220,4865364,0,0,8638,24806,47,0.6813771066003834,0.7186164637587681,0.281794646478673,0.34822220430540995,0.12824458288718898,0.384308118541989,0.2560635356548,0.20464644948876493,0.6383590643974209,0.3575969246813434,1.3968248023403078,0.055035628674645065,0.3674818935656555,0.22769814778454087,1.305982213723446,0.2250855405946663,0.20558378194803578,0.3545374323889476,3.0552002692696063,0.9567335243553009,0.8355772467182767,0.4998567335243553,183.7872340425532,0.06691363741606854,0.38671776859300566,0.0
ca-HepTh,up,1,0.1,0.1,2481,3073,0.8073543768304589,0.7970456005138086,2034349,4850247,0,0,8638,24806,47,0.6061936832350685,0.6434330403934532,0.28199450059421766,0.34822220430540995,0.10500482646424547,0.38566345602177904,0.28065862955753357,0.17835728415151492,0.6117821956422964,0.3836440781725977,1.3036793930311648,0.055035628674645065,0.43754573011393333,0.30572872235711007,1.2271067700628864,0.2200838746156328,0.1489624979404634,0.25705486378700837,2.427416828519516,0.6282645562464669,0.7754526658730656,0.3509327303561334,183.7872340425532,0.06691363741606854,0.38671776859300566,0.0
ca-HepTh,up,1,0.15,0.15,3721,4737,0.7855182605024277,0.7451923076923077,2338792,4816295,0,0,8638,24806,47,0.5364121787603446,0.5736515359187293,0.2818780199594653,0.34822220430540995,0.09363684703247571,0.38814413021911887,0.29450728318664315,0.16428276403034572,0.5994902073457133,0.3943739547928297,1.2701671266869834,0.055035628674645065,0.5090777051561365,0.37377200501087887,1.1940413723622467,0.20885039156210725,0.10651418810546172,0.1875292354356518,1.901194659170766,0.4371217851739788,0.7042164441321153,0.26068456883509833,183.7872340425532,0.06691363741606854,0.38671776859300566,0.0
ca-HepTh,up,1,0.2,0.2,4961,6448,0.7693858560794045,0.7247223845704267,2628476,4796835,0,0,8638,24806,47,0.47400792172575623,0.5112472788841409,0.28260905078240506,0.34822220430540995,0.09164972191804277,0.39301625528236517,0.3013665333643224,0.16210827486890336,0.5970444917839217,0.39713122368860365,1.2679865597090778,0.055035628674645065,0.5723575557390587,0.43517661066278607,1.1710575327996608,0.20241178469884122,0.07494023140784876,0.13544271264247482,1.4535562214161803,0.3177994061365886,0.6270304368396152,0.20447047179148795,183.7872340425532,0.06691363741606854,0.38671776859300566,0.0
ca-HepTh,up,1,0.3,0.3,7442,10128,0.7347946287519748,0.6741847826086956,3163424,4807208,0,0,8638,24806,47,0.3637120255716,0.4009513827299847,0.28507653166666597,0.34822220430540995,0.08707682263757488,0.40038545450271557,0.3133086318651407,0.14969869004329558,0.5938098233827406,0.4002327372657573,1.2880784125710825,0.055035628674645065,0.6792181069958848,0.5473949357019754,1.1338280189865355,0.2058438334651649,0.03802997340255618,0.07196727665103557,0.8519002614116228,0.19091520861372813,0.48391313090689725,0.13654104979811574,183.7872340425532,0.06691363741606854,0.38671776859300566,0.0
ca-HepTh,up,1,0.4,0.4,9922,14417,0.688215301380315,0.578223362089065,3653666,4870415,0,0,8638,24806,47,0.27159721463876113,0.30883657179714585,0.28832706372790423,0.34822220430540995,0.09194206300553259,0.4117691957683567,0.3198271327628241,0.1473274159423943,0.5999081142138266,0.3957445742638564,1.3417630214460918,0.055035628674645065,0.7639745170571312,0.6441554995356242,1.1053456908789265,0.22675673295162196,0.02050794056429621,0.036788817213934226,0.4947134838793891,0.13467483231262758,0.3416003132750294,0.10224555263925343,183.7872340425532,0.06691363741606854,0.38671776859300566,0.0
ca-HepTh,up,1,0.5,0.5,12403,19014,0.6523088250762596,0.5396998042201435,4097004,4951383,0,0,8638,24806,47,0.19778442740986524,0.23502378456824963,0.29273954159797955,0.34822220430540995,0.10474707425548752,0.42835122474692133,0.3236041504914338,0.1517191450421709,0.6142143529137826,0.38359675777148494,1.4732610456294906,0.055035628674645065,0.8314386109962795,0.7224719101123596,1.0868816496824256,0.25354610193954175,0.012750632992262867,0.018632722718183618,0.28747855917667237,0.11150927487352445,0.22847341337907376,0.08800590219224283,183.7872340425532,0.06691363741606854,0.38671776859300566,0.0
ca-HepTh,up,1,1.0,1.0,24806,53316,0.46526371070597944,0.36158241501953237,5602953,5676808,0,0,8638,24806,47,0.006056619621426833,0.04329597677981133,0.31961497627274643,0.34822220430540995,0.2642830252755026,0.6010628378552861,0.3367798125797835,0.16828860862050832,0.7411906183292577,0.2649924663082886,3.433262568932161,0.055035628674645065,0.9844524560612888,0.9412429378531073,1.029004197920796,0.49356287397370024,0.012286606791595073,0.00243354876689361,0.04283054003724395,0.15203101297825722,0.0335195530726257,0.10563795718860611,183.7872340425532,0.06691363741606854,0.38671776859300566,0.0
ca-HepTh,up,1,1.5,1.5,37209,117649,0.31627128152385486,0.1927937450453111,6336033,6341418,0,0,8638,24806,47,-0.03050711495891664,0.00673224219946787,0.3454289756197491,0.34822220430540995,0.5899990551011213,0.9342492428701333,0.34425018776901206,0.1396707889761106,0.8738381024387363,0.13145922935572907,7.9748976219393555,0.055035628674645065,0.9993686868686869,0.990406253701291,1.0061422803873796,0.7134581724009974,0.023614898603550136,0.0024397759051706623,0.03592814371257485,0.28479240228905395,0.005988023952095809,0.1445675555014408,183.7872340425532,0.06691363741606854,0.38671776859300566,0.0
ca-HepTh,up,1,2.0,2.0,49612,235211,0.21092550943620833,0.1055017777853388,6722353,6723030,0,0,8638,24806,47,-0.03590903384950763,0.0013303233088768846,0.36249554343168755,0.34822220430540995,0.8839136623394526,1.2309599756968177,0.3470463133573651,0.08887849805646546,0.9179850007767498,0.0838070284241519,13.227201900196173,0.055035628674645065,0.9998608598859051,0.998183778875078,1.0011927699644678,0.8397197161987702,0.04060229255843199,0.0037894460324355782,0.030303030303030304,0.4873854599765874,0.030303030303030304,0.175190731845154,183.7872340425532,0.06691363741606854,0.38671776859300566,0.0
ca-HepTh,up,1,2.5,2.5,62015,484750,0.12793192367199588,0.04970365353712245,6938832,6938837,0,0,8638,24806,47,-0.037118418675759345,0.00012093848262517133,0.37258605170963077,0.34822220430540995,1.3186039323200152,1.6666666666666667,0.34806273434665164,0.03891739557393772,0.9792162238438898,0.02078377615611015,167.85466274241017,0.055035628674645065,1.0,0.9998349744210353,1.0001209531105109,0.9111224105122767,0.06429789137079392,0.005674016471047307,0.0,0.7709551263960005,0.0,0.21783655202999638,183.7872340425532,0.06691363741606854,0.38671776859300566,0.0
ca-HepTh,up,1,3.0,3.0,74418,1297116,0.0573718927220079,0.015267748773336157,7063787,7063787,0,0,8638,24806,47,-0.037239357158384515,0.0,0.37975948802626563,0.34822220430540995,nan,nan,nan,nan,nan,nan,nan,0.055035628674645065,1.0,1.0,nan,0.9524638250839664,0.1064839255271573,0.009839290219820529,nan,nan,nan,nan,183.7872340425532,0.06691363741606854,0.38671776859300566,0.0
ca-HepTh,up,1,3.082,3.082,76452,1650000,0.046334545454545455,0.005763933757268677,7078308,7078308,1,1,8638,24806,47,-0.037239357158384515,0.0,0.38080724810318883,0.34822220430540995,nan,nan,nan,nan,nan,nan,nan,0.055035628674645065,1.0,1.0,nan,0.9572682963204252,0.11840738137909931,0.011233536821306263,nan,nan,nan,nan,183.7872340425532,0.06691363741606854,0.38671776859300566,0.0
ca-HepTh,up,2,0.0,0.0,0,0,,,1395798,4907163,0,0,8638,24806,47,0.7618818232012058,0.7991211803595905,0.2816048208693767,0.3482222043054099,0.1736473032809125,0.3831042696222199,0.2094569663413074,0.2470593830248225,0.6870721548963393,0.3113662627073198,1.5813393919743293,0.055035628674645065,0.2856234770632482,0.14882540508882672,1.4218695508791763,0.23891531080420653,0.281129264921973,0.48156415202616737,3.802149018816526,1.6530202689143088,0.887907985673208,0.8101545253863135,183.7872340425532,0.06691363741606854,0.38671776859300566,0.0
ca-HepTh,up,2,0.01,0.01,248,294,0.8435374149659864,0.8435374149659864,1457178,4897332,0,0,8638,24806,47,0.7448698099785983,0.782109167136983,0.2817562677815176,0.34822220430540995,0.15921313832176306,0.38291328761707366,0.2237001492953106,0.23326978266773243,0.6715084209636428,0.32616558336612633,1.5204184770385016,0.055035628674645065,0.3018389346861129,0.1661235662148071,1.3852759692550816,0.23566259014270782,0.26500939821181785,0.45371659640461437,3.6537807329519096,1.4664199814986123,0.8794392041647338,0.7285846438482886,183.7872340425532,0.06691363741606854,0.38671776859300566,0.0
ca-HepTh,up,2,0.02,0.02,496,593,0.836424957841484,0.8294314381270903,1522319,4888567,0,0,8638,24806,47,0.7280190480661578,0.7652584052245425,0.28154153482073807,0.34822220430540995,0.15133444825178605,0.38374669403249817,0.23241224578071212,0.22782134076869182,0.6609622170777474,0.3361314070710284,1.474271999163934,0.055035628674645065,0.31920278392913637,0.18247079553612217,1.3598049558897747,0.23276257014494176,0.24832463003998023,0.42639295336072514,3.491334351788442,1.300875837197321,0.8679344676816099,0.6585952258286106,183.7872340425532,0.06691363741606854,0.38671776859300566,0.0
ca-HepTh,up,2,0.05,0.05,1240,1504,0.824468085106383,0.8166849615806806,1728881,4865274,0,0,8638,24806,47,0.6793614652232972,0.7166008223816819,0.28175666546030265,0.34822220430540995,0.13028897144352547,0.38514599166524166,0.2548570202217162,0.20838737340445135,0.63820215102947,0.35803263914584915,1.3938413434531094,0.055035628674645065,0.36970205623164076,0.22954039544323687,1.304527625445531,0.22505576286508291,0.20595702041379033,0.35486630196951013,3.0679005400540054,0.9553342816500712,0.83494599459946,0.5099573257467994,183.7872340425532,0.06691363741606854,0.38671776859300566,0.0
ca-HepTh,up,2,0.1,0.1,2481,3092,0.8023932729624839,0.7814861460957179,2057916,4846193,0,0,8638,24806,47,0.6039764777202737,0.6412158348786584,0.28195952217856185,0.34822220430540995,0.11005951656760882,0.38770981607077803,0.2776502995031692,0.18722316726464538,0.6149642562978849,0.3806563384321089,1.3190543755439836,0.055035628674645065,0.443204339209346,0.3056048360601879,1.2352951503850604,0.21874255332972928,0.147973920382519,0.258960655922268,2.4208474789387653,0.6180898876404495,0.7687665032063372,0.3544943820224719,183.7872340425532,0.06691363741606854,0.38671776859300566,0.0
ca-HepTh,up,2,0.15,0.15,3721,4705,0.7908607863974495,0.768753874767514,2359836,4831869,0,0,8638,24806,47,0.5356059222095102,0.5728452793678949,0.2825396860043449,0.34822220430540995,0.09779492668150241,0.38999576889128434,0.29220084220978193,0.1712174961237119,0.6026804360202315,0.39317290140955824,1.2802054934139495,0.055035628674645065,0.5102569415665147,0.3742246271611456,1.1945482911003173,0.21400326223469232,0.10528350992108192,0.18928830876847663,1.887051372273047,0.42431106077765196,0.7016185784658691,0.2587768969422424,183.7872340425532,0.06691363741606854,0.38671776859300566,0.0
ca-HepTh,up,2,0.2,0.2,4961,6432,0.7712997512437811,0.7180081065431384,2668532,4820363,0,0,8638,24806,47,0.4719116546935866,0.5091510118519713,0.2831447177476459,0.34822220430540995,0.0939938524764552,0.3943589916856131,0.3003651392091579,0.16595419759861085,0.5985352433248746,0.39663615026588134,1.2863613013720747,0.055035628674645065,0.5760947964966512,0.4360638368319979,1.173670131561755,0.2101963449392792,0.07471830583361634,0.1342391727382577,1.4547110055423595,0.3160315374507227,0.626049089469517,0.20277595269382392,183.7872340425532,0.06691363741606854,0.38671776859300566,0.0
ca-HepTh,up,2,0.3,0.3,7442,10226,0.727752787013495,0.6539272535582499,3196277,4833680,0,0,8638,24806,47,0.36048699936826206,0.3977263565266468,0.28567300453636796,0.34822220430540995,0.08628159161543647,0.40018733285231883,0.31390574123688236,0.14782165500374134,0.592628701168618,0.4025040427945989,1.2890784303087008,0.055035628674645065,0.6799506984387839,0.5520902455209025,1.1289730271400584,0.21460245632664382,0.03854443723373134,0.06848371578185508,0.8624569227650517,0.19772423025435074,0.47253192783296166,0.13862115127175367,183.7872340425532,0.06691363741606854,0.38671776859300566,0.0
ca-HepTh,up,2,0.4,0.4,9922,14359,0.6909951946514381,0.6000483909992741,3668240,4879752,0,0,8638,24806,47,0.26720311643671324,0.30444247359509796,0.2884438433269878,0.34822220430540995,0.09229408274258566,0.4124180481996522,0.32012396545706656,0.14724200834198115,0.5992368371839102,0.39681721279811316,1.325263416908813,0.055035628674645065,0.7680772391125719,0.6487060384870604,1.1042612723673615,0.2298460069640738,0.020316277568368207,0.035356092783201246,0.4904661016949153,0.13550481047872956,0.3307733050847458,0.10206328967196013,183.7872340425532,0.06691363741606854,0.38671776859300566,0.0
ca-HepTh,up,2,0.5,0.5,12403,19054,0.6509394352891781,0.5284345047923322,4084421,4953871,0,0,8638,24806,47,0.19407564727602664,0.23131500443441103,0.2921682168194486,0.34822220430540995,0.10663589785454791,0.4301916189748658,0.3235557211203179,0.15390281527259636,0.6131584029069377,0.38442767489222224,1.4136480201677908,0.055035628674645065,0.833608929309632,0.7271645736946464,1.0844610394616494,0.2543692907306931,0.013154134036321818,0.01884462530804731,0.3063785291042175,0.11296412838263059,0.22847682119205298,0.08915460457310678,183.7872340425532,0.06691363741606854,0.38671776859300566,0.0
ca-HepTh,up,2,1.0,1.0,24806,53340,0.4650543682039745,0.3617511520737327,5569323,5643197,0,0,8638,24806,47,0.004887547622716842,0.04212690478110134,0.31941082790691416,0.34822220430540995,0.26763818835368736,0.604585624182535,0.3369474358288477,0.1683186386786052,0.7421660156796681,0.26174848455985833,3.3156018031022234,0.055035628674645065,0.9859186662160639,0.9422437064473601,1.0292790048464158,0.4824422154289298,0.011600655016694855,0.0024120677088675484,0.04688995215311005,0.14313370649383444,0.03827751196172249,0.10100584992214133,183.7872340425532,0.06691363741606854,0.38671776859300566,0.0
ca-HepTh,up,2,1.5,1.5,37209,115844,0.3211991989226891,0.198435300140791,6313885,6316362,0,0,8638,24806,47,-0.030305550821208015,0.00693380633717649,0.3453853120111404,0.34822220430540995,0.5524968102400668,0.8968881086613645,0.3443912984212977,0.1327397095478266,0.8728241926926483,0.1277906221501385,17.797711831860344,0.055035628674645065,0.9998741188318228,0.9898588542284427,1.0068554595982055,0.7051680524849647,0.023261835189998553,0.0026167092466849147,0.0,0.2808313712754729,0.0,0.1450434359015994,183.7872340425532,0.06691363741606854,0.38671776859300566,0.0
ca-HepTh,up,2,2.0,2.0,49612,234094,0.21193195895665842,0.10488794926004229,6722378,6722538,0,0,8638,24806,47,-0.035828408194424184,0.001410948963960332,0.3620918527592191,0.34822220430540995,0.9557794128914738,1.30265306122449,0.34687364833301615,0.09908045017128922,0.9456674567610743,0.05448191145175522,59.36458711800089,0.055035628674645065,1.0,0.9980107985223075,1.0014129425537928,0.839556931277047,0.040370279458098096,0.00381069564580593,0.0,0.48467966573816157,0.0,0.17572968390456584,183.7872340425532,0.06691363741606854,0.38671776859300566,0.0
ca-HepTh,up,2,2.5,2.5,62015,474713,0.13063682688276917,0.05154622037328723,6939754,6939762,0,0,8638,24806,47,-0.03707810584821762,0.0001612513101668951,0.3725001628661252,0.34822220430540995,1.2769837109910491,1.625,0.3480162890089509,0.04352868009711573,0.9739385936618015,0.026021087009112168,139.90311265220546,0.055035628674645065,1.0,0.9997796264668614,1.0001612773163455,0.9114284593996623,0.06427771631859097,0.005623388754983177,0.0,0.7707442948149342,0.0,0.21457946939762923,183.7872340425532,0.06691363741606854,0.38671776859300566,0.0
ca-HepTh,up,2,3.0,3.0,74418,1275865,0.05832748762604194,0.015481456702348618,7061480,7061480,0,0,8638,24806,47,-0.037239357158384515,0.0,0.379456019416428,0.34822220430540995,nan,nan,nan,nan,nan,nan,nan,0.055035628674645065,1.0,1.0,nan,0.9517005226156439,0.10662515089257793,0.010068953794500339,nan,nan,nan,nan,183.7872340425532,0.06691363741606854,0.38671776859300566,0.0
ca-HepTh,up,2,3.0773,3.0773,76336,1600000,0.04771,0.0059172875499406115,7075767,7075767,1,1,8638,24806,47,-0.037239357158384515,0.0,0.38075755738445094,0.34822220430540995,nan,nan,nan,nan,nan,nan,nan,0.055035628674645065,1.0,1.0,nan,0.9564275717551858,0.11799379280893889,0.011214258694962904,nan,nan,nan,nan,183.7872340425532,0.06691363741606854,0.38671776859300566,0.0
ca-HepTh,down,1,0.0,0.0,0,0,,,1395798,4907163,0,0,8638,24806,47,0.7618818232012058,0.7991211803595905,0.2816048208693767,0.3482222043054099,0.1736473032809125,0.3831042696222199,0.2094569663413074,0.2470593830248225,0.6870721548963393,0.3113662627073198,1.5813393919743293,0.055035628674645065,0.2856234770632482,0.14882540508882672,1.4218695508791763,0.23891531080420653,0.281129264921973,0.48156415202616737,3.802149018816526,1.6530202689143088,0.887907985673208,0.8101545253863135,183.7872340425532,0.06691363741606854,0.38671776859300566,0.0
ca-HepTh,down,1,0.01,0.01,248,1917,0.12936880542514345,0.12936880542514345,1339155,4855908,0,0,8638,24806,47,0.7550286425191127,0.7922679996774974,0.2802314729358094,0.34822220430540995,0.15539124883613412,0.38050193925875186,0.22511069042261775,0.2249559095207212,0.6633790471946174,0.33070845934186943,1.4523045308380786,0.055035628674645065,0.2881087919038583,0.15796344647519583,1.3869254205253463,0.22195689380643177,0.2728776685709674,0.4591085703636108,3.7721976288607335,1.3619250921793131,0.8801709662646924,0.7106539879681739,183.7872340425532,0.06691363741606854,0.38671776859300566,0.0
ca-HepTh,down,1,0.02,0.02,496,3927,0.12630506748153808,0.12338308457711443,1288779,4806219,0,0,8638,24806,47,0.7479335848717693,0.785172942030154,0.278954717892566,0.34822220430540995,0.13917678326063881,0.37812114319099993,0.23894435993036112,0.20490862380895516,0.6426037406612259,0.3477673089746871,1.339146519324568,0.055035628674645065,0.29142617273585897,0.167048504287491,1.3565617640994028,0.20551660930340898,0.2651909736816444,0.4380571995479934,3.742516814704523,1.1210358416213173,0.8723109308415053,0.6200037530493526,183.7872340425532,0.06691363741606854,0.38671776859300566,0.0
ca-HepTh,down,1,0.05,0.05,1240,10394,0.11929959592072349,0.11504561620535024,1157111,4677351,0,0,8638,24806,47,0.7278174839284491,0.7650568410868338,0.27525072765224967,0.34822220430540995,0.09539805458565198,0.37063532460393367,0.2752372700182817,0.14693974979038565,0.5849308736127871,0.396506822949204,1.070369308970807,0.055035628674645065,0.29670786166787827,0.19575673716808328,1.2628921099062094,0.16287887090385303,0.24690228885967241,0.37818505851951395,3.6714616924860364,0.6436170212765957,0.849615344082622,0.4130061770761839,183.7872340425532,0.06691363741606854,0.38671776859300566,0.0
ca-HepTh,down,1,0.1,0.1,2481,21883,0.1133756797514052,0.1080163634781095,974810,4514306,0,0,8638,24806,47,0.6984294326505325,0.7356687898089171,0.2690960074805317,0.34822220430540995,0.03097448226578997,0.3564097266877685,0.3254352444219785,0.05075889857684749,0.5046274197562897,0.46753977581887846,0.7665004909418592,0.055035628674645065,0.30137266953493136,0.24029513427279978,1.1401327498068485,0.10893320512681282,0.22646496097808652,0.30292878835563886,3.590772097101211,0.27787097758121093,0.8192229711217053,0.20969955772456916,183.7872340425532,0.06691363741606854,0.38671776859300566,0.0
ca-HepTh,down,1,0.15,0.15,3721,35618,0.10446965017687686,0.09028030578813251,836417,4415537,0,0,8638,24806,47,0.6750883055038744,0.7123276626622591,0.2644549294947911,0.34822220430540995,-0.021096317323339775,0.34215337739178614,0.3632496947151259,-0.03611136780124997,0.4403061523102926,0.5281233385294931,0.5786664449866776,0.055035628674645065,0.29802604802604804,0.2808786219789024,1.035991332305794,0.07625413209094854,0.21294767600211165,0.2475500200161945,3.53446519524618,0.12275784753363228,0.7913978494623656,0.10327914798206278,183.7872340425532,0.06691363741606854,0.38671776859300566,0.0
ca-HepTh,down,1,0.2,0.2,4961,50143,0.09893704006541292,0.08537005163511188,729268,4352115,0,0,8638,24806,47,0.6552543943533463,0.692493751511731,0.2596371980662923,0.34822220430540995,-0.0663255581649001,0.3278266807352311,0.3941522389001312,-0.11788238171351798,0.384983349026996,0.5823312253578817,0.4533139437996996,0.055035628674645065,0.29167933515759603,0.3179597027913515,0.9485314090088262,0.055270096917153455,0.20394960271959703,0.20597093838634548,3.505763185469787,0.05663345568956476,0.7697054371870998,0.050340849501835344,183.7872340425532,0.06691363741606854,0.38671776859300566,0.0
ca-HepTh,down,1,0.3,0.3,7442,87889,0.08467498776866275,0.06572881894770306,582020,4299881,0,0,8638,24806,47,0.6259066559029715,0.6631460130613561,0.25214825540364777,0.34822220430540995,-0.13605547667280388,0.30239137454333836,0.43844685121614224,-0.25502660414542916,0.2983148632073344,0.6729608449818925,0.30818552083415884,0.055035628674645065,0.27344701583434833,0.3786277918951451,0.8117671942061805,0.03798776439424321,0.19346866310016575,0.15448376244853337,3.4877203647416413,0.019626615605552896,0.734468085106383,0.017472474868358068,183.7872340425532,0.06691363741606854,0.38671776859300566,0.0
ca-HepTh,down,1,0.4,0.4,9922,133621,0.07425479527918516,0.054228986267821216,481418,4309227,0,0,8638,24806,47,0.6133693665374954,0.6506087236958801,0.2479736417203117,0.34822220430540995,-0.18517021382836785,0.2835253469624098,0.4686955607907776,-0.3560258874905165,0.23880946144337836,0.7385050469408728,0.23419622484160585,0.055035628674645065,0.24844530533183812,0.4154164166166567,0.711080448143715,0.04108001617965326,0.18808192416197878,0.12607291004076124,3.4617386455170704,0.00761509172724126,0.7127455232666212,0.006922810661128418,183.7872340425532,0.06691363741606854,0.38671776859300566,0.0
ca-HepTh,down,1,0.5,0.5,12403,191146,0.06488757285007273,0.04312907431551499,407475,4346197,0,0,8638,24806,47,0.6120793560561602,0.6493187132145448,0.24559845744850084,0.34822220430540995,-0.22027665957610115,0.2709753018764612,0.49125196145256234,-0.4279845608857709,0.19580775814299636,0.7890323186645967,0.1915538862694997,0.055035628674645065,0.22043616258830756,0.43526830241372433,0.628594027953277,0.05331204576521052,0.1851464540664499,0.1100216189685518,3.4166511454647046,0.003448672261179446,0.692742285962625,0.003333716519140131,183.7872340425532,0.06691363741606854,0.38671776859300566,0.0
ca-HepTh,down,1,1.0,1.0,24806,706134,0.035129309734413014,0.02408405632752608,174523,4697027,0,0,8638,24806,47,0.6840780660456789,0.7213174232040636,0.25428324110266853,0.34822220430540995,-0.3512258202832691,0.25034168767160203,0.6015675079548711,-0.6192796616709795,0.08504681084398151,0.9200726769086847,0.09988270957101325,0.055035628674645065,0.08920681674731748,0.3964052287581699,0.32010187997019496,0.16938894431811932,0.18859638799315392,0.08173424892311286,3.134633655619516,0.0,0.6326496395238361,0.0,183.7872340425532,0.06691363741606854,0.38671776859300566,0.0
ca-HepTh,down,1,1.4696,1.4696,36454,2000000,0.018227,0.009002477845464677,57924,4955173,1,1,8638,24806,47,0.7836104372461948,0.8208497944045795,0.2764058546183607,0.34822220430540995,-0.5069388031495727,0.25740401349686765,0.7643428166464404,-0.7033132507248945,0.03779764701742741,0.9653754830104364,0.05419419148281097,0.055035628674645065,0.02104144527098831,0.2757859184203689,0.11745141570480107,0.2548000752186671,0.20055010642340038,0.07673980750101567,2.929034475984677,0.00045004500450045,0.5980748453000687,0.00045004500450045,183.7872340425532,0.06691363741606854,0.38671776859300566,0.0
ca-HepTh,down,2,0.0,0.0,0,0,,,1395798,4907163,0,0,8638,24806,47,0.7618818232012058,0.7991211803595905,0.2816048208693767,0.3482222043054099,0.1736473032809125,0.3831042696222199,0.2094569663413074,0.2470593830248225,0.6870721548963393,0.3113662627073198,1.5813393919743293,0.055035628674645065,0.2856234770632482,0.14882540508882672,1.4218695508791763,0.23891531080420653,0.281129264921973,0.48156415202616737,3.802149018816526,1.6530202689143088,0.887907985673208,0.8101545253863135,183.7872340425532,0.06691363741606854,0.38671776859300566,0.0
ca-HepTh,down,2,0.01,0.01,248,2062,0.12027158098933075,0.12027158098933075,1341830,4855289,0,0,8638,24806,47,0.7548270783814041,0.7920664355397887,0.28018316666872284,0.34822220430540995,0.15515363174350497,0.3804838519927839,0.22533022024927893,0.22473101359624356,0.6623912727122601,0.3315239599265806,1.4547876953416334,0.055035628674645065,0.2889333473728546,0.15768502188255273,1.3895464550079546,0.22175208919963005,0.27233294216148785,0.45590580590755053,3.7619096091205213,1.3720434276851492,0.8786644951140065,0.716556804963164,183.7872340425532,0.06691363741606854,0.38671776859300566,0.0
ca-HepTh,down,2,0.02,0.02,496,4429,0.11198916233912846,0.10477397549640896,1293924,4807253,0,0,8638,24806,47,0.7473692052861852,0.7846085624445699,0.27876876184292804,0.34822220430540995,0.13694654966355324,0.3777193185056988,0.24077276884214555,0.20195179966275942,0.639268884810772,0.35068955468939567,1.3415737631917626,0.055035628674645065,0.2925398155909472,0.1671471628882191,1.358177552975676,0.2058587223299566,0.26490852295080314,0.4320891042017876,3.7339053588860915,1.143552311435523,0.8702666598160612,0.6279243870484746,183.7872340425532,0.06691363741606854,0.38671776859300566,0.0
ca-HepTh,down,2,0.05,0.05,1240,10783,0.1149958267643513,0.11709159584513693,1158788,4676879,0,0,8638,24806,47,0.7278981095835326,0.7651374667419173,0.27509073545220614,0.34822220430540995,0.09406410227537554,0.37031433765445204,0.2762502353790765,0.14495211464616334,0.584180472371047,0.396904446547344,1.0730566444832208,0.055035628674645065,0.29967932140271025,0.19347380936653677,1.2759775569371148,0.16272270325537103,0.24631721234578693,0.37542303553882395,3.657481559536354,0.658256093374528,0.8495258166491043,0.4234466186062479,183.7872340425532,0.06691363741606854,0.38671776859300566,0.0
ca-HepTh,down,2,0.1,0.1,2481,23228,0.10681074565179956,0.09971876255524308,989744,4529128,0,0,8638,24806,47,0.6998403816144929,0.7370797387728776,0.26942271879218654,0.34822220430540995,0.03611596327570127,0.3577178228043265,0.32160185952862524,0.05901117369356194,0.5073356214004922,0.46590749492604705,0.783945032455688,0.055035628674645065,0.30222585256279355,0.23727684519051426,1.1494962432800764,0.11383726632554508,0.22579918425538925,0.2987433017926256,3.5725224239772477,0.2808954308494327,0.8149201487639466,0.21067157313707452,183.7872340425532,0.06691363741606854,0.38671776859300566,0.0
ca-HepTh,down,2,0.15,0.15,3721,37022,0.10050780616930474,0.08989415687980282,851778,4421555,0,0,8638,24806,47,0.6753301824691248,0.7125695396275095,0.2644204581462494,0.34822220430540995,-0.017024727388921634,0.3433287790742961,0.36035350646321773,-0.02913836204153055,0.4421962553642041,0.5272218976960067,0.5915341128275624,0.055035628674645065,0.3001115279326777,0.2790604296326039,1.0441187323840115,0.07824526960909528,0.21214067391399374,0.2441813833657015,3.5178207739307537,0.12748948106591865,0.7838311835256846,0.10490883590462834,183.7872340425532,0.06691363741606854,0.38671776859300566,0.0
ca-HepTh,down,2,0.2,0.2,4961,52304,0.09484934230651576,0.08114121188326136,732407,4344360,0,0,8638,24806,47,0.6552947071808881,0.6925340643392728,0.2597203995006279,0.34822220430540995,-0.06012325463077478,0.3297363515653906,0.3898596061961654,-0.10682071817983746,0.38827781956945323,0.5801622628082852,0.45672473159402266,0.055035628674645065,0.2949197050802949,0.31580006709158,0.959194729804877,0.05270424921804619,0.20345531394062483,0.20455651993634144,3.4949647825833865,0.06122984135308771,0.763548518540078,0.05546086272453127,183.7872340425532,0.06691363741606854,0.38671776859300566,0.0
ca-HepTh,down,2,0.3,0.3,7442,89920,0.08276245551601423,0.06595597618034879,582638,4281379,0,0,8638,24806,47,0.6267935381088894,0.664032895267274,0.25169617877285977,0.34822220430540995,-0.13362350113323818,0.3033291035054258,0.436952604638664,-0.2507548836735333,0.30204605486830605,0.6701994340695581,0.3113420081168063,0.055035628674645065,0.274216380182002,0.37691069991954945,0.8162000872083923,0.03186612491920982,0.19282306142967143,0.15546762808105613,3.4734094220495386,0.01571874250059995,0.735429820301117,0.015478761699064075,183.7872340425532,0.06691363741606854,0.38671776859300566,0.0
ca-HepTh,down,2,0.4,0.4,9922,134783,0.07361462498979841,0.0552794061921851,483098,4295070,0,0,8638,24806,47,0.6125227971591192,0.6497621543175038,0.24731583473514737,0.34822220430540995,-0.1862595661496666,0.2829870551193943,0.4692466212690609,-0.359273682916994,0.23986181375408847,0.7391535137842756,0.2351131265278281,0.055035628674645065,0.24984734378180337,0.41608811748998664,0.7133647801394354,0.03639597931617665,0.1871034341301358,0.1290157966566431,3.4490631592008936,0.005985267034990792,0.712433304380196,0.005870165745856353,183.7872340425532,0.06691363741606854,0.38671776859300566,0.0
ca-HepTh,down,2,0.5,0.5,12403,192550,0.06441443780836147,0.0429483961431267,408418,4339976,0,0,8638,24806,47,0.6097008992311985,0.6469402563895832,0.24497418156114023,0.34822220430540995,-0.22256288064774254,0.2696442107267222,0.4922070913744647,-0.4341987884395655,0.19449517114334092,0.7906810618327706,0.19035143805940366,0.055035628674645065,0.2230650948231676,0.4373131353398445,0.6318055197743202,0.05125374292367017,0.18443023971324524,0.11263295438138814,3.4156904287138583,0.0038821648778259877,0.693419740777667,0.003767983557889929,183.7872340425532,0.06691363741606854,0.38671776859300566,0.0
ca-HepTh,down,2,1.0,1.0,24806,691211,0.03588773905507869,0.024872608846490903,178241,4694556,0,0,8638,24806,47,0.678514895844921,0.7157542530033056,0.25470856739755315,0.34822220430540995,-0.351968295916936,0.2481767131133469,0.6001450090302829,-0.6232882626445755,0.08422845246929869,0.9226687279518523,0.09937870814514854,0.055035628674645065,0.09276613667473939,0.4030308968580574,0.32635892587627074,0.1685713802092226,0.18749684764809327,0.08484507224960788,3.1399605744860604,0.0015600624024961,0.6338496198254013,0.0015600624024961,183.7872340425532,0.06691363741606854,0.38671776859300566,0.0
ca-HepTh,down,2,1.4643,1.4643,36324,1900000,0.019117894736842105,0.009528544683977104,60960,4953009,1,1,8638,24806,47,0.7784503953208542,0.8156897524792389,0.2756103736407965,0.34822220430540995,-0.5034057620969106,0.255439363689951,0.7588451257868616,-0.7082064319911286,0.037778323881799046,0.9647315764695668,0.05514798945527052,0.055035628674645065,0.02179228234293611,0.28358984349633093,0.1182369544616958,0.2540840862540161,0.2004593186884871,0.08089158310344036,2.9462291193041414,0.0004374453193350831,0.6095186320055352,0.0004374453193350831,183.7872340425532,0.06691363741606854,0.38671776859300566,0.0
ca-HepTh,neutral,1,0.0,0.0,0,0,,,1395798,4907163,0,0,8638,24806,47,0.7618818232012058,0.7991211803595905,0.2816048208693767,0.3482222043054099,0.1736473032809125,0.3831042696222199,0.2094569663413074,0.2470593830248225,0.6870721548963393,0.3113662627073198,1.5813393919743293,0.055035628674645065,0.2856234770632482,0.14882540508882672,1.4218695508791763,0.23891531080420653,0.281129264921973,0.48156415202616737,3.802149018816526,1.6530202689143088,0.887907985673208,0.8101545253863135,183.7872340425532,0.06691363741606854,0.38671776859300566,0.0
ca-HepTh,neutral,1,0.01,0.01,248,250,0.992,0.992,1454724,4896513,0,0,8638,24806,47,0.7462001332874753,0.7834394904458599,0.28124587580992283,0.34822220430540995,0.1607511917963965,0.38303456431227295,0.22228337251587646,0.2354292399653368,0.6734808262587748,0.32400015180156894,1.5290530593246712,0.055035628674645065,0.3016393442622951,0.16415868673050615,1.3928640308582454,0.23539161280349846,0.2629515428871172,0.4543854135020759,3.6187609344447873,1.4657483246463143,0.8796439230215087,0.7271034996276992,183.7872340425532,0.06691363741606854,0.38671776859300566,0.0
ca-HepTh,neutral,1,0.02,0.02,496,502,0.9880478087649402,0.9841269841269841,1498416,4880090,0,0,8638,24806,47,0.7322115821304971,0.7694509392888818,0.281159006264054,0.34822220430540995,0.1510806598157675,0.38305370851755116,0.23197304870178367,0.22632317073391167,0.6618108340076659,0.3348154633379942,1.478829959339743,0.055035628674645065,0.31561742064747444,0.1779024995105397,1.3689815940865977,0.22995783888184274,0.24760841568677558,0.4291635136496788,3.472258605333473,1.2874628431543975,0.8695971079792529,0.6564084630180101,183.7872340425532,0.06691363741606854,0.38671776859300566,0.0
ca-HepTh,neutral,1,0.05,0.05,1240,1252,0.9904153354632588,0.992,1654943,4848202,0,0,8638,24806,47,0.6889156053506857,0.7261549625090704,0.2810666185844935,0.34822220430540995,0.1266797243952978,0.3829128181817809,0.2562330937864831,0.20098559572594515,0.6340539838946648,0.3605061588041788,1.3742739990671116,0.055035628674645065,0.357510234071586,0.22167681130964068,1.3055202217547126,0.21940725842676442,0.20636052145784928,0.3561082359949698,3.061289069005718,0.9168261445605771,0.8346749569755176,0.49609892536434563,183.7872340425532,0.06691363741606854,0.38671776859300566,0.0
ca-HepTh,neutral,1,0.1,0.1,2481,2505,0.9904191616766467,0.9904229848363927,1874986,4781187,0,0,8638,24806,47,0.6230444451475091,0.6602838023058938,0.2799691317908474,0.34822220430540995,0.09901662194033717,0.3818597546194961,0.28284313267915895,0.1675025428216798,0.6043879554054203,0.38741481821015344,1.2539689140147172,0.055035628674645065,0.42188961646398504,0.287652288442542,1.241888433132267,0.19723443011526537,0.15453081234847693,0.2659088513416421,2.5135234141278464,0.5681737273050907,0.7772147261737591,0.3349946600213599,183.7872340425532,0.06691363741606854,0.38671776859300566,0.0
ca-HepTh,neutral,1,0.15,0.15,3721,3749,0.9925313416911177,0.9967845659163987,2074760,4724129,0,0,8638,24806,47,0.5610836292158796,0.5983229863742643,0.27938287762793046,0.34822220430540995,0.08042325361877667,0.38052637664506533,0.30010312302628867,0.14111987609529214,0.5828138149514509,0.4077791895588977,1.166498338408425,0.055035628674645065,0.4782340228465576,0.35237590297567767,1.1905934535057916,0.17835601128668216,0.11510876034391739,0.1932473799268024,2.0522166823878183,0.37876354877559215,0.7101468804743296,0.23795664391810517,183.7872340425532,0.06691363741606854,0.38671776859300566,0.0
ca-HepTh,neutral,1,0.2,0.2,4961,4995,0.9931931931931932,0.9951845906902087,2248413,4687452,0,0,8638,24806,47,0.5088382047218056,0.5460775618801903,0.27902284571901004,0.34822220430540995,0.0703524545100857,0.38015676198434106,0.30980430747425536,0.12553287688884748,0.5704644250142727,0.42027317811108206,1.1089961123690597,0.055035628674645065,0.5247058823529411,0.4078903599228262,1.1559373106258488,0.16622092475410213,0.08755972656079247,0.14640555848694917,1.7068507308430534,0.25923623445825933,0.6509670751513362,0.17664298401420958,183.7872340425532,0.06691363741606854,0.38671776859300566,0.0
ca-HepTh,neutral,1,0.3,0.3,7442,7495,0.9929286190793862,0.9924,2556473,4578672,0,0,8638,24806,47,0.4146674395843388,0.45190679674272355,0.27738006621594286,0.34822220430540995,0.05760870256666717,0.3797971426306703,0.32218844006400316,0.10336285386921659,0.5550791753044856,0.4339070938112406,1.0423456917758345,0.055035628674645065,0.6115760814762529,0.5058096581368796,1.115824968895258,0.13022957559757237,0.049449052949424505,0.08131203826080673,1.1422836752899197,0.13982053545160342,0.5232827832292596,0.10907619888202412,183.7872340425532,0.06691363741606854,0.38671776859300566,0.0
ca-HepTh,neutral,1,0.4,0.4,9922,9995,0.992696348174087,0.992,2829628,4499423,0,0,8638,24806,47,0.33775056463472986,0.3749899217931146,0.2760180528370543,0.34822220430540995,0.04831746972085699,0.3784211098344016,0.3301036401135446,0.08474615507316394,0.5450305553651034,0.44302344264324794,1.0167139057079644,0.055035628674645065,0.6809125323769675,0.5870124593716143,1.0894424844003519,0.10400896124469622,0.028547698867170818,0.04558012241580583,0.7661793162760696,0.08791279669762642,0.41614706514728017,0.0740454076367389,183.7872340425532,0.06691363741606854,0.38671776859300566,0.0
ca-HepTh,neutral,1,0.5,0.5,12403,12497,0.992478194766744,0.9916067146282974,3002736,4432651,0,0,8638,24806,47,0.2779666413903535,0.3152059985487382,0.2753684821368684,0.34822220430540995,0.039529740930764834,0.37529193377372017,0.33576219284295533,0.06669402807003152,0.5339721204315695,0.45329312373440434,0.9665881245987847,0.055035628674645065,0.7306819303266555,0.6531043413071628,1.0670098289093435,0.08191653280307273,0.018016321617232184,0.02804634547978302,0.5421409387389692,0.06587390357332078,0.32804706484205143,0.058574203802908106,183.7872340425532,0.06691363741606854,0.38671776859300566,0.0
ca-HepTh,neutral,1,1.0,1.0,24806,25006,0.9920019195393106,0.9915261012071309,3629603,4289242,0,0,8638,24806,47,0.10099332848218635,0.13823268564057084,0.27296680063909645,0.34822220430540995,0.027411943979489817,0.37184492164998606,0.34443297767049624,0.03466014600741223,0.5156384842906784,0.4743242359631525,0.882619520800188,0.055035628674645065,0.8783966082096744,0.849805932908234,1.0192967330892635,0.034467705893817334,0.004055185492792462,0.004498826056187068,0.1137357830271216,0.03817186695981663,0.0974044911052785,0.03602002151845441,183.7872340425532,0.06691363741606854,0.38671776859300566,0.0
ca-HepTh,neutral,1,1.5,1.5,37209,37495,0.9923723163088412,0.9931139402674354,3795505,4217593,0,0,8638,24806,47,0.03786344055184688,0.0751027977102314,0.27303444967482887,0.34822220430540995,-0.005468365068716563,0.3431645287522549,0.34863289382097146,-0.005278552485431961,0.47260306406160624,0.5210528746484584,0.7301787879946757,0.055035628674645065,0.9249905051272312,0.9248283592545887,1.0001008791433597,0.010761655372432753,0.0029052075172244507,0.0023841460785164565,0.05850778314546431,0.0329076406747156,0.05152979066022544,0.031425707187377416,183.7872340425532,0.06691363741606854,0.38671776859300566,0.0
ca-HepTh,neutral,1,2.0,2.0,49612,49996,0.9923193855508441,0.992160627149828,3907282,4186609,0,0,8638,24806,47,0.012385733545477458,0.049625090703861965,0.2728479465672646,0.34822220430540995,-0.01633541100145086,0.3326974395565909,0.3490328505580418,-0.013001920732946088,0.4620507514862172,0.5292607636068237,0.7304124902757769,0.055035628674645065,0.9509469696969697,0.9499508634002527,1.0006019312959928,0.0005101756678369562,0.0026328443124846584,0.0023549197556816236,0.043866774979691305,0.030922587486744434,0.039805036555645816,0.029395546129374336,183.7872340425532,0.06691363741606854,0.38671776859300566,0.0
ca-HepTh,neutral,1,2.5,2.5,62015,62484,0.9924940784840919,0.993193465727098,3956624,4196034,0,0,8638,24806,47,0.002428465142671695,0.0396678223010562,0.27380118362609507,0.34822220430540995,-0.03612908021013245,0.3135262860289537,0.34965536623908616,-0.02575440399962398,0.43633739274278815,0.5611371653448715,0.6826520087050677,0.055035628674645065,0.9563729683490163,0.9632481624081204,0.9958772501412854,0.003628565682548205,0.0027740696779052915,0.002575946857646022,0.046747967479674794,0.032700864746872636,0.04573170731707317,0.0310637226093527,183.7872340425532,0.06691363741606854,0.38671776859300566,0.0
ca-HepTh,neutral,1,3.0,3.0,74418,74977,0.9925443802766182,0.9927959657408149,3972855,4210584,0,0,8638,24806,47,-0.00015155581999863304,0.03708780133838587,0.2728937409803933,0.34822220430540995,-0.037976601738248905,0.31165407122793626,0.34963067296618516,-0.0262985263646706,0.43804384230893845,0.5672571981404425,0.643672493412185,0.055035628674645065,0.9552139037433155,0.9685363471466444,0.9920051953552995,0.008442631965206093,0.002753894625702344,0.00230409835970256,0.0641304347826087,0.031817801222473414,0.05652173913043478,0.030519969856819894,183.7872340425532,0.06691363741606854,0.38671776859300566,0.0
ca-HepTh,neutral,1,3.5,3.5,86821,87471,0.992568965714351,0.9927165039218825,3923419,4163442,0,0,8638,24806,47,0.0014206444541285978,0.0386600016125131,0.27262717721349033,0.34822220430540995,-0.041636009567491916,0.3081958429349359,0.3498318525024278,-0.02944214131236075,0.43337711259995015,0.5710587739277938,0.6573500295282521,0.055035628674645065,0.9537659876835622,0.9669496877412112,0.9921214027122257,-0.007154942790605251,0.0026832819429920274,0.0021179488207149796,0.04692387904066736,0.03157629890552271,0.043795620437956206,0.029815071078123034,183.7872340425532,0.06691363741606854,0.38671776859300566,0.0
ca-HepTh,neutral,1,4.0,4.0,99224,99969,0.992547689783833,0.9923987838054089,3926647,4145787,0,0,8638,24806,47,0.0007756392134610175,0.03801499637184552,0.2719456822608495,0.34822220430540995,-0.026828389590462298,0.32241369584789153,0.34924208543835383,-0.018865749525831713,0.44602827140380563,0.5566043332634606,0.7080873809372675,0.055035628674645065,0.9556497175141243,0.9667277597631467,0.9934143608370853,-0.012996340743891987,0.002834594834514134,0.002748891507672163,0.04984093319194061,0.03335707999832376,0.04665959703075292,0.031597033063738844,183.7872340425532,0.06691363741606854,0.38671776859300566,0.0
ca-HepTh,neutral,1,4.5,4.5,111627,112459,0.9926017481926747,0.9930344275420336,3945491,4164929,0,0,8638,24806,47,-0.00176406892166758,0.035475288236716924,0.27347578224033037,0.34822220430540995,-0.0277995020773798,0.3214088975770624,0.3492083996544422,-0.018803460837309053,0.4375055331590586,0.5656730411192085,0.6613049818843078,0.055035628674645065,0.958715162966462,0.9688488854510935,0.9939767755807931,-0.006662948525154256,0.0030464328826450837,0.0022984026994994143,0.0715909090909091,0.03523363704756332,0.06818181818181818,0.033561815598094125,183.7872340425532,0.06691363741606854,0.38671776859300566,0.0
ca-HepTh,neutral,1,5.0,5.0,124030,124944,0.9926847227557946,0.9934321185422507,3967676,4183207,0,0,8638,24806,47,-0.0018850074042927503,0.035354349754091755,0.27345101796359533,0.34822220430540995,-0.02472380401619434,0.3243724943036558,0.3490962983198501,-0.016697101224410375,0.44950576660819996,0.5528962224002374,0.6746856920455276,0.055035628674645065,0.9586604862359285,0.9690902704601335,0.9937954791912927,-0.0006154225104175717,0.00303634535654361,0.00261920962591716,0.05815279361459521,0.03560533244180701,0.055872291904218926,0.033933720590078986,183.7872340425532,0.06691363741606854,0.38671776859300566,0.0
ca-HepTh,neutral,1,5.5,5.5,136433,137410,0.9928898915653882,0.9949462538103642,3966565,4165547,0,0,8638,24806,47,-0.0021671971970848207,0.035072159961299684,0.2726502680288131,0.34822220430540995,-0.03190729874244952,0.31743396344838865,0.34934126219083816,-0.02152845108725839,0.44615175909705573,0.5555027487092016,0.7245501658085376,0.055035628674645065,0.959565422768068,0.9689192039940933,0.9944426753502964,-0.006458474782014522,0.0031977457741671905,0.002649858521266888,0.06666666666666667,0.03730782085561497,0.05862068965517241,0.035302473262032084,183.7872340425532,0.06691363741606854,0.38671776859300566,0.0
ca-HepTh,neutral,1,6.0,6.0,148836,149903,0.9928820637345483,0.9927959657408149,3922139,4152671,0,0,8638,24806,47,-0.000272494302623803,0.0369668628557607,0.27175651792413497,0.34822220430540995,-0.03969055582063313,0.3099988838184671,0.3496894396391002,-0.02755713889912488,0.4301619362506883,0.5686540617495137,0.6530751037799762,0.055035628674645065,0.957230915125652,0.9673234696024122,0.9939750546530588,-0.010718675294419975,0.003076695460949505,0.0030556025367000574,0.05670665212649945,0.03612541337017037,0.04798255179934569,0.03428356147180711,183.7872340425532,0.06691363741606854,0.38671776859300566,0.0
ca-HepTh,neutral,1,6.5,6.5,161239,162394,0.9928876682636057,0.9929549275478344,3935878,4162508,0,0,8638,24806,47,-0.0007965610606662138,0.03644279609771829,0.27181848948103937,0.34822220430540995,-0.05318678744662464,0.2969736921087954,0.35016047955542,-0.03666649197505285,0.41639492344477413,0.5805091938838753,0.6568382234931099,0.055035628674645065,0.9570575409991469,0.9683664164971593,0.9932545126778025,-0.0074639694509490585,0.002804332256209713,0.00170324968581291,0.05088495575221239,0.032967952472596436,0.048672566371681415,0.03162915237218643,183.7872340425532,0.06691363741606854,0.38671776859300566,0.0
ca-HepTh,neutral,1,7.0,7.0,173642,174890,0.9928640859969123,0.9925576184379001,3922724,4161578,0,0,8638,24806,47,0.0008562648685444641,0.03809562202692897,0.2724980316041995,0.34822220430540995,-0.043296218800522424,0.30657538189150746,0.3498716006920299,-0.030415158599674225,0.4252034434885112,0.572903116794823,0.650426761340575,0.055035628674645065,0.9554103947742119,0.9667204942778909,0.9932488266530782,-0.007771672656644649,0.0026832819429920274,0.0019094777393264652,0.06031746031746032,0.031054859393990192,0.0582010582010582,0.030216671556095722,183.7872340425532,0.06691363741606854,0.38671776859300566,0.0
ca-HepTh,neutral,1,7.5,7.5,186045,187369,0.9929337296991498,0.9939097684109304,3956366,4179890,0,0,8638,24806,47,0.0007353263859192941,0.0379746835443038,0.27226031520001653,0.34822220430540995,-0.022116985276016354,0.3269451045462043,0.34906208982222064,-0.015526798539220435,0.45146127952238907,0.5498788961937888,0.6986826564720708,0.055035628674645065,0.9582425906637629,0.9648297648297648,0.9960679560847009,-0.0017128972773986964,0.0029253825694273983,0.002337467277967067,0.06475583864118896,0.033900435802883,0.05732484076433121,0.03226617499161918,183.7872340425532,0.06691363741606854,0.38671776859300566,0.0
ca-HepTh,neutral,1,8.0,8.0,198448,199872,0.9928754402817803,0.9920019195393106,3951177,4173961,0,0,8638,24806,47,0.00017094680033516096,0.037410303958719665,0.272265191869729,0.34822220430540995,-0.03379954962092907,0.3156871061094677,0.3494866557303968,-0.023557815389893662,0.4451239968763629,0.5515680373074624,0.689274982982897,0.055035628674645065,0.9585938980481334,0.9655486949200113,0.9958489084086607,-0.0036745879296238154,0.0030968705131524527,0.0026577585148553993,0.0603448275862069,0.03622581455733311,0.05387931034482758,0.03471815059887763,183.7872340425532,0.06691363741606854,0.38671776859300566,0.0
ca-HepTh,neutral,1,8.5,8.5,210851,212352,0.9929315476190477,0.9938301282051282,3955785,4180132,0,0,8638,24806,47,-0.00059499692295759,0.036644360235426915,0.27388946220725535,0.34822220430540995,-0.020906077679071045,0.32808221646792063,0.3489882941469917,-0.014341485247583257,0.45801676455882606,0.5404820642753901,0.6707071135463305,0.055035628674645065,0.959212643134286,0.9664302268417726,0.9956994110385864,-0.001632828271185369,0.0030060827782391886,0.002400369837375727,0.0539053905390539,0.035360087040214254,0.04950495049504951,0.0335606979955643,183.7872340425532,0.06691363741606854,0.38671776859300566,0.0
ca-HepTh,neutral,1,9.0,9.0,223254,224851,0.9928975188013396,0.9923193855508441,3951111,4188556,0,0,8638,24806,47,0.00025157245541860765,0.03749092961380311,0.2736102522121437,0.34822220430540995,-0.031055941850727242,0.3183305785846987,0.34938652043542595,-0.02156144477810622,0.43891589520767693,0.5633151434742586,0.6481530665709605,0.055035628674645065,0.956027293404094,0.9673074224779009,0.9932657497144394,0.001154367217825532,0.0030161703043406624,0.002345488124438455,0.047311827956989246,0.035726252303568434,0.047311827956989246,0.03451164349137209,183.7872340425532,0.06691363741606854,0.38671776859300566,0.0
ca-HepTh,neutral,1,9.5,9.5,235657,237343,0.9928963567495144,0.9928754402817803,3920560,4162361,0,0,8638,24806,47,0.0004531365931272241,0.03769249375151173,0.27211651525459496,0.34822220430540995,-0.03468462607995637,0.3148449282772459,0.3495295543572023,-0.024275405248808897,0.43222259484300307,0.5684418051841482,0.6350837640786743,0.055035628674645065,0.9563818715110228,0.9667064690594929,0.9938422648696088,-0.007512606409268555,0.002804332256209713,0.0029511076153146405,0.039572192513368985,0.033387792719199026,0.038502673796791446,0.03271752335469817,183.7872340425532,0.06691363741606854,0.38671776859300566,0.0
ca-HepTh,neutral,1,10.0,10.0,248060,249823,0.9929430036465818,0.9938301282051282,3914536,4152515,0,0,8638,24806,47,0.0023478394875882415,0.039587196645972746,0.2729493609439133,0.34822220430540995,-0.03192566831623811,0.31756038369886086,0.34948605201509897,-0.02280679507036502,0.4484336466401951,0.547940284079174,0.6780136909044503,0.055035628674645065,0.9566981132075472,0.9631845699000422,0.9961321942673949,-0.010770290025698136,0.0026731944168905536,0.002276705615964845,0.031568228105906315,0.032068502350570856,0.029531568228105907,0.03076729348556078,183.7872340425532,0.06691363741606854,0.38671776859300566,0.0
ca-HepTh,neutral,1,10.0,10.0,248060,249823,0.9929430036465818,,3914536,4152515,1,0,8638,24806,47,0.0023478394875882415,0.039587196645972746,0.2729493609439133,0.34822220430540995,-0.03192566831623811,0.31756038369886086,0.34948605201509897,-0.02280679507036502,0.4484336466401951,0.547940284079174,0.6780136909044503,0.055035628674645065,0.9566981132075472,0.9631845699000422,0.9961321942673949,-0.010770290025698136,0.0026731944168905536,0.002276705615964845,0.031568228105906315,0.032068502350570856,0.029531568228105907,0.03076729348556078,183.7872340425532,0.06691363741606854,0.38671776859300566,0.0
ca-HepTh,neutral,2,0.0,0.0,0,0,,,1395798,4907163,0,0,8638,24806,47,0.7618818232012058,0.7991211803595905,0.2816048208693767,0.3482222043054099,0.1736473032809125,0.3831042696222199,0.2094569663413074,0.2470593830248225,0.6870721548963393,0.3113662627073198,1.5813393919743293,0.055035628674645065,0.2856234770632482,0.14882540508882672,1.4218695508791763,0.23891531080420653,0.281129264921973,0.48156415202616737,3.802149018816526,1.6530202689143088,0.887907985673208,0.8101545253863135,183.7872340425532,0.06691363741606854,0.38671776859300566,0.0
ca-HepTh,neutral,2,0.01,0.01,248,250,0.992,0.992,1441421,4890538,0,0,8638,24806,47,0.7468854513556845,0.7841248085140692,0.28128656926466294,0.34822220430540995,0.16195351010541886,0.3831839493112359,0.22123043920581703,0.23688378521364736,0.6729507953164986,0.3237987855330983,1.5179776492339643,0.055035628674645065,0.3020063357972545,0.16268909754825248,1.3989858386156293,0.23341470242281942,0.2654028117297753,0.45371950277318157,3.657858207804226,1.4530345471521942,0.8775384299007764,0.7292250233426704,183.7872340425532,0.06691363741606854,0.38671776859300566,0.0
ca-HepTh,neutral,2,0.02,0.02,496,498,0.9959839357429718,1.0,1498620,4884486,0,0,8638,24806,47,0.7316875153724547,0.7689268725308394,0.28108999202445795,0.34822220430540995,0.15044087891821722,0.3829850486962518,0.23254416977803455,0.22559928531192092,0.6602252275835233,0.3355461633213017,1.4728460503069516,0.055035628674645065,0.31645569620253167,0.1782591674279003,1.3695045359385907,0.23141231554016342,0.2495956583287659,0.42601432834741676,3.5050330292544825,1.2864619678995115,0.8662053056516724,0.6582344731332868,183.7872340425532,0.06691363741606854,0.38671776859300566,0.0
ca-HepTh,neutral,2,0.05,0.05,1240,1246,0.9951845906902087,0.9946524064171123,1642213,4834948,0,0,8638,24806,47,0.6894799849362698,0.7267193420946545,0.2804921725246012,0.34822220430540995,0.1265901837473436,0.3828168530042426,0.256226669256899,0.2011254787864214,0.6334083965265163,0.36017138099377627,1.3678057887079398,0.055035628674645065,0.35818866345952727,0.22002099186565205,1.3106989210469144,0.21502199145010834,0.2091951162923634,0.3556570637142992,3.105785765795751,0.9184245463932733,0.8326954013424308,0.5011063578698923,183.7872340425532,0.06691363741606854,0.38671776859300566,0.0
ca-HepTh,neutral,2,0.1,0.1,2481,2499,0.992797118847539,0.9904229848363927,1869763,4781668,0,0,8638,24806,47,0.6243344556288443,0.6615738127872289,0.279898169655664,0.34822220430540995,0.10175862656809576,0.3826599883108588,0.28090136174276303,0.1720252952155175,0.6046904941698448,0.38749661982772854,1.2552311386623818,0.055035628674645065,0.4192311677546368,0.2869679973606071,1.238766926423052,0.1973935755367058,0.1566996304602938,0.26340878868124135,2.5510328438242644,0.5642644431209053,0.7744805313509232,0.3390113162596784,183.7872340425532,0.06691363741606854,0.38671776859300566,0.0
ca-HepTh,neutral,2,0.15,0.15,3721,3746,0.9933262146289376,0.9943865276663993,2058705,4717709,0,0,8638,24806,47,0.5658002300382613,0.603039587196646,0.27860701854272085,0.34822220430540995,0.08365836454711673,0.3814312632304869,0.2977728986833702,0.1469142181172665,0.5844562185148258,0.40572014608454876,1.176179898732142,0.055035628674645065,0.4760684636671108,0.34567080869160743,1.1992844835712755,0.17623186657639617,0.11678328967676203,0.19492271911558107,2.078013236178889,0.37026505534680615,0.711344341199278,0.23763582817101656,183.7872340425532,0.06691363741606854,0.38671776859300566,0.0
ca-HepTh,neutral,2,0.2,0.2,4961,4993,0.9935910274384138,0.9943865276663993,2233766,4652214,0,0,8638,24806,47,0.5126276105107277,0.5498669676691124,0.2781003820403551,0.34822220430540995,0.0723457576599526,0.38078741957716,0.3084416619172074,0.129422785100159,0.5721084718324323,0.41720287301259634,1.1282820246927336,0.055035628674645065,0.5254288904679728,0.4005349381477767,1.167274678214986,0.1545619510311954,0.08747902635198068,0.1454873641642006,1.694941348973607,0.25944832527315065,0.6462609970674487,0.1769657890023285,183.7872340425532,0.06691363741606854,0.38671776859300566,0.0
ca-HepTh,neutral,2,0.3,0.3,7442,7488,0.9938568376068376,0.9943887775551102,2541082,4550073,0,0,8638,24806,47,0.4192227890965536,0.4564621462549383,0.27623626437221194,0.34822220430540995,0.05578154696602694,0.3785415866219036,0.3227600396558767,0.10058359259381622,0.5541864733429517,0.4330881003367248,1.062222903688674,0.055035628674645065,0.611061106110611,0.4979401634362126,1.1242291625142637,0.12076720572693789,0.05046789308567336,0.08052391146495082,1.1571138390885807,0.14143736557146036,0.525214165857105,0.1091003485871097,183.7872340425532,0.06691363741606854,0.38671776859300566,0.0
ca-HepTh,neutral,2,0.4,0.4,9922,9987,0.9934915390007009,0.9923969587835134,2798057,4468247,0,0,8638,24806,47,0.3408546523554426,0.3780940095138273,0.27554053768707315,0.34822220430540995,0.04666194042215188,0.37724154458165515,0.33057960415950327,0.08211822654350256,0.5434934706158656,0.4434086049432374,1.0185110254545537,0.055035628674645065,0.6787231939915012,0.5827602641792061,1.0913597945260374,0.09369395571698924,0.028275335662431025,0.045588369330980996,0.7510395564559121,0.0884812341997796,0.4120908412410705,0.07545212938354832,183.7872340425532,0.06691363741606854,0.38671776859300566,0.0
ca-HepTh,neutral,2,0.5,0.5,12403,12484,0.993511694969561,0.9935923107729275,2975538,4404774,0,0,8638,24806,47,0.28175604717927555,0.31899540433766027,0.2743524471938077,0.34822220430540995,0.0386851686081649,0.37456698191154275,0.33588181330337785,0.06572080739157615,0.5334190581078673,0.45355998062424996,0.9752050415228705,0.055035628674645065,0.7275933000293858,0.6484209084058368,1.0684117327016482,0.07269304649643002,0.017431245103346704,0.025565350625451608,0.5197775811955011,0.0633990410229089,0.32364463541008465,0.056591487598413544,183.7872340425532,0.06691363741606854,0.38671776859300566,0.0
ca-HepTh,neutral,2,1.0,1.0,24806,24983,0.9929151823239803,0.9923193855508441,3574538,4244761,0,0,8638,24806,47,0.1021220876533546,0.1393614448117391,0.27225726371354125,0.34822220430540995,0.014574892378750981,0.3607659186242826,0.3461910262455316,0.01853990908913286,0.5037380954313369,0.4854714125793477,0.8636194867409496,0.055035628674645065,0.8726035276073619,0.8519549186030333,1.0139024359842719,0.01975055934269013,0.0034398464006025614,0.003279611065084144,0.10153312120335552,0.03147688416319266,0.08880532253398901,0.029884303714459694,183.7872340425532,0.06691363741606854,0.38671776859300566,0.0
ca-HepTh,neutral,2,1.5,1.5,37209,37482,0.9927165039218825,0.9923193855508441,3782404,4150832,0,0,8638,24806,47,0.03693624551838722,0.07417560267677174,0.2717182754007544,0.34822220430540995,0.007560092762739723,0.3552215226311812,0.34766142986844145,0.007291269102951652,0.48711128738513265,0.5058764681438346,0.8225224266517792,0.055035628674645065,0.9283011729095725,0.9239848250667416,1.0026752109725183,-0.011327133568908536,0.0027639821518038177,0.0028132033918677074,0.03967391304347826,0.03261342854654707,0.03804347826086957,0.031437777584254985,183.7872340425532,0.06691363741606854,0.38671776859300566,0.0
ca-HepTh,neutral,2,2.0,2.0,49612,49974,0.9927562332412855,0.9928754402817803,3919051,4172936,0,0,8638,24806,47,0.011700415477268154,0.04893977263565266,0.27158478442897854,0.34822220430540995,-0.004782153930151467,0.3436740879013088,0.3484562418314603,-0.003798858350612814,0.47672391808464937,0.51794085742633,0.7943242102501624,0.055035628674645065,0.9508398975040334,0.9512229308290701,0.9997683323789867,-0.0040137231832132365,0.002501706473165499,0.0024496821804893625,0.04118616144975288,0.029416751441166497,0.03871499176276771,0.028399457443201086,183.7872340425532,0.06691363741606854,0.38671776859300566,0.0
ca-HepTh,neutral,2,2.5,2.5,62015,62458,0.9929072336610202,0.993511694969561,3928878,4180848,0,0,8638,24806,47,0.003799101279090305,0.041038458437474806,0.2717867635223743,0.34822220430540995,-0.03338358458946378,0.31620863056461485,0.3495922151540786,-0.02436692800288908,0.4413896508219462,0.5517641631728599,0.667282223677889,0.055035628674645065,0.9562340485868229,0.960989667533563,0.9971557848177539,-0.001395929889165815,0.0028648574128185555,0.0021296832473563483,0.03929273084479371,0.03413485791155204,0.036345776031434185,0.0325794518244493,183.7872340425532,0.06691363741606854,0.38671776859300566,0.0
ca-HepTh,neutral,2,3.0,3.0,74418,74933,0.9931271936263062,0.9942284569138277,3917965,4169313,0,0,8638,24806,47,0.0010175161787113576,0.03825687333709586,0.2726175053959529,0.34822220430540995,-0.057714300895032045,0.2927158721094582,0.35043017300449025,-0.04060822268875467,0.41349191019745196,0.5826982892845071,0.6200625472120462,0.055035628674645065,0.9557848892255255,0.9661611906767762,0.9938047517344337,-0.005212442230778006,0.0028547698867170818,0.0028410744686746645,0.06638566912539515,0.03294630506769502,0.06006322444678609,0.03168881250785933,183.7872340425532,0.06691363741606854,0.38671776859300566,0.0
ca-HepTh,neutral,2,3.5,3.5,86821,87417,0.9931821041673816,0.993511694969561,3949621,4188645,0,0,8638,24806,47,0.0010175161787113576,0.03825687333709586,0.2719284987813314,0.34822220430540995,-0.04057908120763881,0.3091955518676675,0.3497746330753063,-0.02862409512683757,0.4326167068597566,0.5723345762353871,0.6573010034648652,0.055035628674645065,0.9538563577790411,0.9675834970530451,0.9917995058501443,0.0011838140837469198,0.0030968705131524527,0.002858044815096941,0.059009483667017915,0.03625770214192899,0.05690200210748156,0.034413379720836655,183.7872340425532,0.06691363741606854,0.38671776859300566,0.0
ca-HepTh,neutral,2,4.0,4.0,99224,99897,0.9932630609527814,0.9938301282051282,3939327,4165932,0,0,8638,24806,47,-0.0012803149911668934,0.03595904216721761,0.2732443409792656,0.34822220430540995,-0.0506658540754113,0.29937824581313455,0.35004409988854585,-0.034523593311391626,0.4191470060317033,0.5817905838597276,0.648433097175472,0.055035628674645065,0.9575369550889746,0.9689108212900952,0.9932533958324455,-0.006331092272129683,0.003127133091456874,0.0022697176909776537,0.05605381165919283,0.03679852805887764,0.05044843049327354,0.03483315212846032,183.7872340425532,0.06691363741606854,0.38671776859300566,0.0
ca-HepTh,neutral,2,4.5,4.5,111627,112403,0.9930962696725176,0.9917639533024148,3936803,4168035,0,0,8638,24806,47,-0.0022075100246265436,0.03503184713375796,0.2732338484810125,0.34822220430540995,-0.04481585762326762,0.3049763289555689,0.34979218657883654,-0.03015679760985046,0.42259112948628624,0.5777567582106713,0.6180815844004827,0.055035628674645065,0.9576255190637977,0.9704433497536946,0.9923908019341006,-0.005635285990863179,0.0027236320473979225,0.001932296674829186,0.05178365937859609,0.03195889209174082,0.04948216340621404,0.030454944228600074,183.7872340425532,0.06691363741606854,0.38671776859300566,0.0
ca-HepTh,neutral,2,5.0,5.0,124030,124889,0.9931218922403094,0.9933525548614448,3942312,4169255,0,0,8638,24806,47,-0.0013206278187086167,0.03591872933967589,0.27179949491526456,0.34822220430540995,-0.03410113615895238,0.3153459376263264,0.3494470737852788,-0.02334734542037411,0.4381635952058978,0.5611402429996061,0.6472044865270505,0.055035628674645065,0.9599810785241248,0.9671255970778309,0.9957470472034055,-0.0052316323231763485,0.0029253825694273983,0.0022720739873385285,0.05723905723905724,0.03424628893999582,0.050505050505050504,0.032908216600459964,183.7872340425532,0.06691363741606854,0.38671776859300566,0.0
ca-HepTh,neutral,2,5.5,5.5,136433,137371,0.9931717757022952,0.9936708860759493,3949272,4183308,0,0,8638,24806,47,-0.0009174995432913836,0.03632185761509312,0.2719006660995282,0.34822220430540995,-0.04469462161050258,0.30515097437720445,0.34984559598770704,-0.030753533584798924,0.4232503985322961,0.5765961314219878,0.6360194870990034,0.055035628674645065,0.9575884366679346,0.9681595521343597,0.9936807680395224,-0.0005820052805515305,0.0030060827782391886,0.002508022147116618,0.06104328523862375,0.03509725998745032,0.05660377358490566,0.033591298891445305,183.7872340425532,0.06691363741606854,0.38671776859300566,0.0
ca-HepTh,neutral,2,6.0,6.0,148836,149873,0.9930808084177938,0.9920812669972804,3947278,4170938,0,0,8638,24806,47,0.0003321981105020541,0.03757155526888656,0.27237956546513753,0.34822220430540995,-0.03406341840439875,0.3154386015082393,0.3495020199126381,-0.02378085790493812,0.4421568024690426,0.5532160122833718,0.6889696900560786,0.055035628674645065,0.9586933814452568,0.9651838879159369,0.9961191262516144,-0.0046747887799657144,0.0029959952521377148,0.0027208486568959843,0.05472103004291846,0.035184719778838906,0.05257510729613734,0.03363491664572338,183.7872340425532,0.06691363741606854,0.38671776859300566,0.0
ca-HepTh,neutral,2,6.5,6.5,161239,162368,0.9930466594402838,0.9926370548219288,3933112,4146914,0,0,8638,24806,47,-0.0025703254725020536,0.03466903168588245,0.27072177691543736,0.34822220430540995,-0.037882415476890585,0.31165313549102547,0.34953555096791605,-0.025599026288119008,0.4348426886852006,0.5612100579015964,0.6606782704951649,0.055035628674645065,0.9606328875494443,0.9688469128841274,0.9951331917043145,-0.012623457396774762,0.002885032465021503,0.002598738691059448,0.05930232558139535,0.03370082686043598,0.05465116279069768,0.03223920487764136,183.7872340425532,0.06691363741606854,0.38671776859300566,0.0
ca-HepTh,neutral,2,7.0,7.0,173642,174864,0.9930117119590082,0.9925576184379001,3920942,4147642,0,0,8638,24806,47,-0.0005143712678741433,0.03672498589051036,0.2718059377038922,0.34822220430540995,-0.03384905377271141,0.3156162565549085,0.3494653103276199,-0.023423056150284654,0.4328139553098777,0.5675946885259306,0.6594019697077522,0.055035628674645065,0.956661316211878,0.9682026028842772,0.9931341540050992,-0.012382588650810787,0.002834594834514134,0.002783000376331273,0.05378704720087816,0.03322870893492363,0.052689352360043906,0.031303620004184976,183.7872340425532,0.06691363741606854,0.38671776859300566,0.0
ca-HepTh,neutral,2,7.5,7.5,186045,187330,0.9931404473389206,0.9949462538103642,3944503,4178495,0,0,8638,24806,47,-0.0004740584403324199,0.036765298718052085,0.2725668238060521,0.34822220430540995,-0.03855596810041667,0.31108375788956877,0.34963972598998544,-0.026619735036831127,0.4315589898880876,0.5690285374071741,0.6434240058451832,0.055035628674645065,0.9576839520166242,0.9673676067233983,0.9942373865290189,-0.0021744520859420815,0.0030464328826450837,0.0031926461601223346,0.07785087719298246,0.034946011551016995,0.06798245614035088,0.0332300996065958,183.7872340425532,0.06691363741606854,0.38671776859300566,0.0
ca-HepTh,neutral,2,8.0,8.0,198448,199804,0.9932133490821005,0.9943081609748277,3966913,4183856,0,0,8638,24806,47,-0.0014415663013337937,0.03579779085705071,0.2729790948095516,0.34822220430540995,-0.0357255375710514,0.3137755620565828,0.3495010996276342,-0.0243142880483984,0.4412723671493217,0.5611995733922734,0.6788833204851183,0.055035628674645065,0.957637512972922,0.9690997395650032,0.9931915773395059,-0.00040069199375455765,0.00303634535654361,0.002215624217804187,0.059684684684684686,0.03553808846893553,0.05292792792792793,0.033656660255874236,183.7872340425532,0.06691363741606854,0.38671776859300566,0.0
ca-HepTh,neutral,2,8.5,8.5,210851,212291,0.9932168579920958,0.993273003924081,3944845,4168298,0,0,8638,24806,47,0.001460957281670321,0.038700314440054825,0.27190876910800066,0.34822220430540995,-0.026896861939684547,0.322366259380242,0.34926312131992654,-0.019079414662115064,0.4490152087002712,0.5493177795367497,0.7107214900455826,0.055035628674645065,0.956542276806802,0.9648407285001055,0.9950510659426961,-0.0055482688477470005,0.0026328443124846584,0.0021845770546709935,0.051041666666666666,0.030780843747379015,0.046875,0.02927115658810702,183.7872340425532,0.06691363741606854,0.38671776859300566,0.0
ca-HepTh,neutral,2,9.0,9.0,223254,224784,0.993193465727098,0.9927959657408149,3962870,4190660,0,0,8638,24806,47,0.00013063397279343764,0.03736999113117794,0.2723083924340438,0.34822220430540995,-0.03198670920759977,0.3174308381372138,0.34941754734481356,-0.022279207138743835,0.446236358035408,0.5538218055765057,0.6753653416178687,0.055035628674645065,0.9578518658836901,0.9661706906232453,0.9950363660584955,0.001850504362754265,0.0030565204087465575,0.002585949225728654,0.04638619201725998,0.03626617530047322,0.04422869471413161,0.0346748188785125,183.7872340425532,0.06691363741606854,0.38671776859300566,0.0
ca-HepTh,neutral,2,9.5,9.5,235657,237261,0.9932395126042628,0.9940690871203014,3914356,4151439,0,0,8638,24806,47,0.00013063397279343764,0.03736999113117794,0.27106235078333285,0.34822220430540995,-0.03133150277216007,0.31806155951397197,0.34939306228613204,-0.021923163398755326,0.4362273152313717,0.5628605663947681,0.6409490461229008,0.055035628674645065,0.9556501182033097,0.9678167381069496,0.9927491449454039,-0.011126299326051227,0.002794244730108239,0.0019228872214989672,0.06472491909385113,0.032287784245571424,0.06040992448759439,0.030822061225344446,183.7872340425532,0.06691363741606854,0.38671776859300566,0.0
ca-HepTh,neutral,2,10.0,10.0,248060,249738,0.9932809584444497,0.9940690871203014,3939902,4189526,0,0,8638,24806,47,0.0015415829367537678,0.03878094009513827,0.27248293146247976,0.34822220430540995,-0.042378496872404525,0.30748718538153613,0.34986568225394066,-0.030028013255886797,0.43249651843008663,0.5666866684732814,0.6367882485662731,0.055035628674645065,0.9537336120083603,0.9667366946778712,0.992212547369543,0.0014753049700028335,0.0026731944168905536,0.00180578160351862,0.059251559251559255,0.030951182687468545,0.0550935550935551,0.02956718671363865,183.7872340425532,0.06691363741606854,0.38671776859300566,0.0
ca-HepTh,neutral,2,10.0,10.0,248060,249738,0.9932809584444497,,3939902,4189526,1,0,8638,24806,47,0.0015415829367537678,0.03878094009513827,0.27248293146247976,0.34822220430540995,-0.042378496872404525,0.30748718538153613,0.34986568225394066,-0.030028013255886797,0.43249651843008663,0.5666866684732814,0.6367882485662731,0.055035628674645065,0.9537336120083603,0.9667366946778712,0.992212547369543,0.0014753049700028335,0.0026731944168905536,0.00180578160351862,0.059251559251559255,0.030951182687468545,0.0550935550935551,0.02956718671363865,183.7872340425532,0.06691363741606854,0.38671776859300566,0.0
ca-HepTh,up_pfix,1,0.0,0.0,0,0,,,1395798,4907163,0,0,8638,24806,47,0.7618818232012058,0.7991211803595905,0.2816048208693767,0.3482222043054099,0.1736473032809125,0.3831042696222199,0.2094569663413074,0.2470593830248225,0.6870721548963393,0.3113662627073198,1.5813393919743293,0.055035628674645065,0.2856234770632482,0.14882540508882672,1.4218695508791763,0.23891531080420653,0.281129264921973,0.48156415202616737,3.802149018816526,1.6530202689143088,0.887907985673208,0.8101545253863135,183.7872340425532,0.06691363741606854,0.38671776859300566,0.0
ca-HepTh,up_pfix,1,0.01,0.01,248,10664,0.023255813953488372,0.023255813953488372,1437164,4929935,0,0,8638,24806,47,0.7618818232012058,0.7991211803595905,0.2818361882676817,0.34822220430540995,0.1749225285066892,0.3833604353603496,0.20843790685366037,0.24866942184101104,0.6902891563647532,0.30961555420700976,1.636871967498554,0.055035628674645065,0.2852434616202424,0.14935064935064934,1.4199777862636431,0.24644973811614346,0.27178821575200823,0.4686322342983593,3.7281945215154115,1.3897250652217539,0.8807950360692125,0.7168372466385712,183.7872340425532,0.06691363741606854,0.38671776859300566,0.0
ca-HepTh,up_pfix,1,0.02,0.02,496,21018,0.02359882005899705,0.023952095808383235,1479008,4951185,0,0,8638,24806,47,0.7618818232012058,0.7991211803595905,0.2821019717175181,0.34822220430540995,0.176382016101536,0.3836536155056822,0.20727159940414622,0.25050798606588404,0.6937022085553476,0.3077596907222538,1.6945218021816324,0.055035628674645065,0.2861253196930946,0.14900791077681236,1.4243677865356024,0.2534805909344581,0.2646865973765707,0.45828742235640907,3.6710386924279876,1.193257074051776,0.8742874438783231,0.6369656833232992,183.7872340425532,0.06691363741606854,0.38671776859300566,0.0
ca-HepTh,up_pfix,1,0.05,0.05,1240,54509,0.022748536938854133,0.022214923412260012,1595137,5018945,0,0,8638,24806,47,0.7618818232012058,0.7991211803595905,0.2827040658514893,0.34822220430540995,0.18143052402287294,0.38466775381786567,0.20323722979499273,0.2571293755284884,0.7044350175148802,0.30074958283477854,1.8533911301354675,0.055035628674645065,0.2862825198881961,0.14963880288957687,1.4251503488554271,0.2758999126741756,0.24623651213697514,0.4321765477790363,3.5014881703072187,0.7666064619707004,0.8535035060283509,0.4503311258278146,183.7872340425532,0.06691363741606854,0.38671776859300566,0.0
ca-HepTh,up_pfix,1,0.1,0.1,2481,114788,0.0216137575356309,0.020587600988735712,1788656,5126213,0,0,8638,24806,47,0.7618818232012058,0.7991211803595905,0.2835982493631939,0.34822220430540995,0.18988728291122428,0.3863665375613412,0.19647925465011692,0.26826605903488476,0.7217643453412793,0.28788732722887744,2.1319480900922025,0.055035628674645065,0.28832076914672783,0.14974765220724462,1.4352970097238074,0.31139099597370373,0.22476016906693747,0.40291168936253297,3.2671644049841095,0.41701786072647,0.8231851889219594,0.2747340959261489,183.7872340425532,0.06691363741606854,0.38671776859300566,0.0
ca-HepTh,up_pfix,1,0.15,0.15,3721,182959,0.020337889909761202,0.018189552742368456,1951315,5208311,0,0,8638,24806,47,0.7618818232012058,0.7991211803595905,0.28427665592658014,0.34822220430540995,0.19820581243926239,0.3880375539540774,0.18983174151481502,0.27934994027613985,0.7378310135811706,0.2750108883040961,2.3833545414570865,0.055035628674645065,0.29266946345771694,0.14808229616459234,1.4569453563179064,0.33855424089972674,0.211081483673339,0.3850195246660415,3.0829844120466126,0.3333333333333333,0.7977097311204157,0.2163355408388521,183.7872340425532,0.06691363741606854,0.38671776859300566,0.0
ca-HepTh,up_pfix,1,0.2,0.2,4961,260590,0.019037568594343603,0.015973000476613725,2106168,5276224,0,0,8638,24806,47,0.7618818232012058,0.7991211803595905,0.28495861546099954,0.34822220430540995,0.20598025159195607,0.38959927411443673,0.18361902252248066,0.28961242291929723,0.753253489853192,0.2617378732547646,2.64304507423398,0.055035628674645065,0.2996100278551532,0.1449055650306361,1.4914963578115457,0.3610241847797361,0.2004593186884871,0.36973669036902224,2.922262018866973,0.338751755970299,0.7730414165363466,0.20991370660244832,183.7872340425532,0.06691363741606854,0.38671776859300566,0.0
ca-HepTh,up_pfix,1,0.3,0.3,7442,430636,0.017281416323762993,0.014590169718781977,2388533,5413475,0,0,8638,24806,47,0.7618818232012058,0.7991211803595905,0.28630552641432544,0.34822220430540995,0.22173527730081574,0.39276412508223674,0.171028847781421,0.3102976288810693,0.7814185645308968,0.2345734818364278,3.1411790171682874,0.055035628674645065,0.3150669389607443,0.137943971985993,1.5684428031025937,0.40643555325815944,0.18458155260476736,0.3428147136139554,2.6591333299702367,0.43788882199478224,0.7272360389446603,0.21111780052177403,183.7872340425532,0.06691363741606854,0.38671776859300566,0.0
ca-HepTh,up_pfix,1,0.4,0.4,9922,633372,0.015665359378059025,0.012232657248835925,2656808,5560274,0,0,8638,24806,47,0.7618818232012058,0.7991211803595905,0.2874259874752606,0.34822220430540995,0.23532128269317854,0.39549326580908284,0.1601719831159043,0.3280262277021215,0.8045442736145856,0.21219380925161185,3.6401721222738543,0.055035628674645065,0.3305251009809579,0.13128058980236665,1.6453954756037814,0.45500600798172497,0.17532120364361442,0.32002580376958073,2.461332795237855,0.6720850893036323,0.6861221813045453,0.24944812362030905,183.7872340425532,0.06691363741606854,0.38671776859300566,0.0
ca-HepTh,up_pfix,1,0.5,0.5,12403,860851,0.014407835966967571,0.010906501259456917,2902693,5682006,0,0,8638,24806,47,0.7618818232012058,0.7991211803595905,0.28820910265036004,0.34822220430540995,0.25005603006370153,0.3984531644685731,0.14839713440487157,0.34761862183034536,0.8288613764223574,0.18708550807093105,4.154723635300303,0.055035628674645065,0.3482090428655314,0.12387207660671537,1.7334283598880942,0.4952827032889754,0.16573805384721432,0.2983983642805873,2.2587398476517175,0.9060806742925949,0.6467235030015639,0.2789484246437889,183.7872340425532,0.06691363741606854,0.38671776859300566,0.0
ca-HepTh,up_pfix,1,1.0,1.0,24806,2837602,0.008741888397315762,0.006274437195175315,3777819,6177860,0,0,8638,24806,47,0.7618818232012058,0.7991211803595905,0.29122102693825225,0.34822220430540995,0.2969939819450243,0.4078820048388315,0.11088802289380724,0.40859995541650057,0.9039297957503881,0.10590011487273447,6.261825768212764,0.055035628674645065,0.4268509127789047,0.09551956496039721,2.1249174678694587,0.6593427735653314,0.16945026345255668,0.22926267731876634,1.7735963274983604,3.0575958258077462,0.5199011249558594,0.4396949628737708,183.7872340425532,0.06691363741606854,0.38671776859300566,0.0
ca-HepTh,up_pfix,1,1.5,1.5,37209,7773133,0.00478687293784887,0.0025130021470840726,4275103,6482773,0,0,8638,24806,47,0.7618818232012058,0.7991211803595905,0.29308727513480365,0.34822220430540995,0.321201296692876,0.4127447416520439,0.09154344495916789,0.4390901768273363,0.9426710605191485,0.06157952120699254,7.703550260197385,0.055035628674645065,0.5060240963855421,0.07147367816751822,2.5190515221633074,0.7602274053484261,0.21198936102247162,0.20323376089582001,1.6304797457498865,6.165763596227173,0.4733894970488826,0.6594421031507124,183.7872340425532,0.06691363741606854,0.38671776859300566,0.0
ca-HepTh,up_pfix,1,2.0,2.0,49612,48766197,0.0010173440426367469,0.000302563379990332,4517891,6630755,0,0,8638,24806,47,0.7618818232012058,0.7991211803595905,0.29426434116336925,0.34822220430540995,0.3331591153752815,0.41514681415443955,0.08198769877915808,0.4536150522906861,0.9615115040433747,0.04015872095579493,8.506339247433885,0.055035628674645065,0.5604568165596003,0.059378686590640974,2.790024441416305,0.8091892717841825,0.3109883421823354,0.20726734057783008,1.6746708369066237,11.898454746136865,0.4841345911315139,0.9287577764398957,183.7872340425532,0.06691363741606854,0.38671776859300566,0.0
ca-HepTh,up_pfix,1,2.0,2.0,49612,48766197,0.0010173440426367469,,4517891,6630755,1,0,8638,24806,47,0.7618818232012058,0.7991211803595905,0.29426434116336925,0.34822220430540995,0.3331591153752815,0.41514681415443955,0.08198769877915808,0.4536150522906861,0.9615115040433747,0.04015872095579493,8.506339247433885,0.055035628674645065,0.5604568165596003,0.059378686590640974,2.790024441416305,0.8091892717841825,0.3109883421823354,0.20726734057783008,1.6746708369066237,11.898454746136865,0.4841345911315139,0.9287577764398957,183.7872340425532,0.06691363741606854,0.38671776859300566,0.0
ca-HepTh,up_pfix,2,0.0,0.0,0,0,,,1395798,4907163,0,0,8638,24806,47,0.7618818232012058,0.7991211803595905,0.2816048208693767,0.3482222043054099,0.1736473032809125,0.3831042696222199,0.2094569663413074,0.2470593830248225,0.6870721548963393,0.3113662627073198,1.5813393919743293,0.055035628674645065,0.2856234770632482,0.14882540508882672,1.4218695508791763,0.23891531080420653,0.281129264921973,0.48156415202616737,3.802149018816526,1.6530202689143088,0.887907985673208,0.8101545253863135,183.7872340425532,0.06691363741606854,0.38671776859300566,0.0
ca-HepTh,up_pfix,2,0.01,0.01,248,10100,0.024554455445544555,0.024554455445544555,1438564,4933275,0,0,8638,24806,47,0.7618818232012058,0.7991211803595905,0.28182378194369784,0.3482222043054099,0.17536605148055195,0.3834495297318225,0.20808347825127055,0.249310907546387,0.6908581291611172,0.30883425682329757,1.637556958120393,0.055035628674645065,0.2867467318524817,0.14840553354549588,1.4274612543312586,0.24755482274735166,0.27252460515741583,0.4700134558083309,3.737880240125107,1.3951434878587197,0.8798869999495535,0.7172386112783464,183.7872340425532,0.06691363741606854,0.38671776859300566,0.0
ca-HepTh,up_pfix,2,0.02,0.02,496,20639,0.0240321721013615,0.023531644368535914,1482831,4958480,0,0,8638,24806,47,0.7618818232012058,0.7991211803595905,0.2820705926985398,0.34822220430540995,0.17673505745306295,0.3837245340356612,0.20698947658259825,0.2510373195108138,0.6942565019710004,0.30685726820025294,1.6972047527831895,0.055035628674645065,0.2863539445628998,0.14890444703746922,1.4255059098589793,0.25589424134902783,0.2653120239948621,0.4603850851897749,3.6805226252333147,1.1928557094120007,0.874236997427231,0.6381697772426249,183.7872340425532,0.06691363741606854,0.38671776859300566,0.0
ca-HepTh,up_pfix,2,0.05,0.05,1240,53276,0.023275020647195735,0.0227962128872139,1605875,5024799,0,0,8638,24806,47,0.7618818232012058,0.7991211803595905,0.28262759159079087,0.34822220430540995,0.1823257794982069,0.38484759168102733,0.20252181218282042,0.25846807956211726,0.7062886841543851,0.29814326385137,1.8685330505945734,0.055035628674645065,0.2883105710291429,0.14844908750886696,1.4352462422133094,0.27783678855174815,0.24641808760680167,0.4353868641994367,3.5080462089492004,0.7513546056592414,0.8549160066589315,0.4607666064619707,183.7872340425532,0.06691363741606854,0.38671776859300566,0.0
ca-HepTh,up_pfix,2,0.1,0.1,2481,114718,0.02162694607646577,0.020197910224276555,1791707,5121819,0,0,8638,24806,47,0.7618818232012058,0.7991211803595905,0.2835894160037449,0.34822220430540995,0.19140315207733316,0.38667104357015847,0.1952678914928253,0.27041604832013816,0.724881739618785,0.28492754900536615,2.1403591029407543,0.055035628674645065,0.2920576041893956,0.14744245524296676,1.4538994440140776,0.3099371810427073,0.22456850607100945,0.40573668041258565,3.2646925288805932,0.4154124021673691,0.8228825102154064,0.2741320489664861,183.7872340425532,0.06691363741606854,0.38671776859300566,0.0
ca-HepTh,up_pfix,2,0.15,0.15,3721,179172,0.020767753890116758,0.019238526701213267,1972919,5219368,0,0,8638,24806,47,0.7618818232012058,0.7991211803595905,0.2844387444804579,0.34822220430540995,0.19964482041804252,0.3883266201783079,0.18868179976026536,0.28121772403708706,0.7416775428223098,0.2713046635714231,2.417570593025219,0.055035628674645065,0.2976939203354298,0.14514387346757288,1.4819577338632697,0.3422126004108847,0.21078894541639626,0.3861884844821169,3.079806285627806,0.3285169576560305,0.7946829440548857,0.21573349387918925,183.7872340425532,0.06691363741606854,0.38671776859300566,0.0
ca-HepTh,up_pfix,2,0.2,0.2,4961,257097,0.01929621893682151,0.01591273660571062,2126210,5298918,0,0,8638,24806,47,0.7618818232012058,0.7991211803595905,0.2851428963144675,0.34822220430540995,0.20848138881510586,0.39010169960758173,0.18162031079247587,0.2929396305994089,0.7575384112064862,0.25751880664045373,2.6659656324076657,0.055035628674645065,0.3025566595958468,0.14341598839043473,1.506165060793614,0.36853280472603406,0.19967249165257214,0.3695684243522197,2.9169651415022955,0.3128637367047963,0.7692579327044342,0.1894441099739113,183.7872340425532,0.06691363741606854,0.38671776859300566,0.0
ca-HepTh,up_pfix,2,0.3,0.3,7442,428550,0.01736553494341384,0.014470437962590331,2407835,5438460,0,0,8638,24806,47,0.7618818232012058,0.7991211803595905,0.28621980620467935,0.34822220430540995,0.22431241263865154,0.3932818169869548,0.16896940434830326,0.3139980983690572,0.7854158054552406,0.23050151274055342,3.1606253229634085,0.055035628674645065,0.32054201776360736,0.13529705441837245,1.5956984332016948,0.4147021818541874,0.18412761393020105,0.342486134784483,2.651011451344398,0.44310656231186035,0.723200322857287,0.21673690547862734,183.7872340425532,0.06691363741606854,0.38671776859300566,0.0
ca-HepTh,up_pfix,2,0.4,0.4,9922,635563,0.015611355601254321,0.011979923966127732,2684940,5576230,0,0,8638,24806,47,0.7618818232012058,0.7991211803595905,0.2870639541081182,0.3482222043054099,0.23828062177180834,0.39608773435011374,0.1578071125783054,0.33257029580897857,0.8091881665685324,0.20716421810040736,3.694208682391756,0.055035628674645065,0.33546214584300976,0.12930715079659133,1.6699727051538635,0.4602852685732087,0.1730111601663769,0.319191027205857,2.4262725117287998,0.6736905478627333,0.6822882510215407,0.25968292193457754,183.7872340425532,0.06691363741606854,0.38671776859300566,0.0
ca-HepTh,up_pfix,2,0.5,0.5,12403,872740,0.01421156358136444,0.010460542126766085,2922757,5701011,0,0,8638,24806,47,0.7618818232012058,0.7991211803595905,0.2878864766309879,0.3482222043054099,0.2511905212374606,0.3986810597164503,0.14749053847898969,0.34958708293937146,0.8302176600866698,0.1862832191728019,4.185036545823446,0.055035628674645065,0.3480467366930249,0.12453315373783139,1.7326203793712978,0.501570767186014,0.1655262157990834,0.2993955060101374,2.2498612722594964,0.9287577764398957,0.6496493971649094,0.29399959863536024,183.7872340425532,0.06691363741606854,0.38671776859300566,0.0
ca-HepTh,up_pfix,2,1.0,1.0,24806,2844221,0.008721544493202182,0.0062912095018922325,3801100,6193322,0,0,8638,24806,47,0.7618818232012058,0.7991211803595905,0.29099952561809844,0.34822220430540995,0.2975550625326679,0.40799471404500054,0.11043965151233265,0.40968348514198333,0.9046858445992771,0.10454584076502291,6.321007549170769,0.055035628674645065,0.4290622216566993,0.09506107275624004,2.135925641263513,0.6644585875077681,0.16912746261730952,0.22886482115372012,1.7599757857034757,3.092514549468192,0.5169752307925137,0.4507324904675898,183.7872340425532,0.06691363741606854,0.38671776859300566,0.0
ca-HepTh,up_pfix,2,1.5,1.5,37209,7851187,0.004739283372055716,0.0024771488362413485,4276989,6487029,0,0,8638,24806,47,0.7618818232012058,0.7991211803595905,0.29299141945410456,0.34822220430540995,0.32151667418889107,0.41280809431118454,0.09129142012229348,0.4396651004258266,0.9428714087565786,0.061346412641299544,7.698683982128257,0.055035628674645065,0.5034510759236703,0.07251535855773095,2.5062427030629277,0.7616355610940613,0.21264505021906743,0.20111754573414348,1.6338092115219693,6.191651615492675,0.4742470867174494,0.654425045153522,183.7872340425532,0.06691363741606854,0.38671776859300566,0.0
ca-HepTh,up_pfix,2,2.0,2.0,49612,45321469,0.0010946688422654614,0.00033100898466683547,4516550,6629848,0,0,8638,24806,47,0.7618818232012058,0.7991211803595905,0.2940976863622034,0.34822220430540995,0.33323656263978607,0.4151623716695176,0.08192580902973151,0.4539776085673641,0.9616755132207615,0.03997484399589386,8.502068000454344,0.055035628674645065,0.55997150997151,0.05914764421455077,2.7876085242531166,0.8088891784427138,0.30484503878653785,0.20406135189072167,1.6571659183776422,11.60144491270319,0.48156182212581344,0.9305639173188842,183.7872340425532,0.06691363741606854,0.38671776859300566,0.0
ca-HepTh,up_pfix,2,2.0,2.0,49612,45321469,0.0010946688422654614,,4516550,6629848,1,0,8638,24806,47,0.7618818232012058,0.7991211803595905,0.2940976863622034,0.34822220430540995,0.33323656263978607,0.4151623716695176,0.08192580902973151,0.4539776085673641,0.9616755132207615,0.03997484399589386,8.502068000454344,0.055035628674645065,0.55997150997151,0.05914764421455077,2.7876085242531166,0.8088891784427138,0.30484503878653785,0.20406135189072167,1.6571659183776422,11.60144491270319,0.48156182212581344,0.9305639173188842,183.7872340425532,0.06691363741606854,0.38671776859300566,0.0
ca-HepTh,down_pfix,1,0.0,0.0,0,0,,,1395798,4907163,0,0,8638,24806,47,0.7618818232012058,0.7991211803595905,0.2816048208693767,0.3482222043054099,0.1736473032809125,0.3831042696222199,0.2094569663413074,0.2470593830248225,0.6870721548963393,0.3113662627073198,1.5813393919743293,0.055035628674645065,0.2856234770632482,0.14882540508882672,1.4218695508791763,0.23891531080420653,0.281129264921973,0.48156415202616737,3.802149018816526,1.6530202689143088,0.887907985673208,0.8101545253863135,183.7872340425532,0.06691363741606854,0.38671776859300566,0.0
ca-HepTh,down_pfix,1,0.01,0.01,248,8506,0.029155889960028214,0.029155889960028214,1347291,4874327,0,0,8638,24806,47,0.7618818232012058,0.7991211803595905,0.281161471755294,0.34822220430540995,0.16884731384597731,0.3821400534102437,0.2132927395642664,0.2406089304817337,0.6799718042504784,0.315795740527631,1.5196025371741702,0.055035628674645065,0.28547297297297297,0.14862397287074475,1.421120322610389,0.22805107159751598,0.27282723094046,0.4664169880133659,3.7478181909902637,1.3736704796307446,0.8801392322050143,0.7234597631948625,183.7872340425532,0.06691363741606854,0.38671776859300566,0.0
ca-HepTh,down_pfix,1,0.02,0.02,496,17466,0.028398030459177832,0.027678571428571427,1298698,4846573,0,0,8638,24806,47,0.7618818232012058,0.7991211803595905,0.28072441996061237,0.34822220430540995,0.16301064495911208,0.3809675902536183,0.21795694529450624,0.23265327334728456,0.6718716612318031,0.3224015276517671,1.4561910427242781,0.055035628674645065,0.2833543771043771,0.14965364004705267,1.4105736862233955,0.21886828152130391,0.26560456225180484,0.4523873384635489,3.695807899914241,1.1495083283162753,0.8722191393835443,0.6411800120409392,183.7872340425532,0.06691363741606854,0.38671776859300566,0.0
ca-HepTh,down_pfix,1,0.05,0.05,1240,42573,0.02912644164141592,0.02963317003226192,1178151,4779276,0,0,8638,24806,47,0.7618818232012058,0.7991211803595905,0.27964435153546535,0.34822220430540995,0.14999598663868496,0.37835322105218766,0.2283572344135027,0.214905228733694,0.6516712237032435,0.3381376212998988,1.3014912522424207,0.055035628674645065,0.2771336049305338,0.15295739512899625,1.379605900844235,0.1966021496571103,0.2503017851558691,0.41809908583530214,3.5838672249407253,0.6815171583383504,0.8494677899409776,0.4376881396748946,183.7872340425532,0.06691363741606854,0.38671776859300566,0.0
ca-HepTh,down_pfix,1,0.1,0.1,2481,89977,0.02757371328228325,0.02617922538182432,994046,4698272,0,0,8638,24806,47,0.7618818232012058,0.7991211803595905,0.27799607493618894,0.34822220430540995,0.12444189721484303,0.37321994573174083,0.2487780485168978,0.17934998895062718,0.6154301358716392,0.36928003377755875,1.067548218480272,0.055035628674645065,0.26414507772020723,0.16059646344681974,1.3149473806798038,0.169800869577357,0.2335968419318285,0.37532383618648885,3.4371184987136156,0.26831226168974515,0.8202088483075216,0.2097130242825607,183.7872340425532,0.06691363741606854,0.38671776859300566,0.0
ca-HepTh,down_pfix,1,0.15,0.15,3721,139221,0.026727289704857743,0.025180732678092763,847908,4645897,0,0,8638,24806,47,0.7618818232012058,0.7991211803595905,0.27639175299814844,0.34822220430540995,0.10261678045865696,0.368835742039244,0.26621896158058705,0.1487533308487519,0.5823294433885583,0.39748439351515985,0.8881238319148507,0.055035628674645065,0.2526826248452332,0.16765912399100172,1.2578858502730996,0.15247188527809924,0.22409439234424017,0.3418488116158258,3.3305755940069615,0.12502508528998596,0.7925641931090148,0.10475617098133655,183.7872340425532,0.06691363741606854,0.38671776859300566,0.0
ca-HepTh,down_pfix,1,0.2,0.2,4961,193004,0.025704130484342294,0.02305561236822044,727132,4616482,0,0,8638,24806,47,0.7618818232012058,0.7991211803595905,0.2744291400624038,0.34822220430540995,0.07496116985021356,0.3632803156237851,0.28831914577357154,0.10944086715969818,0.5450512168148681,0.43020720836760334,0.7437290147474327,0.055035628674645065,0.23845360824742268,0.17675095988349002,1.187052018098649,0.1427395306592416,0.2186975658799517,0.3160968760150123,3.2650456540382384,0.06361629540437487,0.7708217726882913,0.05518763796909492,183.7872340425532,0.06691363741606854,0.38671776859300566,0.0
ca-HepTh,down_pfix,1,0.3,0.3,7442,312815,0.02379041925738855,0.020707614492826203,544497,4614021,0,0,8638,24806,47,0.7618818232012058,0.7991211803595905,0.2725280716837767,0.34822220430540995,0.020974141245327815,0.35243546504174267,0.33146132379641485,0.03083516947559421,0.47420314981242434,0.4991565936503134,0.532268016995754,0.055035628674645065,0.20430329988621082,0.19869211969086464,1.0170474928712314,0.14192527518696532,0.2116161225567171,0.2738181749940602,3.1718206124199164,0.011840256873369457,0.7349543459617616,0.011840256873369457,183.7872340425532,0.06691363741606854,0.38671776859300566,0.0
ca-HepTh,down_pfix,1,0.4,0.4,9922,448320,0.022131513204853678,0.018301907678683442,418784,4635317,0,0,8638,24806,47,0.7618818232012058,0.7991211803595905,0.27019316952428013,0.34822220430540995,-0.027779253274809845,0.34264194069707415,0.370421193971884,-0.041192637141508705,0.41071253015435855,0.5633461289951693,0.3951054960634607,0.055035628674645065,0.17170874191529314,0.2192509855453351,0.8547876885311584,0.1489713477337337,0.20672367239750233,0.24128273983679424,3.098925490591737,0.009833433674493278,0.710134692024416,0.009833433674493278,183.7872340425532,0.06691363741606854,0.38671776859300566,0.0
ca-HepTh,down_pfix,1,0.5,0.5,12403,600488,0.02065486737453538,0.016304347826086956,326396,4678014,0,0,8638,24806,47,0.7618818232012058,0.7991211803595905,0.26882136706475923,0.34822220430540995,-0.07740332425554058,0.3326735158927131,0.4100768401482537,-0.11536371213795327,0.3494667117657737,0.6273815612136908,0.2983819563650711,0.055035628674645065,0.14296218487394957,0.23694884207771819,0.7116837162318269,0.16309823351178446,0.20475660480771493,0.21475644308874176,3.070423245724663,0.005819787276740919,0.6923270947888815,0.005819787276740919,183.7872340425532,0.06691363741606854,0.38671776859300566,0.0
ca-HepTh,down_pfix,1,1.0,1.0,24806,1840649,0.013476768248590579,0.010001120822215825,117704,4999638,0,0,8638,24806,47,0.7618818232012058,0.7991211803595905,0.2692813419992083,0.34822220430540995,-0.30955000911617014,0.2860401638544757,0.5955901729706459,-0.4605724463659495,0.13166542970105827,0.8687241104444614,0.09591307437093052,0.055035628674645065,0.04764471273040854,0.2924206323652521,0.23718136544060092,0.26951192795120144,0.21232224938382027,0.13153330749320818,3.1849871361549713,0.0016054585591009432,0.658931544165868,0.0016054585591009432,183.7872340425532,0.06691363741606854,0.38671776859300566,0.0
ca-HepTh,down_pfix,1,1.5,1.5,37209,5481807,0.006787725288394867,0.0034063339190444357,54127,5249800,0,0,8638,24806,47,0.7618818232012058,0.7991211803595905,0.2847095717760671,0.34822220430540995,-0.5268745776671662,0.24238426104509034,0.7692588387122565,-0.7414443676399145,0.029094314909708294,0.9745085922920353,0.04144294797224291,0.055035628674645065,0.008259074114322973,0.3144706485516534,0.041114708504895785,0.35228144337403533,0.23075215957121287,0.10028998503624363,3.4617868132976843,0.0004013646397752358,0.6832971800433839,0.0004013646397752358,183.7872340425532,0.06691363741606854,0.38671776859300566,0.0
ca-HepTh,down_pfix,1,1.8143,1.8143,45006,42000000,0.0010715714285714287,0.00021351001677437874,35093,5369435,1,1,8638,24806,47,0.7618818232012058,0.7991211803595905,0.3054803715907229,0.34822220430540995,-0.6766591499258351,0.2122957129694253,0.8889548628952604,-0.8874830011030055,0.002628864487438697,0.9976915205893652,0.026170868428187024,0.055035628674645065,0.00021769892239033417,0.318906460080671,0.0010837325845503975,0.3918643175819912,0.2501807348426514,0.0982896735805927,3.7533673006104022,0.0,0.7334913988800887,0.0,183.7872340425532,0.06691363741606854,0.38671776859300566,0.0
ca-HepTh,down_pfix,2,0.0,0.0,0,0,,,1395798,4907163,0,0,8638,24806,47,0.7618818232012058,0.7991211803595905,0.2816048208693767,0.3482222043054099,0.1736473032809125,0.3831042696222199,0.2094569663413074,0.2470593830248225,0.6870721548963393,0.3113662627073198,1.5813393919743293,0.055035628674645065,0.2856234770632482,0.14882540508882672,1.4218695508791763,0.23891531080420653,0.281129264921973,0.48156415202616737,3.802149018816526,1.6530202689143088,0.887907985673208,0.8101545253863135,183.7872340425532,0.06691363741606854,0.38671776859300566,0.0
ca-HepTh,down_pfix,2,0.01,0.01,248,7642,0.03245223763412719,0.03245223763412719,1350609,4882555,0,0,8638,24806,47,0.7618818232012058,0.7991211803595905,0.2814262179085523,0.34822220430540995,0.16925406837120924,0.3822217617791557,0.21296769340794644,0.24096166594251028,0.6802312850828973,0.31682579773398756,1.5212271861278344,0.055035628674645065,0.2837680853310804,0.14970333181195802,1.4126331777489025,0.23077341780876723,0.27324081951062046,0.467084258227216,3.7513494425667155,1.3843066425847883,0.8805428038137517,0.720048163756773,183.7872340425532,0.06691363741606854,0.38671776859300566,0.0
ca-HepTh,down_pfix,2,0.02,0.02,496,15283,0.032454361054766734,0.032456484753304544,1298774,4853478,0,0,8638,24806,47,0.7618818232012058,0.7991211803595905,0.28097235145634586,0.34822220430540995,0.16426210256793794,0.3812189815809092,0.21695687901297128,0.23423251748526866,0.6725358272811512,0.32212509466555456,1.4534785830980752,0.055035628674645065,0.28309829509576934,0.14983010977522215,1.4092988778136977,0.22115289510767877,0.26662340238805365,0.45344350257662736,3.7093275488069413,1.156532209512342,0.8734298542097564,0.6413806943608268,183.7872340425532,0.06691363741606854,0.38671776859300566,0.0
ca-HepTh,down_pfix,2,0.05,0.05,1240,42168,0.02940618478467084,0.02767342384229124,1158028,4773007,0,0,8638,24806,47,0.7618818232012058,0.7991211803595905,0.27988097955300684,0.34822220430540995,0.14839934818269024,0.37803249020375496,0.22963314202106472,0.21243790156778036,0.6502463822691547,0.3397776472696468,1.2743589558159825,0.055035628674645065,0.27705943691345153,0.15286540483701366,1.379236683137684,0.1945279653597918,0.2510583496134796,0.417520897331462,3.5922917822731173,0.6931567328918322,0.8489128789789638,0.44210315071242223,183.7872340425532,0.06691363741606854,0.38671776859300566,0.0
ca-HepTh,down_pfix,2,0.1,0.1,2481,86742,0.028602061285190564,0.02784134248665141,986406,4701013,0,0,8638,24806,47,0.7618818232012058,0.7991211803595905,0.2780445715668194,0.34822220430540995,0.12453617685711776,0.3732388845149971,0.24870270765787933,0.1794545620616839,0.6160049449872997,0.3679603878227592,1.0563828117905916,0.055035628674645065,0.2670184150631078,0.15865257595772786,1.3292512149418931,0.17070776687500408,0.23477708248570092,0.37558909608073043,3.449124754073551,0.29098936383704593,0.8184936689703879,0.22737306843267108,183.7872340425532,0.06691363741606854,0.38671776859300566,0.0
ca-HepTh,down_pfix,2,0.15,0.15,3721,134878,0.02758789424516971,0.025760345687219546,840199,4642048,0,0,8638,24806,47,0.7618818232012058,0.7991211803595905,0.276508823120614,0.34822220430540995,0.09891183367349565,0.36809149670221036,0.2691796630287147,0.14332193204834456,0.5801754467434144,0.39933607084548545,0.8791556881377691,0.055035628674645065,0.2528072524981972,0.16749453606199086,1.2585062623861691,0.15119839104291377,0.22502244474557576,0.3433762398658822,3.344095242899662,0.1266305438490869,0.793522675679766,0.109773228978527,183.7872340425532,0.06691363741606854,0.38671776859300566,0.0
ca-HepTh,down_pfix,2,0.2,0.2,4961,189350,0.02620015843675733,0.022763988838302246,725346,4616749,0,0,8638,24806,47,0.7618818232012058,0.7991211803595905,0.27476523933412117,0.34822220430540995,0.07238236317655095,0.36276228798309895,0.290379924806548,0.1055466281588872,0.5428530251100728,0.4329881411154987,0.7415108409840535,0.055035628674645065,0.2384140061791967,0.17673555908850028,1.1868548740279259,0.142827871257006,0.21871774093215465,0.3146499997505533,3.2662059224133584,0.060204695966285374,0.7687534681935125,0.05679309652819586,183.7872340425532,0.06691363741606854,0.38671776859300566,0.0
ca-HepTh,down_pfix,2,0.3,0.3,7442,306509,0.024279874326691875,0.021176350088341483,539235,4599959,0,0,8638,24806,47,0.7618818232012058,0.7991211803595905,0.27200737238003697,0.34822220430540995,0.019955433054495098,0.35223082814281015,0.33227539508831505,0.029393674221036975,0.4737040053115466,0.4995140061994973,0.5282665289605151,0.055035628674645065,0.2063081695966908,0.19741014799154333,1.027027986156033,0.1372726703713823,0.21146480966519499,0.2726032629023351,3.168390253745649,0.01645595023078467,0.7352570246683146,0.01625526791089705,183.7872340425532,0.06691363741606854,0.38671776859300566,0.0
ca-HepTh,down_pfix,2,0.4,0.4,9922,445744,0.0222594134749991,0.017811613459259527,415872,4626284,0,0,8638,24806,47,0.7618818232012058,0.7991211803595905,0.2695774405308422,0.34822220430540995,-0.03462065070352782,0.34126764885690236,0.3758882995604302,-0.05145470295068494,0.40527708449762334,0.5679805157846419,0.3929285449515969,0.055035628674645065,0.17458333333333334,0.21747994212810734,0.8690977657368387,0.1459826562745415,0.20595702041379033,0.23573240706592777,3.0879281642536447,0.007826610475617099,0.7080663875296372,0.007826610475617099,183.7872340425532,0.06691363741606854,0.38671776859300566,0.0
ca-HepTh,down_pfix,2,0.5,0.5,12403,598023,0.020740004983085935,0.016292463176143787,324571,4685771,0,0,8638,24806,47,0.7618818232012058,0.7991211803595905,0.26826979511488236,0.34822220430540995,-0.08437192194755033,0.3312736722137933,0.4156455941613436,-0.12600841805478336,0.3452642530990881,0.631650664268805,0.2960616832348761,0.055035628674645065,0.1433684210526316,0.23657389259114073,0.7137060109635922,0.1656647429382157,0.2048070424382223,0.2108602869218096,3.0714826211975987,0.004615693357415212,0.6909145941583009,0.004615693357415212,183.7872340425532,0.06691363741606854,0.38671776859300566,0.0
ca-HepTh,down_pfix,2,1.0,1.0,24806,1829028,0.01356239488952602,0.010075507410611655,115512,4997911,0,0,8638,24806,47,0.7618818232012058,0.7991211803595905,0.2693177138085922,0.34822220430540995,-0.315382888306221,0.2848684619676732,0.6002513502738942,-0.4691876820385495,0.1265409692556164,0.8734213654782209,0.0941179218333652,0.055035628674645065,0.04544963834610817,0.2935083317248922,0.2262540093946537,0.2689405264068614,0.2117371728699348,0.128590851535154,3.1762094536649346,0.0016054585591009432,0.6601927054431721,0.0016054585591009432,183.7872340425532,0.06691363741606854,0.38671776859300566,0.0
ca-HepTh,down_pfix,2,1.5,1.5,37209,5582796,0.0066649399333237325,0.0033041466601025954,52640,5253024,0,0,8638,24806,47,0.7618818232012058,0.7991211803595905,0.2860235558751565,0.34822220430540995,-0.5369163782613935,0.24036707599465762,0.777283454256051,-0.7521046004833173,0.026793134694585715,0.9762009477230909,0.04026789810372496,0.055035628674645065,0.006199695453556668,0.31552651806302845,0.03086286281776575,0.3533481478204468,0.23226528848643396,0.10138654400308367,3.484588609191343,0.0,0.69182263027796,0.0,183.7872340425532,0.06691363741606854,0.38671776859300566,0.0
ca-HepTh,down_pfix,2,1.7984,1.7984,44611,42000000,0.0010621666666666668,0.00020325558216935052,35090,5361477,1,1,8638,24806,47,0.7618818232012058,0.7991211803595905,0.3055096306881525,0.34822220430540995,-0.6769986896801727,0.2122275066243529,0.8892261963045256,-0.8878432916581965,0.0024891319686348406,0.9976303733759201,0.026207714207786746,0.055035628674645065,0.00043544524276072284,0.3187580025608195,0.0021677011221999786,0.38923130455949034,0.2499890718467234,0.09928668091642584,3.750491852898149,0.0,0.7408061342884528,0.0,183.7872340425532,0.06691363741606854,0.38671776859300566,0.0
ca-HepTh,neutral_pfix,1,0.0,0.0,0,0,,,1395798,4907163,0,0,8638,24806,47,0.7618818232012058,0.7991211803595905,0.2816048208693767,0.3482222043054099,0.1736473032809125,0.3831042696222199,0.2094569663413074,0.2470593830248225,0.6870721548963393,0.3113662627073198,1.5813393919743293,0.055035628674645065,0.2856234770632482,0.14882540508882672,1.4218695508791763,0.23891531080420653,0.281129264921973,0.48156415202616737,3.802149018816526,1.6530202689143088,0.887907985673208,0.8101545253863135,183.7872340425532,0.06691363741606854,0.38671776859300566,0.0
ca-HepTh,neutral_pfix,1,0.01,0.01,248,3201,0.077475788815995,0.077475788815995,1392452,4906250,0,0,8638,24806,47,0.7618818232012058,0.7991211803595905,0.2814836293850128,0.34822220430540995,0.17191648071239796,0.3827565840276497,0.21084010331525177,0.2447021385215089,0.6855286990042491,0.31317527365833014,1.576456297644758,0.055035628674645065,0.28421610169491524,0.14968111414811922,1.4148634594910834,0.23861323228076556,0.2723430296875893,0.46463316631317997,3.720778893204863,1.4523379490266908,0.8750441406447056,0.7439293598233996,183.7872340425532,0.06691363741606854,0.38671776859300566,0.0
ca-HepTh,neutral_pfix,1,0.02,0.02,496,6543,0.07580620510469203,0.07420706163973669,1382325,4893844,0,0,8638,24806,47,0.7618818232012058,0.7991211803595905,0.28135380096392615,0.34822220430540995,0.17059176051501798,0.3824904757980462,0.2118987152830282,0.24292860664608046,0.6841062821989052,0.31425751859404255,1.566006764458796,0.055035628674645065,0.28433862433862434,0.14951810367283147,1.4154733926036356,0.23450853768951813,0.26320373103965405,0.4476710803922185,3.635776623114564,1.2450331125827814,0.8622811885183878,0.673289183222958,183.7872340425532,0.06691363741606854,0.38671776859300566,0.0
ca-HepTh,neutral_pfix,1,0.05,0.05,1240,16004,0.07748062984253937,0.07863862171017863,1358529,4869544,0,0,8638,24806,47,0.7618818232012058,0.7991211803595905,0.28095404284478664,0.34822220430540995,0.16510468616084592,0.381388238778501,0.21628355261765506,0.23544935706598316,0.678170294969197,0.31876868969893896,1.5392697069372667,0.055035628674645065,0.2835127717964957,0.1498173754239499,1.4113621948994328,0.2264685507019865,0.2413238869255574,0.4030980627225849,3.414770720879786,0.8183825005017058,0.8271704585582405,0.49869556492073047,183.7872340425532,0.06691363741606854,0.38671776859300566,0.0
ca-HepTh,neutral_pfix,1,0.1,0.1,2481,31796,0.07802868285318908,0.07858409321175279,1314423,4838821,0,0,8638,24806,47,0.7618818232012058,0.7991211803595905,0.2811028062673055,0.34822220430540995,0.15684602780254345,0.37972924923567175,0.2228832214331283,0.22355363604482262,0.6682304560319696,0.3272806855218149,1.483640559662119,0.055035628674645065,0.28124672053730715,0.1507494927014466,1.400081507053671,0.21630342641318287,0.21648839766372896,0.35233993414599213,3.141250063058064,0.42424242424242425,0.77894365131413,0.29901665663255067,183.7872340425532,0.06691363741606854,0.38671776859300566,0.0
ca-HepTh,neutral_pfix,1,0.15,0.15,3721,47370,0.07855182605024277,0.07961987928598947,1295006,4822945,0,0,8638,24806,47,0.7618818232012058,0.7991211803595905,0.28124191538817084,0.3482222043054099,0.15358327440201147,0.3790738311837952,0.2254905567817837,0.21879493809835113,0.663862277280766,0.3310095721811927,1.4602566982847567,0.055035628674645065,0.2796690059704619,0.15158267252113508,1.3922274457361588,0.2110506349146621,0.19916811534749845,0.3133413623011955,2.9264490743076226,0.24503311258278146,0.7355092569237754,0.1950632149307646,183.7872340425532,0.06691363741606854,0.38671776859300566,0.0
ca-HepTh,neutral_pfix,1,0.2,0.2,4961,63044,0.07869107290146564,0.07911190506571392,1279467,4811154,0,0,8638,24806,47,0.7618818232012058,0.7991211803595905,0.2810853566155467,0.34822220430540995,0.1487303457626617,0.37809898060692343,0.22936863484426173,0.2119994630861453,0.6590070518631328,0.335733791718762,1.4412037255198487,0.055035628674645065,0.27744030163385003,0.15296893432953204,1.3811326755627704,0.2071494214755682,0.18660914535116357,0.2814201337053987,2.760429803763305,0.1559301625526791,0.6972204005448217,0.13285169576560305,183.7872340425532,0.06691363741606854,0.38671776859300566,0.0
ca-HepTh,neutral_pfix,1,0.3,0.3,7442,94729,0.07856094754510234,0.0783020356635632,1228485,4760368,0,0,8638,24806,47,0.7618818232012058,0.7991211803595905,0.2806277295678049,0.34822220430540995,0.1389682621320379,0.37613798476997273,0.23716972263793484,0.19840766158649736,0.648105672994482,0.34591480781921813,1.383700326723043,0.055035628674645065,0.272149259954138,0.1559295293189587,1.3547932053827711,0.19034617953528946,0.1680884474288577,0.23124009986329155,2.502396206426878,0.07706201083684527,0.6269989406245271,0.06883403572145294,183.7872340425532,0.06691363741606854,0.38671776859300566,0.0
ca-HepTh,neutral_pfix,1,0.4,0.4,9922,126639,0.0783486919511367,0.07771858351613914,1204350,4742346,0,0,8638,24806,47,0.7618818232012058,0.7991211803595905,0.28008188805281925,0.34822220430540995,0.12923686844690963,0.37418315389304807,0.24494628544613845,0.1848735562161344,0.6373287145319967,0.354979401336182,1.3541721355922178,0.055035628674645065,0.26748415255117947,0.15866429559375617,1.3315697146667789,0.1843833546180345,0.15541851464540662,0.19237285127578105,2.3178630883317357,0.0549869556492073,0.5707007012056702,0.05017057997190447,183.7872340425532,0.06691363741606854,0.38671776859300566,0.0
ca-HepTh,neutral_pfix,1,0.5,0.5,12403,159094,0.07796019963040718,0.07644430750269604,1177545,4723653,0,0,8638,24806,47,0.7618818232012058,0.7991211803595905,0.28000904987395353,0.34822220430540995,0.11969853935741526,0.37226710560420867,0.2525685662467934,0.17127350195661128,0.6269776656462067,0.36518257823965655,1.3210037431464143,0.055035628674645065,0.2660103626943005,0.15940881499076273,1.3242330036112422,0.17819852018355195,0.14602702784493454,0.16588476902078467,2.177319275588962,0.05358217940999398,0.5312515764515966,0.04836443909291591,183.7872340425532,0.06691363741606854,0.38671776859300566,0.0
ca-HepTh,neutral_pfix,1,1.0,1.0,24806,315973,0.07850670785162023,0.07906093231088929,1083145,4645854,0,0,8638,24806,47,0.7618818232012058,0.7991211803595905,0.27847671628625703,0.34822220430540995,0.08707245080257103,0.3657132154458281,0.27864076464325704,0.1252752488358716,0.591773301484544,0.3995227824444204,1.209441153459393,0.055035628674645065,0.25133196721311474,0.16815100358899376,1.251162106901169,0.15245765814063153,0.11666223936354435,0.09789963961295843,1.7435302426474297,0.02669074854505318,0.4330323361751501,0.02588801926550271,183.7872340425532,0.06691363741606854,0.38671776859300566,0.0
ca-HepTh,neutral_pfix,1,1.5,1.5,37209,471096,0.07898390137042131,0.07995590595849746,1050085,4605579,0,0,8638,24806,47,0.7618818232012058,0.7991211803595905,0.27746345837923897,0.34822220430540995,0.0683582054790986,0.36195391993478787,0.29359571445568927,0.09870934106646292,0.5717503781636255,0.4189467161663483,1.174905666882624,0.055035628674645065,0.24295630869742751,0.17341772151898735,1.209467026600118,0.1391321241520378,0.10201515146420441,0.07092321016322337,1.5226756797659284,0.031105759582580775,0.37506936387025175,0.029901665663255066,183.7872340425532,0.06691363741606854,0.38671776859300566,0.0
ca-HepTh,neutral_pfix,1,2.0,2.0,49612,626348,0.07920836340181496,0.07988947002293047,1008903,4600275,0,0,8638,24806,47,0.7618818232012058,0.7991211803595905,0.2770302273113927,0.34822220430540995,0.054799363149878544,0.3592302356920037,0.30443087254212514,0.07925410167146667,0.5538906083843014,0.43540739417009305,1.1175514203459314,0.055035628674645065,0.23667855323484463,0.17743979721166034,1.1782155712509645,0.13737722328858637,0.09529685908062287,0.05939510491695093,1.4245573323916663,0.020469596628537028,0.36104525046662966,0.019666867348986556,183.7872340425532,0.06691363741606854,0.38671776859300566,0.0
ca-HepTh,neutral_pfix,1,2.0,2.0,49612,626348,0.07920836340181496,,1008903,4600275,1,0,8638,24806,47,0.7618818232012058,0.7991211803595905,0.2770302273113927,0.34822220430540995,0.054799363149878544,0.3592302356920037,0.30443087254212514,0.07925410167146667,0.5538906083843014,0.43540739417009305,1.1175514203459314,0.055035628674645065,0.23667855323484463,0.17743979721166034,1.1782155712509645,0.13737722328858637,0.09529685908062287,0.05939510491695093,1.4245573323916663,0.020469596628537028,0.36104525046662966,0.019666867348986556,183.7872340425532,0.06691363741606854,0.38671776859300566,0.0
ca-HepTh,neutral_pfix,2,0.0,0.0,0,0,,,1395798,4907163,0,0,8638,24806,47,0.7618818232012058,0.7991211803595905,0.2816048208693767,0.3482222043054099,0.1736473032809125,0.3831042696222199,0.2094569663413074,0.2470593830248225,0.6870721548963393,0.3113662627073198,1.5813393919743293,0.055035628674645065,0.2856234770632482,0.14882540508882672,1.4218695508791763,0.23891531080420653,0.281129264921973,0.48156415202616737,3.802149018816526,1.6530202689143088,0.887907985673208,0.8101545253863135,183.7872340425532,0.06691363741606854,0.38671776859300566,0.0
ca-HepTh,neutral_pfix,2,0.01,0.01,248,3066,0.08088714938030006,0.08088714938030006,1388810,4899485,0,0,8638,24806,47,0.7618818232012058,0.7991211803595905,0.2814364552374267,0.34822220430540995,0.17202538860468486,0.3827784613165018,0.21075307271181692,0.24489819837612126,0.6853227321073054,0.3127275221755077,1.5737317331332406,0.055035628674645065,0.2856991749524011,0.1486451276706618,1.4222463844810882,0.23637493960707623,0.27132418955134047,0.461300786935099,3.7076123694698078,1.443909291591411,0.873328961307572,0.7371061609472206,183.7872340425532,0.06691363741606854,0.38671776859300566,0.0
ca-HepTh,neutral_pfix,2,0.02,0.02,496,6438,0.0770425598011805,0.07354685646500593,1381841,4896380,0,0,8638,24806,47,0.7618818232012058,0.7991211803595905,0.2812122152024459,0.34822220430540995,0.17068773604534818,0.38250975524929326,0.21182201920394508,0.24318765854461466,0.6841385515271926,0.31395188882578107,1.5641132719602926,0.055035628674645065,0.2846869712351946,0.14925081433224754,1.417207507216584,0.23534760793644738,0.2627901424694936,0.4442283464274584,3.62659536901579,1.256873369456151,0.8604146698279777,0.6682721252257676,183.7872340425532,0.06691363741606854,0.38671776859300566,0.0
ca-HepTh,neutral_pfix,2,0.05,0.05,1240,15056,0.08235919234856535,0.08633093525179857,1364770,4873703,0,0,8638,24806,47,0.7618818232012058,0.7991211803595905,0.28086928727621957,0.34822220430540995,0.16617284528809578,0.38160280932317103,0.21542996403507525,0.2370441263986284,0.678911072200291,0.3189687089157669,1.5472585290574885,0.055035628674645065,0.2827418673426278,0.15034554700743252,1.4075245356815627,0.22784461267240402,0.2412431867167456,0.40263966516143124,3.406800181607224,0.8452739313666466,0.8262119759874893,0.5003010234798314,183.7872340425532,0.06691363741606854,0.38671776859300566,0.0
ca-HepTh,neutral_pfix,2,0.1,0.1,2481,30681,0.08086437860565171,0.079424,1347205,4845652,0,0,8638,24806,47,0.7618818232012058,0.7991211803595905,0.28054487722149407,0.34822220430540995,0.16013411904007455,0.38038975712233697,0.22025563808226242,0.22869408221427384,0.6729009895309795,0.32427749682624196,1.531922803318359,0.055035628674645065,0.2807202274402443,0.15134887974394148,1.397460558274674,0.21856355608856676,0.2156208704190022,0.35140140959531735,3.122433536800686,0.4473208910295003,0.7772284719769964,0.3102548665462573,183.7872340425532,0.06691363741606854,0.38671776859300566,0.0
ca-HepTh,neutral_pfix,2,0.15,0.15,3721,46336,0.08030473066298342,0.07920792079207921,1309459,4810254,0,0,8638,24806,47,0.7618818232012058,0.7991211803595905,0.28019220996921684,0.34822220430540995,0.15396065934812092,0.37914963982631966,0.22518898047819874,0.2201542634782218,0.6658882950353858,0.3305547897811951,1.4880026981239887,0.055035628674645065,0.2779291553133515,0.15271226415094338,1.3835662505926145,0.20685164417973365,0.1980685750024378,0.31185064045229177,2.9054633506532817,0.26289383905277947,0.7348534530595773,0.1962673088500903,183.7872340425532,0.06691363741606854,0.38671776859300566,0.0
ca-HepTh,neutral_pfix,2,0.2,0.2,4961,61651,0.08046909214773483,0.08096637283708782,1283265,4775828,0,0,8638,24806,47,0.7618818232012058,0.7991211803595905,0.27962626552988606,0.34822220430540995,0.14906565541178765,0.3781663372134539,0.22910068180166623,0.21358611979068373,0.6599659444441728,0.33572682660570735,1.4616742440728676,0.055035628674645065,0.2763761467889908,0.15327987380044697,1.3758351790583399,0.1954613317504021,0.182977635954633,0.27692698733140675,2.7017605811431165,0.1725867951033514,0.692427987691066,0.13525988360425448,183.7872340425532,0.06691363741606854,0.38671776859300566,0.0
ca-HepTh,neutral_pfix,2,0.3,0.3,7442,93624,0.07948816542766812,0.07759672223438527,1231294,4732909,0,0,8638,24806,47,0.7618818232012058,0.7991211803595905,0.2791924075439557,0.34822220430540995,0.13932235292059758,0.3762091141096242,0.23688676118902663,0.19993581222196152,0.6483677657442963,0.34618970706323915,1.3988523055601991,0.055035628674645065,0.27031233786448067,0.15676709077724307,1.3456487764532026,0.18126099423937883,0.1655463908512863,0.23415884816199115,2.4645109216566614,0.07605859923740718,0.6330020683044948,0.06722857716235199,183.7872340425532,0.06691363741606854,0.38671776859300566,0.0
ca-HepTh,neutral_pfix,2,0.4,0.4,9922,124397,0.07976076593486982,0.0805901277093556,1207939,4715942,0,0,8638,24806,47,0.7618818232012058,0.7991211803595905,0.27887244841622494,0.34822220430540995,0.13096086909223786,0.3745294691077409,0.243568600015503,0.18815221421158365,0.6385964562213438,0.3550980157941835,1.3698201204253537,0.055035628674645065,0.26675630947455525,0.1588056546439424,1.327946420394505,0.17564723048557437,0.1518979680359923,0.19836023321522775,2.2663068153155423,0.049969897652016856,0.5817484739948544,0.04555488661448926,183.7872340425532,0.06691363741606854,0.38671776859300566,0.0
ca-HepTh,neutral_pfix,2,0.5,0.5,12403,155212,0.07991005850063139,0.0805127373032614,1187320,4712072,0,0,8638,24806,47,0.7618818232012058,0.7991211803595905,0.27887446445407804,0.34822220430540995,0.11965622553037131,0.3722586056525776,0.2526023801222063,0.1719095267060164,0.6271904255531209,0.36754178756528694,1.3400398438263637,0.055035628674645065,0.25907488073013896,0.1638749670271696,1.2897073031089359,0.17436678811348605,0.1426174440226364,0.16654569721412718,2.129193361247036,0.041541240216736906,0.5401805982949099,0.039735099337748346,183.7872340425532,0.06691363741606854,0.38671776859300566,0.0
ca-HepTh,neutral_pfix,2,1.0,1.0,24806,310588,0.07986786353626026,0.07982571310884563,1099793,4647183,0,0,8638,24806,47,0.7618818232012058,0.7991211803595905,0.2777160418666693,0.34822220430540995,0.09110638674367305,0.3665235477361817,0.2754171609925086,0.1314380934225977,0.5960701586929131,0.3963346740467304,1.2333334417249466,0.055035628674645065,0.24861310869118552,0.1700504246284501,1.2376272876166063,0.1528973759474806,0.11644031378931192,0.10084785116808714,1.7389396155980428,0.03170780654224363,0.42869394138122385,0.030102347983142687,183.7872340425532,0.06691363741606854,0.38671776859300566,0.0
ca-HepTh,neutral_pfix,2,1.5,1.5,37209,465422,0.07994680096772391,0.08010514486482297,1038955,4620773,0,0,8638,24806,47,0.7618818232012058,0.7991211803595905,0.27763380148896993,0.34822220430540995,0.06917703296235383,0.3621184050331133,0.2929413720707595,0.09983044016767112,0.5709018087214128,0.4202274617622633,1.1539094144194892,0.055035628674645065,0.24298874104401227,0.1735168927906358,1.2096284788957996,0.14415926663304826,0.10279189097401789,0.07434823416401853,1.5354890783433386,0.026490066225165563,0.38268677798516876,0.025285972305839857,183.7872340425532,0.06691363741606854,0.38671776859300566,0.0
ca-HepTh,neutral_pfix,2,2.0,2.0,49612,622601,0.07968506314638107,0.07891003251070436,1029843,4629121,0,0,8638,24806,47,0.7618818232012058,0.7991211803595905,0.27830121364230115,0.34822220430540995,0.0573977345335181,0.35975219346853665,0.30235445893501856,0.08263290973719391,0.5589680695021905,0.4311192484148977,1.1382407333422864,0.055035628674645065,0.23978285363105603,0.17562986106494716,1.1936691686076615,0.14692131648374418,0.09795996597141195,0.06022614848167577,1.4639560106946476,0.022677102147300822,0.36503052010291076,0.02187437286775035,183.7872340425532,0.06691363741606854,0.38671776859300566,0.0
ca-HepTh,neutral_pfix,2,2.0,2.0,49612,622601,0.07968506314638107,,1029843,4629121,1,0,8638,24806,47,0.7618818232012058,0.7991211803595905,0.27830121364230115,0.34822220430540995,0.0573977345335181,0.35975219346853665,0.30235445893501856,0.08263290973719391,0.5589680695021905,0.4311192484148977,1.1382407333422864,0.055035628674645065,0.23978285363105603,0.17562986106494716,1.1936691686076615,0.14692131648374418,0.09795996597141195,0.06022614848167577,1.4639560106946476,0.022677102147300822,0.36503052010291076,0.02187437286775035,183.7872340425532,0.06691363741606854,0.38671776859300566,0.0
ca-CondMat,up,1,0.0,0.0,0,0,,,24276360,55005841,0,0,21363,91286,54,0.731159427192281,0.7591196897662292,0.2043764030435079,0.2340227417128585,0.11257658386808375,0.2611402241600606,0.14856364029197686,0.23554456810489915,0.6925891323776119,0.2958969780285326,2.4896442710970432,0.07353211497548628,0.35801339052202114,0.15645617342130066,1.48627087940303,0.125282503985448,0.26182397612958924,0.6417316374785192,6.011674387058603,4.391377506935286,0.9678196747333939,0.9446541452544454,395.6111111111111,0.04540560782661611,0.3159937309401335,0.1
ca-CondMat,up,1,0.01,0.01,913,1126,0.8108348134991119,0.8108348134991119,24915627,54991981,0,0,21363,91286,54,0.7145522804227873,0.7425125429967355,0.20421898413160347,0.2340227417128585,0.10644840809662454,0.261431871615704,0.1549834635190795,0.22791504568611864,0.680942421703297,0.3080442776150442,2.388880080503556,0.07353211497548628,0.3727905030854513,0.1743523999849176,1.4478006324041057,0.12508773390684655,0.24609626126834006,0.6025761987174311,5.7461973119310725,3.9500106360348863,0.9636181230728376,0.8696022122952564,395.6111111111111,0.04540560782661611,0.3159937309401335,0.1
ca-CondMat,up,1,0.02,0.02,1826,2258,0.8086802480070859,0.8065371024734982,25613689,54975107,0,0,21363,91286,54,0.6988434094020394,0.7268036719759876,0.2041378176927208,0.2340227417128585,0.10107752036525858,0.26163674912241947,0.1605592287571609,0.22063636652416554,0.6714313109224725,0.31762319055586685,2.3207981050528557,0.07353211497548628,0.387324496038905,0.19089726427722997,1.4177514714065316,0.12485060906512081,0.23177523934699243,0.5676641872922604,5.509156404961792,3.558442599943863,0.9597118181681161,0.8054452864990577,395.6111111111111,0.04540560782661611,0.3159937309401335,0.1
ca-CondMat,up,1,0.05,0.05,4564,5735,0.7958151700087184,0.7874604544147253,27616171,54939343,0,0,21363,91286,54,0.6523083437840913,0.6802686063580395,0.20380437314515426,0.23402274171285845,0.0892781355672706,0.2625677644195378,0.17328962885226717,0.20429816621280214,0.6497422680280127,0.3397648616293924,2.150440822089481,0.07353211497548628,0.42969567036184897,0.2404313888155662,1.3439270553551834,0.12434802918841806,0.19289908343010617,0.4708512534816125,4.822154946134399,2.6934936786925685,0.9439282436110082,0.6528934114503032,395.6111111111111,0.04540560782661611,0.3159937309401335,0.1
ca-CondMat,up,1,0.1,0.1,9129,11758,0.7764075523048137,0.7579279428856052,30976657,55125778,0,0,21363,91286,54,0.5801286009976838,0.608088863571632,0.20368754607968365,0.2340227417128585,0.07794006632617725,0.26456832168005295,0.1866282553538757,0.18679860221301098,0.6294383950183515,0.36141544435175665,1.9902730613603452,0.07353211497548628,0.4965091650759616,0.3164979356371246,1.2668922082715852,0.12696793969376066,0.14185709999816318,0.34744430118548864,3.854566744730679,1.7906138193202146,0.9118176905062151,0.49236918604651164,395.6111111111111,0.04540560782661611,0.3159937309401335,0.1
ca-CondMat,up,1,0.15,0.15,13693,17995,0.760933592664629,0.7317620650953984,34148299,55391254,0,0,21363,91286,54,0.5134261493621647,0.5413864119361129,0.20361628649738978,0.2340227417128585,0.07219535578677738,0.26713251287178136,0.19493715708500398,0.17667450495999434,0.6177365351416725,0.37439430511449423,1.8976432918150317,0.07353211497548628,0.5561755075311068,0.3884882604356913,1.2127322914244505,0.13069858770146472,0.10400343688198882,0.25246749420944914,3.045952125614617,1.2732353994983876,0.8680520426539325,0.38889286993908995,395.6111111111111,0.04540560782661611,0.3159937309401335,0.1
ca-CondMat,up,1,0.2,0.2,18257,24584,0.742637487796941,0.6926696008499014,37193238,55839269,0,0,21363,91286,54,0.4529787642209601,0.4809390267949083,0.203918926683527,0.2340227417128585,0.06922370941721534,0.26995406769182473,0.2007303582746094,0.16961002943805384,0.611129645236248,0.38218659372220326,1.8482011273229342,0.07353211497548628,0.6098399370244031,0.4540018053257108,1.1748907517719362,0.13699439699183977,0.07665022378510099,0.18348066360840726,2.4077397899915725,0.9395985902116792,0.8179851035236771,0.31933393833231327,395.6111111111111,0.04540560782661611,0.3159937309401335,0.1
ca-CondMat,up,1,0.3,0.3,27386,38893,0.7041369912323554,0.6379900761758334,42768818,56843651,0,0,21363,91286,54,0.34666454298221594,0.3746248055561641,0.20492069912012362,0.2340227417128585,0.06947206811523166,0.2774688498188369,0.20799678170360525,0.16409410875121505,0.6091422488525999,0.38606739852707866,1.8202870393572257,0.07353211497548628,0.7065521796565389,0.5678755894902313,1.1298052528049118,0.15110865103843504,0.04157321028044059,0.09473544106980199,1.4510205275162291,0.5580507286995515,0.6756243055149423,0.22852438340807174,395.6111111111111,0.04540560782661611,0.3159937309401335,0.1
ca-CondMat,up,1,0.4,0.4,36514,54622,0.668485225733221,0.5803293279928794,47926759,58146056,0,0,21363,91286,54,0.259827569076031,0.2877878316499792,0.20653476080144678,0.2340227417128585,0.0768915730678342,0.28878585569534476,0.21189428262751056,0.16854912338221734,0.6169020844745926,0.3802910009731125,1.8950474019217087,0.07353211497548628,0.7850891237058384,0.6614569782568296,1.10232478269032,0.16941092551324238,0.024157157755740552,0.04892489772670361,0.8561151079136691,0.3822963931400446,0.5045868067450802,0.17948165807890487,395.6111111111111,0.04540560782661611,0.3159937309401335,0.1
