arm,detector,is_proxy,mu,d_nom,lfr_seed,gen_mode,n,m,d_avg_real,n_comm_planted,mu_real,comm_size_min,comm_size_max,deg_min,deg_max,deg_cv,k_fixed,sparsifier,target_ret,realized_ret,knob,status,m_sparse,Q_base,AMI_base,ARI_base,nc_base,cv_base,T_base,Q_orig_transfer,AMI,ARI,nc_sparse,cv_sparse,AMI_chance,ARI_chance,T_sparsify,T_detect_sparse,T_pipeline,dQ,dAMI,dARI,dcv,speedup_pipeline,speedup_detect_only
B,metis,0,0.5,10,1,maxdeg_cap85,10000,56230,11.246,102,0.5786412946825538,20,491,1,777,2.285036716667531,102,lspar,0.5,0.48949,0.5,ok,27524,0.3010599377970781,0.4404693072047715,0.213921035021522,102,0.0171347599924831,0.1962007909969543,0.2765009841347664,0.4336323109645217,0.2012237581332253,102,0.0151102614140192,-0.0006041483028522,1.5433697365231164e-05,0.2555003499946906,0.1259508289949735,0.3814511789896642,-0.0245589536623117,-0.0068369962402498,-0.0126972768882966,-0.0020244985784638,0.514353610117615,1.5577570434632413
B,metis,0,0.5,10,1,maxdeg_cap85,10000,56230,11.246,102,0.5786412946825538,20,491,1,777,2.285036716667531,102,lspar,0.2,0.15444,0.0,ok,8684,0.3010599377970781,0.4404693072047715,0.213921035021522,102,0.0171347599924831,0.1962007909969543,0.1798499617102581,0.1897647558324849,0.0420217261062818,102,0.0112392170545816,0.0008532798557175,1.811989208519816e-05,0.1910876239926437,0.0106793220038525,0.2017669459964963,-0.1212099760868199,-0.2507045513722866,-0.1718993089152401,-0.0058955429379014,0.9724129491475838,18.372026887678327
B,metis,0,0.5,10,1,maxdeg_cap85,10000,56230,11.246,102,0.5786412946825538,20,491,1,777,2.285036716667531,102,lspar,0.15,0.15444,0.0,floor,8684,0.3010599377970781,0.4404693072047715,0.213921035021522,102,0.0171347599924831,0.1962007909969543,0.1798499617102581,0.1897647558324849,0.0420217261062818,102,0.0112392170545816,-0.0005065854228509,-0.0001046490589442,0.062772542994935,0.0108811250029248,0.0736536679978598,-0.1212099760868199,-0.2507045513722866,-0.1718993089152401,-0.0058955429379014,2.663829193172772,18.031296483058146
B,metis,0,0.5,10,1,maxdeg_cap85,10000,56230,11.246,102,0.5786412946825538,20,491,1,777,2.285036716667531,102,lspar,0.05,0.15444,0.0,floor,8684,0.3010599377970781,0.4404693072047715,0.213921035021522,102,0.0171347599924831,0.1962007909969543,0.1798499617102581,0.1897647558324849,0.0420217261062818,102,0.0112392170545816,-9.236325296796786e-05,2.323526504475933e-05,0.0627829429940902,0.0107296619971748,0.0735126049912651,-0.1212099760868199,-0.2507045513722866,-0.1718993089152401,-0.0058955429379014,2.6689408030128603,18.285831468746604
B,metis,0,0.5,10,1,maxdeg_cap85,10000,56230,11.246,102,0.5786412946825538,20,491,1,777,2.285036716667531,102,dspar,0.5,0.5006,0.5,ok,28149,0.3010599377970781,0.4404693072047715,0.213921035021522,102,0.0171347599924831,0.1962007909969543,0.2184470463132085,0.1857776988051463,0.0551814771801092,102,0.0139885667600365,-0.0005123077814417,-0.0001529197588262,0.010063342997455,0.1312248619942693,0.1412882049917243,-0.0826128914838695,-0.2546916083996251,-0.1587395578414127,-0.0031461932324465,1.388656547858658,1.4951495319958694
B,metis,0,0.5,10,1,maxdeg_cap85,10000,56230,11.246,102,0.5786412946825538,20,491,1,777,2.285036716667531,102,dspar,0.2,0.20012,0.2,ok,11253,0.3010599377970781,0.4404693072047715,0.213921035021522,102,0.0171347599924831,0.1962007909969543,0.1513730733402979,0.0931672931447081,0.0170493363825675,102,0.0146996598600103,-0.0002237356299497,6.036088455504119e-05,0.0096590329994796,0.0625541760018677,0.0722132090013474,-0.1496868644567801,-0.3473020140600633,-0.1968716986389544,-0.0024351001324727,2.716965409933429,3.136493892767385
B,metis,0,0.5,10,1,maxdeg_cap85,10000,56230,11.246,102,0.5786412946825538,20,491,1,777,2.285036716667531,102,dspar,0.15,0.15031,0.15,ok,8452,0.3010599377970781,0.4404693072047715,0.213921035021522,102,0.0171347599924831,0.1962007909969543,0.1285282601636549,0.073184798370862,0.0131874422661267,102,0.0144899965493439,-0.00143977259012,-0.00020682613269,0.0084097650033072,0.0451201149990083,0.0535298800023156,-0.1725316776334232,-0.3672845088339094,-0.2007335927553952,-0.0026447634431391,3.665257441049129,4.348410703325254
B,metis,0,0.5,10,1,maxdeg_cap85,10000,56230,11.246,102,0.5786412946825538,20,491,1,777,2.285036716667531,102,dspar,0.05,0.04964,0.05,ok,2791,0.3010599377970781,0.4404693072047715,0.213921035021522,102,0.0171347599924831,0.1962007909969543,0.0483001688683097,0.021974869604636,0.0032787180264577,102,0.0125267713318316,-0.0017015085320675,-0.000158781083043,0.0083416699999361,0.0117184929986251,0.0200601629985612,-0.2527597689287684,-0.4184944376001354,-0.2106423169950642,-0.0046079886606514,9.780617984561037,16.742834681897506
B,metis,0,0.5,10,1,maxdeg_cap85,10000,56230,11.246,102,0.5786412946825538,20,491,1,777,2.285036716667531,102,random,0.5,0.5,0.5,ok,28115,0.3010599377970781,0.4404693072047715,0.213921035021522,102,0.0171347599924831,0.1962007909969543,0.2227447417903824,0.2316828337014551,0.0843388195858292,102,0.0148377895927931,0.0026449949718947,0.0002201554472818,0.0010143100007553,0.1430289889976848,0.1440432989984401,-0.0783151960066956,-0.2087864735033163,-0.1295822154356927,-0.0022969703996899,1.36209592782986,1.3717554208547906
B,metis,0,0.5,10,1,maxdeg_cap85,10000,56230,11.246,102,0.5786412946825538,20,491,1,777,2.285036716667531,102,random,0.2,0.2,0.2,ok,11246,0.3010599377970781,0.4404693072047715,0.213921035021522,102,0.0171347599924831,0.1962007909969543,0.1408940857948933,0.1037499106079015,0.0229956709290431,102,0.0149063744753712,2.8145485374101655e-05,-1.3894413456576794e-05,0.0008137240001815,0.0668513900018297,0.0676651140020112,-0.1601658520021848,-0.3367193965968699,-0.1909253640924789,-0.0022283855171118,2.8995856120352137,2.934879753309308
B,metis,0,0.5,10,1,maxdeg_cap85,10000,56230,11.246,102,0.5786412946825538,20,491,1,777,2.285036716667531,102,random,0.15,0.14999,0.15,ok,8434,0.3010599377970781,0.4404693072047715,0.213921035021522,102,0.0171347599924831,0.1962007909969543,0.1197349500028922,0.0833393206937263,0.0176615743567502,102,0.0152446712001276,-0.0007956957790703,-0.000149588129129,0.0008276259977719,0.0503871620021527,0.0512147879999247,-0.1813249877941858,-0.3571299865110452,-0.1962594606647717,-0.0018900887923555,3.830940215885354,3.8938646909419456
B,metis,0,0.5,10,1,maxdeg_cap85,10000,56230,11.246,102,0.5786412946825538,20,491,1,777,2.285036716667531,102,random,0.05,0.05001,0.05,ok,2812,0.3010599377970781,0.4404693072047715,0.213921035021522,102,0.0171347599924831,0.1962007909969543,0.0486700808577256,0.0233294333293666,0.0038888427166238,102,0.0121967208707914,0.0028891302999159,0.000313221060815,0.0007630679974681,0.0188996229990152,0.0196626909964834,-0.2523898569393524,-0.4171398738754048,-0.2100321923048981,-0.0049380391216916,9.978328552894604,10.38120130794022
B,eigen_proxy,1,0.5,10,1,maxdeg_cap85,10000,56230,11.246,102,0.5786412946825538,20,491,1,777,2.285036716667531,102,lspar,0.5,0.48949,0.5,ok,27524,0.2185141981361391,0.1281074675172832,0.0542004308376777,67,2.522011022973532,1.017131487998995,0.1925381495533779,0.1909877922048636,0.0293072459754001,72,4.535709602697246,-0.0004846231378656,-0.0006741874252762,0.2557102359933196,1.3887614749983186,1.6444717109916382,-0.0259760485827611,0.0628803246875804,-0.0248931848622776,2.0136985797237137,0.6185156492510602,0.7324018604420363
B,eigen_proxy,1,0.5,10,1,maxdeg_cap85,10000,56230,11.246,102,0.5786412946825538,20,491,1,777,2.285036716667531,102,lspar,0.2,0.15444,0.0,ok,8684,0.2185141981361391,0.1281074675172832,0.0542004308376777,67,2.522011022973532,1.017131487998995,0.1948411463562544,0.3159896599678188,0.0829994316156894,1316,2.049817845565796,0.0013381208250071,5.695751218774447e-05,0.1910685139955603,0.0020493870033533,0.1931179009989136,-0.0236730517798846,0.1878821924505356,0.0287990007780116,-0.4721931774077363,5.26689386503179,496.3101094789334
B,eigen_proxy,1,0.5,10,1,maxdeg_cap85,10000,56230,11.246,102,0.5786412946825538,20,491,1,777,2.285036716667531,102,lspar,0.15,0.15444,0.0,floor,8684,0.2185141981361391,0.1281074675172832,0.0542004308376777,67,2.522011022973532,1.017131487998995,0.1948411463562544,0.3159896599678188,0.0829994316156894,1316,2.049817845565796,-0.0017274056803374,-0.000125261758319,0.0628027989951078,0.0020132350036874,0.0648160339987953,-0.0236730517798846,0.1878821924505356,0.0287990007780116,-0.4721931774077363,15.692590633019902,505.2224336135707
B,eigen_proxy,1,0.5,10,1,maxdeg_cap85,10000,56230,11.246,102,0.5786412946825538,20,491,1,777,2.285036716667531,102,lspar,0.05,0.15444,0.0,floor,8684,0.2185141981361391,0.1281074675172832,0.0542004308376777,67,2.522011022973532,1.017131487998995,0.1948411463562544,0.3159896599678188,0.0829994316156894,1316,2.049817845565796,-0.0002309817959099,8.900443395008967e-07,0.0628826299944194,0.0020457690043258,0.0649283989987452,-0.0236730517798846,0.1878821924505356,0.0287990007780116,-0.4721931774077363,15.665433056783844,497.1878476251404
B,eigen_proxy,1,0.5,10,1,maxdeg_cap85,10000,56230,11.246,102,0.5786412946825538,20,491,1,777,2.285036716667531,102,dspar,0.5,0.5006,0.5,ok,28149,0.2185141981361391,0.1281074675172832,0.0542004308376777,67,2.522011022973532,1.017131487998995,0.1927451271705544,0.0917139967563706,0.0434680447763701,79,2.507107923484747,4.635478007136697e-05,-7.22781836617012e-05,0.0089930510002886,1.586198263001279,1.5951913140015677,-0.0257690709655847,-0.0363934707609125,-0.0107323860613076,-0.014903099488785,0.6376235120334885,0.6412385587123637
B,eigen_proxy,1,0.5,10,1,maxdeg_cap85,10000,56230,11.246,102,0.5786412946825538,20,491,1,777,2.285036716667531,102,dspar,0.2,0.20012,0.2,ok,11253,0.2185141981361391,0.1281074675172832,0.0542004308376777,67,2.522011022973532,1.017131487998995,0.0040802227734602,0.0043765804415743,0.0001438647915845,1598,32.61289755786811,-0.0008909724588328,-0.0002178856666164,0.0089044709966401,0.001999813997827,0.0109042849944671,-0.2144339753626788,-0.1237308870757088,-0.0540565660460931,30.090886534894576,93.27814602379595,508.613045565342
B,eigen_proxy,1,0.5,10,1,maxdeg_cap85,10000,56230,11.246,102,0.5786412946825538,20,491,1,777,2.285036716667531,102,dspar,0.15,0.15031,0.15,ok,8452,0.2185141981361391,0.1281074675172832,0.0542004308376777,67,2.522011022973532,1.017131487998995,0.00914734107132,0.0108940105167908,0.000380253166494,2761,35.003920646407614,-0.000347414498771,0.0003643069773098,0.0088704689987935,0.002171617001295,0.0110420860000886,-0.209366857064819,-0.1172134570004923,-0.0538201776711836,32.481909623434085,92.11407047462168,468.3751726903994
B,eigen_proxy,1,0.5,10,1,maxdeg_cap85,10000,56230,11.246,102,0.5786412946825538,20,491,1,777,2.285036716667531,102,dspar,0.05,0.04964,0.05,ok,2791,0.2185141981361391,0.1281074675172832,0.0542004308376777,67,2.522011022973532,1.017131487998995,0.047393181614257,0.0567692717329058,0.0062422033079262,7210,3.4028563296148726,0.0004612576341213,9.436793037358598e-05,0.0089032379983109,0.0020655219996115,0.0109687599979224,-0.1711210165218821,-0.0713381957843773,-0.0479582275297515,0.8808453066413406,92.72985170535638,492.43314193230367
B,eigen_proxy,1,0.5,10,1,maxdeg_cap85,10000,56230,11.246,102,0.5786412946825538,20,491,1,777,2.285036716667531,102,random,0.5,0.5,0.5,ok,28115,0.2185141981361391,0.1281074675172832,0.0542004308376777,67,2.522011022973532,1.017131487998995,0.0002789020185221,0.0050244144085903,0.0005748024245447,238,15.016040779113506,0.0005222431903709,8.73998744309142e-05,0.0009799210019991,0.0021284239992382,0.0031083450012374,-0.218235296117617,-0.1230830531086928,-0.0536256284131329,12.494029756139977,327.22606003968787,477.8801067658508
B,eigen_proxy,1,0.5,10,1,maxdeg_cap85,10000,56230,11.246,102,0.5786412946825538,20,491,1,777,2.285036716667531,102,random,0.2,0.2,0.2,ok,11246,0.2185141981361391,0.1281074675172832,0.0542004308376777,67,2.522011022973532,1.017131487998995,0.0027978045443483,0.0184421881002498,0.0024894667418881,2398,36.32741843731811,0.001535638260461,0.0003002372008764,0.0008349620038643,0.0021442010038299,0.0029791630076942,-0.2157163935917907,-0.1096652794170333,-0.0517109640957896,33.80540741434458,341.41518452399055,474.3638708228407
B,eigen_proxy,1,0.5,10,1,maxdeg_cap85,10000,56230,11.246,102,0.5786412946825538,20,491,1,777,2.285036716667531,102,random,0.15,0.14999,0.15,ok,8434,0.2185141981361391,0.1281074675172832,0.0542004308376777,67,2.522011022973532,1.017131487998995,0.0036771097366321,0.0224454595475242,0.0033511691525853,3456,36.3546515582257,-0.0018203535184864,-0.0005326029158928,0.0007864910003263,0.002199025999289,0.0029855169996153,-0.2148370883995069,-0.1056620079697589,-0.0508492616850923,33.83264053525217,340.6885601823867,462.5372725596952
B,eigen_proxy,1,0.5,10,1,maxdeg_cap85,10000,56230,11.246,102,0.5786412946825538,20,491,1,777,2.285036716667531,102,random,0.05,0.05001,0.05,ok,2812,0.2185141981361391,0.1281074675172832,0.0542004308376777,67,2.522011022973532,1.017131487998995,0.0239647714448889,0.0418088385815539,0.0083530021821451,7210,11.310720242318784,-0.0013000766895565,-0.001075689659463,0.0007619550015078,0.0020068359954166,0.0027687909969245,-0.1945494266912502,-0.0862986289357292,-0.0458474286555326,8.788709219345254,367.35582033053225,506.833388638635
B,metis,0,0.5,10,2,maxdeg_cap85,10000,56452,11.2904,108,0.578456033444342,20,463,1,840,2.3735236168860085,108,lspar,0.5,0.49185,0.5,ok,27766,0.3005273262754353,0.4682002398713104,0.2437941755348861,108,0.0221449768570662,0.2079952229978516,0.2734421957738453,0.4235462659431231,0.203402409634416,108,0.0190515091265757,0.0004303247720072,4.5592152128854585e-05,0.2632669180020457,0.1314178709944826,0.3946847889965283,-0.02708513050159,-0.0446539739281872,-0.04039176590047,-0.0030934677304904,0.5269907247418172,1.582701206646271
B,metis,0,0.5,10,2,maxdeg_cap85,10000,56452,11.2904,108,0.578456033444342,20,463,1,840,2.3735236168860085,108,lspar,0.2,0.15383,0.0,ok,8684,0.3005273262754353,0.4682002398713104,0.2437941755348861,108,0.0221449768570662,0.2079952229978516,0.1762664177090854,0.1908548317534563,0.0420177373871609,108,0.0139456086278082,-0.0008197536467318,-0.0002188128042906,0.1999081339963595,0.0113910720028798,0.2112992059992393,-0.1242609085663498,-0.277345408117854,-0.2017764381477252,-0.008199368229258,0.9843634859593388,18.25949506291136
B,metis,0,0.5,10,2,maxdeg_cap85,10000,56452,11.2904,108,0.578456033444342,20,463,1,840,2.3735236168860085,108,lspar,0.15,0.15383,0.0,floor,8684,0.3005273262754353,0.4682002398713104,0.2437941755348861,108,0.0221449768570662,0.2079952229978516,0.1762664177090854,0.1908548317534563,0.0420177373871609,108,0.0139456086278082,-0.0015199146903323,-0.0001869449085429,0.0662378370034275,0.015985970996553,0.0822238079999806,-0.1242609085663498,-0.277345408117854,-0.2017764381477252,-0.008199368229258,2.529622843518761,13.011109743831009
B,metis,0,0.5,10,2,maxdeg_cap85,10000,56452,11.2904,108,0.578456033444342,20,463,1,840,2.3735236168860085,108,lspar,0.05,0.15383,0.0,floor,8684,0.3005273262754353,0.4682002398713104,0.2437941755348861,108,0.0221449768570662,0.2079952229978516,0.1762664177090854,0.1908548317534563,0.0420177373871609,108,0.0139456086278082,-0.0002349608007638,-3.0502511235955808e-05,0.0657399310002802,0.0109656489948974,0.0767055799951776,-0.1242609085663498,-0.277345408117854,-0.2017764381477252,-0.008199368229258,2.711604853400859,18.96788991646873
B,metis,0,0.5,10,2,maxdeg_cap85,10000,56452,11.2904,108,0.578456033444342,20,463,1,840,2.3735236168860085,108,dspar,0.5,0.50064,0.5,ok,28262,0.3005273262754353,0.4682002398713104,0.2437941755348861,108,0.0221449768570662,0.2079952229978516,0.2123270036702924,0.1768300496461131,0.0485479860481971,108,0.0154168738724814,0.0028920321876411,0.0002180988215468,0.0091753710003104,0.134116912005993,0.1432922830063034,-0.0882003226051428,-0.2913701902251973,-0.1952461894866889,-0.0067281029845848,1.4515451818762766,1.550850074661407
B,metis,0,0.5,10,2,maxdeg_cap85,10000,56452,11.2904,108,0.578456033444342,20,463,1,840,2.3735236168860085,108,dspar,0.2,0.20042,0.2,ok,11314,0.3005273262754353,0.4682002398713104,0.2437941755348861,108,0.0221449768570662,0.2079952229978516,0.1499652320145829,0.0949149938741873,0.0189679025093323,108,0.017515707236649,0.0013065754856644,1.7331207255773816e-05,0.0089799859997583,0.0627031690019066,0.071683155001665,-0.1505620942608524,-0.373285245997123,-0.2248262730255538,-0.0046292696204172,2.901591357035283,3.317140525888365
B,metis,0,0.5,10,2,maxdeg_cap85,10000,56452,11.2904,108,0.578456033444342,20,463,1,840,2.3735236168860085,108,dspar,0.15,0.15121,0.15,ok,8536,0.3005273262754353,0.4682002398713104,0.2437941755348861,108,0.0221449768570662,0.2079952229978516,0.1270980377234655,0.0770891110192744,0.0144048664684839,108,0.0180022220850649,-0.0012806244017437,1.856174791586061e-05,0.0088231029949383,0.0460859710001386,0.054909073995077,-0.1734292885519697,-0.3911111288520359,-0.2293893090664022,-0.0041427547720013,3.7879936386561495,4.513200405329982
B,metis,0,0.5,10,2,maxdeg_cap85,10000,56452,11.2904,108,0.578456033444342,20,463,1,840,2.3735236168860085,108,dspar,0.05,0.05024,0.05,ok,2836,0.3005273262754353,0.4682002398713104,0.2437941755348861,108,0.0221449768570662,0.2079952229978516,0.0484609400845838,0.0229568570961094,0.0034407343805758,108,0.0124739729036101,0.0024855576803202,0.0002712875282963,0.00892588699935,0.014336975000333,0.023262861999683,-0.2520663861908515,-0.4452433827752008,-0.2403534411543102,-0.0096710039534561,8.941084850208252,14.507608682655864
B,metis,0,0.5,10,2,maxdeg_cap85,10000,56452,11.2904,108,0.578456033444342,20,463,1,840,2.3735236168860085,108,random,0.5,0.5,0.5,ok,28226,0.3005273262754353,0.4682002398713104,0.2437941755348861,108,0.0221449768570662,0.2079952229978516,0.2238250556532021,0.2397339923157865,0.0917243917887537,108,0.0162357629940819,-0.0012566772223684,6.133131877582148e-05,0.0010326510018785,0.142251960998692,0.1432846120005706,-0.0767022706222332,-0.2284662475555238,-0.1520697837461324,-0.0059092138629843,1.451622893022339,1.4621606727781
B,metis,0,0.5,10,2,maxdeg_cap85,10000,56452,11.2904,108,0.578456033444342,20,463,1,840,2.3735236168860085,108,random,0.2,0.19999,0.2,ok,11290,0.3005273262754353,0.4682002398713104,0.2437941755348861,108,0.0221449768570662,0.2079952229978516,0.140055817547427,0.1095229094114331,0.0259040339388442,108,0.0164341108673393,-0.000443635318008,5.98009926631755e-05,0.0008156300027621,0.0665456160058965,0.0673612460086587,-0.1604715087280083,-0.3586773304598772,-0.2178901415960419,-0.0057108659897269,3.087757951673213,3.125603690849015
B,metis,0,0.5,10,2,maxdeg_cap85,10000,56452,11.2904,108,0.578456033444342,20,463,1,840,2.3735236168860085,108,random,0.15,0.15,0.15,ok,8468,0.3005273262754353,0.4682002398713104,0.2437941755348861,108,0.0221449768570662,0.2079952229978516,0.118837548456768,0.0893396909465928,0.0202578013281282,108,0.0163682619724881,0.0012818490392811,3.810066938607716e-05,0.0007840489997761,0.0510130889961146,0.0517971379958908,-0.1816897778186672,-0.3788605489247175,-0.2235363742067579,-0.0057767148845781,4.015573659964619,4.077291281335527
B,metis,0,0.5,10,2,maxdeg_cap85,10000,56452,11.2904,108,0.578456033444342,20,463,1,840,2.3735236168860085,108,random,0.05,0.05001,0.05,ok,2823,0.3005273262754353,0.4682002398713104,0.2437941755348861,108,0.0221449768570662,0.2079952229978516,0.0484557628367291,0.0266443269304721,0.0047878024411996,108,0.0127310643702716,-0.0011025454633761,-0.000128596152057,0.0008053929996094,0.0188200449993019,0.0196254379989113,-0.2520715634387061,-0.4415559129408383,-0.2390063730936865,-0.0094139124867946,10.598246164462129,11.051792012482805
B,eigen_proxy,1,0.5,10,2,maxdeg_cap85,10000,56452,11.2904,108,0.578456033444342,20,463,1,840,2.3735236168860085,108,lspar,0.5,0.49185,0.5,ok,27766,0.1990732891708369,0.0780777638230827,0.0223388169218944,6,0.7368377569044625,0.5450675699976273,0.279172553909889,0.2687099012594748,0.1166477095498517,71,2.1094059922167663,-0.0009957458580273,-0.0001467916941441,0.2628199449973181,1.932591094002419,2.1954110389997368,0.0800992647390521,0.1906321374363921,0.0943088926279572,1.3725682353123037,0.2482758628406863,0.2820397815601985
B,eigen_proxy,1,0.5,10,2,maxdeg_cap85,10000,56452,11.2904,108,0.578456033444342,20,463,1,840,2.3735236168860085,108,lspar,0.2,0.15383,0.0,ok,8684,0.1990732891708369,0.0780777638230827,0.0223388169218944,6,0.7368377569044625,0.5450675699976273,0.1910695404379705,0.3035070575553806,0.0719171288780073,1316,2.129743327258005,-0.000169751261956,-5.801554067338304e-05,0.1939852319992496,0.001950901998498,0.1959361339977476,-0.0080037487328664,0.2254292937322978,0.0495783119561128,1.392905570353543,2.781863451505545,279.39259399871025
B,eigen_proxy,1,0.5,10,2,maxdeg_cap85,10000,56452,11.2904,108,0.578456033444342,20,463,1,840,2.3735236168860085,108,lspar,0.15,0.15383,0.0,floor,8684,0.1990732891708369,0.0780777638230827,0.0223388169218944,6,0.7368377569044625,0.5450675699976273,0.1910695404379705,0.3035070575553806,0.0719171288780073,1316,2.129743327258005,0.0004030113562687,-8.087316562618259e-05,0.0657867839981918,0.0020825940009672,0.067869377999159,-0.0080037487328664,0.2254292937322978,0.0495783119561128,1.392905570353543,8.031126644543304,261.72531455698106
B,eigen_proxy,1,0.5,10,2,maxdeg_cap85,10000,56452,11.2904,108,0.578456033444342,20,463,1,840,2.3735236168860085,108,lspar,0.05,0.15383,0.0,floor,8684,0.1990732891708369,0.0780777638230827,0.0223388169218944,6,0.7368377569044625,0.5450675699976273,0.1910695404379705,0.3035070575553806,0.0719171288780073,1316,2.129743327258005,0.0002790259914133,-0.0002268103095555,0.0657567890011705,0.0019645150023279,0.0677213040034985,-0.0080037487328664,0.2254292937322978,0.0495783119561128,1.392905570353543,8.048686864763692,277.4565576499627
B,eigen_proxy,1,0.5,10,2,maxdeg_cap85,10000,56452,11.2904,108,0.578456033444342,20,463,1,840,2.3735236168860085,108,dspar,0.5,0.50064,0.5,ok,28262,0.1990732891708369,0.0780777638230827,0.0223388169218944,6,0.7368377569044625,0.5450675699976273,0.1937754672019505,0.0748864623570977,0.0288131545008856,95,2.826431619551409,0.0015634082310845,-3.818775382508846e-06,0.009437191998586,1.2428036369965412,1.2522408289951272,-0.0052978219688863,-0.0031913014659849,0.0064743375789911,2.0895938626469466,0.4352737567541397,0.4385789949206145
B,eigen_proxy,1,0.5,10,2,maxdeg_cap85,10000,56452,11.2904,108,0.578456033444342,20,463,1,840,2.3735236168860085,108,dspar,0.2,0.20042,0.2,ok,11314,0.1990732891708369,0.0780777638230827,0.0223388169218944,6,0.7368377569044625,0.5450675699976273,0.0040180663275545,0.005752965135172,0.0001429432404827,1613,32.7135151434388,-0.0006746467299476,-3.582893461705788e-05,0.0089394570022705,0.0019929360059904,0.0109323930082609,-0.1950552228432824,-0.0723247986879106,-0.0221958736814116,31.97667738653433,49.85802921517281,273.4997854217248
B,eigen_proxy,1,0.5,10,2,maxdeg_cap85,10000,56452,11.2904,108,0.578456033444342,20,463,1,840,2.3735236168860085,108,dspar,0.15,0.15121,0.15,ok,8536,0.1990732891708369,0.0780777638230827,0.0223388169218944,6,0.7368377569044625,0.5450675699976273,0.0090704430055797,0.0139068580902212,0.0008313888886416,2797,35.11512383432529,-0.002812810134078,-0.0005629835150404,0.0087899610007298,0.0022523209991049,0.0110422819998348,-0.1900028461652572,-0.0641709057328614,-0.0215074280332528,34.378286077420825,49.36185926113653,242.0026142873155
B,eigen_proxy,1,0.5,10,2,maxdeg_cap85,10000,56452,11.2904,108,0.578456033444342,20,463,1,840,2.3735236168860085,108,dspar,0.05,0.05024,0.05,ok,2836,0.1990732891708369,0.0780777638230827,0.0223388169218944,6,0.7368377569044625,0.5450675699976273,0.0426170089959144,0.0517775687033735,0.0072125514920834,7168,5.538757001349671,-0.0002170966405636,-4.185664269607478e-05,0.0089702089971979,0.0021099530058563,0.0110801620030542,-0.1564562801749225,-0.0263001951197092,-0.015126265429811,4.801919244445209,49.19310474408024,258.3316161472517
B,eigen_proxy,1,0.5,10,2,maxdeg_cap85,10000,56452,11.2904,108,0.578456033444342,20,463,1,840,2.3735236168860085,108,random,0.5,0.5,0.5,ok,28226,0.1990732891708369,0.0780777638230827,0.0223388169218944,6,0.7368377569044625,0.5450675699976273,0.0002049264778966,0.0032707630566407,0.0004550942576686,271,15.978132434674578,-0.0005851136839782,-8.352067272245386e-05,0.0010801969983731,0.0021489310020115,0.0032291280003846,-0.1988683626929402,-0.074807000766442,-0.0218837226642258,15.241294677770115,168.79713964039126,253.6459148699576
B,eigen_proxy,1,0.5,10,2,maxdeg_cap85,10000,56452,11.2904,108,0.578456033444342,20,463,1,840,2.3735236168860085,108,random,0.2,0.19999,0.2,ok,11290,0.1990732891708369,0.0780777638230827,0.0223388169218944,6,0.7368377569044625,0.5450675699976273,0.0037880881391844,0.0210652636023826,0.0035793898655155,2368,36.1577272029092,-0.0007094101320438,-0.0002870267004679,0.0008602469970355,0.0020485370041569,0.0029087840011925,-0.1952852010316525,-0.0570125002207001,-0.0187594270563789,35.420889446004736,187.38674641161407,266.0765067419116
B,eigen_proxy,1,0.5,10,2,maxdeg_cap85,10000,56452,11.2904,108,0.578456033444342,20,463,1,840,2.3735236168860085,108,random,0.15,0.15,0.15,ok,8468,0.1990732891708369,0.0780777638230827,0.0223388169218944,6,0.7368377569044625,0.5450675699976273,0.0037643840068014,0.0280337736492293,0.0054682068522906,3446,36.31372425901812,-0.0033996157058321,-0.0008865246080261,0.0008316180028486,0.0023844209936214,0.0032160389964701,-0.1953089051640354,-0.0500439901738533,-0.0168706100696038,35.57688650211366,169.48412957550548,228.5953577223702
B,eigen_proxy,1,0.5,10,2,maxdeg_cap85,10000,56452,11.2904,108,0.578456033444342,20,463,1,840,2.3735236168860085,108,random,0.05,0.05001,0.05,ok,2823,0.1990732891708369,0.0780777638230827,0.0223388169218944,6,0.7368377569044625,0.5450675699976273,0.0225181417555287,0.0468699954765668,0.0147471940382459,7220,12.326878988616702,-0.0013295892506837,-0.0002922869939339,0.000742830998206,0.0020662099996116,0.0028090409978176,-0.1765551474153082,-0.0312077683465158,-0.0075916228836484,11.59004123171224,194.04044669376208,263.8006640661342
B,metis,0,0.5,10,3,maxdeg_cap85,10000,55059,11.0118,91,0.5784885304854792,20,492,0,764,2.321302125545389,91,lspar,0.5,0.49483,0.5,ok,27245,0.317753950334159,0.4829793569957901,0.2643545202093803,91,0.0210061895640308,0.1855613180014188,0.2960537814529446,0.4600091740166026,0.2479952460853918,91,0.0226728913021696,0.000388942209021,4.4179963472983705e-05,0.2653903259997605,0.1260024329967564,0.3913927589965169,-0.0217001688812144,-0.0229701829791875,-0.0163592741239884,0.0016667017381387,0.474105137962121,1.472680436307096
B,metis,0,0.5,10,3,maxdeg_cap85,10000,55059,11.0118,91,0.5784885304854792,20,492,0,764,2.321302125545389,91,lspar,0.2,0.15531,0.0,ok,8551,0.317753950334159,0.4829793569957901,0.2643545202093803,91,0.0210061895640308,0.1855613180014188,0.1765984741037284,0.1720170519103947,0.0359788532524845,91,0.0131802883124763,0.0010854482975763,3.547458821475746e-05,0.199162098004308,0.010207776002062,0.20936987400637,-0.1411554762304306,-0.3109623050853954,-0.2283756669568956,-0.0078259012515545,0.8862847096892895,18.17842769707472
B,metis,0,0.5,10,3,maxdeg_cap85,10000,55059,11.0118,91,0.5784885304854792,20,492,0,764,2.321302125545389,91,lspar,0.15,0.15531,0.0,floor,8551,0.317753950334159,0.4829793569957901,0.2643545202093803,91,0.0210061895640308,0.1855613180014188,0.1765984741037284,0.1720170519103947,0.0359788532524845,91,0.0131802883124763,-0.001856521021229,-9.956628341055184e-05,0.0726201150027918,0.0100909850007155,0.0827111000035074,-0.1411554762304306,-0.3109623050853954,-0.2283756669568956,-0.0078259012515545,2.24348748830024,18.388821109957053
B,metis,0,0.5,10,3,maxdeg_cap85,10000,55059,11.0118,91,0.5784885304854792,20,492,0,764,2.321302125545389,91,lspar,0.05,0.15531,0.0,floor,8551,0.317753950334159,0.4829793569957901,0.2643545202093803,91,0.0210061895640308,0.1855613180014188,0.1765984741037284,0.1720170519103947,0.0359788532524845,91,0.0131802883124763,0.0015554800013774,0.0002117779483922,0.0726010150028741,0.0097768169944174,0.0823778319972916,-0.1411554762304306,-0.3109623050853954,-0.2283756669568956,-0.0078259012515545,2.2525637480665863,18.97972705302492
B,metis,0,0.5,10,3,maxdeg_cap85,10000,55059,11.0118,91,0.5784885304854792,20,492,0,764,2.321302125545389,91,dspar,0.5,0.50005,0.5,ok,27532,0.317753950334159,0.4829793569957901,0.2643545202093803,91,0.0210061895640308,0.1855613180014188,0.225332121702161,0.1799162846025702,0.059333861120661,91,0.0152898659248536,-0.0004323137425954,-6.044307043625626e-05,0.0091583839966915,0.1314157750020967,0.1405741589987883,-0.0924218286319979,-0.3030630723932199,-0.2050206590887192,-0.0057163236391772,1.320024386580312,1.4120170732810284
B,metis,0,0.5,10,3,maxdeg_cap85,10000,55059,11.0118,91,0.5784885304854792,20,492,0,764,2.321302125545389,91,dspar,0.2,0.19862,0.2,ok,10936,0.317753950334159,0.4829793569957901,0.2643545202093803,91,0.0210061895640308,0.1855613180014188,0.1534206203691321,0.0882221909608872,0.0157746683263343,91,0.0162702181915301,-0.0006737270738217,-7.136308631203876e-06,0.0092058879963587,0.0537110239965841,0.0629169119929429,-0.1643333299650268,-0.3947571660349029,-0.2485798518830458,-0.0047359713725006,2.9493074615968493,3.454808793316249
B,metis,0,0.5,10,3,maxdeg_cap85,10000,55059,11.0118,91,0.5784885304854792,20,492,0,764,2.321302125545389,91,dspar,0.15,0.14899,0.15,ok,8203,0.317753950334159,0.4829793569957901,0.2643545202093803,91,0.0210061895640308,0.1855613180014188,0.1287926958929851,0.0722846535506607,0.0135562826695751,91,0.0167116725674003,0.0001804402548707,2.515666505160609e-05,0.009401846997207,0.0390856209996854,0.0484874679968925,-0.1889612544411739,-0.4106947034451294,-0.250798237539805,-0.0042945169966305,3.826995421029433,4.747559671699012
B,metis,0,0.5,10,3,maxdeg_cap85,10000,55059,11.0118,91,0.5784885304854792,20,492,0,764,2.321302125545389,91,dspar,0.05,0.05045,0.05,ok,2778,0.317753950334159,0.4829793569957901,0.2643545202093803,91,0.0210061895640308,0.1855613180014188,0.0492644918869281,0.0217840196314293,0.0028668645709872,91,0.0148060798322851,0.0001771258889439,2.729759844848501e-05,0.0094841690006433,0.0090800170000875,0.0185641860007308,-0.2684894584472309,-0.4611953373643608,-0.261487655638393,-0.0062001097317457,9.995661430784716,20.436230240497338
B,metis,0,0.5,10,3,maxdeg_cap85,10000,55059,11.0118,91,0.5784885304854792,20,492,0,764,2.321302125545389,91,random,0.5,0.50001,0.5,ok,27530,0.317753950334159,0.4829793569957901,0.2643545202093803,91,0.0210061895640308,0.1855613180014188,0.2323768614101136,0.2311991423557892,0.0946593462340274,91,0.0174573766643215,6.465806176207172e-05,-9.40019792635868e-05,0.0010496000031707,0.1309013240024796,0.1319509240056504,-0.0853770889240453,-0.2517802146400009,-0.1696951739753529,-0.0035488128997092,1.4062904022822351,1.417566395263533
B,metis,0,0.5,10,3,maxdeg_cap85,10000,55059,11.0118,91,0.5784885304854792,20,492,0,764,2.321302125545389,91,random,0.2,0.2,0.2,ok,11012,0.317753950334159,0.4829793569957901,0.2643545202093803,91,0.0210061895640308,0.1855613180014188,0.1461217296940642,0.0977849611359692,0.0249089539775684,91,0.0155261070458759,0.0004092319757647,-0.0001780837851333,0.0008325569942826,0.0605145509980502,0.0613471079923328,-0.1716322206400947,-0.3851943958598209,-0.2394455662318118,-0.0054800825181548,3.024776946691768,3.0663917180414595
B,metis,0,0.5,10,3,maxdeg_cap85,10000,55059,11.0118,91,0.5784885304854792,20,492,0,764,2.321302125545389,91,random,0.15,0.15,0.15,ok,8259,0.317753950334159,0.4829793569957901,0.2643545202093803,91,0.0210061895640308,0.1855613180014188,0.120013360503743,0.0754941229366879,0.017594714922608,91,0.016928083175599,0.0001112452728606,0.0001713375709413,0.0008088750037131,0.0570603150044917,0.0578691900082048,-0.1977405898304159,-0.4074852340591022,-0.2467598052867722,-0.0040781063884318,3.2065649782744376,3.252020567829177
B,metis,0,0.5,10,3,maxdeg_cap85,10000,55059,11.0118,91,0.5784885304854792,20,492,0,764,2.321302125545389,91,random,0.05,0.05,0.05,ok,2753,0.317753950334159,0.4829793569957901,0.2643545202093803,91,0.0210061895640308,0.1855613180014188,0.0479599009238311,0.0224690582976008,0.0035461577205599,91,0.0188122300645085,0.0012176377603054,-2.471162762055556e-05,0.0008446450010524,0.0171949400028097,0.0180395850038621,-0.2697940494103279,-0.4605102986981893,-0.2608083624888203,-0.0021939594995223,10.28634073132455,10.791623464292236
B,eigen_proxy,1,0.5,10,3,maxdeg_cap85,10000,55059,11.0118,91,0.5784885304854792,20,492,0,764,2.321302125545389,91,lspar,0.5,0.49483,0.5,ok,27245,0.2133892185664904,0.122493328263827,0.0493738274253979,15,0.7647789223036944,1.1340206270033375,0.260490646425375,0.2566737449631025,0.1263441980734317,74,2.0848822125002653,0.0009094179246317,0.0002161822877662,0.2638345880041015,1.64895757100021,1.9127921590043115,0.0471014278588846,0.1341804166992754,0.0769703706480338,1.3201032901965708,0.5928613946188712,0.6877197127124827
B,eigen_proxy,1,0.5,10,3,maxdeg_cap85,10000,55059,11.0118,91,0.5784885304854792,20,492,0,764,2.321302125545389,91,lspar,0.2,0.15531,0.0,ok,8551,0.2133892185664904,0.122493328263827,0.0493738274253979,15,0.7647789223036944,1.1340206270033375,0.19061419004252,0.3045467296042836,0.0711063967673311,1449,1.957307574194715,0.0015129371182763,6.223104220640527e-06,0.1984254249982768,0.0020020140000269,0.2004274389983038,-0.0227750285239703,0.1820534013404565,0.0217325693419332,1.1925286518910203,5.658010862539308,566.4399085061633
B,eigen_proxy,1,0.5,10,3,maxdeg_cap85,10000,55059,11.0118,91,0.5784885304854792,20,492,0,764,2.321302125545389,91,lspar,0.15,0.15531,0.0,floor,8551,0.2133892185664904,0.122493328263827,0.0493738274253979,15,0.7647789223036944,1.1340206270033375,0.19061419004252,0.3045467296042836,0.0711063967673311,1449,1.957307574194715,-0.0005104194970199,-8.622009602564822e-05,0.0724530759980552,0.0020298999952501,0.0744829759933054,-0.0227750285239703,0.1820534013404565,0.0217325693419332,1.1925286518910203,15.225232502864332,558.6583721645769
B,eigen_proxy,1,0.5,10,3,maxdeg_cap85,10000,55059,11.0118,91,0.5784885304854792,20,492,0,764,2.321302125545389,91,lspar,0.05,0.15531,0.0,floor,8551,0.2133892185664904,0.122493328263827,0.0493738274253979,15,0.7647789223036944,1.1340206270033375,0.19061419004252,0.3045467296042836,0.0711063967673311,1449,1.957307574194715,-0.0010076983432387,-0.0001624451909655,0.0725496080049197,0.0019986040060757,0.0745482120109954,-0.0227750285239703,0.1820534013404565,0.0217325693419332,1.1925286518910203,15.211909131181784,567.4063614182246
B,eigen_proxy,1,0.5,10,3,maxdeg_cap85,10000,55059,11.0118,91,0.5784885304854792,20,492,0,764,2.321302125545389,91,dspar,0.5,0.50005,0.5,ok,27532,0.2133892185664904,0.122493328263827,0.0493738274253979,15,0.7647789223036944,1.1340206270033375,0.1877021768532049,0.0672475876517099,0.0234239087631605,77,3.548940884263924,0.0010438061352805,2.5697192613609305e-05,0.0089389200002187,0.8723981549992459,0.8813370749994647,-0.0256870417132854,-0.0552457406121171,-0.0259499186622373,2.7841619619602294,1.286704779784768,1.2998888414709198
B,eigen_proxy,1,0.5,10,3,maxdeg_cap85,10000,55059,11.0118,91,0.5784885304854792,20,492,0,764,2.321302125545389,91,dspar,0.2,0.19862,0.2,ok,10936,0.2133892185664904,0.122493328263827,0.0493738274253979,15,0.7647789223036944,1.1340206270033375,0.0053452971617986,0.0029846109941327,-0.0002185217507327,1694,32.99447602917799,-0.0015792039627258,-0.0003209465733979,0.0092102650014567,0.0021113520051585,0.0113216170066152,-0.2080439214046917,-0.1195087172696943,-0.0495923491761307,32.2296971068743,100.16419265381654,537.1063774456591
B,eigen_proxy,1,0.5,10,3,maxdeg_cap85,10000,55059,11.0118,91,0.5784885304854792,20,492,0,764,2.321302125545389,91,dspar,0.15,0.14899,0.15,ok,8203,0.2133892185664904,0.122493328263827,0.0493738274253979,15,0.7647789223036944,1.1340206270033375,0.0107283771856472,0.0104605399925312,-1.10199263132196e-06,2919,34.771153192553165,-0.0038726294464437,-0.0009659782874853,0.0089376519972574,0.0021361809995141,0.0110738329967716,-0.2026608413808431,-0.1120327882712958,-0.0493749294180292,34.006374270249474,102.40542974902512,530.8635491380371
B,eigen_proxy,1,0.5,10,3,maxdeg_cap85,10000,55059,11.0118,91,0.5784885304854792,20,492,0,764,2.321302125545389,91,dspar,0.05,0.05045,0.05,ok,2778,0.2133892185664904,0.122493328263827,0.0493738274253979,15,0.7647789223036944,1.1340206270033375,0.0476538295085918,0.0556807033984999,0.0044073620123679,7226,3.037685941633861,-0.0009846712895664,-0.0001204325614834,0.0090635320011642,0.002014767997025,0.0110782999981893,-0.1657353890578985,-0.0668126248653271,-0.0449664654130299,2.2729070193301664,102.36413774574494,562.854198933973
B,eigen_proxy,1,0.5,10,3,maxdeg_cap85,10000,55059,11.0118,91,0.5784885304854792,20,492,0,764,2.321302125545389,91,random,0.5,0.50001,0.5,ok,27530,0.2133892185664904,0.122493328263827,0.0493738274253979,15,0.7647789223036944,1.1340206270033375,0.0004877328647633,0.0023229716726068,0.0003436985320269,248,15.310692290030524,-2.874554403257656e-05,-5.252296680857172e-05,0.001005518999591,0.0020542290003504,0.0030597479999414,-0.212901485701727,-0.1201703565912202,-0.0490301288933709,14.545913367726827,370.6254982518274,552.0419713721639
B,eigen_proxy,1,0.5,10,3,maxdeg_cap85,10000,55059,11.0118,91,0.5784885304854792,20,492,0,764,2.321302125545389,91,random,0.2,0.2,0.2,ok,11012,0.2133892185664904,0.122493328263827,0.0493738274253979,15,0.7647789223036944,1.1340206270033375,0.004195097591239,0.0178110703789596,0.0027905881209829,2414,36.14383454200729,0.0031520768333834,0.0006402398852037,0.000837109000713,0.0021596730002784,0.0029967820009915,-0.2091941209752513,-0.1046822578848674,-0.0465832393044149,35.3790556197036,378.41278632484295,525.089042117554
B,eigen_proxy,1,0.5,10,3,maxdeg_cap85,10000,55059,11.0118,91,0.5784885304854792,20,492,0,764,2.321302125545389,91,random,0.15,0.15,0.15,ok,8259,0.2133892185664904,0.122493328263827,0.0493738274253979,15,0.7647789223036944,1.1340206270033375,0.0046035065183108,0.0197737579881497,0.003499542016147,3498,36.0840586542035,-0.0019784779408146,-0.0002684739530669,0.0008031270044739,0.0021988409935147,0.0030019679979886,-0.2087857120481795,-0.1027195702756773,-0.0458742854092508,35.31927973189981,377.7590659737645,515.7356217880293
B,eigen_proxy,1,0.5,10,3,maxdeg_cap85,10000,55059,11.0118,91,0.5784885304854792,20,492,0,764,2.321302125545389,91,random,0.05,0.05,0.05,ok,2753,0.2133892185664904,0.122493328263827,0.0493738274253979,15,0.7647789223036944,1.1340206270033375,0.018878015360642,0.0363788755620398,0.0077799027658617,7261,12.169860571099408,-0.0013660859336527,-0.0006572759618917,0.0007346119964495,0.0020758539976668,0.0028104659941163,-0.1945112032058483,-0.0861144527017871,-0.0415939246595361,11.405081648795711,403.4991454717373,546.2911304349509
B,metis,0,0.5,25,1,maxdeg_cap85_recal,10000,118093,23.6186,91,0.5937693174023863,20,443,4,832,1.8088161726190424,91,lspar,0.5,0.49893,0.675781,ok,58920,0.2216168704870896,0.5362535136266315,0.2986453079265616,91,0.0280221341085935,0.2718371939990902,0.2189327538687661,0.573093696969486,0.3179694000619374,91,0.028151731740694,0.0001172734717402,0.0001424284489102,0.2734315490015433,0.1519378689990844,0.4253694180006278,-0.0026841166183235,0.0368401833428544,0.0193240921353758,0.0001295976321005,0.6390614428202477,1.7891339123673524
B,metis,0,0.5,25,1,maxdeg_cap85_recal,10000,118093,23.6186,91,0.5937693174023863,20,443,4,832,1.8088161726190424,91,lspar,0.2,0.19936,0.296875,ok,23543,0.2216168704870896,0.5362535136266315,0.2986453079265616,91,0.0280221341085935,0.2718371939990902,0.1963635143449525,0.5576563980450334,0.2900923573664943,91,0.0201663085367649,0.0033678313381966,0.0001680932618057,0.219110712998372,0.0978142659951117,0.3169249789934838,-0.025253356142137,0.0214028844184018,-0.0085529505600672,-0.0078558255718285,0.857733571088063,2.779116023961936
B,metis,0,0.5,25,1,maxdeg_cap85_recal,10000,118093,23.6186,91,0.5937693174023863,20,443,4,832,1.8088161726190424,91,lspar,0.15,0.14889,0.21875,ok,17583,0.2216168704870896,0.5362535136266315,0.2986453079265616,91,0.0280221341085935,0.2718371939990902,0.1811380762237731,0.5191961531138513,0.2552703663999119,91,0.0191478458318422,0.0011914301186465,5.620759459158368e-05,0.2089630459959153,0.0789858279968029,0.2879488739927183,-0.0404787942633164,-0.0170573605127802,-0.0433749415266496,-0.0088742882767512,0.9440467338169364,3.441594535289205
B,metis,0,0.5,25,1,maxdeg_cap85_recal,10000,118093,23.6186,91,0.5937693174023863,20,443,4,832,1.8088161726190424,91,lspar,0.05,0.07237,0.0,floor,8546,0.2216168704870896,0.5362535136266315,0.2986453079265616,91,0.0280221341085935,0.2718371939990902,0.1152068418063818,0.247909878997749,0.0650368667531643,91,0.0114035082321187,0.0004044814676767,-5.846178851120441e-05,0.1793945259996689,0.0080900520042632,0.1874845780039322,-0.1064100286807078,-0.2883436346288824,-0.2336084411733972,-0.0166186258764747,1.44991762465598,33.601414905100526
B,metis,0,0.5,25,1,maxdeg_cap85_recal,10000,118093,23.6186,91,0.5937693174023863,20,443,4,832,1.8088161726190424,91,dspar,0.5,0.50074,0.5,ok,59134,0.2216168704870896,0.5362535136266315,0.2986453079265616,91,0.0280221341085935,0.2718371939990902,0.1845864723582506,0.3895226554573016,0.1963159428411375,91,0.0184705170474461,0.0001113948598027,1.1366120792696034e-05,0.0208034190000034,0.215238529999624,0.2360419489996275,-0.037030398128839,-0.1467308581693299,-0.102329365085424,-0.0095516170611473,1.1516478115486126,1.2629578635366312
B,metis,0,0.5,25,1,maxdeg_cap85_recal,10000,118093,23.6186,91,0.5937693174023863,20,443,4,832,1.8088161726190424,91,dspar,0.2,0.20012,0.2,ok,23633,0.2216168704870896,0.5362535136266315,0.2986453079265616,91,0.0280221341085935,0.2718371939990902,0.0979189029027936,0.1106684330947297,0.0256952599439135,91,0.0130414723095208,-1.4850099356592774e-05,-1.500057978510707e-05,0.020742364002217,0.1196994649944827,0.1404418289966997,-0.1236979675842959,-0.4255850805319018,-0.272950047982648,-0.0149806617990726,1.935585686551249,2.2709975688832027
B,metis,0,0.5,25,1,maxdeg_cap85_recal,10000,118093,23.6186,91,0.5937693174023863,20,443,4,832,1.8088161726190424,91,dspar,0.15,0.15031,0.15,ok,17750,0.2216168704870896,0.5362535136266315,0.2986453079265616,91,0.0280221341085935,0.2718371939990902,0.0874340634844462,0.092620212074596,0.0184133705192097,91,0.0151102614140192,0.0006261637500719,0.0001267690624987,0.0197596930011059,0.0953675110067706,0.1151272040078765,-0.1341828070026434,-0.4436333015520354,-0.2802319374073518,-0.0129118726945742,2.361189923282529,2.8504172031897848
B,metis,0,0.5,25,1,maxdeg_cap85_recal,10000,118093,23.6186,91,0.5937693174023863,20,443,4,832,1.8088161726190424,91,dspar,0.05,0.05029,0.05,ok,5939,0.2216168704870896,0.5362535136266315,0.2986453079265616,91,0.0280221341085935,0.2718371939990902,0.0460811820712264,0.0406656100686295,0.0064227443143055,91,0.020479746092176,-0.0002525262481611,6.931304014311034e-05,0.0207927329975063,0.0290218239970272,0.0498145569945336,-0.1755356884158632,-0.495587903558002,-0.2922225636122559,-0.0075423880164174,5.456983066795518,9.36664745906167
B,metis,0,0.5,25,1,maxdeg_cap85_recal,10000,118093,23.6186,91,0.5937693174023863,20,443,4,832,1.8088161726190424,91,random,0.5,0.5,0.5,ok,59046,0.2216168704870896,0.5362535136266315,0.2986453079265616,91,0.0280221341085935,0.2718371939990902,0.1886576982647267,0.4243985817537313,0.2277705453066444,91,0.0222270105952195,-0.0005747905569568,7.744266454071221e-05,0.0024964260010165,0.2113808010035427,0.2138772270045592,-0.0329591722223628,-0.1118549318729001,-0.0708747626199171,-0.005795123513374,1.2709964394353002,1.2860070200724345
B,metis,0,0.5,25,1,maxdeg_cap85_recal,10000,118093,23.6186,91,0.5937693174023863,20,443,4,832,1.8088161726190424,91,random,0.2,0.2,0.2,ok,23619,0.2216168704870896,0.5362535136266315,0.2986453079265616,91,0.0280221341085935,0.2718371939990902,0.1072242624249963,0.1588764862542241,0.0525422226150294,91,0.0167660370988495,0.0013447345558076,9.347964000900643e-05,0.001644321004278,0.1284707500017248,0.1301150710060028,-0.1143926080620932,-0.3773770273724074,-0.246103085311532,-0.0112560970097439,2.0892060535135784,2.1159461900505807
B,metis,0,0.5,25,1,maxdeg_cap85_recal,10000,118093,23.6186,91,0.5937693174023863,20,443,4,832,1.8088161726190424,91,random,0.15,0.15,0.15,ok,17714,0.2216168704870896,0.5362535136266315,0.2986453079265616,91,0.0280221341085935,0.2718371939990902,0.0879382524889706,0.110502677807401,0.0297309171352963,91,0.0185687910214962,-0.0009630145809858,-4.900125844818679e-05,0.0016826330029289,0.09220586399897,0.0938884970018989,-0.133678617998119,-0.4257508358192304,-0.2689143907912652,-0.0094533430870972,2.8953194766084303,2.948155162909452
B,metis,0,0.5,25,1,maxdeg_cap85_recal,10000,118093,23.6186,91,0.5937693174023863,20,443,4,832,1.8088161726190424,91,random,0.05,0.05,0.05,ok,5905,0.2216168704870896,0.5362535136266315,0.2986453079265616,91,0.0280221341085935,0.2718371939990902,0.0448020862767275,0.0429464483671146,0.0081077684107888,91,0.0173002890149268,-0.0008177828058761,-0.0001445700799868,0.0015028440029709,0.0330892790007055,0.0345921230036765,-0.1768147842103621,-0.4933070652595169,-0.2905375395157727,-0.0107218450936666,7.858355324713627,8.215264950115527
B,eigen_proxy,1,0.5,25,1,maxdeg_cap85_recal,10000,118093,23.6186,91,0.5937693174023863,20,443,4,832,1.8088161726190424,91,lspar,0.5,0.49893,0.675781,ok,58920,0.1438814395456966,0.1136633318454081,0.0381435324313122,23,1.6236013981270152,1.0628571280030883,0.2462322440423068,0.3331138720689357,0.1679961176925075,21,1.136422527055848,-0.0001597412675821,-0.0002367207640039,0.2751279219955904,1.196230913999898,1.4713588359954883,0.1023508044966101,0.2194505402235275,0.1298525852611952,-0.4871788710711671,0.7223643220139314,0.8885049830798629
B,eigen_proxy,1,0.5,25,1,maxdeg_cap85_recal,10000,118093,23.6186,91,0.5937693174023863,20,443,4,832,1.8088161726190424,91,lspar,0.2,0.19936,0.296875,ok,23543,0.1438814395456966,0.1136633318454081,0.0381435324313122,23,1.6236013981270152,1.0628571280030883,0.2509907231606796,0.3704043741006541,0.1944753460355313,68,2.399254934349412,0.0002120276594015,-0.0004497916462186,0.2192284609991475,1.238050227999338,1.4572786889984854,0.1071092836149829,0.2567410422552459,0.1563318136042191,0.7756535362223969,0.7293437665883502,0.8584927363735817
B,eigen_proxy,1,0.5,25,1,maxdeg_cap85_recal,10000,118093,23.6186,91,0.5937693174023863,20,443,4,832,1.8088161726190424,91,lspar,0.15,0.14889,0.21875,ok,17583,0.1438814395456966,0.1136633318454081,0.0381435324313122,23,1.6236013981270152,1.0628571280030883,0.2262337838778692,0.3530658644342988,0.2007983326088413,88,2.24093366256121,-0.0005491484329658,0.0001463475862359,0.2067551070067566,3.227078705996973,3.43383381300373,0.0823523443321725,0.2394025325888906,0.1626548001775291,0.6173322644341948,0.3095249175944712,0.3293558121244301
B,eigen_proxy,1,0.5,25,1,maxdeg_cap85_recal,10000,118093,23.6186,91,0.5937693174023863,20,443,4,832,1.8088161726190424,91,lspar,0.05,0.07237,0.0,floor,8546,0.1438814395456966,0.1136633318454081,0.0381435324313122,23,1.6236013981270152,1.0628571280030883,0.1209977805015623,0.4185955561967146,0.0964610507421904,1454,1.5471474008639254,-0.0006240400218493,-5.111855351459521e-05,0.1792955729979439,0.0019948429981013,0.1812904159960453,-0.0228836590441343,0.3049322243513064,0.0583175183108781,-0.0764539972630897,5.862732026751339,532.8023954840955
B,eigen_proxy,1,0.5,25,1,maxdeg_cap85_recal,10000,118093,23.6186,91,0.5937693174023863,20,443,4,832,1.8088161726190424,91,dspar,0.5,0.50074,0.5,ok,59134,0.1438814395456966,0.1136633318454081,0.0381435324313122,23,1.6236013981270152,1.0628571280030883,0.1129560409979443,0.0703614955332055,0.0247045954626195,8,0.6266526948797077,-0.0013096153278929,-8.73793930789395e-05,0.0202500259983935,0.7038460260009742,0.7240960519993678,-0.0309253985477522,-0.0433018363122026,-0.0134389369686926,-0.9969487032473076,1.4678399710485044,1.5100705107932473
B,eigen_proxy,1,0.5,25,1,maxdeg_cap85_recal,10000,118093,23.6186,91,0.5937693174023863,20,443,4,832,1.8088161726190424,91,dspar,0.2,0.20012,0.2,ok,23633,0.1438814395456966,0.1136633318454081,0.0381435324313122,23,1.6236013981270152,1.0628571280030883,-5.783658448849707e-05,-0.0007333206874162,-0.0001165320750849,206,14.019996562053784,0.001068752733578,0.0001661789981432,0.0199070170056074,0.0020821010039071,0.0219891180095146,-0.1439392761301851,-0.1143966525328244,-0.0382600645063971,12.396395163926767,48.335596159118,510.4733756953143
B,eigen_proxy,1,0.5,25,1,maxdeg_cap85_recal,10000,118093,23.6186,91,0.5937693174023863,20,443,4,832,1.8088161726190424,91,dspar,0.15,0.15031,0.15,ok,17750,0.1438814395456966,0.1136633318454081,0.0381435324313122,23,1.6236013981270152,1.0628571280030883,-0.0004507913410481,9.705829615330724e-06,-1.99104467348533e-06,656,23.85768180523833,-0.0005485931340036,-4.099108802298465e-05,0.0200697980035329,0.002043036998657,0.0221128350021899,-0.1443322308867448,-0.1136536260157928,-0.0381455234759857,22.234080407111318,48.06516793969779,520.233910938343
B,eigen_proxy,1,0.5,25,1,maxdeg_cap85_recal,10000,118093,23.6186,91,0.5937693174023863,20,443,4,832,1.8088161726190424,91,dspar,0.05,0.05029,0.05,ok,5939,0.1438814395456966,0.1136633318454081,0.0381435324313122,23,1.6236013981270152,1.0628571280030883,-0.0049634485637786,0.0275139432952792,0.0038397215968674,4416,29.935600275257546,-0.0013308385962867,-0.0005902977445422,0.0193621419966802,0.0023121139965951,0.0216742559932754,-0.1488448881094753,-0.0861493885501289,-0.0343038108344447,28.31199887713053,49.037767586248215,459.6906249295098
B,eigen_proxy,1,0.5,25,1,maxdeg_cap85_recal,10000,118093,23.6186,91,0.5937693174023863,20,443,4,832,1.8088161726190424,91,random,0.5,0.5,0.5,ok,59046,0.1438814395456966,0.1136633318454081,0.0381435324313122,23,1.6236013981270152,1.0628571280030883,0.1381366088025331,0.0955245500134579,0.0387826856761482,20,1.6326354155168874,0.000910069719589,0.0002286206454976,0.0020395169995026,0.7891465889988467,0.7911861059983494,-0.0057448307431635,-0.0181387818319501,0.000639153244836,0.0090340173898721,1.343371831159666,1.3468437205709591
B,eigen_proxy,1,0.5,25,1,maxdeg_cap85_recal,10000,118093,23.6186,91,0.5937693174023863,20,443,4,832,1.8088161726190424,91,random,0.2,0.2,0.2,ok,23619,0.1438814395456966,0.1136633318454081,0.0381435324313122,23,1.6236013981270152,1.0628571280030883,-1.8040175108329356e-05,0.0083973739171961,0.0012986716099601,548,22.07825178042863,5.679257325946282e-05,3.986938302868007e-05,0.0016257780007435,0.0021118939985171,0.0037376719992607,-0.143899479720805,-0.105265957928212,-0.036844860821352,20.45465038230161,284.3634027312441,503.2720054838669
B,eigen_proxy,1,0.5,25,1,maxdeg_cap85_recal,10000,118093,23.6186,91,0.5937693174023863,20,443,4,832,1.8088161726190424,91,random,0.15,0.15,0.15,ok,17714,0.1438814395456966,0.1136633318454081,0.0381435324313122,23,1.6236013981270152,1.0628571280030883,-0.0007208893769738,0.0127839147022037,0.0021119894446522,1108,29.43193695290882,-0.0016054502705908,-9.746054754626468e-05,0.0016047429962782,0.0020904800039716,0.0036952230002498,-0.1446023289226705,-0.1008794171432043,-0.03603154298666,27.80833555478181,287.6300369236798,508.4273114231253
B,eigen_proxy,1,0.5,25,1,maxdeg_cap85_recal,10000,118093,23.6186,91,0.5937693174023863,20,443,4,832,1.8088161726190424,91,random,0.05,0.05,0.05,ok,5905,0.1438814395456966,0.1136633318454081,0.0381435324313122,23,1.6236013981270152,1.0628571280030883,-0.0130817209669939,0.0331944239169084,0.0080924751540219,4778,31.979859930274863,-0.0010704051041735,-0.000357686523239,0.0014638180000474,0.0022832929971627,0.0037471109972102,-0.1569631605126906,-0.0804689079284997,-0.0300510572772903,30.356258532147848,283.64708939617503,465.4930967351936
B,metis,0,0.5,25,2,maxdeg_cap85_recal,10000,140216,28.0432,108,0.602149540708621,20,463,5,844,1.6906312069229987,108,lspar,0.5,0.50197,0.703125,ok,70384,0.2183667050795813,0.6041653495967533,0.3518597375860034,108,0.0272205804493585,0.2706447119999211,0.2181514215536587,0.6471085227996719,0.3818355764068015,108,0.0292109568484156,-4.583859113748352e-06,-0.0001097632764792,0.3170380840019788,0.1641754779993789,0.4812135620013578,-0.0002152835259226,0.0429431732029186,0.0299758388207981,0.0019903763990571,0.5624212062401464,1.6485087498934827
B,metis,0,0.5,25,2,maxdeg_cap85_recal,10000,140216,28.0432,108,0.602149540708621,20,463,5,844,1.6906312069229987,108,lspar,0.2,0.19617,0.359375,ok,27506,0.2183667050795813,0.6041653495967533,0.3518597375860034,108,0.0272205804493585,0.2706447119999211,0.1990997242337555,0.649157448115619,0.3685186031186298,108,0.023654175107156,-9.387035204519072e-05,-2.6410278211394768e-05,0.2782398189956439,0.101748483000847,0.3799883019964909,-0.0192669808458258,0.0449920985188657,0.0166588655326263,-0.0035664053422025,0.712244852217636,2.659938546677576
B,metis,0,0.5,25,2,maxdeg_cap85_recal,10000,140216,28.0432,108,0.602149540708621,20,463,5,844,1.6906312069229987,108,lspar,0.15,0.15117,0.25,ok,21196,0.2183667050795813,0.6041653495967533,0.3518597375860034,108,0.0272205804493585,0.2706447119999211,0.186207178325142,0.6156823698227449,0.3326029800076377,108,0.0207345122923111,-0.0015584828824587,-0.0002478359400692,0.2504654189979192,0.0949472889988101,0.3454127079967293,-0.0321595267544393,0.0115170202259916,-0.0192567575783656,-0.0064860681570474,0.7835401122603858,2.8504732979086205
B,metis,0,0.5,25,2,maxdeg_cap85_recal,10000,140216,28.0432,108,0.602149540708621,20,463,5,844,1.6906312069229987,108,lspar,0.05,0.06143,0.0,floor,8613,0.2183667050795813,0.6041653495967533,0.3518597375860034,108,0.0272205804493585,0.2706447119999211,0.108724024000021,0.3263757520802785,0.0915722157805023,108,0.0152052622469985,0.0009187841718255,4.580666851993995e-05,0.2337982460012426,0.0085333870010799,0.2423316330023226,-0.1096426810795602,-0.2777895975164747,-0.2602875218055011,-0.0120153182023599,1.1168360838691131,31.71597771971068
B,metis,0,0.5,25,2,maxdeg_cap85_recal,10000,140216,28.0432,108,0.602149540708621,20,463,5,844,1.6906312069229987,108,dspar,0.5,0.4997,0.5,ok,70066,0.2183667050795813,0.6041653495967533,0.3518597375860034,108,0.0272205804493585,0.2706447119999211,0.1895414550791166,0.4779754137406657,0.2598770072674566,108,0.0228648201392444,0.0008174426334934,1.6055525734434883e-05,0.0246872770003392,0.2428888119975454,0.2675760889978846,-0.0288252500004646,-0.1261899358560875,-0.0919827303185468,-0.004355760310114,1.0114682257802965,1.1142740983996258
B,metis,0,0.5,25,2,maxdeg_cap85_recal,10000,140216,28.0432,108,0.602149540708621,20,463,5,844,1.6906312069229987,108,dspar,0.2,0.20064,0.2,ok,28133,0.2183667050795813,0.6041653495967533,0.3518597375860034,108,0.0272205804493585,0.2706447119999211,0.0867626513188762,0.1289741598083573,0.0305478864600496,108,0.0183586491877806,0.000287472506627,2.708913332189889e-05,0.0244168380013434,0.1354462649978813,0.1598631029992248,-0.131604053760705,-0.4751911897883959,-0.3213118511259537,-0.0088619312615778,1.692977972542129,1.99817035932408
B,metis,0,0.5,25,2,maxdeg_cap85_recal,10000,140216,28.0432,108,0.602149540708621,20,463,5,844,1.6906312069229987,108,dspar,0.15,0.15044,0.15,ok,21094,0.2183667050795813,0.6041653495967533,0.3518597375860034,108,0.0272205804493585,0.2706447119999211,0.0789864012125067,0.1048723093158437,0.0208901299515616,108,0.0173919521618477,0.0006944909659532,7.387681159589903e-05,0.0246701110008871,0.1203604719994473,0.1450305830003344,-0.1393803038670746,-0.4992930402809095,-0.3309696076344418,-0.0098286282875107,1.866121657935396,2.24861790174073
B,metis,0,0.5,25,2,maxdeg_cap85_recal,10000,140216,28.0432,108,0.602149540708621,20,463,5,844,1.6906312069229987,108,dspar,0.05,0.04999,0.05,ok,7009,0.2183667050795813,0.6041653495967533,0.3518597375860034,108,0.0272205804493585,0.2706447119999211,0.0452434250904738,0.052987885769524,0.0086574303435848,108,0.0177606306194346,0.001269271511853,9.833735103694584e-05,0.024256292002974,0.0382669070022529,0.062523199005227,-0.1731232799891075,-0.5511774638272292,-0.3432023072424186,-0.0094599498299238,4.328708644247309,7.072552583985602
B,metis,0,0.5,25,2,maxdeg_cap85_recal,10000,140216,28.0432,108,0.602149540708621,20,463,5,844,1.6906312069229987,108,random,0.5,0.5,0.5,ok,70108,0.2183667050795813,0.6041653495967533,0.3518597375860034,108,0.0272205804493585,0.2706447119999211,0.1880332977688469,0.5004304818552276,0.2818910452216989,108,0.0228648201392444,-0.0007356811436915,-3.463802834139128e-05,0.0025577540000085,0.2132717140048043,0.2158294680048129,-0.0303334073107343,-0.1037348677415256,-0.0699686923643044,-0.004355760310114,1.2539747908468448,1.2690136301611208
B,metis,0,0.5,25,2,maxdeg_cap85_recal,10000,140216,28.0432,108,0.602149540708621,20,463,5,844,1.6906312069229987,108,random,0.2,0.2,0.2,ok,28043,0.2183667050795813,0.6041653495967533,0.3518597375860034,108,0.0272205804493585,0.2706447119999211,0.0982452898539483,0.1968410301105306,0.0684975084944432,108,0.017515707236649,7.697060978385583e-05,2.89191129667432e-05,0.0020094689971301,0.1335122640011832,0.1355217329983133,-0.1201214152256329,-0.4073243194862226,-0.2833622290915602,-0.0097048732127094,1.997057638004743,2.0271149922041816
B,metis,0,0.5,25,2,maxdeg_cap85_recal,10000,140216,28.0432,108,0.602149540708621,20,463,5,844,1.6906312069229987,108,random,0.15,0.15,0.15,ok,21032,0.2183667050795813,0.6041653495967533,0.3518597375860034,108,0.0272205804493585,0.2706447119999211,0.0834624064101164,0.1488189025113253,0.0416295568622205,108,0.0174539393834171,-0.0027214478155373,-0.0003114486038704,0.001913792999403,0.1199279749998822,0.1218417679992853,-0.1349042986694648,-0.4553464470854279,-0.3102301807237828,-0.0097666410659413,2.221280242761321,2.256727106416887
B,metis,0,0.5,25,2,maxdeg_cap85_recal,10000,140216,28.0432,108,0.602149540708621,20,463,5,844,1.6906312069229987,108,random,0.05,0.05,0.05,ok,7011,0.2183667050795813,0.6041653495967533,0.3518597375860034,108,0.0272205804493585,0.2706447119999211,0.0424030240942493,0.0584189519063241,0.0105330480338241,108,0.0153466608746007,0.0003254370556462,2.296496438202132e-06,0.0018295520058018,0.0419241859999601,0.0437537380057619,-0.175963680985332,-0.5457463976904291,-0.3413266895521793,-0.0118739195747578,6.185636344128576,6.455574641334199
B,eigen_proxy,1,0.5,25,2,maxdeg_cap85_recal,10000,140216,28.0432,108,0.602149540708621,20,463,5,844,1.6906312069229987,108,lspar,0.5,0.50197,0.703125,ok,70384,0.1338616180048681,0.1081674225286744,0.0374028351486938,7,0.6931569374968413,0.984177500999067,0.1985300117232017,0.1971470229628703,0.0773383612426286,9,0.7689362782441729,-0.0004935246703377,2.265351123561194e-05,0.318187394994311,0.7745925540002645,1.0927799489945755,0.0646683937183335,0.0889796004341958,0.0399355260939348,0.0757793407473316,0.9006181911596846,1.270574440609367
B,eigen_proxy,1,0.5,25,2,maxdeg_cap85_recal,10000,140216,28.0432,108,0.602149540708621,20,463,5,844,1.6906312069229987,108,lspar,0.2,0.19617,0.359375,ok,27506,0.1338616180048681,0.1081674225286744,0.0374028351486938,7,0.6931569374968413,0.984177500999067,0.2714637446587027,0.4132303284421612,0.2209063499524733,82,2.3900453217460123,-0.0001740089204161,0.0002802420834082,0.2780720730006578,1.228408588001912,1.5064806610025698,0.1376021266538346,0.3050629059134867,0.1835035148037794,1.696888384249171,0.6532958082210576,0.8011809023574941
B,eigen_proxy,1,0.5,25,2,maxdeg_cap85_recal,10000,140216,28.0432,108,0.602149540708621,20,463,5,844,1.6906312069229987,108,lspar,0.05,0.06143,0.0,floor,8613,0.1338616180048681,0.1081674225286744,0.0374028351486938,7,0.6931569374968413,0.984177500999067,0.1150844765803613,0.4833660566958463,0.1300534790046271,1387,1.4579072467067309,0.0003522202993746,6.87401413643973e-05,0.2335162159943138,0.0019171490057487,0.2354333650000626,-0.0187771414245067,0.3751986341671718,0.0926506438559332,0.7647503092098894,4.180280484029123,513.3547251924053
B,eigen_proxy,1,0.5,25,2,maxdeg_cap85_recal,10000,140216,28.0432,108,0.602149540708621,20,463,5,844,1.6906312069229987,108,dspar,0.5,0.4997,0.5,ok,70066,0.1338616180048681,0.1081674225286744,0.0374028351486938,7,0.6931569374968413,0.984177500999067,0.1145411604634076,0.0841877519164774,0.0321604238232288,11,0.6329029941468123,-0.000199192697624,-2.719951846370193e-05,0.0232030510014737,0.8872287439953652,0.910431794996839,-0.0193204575414604,-0.023979670612197,-0.0052424113254649,-0.0602539433500289,1.081000802484588,1.109271433843681
B,eigen_proxy,1,0.5,25,2,maxdeg_cap85_recal,10000,140216,28.0432,108,0.602149540708621,20,463,5,844,1.6906312069229987,108,dspar,0.2,0.20064,0.2,ok,28133,0.1338616180048681,0.1081674225286744,0.0374028351486938,7,0.6931569374968413,0.984177500999067,0.0964982843387369,0.0457897205946414,0.019649329223909,108,4.068416271720484,2.902447216392948e-05,-0.0001956475660915,0.0234108459990238,0.5977746819989989,0.6211855279980227,-0.0373633336661312,-0.062377701934033,-0.0177535059247848,3.3752593342236423,1.5843535572551195,1.6464021154390664
B,eigen_proxy,1,0.5,25,2,maxdeg_cap85_recal,10000,140216,28.0432,108,0.602149540708621,20,463,5,844,1.6906312069229987,108,dspar,0.15,0.15044,0.15,ok,21094,0.1338616180048681,0.1081674225286744,0.0374028351486938,7,0.6931569374968413,0.984177500999067,-0.0001805323205273,-0.0016484081968682,-0.0002578758394721,360,18.255693139401743,0.0004060763331837,9.629870326852468e-05,0.0235444249992724,0.0019778439964284,0.0255222689957008,-0.1340421503253955,-0.1098158307255427,-0.0376607109881659,17.562536201904905,38.56152057502599,497.6011772294933
B,eigen_proxy,1,0.5,25,2,maxdeg_cap85_recal,10000,140216,28.0432,108,0.602149540708621,20,463,5,844,1.6906312069229987,108,dspar,0.05,0.04999,0.05,ok,7009,0.1338616180048681,0.1081674225286744,0.0374028351486938,7,0.6931569374968413,0.984177500999067,-0.0056110677974301,0.0200688180851841,0.0024471217183458,3697,33.59491993977661,-0.0005870454147802,-3.0025600846794937e-05,0.0231353609997313,0.0021971349997329,0.0253324959994643,-0.1394726858022982,-0.0880986044434904,-0.0349557134303479,32.901763002279765,38.85039599018901,447.9367454064896
B,eigen_proxy,1,0.5,25,2,maxdeg_cap85_recal,10000,140216,28.0432,108,0.602149540708621,20,463,5,844,1.6906312069229987,108,random,0.5,0.5,0.5,ok,70108,0.1338616180048681,0.1081674225286744,0.0374028351486938,7,0.6931569374968413,0.984177500999067,0.1240894614974854,0.0865771967649343,0.0351946585268919,14,1.2332573616240854,0.0008655912338698,-0.0003429975682721,0.0023420599973178,0.6254776040004799,0.6278196639977978,-0.0097721565073826,-0.0215902257637401,-0.0022081766218019,0.5401004241272441,1.5676117800007603,1.5734815998276923
B,eigen_proxy,1,0.5,25,2,maxdeg_cap85_recal,10000,140216,28.0432,108,0.602149540708621,20,463,5,844,1.6906312069229987,108,random,0.2,0.2,0.2,ok,28043,0.1338616180048681,0.1081674225286744,0.0374028351486938,7,0.6931569374968413,0.984177500999067,-2.1546345497858015e-05,0.0058767003861404,0.0008710123549321,343,17.847796177119456,-0.0001195293805106,-7.234051205899575e-05,0.0019948390036006,0.0024434600054519,0.0044382990090525,-0.1338831643503659,-0.102290722142534,-0.0365318227937617,17.154639239622615,221.746551773932,402.7802782951794
B,eigen_proxy,1,0.5,25,2,maxdeg_cap85_recal,10000,140216,28.0432,108,0.602149540708621,20,463,5,844,1.6906312069229987,108,random,0.15,0.15,0.15,ok,21032,0.1338616180048681,0.1081674225286744,0.0374028351486938,7,0.6931569374968413,0.984177500999067,-0.0002464551985194,0.0099851492879279,0.0015290062856508,746,25.203845215363465,0.0004259648278428,3.66104243170723e-06,0.0018645009986357,0.002024616995186,0.0038891179938218,-0.1341080732033876,-0.0981822732407464,-0.035873828863043,24.510688277866624,253.0593061363795,486.10552185383233
B,eigen_proxy,1,0.5,25,2,maxdeg_cap85_recal,10000,140216,28.0432,108,0.602149540708621,20,463,5,844,1.6906312069229987,108,random,0.05,0.05,0.05,ok,7011,0.1338616180048681,0.1081674225286744,0.0374028351486938,7,0.6931569374968413,0.984177500999067,-0.0095600341887404,0.0353591065055793,0.0071840356723487,4142,34.414548117329666,-0.0017174556002991,-0.0003264525823977,0.0016684980000718,0.0021962710015941,0.0038647690016659,-0.1434216521936085,-0.0728083160230951,-0.0302187994763451,33.72139117983282,254.6536418023474,448.1129606886908
B,metis,0,0.5,25,3,maxdeg_cap85_recal_recal,10000,111211,22.2422,91,0.5968834018217622,20,492,4,845,1.796999167931446,91,lspar,0.5,0.49787,0.667969,ok,55369,0.2473190857472939,0.6182240347534653,0.3657910269453699,91,0.0273649410743016,0.2467312559965648,0.2455931276813177,0.6310836245841394,0.3785645913315796,91,0.028695992751602,0.0012791202686024,-2.041421364449567e-05,0.2577984320014366,0.1449015190009959,0.4026999510024325,-0.0017259580659762,0.012859589830674,0.0127735643862096,0.0013310516773004,0.6126925403948571,1.7027513424125602
B,metis,0,0.5,25,3,maxdeg_cap85_recal_recal,10000,111211,22.2422,91,0.5968834018217622,20,492,4,845,1.796999167931446,91,lspar,0.2,0.19919,0.28125,ok,22152,0.2473190857472939,0.6182240347534653,0.3657910269453699,91,0.0273649410743016,0.2467312559965648,0.2167740186205417,0.6013535574806449,0.3306604588249126,91,0.0209193690153407,0.0016040506150159,0.0001978467562874,0.2035751880030147,0.0886628179941908,0.2922380059972056,-0.0305450671267522,-0.0168704772728204,-0.0351305681204572,-0.0064455720589608,0.8442818898748033,2.7828041289273098
B,metis,0,0.5,25,3,maxdeg_cap85_recal_recal,10000,111211,22.2422,91,0.5968834018217622,20,492,4,845,1.796999167931446,91,lspar,0.15,0.14926,0.125,ok,16599,0.2473190857472939,0.6182240347534653,0.3657910269453699,91,0.0273649410743016,0.2467312559965648,0.1990486375598594,0.543215265573021,0.2799618680716422,91,0.0176130633337872,0.0024751207150305,0.0002585081766753,0.189635705006367,0.0714710699976421,0.2611067750040092,-0.0482704481874344,-0.0750087691804443,-0.0858291588737277,-0.0097518777405143,0.9449439065408256,3.452183603865235
B,metis,0,0.5,25,3,maxdeg_cap85_recal_recal,10000,111211,22.2422,91,0.5968834018217622,20,492,4,845,1.796999167931446,91,lspar,0.05,0.07657,0.0,floor,8515,0.2473190857472939,0.6182240347534653,0.3657910269453699,91,0.0273649410743016,0.2467312559965648,0.1176327766696203,0.2647208190335401,0.0667121259512368,91,0.0115620067462357,0.0016870482051143,0.0001448528125226,0.1721780529987882,0.0077544390005641,0.1799324919993523,-0.1296863090776736,-0.3535032157199252,-0.2990789009941331,-0.0158029343280659,1.371243477233967,31.8180665266197
B,metis,0,0.5,25,3,maxdeg_cap85_recal_recal,10000,111211,22.2422,91,0.5968834018217622,20,492,4,845,1.796999167931446,91,dspar,0.5,0.50096,0.5,ok,55712,0.2473190857472939,0.6182240347534653,0.3657910269453699,91,0.0273649410743016,0.2467312559965648,0.2088652617093332,0.4378735329842644,0.2350098177544455,91,0.0242251934976792,0.0019766336133118,0.0002968925152715,0.0192477090022293,0.2085010090013384,0.2277487180035677,-0.0384538240379606,-0.1803505017692009,-0.1307812091909244,-0.0031397475766223,1.083348605249667,1.183357611449166
B,metis,0,0.5,25,3,maxdeg_cap85_recal_recal,10000,111211,22.2422,91,0.5968834018217622,20,492,4,845,1.796999167931446,91,dspar,0.2,0.20001,0.2,ok,22243,0.2473190857472939,0.6182240347534653,0.3657910269453699,91,0.0273649410743016,0.2467312559965648,0.1034212046519148,0.1143911130976486,0.0259273158610287,91,0.0127593103261892,0.0017561779783955,0.0001494213972714,0.0186883009955636,0.109261105004407,0.1279494059999706,-0.1438978810953791,-0.5038329216558166,-0.3398637110843411,-0.0146056307481123,1.9283501480000735,2.258180127197259
B,metis,0,0.5,25,3,maxdeg_cap85_recal_recal,10000,111211,22.2422,91,0.5968834018217622,20,492,4,845,1.796999167931446,91,dspar,0.15,0.14974,0.15,ok,16653,0.2473190857472939,0.6182240347534653,0.3657910269453699,91,0.0273649410743016,0.2467312559965648,0.0911039606150021,0.0955711534754547,0.0183881089328324,91,0.0159311016568221,-1.8302882883708323e-05,-7.32428169826205e-05,0.0188158230012049,0.0808356269990326,0.0996514500002376,-0.1562151251322917,-0.5226528812780106,-0.3474029180125374,-0.0114338394174795,2.475942457395014,3.0522588264147115
B,metis,0,0.5,25,3,maxdeg_cap85_recal_recal,10000,111211,22.2422,91,0.5968834018217622,20,492,4,845,1.796999167931446,91,dspar,0.05,0.04961,0.05,ok,5517,0.2473190857472939,0.6182240347534653,0.3657910269453699,91,0.0273649410743016,0.2467312559965648,0.0471294688474284,0.0393829329413752,0.0063075163814908,91,0.0154673850407882,-0.002106433611763,-0.000198062544028,0.0189807190035935,0.0247900379981729,0.0437707570017664,-0.2001896168998654,-0.57884110181209,-0.3594835105638791,-0.0118975560335133,5.636897163706981,9.952838959534857
B,metis,0,0.5,25,3,maxdeg_cap85_recal_recal,10000,111211,22.2422,91,0.5968834018217622,20,492,4,845,1.796999167931446,91,random,0.5,0.5,0.5,ok,55606,0.2473190857472939,0.6182240347534653,0.3657910269453699,91,0.0273649410743016,0.2467312559965648,0.204429516207719,0.4382444314332257,0.2400506087936023,91,0.0203460069792576,-0.0030598604828659,-0.0003369208084621,0.001753352000378,0.1899584299972048,0.1917117819975828,-0.0428895695395748,-0.1799796033202396,-0.1257404181517676,-0.0070189340950439,1.286990572127047,1.2988697369218911
B,metis,0,0.5,25,3,maxdeg_cap85_recal_recal,10000,111211,22.2422,91,0.5968834018217622,20,492,4,845,1.796999167931446,91,random,0.2,0.2,0.2,ok,22242,0.2473190857472939,0.6182240347534653,0.3657910269453699,91,0.0273649410743016,0.2467312559965648,0.1123558111679411,0.1589129934818214,0.0518878946845033,91,0.0177673858516102,0.0009174811933947,6.962846415063457e-05,0.0015466440017917,0.1139166240027407,0.1154632680045324,-0.1349632745793527,-0.4593110412716439,-0.3139031322608666,-0.0095975552226913,2.136880934176223,2.165893329059934
B,metis,0,0.5,25,3,maxdeg_cap85_recal_recal,10000,111211,22.2422,91,0.5968834018217622,20,492,4,845,1.796999167931446,91,random,0.15,0.15,0.15,ok,16682,0.2473190857472939,0.6182240347534653,0.3657910269453699,91,0.0273649410743016,0.2467312559965648,0.093062249523853,0.1183603757348097,0.0322424489505818,91,0.0182225135478067,0.0009914708410802,1.81225019006066e-05,0.0014692120021209,0.0937697619956452,0.0952389739977661,-0.1542568362234408,-0.4998636590186555,-0.3335485779947881,-0.0091424275264948,2.5906542840576168,2.631245411586129
B,metis,0,0.5,25,3,maxdeg_cap85_recal_recal,10000,111211,22.2422,91,0.5968834018217622,20,492,4,845,1.796999167931446,91,random,0.05,0.05,0.05,ok,5561,0.2473190857472939,0.6182240347534653,0.3657910269453699,91,0.0273649410743016,0.2467312559965648,0.0459174521884343,0.0444654310717928,0.0080625647778897,91,0.0162702181915301,0.0009876090954151,-1.7139036969004917e-05,0.0013035030060564,0.0288720289972843,0.0301755320033407,-0.2014016335588595,-0.5737586036816724,-0.3577284621674801,-0.0110947228827714,8.17653375487295,8.54568468394694
B,eigen_proxy,1,0.5,25,3,maxdeg_cap85_recal_recal,10000,111211,22.2422,91,0.5968834018217622,20,492,4,845,1.796999167931446,91,lspar,0.5,0.49787,0.667969,ok,55369,0.1453409556230841,0.0931835258687952,0.0314776985353505,5,0.6041135654825175,0.5703288430013345,0.2210053233314268,0.2055888518235005,0.0774717470548783,6,0.5207923578548365,-0.0004478143566976,-0.0004056654219895,0.2574222060065949,0.5412384489973192,0.7986606550039141,0.0756643677083427,0.1124053259547053,0.0459940485195278,-0.083321207627681,0.7141065976244183,1.053747833432579
B,eigen_proxy,1,0.5,25,3,maxdeg_cap85_recal_recal,10000,111211,22.2422,91,0.5968834018217622,20,492,4,845,1.796999167931446,91,lspar,0.2,0.19919,0.28125,ok,22152,0.1453409556230841,0.0931835258687952,0.0314776985353505,5,0.6041135654825175,0.5703288430013345,0.1990694779030791,0.3488416764669826,0.1098492299868717,55,2.236454493165465,0.001765339211571,-0.000149122535768,0.202270800997212,1.878362672003277,2.080633473000489,0.053728522279995,0.2556581505981874,0.0783715314515211,1.632340927682948,0.2741130768115833,0.3036308437672889
B,eigen_proxy,1,0.5,25,3,maxdeg_cap85_recal_recal,10000,111211,22.2422,91,0.5968834018217622,20,492,4,845,1.796999167931446,91,lspar,0.15,0.14926,0.125,ok,16599,0.1453409556230841,0.0931835258687952,0.0314776985353505,5,0.6041135654825175,0.5703288430013345,0.2081298662572034,0.3593445078370428,0.1391419718837828,80,2.3519690474153783,0.000701996025247,0.0006244313187992,0.1890676840048399,4.120663613000943,4.309731297005783,0.0627889106341193,0.2661609819682476,0.1076642733484323,1.7478554819328609,0.1323351280386261,0.1384070374494808
B,eigen_proxy,1,0.5,25,3,maxdeg_cap85_recal_recal,10000,111211,22.2422,91,0.5968834018217622,20,492,4,845,1.796999167931446,91,lspar,0.05,0.07657,0.0,floor,8515,0.1453409556230841,0.0931835258687952,0.0314776985353505,5,0.6041135654825175,0.5703288430013345,0.121848546955955,0.4379445513846451,0.1010675384887782,1485,1.429700003497237,-0.001395762616939,-0.0001554293681423,0.1733887289956328,0.0020247990032657,0.1754135279988986,-0.023492408667129,0.3447610255158498,0.0695898399534276,0.8255864380147194,3.251338990256871,281.6718311701315
B,eigen_proxy,1,0.5,25,3,maxdeg_cap85_recal_recal,10000,111211,22.2422,91,0.5968834018217622,20,492,4,845,1.796999167931446,91,dspar,0.5,0.50096,0.5,ok,55712,0.1453409556230841,0.0931835258687952,0.0314776985353505,5,0.6041135654825175,0.5703288430013345,0.1196678243277035,0.0851633508250532,0.0276139401813784,47,2.311763573551586,-0.0003235504058347,0.0002501383625248,0.0188828250029473,1.2987079529993937,1.3175907780023408,-0.0256731312953805,-0.0080201750437419,-0.003863758353972,1.7076500080690682,0.4328573427525319,0.4391509589851575
B,eigen_proxy,1,0.5,25,3,maxdeg_cap85_recal_recal,10000,111211,22.2422,91,0.5968834018217622,20,492,4,845,1.796999167931446,91,dspar,0.2,0.20001,0.2,ok,22243,0.1453409556230841,0.0931835258687952,0.0314776985353505,5,0.6041135654825175,0.5703288430013345,2.491913226062962e-05,-0.0013811320962162,-0.0002410755683341,241,15.110799939116395,-6.486844790818625e-05,-1.6145142676743042e-05,0.0190552329950151,0.0019695070004672,0.0210247399954823,-0.1453160364908234,-0.0945646579650114,-0.0317187741036847,14.50668637363388,27.126558669637863,289.5794952066793
B,eigen_proxy,1,0.5,25,3,maxdeg_cap85_recal_recal,10000,111211,22.2422,91,0.5968834018217622,20,492,4,845,1.796999167931446,91,dspar,0.15,0.14974,0.15,ok,16653,0.1453409556230841,0.0931835258687952,0.0314776985353505,5,0.6041135654825175,0.5703288430013345,-4.525967302889029e-05,-0.001783772590477,-0.0003226107970256,667,23.98227395598675,0.0001168791703119,8.606872477669981e-05,0.0194384980059112,0.0021205260054557,0.021559024011367,-0.145386215296113,-0.0949672984592722,-0.0318003093323761,23.37816039050423,26.454297870841856,268.95630684743963
B,eigen_proxy,1,0.5,25,3,maxdeg_cap85_recal_recal,10000,111211,22.2422,91,0.5968834018217622,20,492,4,845,1.796999167931446,91,dspar,0.05,0.04961,0.05,ok,5517,0.1453409556230841,0.0931835258687952,0.0314776985353505,5,0.6041135654825175,0.5703288430013345,0.0005005063710352,0.027388714989285,0.0022764097860053,4734,27.018106450304764,0.0028895466825504,0.001636304339317,0.0188176000010571,0.0022220719984034,0.0210396719994605,-0.1448404492520489,-0.0657948108795102,-0.0292012887493451,26.41399288482225,27.107306759152777,256.6653301113215
B,eigen_proxy,1,0.5,25,3,maxdeg_cap85_recal_recal,10000,111211,22.2422,91,0.5968834018217622,20,492,4,845,1.796999167931446,91,random,0.2,0.2,0.2,ok,22242,0.1453409556230841,0.0931835258687952,0.0314776985353505,5,0.6041135654825175,0.5703288430013345,-5.995272504642534e-05,0.0057117997828657,0.0008855262032836,637,23.579753240015048,0.0004045118650619,0.0001953112572807,0.0015061259982758,0.0021837259992025,0.0036898519974783,-0.1454009083481305,-0.0874717260859295,-0.0305921723320668,22.97563967453253,154.5668615952863,261.1723463518769
B,eigen_proxy,1,0.5,25,3,maxdeg_cap85_recal_recal,10000,111211,22.2422,91,0.5968834018217622,20,492,4,845,1.796999167931446,91,random,0.15,0.15,0.15,ok,16682,0.1453409556230841,0.0931835258687952,0.0314776985353505,5,0.6041135654825175,0.5703288430013345,-0.0003967231985568,0.0091675662422954,0.0014570718046504,1200,30.26347157878619,-0.0020312910826611,-0.000153825371628,0.0014269390012486,0.0019938449986511,0.0034207839998998,-0.1457376788216409,-0.0840159596264997,-0.0300206267307001,29.659358013303677,166.7245996876824,286.044724332712
B,eigen_proxy,1,0.5,25,3,maxdeg_cap85_recal_recal,10000,111211,22.2422,91,0.5968834018217622,20,492,4,845,1.796999167931446,91,random,0.05,0.05,0.05,ok,5561,0.1453409556230841,0.0931835258687952,0.0314776985353505,5,0.6041135654825175,0.5703288430013345,-0.0056755445953365,0.0397198624993689,0.0095072073762377,4988,29.830210139387223,-0.0005597458263991,-0.0002770927758945,0.0012865349999628,0.0021678749981219,0.0034544099980848,-0.1510165002184206,-0.0534636633694262,-0.0219704911591128,29.226096573904705,165.10166520983998,263.0819782023436
B,metis,0,0.5,50,1,maxdeg_cap85_recal,10000,240080,48.016,106,0.6111837720759746,20,459,10,841,1.37198858495955,106,lspar,0.5,0.49905,0.761719,ok,119813,0.1821773883134284,0.6196095995120239,0.3478033265805791,106,0.0294781274846283,0.3661675069961347,0.1843619452063824,0.6512168416934435,0.3733392799195364,106,0.0295499576987852,-0.001090686254468,-1.879187130921945e-05,0.757568294997327,0.2123702169992611,0.9699385119965882,0.002184556892954,0.0316072421814196,0.0255359533389573,7.183021415696489e-05,0.3775162058906088,1.724194249881134
B,metis,0,0.5,50,1,maxdeg_cap85_recal,10000,240080,48.016,106,0.6111837720759746,20,459,10,841,1.37198858495955,106,lspar,0.2,0.19811,0.46875,ok,47562,0.1821773883134284,0.6196095995120239,0.3478033265805791,106,0.0294781274846283,0.3661675069961347,0.1831994667447987,0.7398481282246803,0.4312554203258261,106,0.0283414890222796,-0.0018763671499543,-0.0002408183108271,0.5683830310008489,0.1204706429998623,0.6888536740007112,0.0010220784313703,0.1202385287126563,0.0834520937452469,-0.0011366384623486,0.5315606504201598,3.03947499472177
B,metis,0,0.5,50,1,maxdeg_cap85_recal,10000,240080,48.016,106,0.6111837720759746,20,459,10,841,1.37198858495955,106,lspar,0.15,0.14954,0.375,ok,35901,0.1821773883134284,0.6196095995120239,0.3478033265805791,106,0.0294781274846283,0.3661675069961347,0.1812279399435305,0.7462974988375296,0.4364226075481074,106,0.0274291815408334,-0.001557838380655,-0.0001830345134207,0.5401998119996279,0.1024638650051201,0.642663677004748,-0.0009494483698979,0.1266878993255057,0.0886192809675283,-0.0020489459437948,0.5697653688827189,3.573625755556236
B,metis,0,0.5,50,1,maxdeg_cap85_recal,10000,240080,48.016,106,0.6111837720759746,20,459,10,841,1.37198858495955,106,lspar,0.05,0.03693,0.0,ok,8866,0.1821773883134284,0.6196095995120239,0.3478033265805791,106,0.0294781274846283,0.3661675069961347,0.1024664985359485,0.4111721691733234,0.1312806841155667,106,0.0124306073866082,0.0006544043707885,7.251936846519219e-06,0.8052596110064769,0.0086813330053701,0.813940944011847,-0.0797108897774798,-0.2084374303387004,-0.2165226424650124,-0.01704752009802,0.4498698704003335,42.17871918628517
B,metis,0,0.5,50,1,maxdeg_cap85_recal,10000,240080,48.016,106,0.6111837720759746,20,459,10,841,1.37198858495955,106,dspar,0.5,0.49945,0.5,ok,119909,0.1821773883134284,0.6196095995120239,0.3478033265805791,106,0.0294781274846283,0.3661675069961347,0.175177817537648,0.6320133744373897,0.3580356967928196,106,0.0265254594682165,0.0015801209120862,1.8241706468088877e-05,0.0401675190005335,0.2859313879962428,0.3260989069967763,-0.0069995707757803,0.0124037749253658,0.0102323702122404,-0.0029526680164117,1.12287253695013,1.2806131903257372
B,metis,0,0.5,50,1,maxdeg_cap85_recal,10000,240080,48.016,106,0.6111837720759746,20,459,10,841,1.37198858495955,106,dspar,0.2,0.20023,0.2,ok,48071,0.1821773883134284,0.6196095995120239,0.3478033265805791,106,0.0294781274846283,0.3661675069961347,0.0933124840523001,0.2630969198075953,0.1094146015827754,106,0.0174653943556966,0.0014841491021863,0.0001348992425463,0.0439740760048152,0.2108740799958468,0.2548481560006621,-0.0888649042611282,-0.3565126797044285,-0.2383887249978036,-0.0120127331289316,1.4368065782480428,1.736427288756145
B,metis,0,0.5,50,1,maxdeg_cap85_recal,10000,240080,48.016,106,0.6111837720759746,20,459,10,841,1.37198858495955,106,dspar,0.15,0.14987,0.15,ok,35980,0.1821773883134284,0.6196095995120239,0.3478033265805791,106,0.0294781274846283,0.3661675069961347,0.0599480894652216,0.1362312101881821,0.034042397846926,106,0.0180033330247484,-0.0008231679959543,-7.577447052725362e-05,0.040344189001189,0.1503927100056898,0.1907368990068789,-0.1222292988482068,-0.4833783893238417,-0.3137609287336531,-0.0114747944598798,1.9197518094436927,2.434742395308133
B,metis,0,0.5,50,1,maxdeg_cap85_recal,10000,240080,48.016,106,0.6111837720759746,20,459,10,841,1.37198858495955,106,dspar,0.05,0.04951,0.05,ok,11886,0.1821773883134284,0.6196095995120239,0.3478033265805791,106,0.0294781274846283,0.3661675069961347,0.036494115449729,0.0686039467124602,0.0103992996016874,106,0.0183532013556218,-0.0019691269026335,-0.0002055383973552,0.0394089719993644,0.0646520520022022,0.1040610240015667,-0.1456832728636994,-0.5510056527995637,-0.3374040269788917,-0.0111249261290064,3.51877670347182,5.663664116703704
B,metis,0,0.5,50,1,maxdeg_cap85_recal,10000,240080,48.016,106,0.6111837720759746,20,459,10,841,1.37198858495955,106,random,0.5,0.5,0.5,ok,120040,0.1821773883134284,0.6196095995120239,0.3478033265805791,106,0.0294781274846283,0.3661675069961347,0.1627433914880061,0.5524998695475939,0.3145516819951858,106,0.0275833282980861,-0.0015246246618241,-0.0002946122924924,0.0040839659995981,0.2716658740027924,0.2757498400023905,-0.0194339968254222,-0.0671097299644299,-0.0332516445853933,-0.0018947991865421,1.327897441365552,1.3478597867333568
B,metis,0,0.5,50,1,maxdeg_cap85_recal,10000,240080,48.016,106,0.6111837720759746,20,459,10,841,1.37198858495955,106,random,0.2,0.2,0.2,ok,48016,0.1821773883134284,0.6196095995120239,0.3478033265805791,106,0.0294781274846283,0.3661675069961347,0.106332354280704,0.3279682491743221,0.1628732424164814,106,0.0195826453779871,-0.0012381921425912,-1.522832185957534e-05,0.0034829560026992,0.1894605010020313,0.1929434570047306,-0.0758450340327243,-0.2916413503377018,-0.1849300841640977,-0.0098954821066412,1.8977969643570607,1.932685203826252
B,metis,0,0.5,50,1,maxdeg_cap85_recal,10000,240080,48.016,106,0.6111837720759746,20,459,10,841,1.37198858495955,106,random,0.15,0.15,0.15,ok,36012,0.1821773883134284,0.6196095995120239,0.3478033265805791,106,0.0294781274846283,0.3661675069961347,0.0813695074938782,0.2309642964917442,0.0973745712980389,106,0.0163364622853297,0.0002951561797957,-3.1832507973651704e-05,0.0033453299984103,0.1535515860014129,0.1568969159998232,-0.1008078808195501,-0.3886453030202796,-0.2504287552825402,-0.0131416651992986,2.333809461216862,2.3846546722921205
B,metis,0,0.5,50,1,maxdeg_cap85_recal,10000,240080,48.016,106,0.6111837720759746,20,459,10,841,1.37198858495955,106,random,0.05,0.05,0.05,ok,12004,0.1821773883134284,0.6196095995120239,0.3478033265805791,106,0.0294781274846283,0.3661675069961347,0.0362281315171822,0.0776277117685543,0.0162490224585135,106,0.0167212439728627,0.0009006268362931,6.415857349641066e-05,0.0029312089973245,0.0670077670001774,0.0699389759975019,-0.1459492567962461,-0.5419818877434696,-0.3315543041220656,-0.0127568835117655,5.235528570066756,5.4645531912019285
B,eigen_proxy,1,0.5,50,1,maxdeg_cap85_recal,10000,240080,48.016,106,0.6111837720759746,20,459,10,841,1.37198858495955,106,lspar,0.5,0.49905,0.761719,ok,119813,0.1197985276445811,0.0932134936671874,0.0291025858769761,4,0.5033388520668756,0.969483194006898,0.244320016401425,0.3866020930305581,0.211186004922082,30,1.2857309205273084,0.0001451161102054,-6.366815054996198e-05,0.7683157720020972,2.3447458570008166,3.113061629002914,0.1245214887568439,0.2933885993633706,0.1820834190451059,0.7823920684604329,0.3114243498987249,0.4134704795883387
B,eigen_proxy,1,0.5,50,1,maxdeg_cap85_recal,10000,240080,48.016,106,0.6111837720759746,20,459,10,841,1.37198858495955,106,lspar,0.2,0.19811,0.46875,ok,47562,0.1197985276445811,0.0932134936671874,0.0291025858769761,4,0.5033388520668756,0.969483194006898,0.2942842521666249,0.444971097638861,0.1983644751895259,13,0.8163290023023805,-0.0008366526973799,-0.0004341886420757,0.5669231759966351,0.9648464589990908,1.531769634995726,0.1744857245220438,0.3517576039716736,0.1692618893125498,0.3129901502355049,0.6329170991887453,1.0048056713734714
B,eigen_proxy,1,0.5,50,1,maxdeg_cap85_recal,10000,240080,48.016,106,0.6111837720759746,20,459,10,841,1.37198858495955,106,lspar,0.15,0.14954,0.375,ok,35901,0.1197985276445811,0.0932134936671874,0.0291025858769761,4,0.5033388520668756,0.969483194006898,0.259551111947467,0.3660901526602685,0.085925790035799,9,1.1867091808863703,-0.0006229587003548,-8.616994202898956e-05,0.542014819002361,0.5434715849987697,1.0854864040011307,0.1397525843028859,0.2728766589930811,0.0568232041588228,0.6833703288194948,0.8931325076328529,1.7838709893344151
B,eigen_proxy,1,0.5,50,1,maxdeg_cap85_recal,10000,240080,48.016,106,0.6111837720759746,20,459,10,841,1.37198858495955,106,lspar,0.05,0.03693,0.0,ok,8866,0.1197985276445811,0.0932134936671874,0.0291025858769761,4,0.5033388520668756,0.969483194006898,0.109094928316755,0.584192116213949,0.1882380368865302,1134,1.437704322870318,-0.0004819071010836,-3.843673721517938e-05,0.8088544189959066,0.0021585379945463,0.811012956990453,-0.010703599327826,0.4909786225467615,0.1591354510095541,0.9343654708034425,1.1953979102929555,449.1388136119651
B,eigen_proxy,1,0.5,50,1,maxdeg_cap85_recal,10000,240080,48.016,106,0.6111837720759746,20,459,10,841,1.37198858495955,106,dspar,0.5,0.49945,0.5,ok,119909,0.1197985276445811,0.0932134936671874,0.0291025858769761,4,0.5033388520668756,0.969483194006898,0.1157253389816135,0.1253002648786497,0.0450353122756928,11,0.8042430727087428,-9.256996539074278e-05,0.000140590598975,0.0425071600038791,1.02598575099546,1.068492910999339,-0.0040731886629676,0.0320867712114622,0.0159327263987167,0.3009042206418673,0.9073370389515834,0.9449285168592834
B,eigen_proxy,1,0.5,50,1,maxdeg_cap85_recal,10000,240080,48.016,106,0.6111837720759746,20,459,10,841,1.37198858495955,106,dspar,0.2,0.20023,0.2,ok,48071,0.1197985276445811,0.0932134936671874,0.0291025858769761,4,0.5033388520668756,0.969483194006898,0.0853420538791996,0.0792463129485524,0.0398206737634108,41,1.9464203965228064,-0.0009628032902365,-0.0003338263073907,0.0412052129977382,0.8388927999985754,0.8800980129963136,-0.0344564737653815,-0.0139671807186349,0.0107180878864347,1.443081544455931,1.1015627574322893,1.1556699425821086
B,eigen_proxy,1,0.5,50,1,maxdeg_cap85_recal,10000,240080,48.016,106,0.6111837720759746,20,459,10,841,1.37198858495955,106,dspar,0.15,0.14987,0.15,ok,35980,0.1197985276445811,0.0932134936671874,0.0291025858769761,4,0.5033388520668756,0.969483194006898,0.0691380163227414,0.0497463590397217,0.0224437099978625,98,3.733753784062361,-0.0004319389248088,-0.0004588325088899,0.0423599409987218,0.5678715530011686,0.6102314939998905,-0.0506605113218397,-0.0434671346274657,-0.0066588758791135,3.2304149319954854,1.5887137972054126,1.7072226789372258
B,eigen_proxy,1,0.5,50,1,maxdeg_cap85_recal,10000,240080,48.016,106,0.6111837720759746,20,459,10,841,1.37198858495955,106,dspar,0.05,0.04951,0.05,ok,11886,0.1197985276445811,0.0932134936671874,0.0291025858769761,4,0.5033388520668756,0.969483194006898,-0.0022764107596837,0.0027729542227464,2.984311932074013e-05,1621,33.02814601063765,-0.0028050403802215,-0.0004600302650186,0.0409832489967811,0.0020363369985716,0.0430195859953528,-0.1220749384042649,-0.090440539444441,-0.0290727427576553,32.52480715857077,22.53585597294279,476.0917248406956
B,eigen_proxy,1,0.5,50,1,maxdeg_cap85_recal,10000,240080,48.016,106,0.6111837720759746,20,459,10,841,1.37198858495955,106,random,0.5,0.5,0.5,ok,120040,0.1197985276445811,0.0932134936671874,0.0291025858769761,4,0.5033388520668756,0.969483194006898,0.1076565585789686,0.0858429869655317,0.0296179721903356,6,0.655173870052828,-0.0007777769165694,1.655638793230593e-05,0.0040965270018205,0.594391443002678,0.5984879700044985,-0.0121419690656124,-0.0073705067016557,0.0005153863133595,0.1518350179859524,1.6198875208796777,1.6310517343745308
B,eigen_proxy,1,0.5,50,1,maxdeg_cap85_recal,10000,240080,48.016,106,0.6111837720759746,20,459,10,841,1.37198858495955,106,random,0.2,0.2,0.2,ok,48016,0.1197985276445811,0.0932134936671874,0.0291025858769761,4,0.5033388520668756,0.969483194006898,0.088849933279904,0.0493242621168976,0.0165200731277016,53,4.356851789996993,0.0001839150713577,7.618520968398033e-05,0.0033026349992724,0.2421064789959928,0.2454091139952652,-0.030948594364677,-0.0438892315502898,-0.0125825127492744,3.853512937930117,3.950477544308328,4.004366995989993
B,eigen_proxy,1,0.5,50,1,maxdeg_cap85_recal,10000,240080,48.016,106,0.6111837720759746,20,459,10,841,1.37198858495955,106,random,0.15,0.15,0.15,ok,36012,0.1197985276445811,0.0932134936671874,0.0291025858769761,4,0.5033388520668756,0.969483194006898,-3.421004540464126e-05,0.0029010602996168,0.0003503983530243,132,11.294442236781771,0.0012992510844453,0.0001525686603861,0.0032830799973453,0.0021448039988172,0.0054278839961625,-0.1198327376899857,-0.0903124333675706,-0.0287521875239518,10.791103384714896,178.61162742098188,452.0148202546854
B,eigen_proxy,1,0.5,50,1,maxdeg_cap85_recal,10000,240080,48.016,106,0.6111837720759746,20,459,10,841,1.37198858495955,106,random,0.05,0.05,0.05,ok,12004,0.1197985276445811,0.0932134936671874,0.0291025858769761,4,0.5033388520668756,0.969483194006898,-0.0038953122236217,0.0204362421404834,0.0030537055863495,2105,35.55768687358613,0.0006759565646366,0.0001258619719207,0.0031829950021347,0.0020676119966083,0.005250606998743,-0.1236938398682028,-0.0727772515267039,-0.0260488802906265,35.05434802151925,184.64211742356432,468.89029256805605
B,metis,0,0.5,50,2,maxdeg_cap85_recal,10000,245060,49.012,100,0.6091936668570962,20,472,10,860,1.389964050143613,100,lspar,0.5,0.50274,0.765625,ok,123202,0.1762640249748479,0.5634764367083788,0.3282078771294025,100,0.0290516780926679,0.3590544809994753,0.1878287981116508,0.660729579677207,0.3955722111353301,100,0.0290172362570938,0.0033531601098887,0.0003234317587414,0.7238933479966363,0.2070605459957732,0.9309538939924096,0.0115647731368029,0.0972531429688282,0.0673643340059275,-3.4441835574085256e-05,0.3856844934174612,1.7340555115063043
B,metis,0,0.5,50,2,maxdeg_cap85_recal,10000,245060,49.012,100,0.6091936668570962,20,472,10,860,1.389964050143613,100,lspar,0.2,0.1958,0.46875,ok,47982,0.1762640249748479,0.5634764367083788,0.3282078771294025,100,0.0290516780926679,0.3590544809994753,0.19045045230455,0.7366278934112684,0.4457669912656395,100,0.0274226184016041,0.0022576235545795,0.0003136023374251,0.5992688309997902,0.1156211179986712,0.7148899489984615,0.0141864273297021,0.1731514567028896,0.1175591141362369,-0.0016290596910637,0.502251404572829,3.1054403141440106
B,metis,0,0.5,50,2,maxdeg_cap85_recal,10000,245060,49.012,100,0.6091936668570962,20,472,10,860,1.389964050143613,100,lspar,0.15,0.14717,0.375,ok,36066,0.1762640249748479,0.5634764367083788,0.3282078771294025,100,0.0290516780926679,0.3590544809994753,0.1893275420771976,0.7538876021677379,0.4605185119829817,100,0.0254950975679639,-0.0009372287127656,2.911950539237631e-05,0.5597223689983366,0.1022978190012509,0.6620201879995875,0.0130635171023496,0.1904111654593591,0.1323106348535792,-0.0035565805247039,0.5423618305121823,3.509893803259724
B,metis,0,0.5,50,2,maxdeg_cap85_recal,10000,245060,49.012,100,0.6091936668570962,20,472,10,860,1.389964050143613,100,lspar,0.05,0.03634,0.0,ok,8905,0.1762640249748479,0.5634764367083788,0.3282078771294025,100,0.0290516780926679,0.3590544809994753,0.1013982734398514,0.4243941382242465,0.1376874159451361,100,0.0154919333848296,0.0021140202381883,0.0002169435530508,0.8344766729933326,0.0082352190001984,0.842711891993531,-0.0748657515349964,-0.1390822984841322,-0.1905204611842664,-0.0135597447078382,0.4260702672061398,43.599870384846426
B,metis,0,0.5,50,2,maxdeg_cap85_recal,10000,245060,49.012,100,0.6091936668570962,20,472,10,860,1.389964050143613,100,dspar,0.5,0.4998,0.5,ok,122482,0.1762640249748479,0.5634764367083788,0.3282078771294025,100,0.0290516780926679,0.3590544809994753,0.1760841762568097,0.6092461752516615,0.3654109832352681,100,0.0273495886623546,0.0003387141510144,2.5040880802111668e-05,0.0475180850044125,0.2846635480018449,0.3321816330062574,-0.0001798487180381,0.0457697385432827,0.0372031061058655,-0.0017020894303132,1.080898054928617,1.2613293255136
B,metis,0,0.5,50,2,maxdeg_cap85_recal,10000,245060,49.012,100,0.6091936668570962,20,472,10,860,1.389964050143613,100,dspar,0.2,0.19927,0.2,ok,48832,0.1762640249748479,0.5634764367083788,0.3282078771294025,100,0.0290516780926679,0.3590544809994753,0.0965722255628228,0.2689543067909176,0.1187844538603622,100,0.0187082869338697,0.0019973470155813,0.0001892172681711,0.0471665459990617,0.2083165779986302,0.255483123997692,-0.079691799412025,-0.2945221299174612,-0.2094234232690403,-0.0103433911587981,1.4053941230291165,1.7236001303834605
B,metis,0,0.5,50,2,maxdeg_cap85_recal,10000,245060,49.012,100,0.6091936668570962,20,472,10,860,1.389964050143613,100,dspar,0.15,0.14935,0.15,ok,36600,0.1762640249748479,0.5634764367083788,0.3282078771294025,100,0.0290516780926679,0.3590544809994753,0.0613470545980078,0.1443860261307152,0.0389088310453586,100,0.0139283882771841,-6.933942308303968e-05,-8.629712737056898e-05,0.0443322979990625,0.1581841919978615,0.202516489996924,-0.1149169703768401,-0.4190904105776635,-0.2892990460840439,-0.0151232898154837,1.772964171978928,2.269850586614429
B,metis,0,0.5,50,2,maxdeg_cap85_recal,10000,245060,49.012,100,0.6091936668570962,20,472,10,860,1.389964050143613,100,dspar,0.05,0.05,0.05,ok,12252,0.1762640249748479,0.5634764367083788,0.3282078771294025,100,0.0290516780926679,0.3590544809994753,0.0370871149405603,0.0702932701007441,0.0117088509435187,100,0.0169115345252877,0.0022078491325315,0.0001748880980601,0.0442291050057974,0.058647984995332,0.1028770900011295,-0.1391769100342876,-0.4931831666076346,-0.3164990261858837,-0.0121401435673801,3.490130611154856,6.122196372612858
B,metis,0,0.5,50,2,maxdeg_cap85_recal,10000,245060,49.012,100,0.6091936668570962,20,472,10,860,1.389964050143613,100,random,0.5,0.5,0.5,ok,122530,0.1762640249748479,0.5634764367083788,0.3282078771294025,100,0.0290516780926679,0.3590544809994753,0.1745199985467842,0.5839625365447495,0.3560440305110612,100,0.0271661554144122,-2.862865326136517e-05,0.0001536026844725,0.0044476959956227,0.2680766499979654,0.2725243459935882,-0.0017440264280637,0.0204860998363707,0.0278361533816586,-0.0018855226782556,1.3175134122069334,1.3393724556099922
B,metis,0,0.5,50,2,maxdeg_cap85_recal,10000,245060,49.012,100,0.6091936668570962,20,472,10,860,1.389964050143613,100,random,0.2,0.2,0.2,ok,49012,0.1762640249748479,0.5634764367083788,0.3282078771294025,100,0.0290516780926679,0.3590544809994753,0.1095268281125682,0.3255551916856289,0.1664867874580416,100,0.0207846096908265,6.134024378274626e-05,-5.2402598283445815e-06,0.003846034000162,0.1879516539993346,0.1917976879994967,-0.0667371968622796,-0.2379212450227498,-0.1617210896713609,-0.0082670684018413,1.8720480144704224,1.9103555268566368
B,metis,0,0.5,50,2,maxdeg_cap85_recal,10000,245060,49.012,100,0.6091936668570962,20,472,10,860,1.389964050143613,100,random,0.15,0.15,0.15,ok,36759,0.1762640249748479,0.5634764367083788,0.3282078771294025,100,0.0290516780926679,0.3590544809994753,0.0814825873485154,0.2309965412115018,0.0982088297625806,100,0.0159373774505092,-0.0007580278617238,0.0002001805958845,0.0033054999948944,0.1508266910022939,0.1541321909971884,-0.0947814376263324,-0.3324798954968769,-0.2299990473668219,-0.0131143006421586,2.32952298073817,2.380576532001318
B,metis,0,0.5,50,2,maxdeg_cap85_recal,10000,245060,49.012,100,0.6091936668570962,20,472,10,860,1.389964050143613,100,random,0.05,0.05,0.05,ok,12253,0.1762640249748479,0.5634764367083788,0.3282078771294025,100,0.0290516780926679,0.3590544809994753,0.0361796459502263,0.0805271937680642,0.0170972040400885,100,0.0161245154965971,0.0005661069175798,-5.67960285154806e-05,0.0031209680018946,0.0642524700015201,0.0673734380034147,-0.1400843790246216,-0.4829492429403145,-0.3111106730893139,-0.0129271625960708,5.3293180760832914,5.588181761588007
B,eigen_proxy,1,0.5,50,2,maxdeg_cap85_recal,10000,245060,49.012,100,0.6091936668570962,20,472,10,860,1.389964050143613,100,lspar,0.5,0.50274,0.765625,ok,123202,0.103465360406976,0.0847051505196277,0.0222875194318552,6,0.8407755467424108,1.061830935999751,0.170135919058565,0.1912603210069856,0.0589316006781748,8,1.0137449777927383,-0.0004511753539633,0.0005080372554233,0.7224644139932934,0.7358618729995214,1.4583262869928149,0.066670558651589,0.1065551704873579,0.0366440812463196,0.1729694310503277,0.7281161599228464,1.4429758830573922
B,eigen_proxy,1,0.5,50,2,maxdeg_cap85_recal,10000,245060,49.012,100,0.6091936668570962,20,472,10,860,1.389964050143613,100,lspar,0.2,0.1958,0.46875,ok,47982,0.103465360406976,0.0847051505196277,0.0222875194318552,6,0.8407755467424108,1.061830935999751,0.3062821887219607,0.6274516280465555,0.474227008706172,65,1.3503264790412723,-0.0024194151730803,-0.0005129361816851,0.5841592239958118,1.968275648003328,2.5524348719991394,0.2028168283149846,0.5427464775269278,0.4519394892743168,0.5095509322988615,0.4160070635487341,0.5394726785737055
B,eigen_proxy,1,0.5,50,2,maxdeg_cap85_recal,10000,245060,49.012,100,0.6091936668570962,20,472,10,860,1.389964050143613,100,lspar,0.15,0.14717,0.375,ok,36066,0.103465360406976,0.0847051505196277,0.0222875194318552,6,0.8407755467424108,1.061830935999751,0.279696377485963,0.4581606608627752,0.0978338825549385,37,2.811256434407932,0.0006127833971061,-0.0002450248402916,0.5586529739885009,0.9954289440065622,1.5540819179950631,0.1762310170789869,0.3734555103431475,0.0755463631230833,1.970480887665521,0.6832528734197165,1.0667069130277882
B,eigen_proxy,1,0.5,50,2,maxdeg_cap85_recal,10000,245060,49.012,100,0.6091936668570962,20,472,10,860,1.389964050143613,100,lspar,0.05,0.03634,0.0,ok,8905,0.103465360406976,0.0847051505196277,0.0222875194318552,6,0.8407755467424108,1.061830935999751,0.109037574290389,0.6001947999530226,0.2029131760390432,1095,1.4501535435946085,0.0010958007597522,7.436537692802748e-05,0.8368598639935954,0.0021153339985175,0.838975197992113,0.0055722138834129,0.5154896494333949,0.180625656607188,0.6093779968521976,1.265628517435307,501.9684535604636
B,eigen_proxy,1,0.5,50,2,maxdeg_cap85_recal,10000,245060,49.012,100,0.6091936668570962,20,472,10,860,1.389964050143613,100,dspar,0.5,0.4998,0.5,ok,122482,0.103465360406976,0.0847051505196277,0.0222875194318552,6,0.8407755467424108,1.061830935999751,0.088693827249997,0.0581150999766518,0.0197904225541532,4,0.5204122212246749,-0.0006569576149785,-9.570169561880592e-05,0.0452537149976706,0.5118471090027015,0.5571008240003721,-0.014771533156979,-0.0265900505429758,-0.0024970968777019,-0.3203633255177359,1.9059941939684544,2.0745080265641334
B,eigen_proxy,1,0.5,50,2,maxdeg_cap85_recal,10000,245060,49.012,100,0.6091936668570962,20,472,10,860,1.389964050143613,100,dspar,0.2,0.19927,0.2,ok,48832,0.103465360406976,0.0847051505196277,0.0222875194318552,6,0.8407755467424108,1.061830935999751,0.0782824254956051,0.057527008334627,0.021322319736301,11,0.9403893448992284,0.0006424486313073,-9.251816443221586e-05,0.045673959000851,0.6269381460006116,0.6726121050014626,-0.0251829349113709,-0.0271781421850006,-0.0009651996955541,0.0996137981568174,1.5786675977195537,1.693677347236605
B,eigen_proxy,1,0.5,50,2,maxdeg_cap85_recal,10000,245060,49.012,100,0.6091936668570962,20,472,10,860,1.389964050143613,100,dspar,0.15,0.14935,0.15,ok,36600,0.103465360406976,0.0847051505196277,0.0222875194318552,6,0.8407755467424108,1.061830935999751,0.0680910310297378,0.051870551661512,0.022442798702136,95,3.2757495936044925,-0.0004524042483943,-3.3767932130840725e-05,0.04263679900032,0.7820089200031362,0.8246457190034562,-0.0353743293772382,-0.0328345988581156,0.0001552792702807,2.4349740468620817,1.2876207461343785,1.3578245833762264
B,eigen_proxy,1,0.5,50,2,maxdeg_cap85_recal,10000,245060,49.012,100,0.6091936668570962,20,472,10,860,1.389964050143613,100,dspar,0.05,0.05,0.05,ok,12252,0.103465360406976,0.0847051505196277,0.0222875194318552,6,0.8407755467424108,1.061830935999751,-0.0018323809979522,0.0058089794802802,0.0005693808756113,1498,32.27575227442422,-0.0009754998593799,-0.0001590817308094,0.0448179890008759,0.0021936609991826,0.0470116500000585,-0.1052977414049283,-0.0788961710393474,-0.0217181385562438,31.43497672768181,22.58654899367344,484.0451356866006
B,eigen_proxy,1,0.5,50,2,maxdeg_cap85_recal,10000,245060,49.012,100,0.6091936668570962,20,472,10,860,1.389964050143613,100,random,0.5,0.5,0.5,ok,122530,0.103465360406976,0.0847051505196277,0.0222875194318552,6,0.8407755467424108,1.061830935999751,0.0807335404709606,0.0665672992010511,0.019961579174043,7,0.8107467792103772,0.0008967731255846,0.0001837241223992,0.0043427870041341,0.9093693550021272,0.9137121420062612,-0.0227318199360154,-0.0181378513185765,-0.0023259402578122,-0.0300287675320336,1.1621066276609409,1.1676563875382269
B,eigen_proxy,1,0.5,50,2,maxdeg_cap85_recal,10000,245060,49.012,100,0.6091936668570962,20,472,10,860,1.389964050143613,100,random,0.2,0.2,0.2,ok,49012,0.103465360406976,0.0847051505196277,0.0222875194318552,6,0.8407755467424108,1.061830935999751,0.0835586858113432,0.0739546016884063,0.0258050339482564,86,3.841171659793402,0.0018903028871794,5.9342233524962526e-05,0.003419307002332,0.6914752879965818,0.6948945949989138,-0.0199066745956328,-0.0107505488312213,0.0035175145164011,3.0003961130509915,1.528046042725963,1.5356021457776234
B,eigen_proxy,1,0.5,50,2,maxdeg_cap85_recal,10000,245060,49.012,100,0.6091936668570962,20,472,10,860,1.389964050143613,100,random,0.15,0.15,0.15,ok,36759,0.103465360406976,0.0847051505196277,0.0222875194318552,6,0.8407755467424108,1.061830935999751,-1.1581665262634765e-06,0.0024176173119543,0.0003437015367062,132,11.294442236781771,-0.000716644359227,-9.550905171055562e-05,0.0032266600028378,0.0021616520025418,0.0053883120053797,-0.1034665185735023,-0.0822875332076733,-0.021943817895149,10.45366669003936,197.06188783047764,491.2127089611
B,eigen_proxy,1,0.5,50,2,maxdeg_cap85_recal,10000,245060,49.012,100,0.6091936668570962,20,472,10,860,1.389964050143613,100,random,0.05,0.05,0.05,ok,12253,0.103465360406976,0.0847051505196277,0.0222875194318552,6,0.8407755467424108,1.061830935999751,-0.0034386025440438,0.0234268106107015,0.004052517552447,2087,35.53772854952887,0.0020451659432451,0.0001984055745044,0.0030858900063321,0.0021035780009697,0.0051894680073019,-0.1069039629510199,-0.0612783399089261,-0.0182350018794081,34.69695300278646,204.61267600179585,504.7737405079642
B,metis,0,0.5,50,3,maxdeg_cap85_recal,10000,256204,51.2408,91,0.6182065853772775,20,492,11,849,1.339414521867388,91,lspar,0.5,0.49798,0.765625,ok,127584,0.1817133956918655,0.604311424689778,0.3603327825815916,91,0.0299983332870344,0.3770255749986972,0.1851073657902496,0.648934319127768,0.3930251220508315,91,0.0312464397971992,-0.0002497740893218,-4.892929695416217e-05,0.760939274005068,0.2150621999971917,0.9760014740022598,0.003393970098384,0.0446228944379899,0.0326923394692399,0.0012481065101648,0.3862961122923717,1.753100149647964
B,metis,0,0.5,50,3,maxdeg_cap85_recal,10000,256204,51.2408,91,0.6182065853772775,20,492,11,849,1.339414521867388,91,lspar,0.2,0.19967,0.484375,ok,51155,0.1817133956918655,0.604311424689778,0.3603327825815916,91,0.0299983332870344,0.3770255749986972,0.1858544876930097,0.7433956869441188,0.4549199337189876,91,0.0281840380357393,-0.0003174938485776,0.0001025291576811,0.6267102900019381,0.1193968430015957,0.7461071330035338,0.0041410920011442,0.1390842622543407,0.0945871511373959,-0.0018142952512951,0.505323643644768,3.1577516249207567
B,metis,0,0.5,50,3,maxdeg_cap85_recal,10000,256204,51.2408,91,0.6182065853772775,20,492,11,849,1.339414521867388,91,lspar,0.15,0.14992,0.390625,ok,38411,0.1817133956918655,0.604311424689778,0.3603327825815916,91,0.0299983332870344,0.3770255749986972,0.1842596032990565,0.7438847405439931,0.4546346066963656,91,0.0282163073416774,0.0008089777877197,6.37483264170759e-05,0.6201336180020007,0.1022881340031744,0.7224217520051752,0.002546207607191,0.139573315854215,0.0943018241147739,-0.001782025945357,0.5218912275996866,3.6859170291149934
B,metis,0,0.5,50,3,maxdeg_cap85_recal,10000,256204,51.2408,91,0.6182065853772775,20,492,11,849,1.339414521867388,91,lspar,0.05,0.03455,0.0,ok,8852,0.1817133956918655,0.604311424689778,0.3603327825815916,91,0.0299983332870344,0.3770255749986972,0.0971804518646537,0.3940069744728225,0.1298202679756782,91,0.0144326019830105,0.0001934054123665,-4.6311960325144734e-05,0.8719731059973128,0.0079067339975154,0.8798798399948282,-0.0845329438272117,-0.2103044502169555,-0.2305125146059133,-0.0155657313040239,0.4284966626817059,47.68411016700107
B,metis,0,0.5,50,3,maxdeg_cap85_recal,10000,256204,51.2408,91,0.6182065853772775,20,492,11,849,1.339414521867388,91,dspar,0.5,0.5006,0.5,ok,128255,0.1817133956918655,0.604311424689778,0.3603327825815916,91,0.0299983332870344,0.3770255749986972,0.1690554115366488,0.5802091338685159,0.340733411307439,91,0.0294163219998693,-0.0002413527140704,0.0001302272484134,0.0457443970008171,0.2836813960020663,0.3294257930028834,-0.0126579841552166,-0.0241022908212621,-0.0195993712741526,-0.000582011287165,1.1444931848290252,1.329045825042228
B,metis,0,0.5,50,3,maxdeg_cap85_recal,10000,256204,51.2408,91,0.6182065853772775,20,492,11,849,1.339414521867388,91,dspar,0.2,0.20052,0.2,ok,51374,0.1817133956918655,0.604311424689778,0.3603327825815916,91,0.0299983332870344,0.3770255749986972,0.0994375057481136,0.2761759416837867,0.1318375558714264,91,0.016928083175599,0.000533854303986,0.0001338276089356,0.0462613600029726,0.2071493809999083,0.2534107410028809,-0.0822758899437518,-0.3281354830059913,-0.2284952267101652,-0.0130702501114354,1.487804240288343,1.8200661434699827
B,metis,0,0.5,50,3,maxdeg_cap85_recal,10000,256204,51.2408,91,0.6182065853772775,20,492,11,849,1.339414521867388,91,dspar,0.15,0.15006,0.15,ok,38446,0.1817133956918655,0.604311424689778,0.3603327825815916,91,0.0299983332870344,0.3770255749986972,0.0692265864039559,0.1552599049939876,0.0567470330213691,91,0.0163260527991305,0.0010228603484994,0.0001616326637525,0.0441952249966561,0.1768863879988202,0.2210816129954764,-0.1124868092879095,-0.4490515196957904,-0.3035857495602225,-0.0136722804879038,1.705368302186268,2.1314561242621552
B,metis,0,0.5,50,3,maxdeg_cap85_recal,10000,256204,51.2408,91,0.6182065853772775,20,492,11,849,1.339414521867388,91,dspar,0.05,0.05013,0.05,ok,12843,0.1817133956918655,0.604311424689778,0.3603327825815916,91,0.0299983332870344,0.3770255749986972,0.0349851265268478,0.0561626527794659,0.008516470642389,91,0.0162141913150178,0.0024299281056318,0.0002679658525833,0.0462885410015587,0.0631507639991468,0.1094393050007056,-0.1467282691650177,-0.5481487719103121,-0.3518163119392026,-0.0137841419720166,3.4450655091081424,5.970245664863067
B,metis,0,0.5,50,3,maxdeg_cap85_recal,10000,256204,51.2408,91,0.6182065853772775,20,492,11,849,1.339414521867388,91,random,0.5,0.5,0.5,ok,128102,0.1817133956918655,0.604311424689778,0.3603327825815916,91,0.0299983332870344,0.3770255749986972,0.1704239679722501,0.5600652617615915,0.3459449568109119,91,0.0282485397852703,0.0037928365667138,0.0003787520478763,0.0043636999980662,0.2633961300016381,0.2677598299997044,-0.0112894277196154,-0.0442461629281865,-0.0143878257706797,-0.0017497935017641,1.4080737017166225,1.4314013459360715
B,metis,0,0.5,50,3,maxdeg_cap85_recal,10000,256204,51.2408,91,0.6182065853772775,20,492,11,849,1.339414521867388,91,random,0.2,0.2,0.2,ok,51241,0.1817133956918655,0.604311424689778,0.3603327825815916,91,0.0299983332870344,0.3770255749986972,0.1150225663865193,0.3486781769873609,0.1885139319625968,91,0.020788458336298,0.000592298362492,-1.086744138501415e-05,0.0034846920025302,0.1924581929997657,0.1959428850022959,-0.0666908293053461,-0.2556332477024171,-0.1718188506189948,-0.0092098749507364,1.9241605787027147,1.958999869645228
B,metis,0,0.5,50,3,maxdeg_cap85_recal,10000,256204,51.2408,91,0.6182065853772775,20,492,11,849,1.339414521867388,91,random,0.15,0.15,0.15,ok,38431,0.1817133956918655,0.604311424689778,0.3603327825815916,91,0.0299983332870344,0.3770255749986972,0.0853112186663979,0.230276528170636,0.1050855481324934,91,0.0161015527201571,-0.0018676439019779,-0.0001883551828908,0.0032070140005089,0.1681486009983928,0.1713556149989017,-0.0964021770254675,-0.374034896519142,-0.2552472344490982,-0.0138967805668773,2.2002522356860834,2.242216543938424
B,metis,0,0.5,50,3,maxdeg_cap85_recal,10000,256204,51.2408,91,0.6182065853772775,20,492,11,849,1.339414521867388,91,random,0.05,0.05,0.05,ok,12810,0.1817133956918655,0.604311424689778,0.3603327825815916,91,0.0299983332870344,0.3770255749986972,0.0364160059360273,0.0745092728289339,0.0164602970353896,91,0.0155846077910225,0.0002733652057654,-7.058054890086515e-05,0.0029566230005002,0.0656679590028943,0.0686245820033946,-0.1452973897558381,-0.5298021518608441,-0.343872485546202,-0.0144137254960119,5.494030914170773,5.741393226216756
B,eigen_proxy,1,0.5,50,3,maxdeg_cap85_recal,10000,256204,51.2408,91,0.6182065853772775,20,492,11,849,1.339414521867388,91,lspar,0.5,0.49798,0.765625,ok,127584,0.1046081698075309,0.0977663790552055,0.0382926922566151,7,0.5591890199208135,1.559984223000356,0.1844420416320131,0.2360640882839057,0.0993518923317067,13,1.1300567507873225,-2.194083403160521e-05,-0.0002439951425851,0.7556318470014958,1.152499663003255,1.9081315100047505,0.0798338718244821,0.1382977092287002,0.0610592000750915,0.5708677308665088,0.8175454442322334,1.3535658821237768
B,eigen_proxy,1,0.5,50,3,maxdeg_cap85_recal,10000,256204,51.2408,91,0.6182065853772775,20,492,11,849,1.339414521867388,91,lspar,0.2,0.19967,0.484375,ok,51155,0.1046081698075309,0.0977663790552055,0.0382926922566151,7,0.5591890199208135,1.559984223000356,0.2775173628741448,0.3889155426834328,0.1540253607170002,10,0.8302159959914046,1.471809175225962e-05,7.434759540663159e-05,0.627398782002274,0.6613908840008662,1.2887896660031402,0.1729091930666138,0.2911491636282273,0.115732668460385,0.2710269760705911,1.2104257693485845,2.3586418572384087
B,eigen_proxy,1,0.5,50,3,maxdeg_cap85_recal,10000,256204,51.2408,91,0.6182065853772775,20,492,11,849,1.339414521867388,91,lspar,0.15,0.14992,0.390625,ok,38411,0.1046081698075309,0.0977663790552055,0.0382926922566151,7,0.5591890199208135,1.559984223000356,0.2911718477164018,0.4731757248928355,0.2076741125438621,16,1.0464281341783583,-0.0005114944098235,-0.000795109742397,0.6202089489961509,0.9962791589932748,1.6164881079894258,0.1865636779088708,0.37540934583763,0.1693814202872469,0.4872391142575448,0.9650452826038116,1.5658103543756718
B,eigen_proxy,1,0.5,50,3,maxdeg_cap85_recal,10000,256204,51.2408,91,0.6182065853772775,20,492,11,849,1.339414521867388,91,lspar,0.05,0.03455,0.0,ok,8852,0.1046081698075309,0.0977663790552055,0.0382926922566151,7,0.5591890199208135,1.559984223000356,0.1009144735170496,0.5763763533063573,0.1840236361726323,1148,1.49754492420094,-0.0001136035272718,-9.38796119624948e-06,0.8719478250059183,0.002001761997235,0.8739495870031533,-0.0036936962904813,0.4786099742511517,0.1457309439160172,0.9383559042801264,1.7849819328248364,779.3055443929547
B,eigen_proxy,1,0.5,50,3,maxdeg_cap85_recal,10000,256204,51.2408,91,0.6182065853772775,20,492,11,849,1.339414521867388,91,dspar,0.5,0.5006,0.5,ok,128255,0.1046081698075309,0.0977663790552055,0.0382926922566151,7,0.5591890199208135,1.559984223000356,0.0908786369952052,0.0782379760561491,0.0264405025475484,8,0.6608171910596757,-8.532477671814558e-05,0.0002749555110463,0.0461671220036805,1.0581022559999838,1.1042693780036643,-0.0137295328123257,-0.0195284029990563,-0.0118521897090667,0.1016281711388622,1.412684489920882,1.4743227454193992
B,eigen_proxy,1,0.5,50,3,maxdeg_cap85_recal,10000,256204,51.2408,91,0.6182065853772775,20,492,11,849,1.339414521867388,91,dspar,0.2,0.20052,0.2,ok,51374,0.1046081698075309,0.0977663790552055,0.0382926922566151,7,0.5591890199208135,1.559984223000356,0.0788138209703265,0.0691301084647689,0.0327072191998851,61,2.7248211354142127,-0.0011467362752238,0.0001019352588254,0.0453843020004569,0.7832452069997089,0.8286295090001659,-0.0257943488372044,-0.0286362705904365,-0.0055854730567299,2.1656321154933997,1.8826076142070436,1.9916932897374704
B,eigen_proxy,1,0.5,50,3,maxdeg_cap85_recal,10000,256204,51.2408,91,0.6182065853772775,20,492,11,849,1.339414521867388,91,dspar,0.15,0.15006,0.15,ok,38446,0.1046081698075309,0.0977663790552055,0.0382926922566151,7,0.5591890199208135,1.559984223000356,0.0626081897170716,0.042542511672129,0.0141194862489062,86,4.078998254473762,1.7206520424277814e-05,0.0004179031164867,0.0445127560014952,0.6906396450067405,0.7351524010082358,-0.0419999800904593,-0.0552238673830765,-0.0241732060077089,3.519809234552949,2.1219875237581927,2.2587527870415416
B,eigen_proxy,1,0.5,50,3,maxdeg_cap85_recal,10000,256204,51.2408,91,0.6182065853772775,20,492,11,849,1.339414521867388,91,dspar,0.05,0.05013,0.05,ok,12843,0.1046081698075309,0.0977663790552055,0.0382926922566151,7,0.5591890199208135,1.559984223000356,-0.001655715163549,0.0025303864935698,-2.836174921453725e-05,1389,31.52557338130425,0.0018313080460341,7.389966064118152e-05,0.045701317001658,0.0020067570003448,0.0477080740020028,-0.10626388497108,-0.0952359925616356,-0.0383210540058296,30.96638436138344,32.69853700098785,777.3657810747968
B,eigen_proxy,1,0.5,50,3,maxdeg_cap85_recal,10000,256204,51.2408,91,0.6182065853772775,20,492,11,849,1.339414521867388,91,random,0.5,0.5,0.5,ok,128102,0.1046081698075309,0.0977663790552055,0.0382926922566151,7,0.5591890199208135,1.559984223000356,0.1061863427097445,0.0979711420042477,0.0385256276426812,7,0.6309957527590815,7.312024214792899e-05,-6.00457475227408e-05,0.0041217489997507,0.8370984049979597,0.8412201539977104,0.0015781729022135,0.0002047629490422,0.0002329353860661,0.071806732838268,1.854430395642425,1.8635613372171675
B,eigen_proxy,1,0.5,50,3,maxdeg_cap85_recal,10000,256204,51.2408,91,0.6182065853772775,20,492,11,849,1.339414521867388,91,random,0.15,0.15,0.15,ok,38431,0.1046081698075309,0.0977663790552055,0.0382926922566151,7,0.5591890199208135,1.559984223000356,7.06499910814837e-08,0.002081729639548,0.0002840688281128,97,9.700938862811167,-0.0002936246621824,-2.9622594099789856e-05,0.0031293900028686,0.0021621409978251,0.0052915310006937,-0.1046080991575399,-0.0956846494156574,-0.0380086234285022,9.141749842890356,294.8077263075318,721.49976554234
B,eigen_proxy,1,0.5,50,3,maxdeg_cap85_recal,10000,256204,51.2408,91,0.6182065853772775,20,492,11,849,1.339414521867388,91,random,0.05,0.05,0.05,ok,12810,0.1046081698075309,0.0977663790552055,0.0382926922566151,7,0.5591890199208135,1.559984223000356,-0.0032779697448744,0.0244717113585517,0.0045949852645369,1969,35.04141305027524,0.0013576382873005,0.000330426862165,0.0028617429998121,0.0020999019980081,0.0049616449978202,-0.1078861395524054,-0.0732946676966537,-0.0336977069920781,34.48222403035442,314.40867367288183,742.8842986387368
B,metis,0,0.5,100,1,maxdeg_cap85_recal,10000,519440,103.888,102,0.6406514708147235,20,475,25,876,0.9796677036886378,102,lspar,0.5,0.49523,0.804688,ok,257244,0.1348873048768544,0.5994684267171152,0.349001217277497,102,0.0236389509073478,0.6554905989978579,0.1460767711236206,0.672850930179074,0.4038862909191237,102,0.0234222116803686,-0.001935322603326,-8.128840299731798e-05,2.211180232996412,0.3188791069987928,2.530059339995205,0.0111894662467662,0.0733825034619588,0.0548850736416266,-0.0002167392269791,0.2590811166504498,2.055608488016555
B,metis,0,0.5,100,1,maxdeg_cap85_recal,10000,519440,103.888,102,0.6406514708147235,20,475,25,876,0.9796677036886378,102,lspar,0.2,0.19795,0.5625,ok,102822,0.1348873048768544,0.5994684267171152,0.349001217277497,102,0.0236389509073478,0.6554905989978579,0.1477439809133563,0.7445019549268148,0.4616177511072973,102,0.023159447316376,0.0019241250584926,0.0001811947758931,1.8216641519975385,0.1734623279990046,1.995126479996543,0.0128566760365019,0.1450335282096996,0.1126165338298002,-0.0004795035909717,0.3285458869750421,3.778864301888184
B,metis,0,0.5,100,1,maxdeg_cap85_recal,10000,519440,103.888,102,0.6406514708147235,20,475,25,876,0.9796677036886378,102,lspar,0.15,0.14718,0.484375,ok,76452,0.1348873048768544,0.5994684267171152,0.349001217277497,102,0.0236389509073478,0.6554905989978579,0.1472914484021862,0.7533998144802311,0.4688772603495508,102,0.0233786227139239,-0.0005907739630063,-3.456565011032526e-05,1.790949009002361,0.1528651939952396,1.9438142029976009,0.0124041435253318,0.1539313877631158,0.1198760430720538,-0.0002603281934238,0.3372187516620728,4.288030400290273
B,metis,0,0.5,100,1,maxdeg_cap85_recal,10000,519440,103.888,102,0.6406514708147235,20,475,25,876,0.9796677036886378,102,lspar,0.05,0.05128,0.1875,ok,26635,0.1348873048768544,0.5994684267171152,0.349001217277497,102,0.0236389509073478,0.6554905989978579,0.1344582578893681,0.7479137507997938,0.4461632359745115,102,0.0211329127192632,0.000100464105251,-6.344989833578866e-05,1.7302859459960018,0.0839339040030608,1.8142198499990627,-0.0004290469874863,0.1484453240826786,0.0971620186970144,-0.0025060381880845,0.3613071475313185,7.809604554721457
B,metis,0,0.5,100,1,maxdeg_cap85_recal,10000,519440,103.888,102,0.6406514708147235,20,475,25,876,0.9796677036886378,102,dspar,0.5,0.50015,0.5,ok,259798,0.1348873048768544,0.5994684267171152,0.349001217277497,102,0.0236389509073478,0.6554905989978579,0.1399268223179235,0.6461988412106616,0.388185391031126,102,0.0230269407433988,-0.0001692344211868,2.196144710064885e-05,0.1325449259966262,0.4488043660021503,0.5813492919987766,0.0050395174410691,0.0467304144935464,0.0391841737536289,-0.000612010163949,1.1275331509292306,1.4605263421049637
B,metis,0,0.5,100,1,maxdeg_cap85_recal,10000,519440,103.888,102,0.6406514708147235,20,475,25,876,0.9796677036886378,102,dspar,0.2,0.19968,0.2,ok,103720,0.1348873048768544,0.5994684267171152,0.349001217277497,102,0.0236389509073478,0.6554905989978579,0.114513601848191,0.497526971076824,0.2881684591729733,102,0.0196834956245073,1.2761903058227696e-05,-4.068684908321626e-05,0.1177169010043144,0.3065979249950032,0.4243148259993177,-0.0203737030286633,-0.1019414556402911,-0.0608327581045237,-0.0039554552828404,1.5448213421581265,2.1379485820347304
B,metis,0,0.5,100,1,maxdeg_cap85_recal,10000,519440,103.888,102,0.6406514708147235,20,475,25,876,0.9796677036886378,102,dspar,0.15,0.14943,0.15,ok,77620,0.1348873048768544,0.5994684267171152,0.349001217277497,102,0.0236389509073478,0.6554905989978579,0.087606996366975,0.3534128254806596,0.1868760824138237,102,0.0167128692928533,7.01098134449304e-05,2.393511917478092e-05,0.1162431249977089,0.2643010829997365,0.3805442079974455,-0.0472803085098793,-0.2460556012364556,-0.1621251348636733,-0.0069260816144944,1.7225084109078284,2.480090476959988
B,metis,0,0.5,100,1,maxdeg_cap85_recal,10000,519440,103.888,102,0.6406514708147235,20,475,25,876,0.9796677036886378,102,dspar,0.05,0.04992,0.05,ok,25931,0.1348873048768544,0.5994684267171152,0.349001217277497,102,0.0236389509073478,0.6554905989978579,0.0237469614693514,0.0812221486310872,0.0136620419332202,102,0.0133161556013738,0.0003900974603206,3.628439005177329e-05,0.1390146410049055,0.1322990059998119,0.2713136470047175,-0.1111403434075029,-0.518246278086028,-0.3353391753442768,-0.0103227953059739,2.41598830812392,4.95461469301432
B,metis,0,0.5,100,1,maxdeg_cap85_recal,10000,519440,103.888,102,0.6406514708147235,20,475,25,876,0.9796677036886378,102,random,0.5,0.5,0.5,ok,259720,0.1348873048768544,0.5994684267171152,0.349001217277497,102,0.0236389509073478,0.6554905989978579,0.1337645530478226,0.5783431578027722,0.3467087388164128,102,0.0229826021155133,-0.0017813324977617,-0.0001702885262306,0.0100760530040133,0.422534617006022,0.4326106700100354,-0.0011227518290318,-0.0211252689143429,-0.0022924784610842,-0.0006563487918344,1.5151974845711786,1.5513299327816157
B,metis,0,0.5,100,1,maxdeg_cap85_recal,10000,519440,103.888,102,0.6406514708147235,20,475,25,876,0.9796677036886378,102,random,0.2,0.2,0.2,ok,103888,0.1348873048768544,0.5994684267171152,0.349001217277497,102,0.0236389509073478,0.6554905989978579,0.1103404330082256,0.459986678590541,0.2707726933542792,102,0.0195274166238138,-0.0022153533213545,-0.0001243872311932,0.0086254540001391,0.2729689409970888,0.2815943949972279,-0.0245468718686287,-0.1394817481265742,-0.0782285239232178,-0.004111534283534,2.3277828346132763,2.401337663558026
B,metis,0,0.5,100,1,maxdeg_cap85_recal,10000,519440,103.888,102,0.6406514708147235,20,475,25,876,0.9796677036886378,102,random,0.15,0.15,0.15,ok,77916,0.1348873048768544,0.5994684267171152,0.349001217277497,102,0.0236389509073478,0.6554905989978579,0.0940138222016109,0.3934715796885619,0.2220923503571254,102,0.0187819061865402,0.0020334135028253,0.0002166170064727,0.0075680099980672,0.2462879119993886,0.2538559219974559,-0.0408734826752434,-0.2059968470285533,-0.1269088669203716,-0.0048570447208075,2.5821363308768,2.661481002768358
B,metis,0,0.5,100,1,maxdeg_cap85_recal,10000,519440,103.888,102,0.6406514708147235,20,475,25,876,0.9796677036886378,102,random,0.05,0.05,0.05,ok,25972,0.1348873048768544,0.5994684267171152,0.349001217277497,102,0.0236389509073478,0.6554905989978579,0.0277519897422407,0.1048394019770479,0.0273631645206754,102,0.0136191042289865,0.0008905103915794,0.0001282040604045,0.0076069930000812,0.1336116210004547,0.141218614000536,-0.1071353151346136,-0.4946290247400672,-0.3216380527568215,-0.0100198466783612,4.64167279672756,4.905940022953743
B,eigen_proxy,1,0.5,100,1,maxdeg_cap85_recal,10000,519440,103.888,102,0.6406514708147235,20,475,25,876,0.9796677036886378,102,lspar,0.5,0.49523,0.804688,ok,257244,0.1157707739442693,0.0879550948273257,0.0307014772521471,3,0.1771427108294326,1.3310670380014926,0.2131179638641308,0.3697819940793769,0.1607956540720799,33,1.644865909428486,0.0007682132174206,-0.0002031711648868,2.3181607720034663,3.4764462980019744,5.794607070005441,0.0973471899198614,0.2818268992520512,0.1300941768199328,1.4677231985990535,0.2297079028691142,0.3828815186262189
B,eigen_proxy,1,0.5,100,1,maxdeg_cap85_recal,10000,519440,103.888,102,0.6406514708147235,20,475,25,876,0.9796677036886378,102,lspar,0.2,0.19795,0.5625,ok,102822,0.1157707739442693,0.0879550948273257,0.0307014772521471,3,0.1771427108294326,1.3310670380014926,0.2942696340381159,0.5895673659276949,0.2775017407157348,28,1.320422296085612,0.0005310655190743,6.546557536331237e-05,1.8220441300072707,1.7081742759983172,3.530218406005588,0.1784988600938465,0.5016122711003691,0.2468002634635877,1.1432795852561797,0.3770494867221498,0.7792337448844733
B,eigen_proxy,1,0.5,100,1,maxdeg_cap85_recal,10000,519440,103.888,102,0.6406514708147235,20,475,25,876,0.9796677036886378,102,lspar,0.15,0.14718,0.484375,ok,76452,0.1157707739442693,0.0879550948273257,0.0307014772521471,3,0.1771427108294326,1.3310670380014926,0.2904150154487741,0.6797634345295076,0.4346142520376511,62,1.5737238004173415,-0.0003169329767631,-0.0002404708044499,1.8013333989947569,2.291820992999419,4.093154391994176,0.1746442415045047,0.5918083397021818,0.403912774785504,1.396581089587909,0.3251934597446249,0.5807901411442521
B,eigen_proxy,1,0.5,100,1,maxdeg_cap85_recal,10000,519440,103.888,102,0.6406514708147235,20,475,25,876,0.9796677036886378,102,lspar,0.05,0.05128,0.1875,ok,26635,0.1157707739442693,0.0879550948273257,0.0307014772521471,3,0.1771427108294326,1.3310670380014926,0.270393271379147,0.7059029445962849,0.5233492303882161,75,1.3715378230293176,-0.0009277045728323,-0.0001580291750848,1.7357371680045617,3.379618915001629,5.115356083006191,0.1546224974348776,0.6179478497689591,0.492647753136069,1.194395112199885,0.2602100452837393,0.3938512215365711
B,eigen_proxy,1,0.5,100,1,maxdeg_cap85_recal,10000,519440,103.888,102,0.6406514708147235,20,475,25,876,0.9796677036886378,102,dspar,0.5,0.50015,0.5,ok,259798,0.1157707739442693,0.0879550948273257,0.0307014772521471,3,0.1771427108294326,1.3310670380014926,0.0773209596803435,0.069779083775323,0.0174454608293256,5,0.6937335223268369,-2.789700175899245e-05,0.0002649856922938,0.1527938290018937,1.00838199199643,1.1611758209983236,-0.0384498142639258,-0.0181760110520027,-0.0132560164228215,0.5165908114974043,1.1463096405651167,1.3200027852205092
B,eigen_proxy,1,0.5,100,1,maxdeg_cap85_recal,10000,519440,103.888,102,0.6406514708147235,20,475,25,876,0.9796677036886378,102,dspar,0.2,0.19968,0.2,ok,103720,0.1157707739442693,0.0879550948273257,0.0307014772521471,3,0.1771427108294326,1.3310670380014926,0.0584175009757394,0.0489509759365176,0.0164908530999439,5,0.5827753426492923,6.625272529938562e-06,-1.3315915816707337e-05,0.1226781969962758,0.5841675060000853,0.7068457029963611,-0.0573532729685299,-0.0390041188908081,-0.0142106241522031,0.4056326318198596,1.88310833942828,2.278570828281055
B,eigen_proxy,1,0.5,100,1,maxdeg_cap85_recal,10000,519440,103.888,102,0.6406514708147235,20,475,25,876,0.9796677036886378,102,dspar,0.15,0.14943,0.15,ok,77620,0.1157707739442693,0.0879550948273257,0.0307014772521471,3,0.1771427108294326,1.3310670380014926,0.0566214570158176,0.0505636750356884,0.0176451409208246,6,0.6086378890604823,0.0001515685211477,-0.000150699606308,0.1399176119957701,0.503469823001069,0.6433874349968391,-0.0591493169284517,-0.0373914197916373,-0.0130563363313224,0.4314951782310496,2.0688421402075283,2.6437871292211814
B,eigen_proxy,1,0.5,100,1,maxdeg_cap85_recal,10000,519440,103.888,102,0.6406514708147235,20,475,25,876,0.9796677036886378,102,dspar,0.05,0.04992,0.05,ok,25931,0.1157707739442693,0.0879550948273257,0.0307014772521471,3,0.1771427108294326,1.3310670380014926,-2.7935198591759637e-05,0.0006177904005494,1.810433152406856e-05,136,11.460932318096988,-1.8864352609077195e-05,-1.4043351737713765e-05,0.1407530110009247,0.0020967370001017,0.1428497480010264,-0.1157987091428611,-0.0873373044267763,-0.030683372920623,11.283789607267556,9.31795160039014,634.8278481931321
B,eigen_proxy,1,0.5,100,1,maxdeg_cap85_recal,10000,519440,103.888,102,0.6406514708147235,20,475,25,876,0.9796677036886378,102,random,0.5,0.5,0.5,ok,259720,0.1157707739442693,0.0879550948273257,0.0307014772521471,3,0.1771427108294326,1.3310670380014926,0.1165188863946503,0.0870915822268141,0.0320148446856673,3,0.0848967608333792,0.000110777799464,9.336854266325258e-05,0.0096560929960105,0.7334241520002251,0.7430802449962357,0.000748112450381,-0.0008635126005116,0.0013133674335202,-0.0922459499960533,1.7912830370133652,1.814866655769858
B,eigen_proxy,1,0.5,100,1,maxdeg_cap85_recal,10000,519440,103.888,102,0.6406514708147235,20,475,25,876,0.9796677036886378,102,random,0.2,0.2,0.2,ok,103888,0.1157707739442693,0.0879550948273257,0.0307014772521471,3,0.1771427108294326,1.3310670380014926,0.0986702307337091,0.0872871299575858,0.0322355895684517,5,0.5130137425059879,0.0001821702412263,0.0002491831086225,0.0102267549955286,0.5968849060009234,0.607111660996452,-0.0171005432105602,-0.0006679648697399,0.0015341123163046,0.3358710316765552,2.192458362299965,2.230022948510334
B,eigen_proxy,1,0.5,100,1,maxdeg_cap85_recal,10000,519440,103.888,102,0.6406514708147235,20,475,25,876,0.9796677036886378,102,random,0.15,0.15,0.15,ok,77916,0.1157707739442693,0.0879550948273257,0.0307014772521471,3,0.1771427108294326,1.3310670380014926,0.0910800647633501,0.0762844516990226,0.0326158131104766,7,0.8062529255760875,-0.0002700904292318,-5.25232062925419e-05,0.0079411389961023,0.4243664700043155,0.4323076090004178,-0.0246907091809192,-0.0116706431283031,0.0019143358583295,0.6291102147466548,3.078981286216977,3.1365980398685998
B,eigen_proxy,1,0.5,100,1,maxdeg_cap85_recal,10000,519440,103.888,102,0.6406514708147235,20,475,25,876,0.9796677036886378,102,random,0.05,0.05,0.05,ok,25972,0.1157707739442693,0.0879550948273257,0.0307014772521471,3,0.1771427108294326,1.3310670380014926,-0.0001397960813526,0.0099031250444289,0.0012337418928217,413,19.4472770849803,-0.0004096200115586,-6.35282595246502e-05,0.0069557329989038,0.0023330969997914,0.0092888299986952,-0.115910570025622,-0.0780519697828968,-0.0294677353593253,19.270134374150867,143.29759917970878,570.515087079737
B,metis,0,0.5,100,2,maxdeg_cap85_recal,10000,509083,101.8166,116,0.6423117644863411,20,480,24,857,0.946051117556338,116,lspar,0.5,0.49805,0.804688,ok,253551,0.1353455594790889,0.6397715437917874,0.3559560306134538,116,0.0255107820342693,0.6624496419972274,0.1415923963611065,0.6645933175700525,0.3717979704996699,116,0.0256920221080396,0.0009012500644426,5.228411774233971e-05,2.262004357005935,0.3444880589959211,2.6064924160018563,0.0062468368820176,0.0248217737782651,0.015841939886216,0.0001812400737703,0.2541536809891702,1.9229974006299912
B,metis,0,0.5,100,2,maxdeg_cap85_recal,10000,509083,101.8166,116,0.6423117644863411,20,480,24,857,0.946051117556338,116,lspar,0.2,0.20168,0.5625,ok,102673,0.1353455594790889,0.6397715437917874,0.3559560306134538,116,0.0255107820342693,0.6624496419972274,0.1447245156968804,0.7513740582687761,0.4444436376938254,116,0.0256920221080396,-0.0002556857147766,-0.0001222828573569,1.727069931999722,0.1836578669972368,1.9107277989969589,0.0093789562177915,0.1116025144769887,0.0884876070803715,0.0001812400737703,0.3467001643797625,3.6069766725930346
B,metis,0,0.5,100,2,maxdeg_cap85_recal,10000,509083,101.8166,116,0.6423117644863411,20,480,24,857,0.946051117556338,116,lspar,0.15,0.15011,0.484375,ok,76417,0.1353455594790889,0.6397715437917874,0.3559560306134538,116,0.0255107820342693,0.6624496419972274,0.1433018946680967,0.7611499679412222,0.4493403084526366,116,0.0235236051658754,0.0030349986819965,0.0003966258701231,1.6901787200040417,0.1522569990047486,1.8424357190087903,0.0079563351890077,0.1213784241494349,0.0933842778391828,-0.0019871768683939,0.3595510199691623,4.350864960740273
B,metis,0,0.5,100,2,maxdeg_cap85_recal,10000,509083,101.8166,116,0.6423117644863411,20,480,24,857,0.946051117556338,116,lspar,0.05,0.05249,0.1875,ok,26720,0.1353455594790889,0.6397715437917874,0.3559560306134538,116,0.0255107820342693,0.6624496419972274,0.1356794303326677,0.7565946274021846,0.4378254847724077,116,0.0206339526024462,-0.0012178008019241,4.4442052941321776e-05,1.6249432880067616,0.0855535400041844,1.710496828010946,0.0003338708535788,0.1168230836103972,0.0818694541589539,-0.004876829431823,0.3872849286528979,7.743100308471475
B,metis,0,0.5,100,2,maxdeg_cap85_recal,10000,509083,101.8166,116,0.6423117644863411,20,480,24,857,0.946051117556338,116,dspar,0.5,0.50025,0.5,ok,254669,0.1353455594790889,0.6397715437917874,0.3559560306134538,116,0.0255107820342693,0.6624496419972274,0.1391756999051679,0.6721441985559402,0.3853515129271721,116,0.0243950814714769,0.0021150681168563,9.100614679672028e-05,0.1209254109999165,0.4765654300063033,0.5974908410062199,0.003830140426079,0.0323726547641528,0.0293954823137183,-0.0011157005627923,1.1087193251056568,1.3900497188570002
B,metis,0,0.5,100,2,maxdeg_cap85_recal,10000,509083,101.8166,116,0.6423117644863411,20,480,24,857,0.946051117556338,116,dspar,0.2,0.19978,0.2,ok,101706,0.1353455594790889,0.6397715437917874,0.3559560306134538,116,0.0255107820342693,0.6624496419972274,0.1153491556879854,0.5068343776115277,0.2801208581105981,116,0.019055707806324,0.0006667219984867,-8.081732039379549e-05,0.1098324650010909,0.3100448820041492,0.4198773470052401,-0.0199964037911034,-0.1329371661802596,-0.0758351725028556,-0.0064550742279452,1.577721795953331,2.1366249870506238
B,metis,0,0.5,100,2,maxdeg_cap85_recal,10000,509083,101.8166,116,0.6423117644863411,20,480,24,857,0.946051117556338,116,dspar,0.15,0.1493,0.15,ok,76007,0.1353455594790889,0.6397715437917874,0.3559560306134538,116,0.0255107820342693,0.6624496419972274,0.0873992190870393,0.3800264908236049,0.1893975448669614,116,0.0181835090122891,0.0014962395167352,0.0001305875651836,0.1146835899999132,0.2700970549994963,0.3847806449994095,-0.0479463403920495,-0.2597450529681824,-0.1665584857464923,-0.0073272730219802,1.7216293246720973,2.452635560941095
B,metis,0,0.5,100,2,maxdeg_cap85_recal,10000,509083,101.8166,116,0.6423117644863411,20,480,24,857,0.946051117556338,116,dspar,0.05,0.04997,0.05,ok,25440,0.1353455594790889,0.6397715437917874,0.3559560306134538,116,0.0255107820342693,0.6624496419972274,0.0228159912052977,0.0796299247855028,0.0114193298116515,116,0.0154220621189256,0.0010567707666202,-2.467939936808193e-05,0.233037300997239,0.1418160269968211,0.3748533279940602,-0.1125295682737911,-0.5601416190062845,-0.3445367008018022,-0.0100887199153437,1.7672235846008664,4.671190245740536
B,metis,0,0.5,100,2,maxdeg_cap85_recal,10000,509083,101.8166,116,0.6423117644863411,20,480,24,857,0.946051117556338,116,random,0.5,0.5,0.5,ok,254542,0.1353455594790889,0.6397715437917874,0.3559560306134538,116,0.0255107820342693,0.6624496419972274,0.1330570909967269,0.6183322291328347,0.3552655569337999,116,0.025236481529722,0.0007182895330344,0.0001709626104329,0.010519272997044,0.4489407739965827,0.4594600469936267,-0.0022884684823619,-0.0214393146589526,-0.0006904736796538,-0.0002743005045473,1.4418003182906052,1.4755835966956967
B,metis,0,0.5,100,2,maxdeg_cap85_recal,10000,509083,101.8166,116,0.6423117644863411,20,480,24,857,0.946051117556338,116,random,0.2,0.2,0.2,ok,101817,0.1353455594790889,0.6397715437917874,0.3559560306134538,116,0.0255107820342693,0.6624496419972274,0.1096908514211375,0.4974476540276338,0.2760977796633911,116,0.0213522832502756,0.0003432043414881,-3.1819845323679824e-05,0.0087172779967659,0.2935532970004715,0.3022705749972374,-0.0256547080579513,-0.1423238897641535,-0.0798582509500626,-0.0041584987839937,2.191578330121223,2.256658837649381
B,metis,0,0.5,100,2,maxdeg_cap85_recal,10000,509083,101.8166,116,0.6423117644863411,20,480,24,857,0.946051117556338,116,random,0.15,0.15,0.15,ok,76362,0.1353455594790889,0.6397715437917874,0.3559560306134538,116,0.0255107820342693,0.6624496419972274,0.0890404831404759,0.397648374410502,0.2077615645865994,116,0.018994736112934,-0.0012966853711149,-0.0001475869930241,0.0077824719992349,0.2646120310018887,0.2723945030011236,-0.046305076338613,-0.2421231693812853,-0.1481944660268544,-0.0065160459213353,2.431949377460436,2.5034751424151955
B,metis,0,0.5,100,2,maxdeg_cap85_recal,10000,509083,101.8166,116,0.6423117644863411,20,480,24,857,0.946051117556338,116,random,0.05,0.05,0.05,ok,25454,0.1353455594790889,0.6397715437917874,0.3559560306134538,116,0.0255107820342693,0.6624496419972274,0.0269706726455607,0.1086448916569547,0.0268454198128322,116,0.0155717693278573,0.0001296503784939,7.14721596065841e-06,0.0067469580026227,0.1398878489999333,0.146634807002556,-0.1083748868335281,-0.5311266521348326,-0.3291106108006216,-0.0099390127064119,4.517683458237034,4.735576726163994
B,eigen_proxy,1,0.5,100,2,maxdeg_cap85_recal,10000,509083,101.8166,116,0.6423117644863411,20,480,24,857,0.946051117556338,116,lspar,0.5,0.49805,0.804688,ok,253551,0.1247927482074552,0.0830137635017213,0.0307891452795584,3,0.0635831738748546,1.1729167539961054,0.1810175218521578,0.1977918618922594,0.0759146579998167,6,0.6110652338335082,-0.00074591242975,-9.579949539245264e-05,2.253905814002792,1.2436394449978252,3.497545259000617,0.0562247736447025,0.114778098390538,0.0451255127202583,0.5474820599586535,0.3353542748239526,0.9431324800076252
B,eigen_proxy,1,0.5,100,2,maxdeg_cap85_recal,10000,509083,101.8166,116,0.6423117644863411,20,480,24,857,0.946051117556338,116,lspar,0.2,0.20168,0.5625,ok,102673,0.1247927482074552,0.0830137635017213,0.0307891452795584,3,0.0635831738748546,1.1729167539961054,0.2874982926254228,0.6659685825482123,0.4398438212423467,71,1.6089479357642371,-0.0008419207408303,7.083990152358958e-05,1.7676301969986523,2.495642670000961,4.263272866999614,0.1627055444179675,0.5829548190464909,0.4090546759627883,1.5453647618893829,0.2751212016184118,0.4699858549844611
B,eigen_proxy,1,0.5,100,2,maxdeg_cap85_recal,10000,509083,101.8166,116,0.6423117644863411,20,480,24,857,0.946051117556338,116,lspar,0.15,0.15011,0.484375,ok,76417,0.1247927482074552,0.0830137635017213,0.0307891452795584,3,0.0635831738748546,1.1729167539961054,0.3141973720274439,0.7458558958800979,0.5005040907645413,66,1.472476634789157,0.0008311162974441,0.0001739558201035,1.69232689900673,2.161807468000916,3.854134367007646,0.1894046238199887,0.6628421323783765,0.4697149454849829,1.4088934609143022,0.3043268973797505,0.5425630040406579
B,eigen_proxy,1,0.5,100,2,maxdeg_cap85_recal,10000,509083,101.8166,116,0.6423117644863411,20,480,24,857,0.946051117556338,116,dspar,0.5,0.50025,0.5,ok,254669,0.1247927482074552,0.0830137635017213,0.0307891452795584,3,0.0635831738748546,1.1729167539961054,0.0962156065948759,0.07646250349474,0.0257556834185416,4,0.4492909970164102,-0.0001539591719866,-0.00021660553967,0.1136452069986262,1.0079098850037551,1.1215550920023816,-0.0285771416125793,-0.0065512600069813,-0.0050334618610167,0.3857078231415556,1.045795041509753,1.1637119264801488
B,eigen_proxy,1,0.5,100,2,maxdeg_cap85_recal,10000,509083,101.8166,116,0.6423117644863411,20,480,24,857,0.946051117556338,116,dspar,0.2,0.19978,0.2,ok,101706,0.1247927482074552,0.0830137635017213,0.0307891452795584,3,0.0635831738748546,1.1729167539961054,0.0665597475930568,0.0763478330245944,0.0204969919364017,11,1.1532196234889522,0.0014160785138849,-0.0004643372731522,0.1110565310009406,0.8560445219991379,0.9671010530000784,-0.0582330006143984,-0.0066659304771269,-0.0102921533431566,1.0896364496140976,1.2128171615133276,1.3701585885474383
B,eigen_proxy,1,0.5,100,2,maxdeg_cap85_recal,10000,509083,101.8166,116,0.6423117644863411,20,480,24,857,0.946051117556338,116,dspar,0.15,0.1493,0.15,ok,76007,0.1247927482074552,0.0830137635017213,0.0307891452795584,3,0.0635831738748546,1.1729167539961054,0.0767591674924366,0.0585036401582745,0.0232704963813212,5,0.5282095228221468,-0.0004207265375622,-0.0003454457587327,0.1241781879944028,0.5072957280062838,0.6314739160006866,-0.0480335807150186,-0.0245101233434468,-0.0075186488982371,0.4646263489472921,1.857427083329963,2.3120966514064096
B,eigen_proxy,1,0.5,100,2,maxdeg_cap85_recal,10000,509083,101.8166,116,0.6423117644863411,20,480,24,857,0.946051117556338,116,dspar,0.05,0.04997,0.05,ok,25440,0.1247927482074552,0.0830137635017213,0.0307891452795584,3,0.0635831738748546,1.1729167539961054,-2.7806309000821083e-05,0.0007145902411533,3.977622139149574e-05,166,12.630709474926576,-0.0004421646541108,-3.2599862252960944e-05,0.1157847850045072,0.0020798330006073,0.1178646180051146,-0.124820554516456,-0.082299173260568,-0.0307493690581669,12.56712630105172,9.951389771145807,563.9475638926814
B,eigen_proxy,1,0.5,100,2,maxdeg_cap85_recal,10000,509083,101.8166,116,0.6423117644863411,20,480,24,857,0.946051117556338,116,random,0.5,0.5,0.5,ok,254542,0.1247927482074552,0.0830137635017213,0.0307891452795584,3,0.0635831738748546,1.1729167539961054,0.1038091491275407,0.0707024559296596,0.0266274318086106,3,0.2257755079719675,-0.000354749081509,3.696157220429599e-06,0.0092427909985417,0.6972324180023861,0.7064752090009279,-0.0209835990799145,-0.0123113075720617,-0.0041617134709477,0.1621923340971129,1.6602376687142393,1.6822464413754372
B,eigen_proxy,1,0.5,100,2,maxdeg_cap85_recal,10000,509083,101.8166,116,0.6423117644863411,20,480,24,857,0.946051117556338,116,random,0.2,0.2,0.2,ok,101817,0.1247927482074552,0.0830137635017213,0.0307891452795584,3,0.0635831738748546,1.1729167539961054,0.0899041533501766,0.076542582831994,0.0305369804127754,7,0.7645636140963026,3.0953484882714507e-06,-7.621868836463785e-05,0.0073778750011115,0.6477057869997225,0.655083662000834,-0.0348885948572786,-0.0064711806697273,-0.0002521648667829,0.7009804402214479,1.7904839061527569,1.810878916844706
B,eigen_proxy,1,0.5,100,2,maxdeg_cap85_recal,10000,509083,101.8166,116,0.6423117644863411,20,480,24,857,0.946051117556338,116,random,0.05,0.05,0.05,ok,25454,0.1247927482074552,0.0830137635017213,0.0307891452795584,3,0.0635831738748546,1.1729167539961054,-0.000186631580338,0.0088548745691643,0.0011648579501291,448,20.165532320273613,-5.088559513009011e-06,4.7002012302642176e-05,0.0068749409983865,0.0021897149999858,0.0090646559983724,-0.1249793797877932,-0.074158888932557,-0.0296242873294292,20.10194914639876,129.3945136149346,535.6481341195855
B,metis,0,0.5,100,3,maxdeg_cap85_recal,10000,500429,100.0858,86,0.6416174921916995,20,466,23,864,0.9920111026413216,86,lspar,0.5,0.50028,0.804688,ok,250354,0.1398086087692872,0.5642214825837816,0.3438948661837386,86,0.0266090210267119,0.6615418329965905,0.145723441739623,0.6135645339476498,0.3789497761363888,86,0.0279334924418698,0.0010522000909527,7.388378380364187e-05,2.1420158079999965,0.3232242420053808,2.4652400500053773,0.0059148329703358,0.0493430513638681,0.0350549099526502,0.0013244714151578,0.2683478361448604,2.046696215890817
B,metis,0,0.5,100,3,maxdeg_cap85_recal,10000,500429,100.0858,86,0.6416174921916995,20,466,23,864,0.9920111026413216,86,lspar,0.2,0.20108,0.5625,ok,100628,0.1398086087692872,0.5642214825837816,0.3438948661837386,86,0.0266090210267119,0.6615418329965905,0.1470206172015964,0.7048393038895374,0.4472324329398795,86,0.0274364720764168,8.746876202936482e-05,-6.663381065432825e-05,1.7014578000016627,0.184595058002742,1.8860528580044047,0.0072120084323092,0.1406178213057558,0.1033375667561409,0.0008274510497048,0.3507546621448112,3.5837461747581774
B,metis,0,0.5,100,3,maxdeg_cap85_recal,10000,500429,100.0858,86,0.6416174921916995,20,466,23,864,0.9920111026413216,86,lspar,0.15,0.14928,0.484375,ok,74706,0.1398086087692872,0.5642214825837816,0.3438948661837386,86,0.0266090210267119,0.6615418329965905,0.1451397964545908,0.7140377259582655,0.4514372321197847,86,0.0263165347262894,0.0019156007586814,0.0001353587500458,1.6680873940058518,0.153973925000173,1.8220613190060249,0.0053311876853035,0.1498162433744839,0.1075423659360461,-0.0002924863004224,0.363073309386468,4.296453656006023
B,metis,0,0.5,100,3,maxdeg_cap85_recal,10000,500429,100.0858,86,0.6416174921916995,20,466,23,864,0.9920111026413216,86,lspar,0.05,0.05189,0.1875,ok,25968,0.1398086087692872,0.5642214825837816,0.3438948661837386,86,0.0266090210267119,0.6615418329965905,0.1340919640460203,0.7187111366761721,0.4388462695829533,86,0.022626533097229,0.0007309405179674,-0.0001298327519211,1.6106534130012733,0.0916809709960944,1.7023343839973677,-0.0057166447232669,0.1544896540923905,0.0949514033992147,-0.0039824879294829,0.3886086301348028,7.21569400726321
B,eigen_proxy,1,0.5,100,2,maxdeg_cap85_recal,10000,509083,101.8166,116,0.6423117644863411,20,480,24,857,0.946051117556338,116,lspar,0.05,0.05249,0.1875,ok,26720,0.1247927482074552,0.0830137635017213,0.0307891452795584,3,0.0635831738748546,1.1509945790021447,0.2819739415945608,0.7241776005957079,0.5126100679067774,72,1.32788475403553,-0.0002276861967184,0.0002547745367061,1.7182613159966422,3.2502344669992453,4.968495782995888,0.1571811933871055,0.6411638370939865,0.481820922627219,1.2643015801606754,0.231658560110143,0.3541266301519447
B,metis,0,0.5,100,3,maxdeg_cap85_recal,10000,500429,100.0858,86,0.6416174921916995,20,466,23,864,0.9920111026413216,86,dspar,0.5,0.49954,0.5,ok,249983,0.1398086087692872,0.5642214825837816,0.3438948661837386,86,0.0266090210267119,0.6615418329965905,0.1391843349487312,0.5980143011766845,0.3676724851025892,86,0.0266413212885547,0.0013921839625036,0.0002182727278883,0.0993886080032098,0.4361451669974485,0.5355337750006584,-0.0006242738205559,0.0337928185929029,0.0237776189188506,3.2300261842772154e-05,1.235294324799173,1.5167927631775422
B,metis,0,0.5,100,3,maxdeg_cap85_recal,10000,500429,100.0858,86,0.6416174921916995,20,466,23,864,0.9920111026413216,86,dspar,0.2,0.20024,0.2,ok,100207,0.1398086087692872,0.5642214825837816,0.3438948661837386,86,0.0266090210267119,0.6615418329965905,0.1092200511603391,0.4332474136532672,0.2536800675688774,86,0.0222045040476026,-0.001194360395078,-8.562547589078198e-05,0.1241535089939134,0.2942069429991534,0.4183604519930668,-0.030588557608948,-0.1309740689305144,-0.0902147986148611,-0.0044045169791093,1.5812723928492978,2.248559555572739
B,metis,0,0.5,100,3,maxdeg_cap85_recal,10000,500429,100.0858,86,0.6416174921916995,20,466,23,864,0.9920111026413216,86,dspar,0.15,0.14997,0.15,ok,75050,0.1398086087692872,0.5642214825837816,0.3438948661837386,86,0.0266090210267119,0.6615418329965905,0.078380065359261,0.281997307186886,0.1504784985136948,86,0.0186697616481839,-0.00157012402705,-0.0002277755289942,0.1026612580026267,0.2720564869960071,0.3747177449986338,-0.0614285434100261,-0.2822241753968956,-0.1934163676700438,-0.007939259378528,1.765440366318927,2.4316341076855106
B,metis,0,0.5,100,3,maxdeg_cap85_recal,10000,500429,100.0858,86,0.6416174921916995,20,466,23,864,0.9920111026413216,86,dspar,0.05,0.04979,0.05,ok,24918,0.1398086087692872,0.5642214825837816,0.3438948661837386,86,0.0266090210267119,0.6615418329965905,0.0231270403654383,0.0517910418005094,0.0085862933684529,86,0.0132227077408524,0.0008915936231981,8.00439977093474e-05,0.1548104990069987,0.1299230529984925,0.2847335520054912,-0.1166815684038488,-0.5124304407832722,-0.3353085728152857,-0.0133863132858595,2.323371546265234,5.091797165544335
B,metis,0,0.5,100,3,maxdeg_cap85_recal,10000,500429,100.0858,86,0.6416174921916995,20,466,23,864,0.9920111026413216,86,random,0.5,0.5,0.5,ok,250214,0.1398086087692872,0.5642214825837816,0.3438948661837386,86,0.0266090210267119,0.6615418329965905,0.1326516991808003,0.5221480955098317,0.3221359345636841,86,0.0274364720764168,0.000359957043671,-8.865325895200751e-06,0.0098707779980031,0.408347650001815,0.4182184279998182,-0.0071569095884869,-0.0420733870739499,-0.0217589316200544,0.0008274510497048,1.5818093816680838,1.6200456473635885
B,metis,0,0.5,100,3,maxdeg_cap85_recal,10000,500429,100.0858,86,0.6416174921916995,20,466,23,864,0.9920111026413216,86,random,0.2,0.2,0.2,ok,100086,0.1398086087692872,0.5642214825837816,0.3438948661837386,86,0.0266090210267119,0.6615418329965905,0.1160163640502192,0.4585159245955625,0.2846588765094034,86,0.0254527012318928,-0.0015842962190238,5.403660221574602e-05,0.0076094030009699,0.2773488869934226,0.2849582899943925,-0.0237922447190679,-0.105705557988219,-0.0592359896743351,-0.0011563197948191,2.321539173363261,2.385233415457258
B,metis,0,0.5,100,3,maxdeg_cap85_recal,10000,500429,100.0858,86,0.6416174921916995,20,466,23,864,0.9920111026413216,86,random,0.15,0.15,0.15,ok,75064,0.1398086087692872,0.5642214825837816,0.3438948661837386,86,0.0266090210267119,0.6615418329965905,0.0938273070647911,0.3750276628348862,0.216490654649453,86,0.022702422778197,0.0013801484355089,0.0001092924728661,0.0074843680049525,0.2497045540003455,0.2571889220052981,-0.0459813017044961,-0.1891938197488953,-0.1274042115342856,-0.0039065982485149,2.572201896716853,2.649298230242429
B,metis,0,0.5,100,3,maxdeg_cap85_recal,10000,500429,100.0858,86,0.6416174921916995,20,466,23,864,0.9920111026413216,86,random,0.05,0.05,0.05,ok,25021,0.1398086087692872,0.5642214825837816,0.3438948661837386,86,0.0266090210267119,0.6615418329965905,0.029238203682368,0.0929410078657346,0.0271233173996819,86,0.0144651304867947,-0.0015021263012836,-0.0001238834890596,0.0065093119992525,0.1235451410029782,0.1300544530022307,-0.1105704050869191,-0.4712804747180469,-0.3167715487840566,-0.0121438905399171,5.086652688356957,5.354656829285122
B,eigen_proxy,1,0.5,100,3,maxdeg_cap85_recal,10000,500429,100.0858,86,0.6416174921916995,20,466,23,864,0.9920111026413216,86,lspar,0.5,0.50028,0.804688,ok,250354,0.1009664495646816,0.0990357967818409,0.0352076055861221,4,0.4323286712675901,1.652022203001252,0.1923780755046205,0.3282590827521519,0.120417158544291,17,1.263243602794014,0.0010648504312271,-0.0002046117839249,2.153775919003237,2.9317422500025714,5.085518169005809,0.0914116259399388,0.2292232859703109,0.0852095529581689,0.8309149315264238,0.3248483533240848,0.5634950354178656
B,eigen_proxy,1,0.5,100,3,maxdeg_cap85_recal,10000,500429,100.0858,86,0.6416174921916995,20,466,23,864,0.9920111026413216,86,lspar,0.2,0.20108,0.5625,ok,100628,0.1009664495646816,0.0990357967818409,0.0352076055861221,4,0.4323286712675901,1.652022203001252,0.2823442103573834,0.5606530109629808,0.2699950196724927,29,1.5153044380585703,-0.0015456328697763,-0.0012854759354172,1.703174812006182,1.4372226419945946,3.1403974540007766,0.1813777607927018,0.4616172141811399,0.2347874140863705,1.0829757667909805,0.526055133848304,1.1494546180462033
B,eigen_proxy,1,0.5,100,3,maxdeg_cap85_recal,10000,500429,100.0858,86,0.6416174921916995,20,466,23,864,0.9920111026413216,86,lspar,0.15,0.14928,0.484375,ok,74706,0.1009664495646816,0.0990357967818409,0.0352076055861221,4,0.4323286712675901,1.652022203001252,0.3030635425684826,0.6675013314001886,0.4718587595885705,37,1.1580182554692309,-0.0001321219478348,0.0001021547103505,1.6661228020020644,1.5504512490006164,3.216574051002681,0.202097093003801,0.5684655346183477,0.4366511540024483,0.7256895842016405,0.5135968197238544,1.0655105757540624
B,eigen_proxy,1,0.5,100,3,maxdeg_cap85_recal,10000,500429,100.0858,86,0.6416174921916995,20,466,23,864,0.9920111026413216,86,lspar,0.05,0.05189,0.1875,ok,25968,0.1009664495646816,0.0990357967818409,0.0352076055861221,4,0.4323286712675901,1.652022203001252,0.2662762951045781,0.6733494282870586,0.5073938117470648,42,0.9304970714623448,0.0002235923860428,0.0007922736870707,1.6059331299984478,2.771265830997436,4.377198960995884,0.1653098455398964,0.5743136315052176,0.4721862061609426,0.4981684001947547,0.3774153785838856,0.596125490569288
B,eigen_proxy,1,0.5,100,3,maxdeg_cap85_recal,10000,500429,100.0858,86,0.6416174921916995,20,466,23,864,0.9920111026413216,86,dspar,0.5,0.49954,0.5,ok,249983,0.1009664495646816,0.0990357967818409,0.0352076055861221,4,0.4323286712675901,1.652022203001252,0.0654254472945835,0.0607616923723606,0.0180356203645425,4,0.3531795011039004,-0.0006712912508073,0.0001280995252917,0.1016894220010726,1.014130326002487,1.1158197480035597,-0.0355410022700981,-0.0382741044094802,-0.0171719852215795,-0.0791491701636896,1.4805457655298475,1.6290038475757016
B,eigen_proxy,1,0.5,100,3,maxdeg_cap85_recal,10000,500429,100.0858,86,0.6416174921916995,20,466,23,864,0.9920111026413216,86,dspar,0.2,0.20024,0.2,ok,100207,0.1009664495646816,0.0990357967818409,0.0352076055861221,4,0.4323286712675901,1.652022203001252,0.0455639060167679,0.0599808456559516,0.0226526867899966,12,0.6606268538289977,0.0002436396523912,6.115991101694809e-05,0.1132653690001461,1.0825085069955094,1.1957738759956555,-0.0554025435479137,-0.0390549511258892,-0.0125549187961254,0.2282981825614075,1.3815506728859612,1.5261055154073768
B,eigen_proxy,1,0.5,100,3,maxdeg_cap85_recal,10000,500429,100.0858,86,0.6416174921916995,20,466,23,864,0.9920111026413216,86,dspar,0.15,0.14997,0.15,ok,75050,0.1009664495646816,0.0990357967818409,0.0352076055861221,4,0.4323286712675901,1.652022203001252,0.050954681483572,0.0528087925807538,0.0160912767321902,7,0.7103528278257221,-0.0012561013325334,-0.0002522246400156,0.1169110179980634,0.6643735190009465,0.78128453699901,-0.0500117680811095,-0.0462270042010871,-0.0191163288539319,0.2780241565581319,2.114494943605092,2.486586469438885
B,eigen_proxy,1,0.5,100,3,maxdeg_cap85_recal,10000,500429,100.0858,86,0.6416174921916995,20,466,23,864,0.9920111026413216,86,dspar,0.05,0.04979,0.05,ok,24918,0.1009664495646816,0.0990357967818409,0.0352076055861221,4,0.4323286712675901,1.652022203001252,-4.9900218490189e-05,0.0009532148396483,0.0001442059557288,189,13.450787102619682,-0.0001173611145033,-7.952377841189202e-05,0.1080265890050213,0.0022665910000796,0.110293180005101,-0.1010163497831718,-0.0980825819421925,-0.0350633996303932,13.01845843135209,14.978461976750026,728.8576558113941
B,eigen_proxy,1,0.5,100,3,maxdeg_cap85_recal,10000,500429,100.0858,86,0.6416174921916995,20,466,23,864,0.9920111026413216,86,random,0.5,0.5,0.5,ok,250214,0.1009664495646816,0.0990357967818409,0.0352076055861221,4,0.4323286712675901,1.652022203001252,0.0889206084717117,0.0691254373340906,0.0233281260417741,3,0.1830228401047257,6.728145144955188e-05,0.0001561698163029,0.0097374809993198,0.673011762999522,0.6827492439988418,-0.0120458410929698,-0.0299103594477503,-0.011879479544348,-0.2493058311628644,2.419661709656985,2.45467062215735
B,eigen_proxy,1,0.5,100,3,maxdeg_cap85_recal,10000,500429,100.0858,86,0.6416174921916995,20,466,23,864,0.9920111026413216,86,random,0.2,0.2,0.2,ok,100086,0.1009664495646816,0.0990357967818409,0.0352076055861221,4,0.4323286712675901,1.652022203001252,0.0499416141968198,0.0738033798436993,0.0254038021725427,11,0.6610925048735615,-3.9185794262827646e-05,0.0001346169638982,0.0077202850006869,1.0389087869989453,1.0466290719996325,-0.0510248353678618,-0.0252324169381416,-0.0098038034135793,0.2287638336059714,1.5784218566038766,1.5901513430966188
B,eigen_proxy,1,0.5,100,3,maxdeg_cap85_recal,10000,500429,100.0858,86,0.6416174921916995,20,466,23,864,0.9920111026413216,86,random,0.15,0.15,0.15,ok,75064,0.1009664495646816,0.0990357967818409,0.0352076055861221,4,0.4323286712675901,1.652022203001252,0.056452271817431,0.0616593131334868,0.018419426462735,14,1.4822597748033235,-0.0006888079074732,-9.2408540961381e-06,0.0077382960007525,0.5844263010003488,0.5921645970011014,-0.0445141777472506,-0.0373764836483541,-0.0167881791233871,1.0499311035357335,2.789802381580369,2.8267417126394285
B,eigen_proxy,1,0.5,100,3,maxdeg_cap85_recal,10000,500429,100.0858,86,0.6416174921916995,20,466,23,864,0.9920111026413216,86,random,0.05,0.05,0.05,ok,25021,0.1009664495646816,0.0990357967818409,0.0352076055861221,4,0.4323286712675901,1.652022203001252,-0.0002172245727201,0.0112013771592396,0.0015108393219024,438,19.97006971445017,0.0014060801123869,0.0001968016206136,0.0072667979984544,0.0021750270025222,0.0094418250009766,-0.1011836741374018,-0.0878344196226013,-0.0336967662642197,19.537741043182574,174.96852598203884,759.5410084957542
B,metis,0,0.5,200,1,scaled_maxk5,10000,1304040,260.808,77,0.6862074782982117,42,565,78,1090,0.6717359311869217,77,lspar,0.5,0.49584,0.828125,ok,646597,0.1010377774267581,0.5597425418622765,0.3381796076160824,77,0.0250463570205329,1.386807796996436,0.1031211404239534,0.5628236126892165,0.3375497544887061,77,0.0262179327941773,-0.000877356075684,-0.0002433896312339,10.180608786002267,0.6400797219976084,10.820688507999876,0.0020833629971952,0.00308107082694,-0.0006298531273762,0.0011715757736443,0.1281626207030311,2.1666172967773187
B,metis,0,0.5,200,1,scaled_maxk5,10000,1304040,260.808,77,0.6862074782982117,42,565,78,1090,0.6717359311869217,77,lspar,0.2,0.19892,0.625,ok,259404,0.1010377774267581,0.5597425418622765,0.3381796076160824,77,0.0250463570205329,1.386807796996436,0.1111312766840033,0.6210074708284488,0.3875766431448628,77,0.0257736299344892,-0.0001343293047659,-0.0001109781235886,8.714955725998152,0.2698887540027499,8.984844480000902,0.0100934992572452,0.0612649289661723,0.0493970355287804,0.0007272729139562,0.1543496718372021,5.138442326434638
B,metis,0,0.5,200,1,scaled_maxk5,10000,1304040,260.808,77,0.6862074782982117,42,565,78,1090,0.6717359311869217,77,lspar,0.15,0.14752,0.5625,ok,192373,0.1010377774267581,0.5597425418622765,0.3381796076160824,77,0.0250463570205329,1.386807796996436,0.1090853335471836,0.6235628098679653,0.3865744412136287,77,0.0256538496136544,0.0017645340238799,0.0002547251894753,8.779287279998243,0.2142809729994041,8.993568252997648,0.0080475561204255,0.0638202680056888,0.0483948335975463,0.0006074925931215,0.1541999524531544,6.471912916879895
B,metis,0,0.5,200,1,scaled_maxk5,10000,1304040,260.808,77,0.6862074782982117,42,565,78,1090,0.6717359311869217,77,lspar,0.05,0.0494,0.34375,ok,64415,0.1010377774267581,0.5597425418622765,0.3381796076160824,77,0.0250463570205329,1.386807796996436,0.1083967142030771,0.6395240492037022,0.4123533780497034,77,0.0235571645152807,0.0001570116302822,0.0001233297496464,8.55598317499971,0.1233085060011944,8.679291681000905,0.0073589367763189,0.0797815073414257,0.074173770433621,-0.0014891925052522,0.1597835224310042,11.246651524453652
B,metis,0,0.5,200,1,scaled_maxk5,10000,1304040,260.808,77,0.6862074782982117,42,565,78,1090,0.6717359311869217,77,dspar,0.5,0.50008,0.5,ok,652129,0.1010377774267581,0.5597425418622765,0.3381796076160824,77,0.0250463570205329,1.386807796996436,0.1108079880743249,0.5954305811187108,0.3798571953951029,77,0.0251996031714787,-0.0012285749534358,-0.0001928561666865,0.6408228299987968,0.8099948099988978,1.4508176399976946,0.0097702106475668,0.0356880392564343,0.0416775877790204,0.0001532461509457,0.9558801594104134,1.7121193616022343
B,metis,0,0.5,200,1,scaled_maxk5,10000,1304040,260.808,77,0.6862074782982117,42,565,78,1090,0.6717359311869217,77,dspar,0.2,0.19983,0.2,ok,260584,0.1010377774267581,0.5597425418622765,0.3381796076160824,77,0.0250463570205329,1.386807796996436,0.1000333436112346,0.4959923874467721,0.3103778595108097,77,0.0222112584064928,2.2966288591162432e-05,2.394478866527735e-05,0.6100363369987463,0.4515079839984537,1.0615443209972,-0.0010044338155234,-0.0637501544155043,-0.0278017481052726,-0.00283509861404,1.3064059310248,3.0715022682770226
B,metis,0,0.5,200,1,scaled_maxk5,10000,1304040,260.808,77,0.6862074782982117,42,565,78,1090,0.6717359311869217,77,dspar,0.15,0.1499,0.15,ok,195471,0.1010377774267581,0.5597425418622765,0.3381796076160824,77,0.0250463570205329,1.386807796996436,0.0939382349678119,0.4603658592491143,0.2817849515147721,77,0.0220022726098919,-0.0009306941974628,-8.423060516741677e-05,0.6517163850003271,0.40782162600226,1.0595380110025872,-0.0070995424589462,-0.0993766826131621,-0.0563946561013102,-0.003044084410641,1.3088797028472534,3.40052539780897
B,metis,0,0.5,200,1,scaled_maxk5,10000,1304040,260.808,77,0.6862074782982117,42,565,78,1090,0.6717359311869217,77,dspar,0.05,0.05016,0.05,ok,65408,0.1010377774267581,0.5597425418622765,0.3381796076160824,77,0.0250463570205329,1.386807796996436,0.0161706397222745,0.0842815038430963,0.0206651466872166,77,0.0119256027101358,0.0011203805943243,0.0001235787694596,0.6356649999943329,0.2086333089973777,0.8442983089917107,-0.0848671377044836,-0.4754610380191801,-0.3175144609288657,-0.013120754310397,1.6425566440522763,6.6471063688774
B,metis,0,0.5,200,1,scaled_maxk5,10000,1304040,260.808,77,0.6862074782982117,42,565,78,1090,0.6717359311869217,77,random,0.5,0.5,0.5,ok,652020,0.1010377774267581,0.5597425418622765,0.3381796076160824,77,0.0250463570205329,1.386807796996436,0.1002202976484559,0.5297879625275278,0.3229597038608778,77,0.0245181565375539,-0.0005927493191929,-6.590124962899161e-05,0.0282729800019296,0.8075360950024333,0.835809075004363,-0.0008174797783022,-0.0299545793347486,-0.0152199037552045,-0.0005282004829789,1.6592399370504525,1.7173322723020292
B,metis,0,0.5,200,1,scaled_maxk5,10000,1304040,260.808,77,0.6862074782982117,42,565,78,1090,0.6717359311869217,77,random,0.2,0.2,0.2,ok,260808,0.1010377774267581,0.5597425418622765,0.3381796076160824,77,0.0250463570205329,1.386807796996436,0.0963163803149343,0.4848329951144945,0.2963756666406133,77,0.023294205288011,-0.002370502076548,-0.0002240195127108,0.0251840799974161,0.43884946199978,0.4640335419971961,-0.0047213971118237,-0.0749095467477818,-0.041803940975469,-0.0017521517325219,2.988593865494352,3.160099116168294
B,metis,0,0.5,200,1,scaled_maxk5,10000,1304040,260.808,77,0.6862074782982117,42,565,78,1090,0.6717359311869217,77,random,0.15,0.15,0.15,ok,195606,0.1010377774267581,0.5597425418622765,0.3381796076160824,77,0.0250463570205329,1.386807796996436,0.0897732493572101,0.4411519418498111,0.2723229685421315,77,0.0215067431286096,-0.0014549113802845,-0.0002204102414164,0.0225534999990486,0.3531751179980347,0.3757286179970833,-0.0112645280695479,-0.1185906000124653,-0.0658566390739509,-0.0035396138919232,3.690982615029876,3.926686015870895
B,metis,0,0.5,200,1,scaled_maxk5,10000,1304040,260.808,77,0.6862074782982117,42,565,78,1090,0.6717359311869217,77,random,0.05,0.05,0.05,ok,65202,0.1010377774267581,0.5597425418622765,0.3381796076160824,77,0.0250463570205329,1.386807796996436,0.0412291218172761,0.1989082145043444,0.1105514782891598,77,0.0172110429666537,-0.0018534397620174,-1.4464907266844129e-05,0.0219514279961003,0.2290962120023323,0.2510476399984327,-0.0598086556094819,-0.3608343273579319,-0.2276281293269225,-0.0078353140538792,5.524082190157589,6.053385976466156
B,eigen_proxy,1,0.5,200,1,scaled_maxk5,10000,1304040,260.808,77,0.6862074782982117,42,565,78,1090,0.6717359311869217,77,lspar,0.5,0.49584,0.828125,ok,646597,0.1693339430416601,0.2823800061344085,0.1198848266757422,10,0.8341715650871828,4.992673482993268,0.2018967322524938,0.3614958491733691,0.122794069610146,20,1.6888970365300544,0.0004428421439626,-0.0002522696078931,10.44027862099756,2.8549412749998737,13.295219895997434,0.0325627892108336,0.0791158430389605,0.0029092429344038,0.8547254714428716,0.375523949362908,1.7487832505393617
B,eigen_proxy,1,0.5,200,1,scaled_maxk5,10000,1304040,260.808,77,0.6862074782982117,42,565,78,1090,0.6717359311869217,77,lspar,0.2,0.19892,0.625,ok,259404,0.1693339430416601,0.2823800061344085,0.1198848266757422,10,0.8341715650871828,4.992673482993268,0.2629039586121224,0.6690467675040558,0.3395568731961481,44,1.7117905713024597,0.0017870490511593,-0.0005016220786688,8.723629872001766,2.1036177720015985,10.827247644003364,0.0935700155704623,0.3866667613696472,0.2196720465204058,0.8776190062152767,0.4611212052361658,2.3733748352214787
B,eigen_proxy,1,0.5,200,1,scaled_maxk5,10000,1304040,260.808,77,0.6862074782982117,42,565,78,1090,0.6717359311869217,77,lspar,0.15,0.14752,0.5625,ok,192373,0.1693339430416601,0.2823800061344085,0.1198848266757422,10,0.8341715650871828,4.992673482993268,0.2523120074968,0.6537868979300896,0.3455794205299364,45,1.6661773915162814,-0.0007147633044263,0.0007218013523257,8.805694811999274,1.7528343150042929,10.558529127003569,0.0829780644551398,0.371406891795681,0.2256945938541942,0.8320058264290986,0.4728569124485763,2.848343075130316
B,eigen_proxy,1,0.5,200,1,scaled_maxk5,10000,1304040,260.808,77,0.6862074782982117,42,565,78,1090,0.6717359311869217,77,lspar,0.05,0.0494,0.34375,ok,64415,0.1693339430416601,0.2823800061344085,0.1198848266757422,10,0.8341715650871828,4.992673482993268,0.2610151765627685,0.6768145948384601,0.4543794444342907,46,1.3646012457857422,0.0006288794589456,0.0002256212882708,8.555004219000693,1.9576877990039063,10.5126920180046,0.0916812335211084,0.3944345887040515,0.3344946177585485,0.5304296806985593,0.4749186482817672,2.550290953201832
B,eigen_proxy,1,0.5,200,1,scaled_maxk5,10000,1304040,260.808,77,0.6862074782982117,42,565,78,1090,0.6717359311869217,77,dspar,0.5,0.50008,0.5,ok,652129,0.1693339430416601,0.2823800061344085,0.1198848266757422,10,0.8341715650871828,4.992673482993268,0.1517965867347739,0.2242611721144866,0.0944588787856334,7,0.5715103148675446,5.782627241572446e-05,-0.0003019105874037,0.5888434279986541,2.6796031319972826,3.2684465599959367,-0.0175373563068862,-0.0581188340199218,-0.0254259478901087,-0.2626612502196382,1.5275371315844537,1.863213780942219
B,eigen_proxy,1,0.5,200,1,scaled_maxk5,10000,1304040,260.808,77,0.6862074782982117,42,565,78,1090,0.6717359311869217,77,dspar,0.2,0.19983,0.2,ok,260584,0.1693339430416601,0.2823800061344085,0.1198848266757422,10,0.8341715650871828,4.992673482993268,0.1242061004873909,0.135179361310087,0.0534211892682841,4,0.3506653105170227,0.0004392924270895,0.0002179615134779,0.6160086059971945,1.0614464360041893,1.6774550420013838,-0.0451278425542692,-0.1472006448243215,-0.066463637407458,-0.48350625457016,2.9763381777650944,4.703650899039396
B,eigen_proxy,1,0.5,200,1,scaled_maxk5,10000,1304040,260.808,77,0.6862074782982117,42,565,78,1090,0.6717359311869217,77,dspar,0.15,0.1499,0.15,ok,195471,0.1693339430416601,0.2823800061344085,0.1198848266757422,10,0.8341715650871828,4.992673482993268,0.0910478330078545,0.0858944511517577,0.0341735468723976,3,0.241941439195521,-0.0007927859500165,0.0001305301002966,0.5453153510025004,0.5154484150043572,1.0607637660068576,-0.0782861100338055,-0.1964855549826508,-0.0857112798033445,-0.5922301258916618,4.70667800219808,9.686077864748238
B,eigen_proxy,1,0.5,200,1,scaled_maxk5,10000,1304040,260.808,77,0.6862074782982117,42,565,78,1090,0.6717359311869217,77,dspar,0.05,0.05016,0.05,ok,65408,0.1693339430416601,0.2823800061344085,0.1198848266757422,10,0.8341715650871828,4.992673482993268,0.0356946052240579,0.0374925528177477,0.018362485666713,26,2.109656218439393,-0.001561154749256,3.3412022203101734e-05,0.6489039790030802,0.7460893190000206,1.3949932980031008,-0.1336393378176022,-0.2448874533166608,-0.1015223410090292,1.2754846533522102,3.5789946017232914,6.691790588404242
B,eigen_proxy,1,0.5,200,1,scaled_maxk5,10000,1304040,260.808,77,0.6862074782982117,42,565,78,1090,0.6717359311869217,77,random,0.5,0.5,0.5,ok,652020,0.1693339430416601,0.2823800061344085,0.1198848266757422,10,0.8341715650871828,4.992673482993268,0.1767290872097508,0.269043992810555,0.1179489634689846,9,0.7825782133435609,0.0003890686130212,-0.0003668296589283,0.0299370209977496,2.851383262001036,2.881320282998786,0.0073951441680906,-0.0133360133238535,-0.0019358632067576,-0.0515933517436218,1.7327728237823856,1.7509654172163174
B,eigen_proxy,1,0.5,200,1,scaled_maxk5,10000,1304040,260.808,77,0.6862074782982117,42,565,78,1090,0.6717359311869217,77,random,0.2,0.2,0.2,ok,260808,0.1693339430416601,0.2823800061344085,0.1198848266757422,10,0.8341715650871828,4.992673482993268,0.1209904410321396,0.133189527293646,0.0598437400012914,4,0.2902492721782433,-0.000762395694088,1.7877046841163633e-05,0.0357215080002788,0.7760630529955961,0.8117845609958749,-0.0483435020095204,-0.1491904788407624,-0.0600410866744507,-0.5439222929089395,6.150244440308638,6.433334847885872
B,eigen_proxy,1,0.5,200,1,scaled_maxk5,10000,1304040,260.808,77,0.6862074782982117,42,565,78,1090,0.6717359311869217,77,random,0.15,0.15,0.15,ok,195606,0.1693339430416601,0.2823800061344085,0.1198848266757422,10,0.8341715650871828,4.992673482993268,0.1088799109076756,0.1143961400182539,0.0524332153669695,4,0.2869118331473974,-0.0008928427210817,4.913544270510635e-05,0.0239253059990005,0.6671870409991243,0.6911123469981248,-0.0604540321339844,-0.1679838661161546,-0.0674516113087727,-0.5472597319397854,7.224112699880349,7.483169150762659
B,eigen_proxy,1,0.5,200,1,scaled_maxk5,10000,1304040,260.808,77,0.6862074782982117,42,565,78,1090,0.6717359311869217,77,random,0.05,0.05,0.05,ok,65202,0.1693339430416601,0.2823800061344085,0.1198848266757422,10,0.8341715650871828,4.992673482993268,0.0659885805950957,0.076809226580638,0.0370590147752561,41,2.804969796628833,0.0010018083831195,0.0008979993417021,0.0213138239996624,0.5297167000026093,0.5510305240022717,-0.1033453624465644,-0.2055707795537705,-0.082825811900486,1.97079823154165,9.060611464370863,9.42517667079153
B,metis,0,0.5,200,2,scaled_maxk5_recal,10000,1006548,201.3096,70,0.6679144958809714,40,573,57,1027,0.7695082461169538,70,lspar,0.5,0.49651,0.824219,ok,499763,0.1220616516149689,0.5760677113016726,0.3730087016413952,70,0.0297758291236365,1.0811871370024164,0.1267104000053986,0.6186430360031331,0.4039547506047867,70,0.0301031559807273,7.887402563916357e-05,0.0002070829988493,7.008915036996768,0.494379615993239,7.503294652990007,0.0046487483904297,0.0425753247014605,0.0309460489633914,0.0003273268570908,0.1440949858701832,2.1869573542797576
B,metis,0,0.5,200,2,scaled_maxk5_recal,10000,1006548,201.3096,70,0.6679144958809714,40,573,57,1027,0.7695082461169538,70,lspar,0.2,0.19758,0.609375,ok,198875,0.1220616516149689,0.5760677113016726,0.3730087016413952,70,0.0297758291236365,1.0811871370024164,0.1324911169603788,0.6907407105163111,0.4573740561230101,70,0.0308382878902185,0.0006262385231013,-2.139028511843298e-06,5.853177948993107,0.2126491219969466,6.0658270709900535,0.0104294653454098,0.1146729992146385,0.0843653544816149,0.001062458766582,0.1782423277731105,5.08437150762344
B,metis,0,0.5,200,2,scaled_maxk5_recal,10000,1006548,201.3096,70,0.6679144958809714,40,573,57,1027,0.7695082461169538,70,lspar,0.15,0.14916,0.546875,ok,150133,0.1220616516149689,0.5760677113016726,0.3730087016413952,70,0.0297758291236365,1.0811871370024164,0.1320721578922513,0.7077420095278247,0.4709050883820278,70,0.0298931430264534,-0.0024722758536466,-0.0001810614753816,5.819265867001377,0.1671923289977712,5.986458195999148,0.0100105062772824,0.1316742982261521,0.0978963867406326,0.0001173139028168,0.1806054768285181,6.466726933487655
B,metis,0,0.5,200,2,scaled_maxk5_recal,10000,1006548,201.3096,70,0.6679144958809714,40,573,57,1027,0.7695082461169538,70,lspar,0.05,0.04988,0.3125,ok,50207,0.1220616516149689,0.5760677113016726,0.3730087016413952,70,0.0297758291236365,1.0811871370024164,0.1282175761933962,0.6951714938804242,0.4649461616944207,70,0.0292779780722644,0.0006034557810338,2.1691983960478925e-05,5.5068384209953365,0.0947586629990837,5.60159708399442,0.0061559245784272,0.1191037825787516,0.0919374600530255,-0.000497851051372,0.1930140852314635,11.40990282875636
B,metis,0,0.5,200,2,scaled_maxk5_recal,10000,1006548,201.3096,70,0.6679144958809714,40,573,57,1027,0.7695082461169538,70,dspar,0.5,0.49991,0.5,ok,503187,0.1220616516149689,0.5760677113016726,0.3730087016413952,70,0.0297758291236365,1.0811871370024164,0.1289221602224922,0.6293698476122191,0.4246999998274198,70,0.0291341723754082,-0.0005902137486684,-0.0001328751828182,0.4057839570014039,0.6459602219983935,1.0517441789997974,0.0068605086075233,0.0533021363105465,0.0516912981860246,-0.0006416567482282,1.0279944102287488,1.673767362419888
B,metis,0,0.5,200,2,scaled_maxk5_recal,10000,1006548,201.3096,70,0.6679144958809714,40,573,57,1027,0.7695082461169538,70,dspar,0.2,0.20004,0.2,ok,201348,0.1220616516149689,0.5760677113016726,0.3730087016413952,70,0.0297758291236365,1.0811871370024164,0.1177033993331019,0.5258209858564181,0.3550162223135584,70,0.0278567765543682,-0.0006546216855897,-6.94365453415014e-05,0.3944099799991818,0.3786149189982097,0.7730248989973916,-0.0043582522818669,-0.0502467254452544,-0.0179924793278368,-0.0019190525692682,1.3986446470284584,2.8556379655169604
B,metis,0,0.5,200,2,scaled_maxk5_recal,10000,1006548,201.3096,70,0.6679144958809714,40,573,57,1027,0.7695082461169538,70,dspar,0.15,0.14956,0.15,ok,150535,0.1220616516149689,0.5760677113016726,0.3730087016413952,70,0.0297758291236365,1.0811871370024164,0.1101015618726777,0.4957486573008199,0.3238031347339777,70,0.0252744930710785,-0.0010712511913117,-4.164958807552244e-05,0.3905023280021851,0.3443379839955014,0.7348403119976865,-0.0119600897422912,-0.0803190540008526,-0.0492055669074175,-0.0045013360525579,1.4713225708360709,3.1399008743007037
B,metis,0,0.5,200,2,scaled_maxk5_recal,10000,1006548,201.3096,70,0.6679144958809714,40,573,57,1027,0.7695082461169538,70,dspar,0.05,0.04985,0.05,ok,50181,0.1220616516149689,0.5760677113016726,0.3730087016413952,70,0.0297758291236365,1.0811871370024164,0.0154926512239475,0.059350884338252,0.0113534191137528,70,0.0099196774141097,-0.0011186661065223,-0.0002148889742167,0.4124068560049636,0.1590437260019825,0.5714505820069462,-0.1065690003910213,-0.5167168269634206,-0.3616552825276424,-0.0198561517095267,1.8920046125515613,6.7980495941659385
B,metis,0,0.5,200,2,scaled_maxk5_recal,10000,1006548,201.3096,70,0.6679144958809714,40,573,57,1027,0.7695082461169538,70,random,0.5,0.5,0.5,ok,503274,0.1220616516149689,0.5760677113016726,0.3730087016413952,70,0.0297758291236365,1.0811871370024164,0.1229483191775415,0.5831432705319883,0.3828615926414723,70,0.0295160973029972,-0.0014609982143594,-0.0001259191216893,0.0196532440022565,0.6755372490006266,0.6951904930028832,0.0008866675625726,0.0070755592303157,0.0098528910000771,-0.0002597318206392,1.5552386689470052,1.6004848564633534
B,metis,0,0.5,200,2,scaled_maxk5_recal,10000,1006548,201.3096,70,0.6679144958809714,40,573,57,1027,0.7695082461169538,70,random,0.2,0.2,0.2,ok,201310,0.1220616516149689,0.5760677113016726,0.3730087016413952,70,0.0297758291236365,1.0811871370024164,0.1133551039211529,0.4942994395257823,0.3289736554427866,70,0.0281567043526049,0.000113431098185,9.234730796269089e-05,0.0172660690004704,0.351525316000334,0.3687913850008044,-0.008706547693816,-0.0817682717758901,-0.0440350461986085,-0.0016191247710316,2.931703887280496,3.0757020555566164
B,metis,0,0.5,200,2,scaled_maxk5_recal,10000,1006548,201.3096,70,0.6679144958809714,40,573,57,1027,0.7695082461169538,70,random,0.15,0.15,0.15,ok,150982,0.1220616516149689,0.5760677113016726,0.3730087016413952,70,0.0297758291236365,1.0811871370024164,0.0997037128498167,0.4217712112011675,0.2805922397575969,70,0.0261725046566048,2.656315276204182e-05,8.696876707070834e-05,0.0186250970000401,0.2897823720049928,0.3084074690050329,-0.0223579387651521,-0.154296500100505,-0.0924164618837983,-0.0036033244670317,3.5057099638036733,3.731031427211136
B,metis,0,0.5,200,2,scaled_maxk5_recal,10000,1006548,201.3096,70,0.6679144958809714,40,573,57,1027,0.7695082461169538,70,random,0.05,0.05,0.05,ok,50327,0.1220616516149689,0.5760677113016726,0.3730087016413952,70,0.0297758291236365,1.0811871370024164,0.0333274637512463,0.1407667057059185,0.0665588846571193,70,0.0156204993518133,-0.0015402722361851,-0.0001522896589791,0.0157798559957882,0.1800663339963648,0.195846189992153,-0.0887341878637225,-0.435301005595754,-0.3064498169842758,-0.0141553297718232,5.520593160611069,6.004382457323995
B,eigen_proxy,1,0.5,200,2,scaled_maxk5_recal,10000,1006548,201.3096,70,0.6679144958809714,40,573,57,1027,0.7695082461169538,70,lspar,0.5,0.49651,0.824219,ok,499763,0.1597808771543247,0.1792796937553464,0.0865931522183821,5,0.3610078946505187,3.643628714999068,0.1776362812431437,0.3177738004164142,0.1526131770794184,49,2.3682465623325624,-0.0005752035780434,-0.0002346881373322,7.219419568995363,3.288750487998186,10.50817005699355,0.017855404088819,0.1384941066610677,0.0660200248610363,2.0072386676820435,0.346742458033795,1.1079067044751365
B,eigen_proxy,1,0.5,200,2,scaled_maxk5_recal,10000,1006548,201.3096,70,0.6679144958809714,40,573,57,1027,0.7695082461169538,70,lspar,0.2,0.19758,0.609375,ok,198875,0.1597808771543247,0.1792796937553464,0.0865931522183821,5,0.3610078946505187,3.643628714999068,0.2769133540309613,0.6916358768433235,0.3999440497048184,37,1.3817047369101696,0.0003114056749255,0.0005127990028194,5.865184144997329,1.892104513994127,7.757288658991456,0.1171324768766366,0.512356183087977,0.3133508974864363,1.020696842259651,0.4697038972213243,1.9257016132304288
B,eigen_proxy,1,0.5,200,2,scaled_maxk5_recal,10000,1006548,201.3096,70,0.6679144958809714,40,573,57,1027,0.7695082461169538,70,lspar,0.15,0.14916,0.546875,ok,150133,0.1597808771543247,0.1792796937553464,0.0865931522183821,5,0.3610078946505187,3.643628714999068,0.2672964686000676,0.5410780923572449,0.207132991538641,17,1.3142785169057587,0.0002793999593321,-0.0002034588741651,5.8336047749980935,1.3993457370015676,7.232950511999661,0.1075155914457429,0.3617983986018985,0.1205398393202588,0.95327062225524,0.5037541331098822,2.6038087790987325
B,eigen_proxy,1,0.5,200,2,scaled_maxk5_recal,10000,1006548,201.3096,70,0.6679144958809714,40,573,57,1027,0.7695082461169538,70,lspar,0.05,0.04988,0.3125,ok,50207,0.1597808771543247,0.1792796937553464,0.0865931522183821,5,0.3610078946505187,3.643628714999068,0.2697133299063209,0.7200507732717794,0.5969838225444726,44,0.9798216164180092,-0.000439577950887,0.0003767377265015,5.515785541996593,2.2563739550023456,7.772159496998938,0.1099324527519962,0.5407710795164329,0.5103906703260904,0.6188137217674905,0.4688051906816864,1.6148159780523967
B,eigen_proxy,1,0.5,200,2,scaled_maxk5_recal,10000,1006548,201.3096,70,0.6679144958809714,40,573,57,1027,0.7695082461169538,70,dspar,0.5,0.49991,0.5,ok,503187,0.1597808771543247,0.1792796937553464,0.0865931522183821,5,0.3610078946505187,3.643628714999068,0.1085032865765927,0.1159651236369967,0.0426725250521783,4,0.401585059483044,-0.0004615447914685,0.0001383479311208,0.5375966030042036,1.6849898400032544,2.222586443007458,-0.0512775905777319,-0.0633145701183496,-0.0439206271662038,0.0405771648325253,1.6393642310122023,2.162403967368747
B,eigen_proxy,1,0.5,200,2,scaled_maxk5_recal,10000,1006548,201.3096,70,0.6679144958809714,40,573,57,1027,0.7695082461169538,70,dspar,0.2,0.20004,0.2,ok,201348,0.1597808771543247,0.1792796937553464,0.0865931522183821,5,0.3610078946505187,3.643628714999068,0.0612189442495438,0.0800386557683383,0.0209017873547116,6,0.7367865362504935,0.0011462930217926,-0.0002039441414422,0.4185758380044717,1.0698385350042372,1.488414373008709,-0.0985619329047809,-0.099241037987008,-0.0656913648636704,0.3757786415999748,2.447993503068482,3.4057744190198167
B,eigen_proxy,1,0.5,200,2,scaled_maxk5_recal,10000,1006548,201.3096,70,0.6679144958809714,40,573,57,1027,0.7695082461169538,70,dspar,0.15,0.14956,0.15,ok,150535,0.1597808771543247,0.1792796937553464,0.0865931522183821,5,0.3610078946505187,3.643628714999068,0.0702017886382624,0.0661062033851303,0.0228258677970082,3,0.3305323282222179,-0.0001145271457314,-8.851730164766403e-05,0.422647611994762,0.4694244820057065,0.8920720940004685,-0.0895790885160622,-0.113173490370216,-0.0637672844213739,-0.0304755664283007,4.084455437518881,7.761906024651638
B,eigen_proxy,1,0.5,200,2,scaled_maxk5_recal,10000,1006548,201.3096,70,0.6679144958809714,40,573,57,1027,0.7695082461169538,70,dspar,0.05,0.04985,0.05,ok,50181,0.1597808771543247,0.1792796937553464,0.0865931522183821,5,0.3610078946505187,3.643628714999068,0.0298384839665644,0.0388721856722999,0.0136790013335821,49,2.7370132188208367,-0.0018896123529598,0.000227736260034,0.4854717459966196,0.7353236560011283,1.2207954019977478,-0.1299423931877602,-0.1404075080830464,-0.0729141508847999,2.376005324170318,2.9846350248670004,4.955135993875161
B,eigen_proxy,1,0.5,200,2,scaled_maxk5_recal,10000,1006548,201.3096,70,0.6679144958809714,40,573,57,1027,0.7695082461169538,70,random,0.5,0.5,0.5,ok,503274,0.1597808771543247,0.1792796937553464,0.0865931522183821,5,0.3610078946505187,3.643628714999068,0.148444405165016,0.169914681126688,0.08054065190402,5,0.3673134900871461,0.0008512513817531,-0.0002507017336635,0.0247448500012978,2.0135839200011105,2.0383287700024084,-0.0113364719893086,-0.0093650126286583,-0.0060525003143621,0.0063055954366274,1.787556928313759,1.809524141907658
B,eigen_proxy,1,0.5,200,2,scaled_maxk5_recal,10000,1006548,201.3096,70,0.6679144958809714,40,573,57,1027,0.7695082461169538,70,random,0.2,0.2,0.2,ok,201310,0.1597808771543247,0.1792796937553464,0.0865931522183821,5,0.3610078946505187,3.643628714999068,0.1206184514025419,0.1216399306037376,0.0555213727370539,4,0.2557925722142846,0.0004725168867994,1.7893017503686916e-06,0.0177741890001925,0.8290420729972539,0.8468162619974464,-0.0391624257517827,-0.0576397631516088,-0.0310717794813282,-0.1052153224362341,4.30273824265559,4.394986495469618
B,eigen_proxy,1,0.5,200,2,scaled_maxk5_recal,10000,1006548,201.3096,70,0.6679144958809714,40,573,57,1027,0.7695082461169538,70,random,0.15,0.15,0.15,ok,150982,0.1597808771543247,0.1792796937553464,0.0865931522183821,5,0.3610078946505187,3.643628714999068,0.0952511593652869,0.1105567297094139,0.0419694321860416,5,0.4692594165277879,0.0004021677796687,0.0003857928241477,0.0167754770009196,0.6756151049994514,0.6923905820003711,-0.0645297177890377,-0.0687229640459324,-0.0446237200323405,0.1082515218772692,5.262389191476776,5.393053956367695
B,eigen_proxy,1,0.5,200,2,scaled_maxk5_recal,10000,1006548,201.3096,70,0.6679144958809714,40,573,57,1027,0.7695082461169538,70,random,0.05,0.05,0.05,ok,50327,0.1597808771543247,0.1792796937553464,0.0865931522183821,5,0.3610078946505187,3.643628714999068,0.066883430891233,0.0689253059403244,0.0319422681877667,33,2.6219173823749675,-0.0004039762525394,0.0005956743105744,0.0148335030025918,0.4508285090050776,0.4656620120076695,-0.0928974462630917,-0.110354387815022,-0.0546508840306153,2.2609094877244487,7.824620907532943,8.082072544702424
B,metis,0,0.5,200,3,scaled_maxk5_recal,10000,1003312,200.6624,57,0.6616745339435789,42,583,54,1027,0.762077181159811,57,lspar,0.5,0.50088,0.832031,ok,502537,0.131528727510115,0.5856437695472334,0.3971125891018233,57,0.0276579102609,1.0152276519947918,0.1416579538861317,0.6692651360153787,0.4522496559013387,57,0.0275546729249323,-0.0006680560591952,4.660971882257709e-05,7.5587535519953235,0.4010571849939879,7.959810736989311,0.0101292263760167,0.0836213664681453,0.0551370667995153,-0.0001032373359676,0.1275441948986324,2.531378790807627
B,metis,0,0.5,200,3,scaled_maxk5_recal,10000,1003312,200.6624,57,0.6616745339435789,42,583,54,1027,0.762077181159811,57,lspar,0.2,0.1964,0.609375,ok,197047,0.131528727510115,0.5856437695472334,0.3971125891018233,57,0.0276579102609,1.0152276519947918,0.1476884797270491,0.7063410366201218,0.48277677280614,57,0.0275546729249323,-0.0002343180970851,-0.0001113684800649,6.056296449991351,0.18398720100231,6.240283650993661,0.016159752216934,0.1206972670728884,0.0856641837043166,-0.0001032373359676,0.1626893437501248,5.517925412551089
B,metis,0,0.5,200,3,scaled_maxk5_recal,10000,1003312,200.6624,57,0.6616745339435789,42,583,54,1027,0.762077181159811,57,lspar,0.15,0.14876,0.546875,ok,149250,0.131528727510115,0.5856437695472334,0.3971125891018233,57,0.0276579102609,1.0152276519947918,0.1479628759276698,0.7302019947445969,0.5038806347578327,57,0.0274094874085598,-0.0018570300444922,-0.000106848485333,5.9670763649992296,0.1509061979959369,6.117982562995167,0.0164341484175547,0.1445582251973635,0.1067680456560093,-0.0002484228523402,0.1659415733113448,6.727541118106535
B,metis,0,0.5,200,3,scaled_maxk5_recal,10000,1003312,200.6624,57,0.6616745339435789,42,583,54,1027,0.762077181159811,57,lspar,0.05,0.0495,0.3125,ok,49666,0.131528727510115,0.5856437695472334,0.3971125891018233,57,0.0276579102609,1.0152276519947918,0.1420906714781738,0.7332648616242331,0.5012703111658281,57,0.0256476119746069,0.0006086403376589,8.796507742970677e-05,5.645969480996428,0.088416270999005,5.734385751995433,0.0105619439680587,0.1476210920769997,0.1041577220640047,-0.0020102982862931,0.1770420923708378,11.482362245363367
B,metis,0,0.5,200,3,scaled_maxk5_recal,10000,1003312,200.6624,57,0.6616745339435789,42,583,54,1027,0.762077181159811,57,dspar,0.5,0.49955,0.5,ok,501203,0.131528727510115,0.5856437695472334,0.3971125891018233,57,0.0276579102609,1.0152276519947918,0.139797004867819,0.6157412627798587,0.4285389726739516,57,0.0274718037267304,0.0017205430230641,0.0001717067331038,0.4276639110030373,0.5395701050001662,0.9672340160032036,0.0082682773577039,0.0300974932326253,0.0314263835721282,-0.0001861065341696,1.0496194666414929,1.8815491121297
B,metis,0,0.5,200,3,scaled_maxk5_recal,10000,1003312,200.6624,57,0.6616745339435789,42,583,54,1027,0.762077181159811,57,dspar,0.2,0.20018,0.2,ok,200847,0.131528727510115,0.5856437695472334,0.3971125891018233,57,0.0276579102609,1.0152276519947918,0.1277881940613776,0.5512005168560996,0.371821865847566,57,0.0249491482820556,5.945035635028375e-05,4.362559450343152e-05,0.5796814819987048,0.3526115460044821,0.9322930280031868,-0.0037405334487374,-0.0344432526911338,-0.0252907232542572,-0.0027087619788444,1.088957679077829,2.879167354270036
B,metis,0,0.5,200,3,scaled_maxk5_recal,10000,1003312,200.6624,57,0.6616745339435789,42,583,54,1027,0.762077181159811,57,dspar,0.15,0.14971,0.15,ok,150208,0.131528727510115,0.5856437695472334,0.3971125891018233,57,0.0276579102609,1.0152276519947918,0.1146181828783371,0.461499425054483,0.3048183652022801,57,0.0241598841056822,0.0012109804620972,8.182857131041917e-05,0.4276018029995612,0.2974135030017351,0.7250153060012963,-0.0169105446317778,-0.1241443444927504,-0.0922942238995432,-0.0034980261552177,1.4002844403301145,3.413522391378676
B,metis,0,0.5,200,3,scaled_maxk5_recal,10000,1003312,200.6624,57,0.6616745339435789,42,583,54,1027,0.762077181159811,57,dspar,0.05,0.05001,0.05,ok,50178,0.131528727510115,0.5856437695472334,0.3971125891018233,57,0.0276579102609,1.0152276519947918,0.0163344899255938,0.0526067141323328,0.0120470485898408,57,0.0086752521577185,0.0008128986337405,3.5159071641091226e-05,0.5595269859986729,0.156021895003505,0.715548881002178,-0.1151942375845212,-0.5330370554149007,-0.3850655405119824,-0.0189826581031815,1.4188096424284695,6.506956295922342
B,metis,0,0.5,200,3,scaled_maxk5_recal,10000,1003312,200.6624,57,0.6616745339435789,42,583,54,1027,0.762077181159811,57,random,0.5,0.5,0.5,ok,501656,0.131528727510115,0.5856437695472334,0.3971125891018233,57,0.0276579102609,1.0152276519947918,0.1320900820236268,0.5665772274986752,0.3859743891705913,57,0.027053650400639,0.0005358674954183,0.000142710410722,0.0224961920030182,0.5239188770065084,0.5464150690095266,0.0005613545135118,-0.0190665420485581,-0.011138199931232,-0.0006042598602609,1.857978869131612,1.937757344792484
B,metis,0,0.5,200,3,scaled_maxk5_recal,10000,1003312,200.6624,57,0.6616745339435789,42,583,54,1027,0.762077181159811,57,random,0.2,0.2,0.2,ok,200662,0.131528727510115,0.5856437695472334,0.3971125891018233,57,0.0276579102609,1.0152276519947918,0.1258791113943485,0.5320412478107066,0.3576774953761283,57,0.0256698266453047,-0.0008542812192747,-0.000140356087338,0.0187250209928606,0.3631001579997246,0.3818251789925853,-0.0056496161157665,-0.0536025217365268,-0.0394350937256949,-0.0019880836155952,2.6588808382762696,2.795998926542912
B,metis,0,0.5,200,3,scaled_maxk5_recal,10000,1003312,200.6624,57,0.6616745339435789,42,583,54,1027,0.762077181159811,57,random,0.15,0.15,0.15,ok,150497,0.131528727510115,0.5856437695472334,0.3971125891018233,57,0.0276579102609,1.0152276519947918,0.1115961026445435,0.4666815935327392,0.3170773070070443,57,0.0264140114333283,-0.000888732224874,-5.876664245430721e-05,0.0302609790014685,0.2830821290044696,0.3133431080059381,-0.0199326248655715,-0.1189621760144941,-0.080035282094779,-0.0012438988275717,3.2399871771730573,3.586336076972073
B,metis,0,0.5,200,3,scaled_maxk5_recal,10000,1003312,200.6624,57,0.6616745339435789,42,583,54,1027,0.762077181159811,57,random,0.05,0.05,0.05,ok,50166,0.131528727510115,0.5856437695472334,0.3971125891018233,57,0.0276579102609,1.0152276519947918,0.028931350834135,0.1199419769924394,0.0523254888448576,57,0.0110968463988648,0.0026466428324512,0.0004169573353817,0.0144797060056589,0.1594643670032383,0.1739440730088972,-0.10259737667598,-0.4657017925547939,-0.3447871002569657,-0.0165610638620351,5.836517648651719,6.366485949642752
B,eigen_proxy,1,0.5,200,3,scaled_maxk5_recal,10000,1003312,200.6624,57,0.6616745339435789,42,583,54,1027,0.762077181159811,57,lspar,0.5,0.50088,0.832031,ok,502537,0.1382228047195441,0.2006218207906717,0.0870995621663034,5,0.5591057145120233,3.6934483900040505,0.2126222955447098,0.426404815733884,0.2328394713018396,23,1.4232979168115156,7.501415794872349e-05,6.798362511744694e-05,7.363128088996746,3.703484137993655,11.0666122269904,0.0743994908251657,0.2257829949432122,0.1457399091355362,0.8641922022994923,0.333746978230256,0.9972901873976862
B,eigen_proxy,1,0.5,200,3,scaled_maxk5_recal,10000,1003312,200.6624,57,0.6616745339435789,42,583,54,1027,0.762077181159811,57,lspar,0.2,0.1964,0.609375,ok,197047,0.1382228047195441,0.2006218207906717,0.0870995621663034,5,0.5591057145120233,3.6934483900040505,0.2752952689673534,0.719025035760485,0.5167527156502223,35,1.1774908916845177,-0.0005270929151666,-0.0004419574471021,6.148083205996954,1.9950961810027368,8.143179386999691,0.1370724642478093,0.5184032149698133,0.4296531534839188,0.6183851771724942,0.4535634319809429,1.8512633251333883
B,eigen_proxy,1,0.5,200,3,scaled_maxk5_recal,10000,1003312,200.6624,57,0.6616745339435789,42,583,54,1027,0.762077181159811,57,lspar,0.15,0.14876,0.546875,ok,149250,0.1382228047195441,0.2006218207906717,0.0870995621663034,5,0.5591057145120233,3.6934483900040505,0.2693106971881455,0.7272779923011885,0.5239937501555342,36,1.1541062342782835,0.0009196281950523,3.721944585648515e-05,5.972607010000502,1.9484199470025487,7.92102695700305,0.1310878924686014,0.5266561715105168,0.4368941879892307,0.5950005197662602,0.4662840323676263,1.8956120807970864
B,eigen_proxy,1,0.5,200,3,scaled_maxk5_recal,10000,1003312,200.6624,57,0.6616745339435789,42,583,54,1027,0.762077181159811,57,lspar,0.05,0.0495,0.3125,ok,49666,0.1382228047195441,0.2006218207906717,0.0870995621663034,5,0.5591057145120233,3.6934483900040505,0.2744169665405301,0.6076209532206847,0.3011142531577449,13,0.8455850519019359,0.0007065019746585,0.0004765753474925,5.645335072993476,1.1708413870001095,6.816176459993585,0.136194161820986,0.4069991324300129,0.2140146909914415,0.2864793373899126,0.5418651368083165,3.154524968977463
B,eigen_proxy,1,0.5,200,3,scaled_maxk5_recal,10000,1003312,200.6624,57,0.6616745339435789,42,583,54,1027,0.762077181159811,57,dspar,0.5,0.49955,0.5,ok,501203,0.1382228047195441,0.2006218207906717,0.0870995621663034,5,0.5591057145120233,3.6934483900040505,0.0922814830653425,0.1373747449267028,0.0563027066220359,5,0.4535710528682359,0.0002790127910146,7.99722812884434e-07,0.4503932430015993,1.9164014750058411,2.3667947180074407,-0.0459413216542015,-0.0632470758639688,-0.0307968555442674,-0.1055346616437873,1.5605275615594978,1.9272832118816816
B,eigen_proxy,1,0.5,200,3,scaled_maxk5_recal,10000,1003312,200.6624,57,0.6616745339435789,42,583,54,1027,0.762077181159811,57,dspar,0.2,0.20018,0.2,ok,200847,0.1382228047195441,0.2006218207906717,0.0870995621663034,5,0.5591057145120233,3.6934483900040505,0.075281527506326,0.1090731694496431,0.0425643211409464,5,0.4301482302648704,-0.000580409916672,-5.571349999200013e-05,0.3993933629972162,1.129097115997865,1.5284904789950815,-0.062941277213218,-0.0915486513410285,-0.0445352410253569,-0.1289574842471528,2.416402614710651,3.2711520892867405
B,eigen_proxy,1,0.5,200,3,scaled_maxk5_recal,10000,1003312,200.6624,57,0.6616745339435789,42,583,54,1027,0.762077181159811,57,dspar,0.15,0.14971,0.15,ok,150208,0.1382228047195441,0.2006218207906717,0.0870995621663034,5,0.5591057145120233,3.6934483900040505,0.0582894403283424,0.0624479926115078,0.026359621343576,3,0.093589208779645,0.0003090113672334,-5.614925112846058e-05,0.3875473529988085,0.4990130090009188,0.8865603619997273,-0.0799333643912016,-0.1381738281791638,-0.0607399408227274,-0.4655165057323782,4.166042774203327,7.401507222023644
B,eigen_proxy,1,0.5,200,3,scaled_maxk5_recal,10000,1003312,200.6624,57,0.6616745339435789,42,583,54,1027,0.762077181159811,57,dspar,0.05,0.05001,0.05,ok,50178,0.1382228047195441,0.2006218207906717,0.0870995621663034,5,0.5591057145120233,3.6934483900040505,0.0301461528385764,0.0358948416051133,0.0206589032013687,13,1.13663094274263,-0.0001573528080019,-0.0003519521082027,0.3594740260014077,0.7949512519990094,1.1544252780004172,-0.1080766518809676,-0.1647269791855584,-0.0664406589649346,0.5775252282306067,3.1993828101213118,4.646131924085142
B,eigen_proxy,1,0.5,200,3,scaled_maxk5_recal,10000,1003312,200.6624,57,0.6616745339435789,42,583,54,1027,0.762077181159811,57,random,0.5,0.5,0.5,ok,501656,0.1382228047195441,0.2006218207906717,0.0870995621663034,5,0.5591057145120233,3.6934483900040505,0.1153918129351268,0.1755861972787534,0.0772484918952994,6,0.5318689688259693,-0.0001213762106963,-3.718670953456064e-05,0.0214405549995717,2.0831279619960696,2.1045685169956414,-0.0228309917844172,-0.0250356235119182,-0.009851070271004,-0.0272367456860539,1.7549670443975856,1.7730300093830813
B,eigen_proxy,1,0.5,200,3,scaled_maxk5_recal,10000,1003312,200.6624,57,0.6616745339435789,42,583,54,1027,0.762077181159811,57,random,0.2,0.2,0.2,ok,200662,0.1382228047195441,0.2006218207906717,0.0870995621663034,5,0.5591057145120233,3.6934483900040505,0.0976262618112132,0.1348450202131554,0.0586659042463725,5,0.3849683103841146,9.285351672667498e-05,0.0004012569168172,0.0182723769976291,0.8874700699961977,0.9057424469938268,-0.0405965429083308,-0.0657768005775163,-0.0284336579199308,-0.1741374041279086,4.077813071765227,4.161772340130721
B,eigen_proxy,1,0.5,200,3,scaled_maxk5_recal,10000,1003312,200.6624,57,0.6616745339435789,42,583,54,1027,0.762077181159811,57,random,0.15,0.15,0.15,ok,150497,0.1382228047195441,0.2006218207906717,0.0870995621663034,5,0.5591057145120233,3.6934483900040505,0.0852621373842515,0.1317183329062241,0.0550990579066974,6,0.4972574785762402,-5.310790816709668e-05,-0.000337676161914,0.0172153719977359,0.8639142579995678,0.8811296299973037,-0.0529606673352925,-0.0689034878844475,-0.032000504259606,-0.061848235935783,4.191719656522449,4.275248794430591
B,eigen_proxy,1,0.5,200,3,scaled_maxk5_recal,10000,1003312,200.6624,57,0.6616745339435789,42,583,54,1027,0.762077181159811,57,random,0.05,0.05,0.05,ok,50166,0.1382228047195441,0.2006218207906717,0.0870995621663034,5,0.5591057145120233,3.6934483900040505,0.0459374526086997,0.0638741698564939,0.031535374646303,27,2.0139206439182256,0.0009399094663439,-0.0004705260898236,0.0153315029965597,0.5776492560034967,0.5929807590000564,-0.0922853521108443,-0.1367476509341778,-0.0555641875200003,1.4548149294062025,6.228614223895415,6.39392910424123
B,metis,0,0.8,10,1,maxdeg_cap85,10000,66643,13.3286,84,0.8632114400612217,20,440,2,2006,3.3369421557105934,84,lspar,0.5,0.49576,0.53125,ok,33039,0.1886122292003761,0.0329432568378764,0.0061608135902349,84,0.0126933053220979,0.2181782350016874,0.1723970913835389,0.0510915159073385,0.0135571427201888,84,0.0143108350559986,0.0012197788076052,0.0001442622286439,0.143241001998831,0.1623634210045565,0.3056044230033876,-0.0162151378168371,0.0181482590694621,0.0073963291299538,0.0016175297339007,0.7139236823128994,1.3437647079114232
B,metis,0,0.8,10,1,maxdeg_cap85,10000,66643,13.3286,84,0.8632114400612217,20,440,2,2006,3.3369421557105934,84,lspar,0.2,0.25869,0.0625,ok,17240,0.1886122292003761,0.0329432568378764,0.0061608135902349,84,0.0126933053220979,0.2181782350016874,0.1559210955403776,0.0400718161036932,0.0084170390612257,84,0.0141929559993681,-0.0001299771163166,-5.301959800304057e-05,0.2801097759947879,0.0917099649959709,0.3718197409907589,-0.0326911336599984,0.0071285592658168,0.0022562254709907,0.0014996506772701,0.5867849684912506,2.3790024891108894
B,metis,0,0.8,10,1,maxdeg_cap85,10000,66643,13.3286,84,0.8632114400612217,20,440,2,2006,3.3369421557105934,84,lspar,0.15,0.12824,0.0,ok,8546,0.1886122292003761,0.0329432568378764,0.0061608135902349,84,0.0126933053220979,0.2181782350016874,0.1266684824216238,0.0243174281621085,0.0040878614729594,84,0.0105223571503727,-0.0017417819987505,-2.5583340354207144e-05,0.2568143419994158,0.0141780169942649,0.2709923589936807,-0.0619437467787523,-0.0086258286757678,-0.0020729521172755,-0.0021709481717252,0.8051084385252912,15.3884873385285
B,metis,0,0.8,10,1,maxdeg_cap85,10000,66643,13.3286,84,0.8632114400612217,20,440,2,2006,3.3369421557105934,84,lspar,0.05,0.12824,0.0,floor,8546,0.1886122292003761,0.0329432568378764,0.0061608135902349,84,0.0126933053220979,0.2181782350016874,0.1266684824216238,0.0243174281621085,0.0040878614729594,84,0.0105223571503727,0.000377070544202,2.1684051927478235e-05,0.1041854659997625,0.0180680850025964,0.122253551002359,-0.0619437467787523,-0.0086258286757678,-0.0020729521172755,-0.0021709481717252,1.784637200415368,12.075338087591128
B,metis,0,0.8,10,1,maxdeg_cap85,10000,66643,13.3286,84,0.8632114400612217,20,440,2,2006,3.3369421557105934,84,dspar,0.5,0.49924,0.5,ok,33271,0.1886122292003761,0.0329432568378764,0.0061608135902349,84,0.0126933053220979,0.2181782350016874,0.1652143552961211,0.0206767270369963,0.0033867886749358,84,0.0141336477952438,-0.0002294474447333,2.0269320358403693e-05,0.013159303998691,0.1585815549988183,0.1717408589975093,-0.0233978739042549,-0.01226652980088,-0.0027740249152991,0.0014403424731458,1.2703921261093234,1.375810919519065
B,metis,0,0.8,10,1,maxdeg_cap85,10000,66643,13.3286,84,0.8632114400612217,20,440,2,2006,3.3369421557105934,84,dspar,0.2,0.2011,0.2,ok,13402,0.1886122292003761,0.0329432568378764,0.0061608135902349,84,0.0126933053220979,0.2181782350016874,0.1277478068059148,0.019645399887338,0.0031370623277057,84,0.0149425566754822,0.00094415211478,0.0001770537707565,0.0133824810036458,0.0817100490021403,0.0950925300057861,-0.0608644223944612,-0.0132978569505383,-0.0030237512625292,0.0022492513533843,2.294378275437744,2.6701518071048094
B,metis,0,0.8,10,1,maxdeg_cap85,10000,66643,13.3286,84,0.8632114400612217,20,440,2,2006,3.3369421557105934,84,dspar,0.15,0.15077,0.15,ok,10048,0.1886122292003761,0.0329432568378764,0.0061608135902349,84,0.0126933053220979,0.2181782350016874,0.1101860264050536,0.0157600949648985,0.0023146128021601,84,0.0149986666074021,-0.0010531664244792,-0.0001467422261087,0.0127532729966333,0.0619684330013114,0.0747217059979448,-0.0784262027953224,-0.0171831618729778,-0.0038462007880748,0.0023053612853041,2.9198775922981244,3.520796386719508
B,metis,0,0.8,10,1,maxdeg_cap85,10000,66643,13.3286,84,0.8632114400612217,20,440,2,2006,3.3369421557105934,84,dspar,0.05,0.04994,0.05,ok,3328,0.1886122292003761,0.0329432568378764,0.0061608135902349,84,0.0126933053220979,0.2181782350016874,0.0461762465281735,0.0094040614680603,0.0010388154974661,84,0.0280071419462964,0.0002842346591831,0.0001078584785053,0.0128195950019289,0.0197716709953965,0.0325912659973255,-0.1424359826722025,-0.023539195369816,-0.0051219980927688,0.0153138366241985,6.69437741447636,11.034891034373668
B,metis,0,0.8,10,1,maxdeg_cap85,10000,66643,13.3286,84,0.8632114400612217,20,440,2,2006,3.3369421557105934,84,random,0.5,0.50001,0.5,ok,33322,0.1886122292003761,0.0329432568378764,0.0061608135902349,84,0.0126933053220979,0.2181782350016874,0.1582982782530191,0.0239618999831286,0.004474708173974,84,0.0148862352527427,-0.0014946361577177,-6.870073703432646e-05,0.001268029998755,0.1607178699996438,0.1619858999983989,-0.0303139509473569,-0.0089813568547477,-0.0016861054162609,0.0021929299306447,1.346896458295715,1.3575231864519537
B,metis,0,0.8,10,1,maxdeg_cap85,10000,66643,13.3286,84,0.8632114400612217,20,440,2,2006,3.3369421557105934,84,random,0.2,0.20001,0.2,ok,13329,0.1886122292003761,0.0329432568378764,0.0061608135902349,84,0.0126933053220979,0.2181782350016874,0.1178120888107871,0.0182940771244168,0.0028575162306568,84,0.0162357629940819,-0.0015625246472673,-0.0002537001406929,0.001003067001875,0.0909224939969135,0.0919255609987885,-0.070800140389589,-0.0146491797134595,-0.0033032973595781,0.0035424576719839,2.373422937332552,2.399606801470863
B,metis,0,0.8,10,1,maxdeg_cap85,10000,66643,13.3286,84,0.8632114400612217,20,440,2,2006,3.3369421557105934,84,random,0.15,0.14999,0.15,ok,9996,0.1886122292003761,0.0329432568378764,0.0061608135902349,84,0.0126933053220979,0.2181782350016874,0.1008372614851386,0.016927404971053,0.0027149346747689,84,0.0154945151585972,2.4928324587473177e-05,5.9804253221941454e-05,0.0009932780012604,0.0655248440016293,0.0665181220028898,-0.0877749677152374,-0.0160158518668233,-0.003445878915466,0.0028012098364993,3.2799818821133995,3.329702471268181
B,metis,0,0.8,10,1,maxdeg_cap85,10000,66643,13.3286,84,0.8632114400612217,20,440,2,2006,3.3369421557105934,84,random,0.05,0.05,0.05,ok,3332,0.1886122292003761,0.0329432568378764,0.0061608135902349,84,0.0126933053220979,0.2181782350016874,0.0430489932474563,0.005656559065233,0.0008637899619251,84,0.020734512292311,0.0029530237639089,0.0002174776510452,0.0008791360014583,0.0233052559997304,0.0241843920011888,-0.1455632359529197,-0.0272866977726434,-0.0052970236283098,0.0080412069702131,9.021448006258025,9.361760926557126
B,metis,0,0.8,10,2,maxdeg_cap85,10000,64016,12.8032,117,0.8630967258185454,20,483,2,1378,3.269401149914381,117,lspar,0.5,0.49238,0.52832,ok,31520,0.1892285227155704,0.0358573922321936,0.0052717279470179,117,0.0169357609808357,0.2629455950009287,0.1750815491129247,0.0593212409852679,0.0127314883555499,117,0.017479702514631,0.0013093258944999,9.184458079338804e-05,0.3593441679986426,0.1540731619970756,0.5134173299957183,-0.0141469736026456,0.0234638487530742,0.007459760408532,0.0005439415337952,0.5121478758870909,1.7066281472559088
B,metis,0,0.8,10,2,maxdeg_cap85,10000,64016,12.8032,117,0.8630967258185454,20,483,2,1378,3.269401149914381,117,lspar,0.2,0.13456,0.0,ok,8614,0.1892285227155704,0.0358573922321936,0.0052717279470179,117,0.0169357609808357,0.2629455950009287,0.1348751802009039,0.0373157304760413,0.005874940574978,117,0.015865686244219,0.001060658277667,6.022884567265462e-05,0.2679017929986003,0.0163390629968489,0.2842408559954492,-0.0543533425146665,0.0014583382438476,0.0006032126279601,-0.0010700747366167,0.9250802249383128,16.093064519773183
B,metis,0,0.8,10,2,maxdeg_cap85,10000,64016,12.8032,117,0.8630967258185454,20,483,2,1378,3.269401149914381,117,lspar,0.15,0.13456,0.0,ok,8614,0.1892285227155704,0.0358573922321936,0.0052717279470179,117,0.0169357609808357,0.2629455950009287,0.1348751802009039,0.0373157304760413,0.005874940574978,117,0.015865686244219,-0.0005593038273348,1.7700058749613637e-05,0.2662950279918732,0.0160361449961783,0.2823311729880515,-0.0543533425146665,0.0014583382438476,0.0006032126279601,-0.0010700747366167,0.9313374510439084,16.39705771328413
B,metis,0,0.8,10,2,maxdeg_cap85,10000,64016,12.8032,117,0.8630967258185454,20,483,2,1378,3.269401149914381,117,lspar,0.05,0.13456,0.0,floor,8614,0.1892285227155704,0.0358573922321936,0.0052717279470179,117,0.0169357609808357,0.2629455950009287,0.1348751802009039,0.0373157304760413,0.005874940574978,117,0.015865686244219,0.0013027845720709,0.0001599515184577,0.118451409995032,0.0161162240037811,0.1345676339988131,-0.0543533425146665,0.0014583382438476,0.0006032126279601,-0.0010700747366167,1.9540032561117031,16.315583286707724
B,metis,0,0.8,10,2,maxdeg_cap85,10000,64016,12.8032,117,0.8630967258185454,20,483,2,1378,3.269401149914381,117,dspar,0.5,0.50072,0.5,ok,32054,0.1892285227155704,0.0358573922321936,0.0052717279470179,117,0.0169357609808357,0.2629455950009287,0.1657242028581912,0.0244764262076719,0.0032137810402785,117,0.0179421291936046,-0.0003064568714791,-1.8338390227822203e-05,0.0120330239951726,0.1666286469990154,0.1786616709941881,-0.0235043198573792,-0.0113809660245217,-0.0020579469067393,0.0010063682127688,1.4717515712112774,1.5780335478717675
B,metis,0,0.8,10,2,maxdeg_cap85,10000,64016,12.8032,117,0.8630967258185454,20,483,2,1378,3.269401149914381,117,dspar,0.2,0.20101,0.2,ok,12868,0.1892285227155704,0.0358573922321936,0.0052717279470179,117,0.0169357609808357,0.2629455950009287,0.1303543406834884,0.0202242962565766,0.0031701312581372,117,0.0202113829314077,-0.0016072204445208,-6.630316822154431e-05,0.0117544520035153,0.0903999440051848,0.1021543960087001,-0.058874182032082,-0.015633095975617,-0.0021015966888807,0.0032756219505719,2.5740017588526936,2.9086920118650488
B,metis,0,0.8,10,2,maxdeg_cap85,10000,64016,12.8032,117,0.8630967258185454,20,483,2,1378,3.269401149914381,117,dspar,0.15,0.14984,0.15,ok,9592,0.1892285227155704,0.0358573922321936,0.0052717279470179,117,0.0169357609808357,0.2629455950009287,0.1114029108445911,0.0198489004626897,0.0028088156156569,117,0.0212828569510768,0.0005833262735315,0.0001018025169057,0.0110300890009966,0.0658468600013293,0.076876949002326,-0.0778256118709793,-0.0160084917695039,-0.002462912331361,0.004347095970241,3.420343788525908,3.9932898090451134
B,metis,0,0.8,10,2,maxdeg_cap85,10000,64016,12.8032,117,0.8630967258185454,20,483,2,1378,3.269401149914381,117,dspar,0.05,0.05019,0.05,ok,3213,0.1892285227155704,0.0358573922321936,0.0052717279470179,117,0.0169357609808357,0.2629455950009287,0.046526428335938,0.0056428465004233,0.0006211151983804,117,0.0208944968831508,0.0008072763185224,2.72117766990738e-05,0.0113770919997477,0.023266768999747,0.0346438609994947,-0.1427020943796323,-0.0302145457317703,-0.0046506127486375,0.003958735902315,7.589962187088883,11.301336898294212
B,metis,0,0.8,10,2,maxdeg_cap85,10000,64016,12.8032,117,0.8630967258185454,20,483,2,1378,3.269401149914381,117,random,0.5,0.5,0.5,ok,32008,0.1892285227155704,0.0358573922321936,0.0052717279470179,117,0.0169357609808357,0.2629455950009287,0.1598949168157378,0.0344837297522356,0.0056521184702128,117,0.0187707218827619,-0.0006935197428867,-4.803264603654176e-05,0.0011886220017913,0.1620446490051108,0.1632332710069022,-0.0293336058998326,-0.001373662479958,0.0003803905231949,0.0018349609019262,1.6108578439858026,1.622673729835013
B,metis,0,0.8,10,2,maxdeg_cap85,10000,64016,12.8032,117,0.8630967258185454,20,483,2,1378,3.269401149914381,117,random,0.2,0.2,0.2,ok,12803,0.1892285227155704,0.0358573922321936,0.0052717279470179,117,0.0169357609808357,0.2629455950009287,0.1183089914302853,0.0256032586399385,0.0038810159124217,117,0.0208384260442097,-0.0014626836586334,-4.314872232255228e-05,0.0010428669993416,0.0919516099966131,0.0929944769959547,-0.070919531285285,-0.0102541335922551,-0.0013907120345962,0.0039026650633739,2.827539908766483,2.8596083854389707
B,metis,0,0.8,10,2,maxdeg_cap85,10000,64016,12.8032,117,0.8630967258185454,20,483,2,1378,3.269401149914381,117,random,0.15,0.14999,0.15,ok,9602,0.1892285227155704,0.0358573922321936,0.0052717279470179,117,0.0169357609808357,0.2629455950009287,0.1024609561112986,0.0207193706975183,0.0030758857540158,117,0.0209504176569346,0.0007433889756331,0.0001210350111769,0.0009677679991,0.0725865210042684,0.0735542890033684,-0.0867675666042718,-0.0151380215346753,-0.0021958421930021,0.0040146566760988,3.574850611211631,3.622512711216264
B,metis,0,0.8,10,2,maxdeg_cap85,10000,64016,12.8032,117,0.8630967258185454,20,483,2,1378,3.269401149914381,117,random,0.05,0.05,0.05,ok,3201,0.1892285227155704,0.0358573922321936,0.0052717279470179,117,0.0169357609808357,0.2629455950009287,0.0434879548426674,0.0073423467791102,0.0010964346025818,117,0.0232280003444119,0.0007974621371776,5.383649849738976e-05,0.000912462004635,0.0290570470024249,0.0299695090070599,-0.145740567872903,-0.0285150454530834,-0.0041752933444361,0.0062922393635761,8.773770532543132,9.04928828380202
B,eigen_proxy,1,0.8,10,2,maxdeg_cap85,10000,64016,12.8032,117,0.8630967258185454,20,483,2,1378,3.269401149914381,117,lspar,0.5,0.49238,0.52832,ok,31520,0.1425957421668779,0.0322079931713129,0.00785540319649,16,1.466590713184834,0.8268710219999775,0.1323727145491181,0.0352336388248567,0.0060095152638903,83,4.2731220811018265,0.0003273542681977,-0.0005734000417672,0.3583231879965751,1.667403886996908,2.0257270749934837,-0.0102230276177597,0.0030256456535438,-0.0018458879325997,2.8065313679169925,0.4081848103859882,0.495903259221268
B,eigen_proxy,1,0.8,10,2,maxdeg_cap85,10000,64016,12.8032,117,0.8630967258185454,20,483,2,1378,3.269401149914381,117,lspar,0.2,0.13456,0.0,ok,8614,0.1425957421668779,0.0322079931713129,0.00785540319649,16,1.466590713184834,0.8268710219999775,0.1323486583414216,0.0489218965962007,0.008759542994805,1386,4.218079169479871,0.0020470015346707,0.0003540192506111,0.2676541119944886,0.002226211996458,0.2698803239909466,-0.0102470838254562,0.0167139034248878,0.0009041397983149,2.751488456295037,3.0638432982899326,371.4251038605323
B,eigen_proxy,1,0.8,10,2,maxdeg_cap85,10000,64016,12.8032,117,0.8630967258185454,20,483,2,1378,3.269401149914381,117,lspar,0.15,0.13456,0.0,ok,8614,0.1425957421668779,0.0322079931713129,0.00785540319649,16,1.466590713184834,0.8268710219999775,0.1323486583414216,0.0489218965962007,0.008759542994805,1386,4.218079169479871,-0.0007138385431761,-0.0006268744603439,0.2677153479962726,0.0021576879953499,0.2698730359916226,-0.0102470838254562,0.0167139034248878,0.0009041397983149,2.751488456295037,3.063926038263583,383.2208473986781
B,eigen_proxy,1,0.8,10,2,maxdeg_cap85,10000,64016,12.8032,117,0.8630967258185454,20,483,2,1378,3.269401149914381,117,lspar,0.05,0.13456,0.0,floor,8614,0.1425957421668779,0.0322079931713129,0.00785540319649,16,1.466590713184834,0.8268710219999775,0.1323486583414216,0.0489218965962007,0.008759542994805,1386,4.218079169479871,-0.0001263671681347,0.0006693510280845,0.1180186329947901,0.0024867620013537,0.1205053949961438,-0.0102470838254562,0.0167139034248878,0.0009041397983149,2.751488456295037,6.861692972554772,332.509110863779
B,eigen_proxy,1,0.8,10,2,maxdeg_cap85,10000,64016,12.8032,117,0.8630967258185454,20,483,2,1378,3.269401149914381,117,dspar,0.5,0.50072,0.5,ok,32054,0.1425957421668779,0.0322079931713129,0.00785540319649,16,1.466590713184834,0.8268710219999775,0.1379329743549023,0.0127638879800624,0.0036218839937242,78,2.9574771275531444,-0.0001299339260648,0.0004830775645242,0.0111503559965058,2.0412069680023706,2.0523573239988764,-0.0046627678119756,-0.0194441051912504,-0.0042335192027657,1.4908864143683105,0.4028884309428518,0.4050892608941051
B,eigen_proxy,1,0.8,10,2,maxdeg_cap85,10000,64016,12.8032,117,0.8630967258185454,20,483,2,1378,3.269401149914381,117,dspar,0.2,0.20101,0.2,ok,12868,0.1425957421668779,0.0322079931713129,0.00785540319649,16,1.466590713184834,0.8268710219999775,0.0006314926858682,0.0008129880932062,0.0002373821036408,1360,31.364092743135437,0.002689851509544,0.0004086504310529,0.0103850829982548,0.0020371179998619,0.0124222009981167,-0.1419642494810096,-0.0313950050781066,-0.0076180210928492,29.8975020299506,66.56397059791047,405.9023689624328
B,eigen_proxy,1,0.8,10,2,maxdeg_cap85,10000,64016,12.8032,117,0.8630967258185454,20,483,2,1378,3.269401149914381,117,dspar,0.15,0.14984,0.15,ok,9592,0.1425957421668779,0.0322079931713129,0.00785540319649,16,1.466590713184834,0.8268710219999775,0.0004008116540831,0.000843716939041,0.0002242380211585,2461,35.74506278355095,-0.0005602791555901,-0.000210044244448,0.0111100599970086,0.0022970749996602,0.0134071349966689,-0.1421949305127948,-0.0313642762322718,-0.0076311651753315,34.278472070366114,61.67395362285973,359.966924076173
B,eigen_proxy,1,0.8,10,2,maxdeg_cap85,10000,64016,12.8032,117,0.8630967258185454,20,483,2,1378,3.269401149914381,117,dspar,0.05,0.05019,0.05,ok,3213,0.1425957421668779,0.0322079931713129,0.00785540319649,16,1.466590713184834,0.8268710219999775,0.0163258374037075,0.008235277413289,0.0009237184352949,6812,11.894831344748022,-0.0022409689967371,-0.0008184399812781,0.0108718740011681,0.0140935359959257,0.0249654099970939,-0.1262699047631703,-0.0239727157580239,-0.006931684761195,10.428240631563188,33.120666638209734,58.670231674933326
B,eigen_proxy,1,0.8,10,2,maxdeg_cap85,10000,64016,12.8032,117,0.8630967258185454,20,483,2,1378,3.269401149914381,117,random,0.5,0.5,0.5,ok,32008,0.1425957421668779,0.0322079931713129,0.00785540319649,16,1.466590713184834,0.8268710219999775,4.587976720976714e-05,0.0016089782526828,0.0001738434939246,203,13.921296732704176,0.0002547183107384,-9.824902167923796e-06,0.0012495760020101,0.00240317099815,0.0036527470001601,-0.1425498623996681,-0.03059901491863,-0.0076815597025653,12.454706019519342,226.3696396064994,344.0749836930083
B,eigen_proxy,1,0.8,10,2,maxdeg_cap85,10000,64016,12.8032,117,0.8630967258185454,20,483,2,1378,3.269401149914381,117,random,0.2,0.2,0.2,ok,12803,0.1425957421668779,0.0322079931713129,0.00785540319649,16,1.466590713184834,0.8268710219999775,-0.0003495728723798,0.0052153275286996,0.0008236130262723,2060,35.497598087758,-0.0008256256459395,4.958253602835574e-05,0.0009798949977266,0.0026726159994723,0.0036525109971989,-0.1429453150392577,-0.0269926656426132,-0.0070317901702176,34.031007374573164,226.38426623056924,309.3863922700576
B,eigen_proxy,1,0.8,10,2,maxdeg_cap85,10000,64016,12.8032,117,0.8630967258185454,20,483,2,1378,3.269401149914381,117,random,0.15,0.14999,0.15,ok,9602,0.1425957421668779,0.0322079931713129,0.00785540319649,16,1.466590713184834,0.8268710219999775,-0.0029674357743829,0.0060596399001373,0.0009179662606445,3057,37.14863013652051,0.0007133497426717,0.0001125095540061,0.0009306139982072,0.0027538029971765,0.0036844169953837,-0.1455631779412608,-0.0261483532711755,-0.0069374369358454,35.682039423335674,224.42384318494976,300.2651325631374
B,eigen_proxy,1,0.8,10,2,maxdeg_cap85,10000,64016,12.8032,117,0.8630967258185454,20,483,2,1378,3.269401149914381,117,random,0.05,0.05,0.05,ok,3201,0.1425957421668779,0.0322079931713129,0.00785540319649,16,1.466590713184834,0.8268710219999775,-0.0113344740223564,0.0101123859710095,0.0028617431374102,6892,18.175460742440624,0.0007006907538335,0.0003516918194665,0.0008468279993394,0.0023950359973241,0.0032418639966635,-0.1539302161892343,-0.0220956072003033,-0.0049936600590797,16.70887002925579,255.06036738461637,345.24367187958563
B,metis,0,0.8,10,3,maxdeg_cap85,10000,61764,12.3528,91,0.8663137102519267,20,492,2,2017,3.2926586059532683,91,lspar,0.5,0.50204,0.515625,ok,31008,0.201311349399561,0.0281310989463998,0.0044209368031903,91,0.0122498979587586,0.2592015260015614,0.1825576824365615,0.0367647718280251,0.0074219251086176,91,0.0148060798322851,-0.0017243346291377,-2.8968589910935477e-05,0.1233232459999271,0.154191688998253,0.2775149349981802,-0.0187536669629995,0.0086336728816253,0.0030009883054272,0.0025561818735264,0.9340092849534786,1.681034352016846
B,metis,0,0.8,10,3,maxdeg_cap85,10000,61764,12.3528,91,0.8663137102519267,20,492,2,2017,3.2926586059532683,91,lspar,0.2,0.13919,0.0,ok,8597,0.201311349399561,0.0281310989463998,0.0044209368031903,91,0.0122498979587586,0.2592015260015614,0.1380309965684689,0.0216082535662711,0.0037416725505471,91,0.018021653642216,-0.0021906956135708,-0.0003268568857898,0.2293769710013293,0.0179084529954707,0.2472854239968001,-0.0632803528310921,-0.0065228453801287,-0.0006792642526431,0.0057717556834574,1.0481876441084357,14.47369720137841
B,metis,0,0.8,10,3,maxdeg_cap85,10000,61764,12.3528,91,0.8663137102519267,20,492,2,2017,3.2926586059532683,91,lspar,0.15,0.13919,0.0,ok,8597,0.201311349399561,0.0281310989463998,0.0044209368031903,91,0.0122498979587586,0.2592015260015614,0.1380309965684689,0.0216082535662711,0.0037416725505471,91,0.018021653642216,0.0006595236506587,3.0733593249016025e-05,0.2265927749976981,0.0137660580003284,0.2403588329980266,-0.0632803528310921,-0.0065228453801287,-0.0006792642526431,0.0057717556834574,1.0783940110230503,18.82903050353096
B,metis,0,0.8,10,3,maxdeg_cap85,10000,61764,12.3528,91,0.8663137102519267,20,492,2,2017,3.2926586059532683,91,lspar,0.05,0.13919,0.0,floor,8597,0.201311349399561,0.0281310989463998,0.0044209368031903,91,0.0122498979587586,0.2592015260015614,0.1380309965684689,0.0216082535662711,0.0037416725505471,91,0.018021653642216,0.0012234540206036,0.0001245073202696,0.0819633870050893,0.015013860000181,0.0969772470052703,-0.0632803528310921,-0.0065228453801287,-0.0006792642526431,0.0057717556834574,2.672807632778799,17.26414965894423
B,metis,0,0.8,10,3,maxdeg_cap85,10000,61764,12.3528,91,0.8663137102519267,20,492,2,2017,3.2926586059532683,91,dspar,0.5,0.49963,0.5,ok,30859,0.201311349399561,0.0281310989463998,0.0044209368031903,91,0.0122498979587586,0.2592015260015614,0.1759598115681751,0.0192325664972024,0.0027640201918078,91,0.0154673850407882,0.0019080254498176,7.70147889748183e-05,0.011595969001064,0.1501841749995947,0.1617801440006587,-0.0253515378313858,-0.0088985324491973,-0.0016569166113825,0.0032174870820295,1.6021838007543494,1.7258910667669278
B,metis,0,0.8,10,3,maxdeg_cap85,10000,61764,12.3528,91,0.8663137102519267,20,492,2,2017,3.2926586059532683,91,dspar,0.2,0.19725,0.2,ok,12183,0.201311349399561,0.0281310989463998,0.0044209368031903,91,0.0122498979587586,0.2592015260015614,0.1331744222188324,0.0145551104609212,0.0024047147415692,91,0.0163816971037801,-0.0004528348957531,7.533216677203469e-05,0.0117981790026533,0.0716884209978161,0.0834866000004694,-0.0681369271807285,-0.0135759884854785,-0.002016222061621,0.0041317991450215,3.104708132803394,3.615667947400565
B,metis,0,0.8,10,3,maxdeg_cap85,10000,61764,12.3528,91,0.8663137102519267,20,492,2,2017,3.2926586059532683,91,dspar,0.15,0.14761,0.15,ok,9117,0.201311349399561,0.0281310989463998,0.0044209368031903,91,0.0122498979587586,0.2592015260015614,0.1136720286600938,0.0110264055351186,0.0017215156004087,91,0.0195708967602407,-0.000881294843884,-4.639789164450662e-05,0.0114230980034335,0.0524684470001375,0.063891545003571,-0.0876393207394672,-0.0171046934112811,-0.0026994212027816,0.007320998801482,4.056898702122071,4.94014099561365
B,metis,0,0.8,10,3,maxdeg_cap85,10000,61764,12.3528,91,0.8663137102519267,20,492,2,2017,3.2926586059532683,91,dspar,0.05,0.05085,0.05,ok,3141,0.201311349399561,0.0281310989463998,0.0044209368031903,91,0.0122498979587586,0.2592015260015614,0.0460966089405055,0.0063227804694728,0.0008106838977333,91,0.0184705170474461,-0.0008870082058657,-0.0001783110188087,0.0102239079933497,0.0164252410031622,0.0266491489965119,-0.1552147404590554,-0.021808318476927,-0.0036102529054569,0.0062206190886875,9.726446650716234,15.780683275920232
B,metis,0,0.8,10,3,maxdeg_cap85,10000,61764,12.3528,91,0.8663137102519267,20,492,2,2017,3.2926586059532683,91,random,0.5,0.5,0.5,ok,30882,0.201311349399561,0.0281310989463998,0.0044209368031903,91,0.0122498979587586,0.2592015260015614,0.1688664243910003,0.0212463279515858,0.0033977453784378,91,0.0158738779130998,0.0017438461452982,0.0001343415930785,0.0011581169965211,0.1525679089972982,0.1537260259938193,-0.0324449250085606,-0.006884770994814,-0.0010231914247525,0.0036239799543411,1.686126498918165,1.6989255978211746
B,metis,0,0.8,10,3,maxdeg_cap85,10000,61764,12.3528,91,0.8663137102519267,20,492,2,2017,3.2926586059532683,91,random,0.2,0.2,0.2,ok,12353,0.201311349399561,0.0281310989463998,0.0044209368031903,91,0.0122498979587586,0.2592015260015614,0.1230790173923039,0.0201538492944715,0.0034070809218419,91,0.0171417618697728,-0.0018130861911302,-4.882864172786228e-05,0.0009815250014071,0.0841169399936916,0.0850984649950987,-0.0782323320072571,-0.0079772496519283,-0.0010138558813483,0.0048918639110142,3.045901309929505,3.0814426442640483
B,metis,0,0.8,10,3,maxdeg_cap85,10000,61764,12.3528,91,0.8663137102519267,20,492,2,2017,3.2926586059532683,91,random,0.15,0.15001,0.15,ok,9265,0.201311349399561,0.0281310989463998,0.0044209368031903,91,0.0122498979587586,0.2592015260015614,0.1052285764176624,0.0147764150996681,0.0024577409551322,91,0.0153492670834799,-0.001158997186048,-7.797494829942036e-05,0.0008950920018833,0.057217395005864,0.0581124870077474,-0.0960827729818986,-0.0133546838467316,-0.0019631958480581,0.0030993691247212,4.46034130267055,4.5301175625873285
B,metis,0,0.8,10,3,maxdeg_cap85,10000,61764,12.3528,91,0.8663137102519267,20,492,2,2017,3.2926586059532683,91,random,0.05,0.05,0.05,ok,3088,0.201311349399561,0.0281310989463998,0.0044209368031903,91,0.0122498979587586,0.2592015260015614,0.0426810452509698,0.0055744759363894,0.0006419501078123,91,0.0242251934976792,-0.0002550383534974,-5.816674661821643e-05,0.0008444109989795,0.02197184599936,0.0228162569983396,-0.1586303041485912,-0.0225566230100103,-0.003778986695378,0.0119752955389205,11.36038772794431,11.796984468629104
B,eigen_proxy,1,0.8,10,3,maxdeg_cap85,10000,61764,12.3528,91,0.8663137102519267,20,492,2,2017,3.2926586059532683,91,lspar,0.5,0.50204,0.515625,ok,31008,0.1600777146338843,0.0308574958906165,0.0100129051931135,18,0.9576549274138364,1.3328807729994878,0.1436560753958398,0.0153814211576363,0.0054443219874316,62,3.0502899140901354,8.74081519866865e-05,0.0001650221008365,0.1213410250056767,1.0945752840052592,1.215916309010936,-0.0164216392380444,-0.0154760747329801,-0.0045685832056818,2.092634986676299,1.096194502139456,1.217715028355312
B,eigen_proxy,1,0.8,10,3,maxdeg_cap85,10000,61764,12.3528,91,0.8663137102519267,20,492,2,2017,3.2926586059532683,91,lspar,0.2,0.13919,0.0,ok,8597,0.1600777146338843,0.0308574958906165,0.0100129051931135,18,0.9576549274138364,1.3328807729994878,0.1291149578406773,0.0366865595577062,0.0043691001505149,1403,5.356650942519962,0.0007299941348491,-0.0001030473912605,0.2338703940040432,0.0020926729994243,0.2359630670034675,-0.0309627567932069,0.0058290636670896,-0.0056438050425985,4.398996015106126,5.648683880600266,636.9274002035229
B,eigen_proxy,1,0.8,10,3,maxdeg_cap85,10000,61764,12.3528,91,0.8663137102519267,20,492,2,2017,3.2926586059532683,91,lspar,0.15,0.13919,0.0,ok,8597,0.1600777146338843,0.0308574958906165,0.0100129051931135,18,0.9576549274138364,1.3328807729994878,0.1291149578406773,0.0366865595577062,0.0043691001505149,1403,5.356650942519962,-0.0016334703673024,-0.0012457697642072,0.2273874079983215,0.0021252820006338,0.2295126899989554,-0.0309627567932069,0.0058290636670896,-0.0056438050425985,4.398996015106126,5.807438242327925,627.1547835072907
B,eigen_proxy,1,0.8,10,3,maxdeg_cap85,10000,61764,12.3528,91,0.8663137102519267,20,492,2,2017,3.2926586059532683,91,lspar,0.05,0.13919,0.0,floor,8597,0.1600777146338843,0.0308574958906165,0.0100129051931135,18,0.9576549274138364,1.3328807729994878,0.1291149578406773,0.0366865595577062,0.0043691001505149,1403,5.356650942519962,-0.0009635989150054,-0.0007827371248337,0.0819823069978156,0.001975109000341,0.0839574159981566,-0.0309627567932069,0.0058290636670896,-0.0056438050425985,4.398996015106126,15.875676462324094,674.8390963584004
B,eigen_proxy,1,0.8,10,3,maxdeg_cap85,10000,61764,12.3528,91,0.8663137102519267,20,492,2,2017,3.2926586059532683,91,dspar,0.5,0.49963,0.5,ok,30859,0.1600777146338843,0.0308574958906165,0.0100129051931135,18,0.9576549274138364,1.3328807729994878,0.1450838540097315,0.010815321321285,0.0043242409275009,75,2.5804334907143023,0.0014513048903665,-0.0001820990110152,0.0109397170017473,1.207383214001311,1.2183229310030583,-0.0149938606241528,-0.0200421745693314,-0.0056886642656125,1.622778563300466,1.0940291273202194,1.1039417788344708
B,eigen_proxy,1,0.8,10,3,maxdeg_cap85,10000,61764,12.3528,91,0.8663137102519267,20,492,2,2017,3.2926586059532683,91,dspar,0.2,0.19725,0.2,ok,12183,0.1600777146338843,0.0308574958906165,0.0100129051931135,18,0.9576549274138364,1.3328807729994878,0.0021782066131454,0.0006155649785811,-5.565904824441333e-05,1521,32.35506279116146,7.913056864778538e-05,-0.0001086066181304,0.0106304770015412,0.0023566169984405,0.0129870939999818,-0.1578995080207388,-0.0302419309120353,-0.0100685642413579,31.39740786374762,102.63117930780724,565.5907488919404
B,eigen_proxy,1,0.8,10,3,maxdeg_cap85,10000,61764,12.3528,91,0.8663137102519267,20,492,2,2017,3.2926586059532683,91,dspar,0.15,0.14761,0.15,ok,9117,0.1600777146338843,0.0308574958906165,0.0100129051931135,18,0.9576549274138364,1.3328807729994878,0.0038211832156613,0.0017664437673203,0.0001266557716028,2641,35.426599685547025,-0.0012676100700687,-0.0004538509482554,0.0106506270021782,0.0045532410003943,0.0152038680025725,-0.156256531418223,-0.0290910521232961,-0.0098862494215106,34.46894475813319,87.66721552528332,292.7323137264319
B,eigen_proxy,1,0.8,10,3,maxdeg_cap85,10000,61764,12.3528,91,0.8663137102519267,20,492,2,2017,3.2926586059532683,91,dspar,0.05,0.05085,0.05,ok,3141,0.1600777146338843,0.0308574958906165,0.0100129051931135,18,0.9576549274138364,1.3328807729994878,0.0178915558014776,0.0085581411101447,0.0018377285409563,6886,10.913576997483457,-0.0013365873330429,-0.0007626854934151,0.0114307719995849,0.0021859429980395,0.0136167149976245,-0.1421861588324067,-0.0222993547804717,-0.0081751766521571,9.95592207006962,97.88563344624706,609.7509286357798
B,eigen_proxy,1,0.8,10,3,maxdeg_cap85,10000,61764,12.3528,91,0.8663137102519267,20,492,2,2017,3.2926586059532683,91,random,0.5,0.5,0.5,ok,30882,0.1600777146338843,0.0308574958906165,0.0100129051931135,18,0.9576549274138364,1.3328807729994878,8.710763954642047e-05,0.0009047126908836,0.0001703374738713,187,13.379034453950702,-0.0002922906596555,-2.212830694208911e-05,0.0011266820001765,0.0021831459962413,0.0033098279964178,-0.1599906069943379,-0.0299527831997328,-0.0098425677192421,12.421379526536866,402.7039394319045,610.5321289983608
B,eigen_proxy,1,0.8,10,3,maxdeg_cap85,10000,61764,12.3528,91,0.8663137102519267,20,492,2,2017,3.2926586059532683,91,random,0.2,0.2,0.2,ok,12353,0.1600777146338843,0.0308574958906165,0.0100129051931135,18,0.9576549274138364,1.3328807729994878,0.0009071524150658,0.0043560462741702,0.0010750334329865,2175,35.845964445108734,0.0013740497699452,7.639535347766808e-05,0.0009147849996224,0.0022909830004209,0.0032057680000434,-0.1591705622188185,-0.0265014496164463,-0.0089378717601269,34.8883095176949,415.7758056669781,581.7942659350038
B,eigen_proxy,1,0.8,10,3,maxdeg_cap85,10000,61764,12.3528,91,0.8663137102519267,20,492,2,2017,3.2926586059532683,91,random,0.15,0.15001,0.15,ok,9265,0.1600777146338843,0.0308574958906165,0.0100129051931135,18,0.9576549274138364,1.3328807729994878,-0.0017368129187625,0.0038581395331527,0.0013907475802005,3190,36.94318538783573,0.0006815053359414,0.0002631640759633,0.0008585809991927,0.0023625690009794,0.0032211500001722,-0.1618145275526469,-0.0269993563574637,-0.0086221576129129,35.9855304604219,413.79034597216287,564.1658603185484
B,eigen_proxy,1,0.8,10,3,maxdeg_cap85,10000,61764,12.3528,91,0.8663137102519267,20,492,2,2017,3.2926586059532683,91,random,0.05,0.05,0.05,ok,3088,0.1600777146338843,0.0308574958906165,0.0100129051931135,18,0.9576549274138364,1.3328807729994878,-0.0055696735741249,0.0053693276538246,0.0030045249713808,6992,16.06271922185033,0.0011975780434873,0.0006095550594134,0.0008260809991043,0.0021402689962997,0.002966349995404,-0.1656473882080092,-0.0254881682367918,-0.0070083802217326,15.105064294436492,449.3336170932688,622.7632018703687
B,metis,0,0.8,25,1,maxdeg_cap85_recal,10000,133940,26.788,97,0.8720546513364192,20,496,5,2016,2.500939503053844,97,lspar,0.5,0.49975,0.703125,ok,66937,0.1186774671938959,0.036467772784444,0.0071911259642636,97,0.0155775479456813,0.3678686010025558,0.1067130485717342,0.0730067159936667,0.0208693363832149,97,0.0156396930916178,0.0010245895599915,0.0002309850466316,0.3788538760054507,0.2424945359962294,0.6213484120016801,-0.0119644186221617,0.0365389432092227,0.0136782104189512,6.214514593656968e-05,0.5920488310535202,1.5170181030729528
B,metis,0,0.8,25,1,maxdeg_cap85_recal,10000,133940,26.788,97,0.8720546513364192,20,496,5,2016,2.500939503053844,97,lspar,0.2,0.19952,0.390625,ok,26724,0.1186774671938959,0.036467772784444,0.0071911259642636,97,0.0155775479456813,0.3678686010025558,0.0839825928244198,0.0313886385051927,0.0054273473477305,97,0.0114926063188469,0.0006717980655528,4.414732169878967e-05,0.3397876219969475,0.1393585940022603,0.4791462159992079,-0.0346948743694761,-0.0050791342792512,-0.0017637786165331,-0.0040849416268343,0.7677585436742006,2.639726696701526
B,metis,0,0.8,25,1,maxdeg_cap85_recal,10000,133940,26.788,97,0.8720546513364192,20,496,5,2016,2.500939503053844,97,lspar,0.15,0.1523,0.265625,ok,20399,0.1186774671938959,0.036467772784444,0.0071911259642636,97,0.0155775479456813,0.3678686010025558,0.0814878567543062,0.0264946753435726,0.0040226279555387,97,0.0150066651858432,-0.0005111739953114,0.0001096721031284,0.3374640760011971,0.1084342980029759,0.4458983740041731,-0.0371896104395896,-0.0099730974408714,-0.0031684980087249,-0.000570882759838,0.8250054775914321,3.392548370557622
B,metis,0,0.8,25,1,maxdeg_cap85_recal,10000,133940,26.788,97,0.8720546513364192,20,496,5,2016,2.500939503053844,97,lspar,0.05,0.05911,0.0,floor,7917,0.1186774671938959,0.036467772784444,0.0071911259642636,97,0.0155775479456813,0.3678686010025558,0.0573789074553249,0.0132232419086713,0.0017777252309088,97,0.0089274856482662,-0.0014552655644948,-8.64208812122264e-05,0.2947049130016239,0.0072913440017146,0.3019962570033385,-0.0612985597385709,-0.0232445308757727,-0.0054134007333548,-0.006650062297415,1.2181230477915792,50.45278359052174
B,metis,0,0.8,25,1,maxdeg_cap85_recal,10000,133940,26.788,97,0.8720546513364192,20,496,5,2016,2.500939503053844,97,dspar,0.5,0.50036,0.5,ok,67018,0.1186774671938959,0.036467772784444,0.0071911259642636,97,0.0155775479456813,0.3678686010025558,0.0973388087617051,0.0152730585498021,0.0020576258767062,97,0.012068968472906,-0.0024623649010032,-0.000185871691796,0.026007432003098,0.2250439429990365,0.2510513750021346,-0.0213386584321908,-0.0211947142346418,-0.0051335000875574,-0.0035085794727752,1.465312034237725,1.6346523087898917
B,metis,0,0.8,25,1,maxdeg_cap85_recal,10000,133940,26.788,97,0.8720546513364192,20,496,5,2016,2.500939503053844,97,dspar,0.2,0.20005,0.2,ok,26795,0.1186774671938959,0.036467772784444,0.0071911259642636,97,0.0155775479456813,0.3678686010025558,0.0779748942464839,0.0144334423121619,0.0022569377033761,97,0.0152630272226711,0.0011002285859885,0.0001119911169841,0.0261755579995224,0.13378376300534,0.1599593210048624,-0.040702572947412,-0.022034330472282,-0.0049341882608875,-0.0003145207230101,2.299763456681424,2.7497253234525347
B,metis,0,0.8,25,1,maxdeg_cap85_recal,10000,133940,26.788,97,0.8720546513364192,20,496,5,2016,2.500939503053844,97,dspar,0.15,0.15017,0.15,ok,20114,0.1186774671938959,0.036467772784444,0.0071911259642636,97,0.0155775479456813,0.3678686010025558,0.0726558730997049,0.0131576463851047,0.0018794355438916,97,0.0164261985864045,0.0006969671090912,-1.627842822920016e-06,0.0254259409994119,0.1051331709968508,0.1305591119962628,-0.046021594094191,-0.0233101263993393,-0.005311690420372,0.0008486506407232,2.817640189013279,3.4990726286908536
B,metis,0,0.8,25,1,maxdeg_cap85_recal,10000,133940,26.788,97,0.8720546513364192,20,496,5,2016,2.500939503053844,97,dspar,0.05,0.05001,0.05,ok,6698,0.1186774671938959,0.036467772784444,0.0071911259642636,97,0.0155775479456813,0.3678686010025558,0.0422428800923098,0.007712605963501,0.0011182901716557,97,0.0186911743879297,0.0025375476385418,0.0002598550187734,0.0255351840023649,0.0357166140020126,0.0612517980043776,-0.076434587101586,-0.028755166820943,-0.0060728357926079,0.0031136264422484,6.005841673027532,10.299649372749226
B,metis,0,0.8,25,1,maxdeg_cap85_recal,10000,133940,26.788,97,0.8720546513364192,20,496,5,2016,2.500939503053844,97,random,0.5,0.5,0.5,ok,66970,0.1186774671938959,0.036467772784444,0.0071911259642636,97,0.0155775479456813,0.3678686010025558,0.0931928654088583,0.0217958480723657,0.0030575756359586,97,0.0140726685458018,0.000766045974968,2.98133104011754e-05,0.0022939789996598,0.2268702749934164,0.2291642539930762,-0.0254846017850376,-0.0146719247120783,-0.004133550328305,-0.0015048793998794,1.6052617046185145,1.6214931683457918
B,metis,0,0.8,25,1,maxdeg_cap85_recal,10000,133940,26.788,97,0.8720546513364192,20,496,5,2016,2.500939503053844,97,random,0.2,0.2,0.2,ok,26788,0.1186774671938959,0.036467772784444,0.0071911259642636,97,0.0155775479456813,0.3678686010025558,0.0740747951680239,0.0187837139333715,0.0031546595584214,97,0.0170064693572769,-0.0007270156015165,4.4296116741367737e-05,0.0018283449971931,0.1384348790015792,0.1402632239987724,-0.0446026720258719,-0.0176840588510725,-0.0040364664058422,0.0014289214115956,2.622701735458293,2.6573404307909945
B,metis,0,0.8,25,1,maxdeg_cap85_recal,10000,133940,26.788,97,0.8720546513364192,20,496,5,2016,2.500939503053844,97,random,0.15,0.15,0.15,ok,20091,0.1186774671938959,0.036467772784444,0.0071911259642636,97,0.0155775479456813,0.3678686010025558,0.0681068979022853,0.0178823617816365,0.0026552069987875,97,0.0164261985864045,0.0004901012720598,7.98403193683379e-05,0.0017027649955707,0.1122152550015016,0.1139180199970724,-0.0505705692916105,-0.0185854110028075,-0.0045359189654761,0.0008486506407232,3.229239772706809,3.2782405653993574
B,metis,0,0.8,25,1,maxdeg_cap85_recal,10000,133940,26.788,97,0.8720546513364192,20,496,5,2016,2.500939503053844,97,random,0.05,0.05,0.05,ok,6697,0.1186774671938959,0.036467772784444,0.0071911259642636,97,0.0155775479456813,0.3678686010025558,0.0389019970798537,0.0094028990575057,0.0014321408876143,97,0.0184298670640892,-0.0002164141821412,1.0733518082331376e-05,0.00167149000481,0.0399928599945269,0.0416643499993369,-0.0797754701140422,-0.0270648737269382,-0.0057589850766493,0.0028523191184078,8.82933733535768,9.19835693303502
B,eigen_proxy,1,0.8,25,1,maxdeg_cap85_recal,10000,133940,26.788,97,0.8720546513364192,20,496,5,2016,2.500939503053844,97,lspar,0.5,0.49975,0.703125,ok,66937,0.0775411332576689,0.0297511391491408,0.011504641365674,6,0.7033851007805042,0.8106433350039879,0.0856198375894979,0.0306707960151975,0.0144572858195733,6,0.5429643818889043,0.0006202636830698,0.0001229001458382,0.3800915710016852,0.8431952129976708,1.223286783999356,0.008078704331829,0.0009196568660567,0.0029526444538992,-0.1604207188915999,0.6626764431752535,0.9613946124314954
B,eigen_proxy,1,0.8,25,1,maxdeg_cap85_recal,10000,133940,26.788,97,0.8720546513364192,20,496,5,2016,2.500939503053844,97,lspar,0.2,0.19952,0.390625,ok,26724,0.0775411332576689,0.0297511391491408,0.011504641365674,6,0.7033851007805042,0.8106433350039879,0.0484763400831873,0.0185503770078968,0.0035277185852196,70,2.4406657288535034,-0.0002355408791749,-0.0002159358350395,0.3392129570056568,1.1675652550038649,1.5067782120095217,-0.0290647931744815,-0.011200762141244,-0.0079769227804544,1.737280628072999,0.5379977813210278,0.6943023796998006
B,eigen_proxy,1,0.8,25,1,maxdeg_cap85_recal,10000,133940,26.788,97,0.8720546513364192,20,496,5,2016,2.500939503053844,97,lspar,0.05,0.05911,0.0,floor,7917,0.0775411332576689,0.0297511391491408,0.011504641365674,6,0.7033851007805042,0.8106433350039879,0.0568285188516632,0.0323779097585539,0.0031325928625897,2083,0.9890947477365348,-0.0009088335140465,-9.175721586905766e-05,0.2951317619954352,0.0020314399953349,0.2971632019907702,-0.0207126144060056,0.0026267706094131,-0.0083720485030843,0.2857096469560307,2.7279398309524416,399.0486240625221
B,eigen_proxy,1,0.8,25,1,maxdeg_cap85_recal,10000,133940,26.788,97,0.8720546513364192,20,496,5,2016,2.500939503053844,97,dspar,0.5,0.50036,0.5,ok,67018,0.0775411332576689,0.0297511391491408,0.011504641365674,6,0.7033851007805042,0.8106433350039879,0.0760472595044941,0.0132297100430107,0.0090030270181257,58,2.5129858813769723,0.0015398018526097,0.0001032163548058,0.0266947429990977,1.4585112589993514,1.4852060019984492,-0.0014938737531747,-0.01652142910613,-0.0025016143475483,1.809600780596468,0.5458120516030842,0.5558019041691528
B,eigen_proxy,1,0.8,25,1,maxdeg_cap85_recal,10000,133940,26.788,97,0.8720546513364192,20,496,5,2016,2.500939503053844,97,dspar,0.2,0.20005,0.2,ok,26795,0.0775411332576689,0.0297511391491408,0.011504641365674,6,0.7033851007805042,0.8106433350039879,-2.4757407551010128e-05,4.274155797039711e-05,2.2703661483325268e-05,147,11.904208678446464,0.0011430191413604,0.0001739927097585,0.0243154159979894,0.0021108779983478,0.0264262939963373,-0.0775658906652199,-0.0297083975911704,-0.0114819377041907,11.20082357766596,30.675634469076236,384.0313536066327
B,eigen_proxy,1,0.8,25,1,maxdeg_cap85_recal,10000,133940,26.788,97,0.8720546513364192,20,496,5,2016,2.500939503053844,97,dspar,0.15,0.15017,0.15,ok,20114,0.0775411332576689,0.0297511391491408,0.011504641365674,6,0.7033851007805042,0.8106433350039879,-0.0001216454455802,0.0007605606227486,0.0001191509484322,433,19.84922398986922,0.0014574144780417,0.0002004024540568,0.0253350540006067,0.0020665310003096,0.0274015850009163,-0.0776627787032491,-0.0289905785263921,-0.0113854904172418,19.145838889088715,29.5838118479963,392.2725257363819
B,eigen_proxy,1,0.8,25,1,maxdeg_cap85_recal,10000,133940,26.788,97,0.8720546513364192,20,496,5,2016,2.500939503053844,97,dspar,0.05,0.05001,0.05,ok,6698,0.0775411332576689,0.0297511391491408,0.011504641365674,6,0.7033851007805042,0.8106433350039879,-0.011817659050677,0.0017573979871606,0.0003356040102832,3997,32.92171077025008,0.0011103534920904,-4.3958408068881645e-05,0.0243395770012284,0.0023339279941865,0.0266735049954149,-0.0893587923083459,-0.0279937411619801,-0.0111690373553908,32.21832566946958,30.39133159078016,347.33005346488096
B,eigen_proxy,1,0.8,25,1,maxdeg_cap85_recal,10000,133940,26.788,97,0.8720546513364192,20,496,5,2016,2.500939503053844,97,random,0.2,0.2,0.2,ok,26788,0.0775411332576689,0.0297511391491408,0.011504641365674,6,0.7033851007805042,0.8106433350039879,-0.0002178175385317,0.0024236480920209,0.0003503341458838,413,19.45745008781983,-0.0002354819851891,-5.326774179335365e-05,0.0018250400025863,0.0020771530034835,0.0039021930060698,-0.0777589507962006,-0.0273274910571198,-0.0111543072197902,18.754064987039325,207.74045100871007,390.2665492837922
B,eigen_proxy,1,0.8,25,1,maxdeg_cap85_recal,10000,133940,26.788,97,0.8720546513364192,20,496,5,2016,2.500939503053844,97,random,0.15,0.15,0.15,ok,20091,0.0775411332576689,0.0297511391491408,0.011504641365674,6,0.7033851007805042,0.8106433350039879,-0.0009731180794994,0.0026042411345572,0.0004173442335671,920,27.468373857947977,0.00052344545982,0.000231690581448,0.0018145490030292,0.002193508997152,0.0040080580001813,-0.0785142513371683,-0.0271468980145835,-0.0110872971321068,26.764988757167472,202.25339427905288,369.5646272964794
B,eigen_proxy,1,0.8,25,1,maxdeg_cap85_recal,10000,133940,26.788,97,0.8720546513364192,20,496,5,2016,2.500939503053844,97,random,0.05,0.05,0.05,ok,6697,0.0775411332576689,0.0297511391491408,0.011504641365674,6,0.7033851007805042,0.8106433350039879,-0.0180849144195918,0.0068902667911858,0.0016322304278905,4387,34.272274173156354,-0.0001415548846153,-0.0001979279648421,0.0015416359965456,0.0021994549970258,0.0037410909935715,-0.0956260476772608,-0.0228608723579549,-0.0098724109377835,33.56888907237585,216.68634534603484,368.56554741976544
B,metis,0,0.8,25,2,maxdeg_cap85_recal,10000,132285,26.457,79,0.871708810522735,20,481,4,1916,2.6256517915364683,79,lspar,0.5,0.50404,0.703125,ok,66677,0.1213986886511365,0.0245826024356566,0.0054776681418584,79,0.0185423838812597,0.3345976290001999,0.1081800167080481,0.0569372780510099,0.0190664403831988,79,0.0152197240448044,0.002030447375686,0.0001274700216358,0.420639909003512,0.2172692879976239,0.6379091970011359,-0.0132186719430884,0.0323546756153533,0.0135887722413404,-0.0033226598364552,0.5245223467119947,1.5400134647832011
B,metis,0,0.8,25,2,maxdeg_cap85_recal,10000,132285,26.457,79,0.871708810522735,20,481,4,1916,2.6256517915364683,79,lspar,0.2,0.20205,0.390625,ok,26728,0.1213986886511365,0.0245826024356566,0.0054776681418584,79,0.0185423838812597,0.3345976290001999,0.084762021276628,0.0230499068228414,0.0037586326347317,79,0.010929775843996,-0.000688765033511,6.082748472507807e-05,0.3862444720070925,0.1158331820042803,0.5020776540113729,-0.0366366673745085,-0.0015326956128151,-0.0017190355071267,-0.0076126080372636,0.6664260524779714,2.8886163982600044
B,metis,0,0.8,25,2,maxdeg_cap85_recal,10000,132285,26.457,79,0.871708810522735,20,481,4,1916,2.6256517915364683,79,lspar,0.15,0.15427,0.265625,ok,20407,0.1213986886511365,0.0245826024356566,0.0054776681418584,79,0.0185423838812597,0.3345976290001999,0.0788174469321452,0.0162387803835614,0.0024028087381683,79,0.0149050327071093,-0.0020192897640396,-7.28672976199784e-05,0.3841010900068795,0.0987746999962837,0.4828757900031633,-0.0425812417189913,-0.0083438220520951,-0.0030748594036901,-0.0036373511741503,0.6929269098332886,3.387483120807137
B,metis,0,0.8,25,2,maxdeg_cap85_recal,10000,132285,26.457,79,0.871708810522735,20,481,4,1916,2.6256517915364683,79,lspar,0.05,0.0606,0.0,floor,8016,0.1213986886511365,0.0245826024356566,0.0054776681418584,79,0.0185423838812597,0.3345976290001999,0.0578132602397553,0.0106806242521742,0.0016746130741167,79,0.0069541354602854,0.0004224711482602,2.964898423347596e-06,0.3422978620001231,0.0079119980000541,0.3502098600001773,-0.0635854284113811,-0.0139019781834824,-0.0038030550677417,-0.0115882484209742,0.955420355669114,42.2899031316628
B,metis,0,0.8,25,2,maxdeg_cap85_recal,10000,132285,26.457,79,0.871708810522735,20,481,4,1916,2.6256517915364683,79,dspar,0.5,0.50061,0.5,ok,66223,0.1213986886511365,0.0245826024356566,0.0054776681418584,79,0.0185423838812597,0.3345976290001999,0.1013422314898959,0.0130484533168702,0.0018947854119848,79,0.011355175031676,0.0008962299744582,0.000230567027369,0.0233923710038652,0.2258757200033869,0.2492680910072522,-0.0200564571612405,-0.0115341491187863,-0.0035828827298735,-0.0071872088495836,1.3423203413166314,1.4813350854849858
B,metis,0,0.8,25,2,maxdeg_cap85_recal,10000,132285,26.457,79,0.871708810522735,20,481,4,1916,2.6256517915364683,79,dspar,0.2,0.19862,0.2,ok,26275,0.1213986886511365,0.0245826024356566,0.0054776681418584,79,0.0185423838812597,0.3345976290001999,0.0787183229731244,0.0130886610082074,0.0020916150245371,79,0.0125451185725763,-0.0008341888017194,-0.0001920477264421,0.0234033550004824,0.1166122290014755,0.1400155840019579,-0.0426803656780121,-0.0114939414274491,-0.0033860531173213,-0.0059972653086833,2.389717054606729,2.869318525726545
B,metis,0,0.8,25,2,maxdeg_cap85_recal,10000,132285,26.457,79,0.871708810522735,20,481,4,1916,2.6256517915364683,79,dspar,0.15,0.14919,0.15,ok,19735,0.1213986886511365,0.0245826024356566,0.0054776681418584,79,0.0185423838812597,0.3345976290001999,0.0732045006505673,0.0119937030048185,0.0020194565639939,79,0.0133977610069742,-0.0011314726924187,-6.579574431689982e-05,0.0239580780034884,0.0986566310020862,0.1226147090055747,-0.0481941880005691,-0.012588899430838,-0.0034582115778645,-0.0051446228742854,2.7288539173957296,3.391537148609144
B,metis,0,0.8,25,2,maxdeg_cap85_recal,10000,132285,26.457,79,0.871708810522735,20,481,4,1916,2.6256517915364683,79,dspar,0.05,0.05033,0.05,ok,6658,0.1213986886511365,0.0245826024356566,0.0054776681418584,79,0.0185423838812597,0.3345976290001999,0.0422023556230821,0.0059378034989329,0.0011398311758529,79,0.0164663292812939,0.00034111413989,9.829052855855948e-05,0.0248111910041188,0.0346463109963224,0.0594575020004413,-0.0791963330280543,-0.0186447989367236,-0.0043378369660055,-0.0020760545999657,5.627509023129099,9.657525415497084
B,metis,0,0.8,25,2,maxdeg_cap85_recal,10000,132285,26.457,79,0.871708810522735,20,481,4,1916,2.6256517915364683,79,random,0.5,0.5,0.5,ok,66142,0.1213986886511365,0.0245826024356566,0.0054776681418584,79,0.0185423838812597,0.3345976290001999,0.0960757595899265,0.0189963221966345,0.0033732475371719,79,0.013689411966918,0.0006812052382332,5.436995236998043e-05,0.0023123130013118,0.2017731029991409,0.2040854160004528,-0.02532292906121,-0.005586280239022,-0.0021044206046865,-0.0048529719143416,1.6394979884278331,1.6582865804548017
B,metis,0,0.8,25,2,maxdeg_cap85_recal,10000,132285,26.457,79,0.871708810522735,20,481,4,1916,2.6256517915364683,79,random,0.2,0.2,0.2,ok,26457,0.1213986886511365,0.0245826024356566,0.0054776681418584,79,0.0185423838812597,0.3345976290001999,0.0750222286693294,0.0160540964434329,0.0028302652325467,79,0.0126704380350483,-0.000991976098168,-0.000162554121695,0.0019956530013587,0.1199148179948679,0.1219104709962266,-0.0463764599818071,-0.0085285059922236,-0.0026474029093117,-0.0058719458462113,2.7446176383860936,2.7902942655053686
B,metis,0,0.8,25,2,maxdeg_cap85_recal,10000,132285,26.457,79,0.871708810522735,20,481,4,1916,2.6256517915364683,79,random,0.15,0.15,0.15,ok,19843,0.1213986886511365,0.0245826024356566,0.0054776681418584,79,0.0185423838812597,0.3345976290001999,0.0699793240123232,0.0179592526916627,0.003147786005309,79,0.0167988094816269,0.0003245408488891,-6.019016646143639e-05,0.0017405370017513,0.1053547420015093,0.1070952790032606,-0.0514193646388133,-0.0066233497439938,-0.0023298821365494,-0.0017435743996327,3.124298588269355,3.1759142744178197
B,metis,0,0.8,25,2,maxdeg_cap85_recal,10000,132285,26.457,79,0.871708810522735,20,481,4,1916,2.6256517915364683,79,random,0.05,0.05,0.05,ok,6614,0.1213986886511365,0.0245826024356566,0.0054776681418584,79,0.0185423838812597,0.3345976290001999,0.0389143946353267,0.0092805732424587,0.0015277953741829,79,0.0202529010267665,-0.0005679370145336,-8.984549130716745e-05,0.0016049020050559,0.0359502709980006,0.0375551730030565,-0.0824842940158097,-0.0153020291931978,-0.0039498727676755,0.0017105171455068,8.909495077361715,9.307235236663685
B,eigen_proxy,1,0.8,25,2,maxdeg_cap85_recal,10000,132285,26.457,79,0.871708810522735,20,481,4,1916,2.6256517915364683,79,lspar,0.5,0.50404,0.703125,ok,66677,0.0837847164840532,0.0374972256070733,0.0150190806371094,11,0.9718277110681708,1.2556123240065062,0.0778363516782635,0.0290862306293042,0.0071594745261758,58,3.522067739269079,-0.0002457003830989,-0.0003703580099741,0.4245421730011003,1.0315334910046658,1.4560756640057662,-0.0059483648057897,-0.0084109949777691,-0.0078596061109336,2.5502400282009083,0.8623262891107106,1.2172288490445404
B,eigen_proxy,1,0.8,25,2,maxdeg_cap85_recal,10000,132285,26.457,79,0.871708810522735,20,481,4,1916,2.6256517915364683,79,lspar,0.2,0.20205,0.390625,ok,26728,0.0837847164840532,0.0374972256070733,0.0150190806371094,11,0.9718277110681708,1.2556123240065062,0.0426311409401537,0.0110074748991368,0.0012534305234453,60,2.3266577745770864,-0.0004131553232053,8.958095164578134e-05,0.388348593005503,1.1909481990005588,1.579296792006062,-0.0411535755438994,-0.0264897507079364,-0.013765650113664,1.3548300635089157,0.7950451937609501,1.0542963372044338
B,eigen_proxy,1,0.8,25,2,maxdeg_cap85_recal,10000,132285,26.457,79,0.871708810522735,20,481,4,1916,2.6256517915364683,79,lspar,0.15,0.15427,0.265625,ok,20407,0.0837847164840532,0.0374972256070733,0.0150190806371094,11,0.9718277110681708,1.2556123240065062,0.0367922355514106,0.0080033132506533,9.162764683022956e-05,62,2.02466371528706,0.000119517027043,0.0001251305557441,0.3831980920076603,1.3219948490004754,1.7051929410081357,-0.0469924809326425,-0.0294939123564199,-0.0149274529902792,1.052836004218889,0.7363461892260529,0.9497860940652234
B,eigen_proxy,1,0.8,25,2,maxdeg_cap85_recal,10000,132285,26.457,79,0.871708810522735,20,481,4,1916,2.6256517915364683,79,lspar,0.05,0.0606,0.0,floor,8016,0.0837847164840532,0.0374972256070733,0.0150190806371094,11,0.9718277110681708,1.2556123240065062,0.0564307577307183,0.0266374088511659,0.002365299292293,1984,1.0770424689862514,-0.0003994284367735,-1.948848685388473e-06,0.3425187840039143,0.0020093120037927,0.344528096007707,-0.0273539587533349,-0.0108598167559073,-0.0126537813448164,0.1052147579180806,3.644441015279109,624.8966420528233
B,eigen_proxy,1,0.8,25,2,maxdeg_cap85_recal,10000,132285,26.457,79,0.871708810522735,20,481,4,1916,2.6256517915364683,79,dspar,0.5,0.50061,0.5,ok,66223,0.0837847164840532,0.0374972256070733,0.0150190806371094,11,0.9718277110681708,1.2556123240065062,0.0771375488022678,0.0116456954019355,0.005455016343945,52,2.4046780408196025,-0.0010909750561786,-0.0004420625916869,0.0254813380015548,1.737181101998431,1.7626624399999855,-0.0066471676817853,-0.0258515302051377,-0.0095640642931643,1.4328503297514317,0.7123385031149336,0.7227872341934103
B,eigen_proxy,1,0.8,25,2,maxdeg_cap85_recal,10000,132285,26.457,79,0.871708810522735,20,481,4,1916,2.6256517915364683,79,dspar,0.2,0.19862,0.2,ok,26275,0.0837847164840532,0.0374972256070733,0.0150190806371094,11,0.9718277110681708,1.2556123240065062,-3.953461914915669e-05,-0.0003750203472903,-1.7013912410303884e-05,175,12.958738499560832,-0.0007043981202859,-6.857525568310739e-05,0.0244300740014296,0.0021040760038886,0.0265341500053182,-0.0838242511032024,-0.0378722459543636,-0.0150360945495197,11.98691078849266,47.32061602707623,596.7523614574578
B,eigen_proxy,1,0.8,25,2,maxdeg_cap85_recal,10000,132285,26.457,79,0.871708810522735,20,481,4,1916,2.6256517915364683,79,dspar,0.15,0.14919,0.15,ok,19735,0.0837847164840532,0.0374972256070733,0.0150190806371094,11,0.9718277110681708,1.2556123240065062,-0.0003178590431298,-0.0004075601743291,3.3505020166427425e-05,541,21.95046603332147,0.00136153081167,0.000109242549191,0.0239854490064317,0.0020487490037339,0.0260341980101657,-0.084102575527183,-0.0379047857814024,-0.014985575616943,20.978638322253296,48.22934524490521,612.8678143189204
B,eigen_proxy,1,0.8,25,2,maxdeg_cap85_recal,10000,132285,26.457,79,0.871708810522735,20,481,4,1916,2.6256517915364683,79,dspar,0.05,0.05033,0.05,ok,6658,0.0837847164840532,0.0374972256070733,0.0150190806371094,11,0.9718277110681708,1.2556123240065062,-0.013760594219848,0.0028575762655037,0.0007862955046963,4089,33.2155740374903,-0.0008894991703399,-0.0004586009392379,0.0243210140033625,0.0023394119998556,0.0266604260032181,-0.0975453107039013,-0.0346396493415695,-0.0142327851324131,32.24374632642213,47.09648389920484,536.7213317209532
B,eigen_proxy,1,0.8,25,2,maxdeg_cap85_recal,10000,132285,26.457,79,0.871708810522735,20,481,4,1916,2.6256517915364683,79,random,0.5,0.5,0.5,ok,66142,0.0837847164840532,0.0374972256070733,0.0150190806371094,11,0.9718277110681708,1.2556123240065062,0.0769364503450904,0.0154109276748904,0.0066916713022553,15,0.6284239015187122,0.0001320734617688,0.0003589161038703,0.0022121560032246,1.386016030999599,1.3882281870028237,-0.0068482661389628,-0.0220862979321829,-0.008327409334854,-0.3434038095494586,0.904471135049754,0.905914719544012
B,eigen_proxy,1,0.8,25,2,maxdeg_cap85_recal,10000,132285,26.457,79,0.871708810522735,20,481,4,1916,2.6256517915364683,79,random,0.2,0.2,0.2,ok,26457,0.0837847164840532,0.0374972256070733,0.0150190806371094,11,0.9718277110681708,1.2556123240065062,-0.0001041080951984,0.0033389785967284,0.0004525266401641,411,19.397978033289967,-0.000967432670705,-0.0001381918425696,0.0017859689978649,0.0026677600035327,0.0044537290013977,-0.0838888245792516,-0.0341582470103448,-0.0145665539969452,18.426150322221797,281.9238268903321,470.6616496025793
B,eigen_proxy,1,0.8,25,2,maxdeg_cap85_recal,10000,132285,26.457,79,0.871708810522735,20,481,4,1916,2.6256517915364683,79,random,0.15,0.15,0.15,ok,19843,0.0837847164840532,0.0374972256070733,0.0150190806371094,11,0.9718277110681708,1.2556123240065062,-0.0008390979462117,0.0036213218210874,0.0005933134396912,937,27.66926087556369,0.00091974419524,8.15667821269113e-05,0.0017494030034868,0.0020855029943049,0.0038349059977917,-0.084623814430265,-0.0338759037859859,-0.0144257671974181,26.69743316449552,327.41671496759244,602.066900615959
B,eigen_proxy,1,0.8,25,2,maxdeg_cap85_recal,10000,132285,26.457,79,0.871708810522735,20,481,4,1916,2.6256517915364683,79,random,0.05,0.05,0.05,ok,6614,0.0837847164840532,0.0374972256070733,0.0150190806371094,11,0.9718277110681708,1.2556123240065062,-0.0220986286855246,0.0039187511339456,0.0012007647359036,4476,33.96271139117135,0.0027546026734816,0.0008806628280653,0.001495235999755,0.0022657950030406,0.0037610310027957,-0.1058833451695779,-0.0335784744731276,-0.0138183159012058,32.990883680103174,333.847905819744,554.1597197987797
B,metis,0,0.8,25,3,maxdeg_cap85_recal,10000,124455,24.891,99,0.8758667791571251,20,454,4,1798,2.4184698826810087,99,lspar,0.5,0.49943,0.6875,ok,62156,0.1248328168530434,0.042470310749952,0.0105372571126249,99,0.0184271538768199,0.3568467470031464,0.1130293219249878,0.0765459194074982,0.0244767847347119,99,0.0164395863694923,-0.0025437109265052,-0.0001677943300267,0.3204186809962266,0.2324682329999632,0.5528869139961898,-0.0118034949280555,0.0340756086575462,0.0139395276220869,-0.0019875675073275,0.6454244764519885,1.535034453516937
B,metis,0,0.8,25,3,maxdeg_cap85_recal,10000,124455,24.891,99,0.8758667791571251,20,454,4,1798,2.4184698826810087,99,lspar,0.2,0.20362,0.375,ok,25342,0.1248328168530434,0.042470310749952,0.0105372571126249,99,0.0184271538768199,0.3568467470031464,0.0904392156108132,0.032548720123712,0.0056799213045552,99,0.0145210192479729,0.0010757750930306,-4.070415177475322e-05,0.2893963550013723,0.129621024003427,0.4190173790047993,-0.0343936012422301,-0.00992159062624,-0.0048573358080697,-0.003906134628847,0.8516275574313571,2.753000524002278
B,metis,0,0.8,25,3,maxdeg_cap85_recal,10000,124455,24.891,99,0.8758667791571251,20,454,4,1798,2.4184698826810087,99,lspar,0.15,0.15431,0.257812,ok,19205,0.1248328168530434,0.042470310749952,0.0105372571126249,99,0.0184271538768199,0.3568467470031464,0.0875726652395518,0.0277897899550384,0.0040345117111812,99,0.0151874948559662,0.0008450004321269,3.603201317481825e-05,0.3125684309998178,0.1003134689963189,0.4128818999961368,-0.0372601516134916,-0.0146805207949136,-0.0065027454014437,-0.0032396590208537,0.8642828542653126,3.55731638606019
B,metis,0,0.8,25,3,maxdeg_cap85_recal,10000,124455,24.891,99,0.8758667791571251,20,454,4,1798,2.4184698826810087,99,lspar,0.05,0.06379,0.0,floor,7939,0.1248328168530434,0.042470310749952,0.0105372571126249,99,0.0184271538768199,0.3568467470031464,0.0632401325219684,0.0172505995451597,0.0023902093461145,99,0.0095947902530487,0.0031570452445955,0.0002930336955986,0.2676069419976556,0.0076987000065855,0.2753056420042412,-0.061592684331075,-0.0252197112047922,-0.0081470477665103,-0.0088323636237711,1.2961839227314094,46.35155892525948
B,metis,0,0.8,25,3,maxdeg_cap85_recal,10000,124455,24.891,99,0.8758667791571251,20,454,4,1798,2.4184698826810087,99,dspar,0.5,0.50212,0.5,ok,62491,0.1248328168530434,0.042470310749952,0.0105372571126249,99,0.0184271538768199,0.3568467470031464,0.1027977741258101,0.0157474760692002,0.0021154952926837,99,0.0118978989741886,0.0003362852327709,-5.487831660007782e-05,0.0243664180015912,0.2070778080014861,0.2314442260030773,-0.0220350427272333,-0.0267228346807518,-0.0084217618199412,-0.0065292549026312,1.5418260941986155,1.7232495864577893
B,metis,0,0.8,25,3,maxdeg_cap85_recal,10000,124455,24.891,99,0.8758667791571251,20,454,4,1798,2.4184698826810087,99,dspar,0.2,0.20094,0.2,ok,25008,0.1248328168530434,0.042470310749952,0.0105372571126249,99,0.0184271538768199,0.3568467470031464,0.0829014360552631,0.0178740324668729,0.0026741894913856,99,0.0163792551723208,-0.0012370748952053,-0.0001210528738336,0.0232490739945205,0.1272359510039677,0.1504850249984883,-0.0419313807977803,-0.0245962782830791,-0.0078630676212393,-0.002047898704499,2.371310680293478,2.80460627823671
B,metis,0,0.8,25,3,maxdeg_cap85_recal,10000,124455,24.891,99,0.8758667791571251,20,454,4,1798,2.4184698826810087,99,dspar,0.15,0.14997,0.15,ok,18665,0.1248328168530434,0.042470310749952,0.0105372571126249,99,0.0184271538768199,0.3568467470031464,0.0766728093137802,0.0144553540853868,0.001942300189107,99,0.0155736957720381,0.000754860943863,-1.5899861880840475e-05,0.0225436639957479,0.097693022005842,0.1202366860015899,-0.0481600075392631,-0.0280149566645651,-0.0085949569235179,-0.0028534581047817,2.967869116073505,3.6527352688691206
B,metis,0,0.8,25,3,maxdeg_cap85_recal,10000,124455,24.891,99,0.8758667791571251,20,454,4,1798,2.4184698826810087,99,dspar,0.05,0.04995,0.05,ok,6217,0.1248328168530434,0.042470310749952,0.0105372571126249,99,0.0184271538768199,0.3568467470031464,0.0425213803300464,0.0079916898139832,0.001103614364161,99,0.0230139088379179,0.0019473072911181,9.24080246973153e-05,0.0248125110010732,0.037231451999105,0.0620439630001783,-0.0823114365229969,-0.0344786209359688,-0.0094336427484639,0.004586754961098,5.751514406036906,9.58455090636068
B,metis,0,0.8,25,3,maxdeg_cap85_recal,10000,124455,24.891,99,0.8758667791571251,20,454,4,1798,2.4184698826810087,99,random,0.5,0.5,0.5,ok,62228,0.1248328168530434,0.042470310749952,0.0105372571126249,99,0.0184271538768199,0.3568467470031464,0.0982733001935605,0.0205521995874121,0.0033957505805334,99,0.0118978989741886,0.0006492343205339,-0.0001634601260232,0.0023101879996829,0.2112380359976668,0.2135482239973498,-0.0265595166594828,-0.0219181111625398,-0.0071415065320915,-0.0065292549026312,1.671035892143851,1.6893110434291665
B,metis,0,0.8,25,3,maxdeg_cap85_recal,10000,124455,24.891,99,0.8758667791571251,20,454,4,1798,2.4184698826810087,99,random,0.2,0.2,0.2,ok,24891,0.1248328168530434,0.042470310749952,0.0105372571126249,99,0.0184271538768199,0.3568467470031464,0.079788349244811,0.0168720004833958,0.0026889048363831,99,0.0145890369798695,-0.0002070809185322,-2.8555066514284984e-06,0.0018614869986777,0.1325353199936216,0.1343968069922994,-0.0450444676082324,-0.0255983102665562,-0.0078483522762418,-0.0038381168969504,2.655172804987792,2.6924652765792536
B,metis,0,0.8,25,3,maxdeg_cap85_recal,10000,124455,24.891,99,0.8758667791571251,20,454,4,1798,2.4184698826810087,99,random,0.15,0.15,0.15,ok,18668,0.1248328168530434,0.042470310749952,0.0105372571126249,99,0.0184271538768199,0.3568467470031464,0.0726894284834156,0.0163488327179439,0.0030166030019389,99,0.0158259280928481,0.0012981891992612,9.004158108410397e-05,0.0017779400004656,0.0984221769977011,0.1002001169981667,-0.0521433883696277,-0.0261214780320081,-0.0075206541106859,-0.0026012257839717,3.561340622084056,3.625674191411975
B,metis,0,0.8,25,3,maxdeg_cap85_recal,10000,124455,24.891,99,0.8758667791571251,20,454,4,1798,2.4184698826810087,99,random,0.05,0.05,0.05,ok,6223,0.1248328168530434,0.042470310749952,0.0105372571126249,99,0.0184271538768199,0.3568467470031464,0.0399393078865031,0.010924114700256,0.0016611771469619,99,0.0173193533366578,-0.0013906901710232,-0.0001202360888511,0.001628650999919,0.0379975799951353,0.0396262309950543,-0.0848935089665403,-0.0315461960496959,-0.008876079965663,-0.0011078005401621,9.005316378630194,9.391301947356444
B,eigen_proxy,1,0.8,25,3,maxdeg_cap85_recal,10000,124455,24.891,99,0.8758667791571251,20,454,4,1798,2.4184698826810087,99,lspar,0.5,0.49943,0.6875,ok,62156,0.0969831691436807,0.0333807357180921,0.0161350532646563,8,0.5782111724966926,1.1022644249969744,0.0913651122445346,0.0383504302415527,0.0112603361666971,39,1.9196972938460903,-0.0003718165567093,8.092809416081641e-05,0.3201566690040636,1.6456815299970913,1.9658381990011549,-0.005618056899146,0.0049696945234606,-0.0048747170979591,1.3414861213493978,0.5607096380348273,0.6697920617720748
B,eigen_proxy,1,0.8,25,3,maxdeg_cap85_recal,10000,124455,24.891,99,0.8758667791571251,20,454,4,1798,2.4184698826810087,99,lspar,0.2,0.20362,0.375,ok,25342,0.0969831691436807,0.0333807357180921,0.0161350532646563,8,0.5782111724966926,1.1022644249969744,0.0681890475763468,0.0225661265034151,0.0034888638151848,66,2.556980977637495,-0.001016700335515,8.394059847541059e-05,0.2887789500018698,1.3344931179963169,1.623272067998187,-0.0287941215673338,-0.0108146092146769,-0.0126461894494714,1.9787698051408027,0.6790386200363091,0.8259798496765396
B,eigen_proxy,1,0.8,25,3,maxdeg_cap85_recal,10000,124455,24.891,99,0.8758667791571251,20,454,4,1798,2.4184698826810087,99,lspar,0.15,0.15431,0.257812,ok,19205,0.0969831691436807,0.0333807357180921,0.0161350532646563,8,0.5782111724966926,1.1022644249969744,0.050385879243594,0.018336944161783,0.0030029135962484,78,2.282715269147688,-0.0010199498149311,-0.0004142540720147,0.3114746240025852,1.834616977997939,2.1460916020005243,-0.0465972899000866,-0.0150437915563091,-0.0131321396684078,1.7045040966509952,0.51361480748048,0.6008144687507697
B,eigen_proxy,1,0.8,25,3,maxdeg_cap85_recal,10000,124455,24.891,99,0.8758667791571251,20,454,4,1798,2.4184698826810087,99,lspar,0.05,0.06379,0.0,floor,7939,0.0969831691436807,0.0333807357180921,0.0161350532646563,8,0.5782111724966926,1.1022644249969744,0.0629192323082896,0.0365833556001642,0.0035192537518513,2061,1.1458344732115542,0.0010132728294715,5.233627855537664e-05,0.2676193970037275,0.0020710190001409,0.2696904160038684,-0.0340639368353911,0.0032026198820721,-0.0126157995128049,0.5676233007148616,4.087147186502777,532.2328886996962
B,eigen_proxy,1,0.8,25,3,maxdeg_cap85_recal,10000,124455,24.891,99,0.8758667791571251,20,454,4,1798,2.4184698826810087,99,dspar,0.2,0.20094,0.2,ok,25008,0.0969831691436807,0.0333807357180921,0.0161350532646563,8,0.5782111724966926,1.1022644249969744,-5.947031463668405e-05,0.0010390102711117,0.0002144700182464,197,13.721385856392205,0.0003705665161063,2.4319453323064232e-05,0.025844005998806,0.0023794580047251,0.0282234640035312,-0.0970426394583174,-0.0323417254469803,-0.0159205832464098,13.143174683895513,39.05489506387527,463.2418066669301
B,eigen_proxy,1,0.8,25,3,maxdeg_cap85_recal,10000,124455,24.891,99,0.8758667791571251,20,454,4,1798,2.4184698826810087,99,dspar,0.15,0.14997,0.15,ok,18665,0.0969831691436807,0.0333807357180921,0.0161350532646563,8,0.5782111724966926,1.1022644249969744,-0.0003676853063205,0.0011171838615197,0.0003416301827415,559,22.26132516405975,0.0003827650704286,-1.4498742222533382e-05,0.0232173510012216,0.0021041519939899,0.0253215029952116,-0.0973508544500013,-0.0322635518565724,-0.0157934230819147,21.68311399156305,43.530766132066326,523.8520925034668
B,eigen_proxy,1,0.8,25,3,maxdeg_cap85_recal,10000,124455,24.891,99,0.8758667791571251,20,454,4,1798,2.4184698826810087,99,dspar,0.05,0.04995,0.05,ok,6217,0.0969831691436807,0.0333807357180921,0.0161350532646563,8,0.5782111724966926,1.1022644249969744,-0.0115353652301283,0.0010944594830773,-0.0003367151729575,4317,31.258543789818503,-0.0016072402311463,-0.0005444535271792,0.0232700779961305,0.0023300329994526,0.0256001109955832,-0.108518534373809,-0.0322862762350148,-0.0164717684376138,30.68033261732181,43.05701741633648,473.068160517855
B,eigen_proxy,1,0.8,25,3,maxdeg_cap85_recal,10000,124455,24.891,99,0.8758667791571251,20,454,4,1798,2.4184698826810087,99,random,0.5,0.5,0.5,ok,62228,0.0969831691436807,0.0333807357180921,0.0161350532646563,8,0.5782111724966926,1.1022644249969744,0.0824775487761166,0.0134025886318418,0.005685276584605,69,2.868491990576233,-0.0011237409852353,-0.0006306088664654,0.0023282300026039,1.3457106679998103,1.3480388980024145,-0.014505620367564,-0.0199781470862503,-0.0104497766800512,2.2902808180795406,0.8176799843315798,0.819094662179738
B,eigen_proxy,1,0.8,25,3,maxdeg_cap85_recal,10000,124455,24.891,99,0.8758667791571251,20,454,4,1798,2.4184698826810087,99,random,0.2,0.2,0.2,ok,24891,0.0969831691436807,0.0333807357180921,0.0161350532646563,8,0.5782111724966926,1.1022644249969744,-0.000119371223873,0.0026343177697607,0.0003968964967422,472,20.66077679856206,-0.0009130611739604,-8.323938448484019e-05,0.001718265004456,0.0021095909978612,0.0038278560023172,-0.0971025403675537,-0.0307464179483314,-0.0157381567679141,20.082565626065367,287.9586965470213,522.5014830431508
B,eigen_proxy,1,0.8,25,3,maxdeg_cap85_recal,10000,124455,24.891,99,0.8758667791571251,20,454,4,1798,2.4184698826810087,99,random,0.15,0.15,0.15,ok,18668,0.0969831691436807,0.0333807357180921,0.0161350532646563,8,0.5782111724966926,1.1022644249969744,-0.0010201384549028,0.0022688267024511,0.0004643729957322,1002,28.37972654131817,0.0007643962619608,9.906142668999998e-05,0.0016119089996209,0.0022231750044738,0.0038350840040948,-0.0980033075985835,-0.0311119090156409,-0.015670680268924,27.80151536882148,287.4159793683936,495.8064132507753
B,eigen_proxy,1,0.8,25,3,maxdeg_cap85_recal,10000,124455,24.891,99,0.8758667791571251,20,454,4,1798,2.4184698826810087,99,random,0.05,0.05,0.05,ok,6223,0.0969831691436807,0.0333807357180921,0.0161350532646563,8,0.5782111724966926,1.1022644249969744,-0.0192476134922197,0.0091098404357755,0.0027308894091473,4641,33.07097064103199,0.0002886395174183,0.0003908183706543,0.0015851499993004,0.0025458140007685,0.004130964000069,-0.1162307826359004,-0.0242708952823165,-0.0134041638555089,32.4927594685353,266.8298307558585,432.9713108122582
B,metis,0,0.8,50,1,maxdeg_cap85_recal,10000,255470,51.094,105,0.8798606489998826,20,470,10,2033,1.9903928740998695,105,lspar,0.5,0.50036,0.777344,ok,127826,0.0774332905917917,0.0761432986765955,0.0254316699859509,105,0.0226605383872493,0.5681330240040552,0.0720132044088634,0.1307405903042476,0.057606897408475,105,0.0217623528139767,0.0005600579982513,-1.0175304157024447e-06,1.112628647002566,0.3356618219986558,1.448290469001222,-0.0054200861829283,0.054597291627652,0.032175227422524,-0.0008981855732726,0.3922783696808101,1.6925756424164626
B,metis,0,0.8,50,1,maxdeg_cap85_recal,10000,255470,51.094,105,0.8798606489998826,20,470,10,2033,1.9903928740998695,105,lspar,0.2,0.2023,0.53125,ok,51682,0.0774332905917917,0.0761432986765955,0.0254316699859509,105,0.0226605383872493,0.5681330240040552,0.0426956439320528,0.0455002671222608,0.0131846765016884,105,0.0142372750201715,-0.0017320173137391,-0.0001169002704682,0.9327196840022224,0.2089821920017129,1.1417018760039357,-0.0347376466597388,-0.0306430315543347,-0.0122469934842624,-0.0084232633670777,0.4976194188211151,2.718571465646213
B,metis,0,0.8,50,1,maxdeg_cap85_recal,10000,255470,51.094,105,0.8798606489998826,20,470,10,2033,1.9903928740998695,105,lspar,0.15,0.1508,0.4375,ok,38525,0.0774332905917917,0.0761432986765955,0.0254316699859509,105,0.0226605383872493,0.5681330240040552,0.0319609768576307,0.0309728236569463,0.0082343056435208,105,0.0150266430050094,0.00017273666348,3.513802247193145e-05,0.8817147230001865,0.1795106349964044,1.061225357996591,-0.045472313734161,-0.0451704750196491,-0.01719736434243,-0.0076338953822398,0.5353556807920531,3.1648989711135216
B,metis,0,0.8,50,1,maxdeg_cap85_recal,10000,255470,51.094,105,0.8798606489998826,20,470,10,2033,1.9903928740998695,105,lspar,0.05,0.05971,0.0625,ok,15253,0.0774332905917917,0.0761432986765955,0.0254316699859509,105,0.0226605383872493,0.5681330240040552,0.0329179644803645,0.0206613478190405,0.0039863274842712,105,0.0164286335402552,-0.0020319736075571,-0.0001782115782963,1.160224956998718,0.0789039349983795,1.2391288919970975,-0.0445153261114272,-0.0554819508575549,-0.0214453425016796,-0.006231904846994,0.458493888467404,7.200312937697251
B,metis,0,0.8,50,1,maxdeg_cap85_recal,10000,255470,51.094,105,0.8798606489998826,20,470,10,2033,1.9903928740998695,105,dspar,0.5,0.49982,0.5,ok,127689,0.0774332905917917,0.0761432986765955,0.0254316699859509,105,0.0226605383872493,0.5681330240040552,0.062774027080756,0.0174053667038932,0.0029644066880606,105,0.0193080294178354,-5.798547160557832e-05,-5.351070263721096e-05,0.0502127920044586,0.3315234689944191,0.3817362609988777,-0.0146592635110357,-0.0587379319727023,-0.0224672632978903,-0.0033525089694138,1.4882867624821354,1.7137037861220594
B,metis,0,0.8,50,1,maxdeg_cap85_recal,10000,255470,51.094,105,0.8798606489998826,20,470,10,2033,1.9903928740998695,105,dspar,0.2,0.19957,0.2,ok,50984,0.0774332905917917,0.0761432986765955,0.0254316699859509,105,0.0226605383872493,0.5681330240040552,0.046488645326773,0.0086367753298926,0.0012872123157126,105,0.0138636214604986,0.0002470910552949,8.024277885546296e-05,0.0490662179945502,0.192471235000994,0.2415374529955443,-0.0309446452650186,-0.0675065233467029,-0.0241444576702382,-0.0087969169267506,2.352152914415868,2.951781464908878
B,metis,0,0.8,50,1,maxdeg_cap85_recal,10000,255470,51.094,105,0.8798606489998826,20,470,10,2033,1.9903928740998695,105,dspar,0.15,0.14923,0.15,ok,38124,0.0774332905917917,0.0761432986765955,0.0254316699859509,105,0.0226605383872493,0.5681330240040552,0.0433665051526937,0.0088625882203849,0.0012320515751816,105,0.0138636214604986,0.0016857295795674,0.0001432836251766,0.0478358320033294,0.1553508899960434,0.2031867219993728,-0.034066785439098,-0.0672807104562106,-0.0241996184107692,-0.0087969169267506,2.7961129468184875,3.657095392363216
B,metis,0,0.8,50,1,maxdeg_cap85_recal,10000,255470,51.094,105,0.8798606489998826,20,470,10,2033,1.9903928740998695,105,dspar,0.05,0.04971,0.05,ok,12700,0.0774332905917917,0.0761432986765955,0.0254316699859509,105,0.0226605383872493,0.5681330240040552,0.0310748271434739,0.010034817663305,0.0015053197053049,105,0.0167451485511475,-0.0009113408134276,-0.0002427042850042,0.04726045300049,0.0733440120020532,0.1206044650025432,-0.0463584634483178,-0.0661084810132905,-0.0239263502806459,-0.0059153898361017,4.710713023701689,7.746140530029238
B,metis,0,0.8,50,1,maxdeg_cap85_recal,10000,255470,51.094,105,0.8798606489998826,20,470,10,2033,1.9903928740998695,105,random,0.5,0.5,0.5,ok,127735,0.0774332905917917,0.0761432986765955,0.0254316699859509,105,0.0226605383872493,0.5681330240040552,0.0598492314575072,0.0251340511117025,0.0045100206387248,105,0.0142372750201715,-9.911571886819426e-05,0.0001037419982641,0.0045985109973116,0.3550248340034159,0.3596233450007275,-0.0175840591342845,-0.0510092475648929,-0.020921649347226,-0.0084232633670777,1.579800176773579,1.6002627692196565
B,metis,0,0.8,50,1,maxdeg_cap85_recal,10000,255470,51.094,105,0.8798606489998826,20,470,10,2033,1.9903928740998695,105,random,0.2,0.2,0.2,ok,51094,0.0774332905917917,0.0761432986765955,0.0254316699859509,105,0.0226605383872493,0.5681330240040552,0.0449860256706447,0.0185204778097597,0.0027296291857037,105,0.0161058995402305,0.0014607102638018,0.0002251192677966,0.0037111109995748,0.1904510219974327,0.1941621329970075,-0.032447264921147,-0.0576228208668358,-0.0227020408002472,-0.0065546388470187,2.9260753125987304,2.983092545503451
B,metis,0,0.8,50,1,maxdeg_cap85_recal,10000,255470,51.094,105,0.8798606489998826,20,470,10,2033,1.9903928740998695,105,random,0.15,0.15,0.15,ok,38320,0.0774332905917917,0.0761432986765955,0.0254316699859509,105,0.0226605383872493,0.5681330240040552,0.0417767663838538,0.016065734509117,0.0021868127507917,105,0.0169941166289984,-0.0007405516266919,-7.865216482045846e-05,0.003604395998991,0.159524605005572,0.1631290010045631,-0.0356565242079379,-0.0600775641674784,-0.0232448572351591,-0.0056664217582509,3.48272238844988,3.561413137391632
B,metis,0,0.8,50,1,maxdeg_cap85_recal,10000,255470,51.094,105,0.8798606489998826,20,470,10,2033,1.9903928740998695,105,random,0.05,0.05,0.05,ok,12774,0.0774332905917917,0.0761432986765955,0.0254316699859509,105,0.0226605383872493,0.5681330240040552,0.0299129654426655,0.012794430479725,0.0018324819899127,105,0.0164286335402552,0.0018457296339921,6.081273876050403e-05,0.0033342099995934,0.0805049999980838,0.0838392099976772,-0.0475203251491262,-0.0633488681968704,-0.0235991879960381,-0.006231904846994,6.776459654376458,7.057114763276542
B,eigen_proxy,1,0.8,50,1,maxdeg_cap85_recal,10000,255470,51.094,105,0.8798606489998826,20,470,10,2033,1.9903928740998695,105,lspar,0.5,0.50036,0.777344,ok,127826,0.0552458956783934,0.0338165032016484,0.0089382922159291,4,0.5576201574548754,1.2524870540000848,0.0541741673512087,0.0289465330932553,0.0080376925395351,5,0.7263495714874484,0.0001188483507084,0.0003070010193772,1.1095309579977766,0.4610316770049394,1.570562635002716,-0.0010717283271847,-0.004869970108393,-0.0009005996763939,0.168729414032573,0.7974766660598155,2.716704982479253
B,eigen_proxy,1,0.8,50,1,maxdeg_cap85_recal,10000,255470,51.094,105,0.8798606489998826,20,470,10,2033,1.9903928740998695,105,lspar,0.2,0.2023,0.53125,ok,51682,0.0552458956783934,0.0338165032016484,0.0089382922159291,4,0.5576201574548754,1.2524870540000848,-0.0176931295951359,0.0073861518796207,0.0006347732310273,5,0.3862688183118073,-0.0003359596723098,-1.7291573388858445e-05,0.9280356590024894,0.3466305830006604,1.2746662420031498,-0.0729390252735294,-0.0264303513220276,-0.0083035189849017,-0.171351339143068,0.982600003614899,3.613319526389564
B,eigen_proxy,1,0.8,50,1,maxdeg_cap85_recal,10000,255470,51.094,105,0.8798606489998826,20,470,10,2033,1.9903928740998695,105,lspar,0.15,0.1508,0.4375,ok,38525,0.0552458956783934,0.0338165032016484,0.0089382922159291,4,0.5576201574548754,1.2524870540000848,-0.0197226942092256,0.008806840909007,0.001727665638103,44,1.600865316008814,0.0009842455154029,9.71457679498695e-05,0.8821078189939726,0.8844926270030555,1.766600445997028,-0.074968589887619,-0.0250096622926413,-0.007210626577826,1.0432451585539386,0.7089815112625596,1.416051435322771
B,eigen_proxy,1,0.8,50,1,maxdeg_cap85_recal,10000,255470,51.094,105,0.8798606489998826,20,470,10,2033,1.9903928740998695,105,lspar,0.05,0.05971,0.0625,ok,15253,0.0552458956783934,0.0338165032016484,0.0089382922159291,4,0.5576201574548754,1.2524870540000848,0.0211429212350428,0.0136019249484348,0.0033624666201922,90,2.2447773163501097,8.037123365484719e-05,-0.0004405959140415,1.1725249770024675,3.380851118003193,4.55337609500566,-0.0341029744433506,-0.0202145782532136,-0.0055758255957368,1.6871571588952343,0.2750677800091819,0.3704650131827846
B,eigen_proxy,1,0.8,50,1,maxdeg_cap85_recal,10000,255470,51.094,105,0.8798606489998826,20,470,10,2033,1.9903928740998695,105,dspar,0.5,0.49982,0.5,ok,127689,0.0552458956783934,0.0338165032016484,0.0089382922159291,4,0.5576201574548754,1.2524870540000848,0.0488524138623448,0.0144496032273569,0.007149026286084,12,0.8546446747040548,0.0002570283575746,0.0002495990458556,0.0504082620027475,1.383533090003766,1.4339413520065136,-0.0063934818160486,-0.0193668999742914,-0.001789265929845,0.2970245172491794,0.8734576572796928,0.9052816033454432
B,eigen_proxy,1,0.8,50,1,maxdeg_cap85_recal,10000,255470,51.094,105,0.8798606489998826,20,470,10,2033,1.9903928740998695,105,dspar,0.2,0.19957,0.2,ok,50984,0.0552458956783934,0.0338165032016484,0.0089382922159291,4,0.5576201574548754,1.2524870540000848,0.0379538495004902,0.0067374050821293,0.0034072928205433,23,1.4248558242853906,0.0007209693108654,4.726027362109856e-05,0.0506464979989687,1.2172102770055062,1.267856775004475,-0.0172920461779032,-0.027079098119519,-0.0055309993953857,0.8672356668305152,0.987877399634248,1.028981662134306
B,eigen_proxy,1,0.8,50,1,maxdeg_cap85_recal,10000,255470,51.094,105,0.8798606489998826,20,470,10,2033,1.9903928740998695,105,dspar,0.15,0.14923,0.15,ok,38124,0.0552458956783934,0.0338165032016484,0.0089382922159291,4,0.5576201574548754,1.2524870540000848,0.0357469351579342,0.0068536941692281,0.0031141309277664,84,2.6194890646841804,-4.929433531723501e-05,-0.0001592642495285,0.0504235480038914,1.3589314830023795,1.409355031006271,-0.0194989605204592,-0.0269628090324202,-0.0058241612881626,2.061868907229305,0.888695202021464,0.9216704960230078
B,eigen_proxy,1,0.8,50,1,maxdeg_cap85_recal,10000,255470,51.094,105,0.8798606489998826,20,470,10,2033,1.9903928740998695,105,dspar,0.05,0.04971,0.05,ok,12700,0.0552458956783934,0.0338165032016484,0.0089382922159291,4,0.5576201574548754,1.2524870540000848,-0.0040927374279557,0.0054771805126847,0.0010126543699672,1689,33.64858572183979,-0.0010708797967422,-0.0001548183513596,0.0543215299985604,0.0021241740032564,0.0564457040018169,-0.0593386331063492,-0.0283393226889636,-0.0079256378459618,33.09096556438491,22.18923611901038,589.6348661079307
B,eigen_proxy,1,0.8,50,1,maxdeg_cap85_recal,10000,255470,51.094,105,0.8798606489998826,20,470,10,2033,1.9903928740998695,105,random,0.5,0.5,0.5,ok,127735,0.0552458956783934,0.0338165032016484,0.0089382922159291,4,0.5576201574548754,1.2524870540000848,0.0464904165845698,0.0180449475092017,0.0097668015203105,8,0.6882199648368245,0.0006541143251198,8.21037135728008e-06,0.0049343460050295,1.1221766090020535,1.1271109550070832,-0.0087554790938236,-0.0157715556924466,0.0008285093043814,0.1305998073819491,1.1112366962950986,1.116122938183425
B,eigen_proxy,1,0.8,50,1,maxdeg_cap85_recal,10000,255470,51.094,105,0.8798606489998826,20,470,10,2033,1.9903928740998695,105,random,0.2,0.2,0.2,ok,51094,0.0552458956783934,0.0338165032016484,0.0089382922159291,4,0.5576201574548754,1.2524870540000848,0.035894247073239,0.0070964081258095,0.0035006943099108,81,3.585092143864644,-8.41900755897064e-05,0.0003239123985219,0.0037945970034343,0.8694860129980952,0.8732806100015296,-0.0193516486051544,-0.0267200950758388,-0.0054375979060182,3.027471986409769,1.4342320665952848,1.4404913193270985
B,eigen_proxy,1,0.8,50,1,maxdeg_cap85_recal,10000,255470,51.094,105,0.8798606489998826,20,470,10,2033,1.9903928740998695,105,random,0.15,0.15,0.15,ok,38320,0.0552458956783934,0.0338165032016484,0.0089382922159291,4,0.5576201574548754,1.2524870540000848,-2.318511964891697e-06,0.0020060281605264,0.0002806711513855,132,11.292135773183034,0.0004574971478616,6.648199001796774e-05,0.0049778339962358,0.0022652970001217,0.0072431309963576,-0.0552482141903583,-0.031810475041122,-0.0086576210645435,10.734515615728158,172.92066851060991,552.9019170257791
B,eigen_proxy,1,0.8,50,1,maxdeg_cap85_recal,10000,255470,51.094,105,0.8798606489998826,20,470,10,2033,1.9903928740998695,105,random,0.05,0.05,0.05,ok,12774,0.0552458956783934,0.0338165032016484,0.0089382922159291,4,0.5576201574548754,1.2524870540000848,-0.006080050753574,0.0081354949964261,0.001780616733338,2031,35.408945698792,0.0011877561346267,0.0001484851558876,0.0032241139997495,0.0021925269975326,0.0054166409972822,-0.0613259464319675,-0.0256810082052222,-0.007157675482591,34.851325541337125,231.22947498800704,571.2527396057332
B,metis,0,0.8,50,2,maxdeg_cap85_recal,10000,241631,48.3262,102,0.88510166327996,20,460,11,2051,1.9632636979513576,102,lspar,0.5,0.49551,0.773438,ok,119730,0.0800984441370954,0.0626464934441732,0.0216111005351301,102,0.0178918976075764,0.5708110609994037,0.0745254210717483,0.1159808452497186,0.0515032970449925,102,0.0168344884092151,-0.0002014367696969,-2.5643880695901696e-05,1.0139502759993777,0.3513848069997038,1.3653350829990814,-0.005573023065347,0.0533343518055453,0.0298921965098623,-0.0010574091983612,0.4180739718088587,1.6244614156009447
B,metis,0,0.8,50,2,maxdeg_cap85_recal,10000,241631,48.3262,102,0.88510166327996,20,460,11,2051,1.9632636979513576,102,lspar,0.2,0.19662,0.515625,ok,47510,0.0800984441370954,0.0626464934441732,0.0216111005351301,102,0.0178918976075764,0.5708110609994037,0.0465540870480052,0.0327920259254668,0.0075050842663775,102,0.0142056326856638,-0.0006128525934188,1.2702624183228985e-05,0.8518333669999265,0.2134559690020978,1.0652893360020244,-0.0335443570890901,-0.0298544675187064,-0.0141060162687526,-0.0036862649219126,0.5358272552897488,2.6741396067204555
B,metis,0,0.8,50,2,maxdeg_cap85_recal,10000,241631,48.3262,102,0.88510166327996,20,460,11,2051,1.9632636979513576,102,lspar,0.15,0.15444,0.4375,ok,37317,0.0800984441370954,0.0626464934441732,0.0216111005351301,102,0.0178918976075764,0.5708110609994037,0.0387362489113479,0.0260929190267019,0.0053086619474261,102,0.0126079340099795,0.0015697323779604,9.469770043399434e-05,0.7885179949953454,0.1917262060014763,0.9802442009968216,-0.0413621952257474,-0.0365535744174713,-0.0163024385877039,-0.0052839635975968,0.5823151623023521,2.977219822495252
B,metis,0,0.8,50,2,maxdeg_cap85_recal,10000,241631,48.3262,102,0.88510166327996,20,460,11,2051,1.9632636979513576,102,lspar,0.05,0.06243,0.0625,ok,15084,0.0800984441370954,0.0626464934441732,0.0216111005351301,102,0.0178918976075764,0.5708110609994037,0.0364310385950802,0.0224742585447741,0.004000827054666,102,0.0148377895927931,0.0024552384786989,0.0001201028915387,1.0834827889993903,0.0762663569985306,1.159749145997921,-0.0436674055420152,-0.0401722348993991,-0.0176102734804641,-0.0030541080147833,0.4921849375523722,7.484441154182843
B,metis,0,0.8,50,2,maxdeg_cap85_recal,10000,241631,48.3262,102,0.88510166327996,20,460,11,2051,1.9632636979513576,102,dspar,0.5,0.50042,0.5,ok,120916,0.0800984441370954,0.0626464934441732,0.0216111005351301,102,0.0178918976075764,0.5708110609994037,0.0653431073169787,0.0205978366758513,0.0031482139690101,102,0.0142056326856638,0.0018996729474617,0.0001934913504914,0.0524352819993509,0.327806661996874,0.380241943996225,-0.0147553368201167,-0.0420486567683219,-0.01846288656612,-0.0036862649219126,1.5011785785659424,1.741304028180022
B,metis,0,0.8,50,2,maxdeg_cap85_recal,10000,241631,48.3262,102,0.88510166327996,20,460,11,2051,1.9632636979513576,102,dspar,0.2,0.19915,0.2,ok,48121,0.0800984441370954,0.0626464934441732,0.0216111005351301,102,0.0178918976075764,0.5708110609994037,0.0493068553628449,0.0137537818977066,0.0018261668441598,102,0.0140612943927648,0.0001957757948333,7.34799218914122e-05,0.0458706770004937,0.1869004920008592,0.2327711690013529,-0.0307915887742505,-0.0488927115464666,-0.0197849336909703,-0.0038306032148116,2.452241243828981,3.0540907350676183
B,metis,0,0.8,50,2,maxdeg_cap85_recal,10000,241631,48.3262,102,0.88510166327996,20,460,11,2051,1.9632636979513576,102,dspar,0.15,0.14889,0.15,ok,35976,0.0800984441370954,0.0626464934441732,0.0216111005351301,102,0.0178918976075764,0.5708110609994037,0.0456226106010967,0.0109191404000269,0.0017200994986956,102,0.0135440023626696,0.0019991926248326,5.434915874351596e-05,0.0435253100004047,0.1555871130040031,0.1991124230044079,-0.0344758335359986,-0.0517273530441463,-0.0198910010364344,-0.0043478952449068,2.866777734841624,3.668755399971442
B,metis,0,0.8,50,2,maxdeg_cap85_recal,10000,241631,48.3262,102,0.88510166327996,20,460,11,2051,1.9632636979513576,102,dspar,0.05,0.05005,0.05,ok,12093,0.0800984441370954,0.0626464934441732,0.0216111005351301,102,0.0178918976075764,0.5708110609994037,0.0334465775963552,0.010229822570108,0.001602257394488,102,0.0149063744753712,0.0007843154980299,0.0001297360796982,0.0462851310003316,0.072200160997454,0.1184852919977856,-0.0466518665407402,-0.0524166708740652,-0.0200088431406421,-0.0029855231322051,4.817568926699116,7.905952744614124
B,metis,0,0.8,50,2,maxdeg_cap85_recal,10000,241631,48.3262,102,0.88510166327996,20,460,11,2051,1.9632636979513576,102,random,0.5,0.5,0.5,ok,120816,0.0800984441370954,0.0626464934441732,0.0216111005351301,102,0.0178918976075764,0.5708110609994037,0.0634711847878968,0.025628336305448,0.0054603483692076,102,0.0129274900889538,-0.0002715583719384,-0.0001690067841453,0.0059189430030528,0.36117527600436,0.3670942190074129,-0.0166272593491985,-0.0370181571387252,-0.0161507521659224,-0.0049644075186226,1.5549442934373126,1.5804267316252094
B,metis,0,0.8,50,2,maxdeg_cap85_recal,10000,241631,48.3262,102,0.88510166327996,20,460,11,2051,1.9632636979513576,102,random,0.2,0.2,0.2,ok,48326,0.0800984441370954,0.0626464934441732,0.0216111005351301,102,0.0178918976075764,0.5708110609994037,0.0475417111813264,0.0173386159250769,0.0026128058565165,102,0.0140612943927648,0.0004484987688304,0.0001466235493561,0.0036738790004164,0.1829980539987445,0.186671932999161,-0.0325567329557689,-0.0453078775190963,-0.0189982946786136,-0.0038306032148116,3.0578301291923142,3.1192192951041964
B,metis,0,0.8,50,2,maxdeg_cap85_recal,10000,241631,48.3262,102,0.88510166327996,20,460,11,2051,1.9632636979513576,102,random,0.15,0.15,0.15,ok,36245,0.0800984441370954,0.0626464934441732,0.0216111005351301,102,0.0178918976075764,0.5708110609994037,0.0448210553552096,0.0152411679513978,0.0026017653089746,102,0.0140612943927648,-0.0020387052704537,-0.0002632567781349,0.0051244880014564,0.1583392989996355,0.163463787001092,-0.0352773887818857,-0.0474053254927754,-0.0190093352261554,-0.0038306032148116,3.4919725736905294,3.6049866622228617
B,metis,0,0.8,50,2,maxdeg_cap85_recal,10000,241631,48.3262,102,0.88510166327996,20,460,11,2051,1.9632636979513576,102,random,0.05,0.05,0.05,ok,12082,0.0800984441370954,0.0626464934441732,0.0216111005351301,102,0.0178918976075764,0.5708110609994037,0.0306433352087935,0.0145409753258315,0.0024049613715469,102,0.0126079340099795,0.0014442279380398,0.0001816431074113,0.0031356520048575,0.0743674830009695,0.077503135005827,-0.0494551089283019,-0.0481055181183417,-0.0192061391635831,-0.0052839635975968,7.365006085966553,7.675546327041379
B,eigen_proxy,1,0.8,50,2,maxdeg_cap85_recal,10000,241631,48.3262,102,0.88510166327996,20,460,11,2051,1.9632636979513576,102,lspar,0.5,0.49551,0.773438,ok,119730,0.0580992878569936,0.0328154256518497,0.0082660187489231,6,0.754885183322603,1.311061876003805,0.0620702583037972,0.0334987831478669,0.0105454560361717,8,0.7781607031969682,-0.0001678094088104,-0.0003927634007683,0.9880571239991696,0.955157855001744,1.9432149790009132,0.0039709704468036,0.0006833574960171,0.0022794372872485,0.0232755198743651,0.6746869956086258,1.3726127771847842
B,eigen_proxy,1,0.8,50,2,maxdeg_cap85_recal,10000,241631,48.3262,102,0.88510166327996,20,460,11,2051,1.9632636979513576,102,lspar,0.2,0.19662,0.515625,ok,47510,0.0580992878569936,0.0328154256518497,0.0082660187489231,6,0.754885183322603,1.311061876003805,-0.001156570373654,0.011446713747047,0.0047138153200805,18,1.0588093123882127,-0.000345375714356,-0.0005510225161531,0.8480883449956309,0.8025731899979291,1.65066153499356,-0.0592558582306476,-0.0213687119048027,-0.0035522034288426,0.3039241290656097,0.7942645104460619,1.6335729779450867
B,eigen_proxy,1,0.8,50,2,maxdeg_cap85_recal,10000,241631,48.3262,102,0.88510166327996,20,460,11,2051,1.9632636979513576,102,lspar,0.15,0.15444,0.4375,ok,37317,0.0580992878569936,0.0328154256518497,0.0082660187489231,6,0.754885183322603,1.311061876003805,-0.0078912471003866,0.0097621592824227,0.0033606725023092,68,2.26470625026735,0.0003126386669442,0.0003675590518494,0.7865965309974854,1.0462072200025432,1.8328037510000288,-0.0659905349573802,-0.0230532663694269,-0.0049053462466138,1.5098210669447467,0.7153312924465881,1.2531569759197592
B,eigen_proxy,1,0.8,50,2,maxdeg_cap85_recal,10000,241631,48.3262,102,0.88510166327996,20,460,11,2051,1.9632636979513576,102,lspar,0.05,0.06243,0.0625,ok,15084,0.0580992878569936,0.0328154256518497,0.0082660187489231,6,0.754885183322603,1.311061876003805,0.0271389619609688,0.0111397242822413,0.0024162724885165,92,1.923094589457315,0.0006172888905768,-0.0001332723281074,1.0606146969948895,3.9111489489951055,4.971763645989995,-0.0309603258960247,-0.0216757013696084,-0.0058497462604065,1.168209406134712,0.2637015693739282,0.335211441216182
B,eigen_proxy,1,0.8,50,2,maxdeg_cap85_recal,10000,241631,48.3262,102,0.88510166327996,20,460,11,2051,1.9632636979513576,102,dspar,0.5,0.50042,0.5,ok,120916,0.0580992878569936,0.0328154256518497,0.0082660187489231,6,0.754885183322603,1.311061876003805,0.0509707056540663,0.0139355846781918,0.009355300132856,52,2.636146839612695,0.0012391649079962,-3.162599135347556e-05,0.0476977650032495,1.3115086409961805,1.35920640599943,-0.0071285822029272,-0.0188798409736579,0.0010892813839329,1.881261656290092,0.9645789412239976,0.999659350324954
B,eigen_proxy,1,0.8,50,2,maxdeg_cap85_recal,10000,241631,48.3262,102,0.88510166327996,20,460,11,2051,1.9632636979513576,102,dspar,0.15,0.14889,0.15,ok,35976,0.0580992878569936,0.0328154256518497,0.0082660187489231,6,0.754885183322603,1.311061876003805,0.0369785069478925,0.0040614402328449,0.0023362386166829,85,2.8826862472353807,-0.0006579063612023,-0.000118227640573,0.0470399939949857,1.3636657550014206,1.4107057489964063,-0.021120780909101,-0.0287539854190048,-0.0059297801322401,2.1278010639127776,0.9293659410805626,0.9614246535086152
B,eigen_proxy,1,0.8,50,2,maxdeg_cap85_recal,10000,241631,48.3262,102,0.88510166327996,20,460,11,2051,1.9632636979513576,102,dspar,0.05,0.05005,0.05,ok,12093,0.0580992878569936,0.0328154256518497,0.0082660187489231,6,0.754885183322603,1.311061876003805,-0.0037260602865041,0.0011620034810576,-4.195701560495343e-05,1679,33.5118580463692,-0.0010007889403531,-0.0002133139277204,0.0440781590004917,0.0021261860019876,0.0462043450024793,-0.0618253481434977,-0.0316534221707921,-0.008307975764528,32.7569728630466,28.37529405369672,616.6261440806028
B,eigen_proxy,1,0.8,50,2,maxdeg_cap85_recal,10000,241631,48.3262,102,0.88510166327996,20,460,11,2051,1.9632636979513576,102,random,0.5,0.5,0.5,ok,120816,0.0580992878569936,0.0328154256518497,0.0082660187489231,6,0.754885183322603,1.311061876003805,0.0468236457085332,0.0201247492781574,0.0091245754041857,8,0.6439826084608186,-0.0004773620679524,-0.000302128370562,0.0045143009992898,1.0337042579994886,1.0382185589987785,-0.0112756421484604,-0.0126906763736923,0.0008585566552626,-0.1109025748617844,1.262799498853254,1.268314284146495
B,eigen_proxy,1,0.8,50,2,maxdeg_cap85_recal,10000,241631,48.3262,102,0.88510166327996,20,460,11,2051,1.9632636979513576,102,random,0.2,0.2,0.2,ok,48326,0.0580992878569936,0.0328154256518497,0.0082660187489231,6,0.754885183322603,1.311061876003805,0.0370827788786344,0.0061067072909731,0.0020423557696767,81,3.737090028350936,0.0007380816369201,9.230672278307222e-05,0.0035279430012451,0.9214462000018102,0.9249741430030554,-0.0210165089783591,-0.0267087183608766,-0.0062236629792464,2.982204845028333,1.417403811686306,1.4228306286370591
B,eigen_proxy,1,0.8,50,2,maxdeg_cap85_recal,10000,241631,48.3262,102,0.88510166327996,20,460,11,2051,1.9632636979513576,102,random,0.15,0.15,0.15,ok,36245,0.0580992878569936,0.0328154256518497,0.0082660187489231,6,0.754885183322603,1.311061876003805,-3.451540388997752e-05,0.0014560544474928,0.0001966256528156,137,11.502135707771837,0.0003154569210814,7.247035493816518e-05,0.0034116259994334,0.0022182320026331,0.0056298580020666,-0.0581338032608835,-0.0313593712043569,-0.0080693930961074,10.747250524449234,232.8765442259005,591.0391133332788
B,eigen_proxy,1,0.8,50,2,maxdeg_cap85_recal,10000,241631,48.3262,102,0.88510166327996,20,460,11,2051,1.9632636979513576,102,random,0.05,0.05,0.05,ok,12082,0.0580992878569936,0.0328154256518497,0.0082660187489231,6,0.754885183322603,1.311061876003805,-0.0066770039880592,0.0070164572666539,0.001274492751744,2201,35.91897740944193,0.000177972395279,-2.9377537018132687e-05,0.0029733370029134,0.0021919719947618,0.0051653089976753,-0.0647762918450528,-0.0257989683851958,-0.006991525997179,35.16409222611933,253.82060910467487,598.1198113556425
B,metis,0,0.8,50,3,maxdeg_cap85_recal,10000,243336,48.6672,107,0.8839053818588289,20,469,11,1928,1.9401342489735185,107,lspar,0.5,0.49585,0.773438,ok,120659,0.0792182593050503,0.0623175786346768,0.0170405527924264,107,0.0219079894102585,0.5663186320016393,0.0737912655550678,0.1199249360059817,0.0528771249997168,107,0.0213639883916837,-0.0035432084282569,-0.0003011028007342,0.9686982799976248,0.3445973339985357,1.313295613996161,-0.0054269937499824,0.0576073573713048,0.0358365722072903,-0.0005440010185747,0.431219464959924,1.6434213968818625
B,metis,0,0.8,50,3,maxdeg_cap85_recal,10000,243336,48.6672,107,0.8839053818588289,20,469,11,1928,1.9401342489735185,107,lspar,0.2,0.19648,0.515625,ok,47811,0.0792182593050503,0.0623175786346768,0.0170405527924264,107,0.0219079894102585,0.5663186320016393,0.0477175426178425,0.0354231871031783,0.0085052363957862,107,0.0126925174807837,0.0003271575818566,9.777049549491914e-05,0.8334450890033622,0.2116310620040167,1.045076151007379,-0.0315007166872077,-0.0268943915314985,-0.0085353163966402,-0.0092154719294748,0.5418922166157447,2.675971223878708
B,metis,0,0.8,50,3,maxdeg_cap85_recal,10000,243336,48.6672,107,0.8839053818588289,20,469,11,1928,1.9401342489735185,107,lspar,0.15,0.15418,0.4375,ok,37517,0.0792182593050503,0.0623175786346768,0.0170405527924264,107,0.0219079894102585,0.5663186320016393,0.0393378545887423,0.0271103633690258,0.005354040292034,107,0.0127765410029475,-0.0017204577144067,-9.98399425207716e-05,0.7731247609990533,0.1890069109940668,0.96213167199312,-0.039880404716308,-0.035207215265651,-0.0116865125003924,-0.0091314484073109,0.5886082419763528,2.9962853158285663
B,metis,0,0.8,50,3,maxdeg_cap85_recal,10000,243336,48.6672,107,0.8839053818588289,20,469,11,1928,1.9401342489735185,107,lspar,0.05,0.06216,0.0625,ok,15125,0.0792182593050503,0.0623175786346768,0.0170405527924264,107,0.0219079894102585,0.5663186320016393,0.0380612419933525,0.020804342146532,0.004002520205737,107,0.0172023254241977,-0.0006523151578908,6.70058287276232e-05,1.0575332220032578,0.0840736390018719,1.1416068610051298,-0.0411570173116977,-0.0415132364881448,-0.0130380325866894,-0.0047056639860607,0.49607150354985,6.735983344185091
B,metis,0,0.8,50,3,maxdeg_cap85_recal,10000,243336,48.6672,107,0.8839053818588289,20,469,11,1928,1.9401342489735185,107,dspar,0.5,0.49965,0.5,ok,121584,0.0792182593050503,0.0623175786346768,0.0170405527924264,107,0.0219079894102585,0.5663186320016393,0.065458587309084,0.0195935653674474,0.0031576203251794,107,0.0189203594046201,-0.0013043084115972,-0.0002156093031727,0.048079839994898,0.3690285960037727,0.4171084359986707,-0.0137596719959662,-0.0427240132672294,-0.013882932467247,-0.0029876300056383,1.3577251935596049,1.5346199132921658
B,metis,0,0.8,50,3,maxdeg_cap85_recal,10000,243336,48.6672,107,0.8839053818588289,20,469,11,1928,1.9401342489735185,107,dspar,0.2,0.20024,0.2,ok,48725,0.0792182593050503,0.0623175786346768,0.0170405527924264,107,0.0219079894102585,0.5663186320016393,0.0489578500782094,0.014095402129358,0.0019477810622855,107,0.015081114017207,0.0006056041860882,5.189284000359445e-05,0.0528043770027579,0.1855024880060227,0.2383068650087807,-0.0302604092268409,-0.0482221765053188,-0.0150927717301409,-0.0068268753930514,2.3764260084608666,3.0528896840631727
B,metis,0,0.8,50,3,maxdeg_cap85_recal,10000,243336,48.6672,107,0.8839053818588289,20,469,11,1928,1.9401342489735185,107,dspar,0.15,0.14935,0.15,ok,36343,0.0792182593050503,0.0623175786346768,0.0170405527924264,107,0.0219079894102585,0.5663186320016393,0.0455738788256306,0.0135537421649726,0.0018939995170128,107,0.0151518975709315,0.002850682087735,0.0002479919663112,0.0453867129981517,0.1615461990004405,0.2069329119985923,-0.0336443804794196,-0.0487638364697042,-0.0151465532754136,-0.006756091839327,2.736725765524876,3.505614093712567
B,metis,0,0.8,50,3,maxdeg_cap85_recal,10000,243336,48.6672,107,0.8839053818588289,20,469,11,1928,1.9401342489735185,107,dspar,0.05,0.04991,0.05,ok,12144,0.0792182593050503,0.0623175786346768,0.0170405527924264,107,0.0219079894102585,0.5663186320016393,0.033036164268131,0.0121304393375749,0.0017724557467038,107,0.0173879268459468,-0.0002782603583388,-2.314615992212289e-05,0.0467654699968989,0.0724080270010745,0.1191734969979734,-0.0461820950369193,-0.0501871392971019,-0.0152680970457225,-0.0045200625643116,4.752051809063468,7.821213413165302
B,metis,0,0.8,50,3,maxdeg_cap85_recal,10000,243336,48.6672,107,0.8839053818588289,20,469,11,1928,1.9401342489735185,107,random,0.5,0.5,0.5,ok,121668,0.0792182593050503,0.0623175786346768,0.0170405527924264,107,0.0219079894102585,0.5663186320016393,0.0627084217181854,0.0296705866148448,0.0059306075541036,107,0.0166330995307549,-0.0003516372938585,3.383627483516311e-05,0.0044240319984965,0.3705444579973118,0.3749684899958083,-0.0165098375868649,-0.032646992019832,-0.0111099452383228,-0.0052748898795035,1.5103099249965513,1.528341929771212
B,metis,0,0.8,50,3,maxdeg_cap85_recal,10000,243336,48.6672,107,0.8839053818588289,20,469,11,1928,1.9401342489735185,107,random,0.2,0.2,0.2,ok,48667,0.0792182593050503,0.0623175786346768,0.0170405527924264,107,0.0219079894102585,0.5663186320016393,0.0469613023662654,0.0181723420242787,0.0029106011003801,107,0.0159768582643772,0.0023883246296451,-6.570501791143172e-06,0.0034982860015588,0.1904751129986834,0.1939733990002423,-0.0322569569387849,-0.0441452366103981,-0.0141299516920463,-0.0059311311458812,2.919568533213834,2.973189636619633
B,metis,0,0.8,50,3,maxdeg_cap85_recal,10000,243336,48.6672,107,0.8839053818588289,20,469,11,1928,1.9401342489735185,107,random,0.15,0.15,0.15,ok,36500,0.0792182593050503,0.0623175786346768,0.0170405527924264,107,0.0219079894102585,0.5663186320016393,0.0441719513403665,0.0144456131091893,0.0025201218377969,107,0.0152223519864704,-0.0019099823733661,-0.000160268106842,0.0033187119988724,0.1568235509985243,0.1601422629973967,-0.0350463079646838,-0.0478719655254875,-0.0145204309546295,-0.0066856374237881,3.536347129120096,3.6111835779497703
B,metis,0,0.8,50,3,maxdeg_cap85_recal,10000,243336,48.6672,107,0.8839053818588289,20,469,11,1928,1.9401342489735185,107,random,0.05,0.05,0.05,ok,12167,0.0792182593050503,0.0623175786346768,0.0170405527924264,107,0.0219079894102585,0.5663186320016393,0.0308602653070485,0.0136882128602373,0.0019773507286922,107,0.0172644142675041,0.0003168791094942,-4.343061873800788e-05,0.0031870349994278,0.075175575002504,0.0783626100019319,-0.0483579939980018,-0.0486293657744394,-0.0150632020637342,-0.0046435751427544,7.22689854240023,7.533279685360247
B,eigen_proxy,1,0.8,50,3,maxdeg_cap85_recal,10000,243336,48.6672,107,0.8839053818588289,20,469,11,1928,1.9401342489735185,107,lspar,0.5,0.49585,0.773438,ok,120659,0.0573149518365441,0.0355541518840194,0.0120153611403598,9,0.6823240579079708,2.4725797770006466,0.0587915879020279,0.0322486834524843,0.01183782684846,4,0.4563964066466781,-0.0003954499968009,0.0003367429301737,0.9656650030010496,0.6970547910023015,1.6627197940033511,0.0014766360654837,-0.0033054684315351,-0.0001775342918998,-0.2259276512612926,1.4870694304103913,3.547181382177004
B,eigen_proxy,1,0.8,50,3,maxdeg_cap85_recal,10000,243336,48.6672,107,0.8839053818588289,20,469,11,1928,1.9401342489735185,107,lspar,0.2,0.19648,0.515625,ok,47811,0.0573149518365441,0.0355541518840194,0.0120153611403598,9,0.6823240579079708,2.4725797770006466,0.0018446232983333,0.0115153078431206,0.0053391294845205,71,2.550880608731032,-0.0004498035052156,-0.0001878557198601,0.8362292960009654,0.9628061900002648,1.7990354860012303,-0.0554703285382108,-0.0240388440408988,-0.0066762316558393,1.8685565508230608,1.374391887342102,2.5680970923130086
B,eigen_proxy,1,0.8,50,3,maxdeg_cap85_recal,10000,243336,48.6672,107,0.8839053818588289,20,469,11,1928,1.9401342489735185,107,lspar,0.15,0.15418,0.4375,ok,37517,0.0573149518365441,0.0355541518840194,0.0120153611403598,9,0.6823240579079708,2.4725797770006466,-0.0051594753818677,0.0128512897276347,0.0037034860183428,74,2.2647144632381364,-0.0002215267105026,5.0721853358493086e-05,0.7743957100028638,0.9811396889999742,1.755535399002838,-0.0624744272184119,-0.0227028621563846,-0.008311875122017,1.5823904053301656,1.40844768975043,2.520109832189972
B,eigen_proxy,1,0.8,50,3,maxdeg_cap85_recal,10000,243336,48.6672,107,0.8839053818588289,20,469,11,1928,1.9401342489735185,107,lspar,0.05,0.06216,0.0625,ok,15125,0.0573149518365441,0.0355541518840194,0.0120153611403598,9,0.6823240579079708,2.4725797770006466,-0.0147631580153302,0.0091310977197869,-0.0007123591213617,64,4.638200478633928,-0.0007968544963897,-0.0002582587988905,1.0485687149994192,0.9879482639953494,2.0365169789947686,-0.0720781098518744,-0.0264230541642324,-0.0127277202617216,3.9558764207259576,1.214121857319903,2.502742164859238
B,eigen_proxy,1,0.8,50,3,maxdeg_cap85_recal,10000,243336,48.6672,107,0.8839053818588289,20,469,11,1928,1.9401342489735185,107,dspar,0.5,0.49965,0.5,ok,121584,0.0573149518365441,0.0355541518840194,0.0120153611403598,9,0.6823240579079708,2.4725797770006466,0.0465926162427479,0.0174132081318086,0.0107372449559781,15,0.7225551882036418,0.0002591606373881,4.658844511236534e-05,0.0470587780000641,2.100367977996939,2.147426755997003,-0.0107223355937962,-0.0181409437522108,-0.0012781161843816,0.040231130295671,1.15141518568473,1.1772126612588505
B,eigen_proxy,1,0.8,50,3,maxdeg_cap85_recal,10000,243336,48.6672,107,0.8839053818588289,20,469,11,1928,1.9401342489735185,107,dspar,0.2,0.20024,0.2,ok,48725,0.0573149518365441,0.0355541518840194,0.0120153611403598,9,0.6823240579079708,2.4725797770006466,0.0381058840464169,0.0061447389060849,0.0019758025398137,78,3.005374998232333,-0.000292978685332,-9.219648644521464e-05,0.046810086001642,1.3929259719952825,1.4397360579969245,-0.0192090677901272,-0.0294094129779344,-0.0100395586005461,2.3230509403243627,1.717384074161966,1.7750977630626164
B,eigen_proxy,1,0.8,50,3,maxdeg_cap85_recal,10000,243336,48.6672,107,0.8839053818588289,20,469,11,1928,1.9401342489735185,107,dspar,0.15,0.14935,0.15,ok,36343,0.0573149518365441,0.0355541518840194,0.0120153611403598,9,0.6823240579079708,2.4725797770006466,0.0368881043471203,0.0061994255235805,0.0024351944858516,100,3.553064592714295,-0.0010150160546258,-2.359849849282693e-05,0.0502333440017537,1.065830112005642,1.116063456007396,-0.0204268474894238,-0.0293547263604388,-0.0095801666545081,2.870740534806324,2.215447306057355,2.3198629398336585
B,eigen_proxy,1,0.8,50,3,maxdeg_cap85_recal,10000,243336,48.6672,107,0.8839053818588289,20,469,11,1928,1.9401342489735185,107,dspar,0.05,0.04991,0.05,ok,12144,0.0573149518365441,0.0355541518840194,0.0120153611403598,9,0.6823240579079708,2.4725797770006466,-0.0028737216433613,0.0007191452428602,0.0001633707908614,1631,33.20670571435836,-0.0003529088356033,-3.969980093087963e-06,0.0485300759974052,0.002387838998402,0.0509179149958072,-0.0601886734799054,-0.0348350066411592,-0.0118519903494983,32.52438165645039,48.56011439596944,1035.4884808629702
B,eigen_proxy,1,0.8,50,3,maxdeg_cap85_recal,10000,243336,48.6672,107,0.8839053818588289,20,469,11,1928,1.9401342489735185,107,random,0.5,0.5,0.5,ok,121668,0.0573149518365441,0.0355541518840194,0.0120153611403598,9,0.6823240579079708,2.4725797770006466,0.0423894047852115,0.0212229357641646,0.0080671669946042,5,0.706395993759874,0.000674529264978,-5.078698315542449e-05,0.004429925000295,0.7731720949959708,0.7776020199962659,-0.0149255470513326,-0.0143312161198547,-0.0039481941457556,0.0240719358519032,3.179749683536728,3.1979682052719864
B,eigen_proxy,1,0.8,50,3,maxdeg_cap85_recal,10000,243336,48.6672,107,0.8839053818588289,20,469,11,1928,1.9401342489735185,107,random,0.15,0.15,0.15,ok,36500,0.0573149518365441,0.0355541518840194,0.0120153611403598,9,0.6823240579079708,2.4725797770006466,-3.2227560668163665e-05,0.0011966378261381,0.0001512047333078,132,11.294442236781771,-0.0001000796835057,-2.9340847847366103e-05,0.0035154840006725,0.0024647249956615,0.0059802089963341,-0.0573471793972123,-0.0343575140578813,-0.011864156407052,10.6121181788738,413.4604289777072,1003.1868794096484
B,eigen_proxy,1,0.8,50,3,maxdeg_cap85_recal,10000,243336,48.6672,107,0.8839053818588289,20,469,11,1928,1.9401342489735185,107,random,0.05,0.05,0.05,ok,12167,0.0573149518365441,0.0355541518840194,0.0120153611403598,9,0.6823240579079708,2.4725797770006466,-0.0068702452760283,0.0066754764237213,0.0011994523365748,2186,35.866421525432386,-0.0010971732062403,-0.0001485514098721,0.0030890519992681,0.0022605499980272,0.0053496019972953,-0.0641851971125725,-0.028878675460298,-0.0108159088037849,35.18409746752442,462.1988286700042,1093.7956599758495
B,metis,0,0.8,100,1,maxdeg_cap85,10000,716228,143.2456,112,0.8983829171716269,20,461,41,2099,1.3250797540454673,112,lspar,0.5,0.50242,0.824219,ok,359849,0.0402810773343199,0.1494104728590354,0.0731505427355646,112,0.0200479425378266,1.3185650599989458,0.0404159871119955,0.1849744277804246,0.1078287368271579,112,0.0171580884716217,0.0011132090681654,7.855754201808127e-05,5.105102127003192,0.6805834309998318,5.785685558003024,0.0001349097776756,0.0355639549213891,0.0346781940915932,-0.0028898540662048,0.2279012654213547,1.937403997716882
B,metis,0,0.8,100,1,maxdeg_cap85,10000,716228,143.2456,112,0.8983829171716269,20,461,41,2099,1.3250797540454673,112,lspar,0.2,0.19878,0.625,ok,142370,0.0402810773343199,0.1494104728590354,0.0731505427355646,112,0.0200479425378266,1.3185650599989458,0.0279581076731821,0.1333160280284303,0.0728728928177948,112,0.0185386083620103,0.0016259963716301,0.0001981096670488,4.009818261001783,0.3731692530054715,4.382987514007255,-0.0123229696611378,-0.0160944448306051,-0.0002776499177698,-0.0015093341758163,0.3008370559544248,3.533423639218241
B,metis,0,0.8,100,1,maxdeg_cap85,10000,716228,143.2456,112,0.8983829171716269,20,461,41,2099,1.3250797540454673,112,lspar,0.15,0.1521,0.5625,ok,108938,0.0402810773343199,0.1494104728590354,0.0731505427355646,112,0.0200479425378266,1.3185650599989458,0.0264570827825185,0.1250439759795273,0.0692898269843678,112,0.0168949696655543,-0.0002169860671891,2.9659735824176386e-05,4.044538039001054,0.3203823229996487,4.364920362000703,-0.0138239945518013,-0.0243664968795081,-0.0038607157511968,-0.0031529728722723,0.3020822719877915,4.1155986624155645
B,metis,0,0.8,100,1,maxdeg_cap85,10000,716228,143.2456,112,0.8983829171716269,20,461,41,2099,1.3250797540454673,112,lspar,0.05,0.05135,0.3125,ok,36781,0.0402810773343199,0.1494104728590354,0.0731505427355646,112,0.0200479425378266,1.3185650599989458,0.0197290234390501,0.0914415588663214,0.0453321285581377,112,0.0143888845988839,0.0011104242197956,8.2755472295328e-05,3.937121189999744,0.172996271001466,4.1101174610012094,-0.0205520538952698,-0.057968913992714,-0.0278184141774269,-0.0056590579389427,0.3208095808721117,7.621927642519944
B,metis,0,0.8,100,1,maxdeg_cap85,10000,716228,143.2456,112,0.8983829171716269,20,461,41,2099,1.3250797540454673,112,dspar,0.5,0.50034,0.5,ok,358354,0.0402810773343199,0.1494104728590354,0.0731505427355646,112,0.0200479425378266,1.3185650599989458,0.031072142692069,0.0241511145888144,0.0050483233124418,112,0.017545369759569,0.000737516145966,0.0001036903582001,0.1920902130004833,0.7368505379999988,0.928940751000482,-0.0092089346422508,-0.125259358270221,-0.0681022194231228,-0.0025025727782576,1.4194285895831709,1.7894606735008558
B,metis,0,0.8,100,1,maxdeg_cap85,10000,716228,143.2456,112,0.8983829171716269,20,461,41,2099,1.3250797540454673,112,dspar,0.2,0.19961,0.2,ok,142965,0.0402810773343199,0.1494104728590354,0.0731505427355646,112,0.0200479425378266,1.3185650599989458,0.0227173238130578,0.0150044155461488,0.002176239250122,112,0.0129984614474175,0.0008393800768819,1.997365433429881e-05,0.1778478299966082,0.3585059030010598,0.536353732997668,-0.0175637535212621,-0.1344060573128866,-0.0709743034854426,-0.0070494810904091,2.4583870287049514,3.677945185731148
B,metis,0,0.8,100,1,maxdeg_cap85,10000,716228,143.2456,112,0.8983829171716269,20,461,41,2099,1.3250797540454673,112,dspar,0.15,0.14932,0.15,ok,106948,0.0402810773343199,0.1494104728590354,0.0731505427355646,112,0.0200479425378266,1.3185650599989458,0.0208647560342224,0.0142846480846374,0.0021202909586847,112,0.0147729482500955,0.0010133272703176,0.0001632440778118,0.1774978859975817,0.3239189340019948,0.5014168199995765,-0.0194163213000974,-0.135125824774398,-0.0710302517768799,-0.0052749942877311,2.6296785576520136,4.070663742030053
B,metis,0,0.8,100,1,maxdeg_cap85,10000,716228,143.2456,112,0.8983829171716269,20,461,41,2099,1.3250797540454673,112,dspar,0.05,0.05014,0.05,ok,35912,0.0402810773343199,0.1494104728590354,0.0731505427355646,112,0.0200479425378266,1.3185650599989458,0.0152517824110149,0.0084308274376337,0.0011577674225376,112,0.0142323574997257,-0.0003580930886673,-0.0001132132769832,0.214004618996114,0.1622665860049892,0.3762712050011032,-0.025029294923305,-0.1409796454214017,-0.071992775313027,-0.0058155850381009,3.5042943559688013,8.125918542209323
B,metis,0,0.8,100,1,maxdeg_cap85,10000,716228,143.2456,112,0.8983829171716269,20,461,41,2099,1.3250797540454673,112,random,0.5,0.5,0.5,ok,358114,0.0402810773343199,0.1494104728590354,0.0731505427355646,112,0.0200479425378266,1.3185650599989458,0.0315630353627644,0.066398193922223,0.0282144292383068,112,0.0195386795869117,0.0009428753691562,6.388679786906112e-06,0.0143848820007406,0.7904310470039491,0.8048159290046897,-0.0087180419715555,-0.0830122789368124,-0.0449361134972578,-0.0005092629509149,1.6383436416692276,1.6681594998030969
B,metis,0,0.8,100,1,maxdeg_cap85,10000,716228,143.2456,112,0.8983829171716269,20,461,41,2099,1.3250797540454673,112,random,0.2,0.2,0.2,ok,143246,0.0402810773343199,0.1494104728590354,0.0731505427355646,112,0.0200479425378266,1.3185650599989458,0.0222208214700425,0.0208010383432773,0.0032937188769371,112,0.0135055544129073,0.0012463576622621,6.8820303688609e-05,0.0129867349969572,0.4051285379973706,0.4181152729943278,-0.0180602558642774,-0.1286094345157581,-0.0698568238586275,-0.0065423881249193,3.153592191349665,3.254683233417399
B,metis,0,0.8,100,1,maxdeg_cap85,10000,716228,143.2456,112,0.8983829171716269,20,461,41,2099,1.3250797540454673,112,random,0.15,0.15,0.15,ok,107434,0.0402810773343199,0.1494104728590354,0.0731505427355646,112,0.0200479425378266,1.3185650599989458,0.020060258306918,0.0158302504339081,0.0026204837700142,112,0.0129120099132551,0.0001447459984054,-4.955682631217271e-05,0.0133104589986032,0.3129586069990182,0.3262690659976215,-0.0202208190274019,-0.1335802224251273,-0.0705300589655505,-0.0071359326245714,4.041342552556172,4.213225105526758
B,metis,0,0.8,100,1,maxdeg_cap85,10000,716228,143.2456,112,0.8983829171716269,20,461,41,2099,1.3250797540454673,112,random,0.05,0.05,0.05,ok,35811,0.0402810773343199,0.1494104728590354,0.0731505427355646,112,0.0200479425378266,1.3185650599989458,0.0149455223265005,0.0099449301089408,0.0015685871126228,112,0.0147729482500955,-0.0011022789760212,-0.0001687267178127,0.0099284649986657,0.1618896939980914,0.1718181589967571,-0.0253355550078194,-0.1394655427500946,-0.0715819556229418,-0.0052749942877311,7.674189199197695,8.144836323024313
B,eigen_proxy,1,0.8,100,1,maxdeg_cap85,10000,716228,143.2456,112,0.8983829171716269,20,461,41,2099,1.3250797540454673,112,lspar,0.5,0.50242,0.824219,ok,359849,0.0382536398608867,0.0500494895740926,0.0134205073085867,5,0.7105090428699693,2.7083269840004505,0.0520224488091793,0.0688732553797133,0.0232653998925982,3,0.0941006907519812,-0.0004823314689946,-9.847494262533526e-05,5.091521677000856,1.167706977998023,6.259228654998879,0.0137688089482925,0.0188237658056207,0.0098448925840114,-0.6164083521179881,0.4326934089294643,2.319354970922368
B,eigen_proxy,1,0.8,100,1,maxdeg_cap85,10000,716228,143.2456,112,0.8983829171716269,20,461,41,2099,1.3250797540454673,112,lspar,0.2,0.19878,0.625,ok,142370,0.0382536398608867,0.0500494895740926,0.0134205073085867,5,0.7105090428699693,2.7083269840004505,-0.0749313878679921,0.0356801528669142,0.0057225141277388,5,0.4072434161530423,0.0002836931802983,5.160194687133501e-05,4.023140068005887,0.5980420000050799,4.621182068010967,-0.1131850277288789,-0.0143693367071783,-0.0076979931808479,-0.303265626716927,0.5860680112017658,4.528656823396092
B,eigen_proxy,1,0.8,100,1,maxdeg_cap85,10000,716228,143.2456,112,0.8983829171716269,20,461,41,2099,1.3250797540454673,112,lspar,0.15,0.1521,0.5625,ok,108938,0.0382536398608867,0.0500494895740926,0.0134205073085867,5,0.7105090428699693,2.7083269840004505,-0.0914104807576466,0.0287552363117536,0.0017554726818408,4,0.6508586943415599,-0.0001741621706103,0.0004566674268073,4.054537545001949,0.4081796550017316,4.462717200003681,-0.1296641206185334,-0.021294253262339,-0.0116650346267459,-0.0596503485284094,0.6068784694665879,6.635134678598719
B,eigen_proxy,1,0.8,100,1,maxdeg_cap85,10000,716228,143.2456,112,0.8983829171716269,20,461,41,2099,1.3250797540454673,112,lspar,0.05,0.05135,0.3125,ok,36781,0.0382536398608867,0.0500494895740926,0.0134205073085867,5,0.7105090428699693,2.7083269840004505,0.0015757149159881,0.091152505491765,0.0382827477614429,43,1.470887779539962,-0.0019170643338141,0.0001023225707882,3.938246493002225,1.135185545004788,5.073432038007013,-0.0366779249448985,0.0411030159176723,0.0248622404528561,0.7603787366699927,0.5338254191070937,2.3858011546377007
B,eigen_proxy,1,0.8,100,1,maxdeg_cap85,10000,716228,143.2456,112,0.8983829171716269,20,461,41,2099,1.3250797540454673,112,dspar,0.5,0.50034,0.5,ok,358354,0.0382536398608867,0.0500494895740926,0.0134205073085867,5,0.7105090428699693,2.7083269840004505,0.0298301407204544,0.0264143038529582,0.0090076658296512,6,0.6224738709375679,0.0001554813733381,0.0003456698395603,0.1965833670037682,1.979759071000444,2.1763424380042125,-0.0084234991404323,-0.0236351857211344,-0.0044128414789355,-0.0880351719324014,1.2444397245150849,1.3680083721661316
B,eigen_proxy,1,0.8,100,1,maxdeg_cap85,10000,716228,143.2456,112,0.8983829171716269,20,461,41,2099,1.3250797540454673,112,dspar,0.2,0.19961,0.2,ok,142965,0.0382536398608867,0.0500494895740926,0.0134205073085867,5,0.7105090428699693,2.7083269840004505,0.0231709682779904,0.0142057010816912,0.0095884374293947,12,1.1592796383961896,-0.0007816100700259,0.0003684053145147,0.1910694480029633,1.08849565199489,1.2795650999978534,-0.0150826715828962,-0.0358437884924013,-0.003832069879192,0.4487705955262203,2.116599604041243,2.4881376228163057
B,eigen_proxy,1,0.8,100,1,maxdeg_cap85,10000,716228,143.2456,112,0.8983829171716269,20,461,41,2099,1.3250797540454673,112,dspar,0.15,0.14932,0.15,ok,106948,0.0382536398608867,0.0500494895740926,0.0134205073085867,5,0.7105090428699693,2.7083269840004505,0.0187871181736587,0.0107885485890393,0.0078922820036316,19,1.462563448196351,-0.000504739470742,-0.0003555833761441,0.1832451189984567,1.079879160002747,1.2631242790012038,-0.0194665216872279,-0.0392609409850533,-0.0055282253049551,0.7520544053263817,2.144149256747736,2.507990786666872
B,eigen_proxy,1,0.8,100,1,maxdeg_cap85,10000,716228,143.2456,112,0.8983829171716269,20,461,41,2099,1.3250797540454673,112,random,0.5,0.5,0.5,ok,358114,0.0382536398608867,0.0500494895740926,0.0134205073085867,5,0.7105090428699693,2.7083269840004505,0.0331240630334854,0.0435586270357201,0.01304225946029,5,0.7131945737314608,0.0002583349438013,-5.629761416842226e-05,0.0153455809995648,1.344571558998723,1.359917139998288,-0.0051295768274012,-0.0064908625383725,-0.0003782478482967,0.0026855308614914,1.9915382373986843,2.014267642264641
B,eigen_proxy,1,0.8,100,1,maxdeg_cap85,10000,716228,143.2456,112,0.8983829171716269,20,461,41,2099,1.3250797540454673,112,random,0.2,0.2,0.2,ok,143246,0.0382536398608867,0.0500494895740926,0.0134205073085867,5,0.7105090428699693,2.7083269840004505,0.0222532627150038,0.0212994314198508,0.0089522998670398,6,0.5806984070927007,-0.0001929189028643,-0.0002516517286475,0.0120907119999174,1.0029132310010027,1.01500394300092,-0.0160003771458829,-0.0287500581542418,-0.0044682074415469,-0.1298106357772686,2.668292081696864,2.70045992044325
B,eigen_proxy,1,0.8,100,1,maxdeg_cap85,10000,716228,143.2456,112,0.8983829171716269,20,461,41,2099,1.3250797540454673,112,random,0.15,0.15,0.15,ok,107434,0.0382536398608867,0.0500494895740926,0.0134205073085867,5,0.7105090428699693,2.7083269840004505,0.0176182130796034,0.0159916828880473,0.0041148583357329,24,1.6647304166140533,0.0004883841122626,-0.0002126495713195,0.0122244489975855,1.2703938800041217,1.282618329001707,-0.0206354267812833,-0.0340578066860453,-0.0093056489728538,0.954221373744084,2.111561111175144,2.1318797473990223
B,eigen_proxy,1,0.8,100,1,maxdeg_cap85,10000,716228,143.2456,112,0.8983829171716269,20,461,41,2099,1.3250797540454673,112,random,0.05,0.05,0.05,ok,35811,0.0382536398608867,0.0500494895740926,0.0134205073085867,5,0.7105090428699693,2.7083269840004505,-3.242828155734892e-05,0.0010630476368912,0.0001232021258868,131,11.25239127030339,0.0002124305706888,5.114792338050145e-05,0.0099190789987915,0.0023613960001966,0.0122804749989882,-0.0382860681424441,-0.0489864419372013,-0.0132973051826999,10.54188222743342,220.5392693868592,1146.9177485584212
B,metis,0,0.8,100,2,maxdeg_cap85_recal,10000,486471,97.2942,116,0.8944315282925396,20,480,28,2120,1.469810331811171,116,lspar,0.5,0.50044,0.8125,ok,243451,0.0520908407493381,0.1212966662865348,0.0555042635539376,116,0.0209685478753298,0.9609725690024788,0.0499698494277313,0.1739685040086782,0.0916509535486636,116,0.0192976682529263,-0.0003979529261305,-7.637287726972866e-05,2.3414321489981376,0.5238792969976203,2.865311445995758,-0.0021209913216068,0.0526718377221434,0.036146689994726,-0.0016708796224035,0.3353815412790214,1.834339655164583
B,metis,0,0.8,100,2,maxdeg_cap85_recal,10000,486471,97.2942,116,0.8944315282925396,20,480,28,2120,1.469810331811171,116,lspar,0.2,0.2042,0.609375,ok,99337,0.0520908407493381,0.1212966662865348,0.0555042635539376,116,0.0209685478753298,0.9609725690024788,0.0387845597200626,0.1253641785997295,0.0615882353736034,116,0.0175999999999999,0.0006976870327167,-4.526818276068776e-05,2.18642179100425,0.2963755110031343,2.482797302007384,-0.0133062810292754,0.0040675123131946,0.0060839718196657,-0.0033685478753298,0.3870523655819651,3.242415561764535
B,metis,0,0.8,100,2,maxdeg_cap85_recal,10000,486471,97.2942,116,0.8944315282925396,20,480,28,2120,1.469810331811171,116,lspar,0.15,0.15009,0.53125,ok,73015,0.0520908407493381,0.1212966662865348,0.0555042635539376,116,0.0209685478753298,0.9609725690024788,0.0313126343304957,0.1021858186107123,0.0440980042009281,116,0.0154970965022484,-0.0011867159738862,-1.1043342102413798e-05,2.149831827999151,0.2463632100043469,2.3961950380034978,-0.0207782064188423,-0.0191108476758225,-0.0114062593530094,-0.0054714513730814,0.4010410478953158,3.900633414321575
B,metis,0,0.8,100,2,maxdeg_cap85_recal,10000,486471,97.2942,116,0.8944315282925396,20,480,28,2120,1.469810331811171,116,lspar,0.05,0.05019,0.25,ok,24416,0.0520908407493381,0.1212966662865348,0.0555042635539376,116,0.0209685478753298,0.9609725690024788,0.0234405319591004,0.0578320557203255,0.0199885463862946,116,0.0142492105044455,-0.0007245865495852,-6.525786642787938e-05,2.016140532999998,0.1271799019959871,2.143320434995985,-0.0286503087902376,-0.0634646105662092,-0.0355157171676429,-0.0067193373708843,0.4483569294221183,7.556009667571531
B,metis,0,0.8,100,2,maxdeg_cap85_recal,10000,486471,97.2942,116,0.8944315282925396,20,480,28,2120,1.469810331811171,116,dspar,0.5,0.49988,0.5,ok,243178,0.0520908407493381,0.1212966662865348,0.0555042635539376,116,0.0209685478753298,0.9609725690024788,0.040416406588388,0.0225793871892644,0.0032144204212854,116,0.0170645832061612,0.0003325426074636,4.604082860771207e-05,0.1172953209970728,0.5895984919989132,0.7068938129959861,-0.0116744341609501,-0.0987172790972704,-0.0522898431326521,-0.0039039646691686,1.359429876645328,1.6298762327978449
B,metis,0,0.8,100,2,maxdeg_cap85_recal,10000,486471,97.2942,116,0.8944315282925396,20,480,28,2120,1.469810331811171,116,dspar,0.2,0.19948,0.2,ok,97040,0.0520908407493381,0.1212966662865348,0.0555042635539376,116,0.0209685478753298,0.9609725690024788,0.0298345875787762,0.0134408772684004,0.0016517603265551,116,0.0144111068277214,0.0005712030569305,1.059667454808646e-05,0.1032904690000577,0.2874067689990625,0.3906972379991202,-0.0222562531705618,-0.1078557890181343,-0.0538525032273824,-0.0065574410476083,2.4596349181374118,3.343597551126618
B,metis,0,0.8,100,2,maxdeg_cap85_recal,10000,486471,97.2942,116,0.8944315282925396,20,480,28,2120,1.469810331811171,116,dspar,0.15,0.14977,0.15,ok,72860,0.0520908407493381,0.1212966662865348,0.0555042635539376,116,0.0209685478753298,0.9609725690024788,0.0272420033597715,0.0125962953103178,0.0016524788816049,116,0.0122343777937416,-0.0003494307068039,-3.8969663587466895e-06,0.1066510829987237,0.2412395849969471,0.3478906679956708,-0.0248488373895666,-0.108700370976217,-0.0538517846723327,-0.0087341700815881,2.762283261402221,3.9834779562178406
B,metis,0,0.8,100,2,maxdeg_cap85_recal,10000,486471,97.2942,116,0.8944315282925396,20,480,28,2120,1.469810331811171,116,dspar,0.05,0.04994,0.05,ok,24293,0.0520908407493381,0.1212966662865348,0.0555042635539376,116,0.0209685478753298,0.9609725690024788,0.0208292317164213,0.0097138365442578,0.0013069602049337,116,0.0148862352527427,1.0189171955089728e-05,0.0001167042793866,0.107523945000139,0.1296310250036185,0.2371549700037576,-0.0312616090329168,-0.111582829742277,-0.0541973033490038,-0.0060823126225871,4.052086991840199,7.413137163542863
B,metis,0,0.8,100,2,maxdeg_cap85_recal,10000,486471,97.2942,116,0.8944315282925396,20,480,28,2120,1.469810331811171,116,random,0.5,0.5,0.5,ok,243236,0.0520908407493381,0.1212966662865348,0.0555042635539376,116,0.0209685478753298,0.9609725690024788,0.040152039015672,0.0534112474678014,0.0165300891253026,116,0.0195366322584011,-0.0013590404734226,-0.0001736416256843,0.0092622090014629,0.5762571329978528,0.5855193419993157,-0.0119388017336661,-0.0678854188187333,-0.0389741744286349,-0.0014319156169287,1.641231126065178,1.667610713993643
B,metis,0,0.8,100,2,maxdeg_cap85_recal,10000,486471,97.2942,116,0.8944315282925396,20,480,28,2120,1.469810331811171,116,random,0.2,0.2,0.2,ok,97294,0.0520908407493381,0.1212966662865348,0.0555042635539376,116,0.0209685478753298,0.9609725690024788,0.0289536095129636,0.020617236778902,0.002857706985315,116,0.0129707362936727,1.3075353591950176e-05,-9.976438757381812e-05,0.0075605999954859,0.2720519719950971,0.2796125719905831,-0.0231372312363744,-0.1006794295076327,-0.0526465565686226,-0.007997811581657,3.4368002917795946,3.5323124546944924
B,metis,0,0.8,100,2,maxdeg_cap85_recal,10000,486471,97.2942,116,0.8944315282925396,20,480,28,2120,1.469810331811171,116,random,0.15,0.15,0.15,ok,72971,0.0520908407493381,0.1212966662865348,0.0555042635539376,116,0.0209685478753298,0.9609725690024788,0.0259601027659966,0.0189287985709516,0.0027858484376091,116,0.0144111068277214,0.0016437045593101,6.525152327357695e-05,0.0070052969967946,0.2285156799989636,0.2355209769957582,-0.0261307379833415,-0.1023678677155831,-0.0527184151163285,-0.0065574410476083,4.080199484820352,4.205280657357242
B,metis,0,0.8,100,2,maxdeg_cap85_recal,10000,486471,97.2942,116,0.8944315282925396,20,480,28,2120,1.469810331811171,116,random,0.05,0.05,0.05,ok,24324,0.0520908407493381,0.1212966662865348,0.0555042635539376,116,0.0209685478753298,0.9609725690024788,0.0199343880555594,0.0141987951649411,0.0021021395477223,116,0.0157936696179197,0.0003087783102873,-1.5707952336069322e-05,0.0069772179995197,0.137311286998738,0.1442885049982578,-0.0321564526937786,-0.1070978711215936,-0.0534021240062152,-0.0051748782574101,6.660077107418098,6.998496554848477
B,eigen_proxy,1,0.8,100,2,maxdeg_cap85_recal,10000,486471,97.2942,116,0.8944315282925396,20,480,28,2120,1.469810331811171,116,lspar,0.5,0.50044,0.8125,ok,243451,0.0386407232367054,0.043563126688677,0.0125081333516246,7,0.8360068301156397,2.2807630259994767,0.0481279176785651,0.0540248523274035,0.0192456837229022,5,0.4854401095912862,-0.0002755701392505,4.599274125116925e-05,2.3535654290026287,1.0129767499965965,3.366542178999225,0.0094871944418596,0.0104617256387265,0.0067375503712775,-0.3505667205243534,0.677479414999482,2.251545285720664
B,eigen_proxy,1,0.8,100,2,maxdeg_cap85_recal,10000,486471,97.2942,116,0.8944315282925396,20,480,28,2120,1.469810331811171,116,lspar,0.2,0.2042,0.609375,ok,99337,0.0386407232367054,0.043563126688677,0.0125081333516246,7,0.8360068301156397,2.2807630259994767,-0.0483194432624072,0.0201280883023329,0.0022073435117406,6,0.4935967584982705,0.0002756299013556,0.0003424478257336,2.1950604889934766,0.5326092130053439,2.7276697019988205,-0.0869601664991126,-0.023435038386344,-0.010300789839884,-0.3424100716173691,0.8361580672059182,4.282244787186197
B,eigen_proxy,1,0.8,100,2,maxdeg_cap85_recal,10000,486471,97.2942,116,0.8944315282925396,20,480,28,2120,1.469810331811171,116,lspar,0.15,0.15009,0.53125,ok,73015,0.0386407232367054,0.043563126688677,0.0125081333516246,7,0.8360068301156397,2.2807630259994767,-0.0540959635177875,0.0231646268206724,0.0021439817304136,7,0.5531336366557361,-0.0006289147458629,8.368661982953703e-05,2.156721931001812,0.5240467620023992,2.680768693004211,-0.0927366867544929,-0.0203984998680045,-0.010364151621211,-0.2828731934599036,0.8507869522467204,4.352212801171806
B,eigen_proxy,1,0.8,100,2,maxdeg_cap85_recal,10000,486471,97.2942,116,0.8944315282925396,20,480,28,2120,1.469810331811171,116,lspar,0.05,0.05019,0.25,ok,24416,0.0386407232367054,0.043563126688677,0.0125081333516246,7,0.8360068301156397,2.2807630259994767,-0.0085289134659588,0.0365642048259688,0.0096275322953611,81,1.749239800599106,-0.0018699123875326,0.0005393281758595,2.0167472140019527,1.2384187470015604,3.255165961003513,-0.0471696367026643,-0.0069989218627081,-0.0028806010562635,0.9132329704834662,0.7006595219176953,1.8416735304771696
B,eigen_proxy,1,0.8,100,2,maxdeg_cap85_recal,10000,486471,97.2942,116,0.8944315282925396,20,480,28,2120,1.469810331811171,116,dspar,0.5,0.49988,0.5,ok,243178,0.0386407232367054,0.043563126688677,0.0125081333516246,7,0.8360068301156397,2.2807630259994767,0.0315954234949727,0.0227860993653951,0.0087765149795982,8,0.7016727442333784,-0.0004516693442779,-0.0005855960089458,0.1024092399966321,2.0225920289958594,2.1250012689924915,-0.0070452997417327,-0.0207770273232818,-0.0037316183720264,-0.1343340858822612,1.0732996065836868,1.127643634159771
B,eigen_proxy,1,0.8,100,2,maxdeg_cap85_recal,10000,486471,97.2942,116,0.8944315282925396,20,480,28,2120,1.469810331811171,116,dspar,0.2,0.19948,0.2,ok,97040,0.0386407232367054,0.043563126688677,0.0125081333516246,7,0.8360068301156397,2.2807630259994767,0.0222838609611156,0.0063934822934199,0.0038777717676412,13,0.9908390989459388,0.0004944298257674,6.573902212253548e-05,0.1080328270036261,0.9921356679988094,1.1001684950024355,-0.0163568622755898,-0.037169644395257,-0.0086303615839833,0.154832268830299,2.0731033804003154,2.298841881776005
B,eigen_proxy,1,0.8,100,2,maxdeg_cap85_recal,10000,486471,97.2942,116,0.8944315282925396,20,480,28,2120,1.469810331811171,116,dspar,0.15,0.14977,0.15,ok,72860,0.0386407232367054,0.043563126688677,0.0125081333516246,7,0.8360068301156397,2.2807630259994767,0.0194011200400022,0.0034585980964849,0.001875213778808,44,2.868706649345659,-0.0008287956372971,-0.0003701197628018,0.1006550070014782,0.8459268410006189,0.9465818480020972,-0.0192396031967032,-0.040104528592192,-0.0106329195728166,2.0326998192300194,2.409472599557417,2.6961705379884124
B,eigen_proxy,1,0.8,100,2,maxdeg_cap85_recal,10000,486471,97.2942,116,0.8944315282925396,20,480,28,2120,1.469810331811171,116,dspar,0.05,0.04994,0.05,ok,24293,0.0386407232367054,0.043563126688677,0.0125081333516246,7,0.8360068301156397,2.2807630259994767,-0.0001078369427547,0.0001133043406958,-3.535705389506031e-05,270,15.950155861307442,8.708662984706109e-05,3.765730649015362e-05,0.1101491590015939,0.0020339839975349,0.1121831429991289,-0.0387485601794602,-0.0434498223479811,-0.0125434904055197,15.114149031191802,20.330710702384103,1121.327910526137
B,eigen_proxy,1,0.8,100,2,maxdeg_cap85_recal,10000,486471,97.2942,116,0.8944315282925396,20,480,28,2120,1.469810331811171,116,random,0.5,0.5,0.5,ok,243236,0.0386407232367054,0.043563126688677,0.0125081333516246,7,0.8360068301156397,2.2807630259994767,0.0309863264656069,0.0314449354026951,0.0103339283061186,6,0.7602436977706556,3.1163134956182392e-06,-7.192498791983887e-05,0.0086452800023835,1.2689130129947443,1.277558292997128,-0.0076543967710985,-0.0121181912859818,-0.002174205045506,-0.0757631323449841,1.785251630787703,1.797414797265479
B,eigen_proxy,1,0.8,100,2,maxdeg_cap85_recal,10000,486471,97.2942,116,0.8944315282925396,20,480,28,2120,1.469810331811171,116,random,0.2,0.2,0.2,ok,97294,0.0386407232367054,0.043563126688677,0.0125081333516246,7,0.8360068301156397,2.2807630259994767,0.024307280294934,0.0151360120844242,0.0085641166137234,7,0.6576435052518956,-0.0001408636000595,-0.0003426343150301,0.012740792997647,0.9354393169996912,0.948180109997338,-0.0143334429417713,-0.0284271146042527,-0.0039440167379012,-0.178363324863744,2.4054111681438664,2.4381731498252064
B,eigen_proxy,1,0.8,100,2,maxdeg_cap85_recal,10000,486471,97.2942,116,0.8944315282925396,20,480,28,2120,1.469810331811171,116,random,0.15,0.15,0.15,ok,72971,0.0386407232367054,0.043563126688677,0.0125081333516246,7,0.8360068301156397,2.2807630259994767,0.0204273260655592,0.0097394563455857,0.0034585354829393,16,1.004977850502189,-0.0007676764648913,-5.42148097714353e-05,0.0074175410045427,1.1933481899977778,1.2007657310023203,-0.0182133971711462,-0.0338236703430913,-0.0090495978686853,0.1689710203865492,1.899423815247996,1.911230138123999
B,eigen_proxy,1,0.8,100,2,maxdeg_cap85_recal,10000,486471,97.2942,116,0.8944315282925396,20,480,28,2120,1.469810331811171,116,random,0.05,0.05,0.05,ok,24324,0.0386407232367054,0.043563126688677,0.0125081333516246,7,0.8360068301156397,2.2807630259994767,-0.0004218250493333,0.0039481175948701,0.0004962468081793,503,21.26489777826361,-0.0017755636892616,-0.0002081302948912,0.0062258379984996,0.0021119590019225,0.0083377970004221,-0.0390625482860388,-0.0396150090938068,-0.0120118865434453,20.428890948147966,273.54504144008325,1079.9276993176952
B,metis,0,0.8,100,3,maxdeg_cap85_recal,10000,506258,101.2516,91,0.8929636667469946,20,499,28,2141,1.4886316572395963,91,lspar,0.5,0.50036,0.8125,ok,253313,0.0504623948354106,0.0875614568724423,0.035279625854692,91,0.0265890955092496,0.8383376929996302,0.0487601093120934,0.1475912284097739,0.0778392224315472,91,0.0238847231510017,-0.0006850799466468,-5.567062236110682e-05,2.518927380006062,0.4826083070001914,3.0015356870062533,-0.0017022855233172,0.0600297715373315,0.0425595965768551,-0.0027043723582478,0.2793029237096269,1.737097519540412
B,metis,0,0.8,100,3,maxdeg_cap85_recal,10000,506258,101.2516,91,0.8929636667469946,20,499,28,2141,1.4886316572395963,91,lspar,0.2,0.20101,0.609375,ok,101763,0.0504623948354106,0.0875614568724423,0.035279625854692,91,0.0265890955092496,0.8383376929996302,0.0259146566394057,0.0658108152151536,0.0290446789399113,91,0.0184705170474461,-0.0026805465303795,-0.0002760327900737,2.4013340920064365,0.291486916001304,2.6928210080077406,-0.0245477381960049,-0.0217506416572887,-0.0062349469147807,-0.0081185784618034,0.311323214764975,2.876073151070286
B,metis,0,0.8,100,3,maxdeg_cap85_recal,10000,506258,101.2516,91,0.8929636667469946,20,499,28,2141,1.4886316572395963,91,lspar,0.15,0.14731,0.53125,ok,74575,0.0504623948354106,0.0875614568724423,0.035279625854692,91,0.0265890955092496,0.8383376929996302,0.0197686973874898,0.055541125360975,0.0223218833212331,91,0.0178185296812054,0.0017184933130367,5.468669175234469e-05,2.3577008389984258,0.2459597299966844,2.6036605689951102,-0.0306936974479208,-0.0320203315114673,-0.0129577425334589,-0.0087705658280441,0.3219842490156806,3.408434758856383
B,metis,0,0.8,100,3,maxdeg_cap85_recal,10000,506258,101.2516,91,0.8929636667469946,20,499,28,2141,1.4886316572395963,91,lspar,0.05,0.04885,0.25,ok,24733,0.0504623948354106,0.0875614568724423,0.035279625854692,91,0.0265890955092496,0.8383376929996302,0.0194787097487018,0.0438637507192931,0.0145140191386886,91,0.0117183616602322,-0.0017049215488287,-0.0001245305264924,2.221101937997446,0.1199379210011102,2.341039858998556,-0.0309836850867088,-0.0436977061531491,-0.0207656067160034,-0.0148707338490174,0.3581048352411445,6.989763420960665
B,metis,0,0.8,100,3,maxdeg_cap85_recal,10000,506258,101.2516,91,0.8929636667469946,20,499,28,2141,1.4886316572395963,91,dspar,0.5,0.49979,0.5,ok,253024,0.0504623948354106,0.0875614568724423,0.035279625854692,91,0.0265890955092496,0.8383376929996302,0.0403864843993942,0.0194814306505297,0.0033985895822293,91,0.0204352636391116,0.0005607250295502,2.9230321853494837e-05,0.1078779419985949,0.5396648120004102,0.6475427539990051,-0.0100759104360164,-0.0680800262219125,-0.0318810362724626,-0.0061538318701379,1.2946445432712206,1.5534414591385162
B,metis,0,0.8,100,3,maxdeg_cap85_recal,10000,506258,101.2516,91,0.8929636667469946,20,499,28,2141,1.4886316572395963,91,dspar,0.2,0.1996,0.2,ok,101051,0.0504623948354106,0.0875614568724423,0.035279625854692,91,0.0265890955092496,0.8383376929996302,0.0298603912249279,0.0110172305379564,0.0017929167770234,91,0.0150499169432924,0.0009384825946509,6.444557235641551e-05,0.0930260370005271,0.2920595589966979,0.385085595997225,-0.0206020036104827,-0.0765442263344858,-0.0334867090776685,-0.0115391785659572,2.177016491174267,2.870434016539444
B,metis,0,0.8,100,3,maxdeg_cap85_recal,10000,506258,101.2516,91,0.8929636667469946,20,499,28,2141,1.4886316572395963,91,dspar,0.15,0.14985,0.15,ok,75864,0.0504623948354106,0.0875614568724423,0.035279625854692,91,0.0265890955092496,0.8383376929996302,0.0274488081261659,0.0101939875309498,0.0014626536155926,91,0.0119490585403202,0.0001603768341803,2.0228058899066038e-05,0.1033402109969756,0.2342236030017375,0.3375638139987131,-0.0230135867092447,-0.0773674693414925,-0.0338169722390994,-0.0146400369689294,2.483493959464583,3.579219524658287
B,metis,0,0.8,100,3,maxdeg_cap85_recal,10000,506258,101.2516,91,0.8929636667469946,20,499,28,2141,1.4886316572395963,91,dspar,0.05,0.04968,0.05,ok,25150,0.0504623948354106,0.0875614568724423,0.035279625854692,91,0.0265890955092496,0.8383376929996302,0.0203247179168408,0.0050772551830026,0.000657432195951,91,0.0165475073651592,0.0013245012892151,4.9364094899244953e-05,0.1076487699974677,0.1193901380029274,0.2270389080003951,-0.0301376769185698,-0.0824842016894396,-0.034622193658741,-0.0100415881440903,3.692484695170271,7.021833687628994
B,metis,0,0.8,100,3,maxdeg_cap85_recal,10000,506258,101.2516,91,0.8929636667469946,20,499,28,2141,1.4886316572395963,91,random,0.5,0.5,0.5,ok,253129,0.0504623948354106,0.0875614568724423,0.035279625854692,91,0.0265890955092496,0.8383376929996302,0.039552732036074,0.0338843223039669,0.011417997671091,91,0.0233841826883045,-0.0013258346023277,-7.565970566603253e-05,0.0091590910014929,0.5127649849964655,0.5219240759979584,-0.0109096627993366,-0.0536771345684754,-0.0238616281836009,-0.0032049128209451,1.606244531633581,1.6349355309536373
B,metis,0,0.8,100,3,maxdeg_cap85_recal,10000,506258,101.2516,91,0.8929636667469946,20,499,28,2141,1.4886316572395963,91,random,0.2,0.2,0.2,ok,101252,0.0504623948354106,0.0875614568724423,0.035279625854692,91,0.0265890955092496,0.8383376929996302,0.029062404842816,0.0128308252801779,0.0023521480854564,91,0.0145581592242975,0.0007632065028038,8.407035079004018e-06,0.0078841080030542,0.2748840100030065,0.2827681180060608,-0.0213999899925946,-0.0747306315922644,-0.0329274777692355,-0.012030936284952,2.964753236366136,3.049787046509038
B,metis,0,0.8,100,3,maxdeg_cap85_recal,10000,506258,101.2516,91,0.8929636667469946,20,499,28,2141,1.4886316572395963,91,random,0.15,0.15,0.15,ok,75939,0.0504623948354106,0.0875614568724423,0.035279625854692,91,0.0265890955092496,0.8383376929996302,0.0259893849286633,0.0119107968974389,0.0017599435618361,91,0.0138535194084391,-0.0009644118856176,-7.148970064933103e-05,0.006550646998221,0.2137489800006733,0.2202996269988943,-0.0244730099067473,-0.0756506599750034,-0.0335196822928559,-0.0127355761008105,3.8054430886704935,3.922066402361262
B,metis,0,0.8,100,3,maxdeg_cap85_recal,10000,506258,101.2516,91,0.8929636667469946,20,499,28,2141,1.4886316572395963,91,random,0.05,0.05,0.05,ok,25313,0.0504623948354106,0.0875614568724423,0.035279625854692,91,0.0265890955092496,0.8383376929996302,0.0195913147565422,0.0098162445853058,0.0014035222795661,91,0.015816447135814,-0.0010445954615981,3.2964910959151325e-05,0.0072793130020727,0.1156444799999008,0.1229237930019735,-0.0308710800788684,-0.0777452122871365,-0.0338761035751258,-0.0107726483734356,6.819979049834321,7.249266830551267
B,eigen_proxy,1,0.8,100,3,maxdeg_cap85_recal,10000,506258,101.2516,91,0.8929636667469946,20,499,28,2141,1.4886316572395963,91,lspar,0.5,0.50036,0.8125,ok,253313,0.035307158241521,0.0480632168364887,0.0136903619948464,7,0.8609078696353054,2.1127458039991325,0.0409359816337416,0.042747197925287,0.0141903114228954,5,0.6068995798317872,0.0004307191625472,0.0002583873402395,2.4975654049994773,0.9848577080047108,3.482423113004188,0.0056288233922205,-0.0053160189112016,0.000499949428049,-0.2540082898035182,0.6066884279827004,2.145229495415623
B,eigen_proxy,1,0.8,100,3,maxdeg_cap85_recal,10000,506258,101.2516,91,0.8929636667469946,20,499,28,2141,1.4886316572395963,91,lspar,0.2,0.20101,0.609375,ok,101763,0.035307158241521,0.0480632168364887,0.0136903619948464,7,0.8609078696353054,2.1127458039991325,-0.0714993501515025,0.0133662819044145,-0.0003556592007042,4,0.491121084866044,-0.0001726366813969,-0.0002643566429164,2.394146049999108,0.5817854460037779,2.975931496002886,-0.1068065083930236,-0.0346969349320742,-0.0140460211955506,-0.3697867847692614,0.7099443676162778,3.631486175034728
B,eigen_proxy,1,0.8,100,3,maxdeg_cap85_recal,10000,506258,101.2516,91,0.8929636667469946,20,499,28,2141,1.4886316572395963,91,lspar,0.15,0.14731,0.53125,ok,74575,0.035307158241521,0.0480632168364887,0.0136903619948464,7,0.8609078696353054,2.1127458039991325,-0.0726185268822569,0.0134030647005118,0.0008118318300705,5,0.3270515249926225,-0.0006038443977686,-9.417182096421972e-05,2.352838087004784,0.4488316810020478,2.801669768006832,-0.1079256851237779,-0.0346601521359769,-0.0128785301647758,-0.533856344642683,0.7541023671402163,4.707211842270762
B,eigen_proxy,1,0.8,100,3,maxdeg_cap85_recal,10000,506258,101.2516,91,0.8929636667469946,20,499,28,2141,1.4886316572395963,91,lspar,0.05,0.04885,0.25,ok,24733,0.035307158241521,0.0480632168364887,0.0136903619948464,7,0.8609078696353054,2.1127458039991325,-0.0339252550438547,0.0303548146990133,0.0089326006659034,61,1.7458337836117157,-0.0007753506166429,5.2188948351041735e-05,2.2227879960046266,1.1319704499983343,3.354758446002961,-0.0692324132853758,-0.0177084021374754,-0.004757761328943,0.8849259139764103,0.6297758357286114,1.866431940871108
B,eigen_proxy,1,0.8,100,3,maxdeg_cap85_recal,10000,506258,101.2516,91,0.8929636667469946,20,499,28,2141,1.4886316572395963,91,dspar,0.5,0.49979,0.5,ok,253024,0.035307158241521,0.0480632168364887,0.0136903619948464,7,0.8609078696353054,2.1127458039991325,0.0314397878477794,0.0209090477169933,0.0102395071267489,13,0.5672207506782523,0.0001193816393915,0.0008059595569115,0.1077932190019055,2.717582365999988,2.8253755850018933,-0.0038673703937416,-0.0271541691194953,-0.0034508548680975,-0.2936871189570531,0.747775203839923,0.7774357938261445
B,eigen_proxy,1,0.8,100,3,maxdeg_cap85_recal,10000,506258,101.2516,91,0.8929636667469946,20,499,28,2141,1.4886316572395963,91,dspar,0.2,0.1996,0.2,ok,101051,0.035307158241521,0.0480632168364887,0.0136903619948464,7,0.8609078696353054,2.1127458039991325,0.0238072354779828,0.0084276895808099,0.0060867161952786,28,1.8443757968483536,-0.0006013081020729,0.0002274484485782,0.1061041159991873,1.050212042995554,1.1563161589947413,-0.0114999227635382,-0.0396355272556788,-0.0076036457995677,0.9834679272130482,1.8271350681770944,2.011732600183177
B,eigen_proxy,1,0.8,100,3,maxdeg_cap85_recal,10000,506258,101.2516,91,0.8929636667469946,20,499,28,2141,1.4886316572395963,91,dspar,0.15,0.14985,0.15,ok,75864,0.035307158241521,0.0480632168364887,0.0136903619948464,7,0.8609078696353054,2.1127458039991325,0.0217300705469545,0.0058209793542667,0.0040363266368142,9,0.7392693284588506,0.0006157910155408,0.0002705763398193,0.1018668889955733,1.0579634550012995,1.1598303439968731,-0.0135770876945665,-0.0422422374822219,-0.0096540353580321,-0.1216385411764547,1.8215990079363091,1.996993179690254
B,eigen_proxy,1,0.8,100,3,maxdeg_cap85_recal,10000,506258,101.2516,91,0.8929636667469946,20,499,28,2141,1.4886316572395963,91,dspar,0.05,0.04968,0.05,ok,25150,0.035307158241521,0.0480632168364887,0.0136903619948464,7,0.8609078696353054,2.1127458039991325,-0.0001050279438552,0.0001040680891274,7.098196573419074e-05,258,15.612786243332742,0.000610514064004,7.887061520306785e-05,0.1017355660005705,0.0020662340029957,0.1038018000035663,-0.0354121861853763,-0.0479591487473613,-0.0136193800291122,14.751878373697435,20.35365286465692,1022.5104227962206
B,eigen_proxy,1,0.8,100,3,maxdeg_cap85_recal,10000,506258,101.2516,91,0.8929636667469946,20,499,28,2141,1.4886316572395963,91,random,0.5,0.5,0.5,ok,253129,0.035307158241521,0.0480632168364887,0.0136903619948464,7,0.8609078696353054,2.1127458039991325,0.029498645942333,0.0282852442283108,0.0117561791953246,11,0.5965914682594783,-0.0002515772674711,-3.291389098193521e-05,0.0086734110009274,1.8286413269961488,1.837314737997076,-0.005808512299188,-0.0197779726081779,-0.0019341827995217,-0.2643164013758271,1.1499095719997947,1.1553636969747771
B,eigen_proxy,1,0.8,100,3,maxdeg_cap85_recal,10000,506258,101.2516,91,0.8929636667469946,20,499,28,2141,1.4886316572395963,91,random,0.2,0.2,0.2,ok,101252,0.035307158241521,0.0480632168364887,0.0136903619948464,7,0.8609078696353054,2.1127458039991325,0.0207178708491322,0.006927724354,0.0027651666513927,33,2.413502160761411,0.0004257627052253,0.0001983232331824,0.0071046480006771,1.0403553110008943,1.0474599590015714,-0.0145892873923888,-0.0411354924824887,-0.0109251953434536,1.5525942911261057,2.017018202789328,2.0307925394897284
B,eigen_proxy,1,0.8,100,3,maxdeg_cap85_recal,10000,506258,101.2516,91,0.8929636667469946,20,499,28,2141,1.4886316572395963,91,random,0.15,0.15,0.15,ok,75939,0.035307158241521,0.0480632168364887,0.0136903619948464,7,0.8609078696353054,2.1127458039991325,0.0201607982578024,0.0079271059033211,0.0028359317228851,35,2.2804276134093797,0.000671353782669,-0.0003611500330681,0.0072671989983064,1.023496283996792,1.0307634829950985,-0.0151463599837186,-0.0401361109331675,-0.0108544302719612,1.419519743774074,2.049690194553758,2.064243746688341
B,eigen_proxy,1,0.8,100,3,maxdeg_cap85_recal,10000,506258,101.2516,91,0.8929636667469946,20,499,28,2141,1.4886316572395963,91,random,0.05,0.05,0.05,ok,25313,0.035307158241521,0.0480632168364887,0.0136903619948464,7,0.8609078696353054,2.1127458039991325,-0.0002888611358758,0.0031312496392848,0.0004809221156626,438,19.97845046143469,-0.0004771957639752,-4.827436314096168e-05,0.0066642210003919,0.0020580950003932,0.0087223160007852,-0.0355960193773969,-0.0449319671972039,-0.0132094398791837,19.117542591799385,242.2230292744422,1026.554072380268
B,metis,0,0.8,200,1,maxdeg_cap85_recal,10000,1007147,201.4294,86,0.9103666098394771,20,494,68,2177,1.0823900844579133,86,lspar,0.5,0.49559,0.832031,ok,499128,0.0354884303849297,0.1421170576263662,0.0663416284720964,86,0.0260207609419863,1.4255131219979376,0.0342116774706264,0.1689649230637314,0.0925048636198526,86,0.0240274842628187,-0.0005191423647685,1.4449106921584256e-05,7.827678877001745,0.7540810130012687,8.581759890003013,-0.0012767529143032,0.0268478654373651,0.0261632351477562,-0.0019932766791676,0.1661096488680059,1.8903978450860943
B,metis,0,0.8,200,1,maxdeg_cap85_recal,10000,1007147,201.4294,86,0.9103666098394771,20,494,68,2177,1.0823900844579133,86,lspar,0.2,0.19563,0.640625,ok,197027,0.0354884303849297,0.1421170576263662,0.0663416284720964,86,0.0260207609419863,1.4255131219979376,0.0229470314579455,0.123147500570818,0.0619482570755441,86,0.0169304459480546,-0.0016822875527228,-0.0002201876011927,6.641095299004519,0.3956759239954408,7.03677122299996,-0.0125413989269841,-0.0189695570555481,-0.0043933713965522,-0.0090903149939316,0.2025805695286202,3.60272898993562
B,metis,0,0.8,200,1,maxdeg_cap85_recal,10000,1007147,201.4294,86,0.9103666098394771,20,494,68,2177,1.0823900844579133,86,lspar,0.15,0.14587,0.578125,ok,146910,0.0354884303849297,0.1421170576263662,0.0663416284720964,86,0.0260207609419863,1.4255131219979376,0.02180394817563,0.1192867281960543,0.0606883515861579,86,0.0163095064303,0.0016280735137149,0.0002385558496518,6.48640283500572,0.3244721380033297,6.810874973009049,-0.0136844822092996,-0.0228303294303119,-0.0056532768859384,-0.0097112545116862,0.2092995580813231,4.393329827238691
B,metis,0,0.8,200,1,maxdeg_cap85_recal,10000,1007147,201.4294,86,0.9103666098394771,20,494,68,2177,1.0823900844579133,86,lspar,0.05,0.04754,0.34375,ok,47880,0.0354884303849297,0.1421170576263662,0.0663416284720964,86,0.0260207609419863,1.4255131219979376,0.0191801451582921,0.1196225018502561,0.0584597207672242,86,0.0109453186340097,0.0002477782764859,-0.0001399842097817,6.226859210000839,0.1799588650028454,6.4068180750036845,-0.0163082852266376,-0.02249455577611,-0.0078819077048721,-0.0150754423079766,0.2224993913218174,7.921327587698434
B,metis,0,0.8,200,1,maxdeg_cap85_recal,10000,1007147,201.4294,86,0.9103666098394771,20,494,68,2177,1.0823900844579133,86,dspar,0.5,0.50022,0.5,ok,503796,0.0354884303849297,0.1421170576263662,0.0663416284720964,86,0.0260207609419863,1.4255131219979376,0.0277507772018281,0.0379334519792269,0.0106331701737417,86,0.0216554842938226,-0.0005702988504467,-4.672174817054813e-05,0.385609838005621,0.8670667260012124,1.2526765640068334,-0.0077376531831015,-0.1041836056471393,-0.0557084582983547,-0.0043652766481636,1.1379738098063128,1.644063921783967
B,metis,0,0.8,200,1,maxdeg_cap85_recal,10000,1007147,201.4294,86,0.9103666098394771,20,494,68,2177,1.0823900844579133,86,dspar,0.2,0.20002,0.2,ok,201454,0.0354884303849297,0.1421170576263662,0.0663416284720964,86,0.0260207609419863,1.4255131219979376,0.0188578237042106,0.0098207536226907,0.0014290177791084,86,0.0172325273828304,-0.000244090441537,-1.81140821444996e-05,0.3827912660053698,0.4267446449957788,0.8095359110011486,-0.0166306066807191,-0.1322963040036755,-0.064912610692988,-0.0087882335591558,1.760901650718636,3.3404358759136583
B,metis,0,0.8,200,1,maxdeg_cap85_recal,10000,1007147,201.4294,86,0.9103666098394771,20,494,68,2177,1.0823900844579133,86,dspar,0.15,0.14981,0.15,ok,150878,0.0354884303849297,0.1421170576263662,0.0663416284720964,86,0.0260207609419863,1.4255131219979376,0.0171717915314521,0.0086470576985845,0.0011342598052831,86,0.0158820653568734,0.0008054379468121,0.0001309160960479,0.3637412999960361,0.3652564270014409,0.728997726997477,-0.0183166388534775,-0.1334699999277816,-0.0652073686668132,-0.0101386955851128,1.9554424783588813,3.9027735492586255
B,metis,0,0.8,200,1,maxdeg_cap85_recal,10000,1007147,201.4294,86,0.9103666098394771,20,494,68,2177,1.0823900844579133,86,dspar,0.05,0.05036,0.05,ok,50716,0.0354884303849297,0.1421170576263662,0.0663416284720964,86,0.0260207609419863,1.4255131219979376,0.0123682822662638,0.0031778845689597,0.0006777243971066,86,0.0117046999107196,0.0015070651660453,0.0001698547601171,0.3870366600021953,0.1888886409942642,0.5759253009964596,-0.0231201481186658,-0.1389391730574065,-0.0656639040749897,-0.0143160610312666,2.4751701644840582,7.546844079635387
B,metis,0,0.8,200,1,maxdeg_cap85_recal,10000,1007147,201.4294,86,0.9103666098394771,20,494,68,2177,1.0823900844579133,86,random,0.5,0.5,0.5,ok,503574,0.0354884303849297,0.1421170576263662,0.0663416284720964,86,0.0260207609419863,1.4255131219979376,0.0285594198057989,0.0744250521609933,0.0294656017720289,86,0.0250439613479976,0.0011093341734142,2.7127306925383925e-05,0.0189189400043687,0.8901930569991237,0.9091119970034924,-0.0069290105791307,-0.0676920054653729,-0.0368760267000674,-0.0009767995939886,1.5680280611151822,1.6013527748726768
B,metis,0,0.8,200,1,maxdeg_cap85_recal,10000,1007147,201.4294,86,0.9103666098394771,20,494,68,2177,1.0823900844579133,86,random,0.2,0.2,0.2,ok,201429,0.0354884303849297,0.1421170576263662,0.0663416284720964,86,0.0260207609419863,1.4255131219979376,0.0186512360214658,0.0148679995389481,0.0026563007701979,86,0.0184845881750175,-0.0002320341589395,-4.018078169525493e-05,0.0169876759973703,0.4699620440005674,0.4869497199979378,-0.0168371943634639,-0.127249058087418,-0.0636853277018985,-0.0075361727669687,2.9274339083796463,3.0332516001999013
B,metis,0,0.8,200,1,maxdeg_cap85_recal,10000,1007147,201.4294,86,0.9103666098394771,20,494,68,2177,1.0823900844579133,86,random,0.15,0.15,0.15,ok,151072,0.0354884303849297,0.1421170576263662,0.0663416284720964,86,0.0260207609419863,1.4255131219979376,0.0166827773153126,0.0118378778128279,0.0016766845591532,86,0.0163621514477772,-0.0008557678973877,-2.7755631816764696e-05,0.017654194998613,0.3482305879952037,0.3658847829938167,-0.0188056530696171,-0.1302791798135383,-0.0646649439129431,-0.009658609494209,3.8960710809938974,4.0935896246356505
B,metis,0,0.8,200,1,maxdeg_cap85_recal,10000,1007147,201.4294,86,0.9103666098394771,20,494,68,2177,1.0823900844579133,86,random,0.05,0.05,0.05,ok,50357,0.0354884303849297,0.1421170576263662,0.0663416284720964,86,0.0260207609419863,1.4255131219979376,0.011773998218736,0.0070014768989588,0.0008420502995305,86,0.0137331715200823,0.0015221172559916,0.0001780101533489,0.0199252829988836,0.1788541889982298,0.1987794719971134,-0.0237144321661937,-0.1351155807274074,-0.0654995781725659,-0.0122875894219039,7.171329653288535,7.97025291933222
B,eigen_proxy,1,0.8,200,1,maxdeg_cap85_recal,10000,1007147,201.4294,86,0.9103666098394771,20,494,68,2177,1.0823900844579133,86,lspar,0.5,0.49559,0.832031,ok,499128,0.0242947318796077,0.0402772043140157,0.0114752844032961,4,0.549015919623466,3.8826401609985615,0.030673928182797,0.0537938988314117,0.0179767253015743,5,0.4677059973957999,0.0010953125279695,-0.000254067058236,7.784083685997757,1.1999045909979031,8.98398827699566,0.0063791963031892,0.013516694517396,0.0065014408982782,-0.081309922227666,0.4321733334114453,3.235790737136489
B,eigen_proxy,1,0.8,200,1,maxdeg_cap85_recal,10000,1007147,201.4294,86,0.9103666098394771,20,494,68,2177,1.0823900844579133,86,lspar,0.2,0.19563,0.640625,ok,197027,0.0242947318796077,0.0402772043140157,0.0114752844032961,4,0.549015919623466,3.8826401609985615,-0.1452072743954906,0.0117232858401721,-0.0027950600344823,2,0.733,-0.0001996987794407,0.0003019029254438,6.5688059290041565,0.2368318679946242,6.805637796998781,-0.1695020062750983,-0.0285539184738435,-0.0142703444377784,0.183984080376534,0.5705034967789159,16.39407818666825
B,eigen_proxy,1,0.8,200,1,maxdeg_cap85_recal,10000,1007147,201.4294,86,0.9103666098394771,20,494,68,2177,1.0823900844579133,86,lspar,0.15,0.14587,0.578125,ok,146910,0.0242947318796077,0.0402772043140157,0.0114752844032961,4,0.549015919623466,3.8826401609985615,-0.142318601395638,0.0123548790269942,-0.0028151763278494,2,0.7462,-0.0002399247071981,-0.0001987651597133,6.500572169003135,0.1702457090068492,6.670817878009984,-0.1666133332752457,-0.0279223252870215,-0.0142904607311456,0.197184080376534,0.5820336024758659,22.806097044374603
B,eigen_proxy,1,0.8,200,1,maxdeg_cap85_recal,10000,1007147,201.4294,86,0.9103666098394771,20,494,68,2177,1.0823900844579133,86,lspar,0.05,0.04754,0.34375,ok,47880,0.0242947318796077,0.0402772043140157,0.0114752844032961,4,0.549015919623466,3.8826401609985615,-0.0326743959375991,0.0980289538536881,0.0418869008763382,52,1.877643587052665,-0.0008706682198657,-0.000470557837023,6.2146187300022575,0.7446677849948173,6.959286514997075,-0.0569691278172068,0.0577517495396724,0.0304116164730421,1.3286276674291997,0.5579077902068807,5.213922556117537
B,eigen_proxy,1,0.8,200,1,maxdeg_cap85_recal,10000,1007147,201.4294,86,0.9103666098394771,20,494,68,2177,1.0823900844579133,86,dspar,0.5,0.50022,0.5,ok,503796,0.0242947318796077,0.0402772043140157,0.0114752844032961,4,0.549015919623466,3.8826401609985615,0.0216101849140428,0.0247349526116186,0.0101285557836519,6,0.4854475460850533,-0.0005581006748939,-0.0001669321532735,0.4412440649975906,2.904968449998705,3.346212514996296,-0.0026845469655649,-0.0155422517023971,-0.0013467286196442,-0.0635683735384126,1.1603088995687594,1.3365515763175648
B,eigen_proxy,1,0.8,200,1,maxdeg_cap85_recal,10000,1007147,201.4294,86,0.9103666098394771,20,494,68,2177,1.0823900844579133,86,dspar,0.2,0.20002,0.2,ok,201454,0.0242947318796077,0.0402772043140157,0.0114752844032961,4,0.549015919623466,3.8826401609985615,0.0158630550332067,0.0091184169489593,0.0058155019624918,8,0.943855497414726,-3.709668735355991e-05,0.0003298327983496,0.4158493930008262,1.0653434209962145,1.4811928139970405,-0.008431676846401,-0.0311587873650563,-0.0056597824408043,0.3948395777912601,2.621292869036509,3.644496304644997
B,eigen_proxy,1,0.8,200,1,maxdeg_cap85_recal,10000,1007147,201.4294,86,0.9103666098394771,20,494,68,2177,1.0823900844579133,86,dspar,0.15,0.14981,0.15,ok,150878,0.0242947318796077,0.0402772043140157,0.0114752844032961,4,0.549015919623466,3.8826401609985615,0.0140913061041413,0.0070554384110088,0.0054958181798549,8,0.8554559018441571,0.0001958424818192,0.0001755808278462,0.3862337880054838,1.0182480399962517,1.4044818280017353,-0.0102034257754664,-0.0332217659030069,-0.0059794662234411,0.3064399822206911,2.7644645046940157,3.813059302341359
B,eigen_proxy,1,0.8,200,1,maxdeg_cap85_recal,10000,1007147,201.4294,86,0.9103666098394771,20,494,68,2177,1.0823900844579133,86,dspar,0.05,0.05036,0.05,ok,50716,0.0242947318796077,0.0402772043140157,0.0114752844032961,4,0.549015919623466,3.8826401609985615,0.0084532889066758,0.00252641954075,0.0010889502796663,55,3.255316666624001,0.000218789462127,0.0005069267430969,0.3744411549996584,0.7954837599972961,1.1699249149969546,-0.0158414429729318,-0.0377507847732657,-0.0103863341236297,2.706300747000536,3.3187088429590963,4.880854086841143
B,eigen_proxy,1,0.8,200,1,maxdeg_cap85_recal,10000,1007147,201.4294,86,0.9103666098394771,20,494,68,2177,1.0823900844579133,86,random,0.5,0.5,0.5,ok,503574,0.0242947318796077,0.0402772043140157,0.0114752844032961,4,0.549015919623466,3.8826401609985615,0.019912002488626,0.0306824671760019,0.0117090639761398,5,0.530237682553777,-0.0001257553038626,3.811911212558402e-05,0.029919118998805,2.2079721319969394,2.2378912509957445,-0.0043827293909816,-0.0095947371380137,0.0002337795728436,-0.0187782370696889,1.7349547969638788,1.7584642961444517
B,eigen_proxy,1,0.8,200,1,maxdeg_cap85_recal,10000,1007147,201.4294,86,0.9103666098394771,20,494,68,2177,1.0823900844579133,86,random,0.2,0.2,0.2,ok,201429,0.0242947318796077,0.0402772043140157,0.0114752844032961,4,0.549015919623466,3.8826401609985615,0.0150827234765089,0.0161529197642596,0.0076292554632936,8,0.6301807994536172,-0.0006016441925908,0.0001866212762605,0.0170567029999801,1.274328029001481,1.291384732001461,-0.0092120084030987,-0.024124284549756,-0.0038460289400025,0.0811648798301512,3.0065712136622733,3.046813750177703
B,eigen_proxy,1,0.8,200,1,maxdeg_cap85_recal,10000,1007147,201.4294,86,0.9103666098394771,20,494,68,2177,1.0823900844579133,86,random,0.15,0.15,0.15,ok,151072,0.0242947318796077,0.0402772043140157,0.0114752844032961,4,0.549015919623466,3.8826401609985615,0.0146165978817732,0.0111627440872848,0.0068158943161449,7,0.8449285295218761,-0.0004205806164774,0.0001166993167121,0.0176847409966285,1.020215726995957,1.0379004679925856,-0.0096781339978345,-0.0291144602267308,-0.0046593900871511,0.2959126098984102,3.740859823011756,3.805705066350098
B,metis,0,0.8,200,2,maxdeg_cap85_recal,10000,950443,190.0886,119,0.9113623857506448,20,492,60,2143,1.0827321173989335,119,lspar,0.5,0.49975,0.832031,ok,474985,0.0355020630219501,0.1611512079863711,0.0771749671644462,119,0.0227222358054835,1.5280842080028378,0.0331437845530273,0.1937085977106762,0.1033501597096361,119,0.023696413230698,0.0001311290342706,8.204241198446939e-05,7.03384581499995,0.7705657289989176,7.804411543998867,-0.0023582784689228,0.0325573897243051,0.0261751925451898,0.0009741774252144,0.1957974921476103,1.9830679596769143
B,metis,0,0.8,200,2,maxdeg_cap85_recal,10000,950443,190.0886,119,0.9113623857506448,20,492,60,2143,1.0827321173989335,119,lspar,0.2,0.2017,0.640625,ok,191703,0.0355020630219501,0.1611512079863711,0.0771749671644462,119,0.0227222358054835,1.5280842080028378,0.0285154173120513,0.1879160823321838,0.1062093407772833,119,0.0199323857076868,-0.0009109916892375,-2.23202213420562e-05,5.974878371001978,0.4094777430000249,6.384356114002003,-0.0069866457098988,0.0267648743458127,0.029034373612837,-0.0027898500977967,0.2393482100178408,3.7317881963678414
B,metis,0,0.8,200,2,maxdeg_cap85_recal,10000,950443,190.0886,119,0.9113623857506448,20,492,60,2143,1.0827321173989335,119,lspar,0.15,0.15074,0.578125,ok,143270,0.0355020630219501,0.1611512079863711,0.0771749671644462,119,0.0227222358054835,1.5280842080028378,0.0273850318375814,0.17517829965531,0.0997486446999034,119,0.0193261480900876,-0.0009966712301022,-0.0001142450034611,5.952699353001663,0.3104095280068577,6.26310888100852,-0.0081170311843687,0.0140270916689388,0.0225736775354571,-0.0033960877153958,0.2439817408629781,4.922800591253367
B,metis,0,0.8,200,2,maxdeg_cap85_recal,10000,950443,190.0886,119,0.9113623857506448,20,492,60,2143,1.0827321173989335,119,lspar,0.05,0.04987,0.34375,ok,47397,0.0355020630219501,0.1611512079863711,0.0771749671644462,119,0.0227222358054835,1.5280842080028378,0.0231279621450671,0.1516174493104583,0.0852280990115276,119,0.0144665130560201,0.0001823577468468,9.080696978495951e-05,5.638023197003349,0.1827923159944475,5.820815512997797,-0.012374100876883,-0.0095337586759127,0.0080531318470813,-0.0082557227494634,0.2625206390050755,8.359674200141184
B,metis,0,0.8,200,2,maxdeg_cap85_recal,10000,950443,190.0886,119,0.9113623857506448,20,492,60,2143,1.0827321173989335,119,dspar,0.5,0.50007,0.5,ok,475287,0.0355020630219501,0.1611512079863711,0.0771749671644462,119,0.0227222358054835,1.5280842080028378,0.0265156222626893,0.0356969460770614,0.0103613661351884,119,0.0205786296919887,0.0011935889164743,6.019958231224712e-05,0.3060953940002946,0.9029033850019914,1.208998779002286,-0.0089864407592608,-0.1254542619093097,-0.0668136010292578,-0.0021436061134948,1.2639253525664218,1.6924116504441586
B,metis,0,0.8,200,2,maxdeg_cap85_recal,10000,950443,190.0886,119,0.9113623857506448,20,492,60,2143,1.0827321173989335,119,dspar,0.2,0.19966,0.2,ok,189769,0.0355020630219501,0.1611512079863711,0.0771749671644462,119,0.0227222358054835,1.5280842080028378,0.0191101326980206,0.0125844268889611,0.001709945704803,119,0.01818405895283,-0.0005946270679056,-9.656197898499952e-05,0.3564887890024693,0.4639055430016015,0.8203943320040707,-0.0163919303239295,-0.1485667810974099,-0.0754650214596431,-0.0045381768526534,1.862621605722229,3.293955485238862
B,metis,0,0.8,200,2,maxdeg_cap85_recal,10000,950443,190.0886,119,0.9113623857506448,20,492,60,2143,1.0827321173989335,119,dspar,0.15,0.14964,0.15,ok,142226,0.0355020630219501,0.1611512079863711,0.0771749671644462,119,0.0227222358054835,1.5280842080028378,0.0170798625017466,0.0109788609693783,0.0014229471731539,119,0.0168949696655543,0.0003529002157642,8.523720127681678e-05,0.3420211240008939,0.371452389001206,0.7134735130020999,-0.0184222005202035,-0.1501723470169927,-0.0757520199912923,-0.0058272661399292,2.1417532398267745,4.113809072844263
B,metis,0,0.8,200,2,maxdeg_cap85_recal,10000,950443,190.0886,119,0.9113623857506448,20,492,60,2143,1.0827321173989335,119,dspar,0.05,0.04988,0.05,ok,47409,0.0355020630219501,0.1611512079863711,0.0771749671644462,119,0.0227222358054835,1.5280842080028378,0.012416265208747,0.0092935023391414,0.0009644872861118,119,0.0142175947332873,-0.0028262003940932,-0.0001310260716596,0.5987031429976923,0.1914304459933191,0.7901335889910115,-0.0230857978132031,-0.1518577056472297,-0.0762104798783344,-0.0085046410721962,1.933956775529791,7.982451276617552
B,metis,0,0.8,200,2,maxdeg_cap85_recal,10000,950443,190.0886,119,0.9113623857506447,20,492,60,2143,1.0827321173989337,119,random,0.5,0.5,0.5,ok,475222,0.03550206302195018,0.16115120798637111,0.07717496716444629,119,0.02272223580548358,1.5280842080028378,0.028199676208174342,0.083494581400169,0.03591654750792697,119,0.022982602115513374,-0.0014921749692114043,-0.0001925940630347464,0.025018707994604483,0.8782214960010606,0.9032402039956651,-0.007302386813775836,-0.07765662658620212,-0.041258419656519316,0.00026036631002979496,1.6917805487876307,1.739975865952833
B,metis,0,0.8,200,2,maxdeg_cap85_recal,10000,950443,190.0886,119,0.9113623857506447,20,492,60,2143,1.0827321173989337,119,random,0.2,0.2,0.2,ok,190089,0.03550206302195018,0.16115120798637111,0.07717496716444629,119,0.02272223580548358,1.5280842080028378,0.018135105214896804,0.01750003206678461,0.003083728161615392,119,0.01785385112517745,-0.002239434537766833,-0.00034489882650626924,0.01718951699876925,0.42195824900409207,0.4391477660028613,-0.017366957807053374,-0.1436511759195865,-0.07409123900283089,-0.004868384680306131,3.479658389046391,3.62141091354282
B,metis,0,0.8,200,2,maxdeg_cap85_recal,10000,950443,190.0886,119,0.9113623857506447,20,492,60,2143,1.0827321173989337,119,random,0.15,0.15,0.15,ok,142566,0.03550206302195018,0.16115120798637111,0.07717496716444629,119,0.02272223580548358,1.5280842080028378,0.016612584843915482,0.018409331581112985,0.002504778065567712,119,0.01587828706126703,-0.0024449766862726955,-0.0001941115430439921,0.015351367001130711,0.35982615499960957,0.3751775220007403,-0.018889478178034696,-0.14274187640525812,-0.07467018909887857,-0.0068439487442165485,4.072963113178787,4.246729112853111
B,metis,0,0.8,200,2,maxdeg_cap85_recal,10000,950443,190.0886,119,0.9113623857506447,20,492,60,2143,1.0827321173989337,119,random,0.05,0.05,0.05,ok,47522,0.03550206302195018,0.16115120798637111,0.07717496716444629,119,0.02272223580548358,1.5280842080028378,0.012224562786088352,0.008083184723397648,0.0011377015499791402,119,0.014951922953252535,-0.00048509494677316317,6.251779143064764e-06,0.015868133996264078,0.1861881180011551,0.20205625199741917,-0.023277500235861826,-0.15306802326297347,-0.07603726561446715,-0.007770312852231044,7.562667291395447,8.207205832508377
B,eigen_proxy,1,0.8,200,2,maxdeg_cap85_recal,10000,950443,190.0886,119,0.9113623857506447,20,492,60,2143,1.0827321173989337,119,lspar,0.5,0.49975,0.832031,ok,474985,0.03134823910646381,0.04299143337453985,0.014653585403204657,5,0.34325952281036576,3.7960927069943864,0.030912211634876924,0.032886129056421805,0.010306963472381803,2,0.0338,-0.0003195678598105072,-6.284377080379573e-05,7.010901993009611,0.46370453200506745,7.4746065250146785,-0.00043602747158688615,-0.010105304318118048,-0.004346621930822855,-0.30945952281036576,0.5078652226428644,8.18644728482598
B,eigen_proxy,1,0.8,200,2,maxdeg_cap85_recal,10000,950443,190.0886,119,0.9113623857506447,20,492,60,2143,1.0827321173989337,119,lspar,0.2,0.2017,0.640625,ok,191703,0.03134823910646381,0.04299143337453985,0.014653585403204657,5,0.34325952281036576,3.7960927069943864,-0.1273756858419676,0.01889860561227869,-0.003455089500538675,2,0.7236,2.0373736227999998e-05,0.00034465213176194736,5.93299951699737,0.19310559699806618,6.126105113995436,-0.1587239249484314,-0.024092827762261165,-0.018108674903743332,0.38034047718963426,0.6196584349037688,19.65811849064324
B,eigen_proxy,1,0.8,200,2,maxdeg_cap85_recal,10000,950443,190.0886,119,0.9113623857506447,20,492,60,2143,1.0827321173989337,119,lspar,0.15,0.15074,0.578125,ok,143270,0.03134823910646381,0.04299143337453985,0.014653585403204657,5,0.34325952281036576,3.7960927069943864,-0.09719589076636617,0.034170048698472365,-0.0004985978288047565,3,0.7779286471136025,-0.00042355844184593325,1.8970621231554893e-05,5.874669693002943,0.26957319600478513,6.144242889007728,-0.12854412987282998,-0.008821384676067488,-0.015152183232009415,0.4346691243032368,0.6178292062290918,14.081862600786923
B,eigen_proxy,1,0.8,200,2,maxdeg_cap85_recal,10000,950443,190.0886,119,0.9113623857506447,20,492,60,2143,1.0827321173989337,119,lspar,0.05,0.04987,0.34375,ok,47397,0.03134823910646381,0.04299143337453985,0.014653585403204657,5,0.34325952281036576,3.7960927069943864,0.004393263511278689,0.1341164513187172,0.06492763280499209,46,1.4819108475208624,0.0015540628139493612,-9.218017143993288e-05,5.63558971999737,1.0100687700032722,6.645658490000642,-0.026954975595185122,0.09112501794417734,0.050274047401787425,1.1386513247104966,0.5712139305241398,3.7582517346636592
B,eigen_proxy,1,0.8,200,2,maxdeg_cap85_recal,10000,950443,190.0886,119,0.9113623857506447,20,492,60,2143,1.0827321173989337,119,dspar,0.5,0.50007,0.5,ok,475287,0.03134823910646381,0.04299143337453985,0.014653585403204657,5,0.34325952281036576,3.7960927069943864,0.025947189773692522,0.022469538570879886,0.00888737196383802,4,0.52691638805412,-0.0003123888874146372,-0.00043379780622162904,0.3378953720020945,2.011277457997494,2.3491728299995884,-0.005401049332771288,-0.020521894803659967,-0.005766213439366638,0.18365686524375424,1.6159273845317934,1.8874037949860603
B,eigen_proxy,1,0.8,200,2,maxdeg_cap85_recal,10000,950443,190.0886,119,0.9113623857506447,20,492,60,2143,1.0827321173989337,119,dspar,0.2,0.19966,0.2,ok,189769,0.03134823910646381,0.04299143337453985,0.014653585403204657,5,0.34325952281036576,3.7960927069943864,0.016972642024204152,0.011121304001173308,0.006187488563397813,10,1.1378207240158706,0.0006512516195940654,0.0004183904232633917,0.3219360279981629,1.123766374999832,1.4457024029979948,-0.014375597082259658,-0.03187012937336654,-0.008466096839806845,0.7945612012055049,2.6257774069700095,3.3780088027593407
B,eigen_proxy,1,0.8,200,2,maxdeg_cap85_recal,10000,950443,190.0886,119,0.9113623857506447,20,492,60,2143,1.0827321173989337,119,dspar,0.15,0.14964,0.15,ok,142226,0.03134823910646381,0.04299143337453985,0.014653585403204657,5,0.34325952281036576,3.7960927069943864,0.01409252448918965,0.004777416031474628,0.00387192873835965,8,0.8714248561981692,-0.0006234070046141117,0.00018566394202753486,0.3430250979945413,1.0497477820026688,1.3927728799972101,-0.01725571461727416,-0.038214017343065225,-0.010781656664845008,0.5281653333878035,2.7255647790916138,3.6161950252015256
B,eigen_proxy,1,0.8,200,2,maxdeg_cap85_recal,10000,950443,190.0886,119,0.9113623857506447,20,492,60,2143,1.0827321173989337,119,dspar,0.05,0.04988,0.05,ok,47409,0.03134823910646381,0.04299143337453985,0.014653585403204657,5,0.34325952281036576,3.7960927069943864,0.00950440873953821,0.0016934984474089804,-0.0003196893470021663,69,2.3242424357196474,-0.00016639536839471952,0.00036811682404745255,0.31456938199698925,1.1784715709945885,1.4930409529915778,-0.0218438303669256,-0.041297934927130873,-0.014973274750206824,1.9809829129092815,2.542524168133652,3.221200070011547
B,eigen_proxy,1,0.8,200,2,maxdeg_cap85_recal,10000,950443,190.0886,119,0.9113623857506447,20,492,60,2143,1.0827321173989337,119,random,0.5,0.5,0.5,ok,475222,0.03134823910646381,0.04299143337453985,0.014653585403204657,5,0.34325952281036576,3.7960927069943864,0.024801918342913166,0.03216792346519669,0.011005765053343067,4,0.595743233280916,0.00017435719236289093,0.00023960139026376243,0.0203114390023984,1.5408015229986631,1.5611129620010615,-0.006546320763550644,-0.010823509909343165,-0.0036478203498615906,0.2524837104705503,2.431657925720179,2.463712976870987
B,eigen_proxy,1,0.8,200,2,maxdeg_cap85_recal,10000,950443,190.0886,119,0.9113623857506447,20,492,60,2143,1.0827321173989337,119,random,0.2,0.2,0.2,ok,190089,0.03134823910646381,0.04299143337453985,0.014653585403204657,5,0.34325952281036576,3.7960927069943864,0.015500252730601214,0.015321549230165613,0.007145061430632272,6,0.8682193962357672,4.113379985537755e-05,-5.0230080262886105e-05,0.014922921996912919,0.8718427290004911,0.886765650997404,-0.015847986375862596,-0.02766988414437424,-0.007508523972572385,0.5249598734254014,4.280829667595571,4.354102615899946
B,eigen_proxy,1,0.8,200,2,maxdeg_cap85_recal,10000,950443,190.0886,119,0.9113623857506447,20,492,60,2143,1.0827321173989337,119,random,0.15,0.15,0.15,ok,142566,0.03134823910646381,0.04299143337453985,0.014653585403204657,5,0.34325952281036576,3.7960927069943864,0.01396069513698701,0.013303645539719806,0.0067305520064356444,11,1.0532065609366474,0.0025584023652665323,9.60124557748885e-05,0.014428893002332188,1.0897557159987628,1.104184609001095,-0.0173875439694768,-0.029687787834820047,-0.007923033396769013,0.7099470381262817,3.4379148885515955,3.483434545250595
