arm,detector,mu,d_nom,lfr_seed,gen_mode,n,m,d_avg_real,n_comm_planted,mu_real,comm_size_min,comm_size_max,deg_min,deg_max,deg_cv,sparsifier,target_ret,realized_ret,knob,status,lspar_floor,m_sparse,Q_base_mean,Q_base_std,Q_base_best,AMI_base_mean,AMI_base_std,ARI_base_mean,nc_base,cv_base,T_leiden_orig,T_sparsify,T_detect_sparse,T_pipeline,Q_orig_transfer,Q_orig_transfer_std,AMI,AMI_std,ARI,AMI_chance,ARI_chance,nc_sparse,cv_sparse,budget,n_restarts,Q_matched_best,AMI_at_matched,ARI_at_matched,nc_matched,dQ_vs_matched,dQ_vs_base_best,dQ_vs_base_mean,dAMI_vs_base_mean,dAMI_vs_matched,dARI_vs_base_mean,speedup_pipeline,speedup_detect_only,Q_resmatch,AMI_resmatch,ARI_resmatch,nc_resmatch,gamma_resmatch
A,leiden,0.3,10,1,maxdeg_cap85_recal,10000,50832,10.1664,100,0.3651243311299968,20,446,1,583,1.9909873364879545,lspar,0.5,0.49772,0.5,ok,0.16531,25300,0.6135561130122431,0.0003443823356272,0.6137914796789913,0.8439552601418707,0.0034458760653296,0.7915346208268275,46.8,0.4511533723073302,0.4480999556006281,0.0565058050051447,0.3013235066682682,0.357829311673413,0.5990708995608635,0.0003111150399165,0.7861428668974769,0.0024428806208804,0.7561023148966429,-0.0012457784901111,-0.0001816589499872,54.66666666666666,0.5271581884336184,0.357829311673413,1,0.6135594487163873,0.850460108147746,0.8059242286913308,49,-0.0144885491555238,-0.0147205801181278,-0.0144852134513796,-0.0578123932443938,-0.064317241250269,-0.0354323059301845,1.2522729161148325,1.4871058702165856,0.6135594487163873,0.850460108147746,0.8059242286913308,49,1.0
A,leiden,0.3,10,1,maxdeg_cap85_recal,10000,50832,10.1664,100,0.3651243311299968,20,446,1,583,1.9909873364879545,lspar,0.2,0.16531,0.0,ok,0.16531,8403,0.6135561130122431,0.0003443823356272,0.6137914796789913,0.8439552601418707,0.0034458760653296,0.7915346208268275,46.8,0.4511533723073302,0.4480999556006281,0.1721964570024283,0.2539431666688567,0.426139623671285,0.2219076971067984,0.0,0.4404710965793568,0.0,0.0933394976851744,0.0006014216943381,6.341167082569564e-05,1600.0,1.5064235792100442,0.426139623671285,1,0.6135594487163873,0.850460108147746,0.8059242286913308,49,-0.3916517516095888,-0.3918837825721928,-0.3916484159054446,-0.4034841635625139,-0.4099890115683891,-0.698195123141653,1.0515331846875682,1.76456788138329,0.1985769656853954,0.2955730804030806,0.0318547700352159,1731,120.0
A,leiden,0.3,10,1,maxdeg_cap85_recal,10000,50832,10.1664,100,0.3651243311299968,20,446,1,583,1.9909873364879545,lspar,0.15,0.16531,0.0,floor,0.16531,8403,0.6135561130122431,0.0003443823356272,0.6137914796789913,0.8439552601418707,0.0034458760653296,0.7915346208268275,46.8,0.4511533723073302,0.4480999556006281,0.050056387008226,0.2542739406659772,0.3043303276742032,0.2219076971067984,0.0,0.4404710965793568,0.0,0.0933394976851744,-0.0013200724922497,-0.0001387670807078,1600.0,1.5064235792100442,0.3043303276742032,1,0.6135594487163873,0.850460108147746,0.8059242286913308,49,-0.3916517516095888,-0.3918837825721928,-0.3916484159054446,-0.4034841635625139,-0.4099890115683891,-0.698195123141653,1.4724130816181276,1.762272431170079,0.1985769656853954,0.2955730804030806,0.0318547700352159,1731,120.0
A,leiden,0.3,10,1,maxdeg_cap85_recal,10000,50832,10.1664,100,0.3651243311299968,20,446,1,583,1.9909873364879545,lspar,0.05,0.16531,0.0,floor,0.16531,8403,0.6135561130122431,0.0003443823356272,0.6137914796789913,0.8439552601418707,0.0034458760653296,0.7915346208268275,46.8,0.4511533723073302,0.4480999556006281,0.0498057220029295,0.2500920450014139,0.2998977670043435,0.2219076971067984,0.0,0.4404710965793568,0.0,0.0933394976851744,-0.0010182246913651,-3.093841322331489e-05,1600.0,1.5064235792100442,0.2998977670043435,1,0.6135594487163873,0.850460108147746,0.8059242286913308,49,-0.3916517516095888,-0.3918837825721928,-0.3916484159054446,-0.4034841635625139,-0.4099890115683891,-0.698195123141653,1.4941756988611996,1.7917401395078147,0.1985769656853954,0.2955730804030806,0.0318547700352159,1731,120.0
A,leiden,0.3,10,1,maxdeg_cap85_recal,10000,50832,10.1664,100,0.3651243311299968,20,446,1,583,1.9909873364879545,dspar,0.5,0.50092,0.5,ok,0.16531,25463,0.6135561130122431,0.0003443823356272,0.6137914796789913,0.8439552601418707,0.0034458760653296,0.7915346208268275,46.8,0.4511533723073302,0.4480999556006281,0.0081458420027047,0.4165023136665695,0.4246481556692743,0.5086742353100049,0.0034949052983697,0.5569281522881114,0.0055035200940128,0.4235528232054301,0.0008051808078738,0.0001666756058258,69.66666666666667,0.993986164099264,0.4246481556692743,1,0.6135594487163873,0.850460108147746,0.8059242286913308,49,-0.1048852134063824,-0.1051172443689864,-0.1048818777022382,-0.2870271078537593,-0.2935319558596345,-0.3679817976213973,1.055226425967616,1.0758642650887027,0.6131102217752554,0.8930243796044095,0.8952003773127966,71,2.0
A,leiden,0.3,10,1,maxdeg_cap85_recal,10000,50832,10.1664,100,0.3651243311299968,20,446,1,583,1.9909873364879545,dspar,0.2,0.1993,0.2,ok,0.16531,10131,0.6135561130122431,0.0003443823356272,0.6137914796789913,0.8439552601418707,0.0034458760653296,0.7915346208268275,46.8,0.4511533723073302,0.4480999556006281,0.0077493109929491,0.3569667443322639,0.364716055325213,0.2250568082001698,0.0014039882126155,0.2311892648537686,0.0027009190923881,0.0936443570604921,-0.0005414697149252,-3.536440997141323e-05,1952.6666666666667,4.7173215596791245,0.364716055325213,1,0.6135594487163873,0.850460108147746,0.8059242286913308,49,-0.3885026405162175,-0.3887346714788214,-0.3884993048120733,-0.6127659952881022,-0.6192708432939774,-0.6978902637663353,1.2286268977137915,1.255298883482372,0.1985769656853954,0.2955730804030806,0.0318547700352159,1731,120.0
A,leiden,0.3,10,1,maxdeg_cap85_recal,10000,50832,10.1664,100,0.3651243311299968,20,446,1,583,1.9909873364879545,dspar,0.15,0.14949,0.15,ok,0.16531,7599,0.6135561130122431,0.0003443823356272,0.6137914796789913,0.8439552601418707,0.0034458760653296,0.7915346208268275,46.8,0.4511533723073302,0.4480999556006281,0.0077605469996342,0.374212168668843,0.3819727156684773,0.1668191328427034,0.0016730770301138,0.1945801641348262,0.0003856560794573,0.0554398924423125,0.0003071718761725,3.426239283990702e-06,3195.333333333333,4.532496771280873,0.3819727156684773,1,0.6135594487163873,0.850460108147746,0.8059242286913308,49,-0.4467403158736839,-0.4469723468362878,-0.4467369801695396,-0.6493750960070445,-0.6558799440129197,-0.7360947283845148,1.1731203230482676,1.1974489156635943,0.1985769656853954,0.2955730804030806,0.0318547700352159,1731,120.0
A,leiden,0.3,10,1,maxdeg_cap85_recal,10000,50832,10.1664,100,0.3651243311299968,20,446,1,583,1.9909873364879545,dspar,0.05,0.04971,0.05,ok,0.16531,2527,0.6135561130122431,0.0003443823356272,0.6137914796789913,0.8439552601418707,0.0034458760653296,0.7915346208268275,46.8,0.4511533723073302,0.4480999556006281,0.0082088299968745,0.4415434863355282,0.4497523163324028,0.0509731571915599,0.0,0.0942814260858187,1.3877787807814457e-17,0.007261129949447,-3.720419560452559e-05,-1.4733334335605651e-06,7475.0,1.2683749445648949,0.4497523163324028,1,0.6135594487163873,0.850460108147746,0.8059242286913308,49,-0.5625862915248274,-0.5628183224874314,-0.5625829558206832,-0.7496738340560519,-0.7561786820619272,-0.7842734908773804,0.99632606509901,1.0148489774348468,0.1985769656853954,0.2955730804030806,0.0318547700352159,1731,120.0
A,leiden,0.3,10,1,maxdeg_cap85_recal,10000,50832,10.1664,100,0.3651243311299968,20,446,1,583,1.9909873364879545,random,0.5,0.5,0.5,ok,0.16531,25416,0.6135561130122431,0.0003443823356272,0.6137914796789913,0.8439552601418707,0.0034458760653296,0.7915346208268275,46.8,0.4511533723073302,0.4480999556006281,0.0008852099999785,0.3781240856696968,0.3790092956696753,0.5301741116015427,0.0008427878736618,0.5875354863697978,0.0022414072976355,0.5237813380140258,0.0002677348884643,0.0001589670778641,347.6666666666667,2.825511049627861,0.3790092956696753,1,0.6135594487163873,0.850460108147746,0.8059242286913308,49,-0.0833853371148446,-0.0836173680774485,-0.0833820014107004,-0.2564197737720729,-0.2629246217779482,-0.2677532828128016,1.182292784689821,1.1850605993717562,0.4316554535983615,0.7249419674352151,0.4453418705322099,249,15.0
A,leiden,0.3,10,1,maxdeg_cap85_recal,10000,50832,10.1664,100,0.3651243311299968,20,446,1,583,1.9909873364879545,random,0.2,0.19999,0.2,ok,0.16531,10166,0.6135561130122431,0.0003443823356272,0.6137914796789913,0.8439552601418707,0.0034458760653296,0.7915346208268275,46.8,0.4511533723073302,0.4480999556006281,0.0007985710035427,0.3760286573330328,0.3768272283365756,0.2979571391106702,0.002736226621865,0.3149779762667983,0.0045862096720735,0.2268588482358981,1.395021300599817e-05,-3.117134128818003e-05,2659.0,6.161088029039868,0.3768272283365756,1,0.6135594487163873,0.850460108147746,0.8059242286913308,49,-0.3156023096057171,-0.3158343405683211,-0.3155989739015729,-0.5289772838750724,-0.5354821318809476,-0.5646757725909294,1.1891390056357418,1.1916643768024433,0.1985769656853954,0.2955730804030806,0.0318547700352159,1731,120.0
A,leiden,0.3,10,1,maxdeg_cap85_recal,10000,50832,10.1664,100,0.3651243311299968,20,446,1,583,1.9909873364879545,random,0.15,0.15,0.15,ok,0.16531,7625,0.6135561130122431,0.0003443823356272,0.6137914796789913,0.8439552601418707,0.0034458760653296,0.7915346208268275,46.8,0.4511533723073302,0.4480999556006281,0.0007523289968958,0.4054512026656691,0.4062035316625649,0.2164380782367167,0.0034403657735629,0.2519148816821356,0.0033499198136498,0.1459674761321376,-0.0015406163582421,-0.0003560556554499,3794.0,5.826489584609225,0.4062035316625649,1,0.6135594487163873,0.850460108147746,0.8059242286913308,49,-0.3971213704796705,-0.3973534014422745,-0.3971180347755263,-0.5920403784597351,-0.5985452264656104,-0.6455671446946899,1.103141456615564,1.1051883744691386,0.1985769656853954,0.2955730804030806,0.0318547700352159,1731,120.0
A,leiden,0.3,10,1,maxdeg_cap85_recal,10000,50832,10.1664,100,0.3651243311299968,20,446,1,583,1.9909873364879545,random,0.05,0.05001,0.05,ok,0.16531,2542,0.6135561130122431,0.0003443823356272,0.6137914796789913,0.8439552601418707,0.0034458760653296,0.7915346208268275,46.8,0.4511533723073302,0.4480999556006281,0.0007075629982864,0.4742407409988421,0.4749483039971285,0.0541210233929636,6.58031083123377e-05,0.1040318473549548,4.043987266730127e-05,0.0129005125498667,0.0002248473957941,1.7972277175099956e-05,7476.666666666667,2.032158628968802,0.4749483039971285,1,0.6135594487163873,0.850460108147746,0.8059242286913308,49,-0.5594384253234237,-0.5596704562860276,-0.5594350896192795,-0.7399234127869159,-0.7464282607927911,-0.7786341082769607,0.9434710090118298,0.9448786594269476,0.1985769656853954,0.2955730804030806,0.0318547700352159,1731,120.0
A,leiden,0.3,10,2,maxdeg_cap85_recal,10000,54462,10.8924,101,0.3619404355330322,20,487,1,509,2.176793016492377,lspar,0.5,0.50793,0.500122,ok,0.15479,27663,0.6161003947095082,0.0004170274193362,0.616655603757283,0.8630931135338965,0.0019639954866373,0.8113495551423853,47.2,0.4206032403178136,0.4504140459990594,0.2474724019994028,0.3068038613346289,0.5542762633340317,0.6052806835786244,0.0001114327544507,0.8232902108371416,0.0011053037494879,0.7950847283024052,-0.0003230198190464,-6.84459050333835e-05,55.333333333333336,0.5147819634954631,0.5542762633340317,1,0.615500897545438,0.8608573698215503,0.7958930813317026,47,-0.0102202139668136,-0.0113749201786585,-0.0108197111308837,-0.0398029026967549,-0.0375671589844086,-0.01626482683998,0.8126165159766543,1.4680846715543645,0.6161513752288906,0.889300698932824,0.8781360788073541,59,1.5
A,leiden,0.3,10,2,maxdeg_cap85_recal,10000,54462,10.8924,101,0.3619404355330322,20,487,1,509,2.176793016492377,lspar,0.2,0.15479,0.0,ok,0.15479,8430,0.6161003947095082,0.0004170274193362,0.616655603757283,0.8630931135338965,0.0019639954866373,0.8113495551423853,47.2,0.4206032403178136,0.4504140459990594,0.1824295899932622,0.2542635736632898,0.436693163656552,0.2178524685955573,0.0,0.4629663088589286,0.0,0.1020915391348834,-0.0001001273217835,3.0321533166856523e-05,1571.0,1.456218239138626,0.436693163656552,1,0.615500897545438,0.8608573698215503,0.7958930813317026,47,-0.3976484289498807,-0.3988031351617257,-0.3982479261139509,-0.4001268046749678,-0.3978910609626216,-0.7092580160075018,1.031419961392614,1.7714454316430048,0.18768598984981,0.3017795765310052,0.035125896725367,1725,120.0
A,leiden,0.3,10,2,maxdeg_cap85_recal,10000,54462,10.8924,101,0.3619404355330322,20,487,1,509,2.176793016492377,lspar,0.15,0.15479,0.0,floor,0.15479,8430,0.6161003947095082,0.0004170274193362,0.616655603757283,0.8630931135338965,0.0019639954866373,0.8113495551423853,47.2,0.4206032403178136,0.4504140459990594,0.0560688329933327,0.2473700586682146,0.3034388916615474,0.2178524685955573,0.0,0.4629663088589286,0.0,0.1020915391348834,-0.0002617783916661,-1.5691453937504914e-05,1571.0,1.456218239138626,0.3034388916615474,1,0.615500897545438,0.8608573698215503,0.7958930813317026,47,-0.3976484289498807,-0.3988031351617257,-0.3982479261139509,-0.4001268046749678,-0.3978910609626216,-0.7092580160075018,1.4843649195154802,1.820810685108733,0.18768598984981,0.3017795765310052,0.035125896725367,1725,120.0
A,leiden,0.3,10,2,maxdeg_cap85_recal,10000,54462,10.8924,101,0.3619404355330322,20,487,1,509,2.176793016492377,lspar,0.05,0.15479,0.0,floor,0.15479,8430,0.6161003947095082,0.0004170274193362,0.616655603757283,0.8630931135338965,0.0019639954866373,0.8113495551423853,47.2,0.4206032403178136,0.4504140459990594,0.0560415729996748,0.246463227000883,0.3025048000005578,0.2178524685955573,0.0,0.4629663088589286,0.0,0.1020915391348834,0.0002902354456507,1.960618000556688e-05,1571.0,1.456218239138626,0.3025048000005578,1,0.615500897545438,0.8608573698215503,0.7958930813317026,47,-0.3976484289498807,-0.3988031351617257,-0.3982479261139509,-0.4001268046749678,-0.3978910609626216,-0.7092580160075018,1.4889484265976238,1.8275101380436187,0.18768598984981,0.3017795765310052,0.035125896725367,1725,120.0
A,leiden,0.3,10,2,maxdeg_cap85_recal,10000,54462,10.8924,101,0.3619404355330322,20,487,1,509,2.176793016492377,dspar,0.5,0.50196,0.5,ok,0.15479,27338,0.6161003947095082,0.0004170274193362,0.616655603757283,0.8630931135338965,0.0019639954866373,0.8113495551423853,47.2,0.4206032403178136,0.4504140459990594,0.0073228820037911,0.4117993136678706,0.4191221956716617,0.5311014036203582,0.0025156618479837,0.6070869126663596,0.0049723912711564,0.4908715038536888,-0.0003816037189065,-0.0001269901125467,58.0,0.7405385898204523,0.4191221956716617,1,0.615500897545438,0.8608573698215503,0.7958930813317026,47,-0.0843994939250798,-0.0855542001369248,-0.0849989910891499,-0.2560062008675369,-0.2537704571551906,-0.3204780512886964,1.074660446644328,1.0937707544659312,0.6161513752288906,0.889300698932824,0.8781360788073541,59,1.5
A,leiden,0.3,10,2,maxdeg_cap85_recal,10000,54462,10.8924,101,0.3619404355330322,20,487,1,509,2.176793016492377,dspar,0.2,0.2013,0.2,ok,0.15479,10963,0.6161003947095082,0.0004170274193362,0.616655603757283,0.8630931135338965,0.0019639954866373,0.8113495551423853,47.2,0.4206032403178136,0.4504140459990594,0.0075393820006866,0.3357292823347961,0.3432686643354827,0.2572733612522779,0.0022903728615431,0.2621281853843634,0.0013796980152506,0.1387857496917283,-0.0010169888414749,-2.8087472702591568e-05,1705.6666666666667,4.859266848031098,0.3432686643354827,1,0.615500897545438,0.8608573698215503,0.7958930813317026,47,-0.3582275362931601,-0.3593822425050051,-0.3588270334572302,-0.6009649281495331,-0.5987291844371869,-0.6725638054506569,1.312132719340969,1.3415989301460374,0.18768598984981,0.3017795765310052,0.035125896725367,1725,120.0
A,leiden,0.3,10,2,maxdeg_cap85_recal,10000,54462,10.8924,101,0.3619404355330322,20,487,1,509,2.176793016492377,dspar,0.15,0.15104,0.15,ok,0.15479,8226,0.6161003947095082,0.0004170274193362,0.616655603757283,0.8630931135338965,0.0019639954866373,0.8113495551423853,47.2,0.4206032403178136,0.4504140459990594,0.0076188750026631,0.3749913033316261,0.3826101783342892,0.1909762152615557,0.0010168837960292,0.2196562695592514,0.0027556013136077,0.0926086541421926,0.0011200954654786,0.0001133491921674,2911.6666666666665,4.893054406020675,0.3826101783342892,1,0.615500897545438,0.8608573698215503,0.7958930813317026,47,-0.4245246822838823,-0.4256793884957273,-0.4251241794479524,-0.6434368439746451,-0.6412011002622988,-0.7187409010001926,1.1772139673857016,1.2011319782547936,0.18768598984981,0.3017795765310052,0.035125896725367,1725,120.0
A,leiden,0.3,10,2,maxdeg_cap85_recal,10000,54462,10.8924,101,0.3619404355330322,20,487,1,509,2.176793016492377,dspar,0.05,0.05024,0.05,ok,0.15479,2736,0.6161003947095082,0.0004170274193362,0.616655603757283,0.8630931135338965,0.0019639954866373,0.8113495551423853,47.2,0.4206032403178136,0.4504140459990594,0.0076903129956917,0.4581306920008501,0.4658210049965419,0.0542848244049288,0.0003451872538294,0.1067295186554917,0.000525640665237,0.0116568514090744,0.0009250874743669,4.836576080958185e-05,7273.666666666667,1.591471403279046,0.4658210049965419,1,0.615500897545438,0.8608573698215503,0.7958930813317026,47,-0.5612160731405091,-0.5623707793523541,-0.5618155703045793,-0.7563635948784048,-0.7541278511660585,-0.7996927037333108,0.9669251518668704,0.9831562343747614,0.18768598984981,0.3017795765310052,0.035125896725367,1725,120.0
A,leiden,0.3,10,2,maxdeg_cap85_recal,10000,54462,10.8924,101,0.3619404355330322,20,487,1,509,2.176793016492377,random,0.5,0.5,0.5,ok,0.15479,27231,0.6161003947095082,0.0004170274193362,0.616655603757283,0.8630931135338965,0.0019639954866373,0.8113495551423853,47.2,0.4206032403178136,0.4504140459990594,0.0009637749972171,0.3816459313360004,0.3826097063332175,0.5427107671598549,0.0009241115300823,0.6209549327575862,0.0037882073040271,0.5563985722592625,0.001516466656932,0.000317475971359,290.6666666666667,2.5478802311079933,0.3826097063332175,1,0.615500897545438,0.8608573698215503,0.7958930813317026,47,-0.0727901303855831,-0.0739448365974281,-0.0733896275496532,-0.2421381807763103,-0.239902437063964,-0.2549509828831228,1.177215419639121,1.1801882557016328,0.4397183732172491,0.753662943959717,0.5277297150704621,233,15.0
A,leiden,0.3,10,2,maxdeg_cap85_recal,10000,54462,10.8924,101,0.3619404355330322,20,487,1,509,2.176793016492377,random,0.2,0.19999,0.2,ok,0.15479,10892,0.6161003947095082,0.0004170274193362,0.616655603757283,0.8630931135338965,0.0019639954866373,0.8113495551423853,47.2,0.4206032403178136,0.4504140459990594,0.0007925050013,0.3651784089985692,0.3659709139998692,0.3113473608898993,0.001584730270904,0.3314173166859929,0.0022755039388286,0.2498468828957799,-0.0010385350222822,-9.261386909165624e-05,2455.6666666666665,6.078324171933656,0.3659709139998692,1,0.615500897545438,0.8608573698215503,0.7958930813317026,47,-0.3041535366555387,-0.3053082428673837,-0.3047530338196089,-0.5316757968479036,-0.5294400531355574,-0.5615026722466053,1.2307372765673406,1.2334082051406938,0.18768598984981,0.3017795765310052,0.035125896725367,1725,120.0
A,leiden,0.3,10,2,maxdeg_cap85_recal,10000,54462,10.8924,101,0.3619404355330322,20,487,1,509,2.176793016492377,random,0.15,0.14999,0.15,ok,0.15479,8169,0.6161003947095082,0.0004170274193362,0.616655603757283,0.8630931135338965,0.0019639954866373,0.8113495551423853,47.2,0.4206032403178136,0.4504140459990594,0.0007288440028787,0.3828964709997914,0.3836253150026702,0.2362003041561899,0.0024715354940759,0.2637201334124577,0.0022274722403174,0.1730384977117914,-8.949733554442818e-05,-0.0001158809455286,3541.333333333333,6.153838741101427,0.3836253150026702,1,0.615500897545438,0.8608573698215503,0.7958930813317026,47,-0.379300593389248,-0.380455299601093,-0.3799000905533182,-0.5993729801214387,-0.5971372364090926,-0.6383110574305938,1.1740988625735618,1.1763337615073102,0.18768598984981,0.3017795765310052,0.035125896725367,1725,120.0
A,leiden,0.3,10,2,maxdeg_cap85_recal,10000,54462,10.8924,101,0.3619404355330322,20,487,1,509,2.176793016492377,random,0.05,0.05,0.05,ok,0.15479,2723,0.6161003947095082,0.0004170274193362,0.616655603757283,0.8630931135338965,0.0019639954866373,0.8113495551423853,47.2,0.4206032403178136,0.4504140459990594,0.0007251720016938,0.4412980810011504,0.4420232530028443,0.0556893842878291,0.0005339660725242,0.1120801691704514,0.0012744821115222,0.0159760467895926,0.0003336001963719,3.44489591642227e-05,7337.333333333333,2.319036649761502,0.4420232530028443,1,0.615500897545438,0.8608573698215503,0.7958930813317026,47,-0.5598115132576088,-0.5609662194694538,-0.560411010421679,-0.7510129443634451,-0.7487772006510989,-0.7953735083527926,1.018982695908446,1.0206571598435872,0.18768598984981,0.3017795765310052,0.035125896725367,1725,120.0
A,leiden,0.3,10,3,maxdeg_cap100_recal,10000,53700,10.74,93,0.3638733705772812,20,459,1,604,2.16358568843153,lspar,0.5,0.5081,0.500488,ok,0.15536,27285,0.6121477572485254,9.99364734414483e-05,0.612269324892759,0.8749163850141388,0.0026535405693976,0.8427671052494567,49.2,0.4166756091503317,0.4553506889991695,0.2605852969936677,0.3119154796659131,0.5725007766595809,0.6019166216433344,8.757856199003045e-05,0.8328543837040979,0.0017374640479787,0.8117969081290369,-0.0002071578966208,-1.2444008162008068e-05,55.0,0.4973541187503012,0.5725007766595809,1,0.612269324892759,0.8720535113059013,0.838902591661037,49,-0.0103527032494246,-0.0103527032494246,-0.010231135605191,-0.0420620013100409,-0.0391991276018033,-0.0309701971204198,0.795371303522142,1.4598528084816027,0.61181211485978,0.8984746278627346,0.8926347722051821,60,1.5
A,leiden,0.3,10,3,maxdeg_cap100_recal,10000,53700,10.74,93,0.3638733705772812,20,459,1,604,2.16358568843153,lspar,0.2,0.15536,0.0,ok,0.15536,8343,0.6121477572485254,9.99364734414483e-05,0.612269324892759,0.8749163850141388,0.0026535405693976,0.8427671052494567,49.2,0.4166756091503317,0.4553506889991695,0.1929022690019337,0.2600976223354034,0.4529998913373371,0.2121676067815883,0.0,0.4520594883002184,5.551115123125783e-17,0.0961553897381685,-0.0001619292787485,-3.918086347828496e-05,1658.0,1.554490797656905,0.4529998913373371,1,0.612269324892759,0.8720535113059013,0.838902591661037,49,-0.4001017181111705,-0.4001017181111705,-0.399980150466937,-0.4228568967139204,-0.4199940230056828,-0.7466117155112882,1.0051894000567911,1.7506914708046877,0.1860536491439786,0.2843605164619969,0.0307542107806259,1770,120.0
A,leiden,0.3,10,3,maxdeg_cap100_recal,10000,53700,10.74,93,0.3638733705772812,20,459,1,604,2.16358568843153,lspar,0.15,0.15536,0.0,floor,0.15536,8343,0.6121477572485254,9.99364734414483e-05,0.612269324892759,0.8749163850141388,0.0026535405693976,0.8427671052494567,49.2,0.4166756091503317,0.4553506889991695,0.068113450994133,0.2576716073356995,0.3257850583298325,0.2121676067815883,0.0,0.4520594883002184,5.551115123125783e-17,0.0961553897381685,0.0003768659397922,2.8581567739954075e-05,1658.0,1.554490797656905,0.3257850583298325,1,0.612269324892759,0.8720535113059013,0.838902591661037,49,-0.4001017181111705,-0.4001017181111705,-0.399980150466937,-0.4228568967139204,-0.4199940230056828,-0.7466117155112882,1.3977028023739555,1.767174481144637,0.1860536491439786,0.2843605164619969,0.0307542107806259,1770,120.0
A,leiden,0.3,10,3,maxdeg_cap100_recal,10000,53700,10.74,93,0.3638733705772812,20,459,1,604,2.16358568843153,lspar,0.05,0.15536,0.0,floor,0.15536,8343,0.6121477572485254,9.99364734414483e-05,0.612269324892759,0.8749163850141388,0.0026535405693976,0.8427671052494567,49.2,0.4166756091503317,0.4553506889991695,0.0679259469980024,0.2578709463317257,0.3257968933297282,0.2121676067815883,0.0,0.4520594883002184,5.551115123125783e-17,0.0961553897381685,0.000243882519875,-1.3315775726018964e-06,1658.0,1.554490797656905,0.3257968933297282,1,0.612269324892759,0.8720535113059013,0.838902591661037,49,-0.4001017181111705,-0.4001017181111705,-0.399980150466937,-0.4228568967139204,-0.4199940230056828,-0.7466117155112882,1.3976520289845864,1.7658084226883215,0.1860536491439786,0.2843605164619969,0.0307542107806259,1770,120.0
A,leiden,0.3,10,3,maxdeg_cap100_recal,10000,53700,10.74,93,0.3638733705772812,20,459,1,604,2.16358568843153,dspar,0.5,0.49892,0.5,ok,0.15536,26792,0.6121477572485254,9.99364734414483e-05,0.612269324892759,0.8749163850141388,0.0026535405693976,0.8427671052494567,49.2,0.4166756091503317,0.4553506889991695,0.0082913689984707,0.4261382496673225,0.4344296186657932,0.518099101671816,0.0010567693156169,0.5869669636571927,0.0052249901628585,0.4692363308745237,-0.0003634759374859,-5.792310465689824e-05,58.333333333333336,0.8104037963186382,0.4344296186657932,1,0.612269324892759,0.8720535113059013,0.838902591661037,49,-0.0941702232209429,-0.0941702232209429,-0.0940486555767093,-0.2879494213569461,-0.2850865476487085,-0.373530774374933,1.0481575597852384,1.0685515542307045,0.61181211485978,0.8984746278627346,0.8926347722051821,60,1.5
A,leiden,0.3,10,3,maxdeg_cap100_recal,10000,53700,10.74,93,0.3638733705772812,20,459,1,604,2.16358568843153,dspar,0.2,0.2014,0.2,ok,0.15536,10815,0.6121477572485254,9.99364734414483e-05,0.612269324892759,0.8749163850141388,0.0026535405693976,0.8427671052494567,49.2,0.4166756091503317,0.4553506889991695,0.0081719279987737,0.3522510100010549,0.3604229379998287,0.2472325910552119,0.0023018484828863,0.2467984752835312,0.0030868540009373,0.1281998634522092,-0.0020267278574889,-0.0002622231239282,1740.3333333333333,4.793509392730655,0.3604229379998287,1,0.612269324892759,0.8720535113059013,0.838902591661037,49,-0.3650367338375471,-0.3650367338375471,-0.3649151661933135,-0.6281179097306077,-0.6252550360223701,-0.7145672417972475,1.26337877252248,1.2926881004480464,0.1860536491439786,0.2843605164619969,0.0307542107806259,1770,120.0
A,leiden,0.3,10,3,maxdeg_cap100_recal,10000,53700,10.74,93,0.3638733705772812,20,459,1,604,2.16358568843153,dspar,0.15,0.15073,0.15,ok,0.15536,8094,0.6121477572485254,9.99364734414483e-05,0.612269324892759,0.8749163850141388,0.0026535405693976,0.8427671052494567,49.2,0.4166756091503317,0.4553506889991695,0.008484762001899,0.3677247209998313,0.3762094830017304,0.1811425780857183,0.0020008627581843,0.2112321502472424,0.0019820238474715,0.0794476809813385,0.0005275694964777,-4.060533770606076e-05,2972.333333333333,4.838612656027674,0.3762094830017304,1,0.612269324892759,0.8720535113059013,0.838902591661037,49,-0.4311267468070406,-0.4311267468070406,-0.4310051791628071,-0.6636842347668964,-0.6608213610586589,-0.7633194242681183,1.2103647291556314,1.2382922958268514,0.1860536491439786,0.2843605164619969,0.0307542107806259,1770,120.0
A,leiden,0.3,10,3,maxdeg_cap100_recal,10000,53700,10.74,93,0.3638733705772812,20,459,1,604,2.16358568843153,dspar,0.05,0.05026,0.05,ok,0.15536,2699,0.6121477572485254,9.99364734414483e-05,0.612269324892759,0.8749163850141388,0.0026535405693976,0.8427671052494567,49.2,0.4166756091503317,0.4553506889991695,0.0082778810028685,0.4321956653341961,0.4404735463370646,0.0516810799704562,0.0,0.1020230416084301,7.850462293418876e-17,0.0097910208893628,1.9500978435218462e-05,-4.644147382158353e-07,7303.0,1.6632207189666677,0.4404735463370646,1,0.612269324892759,0.8720535113059013,0.838902591661037,49,-0.5605882449223027,-0.5605882449223027,-0.5604666772780692,-0.7728933434057087,-0.7700304696974711,-0.832976084360094,1.033775337442672,1.053575325997471,0.1860536491439786,0.2843605164619969,0.0307542107806259,1770,120.0
A,leiden,0.3,10,3,maxdeg_cap100_recal,10000,53700,10.74,93,0.3638733705772812,20,459,1,604,2.16358568843153,random,0.5,0.5,0.5,ok,0.15536,26850,0.6121477572485254,9.99364734414483e-05,0.612269324892759,0.8749163850141388,0.0026535405693976,0.8427671052494567,49.2,0.4166756091503317,0.4553506889991695,0.0008785539976088,0.3845676073348538,0.3854461613324626,0.5335002682327136,0.0010117397572786,0.6061372997182581,0.0018059409068474,0.5461680050371857,0.0007211891012699,-9.314142340081214e-06,323.6666666666667,2.7311371771128408,0.3854461613324626,1,0.612269324892759,0.8720535113059013,0.838902591661037,49,-0.0787690566600454,-0.0787690566600454,-0.0786474890158118,-0.2687790852958807,-0.2659162115876431,-0.2965991002122711,1.1813600307369814,1.1840588762918949,0.4505169824079566,0.7557363043049209,0.5507978683049451,231,15.0
A,leiden,0.3,10,3,maxdeg_cap100_recal,10000,53700,10.74,93,0.3638733705772812,20,459,1,604,2.16358568843153,random,0.2,0.2,0.2,ok,0.15536,10740,0.6121477572485254,9.99364734414483e-05,0.612269324892759,0.8749163850141388,0.0026535405693976,0.8427671052494567,49.2,0.4166756091503317,0.4553506889991695,0.0007628710009157,0.3564202340009312,0.3571831050018469,0.3075872405378737,0.001400063898787,0.3155507197729969,0.0030315383556193,0.2493336379561302,-0.0008431549245454,-0.0001290631184593,2509.0,6.222697402968461,0.3571831050018469,1,0.612269324892759,0.8720535113059013,0.838902591661037,49,-0.3046820843548852,-0.3046820843548852,-0.3045605167106517,-0.5593656652411418,-0.5565027915329044,-0.5934334672933265,1.27483826256792,1.277566887512845,0.1860536491439786,0.2843605164619969,0.0307542107806259,1770,120.0
A,leiden,0.3,10,3,maxdeg_cap100_recal,10000,53700,10.74,93,0.3638733705772812,20,459,1,604,2.16358568843153,random,0.15,0.15,0.15,ok,0.15536,8055,0.6121477572485254,9.99364734414483e-05,0.612269324892759,0.8749163850141388,0.0026535405693976,0.8427671052494567,49.2,0.4166756091503317,0.4553506889991695,0.0007245870001497,0.3850878126662185,0.3858123996663683,0.2306608412601022,0.0035607692816355,0.2570264722021982,0.0041750608737866,0.1722259458544061,-6.0939744795665335e-05,-6.218619409571216e-05,3600.6666666666665,6.114756626470297,0.3858123996663683,1,0.612269324892759,0.8720535113059013,0.838902591661037,49,-0.3816084836326567,-0.3816084836326567,-0.3814869159884232,-0.6178899128119406,-0.615027039103703,-0.6705411593950507,1.180238606620561,1.1824593612726262,0.1860536491439786,0.2843605164619969,0.0307542107806259,1770,120.0
A,leiden,0.3,10,3,maxdeg_cap100_recal,10000,53700,10.74,93,0.3638733705772812,20,459,1,604,2.16358568843153,random,0.05,0.05,0.05,ok,0.15536,2685,0.6121477572485254,9.99364734414483e-05,0.612269324892759,0.8749163850141388,0.0026535405693976,0.8427671052494567,49.2,0.4166756091503317,0.4553506889991695,0.0007257089964696,0.4597451446704023,0.4604708536668719,0.0556702844272461,0.0002936788043617,0.1117916850143033,0.0009701593781984,0.0177032678942948,-0.000257325956005,-1.2543386027796056e-05,7367.333333333333,2.387020899884544,0.4604708536668719,1,0.612269324892759,0.8720535113059013,0.838902591661037,49,-0.5565990404655129,-0.5565990404655129,-0.5564774728212794,-0.7631246999998355,-0.7602618262915979,-0.8250638373551619,0.9888805890168096,0.9904415397918268,0.1860536491439786,0.2843605164619969,0.0307542107806259,1770,120.0
A,leiden,0.3,25,1,maxdeg_cap100,10000,170316,34.0632,97,0.3737640620963385,20,496,5,703,1.5733385985736557,lspar,0.5,0.49516,0.71875,ok,0.05024,84334,0.5882502251555296,7.103048034026844e-05,0.588357363438039,0.9358063770221688,0.0008702609585751,0.9048386210596292,47.2,0.5602752117240379,0.7815906335992622,0.3874290699968696,0.3691428063320927,0.7565718763289624,0.5875741959255195,6.529839826352884e-05,0.9566575697505428,0.0020669185222467,0.9519319778855432,-0.000161421193467,8.293398279157864e-05,61.333333333333336,0.7445195926412694,0.7565718763289624,1,0.5882796287865933,0.936482781487808,0.9070536196373482,47,-0.0007054328610738,-0.0007831675125195,-0.00067602923001,0.0208511927283739,0.0201747882627347,0.0470933568259142,1.033068579540249,2.11731237936171,0.5881617030673847,0.9632204725523602,0.9619903001071934,61,1.5
A,leiden,0.3,25,1,maxdeg_cap100,10000,170316,34.0632,97,0.3737640620963385,20,496,5,703,1.5733385985736557,lspar,0.2,0.20254,0.421875,ok,0.05024,34496,0.5882502251555296,7.103048034026844e-05,0.588357363438039,0.9358063770221688,0.0008702609585751,0.9048386210596292,47.2,0.5602752117240379,0.7815906335992622,0.3542925749934511,0.2426755843359084,0.5969681593293595,0.5870460949303059,7.749126209814831e-06,0.9731649958094092,1.6771446655275255e-05,0.975186896665445,0.0005735143704648,3.3045118835354744e-05,83.0,1.001744439084434,0.5969681593293595,1,0.5882796287865933,0.936482781487808,0.9070536196373482,47,-0.0012335338562874,-0.0013112685077331,-0.0012041302252236,0.0373586187872404,0.0366822143216012,0.0703482756058159,1.3092668702419732,3.2207221659241765,0.5877299301365476,0.9873533648970853,0.9915213762868724,83,3.0
A,leiden,0.3,25,1,maxdeg_cap100,10000,170316,34.0632,97,0.3737640620963385,20,496,5,703,1.5733385985736557,lspar,0.15,0.15155,0.3125,ok,0.05024,25812,0.5882502251555296,7.103048034026844e-05,0.588357363438039,0.9358063770221688,0.0008702609585751,0.9048386210596292,47.2,0.5602752117240379,0.7815906335992622,0.3328168019943405,0.2194405313348397,0.5522573333291803,0.586947610374882,1.2870597078069868e-05,0.974154232448008,0.0005936988921695,0.9763311312808172,0.0006165632118489,0.0001099740574597,86.0,1.0350968171452282,0.5522573333291803,1,0.5882796287865933,0.936482781487808,0.9070536196373482,47,-0.0013320184117113,-0.001409753063157,-0.0013026147806476,0.0383478554258391,0.0376714509601999,0.0714925102211881,1.4152652874477718,3.5617423492593043,0.5877299301365476,0.9873533648970853,0.9915213762868724,83,3.0
A,leiden,0.3,25,1,maxdeg_cap100,10000,170316,34.0632,97,0.3737640620963385,20,496,5,703,1.5733385985736557,lspar,0.05,0.05024,0.0,floor,0.05024,8557,0.5882502251555296,7.103048034026844e-05,0.588357363438039,0.9358063770221688,0.0008702609585751,0.9048386210596292,47.2,0.5602752117240379,0.7815906335992622,0.2995267919905018,0.2739695366666031,0.5734963286571049,0.1283331451919048,0.0,0.5986519678549048,0.0,0.1276037579167099,-0.0003895637244579,-3.832276618622507e-05,1443.0,1.2616660255392471,0.5734963286571049,1,0.5882796287865933,0.936482781487808,0.9070536196373482,47,-0.4599464835946885,-0.4600242182461341,-0.4599170799636247,-0.3371544091672639,-0.3378308136329031,-0.7772348631429191,1.3628520263232191,2.8528377392205813,0.1360117796299063,0.5012507914416623,0.1312636154903376,1566,60.0
A,leiden,0.3,25,1,maxdeg_cap100,10000,170316,34.0632,97,0.3737640620963385,20,496,5,703,1.5733385985736557,dspar,0.5,0.4996,0.5,ok,0.05024,85090,0.5882502251555296,7.103048034026844e-05,0.588357363438039,0.9358063770221688,0.0008702609585751,0.9048386210596292,47.2,0.5602752117240379,0.7815906335992622,0.0302773380026337,0.599524277667418,0.6298016156700518,0.5866434821421137,0.0001033869711623,0.939359411785336,0.0003904557364024,0.9181462307315362,0.0002868765179287,4.409039745396532e-05,51.66666666666666,0.6196318257473584,0.6298016156700518,1,0.5882796287865933,0.936482781487808,0.9070536196373482,47,-0.0016361466444796,-0.0017138812959253,-0.0016067430134159,0.0035530347631673,0.0028766302975281,0.0133076096719071,1.2410108423868056,1.3036847092168038,0.5882796287865933,0.936482781487808,0.9070536196373482,47,1.0
A,leiden,0.3,25,1,maxdeg_cap100,10000,170316,34.0632,97,0.3737640620963385,20,496,5,703,1.5733385985736557,dspar,0.2,0.19875,0.2,ok,0.05024,33850,0.5882502251555296,7.103048034026844e-05,0.588357363438039,0.9358063770221688,0.0008702609585751,0.9048386210596292,47.2,0.5602752117240379,0.7815906335992622,0.0304677349995472,0.4654183950018098,0.4958861300013571,0.4839847767980489,0.0022429083187315,0.6455319360541313,0.0049331235697836,0.5395263102317794,0.000193802357485,0.0001675981703013,71.0,1.258032886551727,0.4958861300013571,1,0.5882796287865933,0.936482781487808,0.9070536196373482,47,-0.1042948519885443,-0.10437258663999,-0.1042654483574806,-0.2902744409680374,-0.2909508454336766,-0.3653123108278496,1.57614941478021,1.6793290553035034,0.5880105918038389,0.9736217337525244,0.9765966750387872,68,2.0
A,leiden,0.3,25,1,maxdeg_cap100,10000,170316,34.0632,97,0.3737640620963385,20,496,5,703,1.5733385985736557,dspar,0.15,0.14922,0.15,ok,0.05024,25415,0.5882502251555296,7.103048034026844e-05,0.588357363438039,0.9358063770221688,0.0008702609585751,0.9048386210596292,47.2,0.5602752117240379,0.7815906335992622,0.0282207489944994,0.4264025133331112,0.4546232623276107,0.3977329572221644,0.001224626403528,0.4832979909187769,0.0085941227591665,0.3942518459729411,-0.0006640177618698,-0.000106876174809,200.66666666666663,2.5543950488317675,0.4546232623276107,1,0.5882796287865933,0.936482781487808,0.9070536196373482,47,-0.1905466715644289,-0.1906244062158745,-0.1905172679333651,-0.4525083861033918,-0.453184790569031,-0.5105867750866879,1.7192051053384774,1.8329878674722384,0.5272108056877056,0.9755391353998564,0.9189639727938324,107,8.0
A,leiden,0.3,25,1,maxdeg_cap100,10000,170316,34.0632,97,0.3737640620963385,20,496,5,703,1.5733385985736557,dspar,0.05,0.04997,0.05,ok,0.05024,8511,0.5882502251555296,7.103048034026844e-05,0.588357363438039,0.9358063770221688,0.0008702609585751,0.9048386210596292,47.2,0.5602752117240379,0.7815906335992622,0.0280786590010393,0.3678008746695316,0.395879533670571,0.0680488799222189,0.0028926453835511,0.1672686221832774,0.0022136187842208,0.0459865429843028,-8.697940741504663e-06,5.0034938531660966e-05,2865.6666666666665,4.815411744088004,0.395879533670571,1,0.5882796287865933,0.936482781487808,0.9070536196373482,47,-0.5202307488643744,-0.52030848351582,-0.5202013452333106,-0.7685377548388913,-0.7692141593045305,-0.8588520780753263,1.9743143232295977,2.125037452130911,0.0853024891901741,0.3351766282391216,0.0517660680070451,2684,120.0
A,leiden,0.3,25,1,maxdeg_cap100,10000,170316,34.0632,97,0.3737640620963385,20,496,5,703,1.5733385985736557,random,0.5,0.5,0.5,ok,0.05024,85158,0.5882502251555296,7.103048034026844e-05,0.588357363438039,0.9358063770221688,0.0008702609585751,0.9048386210596292,47.2,0.5602752117240379,0.7815906335992622,0.002696025003388,0.5515619733317484,0.5542579983351364,0.5794673492516074,0.0004632034039417,0.8671354665747844,0.0042331574444075,0.8193529366603675,0.0009542422780854,0.0001324289996885,42.66666666666666,0.5994388799105496,0.5542579983351364,1,0.5882796287865933,0.936482781487808,0.9070536196373482,47,-0.0088122795349859,-0.0088900141864316,-0.0087828759039222,-0.0686709104473843,-0.0693473149130236,-0.0854856843992616,1.410156706708754,1.4170495273233028,0.5882796287865933,0.936482781487808,0.9070536196373482,47,1.0
A,leiden,0.3,25,1,maxdeg_cap100,10000,170316,34.0632,97,0.3737640620963385,20,496,5,703,1.5733385985736557,random,0.2,0.2,0.2,ok,0.05024,34063,0.5882502251555296,7.103048034026844e-05,0.588357363438039,0.9358063770221688,0.0008702609585751,0.9048386210596292,47.2,0.5602752117240379,0.7815906335992622,0.0023259079971467,0.4198303993349934,0.4221563073321401,0.4925898219715621,0.0006967674894869,0.607987121536004,0.0019714583811206,0.5882415213545138,0.0001575405251254,-0.0001320199684301,241.0,2.8017216696341776,0.4221563073321401,1,0.5882796287865933,0.936482781487808,0.9070536196373482,47,-0.0956898068150312,-0.0957675414664769,-0.0956604031839675,-0.3278192554861647,-0.3284956599518039,-0.3165970997051153,1.8514247448737744,1.861681847806383,0.3299141599910791,0.8421674571070898,0.5585349874942614,295,15.0
A,leiden,0.3,25,1,maxdeg_cap100,10000,170316,34.0632,97,0.3737640620963385,20,496,5,703,1.5733385985736557,random,0.15,0.15,0.15,ok,0.05024,25547,0.5882502251555296,7.103048034026844e-05,0.588357363438039,0.9358063770221688,0.0008702609585751,0.9048386210596292,47.2,0.5602752117240379,0.7815906335992622,0.0024705500036361,0.3861486566675012,0.3886192066711373,0.4393807027047985,0.0005150298263897,0.5115979982869794,0.003836169154466,0.4976541588889289,0.000389616946205,-0.0001233853194954,558.0,4.394722838813981,0.3886192066711373,1,0.5882796287865933,0.936482781487808,0.9070536196373482,47,-0.1488989260817948,-0.1489766607332405,-0.1488695224507311,-0.4242083787351893,-0.4248847832008285,-0.4071844621707001,2.0111991898039934,2.0240666906482647,0.2063914764133871,0.6687326830664687,0.2785046090713567,807,30.0
A,leiden,0.3,25,1,maxdeg_cap100,10000,170316,34.0632,97,0.3737640620963385,20,496,5,703,1.5733385985736557,random,0.05,0.05,0.05,ok,0.05024,8516,0.5882502251555296,7.103048034026844e-05,0.588357363438039,0.9358063770221688,0.0008702609585751,0.9048386210596292,47.2,0.5602752117240379,0.7815906335992622,0.0020230920054018,0.3971364660028484,0.3991595580082503,0.167691109896972,0.0051639381259476,0.2523049690020784,0.0018498247677748,0.1956133488309773,0.0002612329700954,-3.461110514298524e-05,3480.6666666666665,6.972894452167494,0.3991595580082503,1,0.5882796287865933,0.936482781487808,0.9070536196373482,47,-0.4205885188896213,-0.420666253541067,-0.4205591152585576,-0.6835014080200903,-0.6841778124857296,-0.7092252722286517,1.9580907381982504,1.968065641178507,0.0853024891901741,0.3351766282391216,0.0517660680070451,2684,120.0
A,leiden,0.3,25,2,maxdeg_cap100,10000,158966,31.7932,107,0.3796031855868551,20,490,6,694,1.4729486678799,lspar,0.5,0.49617,0.710938,ok,0.05387,78874,0.5879502458362998,5.776254173336104e-05,0.5880388271637358,0.9353713284071448,0.0023738377424686,0.8805589781517327,53.2,0.4924735558020449,0.7712360758014256,0.3697285350062884,0.3529978743293516,0.72272640933564,0.5871030275797272,3.0827318303762086e-05,0.9627570509360236,0.0004367497450484,0.9489478635361352,0.0005078111995595,0.0002747374143675,73.66666666666667,0.7074426077302965,0.72272640933564,1,0.5878847512493863,0.9383068991486546,0.8826021344096769,55,-0.0007817236696591,-0.0009357995840085,-0.0008472182565726,0.0273857225288788,0.0244501517873689,0.0683888853844024,1.0671203734071066,2.1848179036960778,0.5877309492546322,0.9634552949967006,0.9495956705701456,69,1.5
A,leiden,0.3,25,2,maxdeg_cap100,10000,158966,31.7932,107,0.3796031855868551,20,490,6,694,1.4729486678799,lspar,0.2,0.1965,0.390625,ok,0.05387,31237,0.5879502458362998,5.776254173336104e-05,0.5880388271637358,0.9353713284071448,0.0023738377424686,0.8805589781517327,53.2,0.4924735558020449,0.7712360758014256,0.3061255920038093,0.2382925959997616,0.5444181880035709,0.5866557234157755,2.3278182219402758e-05,0.974011602500248,0.0005223604944172,0.9702723599783756,0.0010429002424236,1.488602474700534e-05,88.33333333333333,0.8485557113321328,0.5444181880035709,1,0.5878847512493863,0.9383068991486546,0.8826021344096769,55,-0.0012290278336107,-0.0013831037479602,-0.0012945224205243,0.0386402740931032,0.0357047033515933,0.0897133818266429,1.4166243758857795,3.2365087658963483,0.5873167155132316,0.9862540231826472,0.9874057745184978,89,3.0
A,leiden,0.3,25,2,maxdeg_cap100,10000,158966,31.7932,107,0.3796031855868551,20,490,6,694,1.4729486678799,lspar,0.15,0.15427,0.28125,ok,0.05387,24523,0.5879502458362998,5.776254173336104e-05,0.5880388271637358,0.9353713284071448,0.0023738377424686,0.8805589781517327,53.2,0.4924735558020449,0.7712360758014256,0.2962037500037695,0.2219718406680234,0.518175590671793,0.5864025585847893,1.243831080315738e-05,0.9724965060470044,0.0003363833783734,0.9675541410062876,-0.0003185283063002,-5.513112782202013e-05,92.0,0.8922741700465101,0.518175590671793,1,0.5878847512493863,0.9383068991486546,0.8826021344096769,55,-0.001482192664597,-0.0016362685789464,-0.0015476872515105,0.0371251776398595,0.0341896068983497,0.086995162854555,1.488368208933868,3.474477093492551,0.5873167155132316,0.9862540231826472,0.9874057745184978,89,3.0
A,leiden,0.3,25,2,maxdeg_cap100,10000,158966,31.7932,107,0.3796031855868551,20,490,6,694,1.4729486678799,lspar,0.05,0.05387,0.0,floor,0.05387,8564,0.5879502458362998,5.776254173336104e-05,0.5880388271637358,0.9353713284071448,0.0023738377424686,0.8805589781517327,53.2,0.4924735558020449,0.7712360758014256,0.2555180740018841,0.2499601993331452,0.5054782733350294,0.1469584932298889,0.0,0.6238126444138526,0.0,0.1641126905037172,0.0009713592259091,7.31910303125775e-05,1436.0,1.2907662840344103,0.5054782733350294,1,0.5878847512493863,0.9383068991486546,0.8826021344096769,55,-0.4409262580194974,-0.4410803339338469,-0.4409917526064109,-0.3115586839932921,-0.3144942547348019,-0.7164462876480154,1.525755144158793,3.085435512769484,0.1602079161144218,0.5621250375737442,0.1830386341636332,1404,60.0
A,leiden,0.3,25,2,maxdeg_cap100,10000,158966,31.7932,107,0.3796031855868551,20,490,6,694,1.4729486678799,dspar,0.5,0.50094,0.5,ok,0.05387,79632,0.5879502458362998,5.776254173336104e-05,0.5880388271637358,0.9353713284071448,0.0023738377424686,0.8805589781517327,53.2,0.4924735558020449,0.7712360758014256,0.024301192999701,0.5966617969994937,0.6209629899991947,0.5855728383083045,0.0001228720664939,0.9318966307974528,0.0026621546999113,0.8833959927989864,-0.0008741127736366,1.881514627579237e-05,56.0,0.5258413682324271,0.6209629899991947,1,0.5878847512493863,0.9383068991486546,0.8826021344096769,55,-0.0023119129410817,-0.0024659888554312,-0.0023774075279953,-0.0034746976096918,-0.0064102683512017,0.0028370146472537,1.242000067995076,1.2925849780894887,0.5878847512493863,0.9383068991486546,0.8826021344096769,55,1.0
A,leiden,0.3,25,2,maxdeg_cap100,10000,158966,31.7932,107,0.3796031855868551,20,490,6,694,1.4729486678799,dspar,0.2,0.20025,0.2,ok,0.05387,31833,0.5879502458362998,5.776254173336104e-05,0.5880388271637358,0.9353713284071448,0.0023738377424686,0.8805589781517327,53.2,0.4924735558020449,0.7712360758014256,0.0247502630008966,0.4696530823348439,0.4944033453357406,0.4614564901293823,0.0051973439323221,0.5935025382503157,0.0057914818117216,0.4440816257727695,0.0007700153077742,0.0002426076937963,82.66666666666667,1.3751742953125172,0.4944033453357406,1,0.5878847512493863,0.9383068991486546,0.8826021344096769,55,-0.126428261120004,-0.1265823370343535,-0.1264937557069175,-0.341868790156829,-0.3448043608983389,-0.4364773523789632,1.5599329637984,1.642139921593371,0.5875437588077861,0.976519756092082,0.9735967788177488,79,2.0
A,leiden,0.3,25,2,maxdeg_cap100,10000,158966,31.7932,107,0.3796031855868551,20,490,6,694,1.4729486678799,dspar,0.15,0.1493,0.15,ok,0.05387,23733,0.5879502458362998,5.776254173336104e-05,0.5880388271637358,0.9353713284071448,0.0023738377424686,0.8805589781517327,53.2,0.4924735558020449,0.7712360758014256,0.0245322039991151,0.4250494613346139,0.449581665333729,0.3665017082048371,0.0074631568107957,0.4412540048286095,0.0102593840060356,0.3139222951470406,-0.0003622560510631,-0.0001136432984444,223.66666666666663,2.618214533582922,0.449581665333729,1,0.5878847512493863,0.9383068991486546,0.8826021344096769,55,-0.2213830430445492,-0.2215371189588986,-0.2214485376314627,-0.4941173235785353,-0.4970528943200451,-0.566636683004692,1.7154526869527236,1.8144619531567443,0.3529307811446443,0.8861056730700115,0.623274806964796,255,15.0
A,leiden,0.3,25,2,maxdeg_cap100,10000,158966,31.7932,107,0.3796031855868551,20,490,6,694,1.4729486678799,dspar,0.05,0.04999,0.05,ok,0.05387,7946,0.5879502458362998,5.776254173336104e-05,0.5880388271637358,0.9353713284071448,0.0023738377424686,0.8805589781517327,53.2,0.4924735558020449,0.7712360758014256,0.0242061469980399,0.3681463073347307,0.3923524543327706,0.0598145031154673,0.0004510212593645,0.1680334144113565,0.0025710615174341,0.0350115264291427,-0.0008888003604627,-7.663326539950662e-05,3113.333333333333,4.558421747473933,0.3923524543327706,1,0.5878847512493863,0.9383068991486546,0.8826021344096769,55,-0.528070248133919,-0.5282243240482685,-0.5281357427208325,-0.7673379139957882,-0.7702734847372981,-0.8455474517225899,1.9656715977805708,2.0949173207384435,0.0937084771262096,0.3715446510742239,0.0650181361051473,2554,120.0
A,leiden,0.3,25,2,maxdeg_cap100,10000,158966,31.7932,107,0.3796031855868551,20,490,6,694,1.4729486678799,random,0.5,0.5,0.5,ok,0.05387,79483,0.5879502458362998,5.776254173336104e-05,0.5880388271637358,0.9353713284071448,0.0023738377424686,0.8805589781517327,53.2,0.4924735558020449,0.7712360758014256,0.0028261659972486,0.5557196409984803,0.5585458069957289,0.5779562329749687,0.0003898248109674,0.8593573095704131,0.0018885306687654,0.7846296388418231,-0.0004347799329024,-9.108156093058564e-05,47.0,0.5133517881115348,0.5585458069957289,1,0.5878847512493863,0.9383068991486546,0.8826021344096769,55,-0.0099285182744176,-0.0100825941887671,-0.0099940128613311,-0.0760140188367316,-0.0789495895782415,-0.0959293393099095,1.3807928842035389,1.3878150400006013,0.587348528907862,0.8997256532551939,0.7640310682965252,41,0.75
A,leiden,0.3,25,2,maxdeg_cap100,10000,158966,31.7932,107,0.3796031855868551,20,490,6,694,1.4729486678799,random,0.2,0.2,0.2,ok,0.05387,31793,0.5879502458362998,5.776254173336104e-05,0.5880388271637358,0.9353713284071448,0.0023738377424686,0.8805589781517327,53.2,0.4924735558020449,0.7712360758014256,0.0023489169980166,0.4288980303317657,0.4312469473297824,0.4804401092350894,0.0011288328317219,0.5897024776079228,0.0047995010458849,0.5341093080378037,-4.0144330965392266e-05,-2.9822383875521374e-05,253.0,2.648369452298262,0.4312469473297824,1,0.5878847512493863,0.9383068991486546,0.8826021344096769,55,-0.1074446420142969,-0.1075987179286463,-0.1075101366012104,-0.3456688507992219,-0.3486044215407318,-0.346449670113929,1.7883861684744804,1.7981805027289377,0.3529307811446443,0.8861056730700115,0.623274806964796,255,15.0
A,leiden,0.3,25,2,maxdeg_cap100,10000,158966,31.7932,107,0.3796031855868551,20,490,6,694,1.4729486678799,random,0.15,0.15,0.15,ok,0.05387,23845,0.5879502458362998,5.776254173336104e-05,0.5880388271637358,0.9353713284071448,0.0023738377424686,0.8805589781517327,53.2,0.4924735558020449,0.7712360758014256,0.0025776129987207,0.3826689966663252,0.385246609665046,0.4146752595509819,0.0015232195442854,0.4818982315621222,0.0039538657217594,0.437690413998658,-0.0014975914466104,-4.068585864320149e-05,598.0,4.241015594094674,0.385246609665046,1,0.5878847512493863,0.9383068991486546,0.8826021344096769,55,-0.1732094916984043,-0.1733635676127538,-0.1732749862853179,-0.4534730968450225,-0.4564086675865323,-0.4428685641530747,2.001928262190236,2.015413013649282,0.2770641867094059,0.7583686416510571,0.4412155832966057,649,30.0
A,leiden,0.3,25,2,maxdeg_cap100,10000,158966,31.7932,107,0.3796031855868551,20,490,6,694,1.4729486678799,random,0.05,0.05,0.05,ok,0.05387,7948,0.5879502458362998,5.776254173336104e-05,0.5880388271637358,0.9353713284071448,0.0023738377424686,0.8805589781517327,53.2,0.4924735558020449,0.7712360758014256,0.0026964349963236,0.3899928163300501,0.3926892513263738,0.1371251635451447,0.0031711399368299,0.2304597967400907,0.0036637401422116,0.1599138339904707,0.0004844328292276,5.552444491418443e-05,3665.3333333333335,6.359507943250438,0.3926892513263738,1,0.5878847512493863,0.9383068991486546,0.8826021344096769,55,-0.4507595877042416,-0.4509136636185911,-0.4508250822911551,-0.704911531667054,-0.7078471024085639,-0.720645144161262,1.963985704208726,1.97756482557548,0.0937084771262096,0.3715446510742239,0.0650181361051473,2554,120.0
A,leiden,0.3,25,3,maxdeg_cap100,10000,165638,33.1276,92,0.3759282290295705,20,499,6,706,1.5567481613651688,lspar,0.5,0.50171,0.71875,ok,0.05196,83103,0.587674562264693,2.745725467915742e-05,0.5877224250958134,0.949415476692353,0.0010753126862822,0.9153869622470716,50.8,0.4657119353349851,0.7591739858034998,0.3639253590008593,0.3497648643339441,0.7136902233348035,0.5869262758091993,3.707776895949937e-05,0.9677745959475108,0.0009854116765295,0.9549223804462788,0.0006848427942531,1.065299953986521e-05,65.33333333333333,0.6668615577959583,0.7136902233348035,1,0.5876457703152574,0.9500884588466388,0.9186151709618467,51,-0.0007194945060581,-0.000796149286614,-0.0007482864554936,0.0183591192551576,0.0176861371008719,0.0395354181992072,1.0637303986821731,2.170526725859649,0.5875205692972467,0.9707462298336342,0.962635718597776,63,1.5
A,leiden,0.3,25,3,maxdeg_cap100,10000,165638,33.1276,92,0.3759282290295705,20,499,6,706,1.5567481613651688,lspar,0.2,0.20212,0.40625,ok,0.05196,33478,0.587674562264693,2.745725467915742e-05,0.5877224250958134,0.949415476692353,0.0010753126862822,0.9153869622470716,50.8,0.4657119353349851,0.7591739858034998,0.3216592169992509,0.2392382793307964,0.5608974963300474,0.5866846491825434,1.614119218622307e-05,0.974594707942542,0.0002508605669009,0.970685154083206,-0.0009182300769074,-2.9721297071200012e-05,73.0,0.7504936155442613,0.5608974963300474,1,0.5876457703152574,0.9500884588466388,0.9186151709618467,51,-0.000961121132714,-0.00103777591327,-0.0009899130821495,0.0251792312501889,0.0245062490959032,0.0552981918361343,1.3534986174314836,3.173296463789496,0.5873794985518561,0.9776863206390533,0.9765536353555544,68,2.0
A,leiden,0.3,25,3,maxdeg_cap100,10000,165638,33.1276,92,0.3759282290295705,20,499,6,706,1.5567481613651688,lspar,0.15,0.15035,0.28125,ok,0.05196,24904,0.587674562264693,2.745725467915742e-05,0.5877224250958134,0.949415476692353,0.0010753126862822,0.9153869622470716,50.8,0.4657119353349851,0.7591739858034998,0.320507981996343,0.2212242590006402,0.5417322409969832,0.5865072471537798,1.674027065403575e-05,0.9748567521613088,0.0006561538421503,0.9731085304888638,-0.0004799126201957,-0.0001494971576372,75.0,0.7711761240412942,0.5417322409969832,1,0.5876457703152574,0.9500884588466388,0.9186151709618467,51,-0.0011385231614776,-0.0012151779420336,-0.0011673151109131,0.0254412754689556,0.02476829331467,0.0577215682417923,1.4013823220237829,3.431694106392296,0.5871438588639081,0.9896516849753964,0.9914818881116298,80,3.0
A,leiden,0.3,25,3,maxdeg_cap100,10000,165638,33.1276,92,0.3759282290295705,20,499,6,706,1.5567481613651688,lspar,0.05,0.05196,0.0,floor,0.05196,8606,0.587674562264693,2.745725467915742e-05,0.5877224250958134,0.949415476692353,0.0010753126862822,0.9153869622470716,50.8,0.4657119353349851,0.7591739858034998,0.2775936309990356,0.2404001046646347,0.5179937356636705,0.1367708589020851,0.0,0.6141419179962849,1.1102230246251563e-16,0.148817484142242,0.0007766549488797,3.206729702790395e-05,1394.0,1.2481500230340905,0.5179937356636705,1,0.5876457703152574,0.9500884588466388,0.9186151709618467,51,-0.4508749114131724,-0.4509515661937283,-0.4509037033626079,-0.3352735586960681,-0.3359465408503538,-0.7665694781048296,1.4656045691958444,3.157960296492258,0.1376401230088345,0.509700598115251,0.1445266334658041,1503,60.0
A,leiden,0.3,25,3,maxdeg_cap100,10000,165638,33.1276,92,0.3759282290295705,20,499,6,706,1.5567481613651688,dspar,0.5,0.49917,0.5,ok,0.05196,82682,0.587674562264693,2.745725467915742e-05,0.5877224250958134,0.949415476692353,0.0010753126862822,0.9153869622470716,50.8,0.4657119353349851,0.7591739858034998,0.0284474699947168,0.5843341196668916,0.6127815896616085,0.5851427466462297,7.368847443018817e-05,0.9436578486570752,0.0020773571577047,0.9063499622861,-7.003102965818663e-05,-8.192712329227143e-05,53.333333333333336,0.5235533812646681,0.6127815896616085,1,0.5876457703152574,0.9500884588466388,0.9186151709618467,51,-0.0025030236690277,-0.0025796784495837,-0.0025318156184632,-0.0057576280352779,-0.0064306101895635,-0.0090369999609716,1.2388981630840648,1.2992121463594806,0.5876457703152574,0.9500884588466388,0.9186151709618467,51,1.0
A,leiden,0.3,25,3,maxdeg_cap100,10000,165638,33.1276,92,0.3759282290295705,20,499,6,706,1.5567481613651688,dspar,0.2,0.20031,0.2,ok,0.05196,33179,0.587674562264693,2.745725467915742e-05,0.5877224250958134,0.949415476692353,0.0010753126862822,0.9153869622470716,50.8,0.4657119353349851,0.7591739858034998,0.0268564049983979,0.4702867116648122,0.4971431166632101,0.478627659682158,0.0011585233847074,0.636779789616928,0.0089075720251988,0.5183631117322828,-0.0002492465379601,-6.6509946415896e-05,69.0,1.1077249974946215,0.4971431166632101,1,0.5876457703152574,0.9500884588466388,0.9186151709618467,51,-0.1090181106330994,-0.1090947654136554,-0.1090469025825349,-0.312635687075425,-0.3133086692297107,-0.3970238505147887,1.5270733122063975,1.614279049297456,0.5873794985518561,0.9776863206390533,0.9765536353555544,68,2.0
A,leiden,0.3,25,3,maxdeg_cap100,10000,165638,33.1276,92,0.3759282290295705,20,499,6,706,1.5567481613651688,dspar,0.15,0.151,0.15,ok,0.05196,25011,0.587674562264693,2.745725467915742e-05,0.5877224250958134,0.949415476692353,0.0010753126862822,0.9153869622470716,50.8,0.4657119353349851,0.7591739858034998,0.0282769199984613,0.4346698706697983,0.4629467906682596,0.3842660159531692,0.0006033521556133,0.4718037334390741,0.0018380662063178,0.3554049000055319,-8.917748811588192e-05,0.0002301474667465,207.66666666666663,2.446912078333313,0.4629467906682596,1,0.5876457703152574,0.9500884588466388,0.9186151709618467,51,-0.2033797543620882,-0.2034564091426441,-0.2034085463115237,-0.4776117432532789,-0.4782847254075646,-0.5599820622415397,1.6398730936392036,1.7465530441152075,0.4060851531252866,0.8982975567412245,0.7501525052923652,258,15.0
A,leiden,0.3,25,3,maxdeg_cap100,10000,165638,33.1276,92,0.3759282290295705,20,499,6,706,1.5567481613651688,dspar,0.05,0.05019,0.05,ok,0.05196,8314,0.587674562264693,2.745725467915742e-05,0.5877224250958134,0.949415476692353,0.0010753126862822,0.9153869622470716,50.8,0.4657119353349851,0.7591739858034998,0.0281310020000091,0.380835248332005,0.4089662503320141,0.0676099591419909,0.0016039475331649,0.1670299503879638,0.0017830090198662,0.044756920056097,-0.0008380752270987,-4.042691559445636e-05,2963.6666666666665,4.80638591822532,0.4089662503320141,1,0.5876457703152574,0.9500884588466388,0.9186151709618467,51,-0.5200358111732665,-0.5201124659538224,-0.520064603122702,-0.7823855263043892,-0.7830585084586749,-0.8706300421909744,1.856324293721484,1.9934446433951567,0.0795057765457027,0.322736350167952,0.0474888078020844,2699,120.0
A,leiden,0.3,25,3,maxdeg_cap100,10000,165638,33.1276,92,0.3759282290295705,20,499,6,706,1.5567481613651688,random,0.5,0.5,0.5,ok,0.05196,82819,0.587674562264693,2.745725467915742e-05,0.5877224250958134,0.949415476692353,0.0010753126862822,0.9153869622470716,50.8,0.4657119353349851,0.7591739858034998,0.0030000209953868,0.5597917343329755,0.5627917553283623,0.5783573589016484,0.0002630346988027,0.8859632632507938,0.0016146588572852,0.841448362799282,0.0001752155615919,5.5546004287878734e-05,48.333333333333336,0.5161563970045305,0.5627917553283623,1,0.5876457703152574,0.9500884588466388,0.9186151709618467,51,-0.009288411413609,-0.0093650661941649,-0.0093172033630445,-0.0634522134415592,-0.0641251955958449,-0.0739385994477894,1.3489429768930388,1.3561721962688498,0.5876457703152574,0.9500884588466388,0.9186151709618467,51,1.0
A,leiden,0.3,25,3,maxdeg_cap100,10000,165638,33.1276,92,0.3759282290295705,20,499,6,706,1.5567481613651688,random,0.2,0.2,0.2,ok,0.05196,33128,0.587674562264693,2.745725467915742e-05,0.5877224250958134,0.949415476692353,0.0010753126862822,0.9153869622470716,50.8,0.4657119353349851,0.7591739858034998,0.0030892480062902,0.4306547409990647,0.433743989005355,0.4862535440252227,0.0011411269509498,0.6100666996423717,0.0039946430873785,0.5542661964722558,-6.116102272781989e-06,0.0001748235528219,271.0,2.785397086099653,0.433743989005355,1,0.5876457703152574,0.9500884588466388,0.9186151709618467,51,-0.1013922262900347,-0.1014688810705907,-0.1014210182394702,-0.3393487770499813,-0.340021759204267,-0.3611207657748156,1.750281283538726,1.7628367077587763,0.4060851531252866,0.8982975567412245,0.7501525052923652,258,15.0
A,leiden,0.3,25,3,maxdeg_cap100,10000,165638,33.1276,92,0.3759282290295705,20,499,6,706,1.5567481613651688,random,0.15,0.15,0.15,ok,0.05196,24846,0.587674562264693,2.745725467915742e-05,0.5877224250958134,0.949415476692353,0.0010753126862822,0.9153869622470716,50.8,0.4657119353349851,0.7591739858034998,0.0026084550045197,0.3878870773332892,0.390495532337809,0.4251567347074414,0.000274343379339,0.5084647134723735,0.0021229766538527,0.470729708867691,-0.0003387606052555,-0.0001713691326239,588.3333333333334,4.097799129368489,0.390495532337809,1,0.5876457703152574,0.9500884588466388,0.9186151709618467,51,-0.162489035607816,-0.162565690388372,-0.1625178275572515,-0.4409507632199795,-0.4416237453742652,-0.4446572533793805,1.9441297606108212,1.957203604262343,0.252595337820336,0.7266225638615393,0.403975342938481,683,30.0
A,leiden,0.3,25,3,maxdeg_cap100,10000,165638,33.1276,92,0.3759282290295705,20,499,6,706,1.5567481613651688,random,0.05,0.05,0.05,ok,0.05196,8282,0.587674562264693,2.745725467915742e-05,0.5877224250958134,0.949415476692353,0.0010753126862822,0.9153869622470716,50.8,0.4657119353349851,0.7591739858034998,0.0029370880001806,0.387300143003813,0.3902372310039936,0.1524291824503049,0.0048643083450578,0.2375425145313284,0.0013251024796724,0.1736913135547403,0.0010276847164848,3.40681711470311e-05,3555.0,6.582284648250867,0.3902372310039936,1,0.5876457703152574,0.9500884588466388,0.9186151709618467,51,-0.4352165878649524,-0.4352932426455084,-0.4352453798143879,-0.7118729621610246,-0.7125459443153103,-0.7416956486923312,1.945416596592575,1.960169650120748,0.0795057765457027,0.322736350167952,0.0474888078020844,2699,120.0
A,leiden,0.3,50,1,maxdeg_cap85_recal,10000,261301,52.2602,84,0.3905457690556101,20,440,11,607,1.1235331756245437,lspar,0.5,0.50305,0.757812,ok,0.03346,131447,0.5780667282775639,1.435507741347124e-05,0.5780863585893272,0.9624389963566704,0.0014523663405333,0.9444004148622752,49.0,0.4859889471207628,1.0586618296001689,0.7606585690009524,0.4444468959967101,1.2051054649976625,0.5777498881234957,3.70347870397419e-06,0.9810333097169518,0.0009549732285414,0.9795364908459542,8.171727214788195e-05,2.7609412308089837e-05,62.66666666666666,0.6901966364996103,1.2051054649976625,1,0.5780534203442513,0.963886596175076,0.9471494813214458,50,-0.0003035322207556,-0.0003364704658315,-0.0003168401540681,0.0185943133602815,0.0171467135418758,0.035136075983679,0.8784806478346046,2.381975977638519,0.5780073993680086,0.97480684671356,0.969470481025524,56,1.5
A,leiden,0.3,50,1,maxdeg_cap85_recal,10000,261301,52.2602,84,0.3905457690556101,20,440,11,607,1.1235331756245437,lspar,0.2,0.19992,0.484375,ok,0.03346,52239,0.5780667282775639,1.435507741347124e-05,0.5780863585893272,0.9624389963566704,0.0014523663405333,0.9444004148622752,49.0,0.4859889471207628,1.0586618296001689,0.5791812020033831,0.2669872263310632,0.8461684283344464,0.5776308994662962,2.6182626292815917e-06,0.9910734041206016,0.0003181922129538,0.9919976862147882,-0.0002048060435125,-3.272864014737833e-05,74.0,0.8381559230306181,0.8461684283344464,1,0.5780534203442513,0.963886596175076,0.9471494813214458,50,-0.0004225208779551,-0.000455459123031,-0.0004358288112676,0.0286344077639313,0.0271868079455256,0.0475972713525131,1.251124237386147,3.965215280701976,0.5778074793498937,0.9890659652859124,0.9906928112377577,70,2.0
A,leiden,0.3,50,1,maxdeg_cap85_recal,10000,261301,52.2602,84,0.3905457690556101,20,440,11,607,1.1235331756245437,lspar,0.15,0.14862,0.390625,ok,0.03346,38835,0.5780667282775639,1.435507741347124e-05,0.5780863585893272,0.9624389963566704,0.0014523663405333,0.9444004148622752,49.0,0.4859889471207628,1.0586618296001689,0.5746187820041087,0.2419930493318437,0.8166118313359524,0.5776079028820733,0.0,0.9921637376883132,0.0,0.993066006960214,-8.865646606122477e-06,-3.66858442944267e-05,76.0,0.8629644720381021,0.8166118313359524,1,0.5780534203442513,0.963886596175076,0.9471494813214458,50,-0.000445517462178,-0.0004784557072539,-0.0004588253954905,0.029724741331643,0.0282771415132373,0.0486655920979389,1.2964076553583972,4.374761310389671,0.5776907806154594,0.9963798338857012,0.997344991362746,80,3.0
A,leiden,0.3,50,1,maxdeg_cap85_recal,10000,261301,52.2602,84,0.3905457690556101,20,440,11,607,1.1235331756245437,lspar,0.05,0.06478,0.0625,ok,0.03346,16928,0.5780667282775639,1.435507741347124e-05,0.5780863585893272,0.9624389963566704,0.0014523663405333,0.9444004148622752,49.0,0.4859889471207628,1.0586618296001689,0.8411723419994814,0.2122618866657527,1.0534342286652345,0.5775637418109917,0.0,0.9949618489789268,1.1102230246251563e-16,0.9953520242955816,0.0003153140459668,0.0001221335122818,81.0,0.9225751134731524,1.0534342286652345,1,0.5780534203442513,0.963886596175076,0.9471494813214458,50,-0.0004896785332596,-0.0005226167783355,-0.0005029864665722,0.0325228526222565,0.0310752528038508,0.0509516094333064,1.0049624369445052,4.987526711600542,0.5776907806154594,0.9963798338857012,0.997344991362746,80,3.0
A,leiden,0.3,50,1,maxdeg_cap85_recal,10000,261301,52.2602,84,0.3905457690556101,20,440,11,607,1.1235331756245437,dspar,0.5,0.50094,0.5,ok,0.03346,130896,0.5780667282775639,1.435507741347124e-05,0.5780863585893272,0.9624389963566704,0.0014523663405333,0.9444004148622752,49.0,0.4859889471207628,1.0586618296001689,0.0438635400059865,0.7399453953306269,0.7838089353366134,0.5777290661299807,2.8210428947025587e-05,0.9715648558303428,0.0001167677304087,0.9568835025326916,-0.0011532184426873,-0.0001265067300218,55.66666666666666,0.6072639506215963,0.7838089353366134,1,0.5780534203442513,0.963886596175076,0.9471494813214458,50,-0.0003243542142706,-0.0003572924593465,-0.0003376621475832,0.0091258594736725,0.0076782596552668,0.0124830876704166,1.3506631295872094,1.4307296677305914,0.5780073993680086,0.97480684671356,0.969470481025524,56,1.5
A,leiden,0.3,50,1,maxdeg_cap85_recal,10000,261301,52.2602,84,0.3905457690556101,20,440,11,607,1.1235331756245437,dspar,0.2,0.20042,0.2,ok,0.03346,52369,0.5780667282775639,1.435507741347124e-05,0.5780863585893272,0.9624389963566704,0.0014523663405333,0.9444004148622752,49.0,0.4859889471207628,1.0586618296001689,0.0448518169941962,0.5949598936689048,0.639811710663101,0.532353532276478,0.006282359260711,0.8024962094496638,0.024420392547545,0.5820004037341093,0.0002543899104899,0.0002330981519266,38.333333333333336,0.86381777468084,0.639811710663101,1,0.5780534203442513,0.963886596175076,0.9471494813214458,50,-0.0456998880677733,-0.0457328263128492,-0.0457131960010859,-0.1599427869070064,-0.1613903867254121,-0.3624000111281658,1.654645909033099,1.7793835195710086,0.5776941106894515,0.9357152453649532,0.8684204081815851,39,0.75
A,leiden,0.3,50,1,maxdeg_cap85_recal,10000,261301,52.2602,84,0.3905457690556101,20,440,11,607,1.1235331756245437,dspar,0.15,0.14928,0.15,ok,0.03346,39006,0.5780667282775639,1.435507741347124e-05,0.5780863585893272,0.9624389963566704,0.0014523663405333,0.9444004148622752,49.0,0.4859889471207628,1.0586618296001689,0.0452377339970553,0.5538870189969506,0.5991247529940059,0.4764559373955189,0.0078541187031052,0.6503577935831276,0.0181773656325441,0.4424338481349821,-0.0012187816207666,-8.043831453640322e-05,49.333333333333336,1.27125897889734,0.5991247529940059,1,0.5780534203442513,0.963886596175076,0.9471494813214458,50,-0.1015974829487324,-0.1016304211938083,-0.101610790882045,-0.3120812027735427,-0.3135288025919484,-0.501966566727293,1.7670140055300978,1.911331721615952,0.5780534203442513,0.963886596175076,0.9471494813214458,50,1.0
A,leiden,0.3,50,1,maxdeg_cap85_recal,10000,261301,52.2602,84,0.3905457690556101,20,440,11,607,1.1235331756245437,dspar,0.05,0.04973,0.05,ok,0.03346,12994,0.5780667282775639,1.435507741347124e-05,0.5780863585893272,0.9624389963566704,0.0014523663405333,0.9444004148622752,49.0,0.4859889471207628,1.0586618296001689,0.0462909970010514,0.3769019933339829,0.4231929903350344,0.0836547217149862,0.0047139430215838,0.1875108571851963,0.0028894429601274,0.0723432289651236,-0.0002289594804161,-6.876271233968822e-06,1332.3333333333333,4.559709577289048,0.4231929903350344,1,0.5780534203442513,0.963886596175076,0.9471494813214458,50,-0.4943986986292651,-0.494431636874341,-0.4944120065625776,-0.774928139171474,-0.7763757389898797,-0.8720571858971514,2.5016053048564086,2.8088517660400387,0.1950352595024578,0.6867230887285442,0.3020702296947068,824,30.0
A,leiden,0.3,50,1,maxdeg_cap85_recal,10000,261301,52.2602,84,0.3905457690556101,20,440,11,607,1.1235331756245437,random,0.5,0.5,0.5,ok,0.03346,130650,0.5780667282775639,1.435507741347124e-05,0.5780863585893272,0.9624389963566704,0.0014523663405333,0.9444004148622752,49.0,0.4859889471207628,1.0586618296001689,0.0039983500028029,0.7254035093307417,0.7294018593335446,0.5754706499218538,0.000181135077583,0.9305762722843974,0.0004036349031627,0.891989087607783,-0.0010745434039414,-0.0002283460570153,43.0,0.4360433442926588,0.7294018593335446,1,0.5780534203442513,0.963886596175076,0.9471494813214458,50,-0.0025827704223975,-0.0026157086674734,-0.00259607835571,-0.0318627240722728,-0.0333103238906785,-0.0524113272544921,1.4514109280821816,1.459410956774791,0.5776941106894515,0.9357152453649532,0.8684204081815851,39,0.75
A,leiden,0.3,50,1,maxdeg_cap85_recal,10000,261301,52.2602,84,0.3905457690556101,20,440,11,607,1.1235331756245437,random,0.2,0.2,0.2,ok,0.03346,52260,0.5780667282775639,1.435507741347124e-05,0.5780863585893272,0.9624389963566704,0.0014523663405333,0.9444004148622752,49.0,0.4859889471207628,1.0586618296001689,0.0037053720006952,0.5183772360008637,0.5220826080015589,0.5302479752641198,0.0024500101598468,0.764315879263881,0.006235187734539,0.6833177566200196,-0.0003338028753039,-0.0001649658796322,63.66666666666666,1.12433543251617,0.5220826080015589,1,0.5780534203442513,0.963886596175076,0.9471494813214458,50,-0.0478054450801315,-0.0478383833252074,-0.047818753013444,-0.1981231170927893,-0.199570716911195,-0.2610826582422555,2.0277668962246063,2.042261419053527,0.5778074793498937,0.9890659652859124,0.9906928112377577,70,2.0
A,leiden,0.3,50,1,maxdeg_cap85_recal,10000,261301,52.2602,84,0.3905457690556101,20,440,11,607,1.1235331756245437,random,0.15,0.15,0.15,ok,0.03346,39195,0.5780667282775639,1.435507741347124e-05,0.5780863585893272,0.9624389963566704,0.0014523663405333,0.9444004148622752,49.0,0.4859889471207628,1.0586618296001689,0.0032605319938738,0.4789496200003971,0.482210151994271,0.4858628050213601,0.0019464326881474,0.6561312624937703,0.0100347856403556,0.5890774068235486,-0.0008645757610746,-0.000227574866449,119.0,1.843517581598156,0.482210151994271,1,0.5780534203442513,0.963886596175076,0.9471494813214458,50,-0.0921906153228912,-0.0922235535679671,-0.0922039232562038,-0.3063077338629,-0.3077553336813057,-0.3553230080387265,2.1954366270014707,2.210382439805028,0.5769555262995131,0.998189998510694,0.9980252705517386,85,8.0
A,leiden,0.3,50,1,maxdeg_cap85_recal,10000,261301,52.2602,84,0.3905457690556101,20,440,11,607,1.1235331756245437,random,0.05,0.05,0.05,ok,0.03346,13065,0.5780667282775639,1.435507741347124e-05,0.5780863585893272,0.9624389963566704,0.0014523663405333,0.9444004148622752,49.0,0.4859889471207628,1.0586618296001689,0.002799653004331,0.3705627430002399,0.3733623960045709,0.207651746619667,0.0085414252055869,0.2941232742374234,0.0091860271320185,0.2452881627799824,-0.0008190543307736,-0.0001879027624116,1844.3333333333333,6.320277570689676,0.3733623960045709,1,0.5780534203442513,0.963886596175076,0.9471494813214458,50,-0.3704016737245843,-0.3704346119696602,-0.3704149816578969,-0.6683157221192468,-0.6697633219376526,-0.6991122520822927,2.8354805972136736,2.85690304704886,0.1024591231668756,0.4802222778589553,0.1131311564917821,1920,60.0
A,leiden,0.3,50,2,maxdeg_cap85_recal,10000,262841,52.5682,116,0.3907381268523556,20,480,11,608,1.1302210885518065,lspar,0.5,0.50023,0.757812,ok,0.03384,131481,0.5755437449760135,0.0005734751268015,0.5759963907802879,0.9314894148884236,0.0052740631063766,0.8618931571673306,53.6,0.5269195253863619,1.13136922220001,0.7847309880016837,0.4833252253350413,1.268056213336725,0.5752990921482607,1.4417653065507945e-05,0.9655258701466396,0.001103459960393,0.9494662650761329,0.0003551578617136,-0.0002342918745502,78.0,0.7512817782668763,1.268056213336725,1,0.5759963907802879,0.9355880877218272,0.8850512560991998,54,-0.0006972986320271,-0.0006972986320271,-0.0002446528277527,0.0340364552582161,0.0299377824248125,0.0875731079088021,0.8922074670672202,2.3408031753686025,0.575617534990161,0.9763654300999766,0.9728785312751568,84,2.0
A,leiden,0.3,50,2,maxdeg_cap85_recal,10000,262841,52.5682,116,0.3907381268523556,20,480,11,608,1.1302210885518065,lspar,0.2,0.20138,0.484375,ok,0.03384,52932,0.5755437449760135,0.0005734751268015,0.5759963907802879,0.9314894148884236,0.0052740631063766,0.8618931571673306,53.6,0.5269195253863619,1.13136922220001,0.5900088670023251,0.2723699226650448,0.86237878966737,0.57512753789325,3.1577132154240328e-06,0.9792313186761707,0.00063879984223,0.9742197829846244,-0.0004243975620764,0.0002346406792907,94.0,0.8924404000404755,0.86237878966737,1,0.5759963907802879,0.9355880877218272,0.8850512560991998,54,-0.0008688528870378,-0.0008688528870378,-0.0004162070827634,0.0477419037877473,0.0436432309543437,0.1123266258172939,1.3119168000831662,4.153796465960545,0.5753970388879095,0.9895854356023868,0.9907455083160234,102,3.0
A,leiden,0.3,50,2,maxdeg_cap85_recal,10000,262841,52.5682,116,0.3907381268523556,20,480,11,608,1.1302210885518065,lspar,0.15,0.14956,0.390625,ok,0.03384,39310,0.5755437449760135,0.0005734751268015,0.5759963907802879,0.9314894148884236,0.0052740631063766,0.8618931571673306,53.6,0.5269195253863619,1.13136922220001,0.5876508040018962,0.2477432286662709,0.8353940326681671,0.5751193776345297,5.500740572025536e-06,0.98207206695894,0.0002778474553264,0.9815383615274168,0.0004415469908047,0.0001583104831203,98.33333333333331,0.9231170297904644,0.8353940326681671,1,0.5759963907802879,0.9355880877218272,0.8850512560991998,54,-0.0008770131457581,-0.0008770131457581,-0.0004243673414837,0.0505826520705166,0.046483979237113,0.1196452043600863,1.35429411506152,4.566700887409725,0.5753970388879095,0.9895854356023868,0.9907455083160234,102,3.0
A,leiden,0.3,50,2,maxdeg_cap85_recal,10000,262841,52.5682,116,0.3907381268523556,20,480,11,608,1.1302210885518065,lspar,0.05,0.06548,0.0625,ok,0.03384,17210,0.5755437449760135,0.0005734751268015,0.5759963907802879,0.9314894148884236,0.0052740631063766,0.8618931571673306,53.6,0.5269195253863619,1.13136922220001,0.8640200119989458,0.2176635850022042,1.08168359700115,0.5749035994930599,1.1683478398779714e-06,0.9850634859106376,5.779725372945786e-05,0.9830225660920848,-0.0003745951057271,-8.616759859883607e-05,108.0,1.0133455012844046,1.08168359700115,1,0.5759963907802879,0.9355880877218272,0.8850512560991998,54,-0.0010927912872279,-0.0010927912872279,-0.0006401454829535,0.0535740710222142,0.0494753981888106,0.1211294089247543,1.0459336032612567,5.197788239077991,0.5752401218639336,0.9969017642613291,0.9981922941376822,112,5.0
A,leiden,0.3,50,2,maxdeg_cap85_recal,10000,262841,52.5682,116,0.3907381268523556,20,480,11,608,1.1302210885518065,dspar,0.5,0.49893,0.5,ok,0.03384,131140,0.5755437449760135,0.0005734751268015,0.5759963907802879,0.9314894148884236,0.0052740631063766,0.8618931571673306,53.6,0.5269195253863619,1.13136922220001,0.04503492799995,0.7914512193359163,0.8364861473358663,0.5755790650746352,3.174178597596494e-05,0.9459814757518324,0.0023252501186913,0.8996624412804982,0.0011228192778414,0.0001671693872738,62.333333333333336,0.6153272870693249,0.8364861473358663,1,0.5759963907802879,0.9355880877218272,0.8850512560991998,54,-0.0004173257056526,-0.0004173257056526,3.532009862172725e-05,0.0144920608634088,0.0103933880300052,0.0377692841131676,1.35252595133024,1.4294869911872887,0.5759963907802879,0.9355880877218272,0.8850512560991998,54,1.0
A,leiden,0.3,50,2,maxdeg_cap85_recal,10000,262841,52.5682,116,0.3907381268523556,20,480,11,608,1.1302210885518065,dspar,0.2,0.19918,0.2,ok,0.03384,52353,0.5755437449760135,0.0005734751268015,0.5759963907802879,0.9314894148884236,0.0052740631063766,0.8618931571673306,53.6,0.5269195253863619,1.13136922220001,0.0429214789983234,0.5498117003323083,0.5927331793306317,0.5436089035173767,0.0020847991428664,0.8225414753070567,0.0109966331874493,0.6769668039975921,0.0001911460113457,0.0001508190173673,47.0,0.6464744885014215,0.5927331793306317,1,0.5759963907802879,0.9355880877218272,0.8850512560991998,54,-0.0323874872629111,-0.0323874872629111,-0.0319348414586367,-0.1089479395813668,-0.1130466124147704,-0.1849263531697385,1.9087327344786995,2.0577394433698046,0.5752154890802375,0.8958738255532833,0.7625619378190296,40,0.75
A,leiden,0.3,50,2,maxdeg_cap85_recal,10000,262841,52.5682,116,0.3907381268523556,20,480,11,608,1.1302210885518065,dspar,0.15,0.14956,0.15,ok,0.03384,39311,0.5755437449760135,0.0005734751268015,0.5759963907802879,0.9314894148884236,0.0052740631063766,0.8618931571673306,53.6,0.5269195253863619,1.13136922220001,0.0438608330005081,0.5514212339985534,0.5952820669990615,0.4895185836193929,0.004785080213742,0.6761703495736859,0.0190306343486029,0.4830324578556684,-3.095427663240253e-05,0.0002718572257707,56.66666666666666,1.124145458278729,0.5952820669990615,1,0.5759963907802879,0.9355880877218272,0.8850512560991998,54,-0.0864778071608949,-0.0864778071608949,-0.0860251613566205,-0.2553190653147376,-0.2594177381481412,-0.3788606993116621,1.9005598940742048,2.051733144180984,0.5759963907802879,0.9355880877218272,0.8850512560991998,54,1.0
A,leiden,0.3,50,2,maxdeg_cap85_recal,10000,262841,52.5682,116,0.3907381268523556,20,480,11,608,1.1302210885518065,dspar,0.05,0.04947,0.05,ok,0.03384,13003,0.5755437449760135,0.0005734751268015,0.5759963907802879,0.9314894148884236,0.0052740631063766,0.8618931571673306,53.6,0.5269195253863619,1.13136922220001,0.0431603469987749,0.3667125036687745,0.4098728506675494,0.0737441470746151,0.0003918444738659,0.1836328182773915,0.002429197485723,0.0590381555574176,-0.0002682387771794,-0.000134150030804,1256.0,4.334825576397582,0.4098728506675494,1,0.5759963907802879,0.9355880877218272,0.8850512560991998,54,-0.5022522437056727,-0.5022522437056727,-0.5017995979013983,-0.747856596611032,-0.7519552694444356,-0.802855001609913,2.760293150320588,3.0851667474690085,0.1379279878830279,0.5926271926589086,0.1982472514969677,1715,60.0
A,leiden,0.3,50,2,maxdeg_cap85_recal,10000,262841,52.5682,116,0.3907381268523556,20,480,11,608,1.1302210885518065,random,0.5,0.5,0.5,ok,0.03384,131420,0.5755437449760135,0.0005734751268015,0.5759963907802879,0.9314894148884236,0.0052740631063766,0.8618931571673306,53.6,0.5269195253863619,1.13136922220001,0.0043890529996133,0.7190355156659886,0.7234245686656019,0.5730912443962961,5.778738131636072e-05,0.8986261517774977,0.0028670655701983,0.8212583267229663,-8.273747834349633e-05,0.0001172383109831,46.66666666666666,0.4409560298144451,0.7234245686656019,1,0.5759963907802879,0.9355880877218272,0.8850512560991998,54,-0.0029051463839917,-0.0029051463839917,-0.0024525005797173,-0.0328632631109258,-0.0369619359443293,-0.0406348304443643,1.5639076570026995,1.5734538803025713,0.5752154890802375,0.8958738255532833,0.7625619378190296,40,0.75
A,leiden,0.3,50,2,maxdeg_cap85_recal,10000,262841,52.5682,116,0.3907381268523556,20,480,11,608,1.1302210885518065,random,0.2,0.2,0.2,ok,0.03384,52568,0.5755437449760135,0.0005734751268015,0.5759963907802879,0.9314894148884236,0.0052740631063766,0.8618931571673306,53.6,0.5269195253863619,1.13136922220001,0.0030289479982457,0.5169952483314167,0.5200241963296625,0.5235174449287684,0.0013613272666578,0.7147383251565014,0.0070696902756477,0.6139146512584756,-0.0003699321714743,6.963619597135421e-05,61.0,1.0433769869452851,0.5200241963296625,1,0.5759963907802879,0.9355880877218272,0.8850512560991998,54,-0.0524789458515194,-0.0524789458515194,-0.052026300047245,-0.2167510897319221,-0.2208497625653257,-0.247978505908855,2.1756088085616567,2.1883551654516418,0.5759963907802879,0.9355880877218272,0.8850512560991998,54,1.0
A,leiden,0.3,50,2,maxdeg_cap85_recal,10000,262841,52.5682,116,0.3907381268523556,20,480,11,608,1.1302210885518065,random,0.15,0.15,0.15,ok,0.03384,39426,0.5755437449760135,0.0005734751268015,0.5759963907802879,0.9314894148884236,0.0052740631063766,0.8618931571673306,53.6,0.5269195253863619,1.13136922220001,0.0032398180046584,0.4638534813348087,0.4670932993394672,0.4841428791477665,0.0017931454525899,0.6170438517180413,0.0047368459205626,0.5351784583210148,0.000103369801357,5.504066454427115e-06,140.0,2.029533075896859,0.4670932993394672,1,0.5759963907802879,0.9355880877218272,0.8850512560991998,54,-0.0918535116325213,-0.0918535116325213,-0.0914008658282469,-0.3144455631703822,-0.3185442360037858,-0.3267146988463157,2.4221482598870896,2.439065928629712,0.4879611493171246,0.9739645319776944,0.8777147332126453,129,8.0
A,leiden,0.3,50,2,maxdeg_cap85_recal,10000,262841,52.5682,116,0.3907381268523556,20,480,11,608,1.1302210885518065,random,0.05,0.05,0.05,ok,0.03384,13142,0.5755437449760135,0.0005734751268015,0.5759963907802879,0.9314894148884236,0.0052740631063766,0.8618931571673306,53.6,0.5269195253863619,1.13136922220001,0.0034714470020844,0.3646366026659962,0.3681080496680806,0.242406237647508,0.0023262695625797,0.3212710692470391,0.0033078062182054,0.2924425467298336,9.695005917425004e-05,6.45888103756029e-05,1907.0,6.682918506841188,0.3681080496680806,1,0.5759963907802879,0.9355880877218272,0.8850512560991998,54,-0.3335901531327798,-0.3335901531327798,-0.3331375073285054,-0.6102183456413843,-0.6143170184747879,-0.569450610437497,3.07347047482432,3.1027308117949253,0.1379279878830279,0.5926271926589086,0.1982472514969677,1715,60.0
A,leiden,0.3,50,3,maxdeg_cap100,10000,330384,66.0768,102,0.3937145866627924,21,499,14,712,1.1011826082976588,lspar,0.5,0.50048,0.773438,ok,0.02714,165352,0.5668056316640943,0.00033775842086874937,0.5671183769058734,0.9446648101759736,0.0019292130994305813,0.8984525514648407,51.6,0.5138420304581792,1.2714125775994034,1.079449332995864,0.5375514159992841,1.6170007489951481,0.5665939222834077,5.417430043645732e-05,0.9684697401686773,0.000914284225147756,0.9515986767827685,1.127187248767169e-05,-7.21940304286987e-05,70.0,0.7371335849860637,1.6170007489951481,1,0.5664395638294837,0.9427237017374568,0.8882426529075875,51,0.00015435845392397507,-0.0005244546224657531,-0.00021170938068659773,0.02380492999270367,0.025746038431220475,0.05314612531792784,0.7862782861353012,2.3651925002111733,0.5662849133237752,0.9649420363917084,0.9340585476161001,65,1.5
A,leiden,0.3,50,3,maxdeg_cap100,10000,330384,66.0768,102,0.3937145866627924,21,499,14,712,1.1011826082976588,lspar,0.2,0.20192,0.515625,ok,0.02714,66711,0.5668056316640943,0.00033775842086874937,0.5671183769058734,0.9446648101759736,0.0019292130994305813,0.8984525514648407,51.6,0.5138420304581792,1.2714125775994034,0.863242548002745,0.30044079133464646,1.1636833393373915,0.5665603909851215,6.291884245271784e-06,0.9848739658320124,0.0002235214453571009,0.9852965098113661,0.0002121673729682752,0.00011477004321216193,85.33333333333333,0.8737079506514099,1.1636833393373915,1,0.5664395638294837,0.9427237017374568,0.8882426529075875,51,0.00012082715563777047,-0.0005579859207519577,-0.00024524067897280233,0.040209155656038775,0.04215026409455558,0.08684395834652536,1.0925760768589792,4.231824087373137,0.5666650298134572,0.9923006680669438,0.9944657912787572,91,3.0
A,leiden,0.3,50,3,maxdeg_cap100,10000,330384,66.0768,102,0.3937145866627924,21,499,14,712,1.1011826082976588,lspar,0.15,0.15455,0.4375,ok,0.02714,51060,0.5668056316640943,0.00033775842086874937,0.5671183769058734,0.9446648101759736,0.0019292130994305813,0.8984525514648407,51.6,0.5138420304581792,1.2714125775994034,0.7858887059992412,0.2578999649946733,1.0437886709939146,0.5665484657731609,2.1921878706415065e-06,0.9854983796152829,7.337300469239399e-05,0.9859923835265368,0.0008373130387618078,0.00026684152438890223,86.0,0.8804511465005569,1.0437886709939146,1,0.5664395638294837,0.9427237017374568,0.8882426529075875,51,0.00010890194367718653,-0.0005699111327125417,-0.00025716589093338627,0.04083356943930927,0.04277467787782607,0.08753983206169613,1.2180747050921152,4.929867197250931,0.5666650298134572,0.9923006680669438,0.9944657912787572,91,3.0
A,leiden,0.3,50,3,maxdeg_cap100,10000,330384,66.0768,102,0.3937145866627924,21,499,14,712,1.1011826082976588,lspar,0.05,0.05355,0.125,ok,0.02714,17692,0.5668056316640943,0.00033775842086874937,0.5671183769058734,0.9446648101759736,0.0019292130994305813,0.8984525514648407,51.6,0.5138420304581792,1.2714125775994034,0.7646348659982323,0.20546036833305456,0.9700952343312869,0.4291367833730797,1.698639067486053e-05,0.9794864720118023,0.0005256491122553596,0.9345103117570223,-1.7712692823241437e-05,2.5166307008633677e-05,96.33333333333333,0.8875174509547049,0.9700952343312869,1,0.5664395638294837,0.9427237017374568,0.8882426529075875,51,-0.13730278045640398,-0.1379815935327937,-0.13766884829101456,0.03482166183582869,0.03676277027434549,0.03605776029218155,1.3106059411536257,6.188115926758309,0.5665769389158135,0.9973816305069534,0.998694002071672,99,5.0
A,leiden,0.3,50,3,maxdeg_cap100,10000,330384,66.0768,102,0.3937145866627924,21,499,14,712,1.1011826082976588,dspar,0.5,0.50055,0.5,ok,0.02714,165373,0.5668056316640943,0.00033775842086874937,0.5671183769058734,0.9446648101759736,0.0019292130994305813,0.8984525514648407,51.6,0.5138420304581792,1.2714125775994034,0.057756813999731094,0.8578023230002145,0.9155591369999456,0.5668651991727596,3.418607762901935e-05,0.9591258837377824,0.0010356056230113478,0.9273103690257193,-9.145629173129732e-05,-0.00022618807407772637,61.666666666666664,0.6533858065725043,0.9155591369999456,1,0.5664395638294837,0.9427237017374568,0.8882426529075875,51,0.0004256353432758875,-0.00025317773311384073,5.9567508665314683e-05,0.014461073561808813,0.016402182000325616,0.028857817560878574,1.3886733540396954,1.4821743232783078,0.5662849133237752,0.9649420363917084,0.9340585476161001,65,1.5
A,leiden,0.3,50,3,maxdeg_cap100,10000,330384,66.0768,102,0.3937145866627924,21,499,14,712,1.1011826082976588,dspar,0.2,0.20006,0.2,ok,0.02714,66097,0.5668056316640943,0.00033775842086874937,0.5671183769058734,0.9446648101759736,0.0019292130994305813,0.8984525514648407,51.6,0.5138420304581792,1.2714125775994034,0.05657111099571921,0.592650709336643,0.6492218203323622,0.5532104949124211,0.0011731919278058127,0.8842084755045123,0.005219757566300448,0.7986996458139918,-0.0006546184243470143,-0.00021870898032062502,48.0,0.5808644367910317,0.6492218203323622,1,0.5664395638294837,0.9427237017374568,0.8882426529075875,51,-0.013229068917062548,-0.013907881993452276,-0.01359513675167312,-0.060456334671461276,-0.05851522623294447,-0.09975290565084893,1.9583639024155368,2.1452983309890947,0.5664395638294837,0.9427237017374568,0.8882426529075875,51,1.0
A,leiden,0.3,50,3,maxdeg_cap100,10000,330384,66.0768,102,0.3937145866627924,21,499,14,712,1.1011826082976588,dspar,0.15,0.14974,0.15,ok,0.02714,49472,0.5668056316640943,0.00033775842086874937,0.5671183769058734,0.9446648101759736,0.0019292130994305813,0.8984525514648407,51.6,0.5138420304581792,1.2714125775994034,0.05601457100419793,0.5974829303352939,0.6534975013394918,0.5229831545070498,0.003476690047010807,0.7868088874566226,0.008125579826539267,0.6330774625407565,0.0004401716358187773,1.920811602970339e-05,41.0,0.6754945670257347,0.6534975013394918,1,0.5664395638294837,0.9427237017374568,0.8882426529075875,51,-0.04345640932243389,-0.044135222398823615,-0.04382247715704446,-0.157855922719351,-0.1559148142808342,-0.26537508892408423,1.945550786335608,2.1279479513932147,0.5656849463458099,0.8889705492417642,0.7227534007609168,34,0.75
A,leiden,0.3,50,3,maxdeg_cap100,10000,330384,66.0768,102,0.3937145866627924,21,499,14,712,1.1011826082976588,dspar,0.05,0.05019,0.05,ok,0.02714,16581,0.5668056316640943,0.00033775842086874937,0.5671183769058734,0.9446648101759736,0.0019292130994305813,0.8984525514648407,51.6,0.5138420304581792,1.2714125775994034,0.055849226999271195,0.41433634166848304,0.47018556866775424,0.10639166024675552,0.013905827287479793,0.21494533992493792,0.00818534752508821,0.10054332775800578,0.0004060246276908418,-9.297291662748598e-05,707.6666666666666,3.942995958036587,0.47018556866775424,1,0.5664395638294837,0.9427237017374568,0.8882426529075875,51,-0.4600479035827282,-0.4607267166591179,-0.46041397141733875,-0.7297194702510357,-0.7277783618125189,-0.7979092237068349,2.704065505885013,3.0685519220437594,0.2063223969535418,0.7433938747102,0.3792385286486126,901,30.0
A,leiden,0.3,50,3,maxdeg_cap100,10000,330384,66.0768,102,0.3937145866627924,21,499,14,712,1.1011826082976588,random,0.5,0.5,0.5,ok,0.02714,165192,0.5668056316640943,0.00033775842086874937,0.5671183769058734,0.9446648101759736,0.0019292130994305813,0.8984525514648407,51.6,0.5138420304581792,1.2714125775994034,0.005638447000819724,0.8805896173313764,0.8862280643321961,0.5649233917103881,5.469287292331246e-05,0.9158901089063262,0.002797027193458073,0.86270467649571,-0.0004512240039314007,-0.00016867005534917717,47.666666666666664,0.49140503839507793,0.8862280643321961,1,0.5664395638294837,0.9427237017374568,0.8882426529075875,51,-0.0015161721190956046,-0.0021949851954853328,-0.0018822399537061774,-0.02877470126964743,-0.026833592831130626,-0.03574787496913068,1.4346336217161633,1.4438196324099466,0.5664395638294837,0.9427237017374568,0.8882426529075875,51,1.0
A,leiden,0.3,50,3,maxdeg_cap100,10000,330384,66.0768,102,0.3937145866627924,21,499,14,712,1.1011826082976588,random,0.2,0.2,0.2,ok,0.02714,66077,0.5668056316640943,0.00033775842086874937,0.5671183769058734,0.9446648101759736,0.0019292130994305813,0.8984525514648407,51.6,0.5138420304581792,1.2714125775994034,0.004569942997477483,0.5953341483376183,0.5999040913350958,0.5328720621187073,0.0009501806504822883,0.7677402650219317,0.0028711847530340524,0.697197688239819,0.0001884340122651301,0.00015020503546534587,45.333333333333336,0.6980056122575665,0.5999040913350958,1,0.5664395638294837,0.9427237017374568,0.8882426529075875,51,-0.03356750171077638,-0.03424631478716611,-0.033933569545386955,-0.17692454515404188,-0.17498343671552508,-0.20125486322502173,2.1193597376038142,2.135628505688164,0.5664395638294837,0.9427237017374568,0.8882426529075875,51,1.0
A,leiden,0.3,50,3,maxdeg_cap100,10000,330384,66.0768,102,0.3937145866627924,21,499,14,712,1.1011826082976588,random,0.15,0.15,0.15,ok,0.02714,49558,0.5668056316640943,0.00033775842086874937,0.5671183769058734,0.9446648101759736,0.0019292130994305813,0.8984525514648407,51.6,0.5138420304581792,1.2714125775994034,0.004294724996725563,0.545038241330379,0.5493329663271046,0.503970169314634,0.0004788917198820326,0.6726975806378305,0.003526678208710977,0.5903662992641767,-0.00041733113965411044,0.00011715084267469713,60.666666666666664,1.1402321831893258,0.5493329663271046,1,0.5664395638294837,0.9427237017374568,0.8882426529075875,51,-0.062469394514849674,-0.0631482075912394,-0.06283546234946025,-0.2719672295381431,-0.2700261210996263,-0.308086252200664,2.314466189968892,2.3327034347095053,0.5662849133237752,0.9649420363917084,0.9340585476161001,65,1.5
A,leiden,0.3,50,3,maxdeg_cap100,10000,330384,66.0768,102,0.3937145866627924,21,499,14,712,1.1011826082976588,random,0.05,0.05,0.05,ok,0.02714,16519,0.5668056316640943,0.00033775842086874937,0.5671183769058734,0.9446648101759736,0.0019292130994305813,0.8984525514648407,51.6,0.5138420304581792,1.2714125775994034,0.005134753999300301,0.40228324633547646,0.40741800033477676,0.2781103523684331,0.0021732360730260646,0.3347709455772438,0.007187123749054081,0.3182026519118786,-0.0015327514126287174,-0.000256004422261349,1259.0,6.176378546812246,0.40741800033477676,1,0.5664395638294837,0.9427237017374568,0.8882426529075875,51,-0.28832921146105056,-0.2890080245374403,-0.28869527929566113,-0.6098938645987297,-0.6079527561602129,-0.5802498995529621,3.120658823504802,3.1604909952902513,0.2063223969535418,0.7433938747102,0.3792385286486126,901,30.0
A,leiden,0.3,50,3,maxdeg_cap100,10000,330384,66.0768,102,0.3937145866627924,21,499,14,712,1.1011826082976588,lspar,0.5,0.50048,0.773438,ok,0.02714,165352,0.5668056316640943,0.00033775842086874937,0.5671183769058734,0.9446648101759736,0.0019292130994305813,0.8984525514648407,51.6,0.5138420304581792,1.3068054569986998,1.125082084996393,0.567118628998287,1.69220071399468,0.5665939222834077,5.417430043645732e-05,0.9684697401686773,0.000914284225147756,0.9515986767827685,-0.0003966794152705227,3.9689072164731595e-06,70.0,0.7371335849860637,1.69220071399468,1,0.5664395638294837,0.9427237017374568,0.8882426529075875,51,0.00015435845392397507,-0.0005244546224657531,-0.00021170938068659773,0.02380492999270367,0.025746038431220475,0.05314612531792784,0.7722520420841804,2.3042894205519864,0.5662849133237752,0.9649420363917084,0.9340585476161001,65,1.5
A,leiden,0.3,50,3,maxdeg_cap100,10000,330384,66.0768,102,0.3937145866627924,21,499,14,712,1.1011826082976588,lspar,0.2,0.20192,0.515625,ok,0.02714,66711,0.5668056316640943,0.00033775842086874937,0.5671183769058734,0.9446648101759736,0.0019292130994305813,0.8984525514648407,51.6,0.5138420304581792,1.3068054569986998,0.889718405000167,0.29601006199906504,1.185728466999232,0.5665603909851215,6.291884245271784e-06,0.9848739658320124,0.0002235214453571009,0.9852965098113661,-0.0014733646443480719,-0.0002644891179226121,85.33333333333333,0.8737079506514099,1.185728466999232,1,0.5664395638294837,0.9427237017374568,0.8882426529075875,51,0.00012082715563777047,-0.0005579859207519577,-0.00024524067897280233,0.040209155656038775,0.04215026409455558,0.08684395834652536,1.1021119028253423,4.414733229584701,0.5666650298134572,0.9923006680669438,0.9944657912787572,91,3.0
A,leiden,0.3,50,3,maxdeg_cap100,10000,330384,66.0768,102,0.3937145866627924,21,499,14,712,1.1011826082976588,lspar,0.15,0.15455,0.4375,ok,0.02714,51060,0.5668056316640943,0.00033775842086874937,0.5671183769058734,0.9446648101759736,0.0019292130994305813,0.8984525514648407,51.6,0.5138420304581792,1.3068054569986998,0.808675880994997,0.2580351276653043,1.0667110086603013,0.5665484657731609,2.1921878706415065e-06,0.9854983796152829,7.337300469239399e-05,0.9859923835265368,-2.983343685251816e-05,-0.00016260038607688416,86.0,0.8804511465005569,1.0667110086603013,1,0.5664395638294837,0.9427237017374568,0.8882426529075875,51,0.00010890194367718653,-0.0005699111327125417,-0.00025716589093338627,0.04083356943930927,0.04277467787782607,0.08753983206169613,1.2250791886360457,5.064447886699166,0.5666650298134572,0.9923006680669438,0.9944657912787572,91,3.0
A,leiden,0.3,50,3,maxdeg_cap100,10000,330384,66.0768,102,0.3937145866627924,21,499,14,712,1.1011826082976588,lspar,0.05,0.05355,0.125,ok,0.02714,17692,0.5668056316640943,0.00033775842086874937,0.5671183769058734,0.9446648101759736,0.0019292130994305813,0.8984525514648407,51.6,0.5138420304581792,1.3068054569986998,0.7861293619935168,0.20856839266828806,0.9946977546618049,0.4291367833730797,1.698639067486053e-05,0.9794864720118023,0.0005256491122553596,0.9345103117570223,-9.296012235006884e-05,7.515223649267923e-05,96.33333333333333,0.8875174509547049,0.9946977546618049,1,0.5664395638294837,0.9427237017374568,0.8882426529075875,51,-0.13730278045640398,-0.1379815935327937,-0.13766884829101456,0.03482166183582869,0.03676277027434549,0.03605776029218155,1.3137713952546428,6.2655968158946935,0.5665769389158135,0.9973816305069534,0.998694002071672,99,5.0
A,leiden,0.3,50,3,maxdeg_cap100,10000,330384,66.0768,102,0.3937145866627924,21,499,14,712,1.1011826082976588,dspar,0.5,0.50055,0.5,ok,0.02714,165373,0.5668056316640943,0.00033775842086874937,0.5671183769058734,0.9446648101759736,0.0019292130994305813,0.8984525514648407,51.6,0.5138420304581792,1.3068054569986998,0.057509231999574695,0.8724266969972329,0.9299359289968075,0.5668651991727596,3.418607762901935e-05,0.9591258837377824,0.0010356056230113478,0.9273103690257193,-0.0007073377536821112,8.830980379414811e-05,61.666666666666664,0.6533858065725043,0.9299359289968075,1,0.5664395638294837,0.9427237017374568,0.8882426529075875,51,0.0004256353432758875,-0.00025317773311384073,5.9567508665314683e-05,0.014461073561808813,0.016402182000325616,0.028857817560878574,1.4052639716893722,1.4978971431027226,0.5662849133237752,0.9649420363917084,0.9340585476161001,65,1.5
A,leiden,0.3,50,3,maxdeg_cap100,10000,330384,66.0768,102,0.3937145866627924,21,499,14,712,1.1011826082976588,dspar,0.2,0.20006,0.2,ok,0.02714,66097,0.5668056316640943,0.00033775842086874937,0.5671183769058734,0.9446648101759736,0.0019292130994305813,0.8984525514648407,51.6,0.5138420304581792,1.3068054569986998,0.05581403800169937,0.5942378356679304,0.6500518736696298,0.5532104949124211,0.0011731919278058127,0.8842084755045123,0.005219757566300448,0.7986996458139918,-0.0013469735482550644,-9.417914340691882e-05,48.0,0.5808644367910317,0.6500518736696298,1,0.5664395638294837,0.9427237017374568,0.8882426529075875,51,-0.013229068917062548,-0.013907881993452276,-0.01359513675167312,-0.060456334671461276,-0.05851522623294447,-0.09975290565084893,2.010309499796698,2.199128662902851,0.5664395638294837,0.9427237017374568,0.8882426529075875,51,1.0
A,leiden,0.3,50,3,maxdeg_cap100,10000,330384,66.0768,102,0.3937145866627924,21,499,14,712,1.1011826082976588,dspar,0.15,0.14974,0.15,ok,0.02714,49472,0.5668056316640943,0.00033775842086874937,0.5671183769058734,0.9446648101759736,0.0019292130994305813,0.8984525514648407,51.6,0.5138420304581792,1.3068054569986998,0.05584338100015884,0.6085418473327687,0.6643852283329276,0.5229831545070498,0.003476690047010807,0.7868088874566226,0.008125579826539267,0.6330774625407565,-0.00034444647432733537,-0.00029423712869183554,41.0,0.6754945670257347,0.6643852283329276,1,0.5664395638294837,0.9427237017374568,0.8882426529075875,51,-0.04345640932243389,-0.044135222398823615,-0.04382247715704446,-0.157855922719351,-0.1559148142808342,-0.26537508892408423,1.9669393617882356,2.147437292482697,0.5656849463458099,0.8889705492417642,0.7227534007609168,34,0.75
A,leiden,0.3,50,3,maxdeg_cap100,10000,330384,66.0768,102,0.3937145866627924,21,499,14,712,1.1011826082976588,dspar,0.05,0.05019,0.05,ok,0.02714,16581,0.5668056316640943,0.00033775842086874937,0.5671183769058734,0.9446648101759736,0.0019292130994305813,0.8984525514648407,51.6,0.5138420304581792,1.3068054569986998,0.05787384800350992,0.41445392832974903,0.47232777633325895,0.10639166024675552,0.013905827287479793,0.21494533992493792,0.00818534752508821,0.10054332775800578,0.0012270873560932822,8.520355345110944e-05,707.6666666666666,3.942995958036587,0.47232777633325895,1,0.5664395638294837,0.9427237017374568,0.8882426529075875,51,-0.4600479035827282,-0.4607267166591179,-0.46041397141733875,-0.7297194702510357,-0.7277783618125189,-0.7979092237068349,2.7667342944418767,3.153077743200869,0.2063223969535418,0.7433938747102,0.3792385286486126,901,30.0
A,leiden,0.3,50,3,maxdeg_cap100,10000,330384,66.0768,102,0.3937145866627924,21,499,14,712,1.1011826082976588,random,0.5,0.5,0.5,ok,0.02714,165192,0.5668056316640943,0.00033775842086874937,0.5671183769058734,0.9446648101759736,0.0019292130994305813,0.8984525514648407,51.6,0.5138420304581792,1.3068054569986998,0.005739262000133749,0.860085889333277,0.8658251513334108,0.5649233917103881,5.469287292331246e-05,0.9158901089063262,0.002797027193458073,0.86270467649571,-0.0006121224026122855,2.4868131099595582e-05,47.666666666666664,0.49140503839507793,0.8658251513334108,1,0.5664395638294837,0.9427237017374568,0.8882426529075875,51,-0.0015161721190956046,-0.0021949851954853328,-0.0018822399537061774,-0.02877470126964743,-0.026833592831130626,-0.03574787496913068,1.5093179667813519,1.5193894856381283,0.5664395638294837,0.9427237017374568,0.8882426529075875,51,1.0
A,leiden,0.3,50,3,maxdeg_cap100,10000,330384,66.0768,102,0.3937145866627924,21,499,14,712,1.1011826082976588,random,0.2,0.2,0.2,ok,0.02714,66077,0.5668056316640943,0.00033775842086874937,0.5671183769058734,0.9446648101759736,0.0019292130994305813,0.8984525514648407,51.6,0.5138420304581792,1.3068054569986998,0.004675754993513692,0.5727773836648945,0.5774531386584082,0.5328720621187073,0.0009501806504822883,0.7677402650219317,0.0028711847530340524,0.697197688239819,-0.0010639868549610733,-0.00012922786283842155,45.333333333333336,0.6980056122575665,0.5774531386584082,1,0.5664395638294837,0.9427237017374568,0.8882426529075875,51,-0.03356750171077638,-0.03424631478716611,-0.033933569545386955,-0.17692454515404188,-0.17498343671552508,-0.20125486322502173,2.2630502278241824,2.281524191191269,0.5664395638294837,0.9427237017374568,0.8882426529075875,51,1.0
A,leiden,0.3,50,3,maxdeg_cap100,10000,330384,66.0768,102,0.3937145866627924,21,499,14,712,1.1011826082976588,random,0.15,0.15,0.15,ok,0.02714,49558,0.5668056316640943,0.00033775842086874937,0.5671183769058734,0.9446648101759736,0.0019292130994305813,0.8984525514648407,51.6,0.5138420304581792,1.3068054569986998,0.00433427299867617,0.5364891513308976,0.5408234243295738,0.503970169314634,0.0004788917198820326,0.6726975806378305,0.003526678208710977,0.5903662992641767,-0.00027380570108172204,-4.2233354189950725e-06,60.666666666666664,1.1402321831893258,0.5408234243295738,1,0.5664395638294837,0.9427237017374568,0.8882426529075875,51,-0.062469394514849674,-0.0631482075912394,-0.06283546234946025,-0.2719672295381431,-0.2700261210996263,-0.308086252200664,2.4163255476936265,2.4358469388557755,0.5662849133237752,0.9649420363917084,0.9340585476161001,65,1.5
A,leiden,0.3,50,3,maxdeg_cap100,10000,330384,66.0768,102,0.3937145866627924,21,499,14,712,1.1011826082976588,random,0.05,0.05,0.05,ok,0.02714,16519,0.5668056316640943,0.00033775842086874937,0.5671183769058734,0.9446648101759736,0.0019292130994305813,0.8984525514648407,51.6,0.5138420304581792,1.3068054569986998,0.004028231000120286,0.38752435133695445,0.39155258233707474,0.2781103523684331,0.0021732360730260646,0.3347709455772438,0.007187123749054081,0.3182026519118786,0.0003454029218363281,-0.000254725795349283,1259.0,6.176378546812246,0.39155258233707474,1,0.5664395638294837,0.9427237017374568,0.8882426529075875,51,-0.28832921146105056,-0.2890080245374403,-0.28869527929566113,-0.6098938645987297,-0.6079527561602129,-0.5802498995529621,3.337496714231127,3.3721892636946205,0.2063223969535418,0.7433938747102,0.3792385286486126,901,30.0
A,leiden,0.3,100,1,scaled_maxk5_recal,10000,502211,100.4422,73,0.4186407705127924,29,497,28,520,0.7555022135338318,lspar,0.5,0.4988,0.796875,ok,0.01839,250505,0.5439346308627871,0.0019904837045685016,0.5455920662470182,0.9632880308255727,0.005356080228285049,0.9162915364535481,48.6,0.6477761354721409,1.913160286200582,1.7769255669991253,0.741289803001564,2.5182153700006893,0.5454569895678033,3.6849519132744487e-06,0.9855692377386144,0.0003807948240578306,0.9810356780533804,-0.00027156551004711704,0.00015449580342995686,60.666666666666664,0.7505480142963988,2.5182153700006893,1,0.5455335889655651,0.9656262139155353,0.9381843557472996,49,-7.6599397761834e-05,-0.00013507667921486277,0.001522358705016158,0.022281206913041696,0.01994302382307911,0.06474414159983233,0.7597286193198235,2.580853369969458,0.5454611164654892,0.9859934553574204,0.9795706348616494,60,1.5
A,leiden,0.3,100,1,scaled_maxk5_recal,10000,502211,100.4422,73,0.4186407705127924,29,497,28,520,0.7555022135338318,lspar,0.2,0.20145,0.546875,ok,0.01839,101169,0.5439346308627871,0.0019904837045685016,0.5455920662470182,0.9632880308255727,0.005356080228285049,0.9162915364535481,48.6,0.6477761354721409,1.913160286200582,1.5352351570036262,0.35467389633413404,1.8899090533377603,0.545422724070558,2.6906399590911106e-06,0.9969950362920074,0.00023118908121007762,0.9973996555404855,0.0004020526304626929,-0.0002948003259852627,70.0,0.8651229433584126,1.8899090533377603,1,0.5455335889655651,0.9656262139155353,0.9381843557472996,49,-0.00011086489500711227,-0.00016934217646014105,0.0014880932077708797,0.03370700546643468,0.031368822376472094,0.08110811908693738,1.0123028316213196,5.394138970966774,0.5454693256033517,0.9953421635616896,0.9957612395326094,67,2.0
A,leiden,0.3,100,1,scaled_maxk5_recal,10000,502211,100.4422,73,0.4186407705127924,29,497,28,520,0.7555022135338318,lspar,0.15,0.14809,0.46875,ok,0.01839,74373,0.5439346308627871,0.0019904837045685016,0.5455920662470182,0.9632880308255727,0.005356080228285049,0.9162915364535481,48.6,0.6477761354721409,1.913160286200582,1.4299535180034582,0.30340779899900855,1.7333613170024667,0.5454270966122978,0.0,0.9970065219560302,0.0,0.9971950910674391,0.0007915486208038731,0.0001109657706794437,70.0,0.8655677905282751,1.7333613170024667,1,0.5455335889655651,0.9656262139155353,0.9381843557472996,49,-0.00010649235326731787,-0.00016496963472034665,0.0014924657495106741,0.03371849113045755,0.031380308040494964,0.08090355461389098,1.103728499900439,6.3055738597109485,0.5454693256033517,0.9953421635616896,0.9957612395326094,67,2.0
A,leiden,0.3,100,1,scaled_maxk5_recal,10000,502211,100.4422,73,0.4186407705127924,29,497,28,520,0.7555022135338318,lspar,0.05,0.05299,0.1875,ok,0.01839,26614,0.5439346308627871,0.0019904837045685016,0.5455920662470182,0.9632880308255727,0.005356080228285049,0.9162915364535481,48.6,0.6477761354721409,1.913160286200582,1.3859396270054276,0.2171083199985636,1.6030479470039911,0.5453974170586272,0.0,0.9967359961701775,0.0,0.9971467332910297,-0.0009148054708321961,-0.00019948766366914157,70.0,0.8655491898211215,1.6030479470039911,1,0.5455335889655651,0.9656262139155353,0.9381843557472996,49,-0.0001361719069379319,-0.00019464918839096068,0.00146278619584006,0.03344796534460481,0.031109782254642226,0.08085519683748155,1.1934516929304417,8.812008154331625,0.5454693256033517,0.9953421635616896,0.9957612395326094,67,2.0
A,leiden,0.3,100,1,scaled_maxk5_recal,10000,502211,100.4422,73,0.4186407705127924,29,497,28,520,0.7555022135338318,dspar,0.5,0.50005,0.5,ok,0.01839,251131,0.5439346308627871,0.0019904837045685016,0.5455920662470182,0.9632880308255727,0.005356080228285049,0.9162915364535481,48.6,0.6477761354721409,1.913160286200582,0.10742744099843549,1.1930131056675843,1.3004405466660198,0.5455336312507679,4.370613889612574e-05,0.9839562387339735,0.0020186930159826542,0.9766789319495247,0.0002673562715198566,5.1851368299206706e-05,58.333333333333336,0.7185035133320351,1.3004405466660198,1,0.5455335889655651,0.9656262139155353,0.9381843557472996,49,4.228520278370951e-08,-5.8434996250245064e-05,0.0015990003879807757,0.02066820790840085,0.018330024818438262,0.060387395495976603,1.4711632078109307,1.6036372753256714,0.5454611164654892,0.9859934553574204,0.9795706348616494,60,1.5
A,leiden,0.3,100,1,scaled_maxk5_recal,10000,502211,100.4422,73,0.4186407705127924,29,497,28,520,0.7555022135338318,dspar,0.2,0.19981,0.2,ok,0.01839,100345,0.5439346308627871,0.0019904837045685016,0.5455920662470182,0.9632880308255727,0.005356080228285049,0.9162915364535481,48.6,0.6477761354721409,1.913160286200582,0.09266757900331868,0.7563860426671454,0.849053621670464,0.5427522200989419,0.0001519069951613574,0.9507649494003975,0.0020822073345282592,0.9220220634798729,0.0001144127043084131,-6.688968769534727e-06,47.666666666666664,0.5964514472636274,0.849053621670464,1,0.5455335889655651,0.9656262139155353,0.9381843557472996,49,-0.0027813688666232794,-0.002839846148076308,-0.0011824107638452874,-0.01252308142517522,-0.014861264515137806,0.0057305270263248165,2.253285584527099,2.5293437190544323,0.5455335889655651,0.9656262139155353,0.9381843557472996,49,1.0
A,leiden,0.3,100,1,scaled_maxk5_recal,10000,502211,100.4422,73,0.4186407705127924,29,497,28,520,0.7555022135338318,dspar,0.15,0.14988,0.15,ok,0.01839,75272,0.5439346308627871,0.0019904837045685016,0.5455920662470182,0.9632880308255727,0.005356080228285049,0.9162915364535481,48.6,0.6477761354721409,1.913160286200582,0.10339251600089483,0.6769599679998161,0.7803524840007109,0.530667219938139,0.0034299574446788814,0.8990499470130825,0.013071095434295476,0.8029414901526865,0.00017639719654881716,-0.00016985951980907164,42.0,0.6711109951662846,0.7803524840007109,1,0.5455335889655651,0.9656262139155353,0.9381843557472996,49,-0.014866369027426107,-0.014924846308879136,-0.013267410924648115,-0.06423808381249019,-0.06657626690245277,-0.11335004630086165,2.451661685488835,2.8261054960950096,0.544119107855386,0.9234579824093823,0.7952879453557009,36,0.75
A,leiden,0.3,100,1,scaled_maxk5_recal,10000,502211,100.4422,73,0.4186407705127924,29,497,28,520,0.7555022135338318,dspar,0.05,0.04954,0.05,ok,0.01839,24879,0.5439346308627871,0.0019904837045685016,0.5455920662470182,0.9632880308255727,0.005356080228285049,0.9162915364535481,48.6,0.6477761354721409,1.913160286200582,0.09717440199892735,0.5206239743323143,0.6177983763312417,0.15854952643808987,0.0087156797539918,0.25436171191878126,0.011531719148224165,0.15103779539019718,-0.00022340883278447045,0.0001366894218710502,168.33333333333334,2.595392015704687,0.6177983763312417,1,0.5455335889655651,0.9656262139155353,0.9381843557472996,49,-0.3869840625274753,-0.38704253980892833,-0.3853851044246973,-0.7089263189067914,-0.7112645019967541,-0.7652537410633509,3.0967389353817483,3.6747448840675396,0.5425885186198551,0.9972023618033625,0.9935757891551038,82,8.0
A,leiden,0.3,100,1,scaled_maxk5_recal,10000,502211,100.4422,73,0.4186407705127924,29,497,28,520,0.7555022135338318,random,0.5,0.5,0.5,ok,0.01839,251106,0.5439346308627871,0.0019904837045685016,0.5455920662470182,0.9632880308255727,0.005356080228285049,0.9162915364535481,48.6,0.6477761354721409,1.913160286200582,0.008035118000407238,1.1882645113340307,1.196299629334438,0.5446830471522613,8.329456217187633e-05,0.9484844256772843,0.00046616419287123697,0.9164389779504142,-7.798987040338423e-05,0.00010974186706524991,43.333333333333336,0.5116942504537453,1.196299629334438,1,0.5455335889655651,0.9656262139155353,0.9381843557472996,49,-0.0008505418133037956,-0.0009090190947568244,0.0007484162894741964,-0.014803605148288379,-0.017141788238250966,0.00014744149686607422,1.5992316968826363,1.610045800368751,0.5455335889655651,0.9656262139155353,0.9381843557472996,49,1.0
A,leiden,0.3,100,1,scaled_maxk5_recal,10000,502211,100.4422,73,0.4186407705127924,29,497,28,520,0.7555022135338318,random,0.2,0.2,0.2,ok,0.01839,100442,0.5439346308627871,0.0019904837045685016,0.5455920662470182,0.9632880308255727,0.005356080228285049,0.9162915364535481,48.6,0.6477761354721409,1.913160286200582,0.008398605001275428,0.6952336576699357,0.7036322626712112,0.5303703273033976,0.00028390759933361964,0.8518947434220551,0.0024973917928463275,0.7846441072323116,0.000643339434680586,1.2688082488474496e-05,34.0,0.48112476664888987,0.7036322626712112,1,0.5455335889655651,0.9656262139155353,0.9381843557472996,49,-0.015163261662167526,-0.015221738943620555,-0.013564303559389534,-0.11139328740351762,-0.1137314704934802,-0.1316474292212365,2.7189774939222073,2.7518234554588563,0.544119107855386,0.9234579824093823,0.7952879453557009,36,0.75
A,leiden,0.3,100,1,scaled_maxk5_recal,10000,502211,100.4422,73,0.4186407705127924,29,497,28,520,0.7555022135338318,random,0.15,0.15,0.15,ok,0.01839,75332,0.5439346308627871,0.0019904837045685016,0.5455920662470182,0.9632880308255727,0.005356080228285049,0.9162915364535481,48.6,0.6477761354721409,1.913160286200582,0.006792636995669454,0.6234845139988465,0.630277150994516,0.511819289510192,0.002640009688436745,0.7769397076615876,0.013528783985831377,0.6884495715390605,-0.0006794227379209877,-2.308962280859892e-05,30.666666666666668,0.5360902217132439,0.630277150994516,1,0.5455335889655651,0.9656262139155353,0.9381843557472996,49,-0.03371429945537319,-0.033772776736826216,-0.032115341352595195,-0.18634832316398509,-0.18868650625394767,-0.2278419649144876,3.0354270072805294,3.068496880427926,0.544119107855386,0.9234579824093823,0.7952879453557009,36,0.75
A,leiden,0.3,100,1,scaled_maxk5_recal,10000,502211,100.4422,73,0.4186407705127924,29,497,28,520,0.7555022135338318,random,0.05,0.05,0.05,ok,0.01839,25111,0.5439346308627871,0.0019904837045685016,0.5455920662470182,0.9632880308255727,0.005356080228285049,0.9162915364535481,48.6,0.6477761354721409,1.913160286200582,0.006897867999214213,0.4476788426666947,0.45457671066590893,0.31556570873094136,0.003647868274283801,0.3894903863346199,0.0017844920526615164,0.34731572160198504,6.974030973311415e-05,3.8432363427622713e-05,385.0,4.3462989346573915,0.45457671066590893,1,0.5455335889655651,0.9656262139155353,0.9381843557472996,49,-0.22996788023462378,-0.2300263575160768,-0.2283689221318458,-0.5737976444909527,-0.5761358275809154,-0.5689758148515631,4.20866322737475,4.273510614896237,0.254238394490207,0.8346282271301313,0.4776734099918061,302,15.0
A,leiden,0.3,100,2,scaled_maxk5_recal,10000,511191,102.2382,84,0.42203599046149093,29,481,28,523,0.7646163524351187,lspar,0.5,0.49515,0.796875,ok,0.01817,253116,0.5401996264853776,0.005229829237410434,0.5445839662748211,0.9540530020838572,0.009381015240050621,0.8693252157183805,53.0,0.6435034124090355,2.0218864572016173,1.9366180349970818,0.7520907546689463,2.688708789666028,0.5445000805381593,2.4603865091499295e-05,0.9785415443333774,0.0003320422412652761,0.9648384161316036,0.0008132395956800201,0.0001561512562990773,67.0,0.696587441549147,2.688708789666028,1,0.5372940903563813,0.9522871515081001,0.8380005404394478,54,0.0072059901817780325,-8.388573666173738e-05,0.004300454052781788,0.02448854224952013,0.026254392825277306,0.09551320041322309,0.7519916120974787,2.6883543570371464,0.543356964143749,0.9810043073652569,0.9495647331948511,68,1.5
A,leiden,0.3,100,2,scaled_maxk5_recal,10000,511191,102.2382,84,0.42203599046149093,29,481,28,523,0.7646163524351187,lspar,0.2,0.19881,0.546875,ok,0.01817,101628,0.5401996264853776,0.005229829237410434,0.5445839662748211,0.9540530020838572,0.009381015240050621,0.8693252157183805,53.0,0.6435034124090355,2.0218864572016173,1.5962455259941635,0.3556420120027421,1.9518875379969056,0.5444618466965703,8.731527048193369e-07,0.991587138285993,4.6472788489973155e-05,0.9907459686614427,-0.00015041330249176193,0.00011575495724992686,78.0,0.8031002923517758,1.9518875379969056,1,0.5372940903563813,0.9522871515081001,0.8380005404394478,54,0.007167756340188958,-0.0001221195782508122,0.004262220211192713,0.03753413620213575,0.039299986777892926,0.1214207529430622,1.0358621682049094,5.6851732612119745,0.5445576507785477,0.9929776307957563,0.9925469219928609,76,2.0
A,leiden,0.3,100,2,scaled_maxk5_recal,10000,511191,102.2382,84,0.42203599046149093,29,481,28,523,0.7646163524351187,lspar,0.15,0.14613,0.46875,ok,0.01817,74698,0.5401996264853776,0.005229829237410434,0.5445839662748211,0.9540530020838572,0.009381015240050621,0.8693252157183805,53.0,0.6435034124090355,2.0218864572016173,1.486447618000966,0.30330972233059583,1.7897573403315619,0.5444598982502372,1.067405608891969e-06,0.9945266589792663,0.00010619917521857496,0.9943970724303232,0.000772018000241583,5.368294795113186e-06,81.0,0.8346191677131197,1.7897573403315619,1,0.5372940903563813,0.9522871515081001,0.8380005404394478,54,0.007165807893855902,-0.00012406802458386768,0.004260271764859658,0.04047365689540905,0.04223950747116623,0.12507185671194265,1.1296986533532263,6.666078626381252,0.5444890024002292,0.9980123207580816,0.9985354561199433,82,3.0
A,leiden,0.3,100,2,scaled_maxk5_recal,10000,511191,102.2382,84,0.42203599046149093,29,481,28,523,0.7646163524351187,lspar,0.05,0.05243,0.1875,ok,0.01817,26804,0.5401996264853776,0.005229829237410434,0.5445839662748211,0.9540530020838572,0.009381015240050621,0.8693252157183805,53.0,0.6435034124090355,2.0218864572016173,1.449300679996668,0.21875215833521602,1.668052838331884,0.5444256049897594,4.904498973807691e-06,0.9936941543134657,0.0002704922811512144,0.9926645088135637,0.0003100487651030533,-2.1532340859307386e-05,81.0,0.8378082277143862,1.668052838331884,1,0.5372940903563813,0.9522871515081001,0.8380005404394478,54,0.007131514633378133,-0.00015836128506163671,0.004225978504381889,0.03964115222960851,0.04140700280536569,0.12333929309518321,1.2121237473649698,9.242818322748965,0.5444890024002292,0.9980123207580816,0.9985354561199433,82,3.0
A,leiden,0.3,100,2,scaled_maxk5_recal,10000,511191,102.2382,84,0.42203599046149093,29,481,28,523,0.7646163524351187,dspar,0.5,0.49926,0.5,ok,0.01817,255219,0.5401996264853776,0.005229829237410434,0.5445839662748211,0.9540530020838572,0.009381015240050621,0.8693252157183805,53.0,0.6435034124090355,2.0218864572016173,0.12686266399396118,1.2590097046656108,1.385872368659572,0.5446418641979967,7.902784375431848e-06,0.9770709205487638,0.0011404278591537406,0.9597620403849475,0.0006076047999716074,-5.307933005223235e-05,64.33333333333333,0.6647080761484608,1.385872368659572,1,0.5372940903563813,0.9522871515081001,0.8380005404394478,54,0.007347773841615335,5.789792317556497e-05,0.00444223771261909,0.023017918464906528,0.024783769040663706,0.090436824666567,1.4589268845566232,1.6059339731131177,0.543356964143749,0.9810043073652569,0.9495647331948511,68,1.5
A,leiden,0.3,100,2,scaled_maxk5_recal,10000,511191,102.2382,84,0.42203599046149093,29,481,28,523,0.7646163524351187,dspar,0.2,0.20003,0.2,ok,0.01817,102251,0.5401996264853776,0.005229829237410434,0.5445839662748211,0.9540530020838572,0.009381015240050621,0.8693252157183805,53.0,0.6435034124090355,2.0218864572016173,0.11082593299943255,0.7794839316654057,0.8903098646648383,0.5423731921803439,0.0001957720033911818,0.9429271359476972,0.0037729502792784807,0.902721205626739,-0.0009714221801946976,-0.00016246227228929475,51.333333333333336,0.5201465516627726,0.8903098646648383,1,0.5372940903563813,0.9522871515081001,0.8380005404394478,54,0.00507910182396254,-0.0022107740944772303,0.002173565694966295,-0.011125866136160067,-0.00936001556040289,0.03339598990835846,2.2709918618758276,2.5938783021245317,0.5372940903563813,0.9522871515081001,0.8380005404394478,54,1.0
A,leiden,0.3,100,2,scaled_maxk5_recal,10000,511191,102.2382,84,0.42203599046149093,29,481,28,523,0.7646163524351187,dspar,0.15,0.15,0.15,ok,0.01817,76679,0.5401996264853776,0.005229829237410434,0.5445839662748211,0.9540530020838572,0.009381015240050621,0.8693252157183805,53.0,0.6435034124090355,2.0218864572016173,0.11176053400413366,0.7048111086672483,0.8165716426713819,0.536378817718815,0.00045372753220891394,0.9158844978187864,0.005506005947040514,0.8576723397601005,-0.0011577086292805297,-0.00013935830232765303,50.0,0.5577360575365551,0.8165716426713819,1,0.5372940903563813,0.9522871515081001,0.8380005404394478,54,-0.0009152726375663001,-0.00820514855600607,-0.0038208087665625445,-0.03816850426507079,-0.03640265368931361,-0.011652875958280018,2.4760674404355942,2.8686926643719795,0.5372940903563813,0.9522871515081001,0.8380005404394478,54,1.0
A,leiden,0.3,100,2,scaled_maxk5_recal,10000,511191,102.2382,84,0.42203599046149093,29,481,28,523,0.7646163524351187,dspar,0.05,0.04997,0.05,ok,0.01817,25546,0.5401996264853776,0.005229829237410434,0.5445839662748211,0.9540530020838572,0.009381015240050621,0.8693252157183805,53.0,0.6435034124090355,2.0218864572016173,0.11081728900171584,0.5304713006650369,0.6412885896667527,0.18011927059183605,0.006354956110952896,0.2784282741273217,0.01053590066344169,0.1601018928787761,2.5739857622156483e-06,0.00010409996070111547,165.0,2.573995225754219,0.6412885896667527,1,0.5372940903563813,0.9522871515081001,0.8380005404394478,54,-0.35717481976454524,-0.364464695682985,-0.3600803558935415,-0.6756247279565355,-0.6738588773807783,-0.7092233228396044,3.152849574716893,3.8114907529716224,0.5413189466114449,0.9966431082670498,0.9919788384563007,90,8.0
A,leiden,0.3,100,2,scaled_maxk5_recal,10000,511191,102.2382,84,0.42203599046149093,29,481,28,523,0.7646163524351187,random,0.5,0.5,0.5,ok,0.01817,255596,0.5401996264853776,0.005229829237410434,0.5445839662748211,0.9540530020838572,0.009381015240050621,0.8693252157183805,53.0,0.6435034124090355,2.0218864572016173,0.008783848999883048,1.2000850806653034,1.2088689296651864,0.5436403400829191,6.678615267202255e-05,0.9393307586886722,0.0005397687242222276,0.8899322437727525,0.0005809111817462988,0.00017838195817770807,48.0,0.47567061511866865,1.2088689296651864,1,0.5372940903563813,0.9522871515081001,0.8380005404394478,54,0.006346249726537745,-0.000943626191902025,0.0034407135975415004,-0.01472224339518502,-0.012956392819427842,0.02060702805437198,1.6725439851958208,1.6847859287449216,0.5372940903563813,0.9522871515081001,0.8380005404394478,54,1.0
A,leiden,0.3,100,2,scaled_maxk5_recal,10000,511191,102.2382,84,0.42203599046149093,29,481,28,523,0.7646163524351187,random,0.2,0.2,0.2,ok,0.01817,102238,0.5401996264853776,0.005229829237410434,0.5445839662748211,0.9540530020838572,0.009381015240050621,0.8693252157183805,53.0,0.6435034124090355,2.0218864572016173,0.006888301999424584,0.7411525906645693,0.7480408926639939,0.532689720178339,0.000518557570611195,0.873526949121001,0.003638997128569158,0.7936112540194071,-0.0008785040349153445,-0.00010243199628780864,42.0,0.5047212082860537,0.7480408926639939,1,0.5372940903563813,0.9522871515081001,0.8380005404394478,54,-0.004604370178042272,-0.011894246096482042,-0.007509906307038516,-0.0805260529628562,-0.07876020238709902,-0.07571396169897338,2.702908994722313,2.7280299396763255,0.529020737471512,0.8984443416634553,0.6604307842392978,37,0.75
A,leiden,0.3,100,2,scaled_maxk5_recal,10000,511191,102.2382,84,0.42203599046149093,29,481,28,523,0.7646163524351187,random,0.15,0.15,0.15,ok,0.01817,76679,0.5401996264853776,0.005229829237410434,0.5445839662748211,0.9540530020838572,0.009381015240050621,0.8693252157183805,53.0,0.6435034124090355,2.0218864572016173,0.00852396700065583,0.6393363066648211,0.6478602736654769,0.5097933992801577,0.0012477088213087087,0.7804226422318349,0.010043194927165112,0.6390107472140586,-0.00037533750545412,-6.606774608257229e-05,37.666666666666664,0.6924757364192672,0.6478602736654769,1,0.5372940903563813,0.9522871515081001,0.8380005404394478,54,-0.02750069107622366,-0.03479056699466343,-0.030406227205219905,-0.17363035985202235,-0.17186450927626518,-0.2303144685043219,3.1208680936124504,3.162477144069988,0.529020737471512,0.8984443416634553,0.6604307842392978,37,0.75
A,leiden,0.3,100,2,scaled_maxk5_recal,10000,511191,102.2382,84,0.42203599046149093,29,481,28,523,0.7646163524351187,random,0.05,0.05,0.05,ok,0.01817,25560,0.5401996264853776,0.005229829237410434,0.5445839662748211,0.9540530020838572,0.009381015240050621,0.8693252157183805,53.0,0.6435034124090355,2.0218864572016173,0.006406699001672678,0.45631917133384076,0.46272587033551343,0.3116672918558599,0.00024724808199059524,0.3621491313494633,0.005513545864140847,0.3003317736777707,-8.649195782697139e-05,-6.428089847022583e-05,365.6666666666667,4.316834817447739,0.46272587033551343,1,0.5372940903563813,0.9522871515081001,0.8380005404394478,54,-0.22562679850052142,-0.2329166744189612,-0.22853233462951766,-0.591903870734394,-0.5901380201586368,-0.5689934420406098,4.369512462606829,4.430860205350468,0.2848971811597277,0.8704350551631286,0.5975245908132627,312,15.0
A,leiden,0.8,10,1,maxdeg_cap85,10000,66643,13.3286,84,0.8632114400612217,20,440,2,2006,3.3369421557105934,lspar,0.5,0.49576,0.53125,ok,0.12824,33039,0.23886188042503326,0.0021974821896347486,0.24193282150118198,0.03363977418381257,0.001993532445019456,0.01246465841193043,15.4,0.561608703027078,0.8993740068006446,0.17719625199970324,0.49241985100282665,0.6696161030025298,0.1981656954074075,0.0002573804208268791,0.053228357684043014,0.0011994441220795822,0.02208596960749389,-0.0001305458045125462,1.1763669651153154e-05,26.333333333333332,0.44394970571268316,0.6696161030025298,1,0.23784278375232737,0.03211613792578671,0.009630314387307402,15,-0.03967708834491987,-0.04376712609377448,-0.04069618501762576,0.019588583500230447,0.021112219758256306,0.009621311195563458,1.3431188449141085,1.8264373480659737,0.23784278375232737,0.03211613792578671,0.009630314387307402,15,1.0
A,leiden,0.8,10,1,maxdeg_cap85,10000,66643,13.3286,84,0.8632114400612217,20,440,2,2006,3.3369421557105934,lspar,0.2,0.25869,0.0625,ok,0.12824,17240,0.23886188042503326,0.0021974821896347486,0.24193282150118198,0.03363977418381257,0.001993532445019456,0.01246465841193043,15.4,0.561608703027078,0.8993740068006446,0.28382443000009516,0.3174766353331506,0.6013010653332458,0.1695006742173719,0.00017473303481943374,0.03737171039612439,0.0006894761921761552,0.014596923042089052,0.0004043073926266819,-5.151890565017926e-06,47.666666666666664,0.5249501000246634,0.6013010653332458,1,0.23784278375232737,0.03211613792578671,0.009630314387307402,15,-0.06834210953495548,-0.07243214728381009,-0.06936120620766137,0.003731936212311826,0.0052555724703376855,0.0021322646301586215,1.4957133101073161,2.832882507580024,0.21335842661940405,0.03760152211411112,0.010795001972930901,55,1.5
A,leiden,0.8,10,1,maxdeg_cap85,10000,66643,13.3286,84,0.8632114400612217,20,440,2,2006,3.3369421557105934,lspar,0.15,0.12824,0.0,ok,0.12824,8546,0.23886188042503326,0.0021974821896347486,0.24193282150118198,0.03363977418381257,0.001993532445019456,0.01246465841193043,15.4,0.561608703027078,0.8993740068006446,0.2865403010000591,0.2430574286651487,0.5295977296652078,0.13047861906346578,9.204834301844005e-05,0.050082490371240414,5.6469782824107794e-05,0.007712854707832246,-0.0007948508938070559,-0.00010417141179278716,1469.0,1.949054027016982,0.5295977296652078,1,0.23784278375232737,0.03211613792578671,0.009630314387307402,15,-0.10736416468886159,-0.1114542024377162,-0.10838326136156748,0.016442716187427847,0.017966352445453707,-0.004751803704098185,1.6982210391445518,3.7002531119494364,0.12967071514099798,0.009433705974237453,0.00043224271514169944,1526,60.0
A,leiden,0.8,10,1,maxdeg_cap85,10000,66643,13.3286,84,0.8632114400612217,20,440,2,2006,3.3369421557105934,lspar,0.05,0.12824,0.0,floor,0.12824,8546,0.23886188042503326,0.0021974821896347486,0.24193282150118198,0.03363977418381257,0.001993532445019456,0.01246465841193043,15.4,0.561608703027078,0.8993740068006446,0.14083427900186507,0.24379886266979156,0.38463314167165663,0.13047861906346578,9.204834301844005e-05,0.050082490371240414,5.6469782824107794e-05,0.007712854707832246,-0.0006404877469047512,-6.642116765071011e-05,1469.0,1.949054027016982,0.38463314167165663,1,0.23784278375232737,0.03211613792578671,0.009630314387307402,15,-0.10736416468886159,-0.1114542024377162,-0.10838326136156748,0.016442716187427847,0.017966352445453707,-0.004751803704098185,2.33826446387815,3.6890000098925135,0.12967071514099798,0.009433705974237453,0.00043224271514169944,1526,60.0
A,leiden,0.8,10,1,maxdeg_cap85,10000,66643,13.3286,84,0.8632114400612217,20,440,2,2006,3.3369421557105934,dspar,0.5,0.49924,0.5,ok,0.12824,33271,0.23886188042503326,0.0021974821896347486,0.24193282150118198,0.03363977418381257,0.001993532445019456,0.01246465841193043,15.4,0.561608703027078,0.8993740068006446,0.009753619000548497,0.5639365906681633,0.5736902096687118,0.1868409732193521,0.0009433117444595869,0.013102880080992927,0.00010801216536998632,0.0026883992282485483,-5.1190177070612624e-05,1.1602042599206331e-05,32.333333333333336,0.909039311165181,0.5736902096687118,1,0.23784278375232737,0.03211613792578671,0.009630314387307402,15,-0.051001810532975256,-0.055091848281829864,-0.052020907205681144,-0.02053689410281964,-0.019013257844793782,-0.009776259183681883,1.5676997648609083,1.5948140654165541,0.23784278375232737,0.03211613792578671,0.009630314387307402,15,1.0
A,leiden,0.8,10,1,maxdeg_cap85,10000,66643,13.3286,84,0.8632114400612217,20,440,2,2006,3.3369421557105934,dspar,0.2,0.2011,0.2,ok,0.12824,13402,0.23886188042503326,0.0021974821896347486,0.24193282150118198,0.03363977418381257,0.001993532445019456,0.01246465841193043,15.4,0.561608703027078,0.8993740068006446,0.010027684998931363,0.3794512903332361,0.38947897533216747,0.13181055330642846,0.00016123324349764833,0.011921088096326493,0.00030392727901906334,0.0022721563059069807,-0.00019066442661106256,-3.268598237325502e-05,1338.0,4.516275640274259,0.38947897533216747,1,0.23784278375232737,0.03211613792578671,0.009630314387307402,15,-0.1060322304458989,-0.11012226819475351,-0.1070513271186048,-0.021718686087486075,-0.020195049829460215,-0.01019250210602345,2.3091721601496276,2.3701962009690614,0.12967071514099798,0.009433705974237453,0.00043224271514169944,1526,60.0
A,leiden,0.8,10,1,maxdeg_cap85,10000,66643,13.3286,84,0.8632114400612217,20,440,2,2006,3.3369421557105934,dspar,0.15,0.15077,0.15,ok,0.12824,10048,0.23886188042503326,0.0021974821896347486,0.24193282150118198,0.03363977418381257,0.001993532445019456,0.01246465841193043,15.4,0.561608703027078,0.8993740068006446,0.010253121006826404,0.3775207789997997,0.3877739000066261,0.11343385517917204,0.0002968955719550851,0.01536478290781011,0.00042836079456655033,0.00262127066655796,0.00034517903813853675,6.349885193525529e-05,2377.3333333333335,4.903069237872824,0.3877739000066261,1,0.23784278375232737,0.03211613792578671,0.009630314387307402,15,-0.12440892857315533,-0.12849896632200994,-0.12542802524586122,-0.018274991276002454,-0.016751355017976595,-0.00984338774537247,2.319325789552305,2.382316568596405,0.11773580004287687,0.007536470072138317,0.00031832074775627875,2143,120.0
A,leiden,0.8,10,1,maxdeg_cap85,10000,66643,13.3286,84,0.8632114400612217,20,440,2,2006,3.3369421557105934,dspar,0.05,0.04994,0.05,ok,0.12824,3328,0.23886188042503326,0.0021974821896347486,0.24193282150118198,0.03363977418381257,0.001993532445019456,0.01246465841193043,15.4,0.561608703027078,0.8993740068006446,0.00992045799648622,0.4736476919982427,0.4835681499947289,0.04602769229838479,7.37841503389443e-06,0.014621806138852686,7.114369459607566e-05,0.0013326119023845454,-0.00044422724709082426,-4.114404476450519e-06,6736.666666666667,2.893412347146969,0.4835681499947289,1,0.23784278375232737,0.03211613792578671,0.009630314387307402,15,-0.19181509145394257,-0.19590512920279718,-0.19283418812664846,-0.01901796804495988,-0.01749433178693402,-0.011132046509545886,1.8598702309290802,1.8988248480771261,0.11773580004287687,0.007536470072138317,0.00031832074775627875,2143,120.0
A,leiden,0.8,10,1,maxdeg_cap85,10000,66643,13.3286,84,0.8632114400612217,20,440,2,2006,3.3369421557105934,random,0.5,0.50001,0.5,ok,0.12824,33322,0.23886188042503326,0.0021974821896347486,0.24193282150118198,0.03363977418381257,0.001993532445019456,0.01246465841193043,15.4,0.561608703027078,0.8993740068006446,0.0011563819934963249,0.541600741998991,0.5427571239924873,0.17695133099471574,0.0007412858765533651,0.017475807195696427,0.0016929338901290904,0.004499749825173772,0.00073182685694942,1.5731650086119558e-06,188.66666666666666,2.6519448700429034,0.5427571239924873,1,0.23784278375232737,0.03211613792578671,0.009630314387307402,15,-0.060891452757611625,-0.06498149050646623,-0.06191054943031751,-0.01616396698811614,-0.01464033073009028,-0.007964908586756659,1.6570468945389532,1.6605848867214443,0.1894912157075218,0.03579410802964879,0.005222998470001783,148,3.0
A,leiden,0.8,10,1,maxdeg_cap85,10000,66643,13.3286,84,0.8632114400612217,20,440,2,2006,3.3369421557105934,random,0.2,0.20001,0.2,ok,0.12824,13329,0.23886188042503326,0.0021974821896347486,0.24193282150118198,0.03363977418381257,0.001993532445019456,0.01246465841193043,15.4,0.561608703027078,0.8993740068006446,0.0009221779982908629,0.4059319333343107,0.4068541113326016,0.12218548578397836,0.00035214439718358093,0.014860482418378734,0.0004623145155354319,0.00304774512271264,0.0009807224517149494,0.00013714796337875815,1999.0,5.425857412083619,0.4068541113326016,1,0.23784278375232737,0.03211613792578671,0.009630314387307402,15,-0.115657297968349,-0.11974733571720361,-0.11667639464105489,-0.01877929176543383,-0.01725565550740797,-0.009416913289217791,2.210556515835255,2.215578359192434,0.11773580004287687,0.007536470072138317,0.00031832074775627875,2143,120.0
A,leiden,0.8,10,1,maxdeg_cap85,10000,66643,13.3286,84,0.8632114400612217,20,440,2,2006,3.3369421557105934,random,0.15,0.14999,0.15,ok,0.12824,9996,0.23886188042503326,0.0021974821896347486,0.24193282150118198,0.03363977418381257,0.001993532445019456,0.01246465841193043,15.4,0.561608703027078,0.8993740068006446,0.0008927490052883513,0.39367294633605826,0.3945656953413466,0.10402645736228895,0.00021874272888251407,0.014806869455403228,0.0015742101640952295,0.0029987832538212636,-0.00024264074401097413,4.869041778145656e-05,3015.0,5.544060444630003,0.3945656953413466,1,0.23784278375232737,0.03211613792578671,0.009630314387307402,15,-0.13381632639003843,-0.137906364138893,-0.13483542306274432,-0.018832904728409337,-0.017309268470383478,-0.009465875158109167,2.27940243518276,2.284571533734237,0.11773580004287687,0.007536470072138317,0.00031832074775627875,2143,120.0
A,leiden,0.8,10,1,maxdeg_cap85,10000,66643,13.3286,84,0.8632114400612217,20,440,2,2006,3.3369421557105934,random,0.05,0.05,0.05,ok,0.12824,3332,0.23886188042503326,0.0021974821896347486,0.24193282150118198,0.03363977418381257,0.001993532445019456,0.01246465841193043,15.4,0.561608703027078,0.8993740068006446,0.0008899169988580979,0.47756811133149313,0.4784580283303512,0.04409424888472278,0.00019321547282154694,0.01382231636765397,0.0001646279645934127,0.001420195491552854,-0.00044139351758758303,-3.5259841507154624e-05,6846.0,3.2597961832135627,0.4784580283303512,1,0.23784278375232737,0.03211613792578671,0.009630314387307402,15,-0.1937485348676046,-0.1978385726164592,-0.1947676315403105,-0.019817457816158596,-0.018293821558132736,-0.011044462920377578,1.8797343832627091,1.883237145573073,0.11773580004287687,0.007536470072138317,0.00031832074775627875,2143,120.0
A,leiden,0.8,10,2,maxdeg_cap85,10000,64016,12.8032,117,0.8630967258185454,20,483,2,1378,3.269401149914381,lspar,0.5,0.49238,0.52832,ok,0.13456,31520,0.24417067659829916,0.0031901953252780656,0.24785342803440133,0.034744468819616355,0.0031455649587186136,0.011622683663643382,15.6,0.48952547908110233,0.8702301104000071,0.3416816029930487,0.4862243853349355,0.8279059883279842,0.20633920775870918,0.000796007044732687,0.058942081627470354,0.0026106154271909134,0.02557670692836247,-0.00026958141100349336,-3.826409973296186e-05,28.0,0.44806268317562975,0.8279059883279842,1,0.2382773627836949,0.03342335344167727,0.009285830272521257,19,-0.03193815502498573,-0.041514220275692154,-0.03783146883958999,0.024197612807854,0.025518728185793087,0.01395402326471909,1.0511218938728775,1.789770601078655,0.2382773627836949,0.03342335344167727,0.009285830272521257,19,1.0
A,leiden,0.8,10,2,maxdeg_cap85,10000,64016,12.8032,117,0.8630967258185454,20,483,2,1378,3.269401149914381,lspar,0.2,0.13456,0.0,ok,0.13456,8614,0.24417067659829916,0.0031901953252780656,0.24785342803440133,0.034744468819616355,0.0031455649587186136,0.011622683663643382,15.6,0.48952547908110233,0.8702301104000071,0.2552889129947289,0.24629487966982802,0.5015837926645569,0.13701903640215937,4.217072569554979e-05,0.0546070251341794,6.006669280724902e-05,0.008367198355612145,-0.0007587833861860881,-5.233914962034043e-05,1402.0,1.6850770455683106,0.5015837926645569,1,0.2382773627836949,0.03342335344167727,0.009285830272521257,19,-0.10125832638153553,-0.11083439163224196,-0.10715164019613979,0.019862556314563046,0.021183671692502133,-0.0032554853080312366,1.7349645724737144,3.533285432350843,0.13531215492353488,0.01237534263863162,0.0006668470355377118,1514,60.0
A,leiden,0.8,10,2,maxdeg_cap85,10000,64016,12.8032,117,0.8630967258185454,20,483,2,1378,3.269401149914381,lspar,0.15,0.13456,0.0,ok,0.13456,8614,0.24417067659829916,0.0031901953252780656,0.24785342803440133,0.034744468819616355,0.0031455649587186136,0.011622683663643382,15.6,0.48952547908110233,0.8702301104000071,0.25405965199752245,0.24532844966597622,0.4993881016634987,0.13701903640215937,4.217072569554979e-05,0.0546070251341794,6.006669280724902e-05,0.008367198355612145,-0.0011680332250533763,-0.00010396682144562664,1402.0,1.6850770455683106,0.4993881016634987,1,0.2382773627836949,0.03342335344167727,0.009285830272521257,19,-0.10125832638153553,-0.11083439163224196,-0.10715164019613979,0.019862556314563046,0.021183671692502133,-0.0032554853080312366,1.7425928000711397,3.547204213717804,0.13531215492353488,0.01237534263863162,0.0006668470355377118,1514,60.0
A,leiden,0.3,100,3,scaled_maxk5,10000,637774,127.5548,89,0.43403619463948045,29,483,38,536,0.6505036174615627,lspar,0.5,0.49935,0.808594,ok,0.01492,318470,0.5319217011447324,0.00040284620820546074,0.5326010269113571,0.9464118765858858,0.003105470361862546,0.8797010922323881,52.6,0.5826288787837745,2.4425876611989223,2.9106111469955067,0.9993529653341587,3.9099641123296656,0.5323534559922433,2.7158990393972064e-05,0.980387645433442,0.0006978509171503017,0.9699634958356373,-5.597861509662923e-06,-5.4793881286219614e-05,73.33333333333333,0.7510421834097687,3.9099641123296656,1,0.5326010269113571,0.9517723583655977,0.9008399073619897,54,-0.00024757091911387086,-0.00024757091911387086,0.0004317548475109012,0.033975768847556265,0.02861528706784433,0.09026240360324922,0.6247084604936592,2.444169123350909,0.5324730442630752,0.9840659415657487,0.9784636441129289,74,1.5
A,leiden,0.8,10,2,maxdeg_cap85,10000,64016,12.8032,117,0.8630967258185454,20,483,2,1378,3.269401149914381,lspar,0.05,0.13456,0.0,floor,0.13456,8614,0.24417067659829916,0.0031901953252780656,0.24785342803440133,0.034744468819616355,0.0031455649587186136,0.011622683663643382,15.6,0.48952547908110233,0.8702301104000071,0.11590941000031307,0.24585529900165662,0.36176470900196966,0.13701903640215937,4.217072569554979e-05,0.0546070251341794,6.006669280724902e-05,0.008367198355612145,0.0011012276525617687,0.00011116528869443459,1402.0,1.6850770455683106,0.36176470900196966,1,0.2382773627836949,0.03342335344167727,0.009285830272521257,19,-0.10125832638153553,-0.11083439163224196,-0.10715164019613979,0.019862556314563046,0.021183671692502133,-0.0032554853080312366,2.405514105565419,3.5396028230172223,0.13531215492353488,0.01237534263863162,0.0006668470355377118,1514,60.0
A,leiden,0.3,100,3,scaled_maxk5,10000,637774,127.5548,89,0.43403619463948045,29,483,38,536,0.6505036174615627,lspar,0.2,0.20216,0.5625,ok,0.01492,128935,0.5319217011447324,0.00040284620820546074,0.5326010269113571,0.9464118765858858,0.003105470361862546,0.8797010922323881,52.6,0.5826288787837745,2.4425876611989223,2.1892336099990644,0.42934186033380684,2.618575470332871,0.5322956135261762,9.461969070753994e-06,0.9929521550859767,0.00030854080854445345,0.9884630468202902,0.0005495526504490948,0.0002180549398714105,85.0,0.8658680756383222,2.618575470332871,1,0.5326010269113571,0.9517723583655977,0.9008399073619897,54,-0.00030541338518097483,-0.00030541338518097483,0.00037391238144379724,0.046540278500090904,0.04117979672037897,0.10876195458790205,0.9327925388716876,5.689143982605953,0.5323667183439792,0.9944027992319588,0.9947734980153267,83,2.0
A,leiden,0.8,10,2,maxdeg_cap85,10000,64016,12.8032,117,0.8630967258185454,20,483,2,1378,3.269401149914381,dspar,0.5,0.50072,0.5,ok,0.13456,32054,0.24417067659829916,0.0031901953252780656,0.24785342803440133,0.034744468819616355,0.0031455649587186136,0.011622683663643382,15.6,0.48952547908110233,0.8702301104000071,0.009742087000631727,0.5576219286667765,0.5673640156674082,0.19051979606557368,0.0006071841608335069,0.015038856661557362,0.0004006781748185012,0.0026199158274158203,-5.4943180570483485e-06,-0.00013774772853119598,30.666666666666668,0.7771603388722066,0.5673640156674082,1,0.2382773627836949,0.03342335344167727,0.009285830272521257,19,-0.04775756671812123,-0.05733363196882765,-0.05365088053272549,-0.019705612158058994,-0.018384496780119906,-0.009002767836227561,1.5338126606008453,1.560609555798224,0.2382773627836949,0.03342335344167727,0.009285830272521257,19,1.0
A,leiden,0.3,100,3,scaled_maxk5,10000,637774,127.5548,89,0.43403619463948045,29,483,38,536,0.6505036174615627,lspar,0.15,0.14554,0.484375,ok,0.01492,92820,0.5319217011447324,0.00040284620820546074,0.5326010269113571,0.9464118765858858,0.003105470361862546,0.8797010922323881,52.6,0.5826288787837745,2.4425876611989223,2.137360231994535,0.36024421500284615,2.497604446997381,0.5323198541135958,4.381393390639476e-06,0.9948842287511929,0.00012287187763510588,0.9934438365915055,-0.0010365622389165014,-0.000274132049364518,86.0,0.8682122914225822,2.497604446997381,1,0.5326010269113571,0.9517723583655977,0.9008399073619897,54,-0.00028117279776129767,-0.00028117279776129767,0.0003981529688634744,0.0484723521653071,0.043111870385595163,0.11374274435911735,0.9779721781547116,6.780366094649499,0.5323122156723306,0.9985930976456353,0.999144688519933,88,3.0
A,leiden,0.8,10,2,maxdeg_cap85,10000,64016,12.8032,117,0.8630967258185454,20,483,2,1378,3.269401149914381,dspar,0.2,0.20101,0.2,ok,0.13456,12868,0.24417067659829916,0.0031901953252780656,0.24785342803440133,0.034744468819616355,0.0031455649587186136,0.011622683663643382,15.6,0.48952547908110233,0.8702301104000071,0.009462396003073081,0.3856773373336182,0.3951397333366913,0.13559907711832955,0.0006496514331311765,0.018418373459884188,0.0006309848217225337,0.003173896170004026,4.881178714794852e-05,5.637508859878499e-06,1411.0,4.575791255037523,0.3951397333366913,1,0.2382773627836949,0.03342335344167727,0.009285830272521257,19,-0.10267828566536535,-0.11225435091607178,-0.10857159947996961,-0.016326095359732166,-0.015004979981793079,-0.008448787493639356,2.2023351158626716,2.256368280325586,0.13531215492353488,0.01237534263863162,0.0006668470355377118,1514,60.0
A,leiden,0.3,100,3,scaled_maxk5,10000,637774,127.5548,89,0.43403619463948045,29,483,38,536,0.6505036174615627,lspar,0.05,0.05448,0.25,ok,0.01492,34745,0.5319217011447324,0.00040284620820546074,0.5326010269113571,0.9464118765858858,0.003105470361862546,0.8797010922323881,52.6,0.5826288787837745,2.4425876611989223,2.0217666319949785,0.23949975533226583,2.2612663873272445,0.5322773671050735,2.6679674942242466e-06,0.9949234573978538,9.213199292749584e-05,0.9949024212908201,-0.0011497529905359703,-0.0003349993775982451,87.0,0.8767294881804567,2.2612663873272445,1,0.5326010269113571,0.9517723583655977,0.9008399073619897,54,-0.00032365980628368263,-0.00032365980628368263,0.00035566596034108944,0.04851158081196805,0.04315109903225611,0.11520132905843194,1.0801857202175966,10.19870629015984,0.5323122156723306,0.9985930976456353,0.999144688519933,88,3.0
A,leiden,0.8,10,2,maxdeg_cap85,10000,64016,12.8032,117,0.8630967258185454,20,483,2,1378,3.269401149914381,dspar,0.15,0.14984,0.15,ok,0.13456,9592,0.24417067659829916,0.0031901953252780656,0.24785342803440133,0.034744468819616355,0.0031455649587186136,0.011622683663643382,15.6,0.48952547908110233,0.8702301104000071,0.009873737995803822,0.39274866466682096,0.4026224026626248,0.11505200102911556,0.00027345881040749087,0.016866250035993693,0.0011476613074537583,0.002992907531189253,3.747621285222526e-05,3.608511836379334e-05,2518.0,4.895548044833416,0.4026224026626248,1,0.2382773627836949,0.03342335344167727,0.009285830272521257,19,-0.12322536175457935,-0.13280142700528577,-0.1291186755691836,-0.01787821878362266,-0.016557103405683574,-0.008629776132454128,2.161405089843477,2.2157430150354456,0.12300802162638011,0.008719862619712263,0.00043012526408848535,2131,120.0
A,leiden,0.8,10,2,maxdeg_cap85,10000,64016,12.8032,117,0.8630967258185454,20,483,2,1378,3.269401149914381,dspar,0.05,0.05019,0.05,ok,0.13456,3213,0.24417067659829916,0.0031901953252780656,0.24785342803440133,0.034744468819616355,0.0031455649587186136,0.011622683663643382,15.6,0.48952547908110233,0.8702301104000071,0.00924436999775935,0.4758261120005045,0.48507048199826386,0.04654004794943068,2.6603436888640102e-05,0.01321645865485515,3.1322994412898816e-05,0.0012118227725492349,0.00019138603925716746,2.2995600055683055e-05,6835.666666666667,2.686877633679859,0.48507048199826386,1,0.2382773627836949,0.03342335344167727,0.009285830272521257,19,-0.19173731483426423,-0.20131338008497066,-0.1976306286488685,-0.021528010164761205,-0.020206894786822117,-0.010410860891094147,1.7940281725968263,1.8288826284486976,0.12300802162638011,0.008719862619712263,0.00043012526408848535,2131,120.0
A,leiden,0.8,10,2,maxdeg_cap85,10000,64016,12.8032,117,0.8630967258185454,20,483,2,1378,3.269401149914381,random,0.5,0.5,0.5,ok,0.13456,32008,0.24417067659829916,0.0031901953252780656,0.24785342803440133,0.034744468819616355,0.0031455649587186136,0.011622683663643382,15.6,0.48952547908110233,0.8702301104000071,0.001104804003261961,0.526105255667062,0.527210059670324,0.18275231814807302,0.0007423168670408389,0.02308752496623488,0.0022192570194483454,0.005212679709972429,-0.000344751668546853,-0.0001354428274055854,230.33333333333334,2.780697688927892,0.527210059670324,1,0.2382773627836949,0.03342335344167727,0.009285830272521257,19,-0.055525044635621884,-0.0651011098863283,-0.06141835845022614,-0.011656943853381476,-0.010335828475442389,-0.006410003953670952,1.650632597838101,1.654098872851252,0.18507790407043934,0.033895505051719836,0.004678796907577015,244,5.0
A,leiden,0.3,100,3,scaled_maxk5,10000,637774,127.5548,89,0.43403619463948045,29,483,38,536,0.6505036174615627,dspar,0.5,0.49942,0.5,ok,0.01492,318520,0.5319217011447324,0.00040284620820546074,0.5326010269113571,0.9464118765858858,0.003105470361862546,0.8797010922323881,52.6,0.5826288787837745,2.4425876611989223,0.19374678500025766,1.5491503776696238,1.7428971626698815,0.5324755289516209,6.533430850004813e-05,0.9735666403784303,0.0018358856686996555,0.9557847110002058,0.0002988265873437803,-8.967501389921065e-05,66.66666666666667,0.6799275869045923,1.7428971626698815,1,0.5326010269113571,0.9517723583655977,0.9008399073619897,54,-0.00012549795973626487,-0.00012549795973626487,0.0005538278068885072,0.027154763792544556,0.021794282012832622,0.07608361876781766,1.4014525432224643,1.5767272799386267,0.5324730442630752,0.9840659415657487,0.9784636441129289,74,1.5
A,leiden,0.3,100,3,scaled_maxk5,10000,637774,127.5548,89,0.43403619463948045,29,483,38,536,0.6505036174615627,dspar,0.2,0.19973,0.2,ok,0.01492,127382,0.5319217011447324,0.00040284620820546074,0.5326010269113571,0.9464118765858858,0.003105470361862546,0.8797010922323881,52.6,0.5826288787837745,2.4425876611989223,0.1659904859989183,0.923789153333928,1.0897796393328463,0.5317572857496166,4.768853777587133e-05,0.9531929053930347,0.0014991436883329714,0.9129046480343118,-6.061963923189908e-05,-0.0002849940912344832,56.666666666666664,0.5890684195870088,1.0897796393328463,1,0.5326010269113571,0.9517723583655977,0.9008399073619897,54,-0.0008437411617405743,-0.0008437411617405743,-0.00016441539511580228,0.0067810288071489255,0.0014205470274369913,0.03320355580192369,2.2413592372621802,2.6440964936465154,0.5326010269113571,0.9517723583655977,0.9008399073619897,54,1.0
A,leiden,0.3,100,3,scaled_maxk5,10000,637774,127.5548,89,0.43403619463948045,29,483,38,536,0.6505036174615627,dspar,0.15,0.14972,0.15,ok,0.01492,95489,0.5319217011447324,0.00040284620820546074,0.5326010269113571,0.9464118765858858,0.003105470361862546,0.8797010922323881,52.6,0.5826288787837745,2.4425876611989223,0.20030231100099627,0.8265883456648832,1.0268906566658793,0.5291281024891736,0.0005021623391562957,0.9340059744826864,0.0067180942845673835,0.87311301608355,0.00019314140964675125,-0.0001501433148553021,51.666666666666664,0.5595435973906855,1.0268906566658793,1,0.5326010269113571,0.9517723583655977,0.9008399073619897,54,-0.0034729244221834987,-0.0034729244221834987,-0.0027935986555587267,-0.012405902103199362,-0.017766383882911296,-0.006588076148838162,2.378624876313068,2.9550231067366153,0.5326010269113571,0.9517723583655977,0.9008399073619897,54,1.0
A,leiden,0.3,100,3,scaled_maxk5,10000,637774,127.5548,89,0.43403619463948045,29,483,38,536,0.6505036174615627,dspar,0.05,0.0498,0.05,ok,0.01492,31763,0.5319217011447324,0.00040284620820546074,0.5326010269113571,0.9464118765858858,0.003105470361862546,0.8797010922323881,52.6,0.5826288787837745,2.4425876611989223,0.17370959199615754,0.6411587656693882,0.8148683576655458,0.23716589374602348,0.013575977217440763,0.35322935500374913,0.01934306621113382,0.1977415917957651,8.376719274381373e-05,-5.224686365396839e-05,60.0,1.6263537133061983,0.8148683576655458,1,0.5326010269113571,0.9517723583655977,0.9008399073619897,54,-0.29543513316533365,-0.29543513316533365,-0.2947558073987089,-0.5931825215821367,-0.5985430033618486,-0.681959500436623,2.9975242482067967,3.8096455854405895,0.5326010269113571,0.9517723583655977,0.9008399073619897,54,1.0
A,leiden,0.3,100,3,scaled_maxk5,10000,637774,127.5548,89,0.43403619463948045,29,483,38,536,0.6505036174615627,random,0.5,0.5,0.5,ok,0.01492,318887,0.5319217011447324,0.00040284620820546074,0.5326010269113571,0.9464118765858858,0.003105470361862546,0.8797010922323881,52.6,0.5826288787837745,2.4425876611989223,0.01190162399871042,1.5769681006665148,1.5888697246652252,0.530759438192216,0.00198504066494655,0.9363394326661417,0.004343057068752905,0.8539183530985177,0.0006952487172364363,-0.00010542672740855028,50.0,0.5803746619452642,1.5888697246652252,1,0.5326010269113571,0.9517723583655977,0.9008399073619897,54,-0.0018415887191410851,-0.0018415887191410851,-0.001162262952516313,-0.010072443919744045,-0.01543292569945598,-0.025782739133870414,1.5373114757495776,1.5489138050202462,0.5326010269113571,0.9517723583655977,0.9008399073619897,54,1.0
A,leiden,0.3,100,3,scaled_maxk5,10000,637774,127.5548,89,0.43403619463948045,29,483,38,536,0.6505036174615627,random,0.2,0.2,0.2,ok,0.01492,127555,0.5319217011447324,0.00040284620820546074,0.5326010269113571,0.9464118765858858,0.003105470361862546,0.8797010922323881,52.6,0.5826288787837745,2.4425876611989223,0.009625057995435782,0.9257812806657361,0.9354063386611718,0.5216335652695093,0.0005149054695087823,0.86508197687973,0.004156256550012757,0.7452339185981437,0.00047669014026067844,-4.2210316536300254e-05,40.333333333333336,0.5529715996260055,0.9354063386611718,1,0.5326010269113571,0.9517723583655977,0.9008399073619897,54,-0.010967461641847809,-0.010967461641847809,-0.010288135875223037,-0.08132989970615578,-0.08669038148586772,-0.13446717363424443,2.6112584020918104,2.638406837781857,0.5283121770602176,0.8566971833617631,0.4908563378957191,32,0.75
A,leiden,0.3,100,3,scaled_maxk5,10000,637774,127.5548,89,0.43403619463948045,29,483,38,536,0.6505036174615627,random,0.15,0.15,0.15,ok,0.01492,95666,0.5319217011447324,0.00040284620820546074,0.5326010269113571,0.9464118765858858,0.003105470361862546,0.8797010922323881,52.6,0.5826288787837745,2.4425876611989223,0.011069768006564118,0.8198558893321509,0.830925657338715,0.5067074195489881,0.0012074336397896593,0.7944486858640923,0.00434050148425188,0.6580174546261811,-0.0007573687143139506,-2.2752722757853266e-05,36.0,0.5954457120544895,0.830925657338715,1,0.5326010269113571,0.9517723583655977,0.9008399073619897,54,-0.02589360736236901,-0.02589360736236901,-0.025214281595744237,-0.15196319072179343,-0.15732367250150536,-0.22168363760620702,2.93959831379143,2.9792890347944416,0.5283121770602176,0.8566971833617631,0.4908563378957191,32,0.75
A,leiden,0.5,10,1,maxdeg_cap85,10000,56230,11.246,102,0.5786412946825538,20,491,1,777,2.285036716667531,lspar,0.5,0.48949,0.5,ok,0.15444,27524,0.4152247175346776,0.00022906813577887127,0.4155514064415386,0.5578453028268857,0.009061545315090493,0.4715122501737251,31.4,0.4506595187911072,0.6139469173984253,0.27361490000475897,0.402547988667114,0.6761628886718729,0.38762592314259536,0.0005140807864205428,0.5064329358243153,0.005321571932977258,0.4451458697665167,0.0002218893992048789,-1.5143158618526368e-05,39.333333333333336,0.44137627408063795,0.6761628886718729,1,0.4152870397549458,0.5490116442917946,0.45863273835779206,31,-0.027661116612350434,-0.027925483298943232,-0.027598794392082238,-0.05141236700257046,-0.042578708467479354,-0.0263663804072084,0.9079867110192147,1.5251521177171428,0.4152870397549458,0.5490116442917946,0.45863273835779206,31,1.0
A,leiden,0.3,100,3,scaled_maxk5,10000,637774,127.5548,89,0.43403619463948045,29,483,38,536,0.6505036174615627,random,0.05,0.05,0.05,ok,0.01492,31889,0.5319217011447324,0.00040284620820546074,0.5326010269113571,0.9464118765858858,0.003105470361862546,0.8797010922323881,52.6,0.5826288787837745,2.4425876611989223,0.009278388999518938,0.5397479903355512,0.5490263793350701,0.34698209239235034,0.008004767446515324,0.41368883895121716,0.011096986228571833,0.3251012431174181,-0.00031969400249061663,-0.00017004961605233534,174.33333333333334,3.0898072564329944,0.5490263793350701,1,0.5326010269113571,0.9517723583655977,0.9008399073619897,54,-0.1856189345190068,-0.1856189345190068,-0.18493960875238202,-0.5327230376346686,-0.5380835194143805,-0.55459984911497,4.4489440819895725,4.525422428493734,0.5114038491918604,0.9917420270644485,0.9640429320407539,101,8.0
A,leiden,0.5,10,1,maxdeg_cap85,10000,56230,11.246,102,0.5786412946825538,20,491,1,777,2.285036716667531,lspar,0.2,0.15444,0.0,ok,0.15444,8684,0.4152247175346776,0.00022906813577887127,0.4155514064415386,0.5578453028268857,0.009061545315090493,0.4715122501737251,31.4,0.4506595187911072,0.6139469173984253,0.20298847400408704,0.25324921500092995,0.456237689005017,0.189774350341854,5.9250451635273535e-05,0.313571596517036,6.712094392809904e-05,0.07146400447193144,0.0009498319011632859,6.222053191799501e-05,1322.0,1.8054820333380037,0.456237689005017,1,0.4152870397549458,0.5490116442917946,0.45863273835779206,31,-0.2255126894130918,-0.2257770560996846,-0.2254503671928236,-0.24427370630984974,-0.23544004777475863,-0.40004824570179365,1.3456733895381319,2.424279646419322,0.1735720367894007,0.16749075763148685,0.01595923638307157,1360,60.0
A,leiden,0.5,10,1,maxdeg_cap85,10000,56230,11.246,102,0.5786412946825538,20,491,1,777,2.285036716667531,lspar,0.15,0.15444,0.0,floor,0.15444,8684,0.4152247175346776,0.00022906813577887127,0.4155514064415386,0.5578453028268857,0.009061545315090493,0.4715122501737251,31.4,0.4506595187911072,0.6139469173984253,0.06980287700571353,0.2592149163344099,0.32901779334012343,0.189774350341854,5.9250451635273535e-05,0.313571596517036,6.712094392809904e-05,0.07146400447193144,-0.00022876331816258904,-0.00013950414007566744,1322.0,1.8054820333380037,0.32901779334012343,1,0.4152870397549458,0.5490116442917946,0.45863273835779206,31,-0.2255126894130918,-0.2257770560996846,-0.2254503671928236,-0.24427370630984974,-0.23544004777475863,-0.40004824570179365,1.8659991338637278,2.3684860658496216,0.1735720367894007,0.16749075763148685,0.01595923638307157,1360,60.0
A,leiden,0.5,10,1,maxdeg_cap85,10000,56230,11.246,102,0.5786412946825538,20,491,1,777,2.285036716667531,lspar,0.05,0.15444,0.0,floor,0.15444,8684,0.4152247175346776,0.00022906813577887127,0.4155514064415386,0.5578453028268857,0.009061545315090493,0.4715122501737251,31.4,0.4506595187911072,0.6139469173984253,0.06961390700598713,0.25599874166800873,0.32561264867399586,0.189774350341854,5.9250451635273535e-05,0.313571596517036,6.712094392809904e-05,0.07146400447193144,-0.0006468918802886631,-7.866734448273907e-05,1322.0,1.8054820333380037,0.32561264867399586,1,0.4152870397549458,0.5490116442917946,0.45863273835779206,31,-0.2255126894130918,-0.2257770560996846,-0.2254503671928236,-0.24427370630984974,-0.23544004777475863,-0.40004824570179365,1.8855131085927512,2.3982419343084924,0.1735720367894007,0.16749075763148685,0.01595923638307157,1360,60.0
A,leiden,0.5,10,1,maxdeg_cap85,10000,56230,11.246,102,0.5786412946825538,20,491,1,777,2.285036716667531,dspar,0.5,0.5006,0.5,ok,0.15444,28149,0.4152247175346776,0.00022906813577887127,0.4155514064415386,0.5578453028268857,0.009061545315090493,0.4715122501737251,31.4,0.4506595187911072,0.6139469173984253,0.0086727410016465,0.5146965730018564,0.523369314003503,0.27767193266453755,0.007236307263447179,0.16521327016823464,0.009749105339456499,0.08443422736643819,3.779396939094275e-05,-5.077352078215715e-05,54.333333333333336,1.2505966840880263,0.523369314003503,1,0.4152870397549458,0.5490116442917946,0.45863273835779206,31,-0.13761510709040825,-0.13787947377700105,-0.13755278487014005,-0.3926320326586511,-0.38379837412356,-0.3870780228072869,1.1730663242406225,1.1928327282571802,0.41654539789498624,0.6400026673617856,0.6098568025910395,49,1.5
A,leiden,0.5,10,1,maxdeg_cap85,10000,56230,11.246,102,0.5786412946825538,20,491,1,777,2.285036716667531,dspar,0.2,0.20012,0.2,ok,0.15444,11253,0.4152247175346776,0.00022906813577887127,0.4155514064415386,0.5578453028268857,0.009061545315090493,0.4715122501737251,31.4,0.4506595187911072,0.6139469173984253,0.008582483002101071,0.3747967606662617,0.3833792436683628,0.160393867549853,0.0011257933050855015,0.0909499196499804,0.002182654303195468,0.02180657695562178,-0.0005420961496662306,-0.00011665038800452977,1652.3333333333333,4.549127720408329,0.3833792436683628,1,0.4152870397549458,0.5490116442917946,0.45863273835779206,31,-0.2548931722050928,-0.2551575388916856,-0.25483084998482464,-0.4668953831769053,-0.4580617246418142,-0.44970567321810334,1.601408859603031,1.6380795722648072,0.1735720367894007,0.16749075763148685,0.01595923638307157,1360,60.0
A,leiden,0.5,10,1,maxdeg_cap85,10000,56230,11.246,102,0.5786412946825538,20,491,1,777,2.285036716667531,dspar,0.15,0.15031,0.15,ok,0.15444,8452,0.4152247175346776,0.00022906813577887127,0.4155514064415386,0.5578453028268857,0.009061545315090493,0.4715122501737251,31.4,0.4506595187911072,0.6139469173984253,0.008455508999759331,0.4047174950004167,0.41317300400017604,0.13295285008800614,0.0005381992586829601,0.08681052249557658,0.0013442755021142998,0.017577767937486874,-0.0004404457543426288,-0.00010382661084487844,2819.0,4.657914187520128,0.41317300400017604,1,0.4152870397549458,0.5490116442917946,0.45863273835779206,31,-0.2823341896669397,-0.2825985563535325,-0.28227186744667143,-0.47103478033130913,-0.46220112179621803,-0.4539344822362382,1.4859318286878291,1.51697647119948,0.1501629720088725,0.1283105302523787,0.008152309500583111,2016,120.0
A,leiden,0.5,10,1,maxdeg_cap85,10000,56230,11.246,102,0.5786412946825538,20,491,1,777,2.285036716667531,dspar,0.05,0.04964,0.05,ok,0.15444,2791,0.4152247175346776,0.00022906813577887127,0.4155514064415386,0.5578453028268857,0.009061545315090493,0.4715122501737251,31.4,0.4506595187911072,0.6139469173984253,0.008665440996992402,0.4832360553336912,0.4919014963306836,0.04908935071184444,3.7871737427671285e-05,0.0595031290352843,2.9504627023516205e-05,0.0051922021856852735,-2.649895425413341e-05,-1.445587244756684e-05,7217.0,1.836942574547545,0.4919014963306836,1,0.4152870397549458,0.5490116442917946,0.45863273835779206,31,-0.36619768904310135,-0.36646205572969415,-0.36613536682283315,-0.4983421737916014,-0.4895085152565103,-0.46632004798803983,1.248109473091938,1.2704907066060578,0.1501629720088725,0.1283105302523787,0.008152309500583111,2016,120.0
A,leiden,0.5,10,1,maxdeg_cap85,10000,56230,11.246,102,0.5786412946825538,20,491,1,777,2.285036716667531,random,0.5,0.5,0.5,ok,0.15444,28115,0.4152247175346776,0.00022906813577887127,0.4155514064415386,0.5578453028268857,0.009061545315090493,0.4715122501737251,31.4,0.4506595187911072,0.6139469173984253,0.0009497220016783103,0.4612403656647075,0.4621900876663858,0.3175408176429441,0.0017132772008611678,0.2654468176363401,0.0042204319307785525,0.19256107077053733,-0.00013365726869933616,-9.333899447222699e-05,266.6666666666667,3.058774825650818,0.4621900876663858,1,0.4152870397549458,0.5490116442917946,0.45863273835779206,31,-0.09774622211200168,-0.09801058879859448,-0.09768389989173348,-0.2923984851905456,-0.2835648266554545,-0.2789511794031878,1.3283428913377722,1.3310780302449197,0.3118212018491038,0.48183903741044964,0.28318202524468955,237,8.0
A,leiden,0.5,10,1,maxdeg_cap85,10000,56230,11.246,102,0.5786412946825538,20,491,1,777,2.285036716667531,random,0.2,0.2,0.2,ok,0.15444,11246,0.4152247175346776,0.00022906813577887127,0.4155514064415386,0.5578453028268857,0.009061545315090493,0.4715122501737251,31.4,0.4506595187911072,0.6139469173984253,0.0008023900008993223,0.41574157000286505,0.41654396000376437,0.16774432620602472,0.003552704406535881,0.12530263636736652,0.0032584034560725846,0.050012182014929296,0.00037075477531375514,-7.59257958861003e-06,2442.6666666666665,5.813970698249835,0.41654396000376437,1,0.4152870397549458,0.5490116442917946,0.45863273835779206,31,-0.24754271354892107,-0.24780708023551387,-0.24748039132865288,-0.4325426664595192,-0.4237090079244281,-0.4215000681587958,1.4739066613590484,1.476751332310104,0.1501629720088725,0.1283105302523787,0.008152309500583111,2016,120.0
A,leiden,0.5,10,1,maxdeg_cap85,10000,56230,11.246,102,0.5786412946825538,20,491,1,777,2.285036716667531,random,0.15,0.14999,0.15,ok,0.15444,8434,0.4152247175346776,0.00022906813577887127,0.4155514064415386,0.5578453028268857,0.009061545315090493,0.4715122501737251,31.4,0.4506595187911072,0.6139469173984253,0.000740256997232791,0.4118774496673723,0.41261770666460507,0.1320546365451792,0.0010531065079473836,0.10838025502758851,0.0013338937557966742,0.030490178442153775,-0.0011774145050220445,-9.719919895083396e-05,3507.0,5.272896622558964,0.41261770666460507,1,0.4152870397549458,0.5490116442917946,0.45863273835779206,31,-0.2832324032097666,-0.2834967698963594,-0.28317008098949836,-0.4494650477992972,-0.4406313892642061,-0.4410220717315713,1.4879315828718664,1.4906058049408681,0.1501629720088725,0.1283105302523787,0.008152309500583111,2016,120.0
A,leiden,0.5,10,1,maxdeg_cap85,10000,56230,11.246,102,0.5786412946825538,20,491,1,777,2.285036716667531,random,0.05,0.05001,0.05,ok,0.15444,2812,0.4152247175346776,0.00022906813577887127,0.4155514064415386,0.5578453028268857,0.009061545315090493,0.4715122501737251,31.4,0.4506595187911072,0.6139469173984253,0.0007236120000015944,0.5061114316704334,0.506835043670435,0.049077711661349506,1.4895892627049391e-05,0.06156516213811116,0.00040125709419007395,0.006541318204872735,2.4572303409145296e-05,1.2956189099840151e-05,7234.0,2.479764779693019,0.506835043670435,1,0.4152870397549458,0.5490116442917946,0.45863273835779206,31,-0.3662093280935963,-0.3664736947801891,-0.3661470058733281,-0.4962801406887746,-0.48744648215368347,-0.46497093196885236,1.211334782520758,1.213066686464833,0.1501629720088725,0.1283105302523787,0.008152309500583111,2016,120.0
A,leiden,0.5,10,2,maxdeg_cap85,10000,56452,11.2904,108,0.578456033444342,20,463,1,840,2.3735236168860085,lspar,0.5,0.49185,0.5,ok,0.15383,27766,0.4198297694044831,0.0006463868104921738,0.4209428613760673,0.5337522752482236,0.01069659011118763,0.45046934620078777,31.8,0.43777582524645,0.5979021927996655,0.2786532760001137,0.39579527499881806,0.6744485509989318,0.39298712958420695,0.0007255785832747493,0.4807685527681436,0.0024631330162633684,0.4196191588160237,-0.00020373901795871325,8.943430864384294e-05,43.666666666666664,0.5821299397620093,0.6744485509989318,1,0.42012640461975753,0.5368954875058555,0.4553307300963728,32,-0.02713927503555058,-0.02795573179186034,-0.026842639820276126,-0.05298372248007993,-0.05612693473771185,-0.030850187384764083,0.8865052670275698,1.5106349938145447,0.41967479431549565,0.6158512561081361,0.5888945774488538,50,1.5
A,leiden,0.5,10,2,maxdeg_cap85,10000,56452,11.2904,108,0.578456033444342,20,463,1,840,2.3735236168860085,lspar,0.2,0.15383,0.0,ok,0.15383,8684,0.4198297694044831,0.0006463868104921738,0.4209428613760673,0.5337522752482236,0.01069659011118763,0.45046934620078777,31.8,0.43777582524645,0.5979021927996655,0.20339593399694422,0.2559633789981793,0.4593593129951235,0.18319757890121457,2.6584978920642943e-05,0.3018494513889354,3.7243637420450965e-05,0.06287974740333045,0.00031663320774527495,8.516369293172517e-05,1322.0,1.7025978682764815,0.4593593129951235,1,0.42012640461975753,0.5368954875058555,0.4553307300963728,32,-0.23692882571854296,-0.23774528247485271,-0.2366321905032685,-0.23190282385928818,-0.2350460361169201,-0.3875895987974573,1.3016002416522525,2.3358895914712803,0.17328886680428926,0.17453725285101188,0.01922521553968437,1340,60.0
A,leiden,0.5,10,2,maxdeg_cap85,10000,56452,11.2904,108,0.578456033444342,20,463,1,840,2.3735236168860085,lspar,0.15,0.15383,0.0,floor,0.15383,8684,0.4198297694044831,0.0006463868104921738,0.4209428613760673,0.5337522752482236,0.01069659011118763,0.45046934620078777,31.8,0.43777582524645,0.5979021927996655,0.06664014900161419,0.2560646319980151,0.3227047809996293,0.18319757890121457,2.6584978920642943e-05,0.3018494513889354,3.7243637420450965e-05,0.06287974740333045,-0.0006833231012690383,-2.123918615436858e-06,1322.0,1.7025978682764815,0.3227047809996293,1,0.42012640461975753,0.5368954875058555,0.4553307300963728,32,-0.23692882571854296,-0.23774528247485271,-0.2366321905032685,-0.23190282385928818,-0.2350460361169201,-0.3875895987974573,1.8527838073782747,2.3349659347109686,0.17328886680428926,0.17453725285101188,0.01922521553968437,1340,60.0
A,leiden,0.5,10,2,maxdeg_cap85,10000,56452,11.2904,108,0.578456033444342,20,463,1,840,2.3735236168860085,lspar,0.05,0.15383,0.0,floor,0.15383,8684,0.4198297694044831,0.0006463868104921738,0.4209428613760673,0.5337522752482236,0.01069659011118763,0.45046934620078777,31.8,0.43777582524645,0.5979021927996655,0.06604416500340449,0.25526664766706136,0.32131081267046585,0.18319757890121457,2.6584978920642943e-05,0.3018494513889354,3.7243637420450965e-05,0.06287974740333045,0.0003797618990660626,5.544022804133278e-05,1322.0,1.7025978682764815,0.32131081267046585,1,0.42012640461975753,0.5368954875058555,0.4553307300963728,32,-0.23692882571854296,-0.23774528247485271,-0.2366321905032685,-0.23190282385928818,-0.2350460361169201,-0.3875895987974573,1.8608218871640334,2.3422652283955876,0.17328886680428926,0.17453725285101188,0.01922521553968437,1340,60.0
A,leiden,0.5,10,2,maxdeg_cap85,10000,56452,11.2904,108,0.578456033444342,20,463,1,840,2.3735236168860085,dspar,0.5,0.50064,0.5,ok,0.15383,28262,0.4198297694044831,0.0006463868104921738,0.4209428613760673,0.5337522752482236,0.01069659011118763,0.45046934620078777,31.8,0.43777582524645,0.5979021927996655,0.008271379992947914,0.5341611726689734,0.5424325526619214,0.27876840615634246,0.0073873421453277835,0.1580966454612255,0.007396548911678023,0.08100914255185745,-0.00015941174552727103,-1.4463949132154007e-05,53.0,1.2559106710421826,0.5424325526619214,1,0.42012640461975753,0.5368954875058555,0.4553307300963728,32,-0.14135799846341507,-0.14217445521972483,-0.14106136324814061,-0.37565562978699807,-0.37879884204463,-0.3694602036489303,1.1022608983652136,1.1193291901247813,0.41967479431549565,0.6158512561081361,0.5888945774488538,50,1.5
A,leiden,0.5,10,2,maxdeg_cap85,10000,56452,11.2904,108,0.578456033444342,20,463,1,840,2.3735236168860085,dspar,0.2,0.20042,0.2,ok,0.15383,11314,0.4198297694044831,0.0006463868104921738,0.4209428613760673,0.5337522752482236,0.01069659011118763,0.45046934620078777,31.8,0.43777582524645,0.5979021927996655,0.008651406002172735,0.37659663566591917,0.3852480416680919,0.15980763711914922,0.0011070540612543181,0.0970114016187603,0.001501395774896148,0.025129574661628462,0.0011097758232514602,9.098422749444304e-05,1668.6666666666667,4.5401903511705175,0.3852480416680919,1,0.42012640461975753,0.5368954875058555,0.4553307300963728,32,-0.26031876750060834,-0.26113522425691804,-0.2600221322853339,-0.43674087362946323,-0.43988408588709516,-0.4253397715391593,1.5519928153581233,1.5876461342848205,0.17328886680428926,0.17453725285101188,0.01922521553968437,1340,60.0
A,leiden,0.5,10,2,maxdeg_cap85,10000,56452,11.2904,108,0.578456033444342,20,463,1,840,2.3735236168860085,dspar,0.15,0.15121,0.15,ok,0.15383,8536,0.4198297694044831,0.0006463868104921738,0.4209428613760673,0.5337522752482236,0.01069659011118763,0.45046934620078777,31.8,0.43777582524645,0.5979021927996655,0.008423593004408758,0.40379555233327363,0.4122191453376824,0.13151605018714116,0.00032482131567544166,0.09090421608128758,0.0011305399182043611,0.0174659426870221,-0.00044968764562896223,-1.9506798392427416e-05,2856.6666666666665,4.620022844228837,0.4122191453376824,1,0.42012640461975753,0.5368954875058555,0.4553307300963728,32,-0.2886103544326164,-0.2894268111889261,-0.28831371921734195,-0.442848059166936,-0.4459912714245679,-0.43300340351376565,1.450447412649587,1.4807052463673138,0.14774758587055922,0.12098236612269996,0.008239631924569198,2014,120.0
A,leiden,0.5,10,2,maxdeg_cap85,10000,56452,11.2904,108,0.578456033444342,20,463,1,840,2.3735236168860085,dspar,0.05,0.05024,0.05,ok,0.15383,2836,0.4198297694044831,0.0006463868104921738,0.4209428613760673,0.5337522752482236,0.01069659011118763,0.45046934620078777,31.8,0.43777582524645,0.5979021927996655,0.007615642003656831,0.4802446199998182,0.48786026200347504,0.04918318237287423,8.506526621748649e-05,0.05997255286928549,0.00016057422888138325,0.005433193591409304,-0.0011483275510644484,-7.054885353867969e-05,7179.333333333333,1.967568001738222,0.48786026200347504,1,0.42012640461975753,0.5368954875058555,0.4553307300963728,32,-0.3709432222468833,-0.37175967900319307,-0.37064658703160885,-0.47377972237893806,-0.47692293463657,-0.44503615260937845,1.2255603486627213,1.244995087711533,0.14774758587055922,0.12098236612269996,0.008239631924569198,2014,120.0
A,leiden,0.5,10,2,maxdeg_cap85,10000,56452,11.2904,108,0.578456033444342,20,463,1,840,2.3735236168860085,random,0.5,0.5,0.5,ok,0.15383,28226,0.4198297694044831,0.0006463868104921738,0.4209428613760673,0.5337522752482236,0.01069659011118763,0.45046934620078777,31.8,0.43777582524645,0.5979021927996655,0.0010221230040770024,0.4673644896659728,0.46838661267004983,0.3313377264498321,0.0011988006627548088,0.28065382806682515,0.002914214553361252,0.22354494945096162,-0.00034191287622103,-0.000163507158830548,300.0,3.2022833525147214,0.46838661267004983,1,0.42012640461975753,0.5368954875058555,0.4553307300963728,32,-0.08878867816992542,-0.08960513492623517,-0.08849204295465096,-0.2530984471813984,-0.2562416594390303,-0.22692439674982615,1.2765142654084598,1.2793059935447566,0.30410215849520084,0.5090983786593305,0.300068913141065,234,8.0
A,leiden,0.5,10,2,maxdeg_cap85,10000,56452,11.2904,108,0.578456033444342,20,463,1,840,2.3735236168860085,random,0.2,0.19999,0.2,ok,0.15383,11290,0.4198297694044831,0.0006463868104921738,0.4209428613760673,0.5337522752482236,0.01069659011118763,0.45046934620078777,31.8,0.43777582524645,0.5979021927996655,0.0007883220023359172,0.41041963300085627,0.4112079550031922,0.17545259491959173,0.0031074654942550802,0.13159593462691832,0.001511253799056511,0.07021000954127361,-0.0011559811242511234,-7.38095754931279e-05,2411.3333333333335,6.299939957536556,0.4112079550031922,1,0.42012640461975753,0.5368954875058555,0.4553307300963728,32,-0.2446738097001658,-0.24549026645647556,-0.24437717448489135,-0.40215634062130523,-0.40529955287893715,-0.38025933665951417,1.4540141685610728,1.4568069963612538,0.14774758587055922,0.12098236612269996,0.008239631924569198,2014,120.0
A,leiden,0.5,10,2,maxdeg_cap85,10000,56452,11.2904,108,0.578456033444342,20,463,1,840,2.3735236168860085,random,0.15,0.15,0.15,ok,0.15383,8468,0.4198297694044831,0.0006463868104921738,0.4209428613760673,0.5337522752482236,0.01069659011118763,0.45046934620078777,31.8,0.43777582524645,0.5979021927996655,0.0007542480016127229,0.4122986563331021,0.4130529043347148,0.1358854392280228,0.0010353751342299727,0.12062727218012509,0.0027057734960020618,0.04324798818773042,0.0002453105141263558,5.701410132309568e-05,3495.6666666666665,5.529915915491263,0.4130529043347148,1,0.42012640461975753,0.5368954875058555,0.4553307300963728,32,-0.2842409653917347,-0.2850574221480445,-0.28394433017646026,-0.41312500306809846,-0.4162682153257304,-0.40722135801305737,1.447519643428434,1.4501676966820178,0.14774758587055922,0.12098236612269996,0.008239631924569198,2014,120.0
A,leiden,0.5,10,2,maxdeg_cap85,10000,56452,11.2904,108,0.578456033444342,20,463,1,840,2.3735236168860085,random,0.05,0.05001,0.05,ok,0.15383,2823,0.4198297694044831,0.0006463868104921738,0.4209428613760673,0.5337522752482236,0.01069659011118763,0.45046934620078777,31.8,0.43777582524645,0.5979021927996655,0.0007478970001102425,0.5135479173331987,0.514295814333309,0.049539574651232654,0.00020995341760876352,0.06761498714869307,0.0005318289269143144,0.008969374250110762,-0.0010283541171055995,-9.392948936697437e-05,7245.333333333333,2.620071617633491,0.514295814333309,1,0.42012640461975753,0.5368954875058555,0.4553307300963728,32,-0.3705868299685249,-0.37140328672483464,-0.3702901947532504,-0.4661372880995305,-0.4692805003571624,-0.44149997195067703,1.1625647655226148,1.1642578474556178,0.14774758587055922,0.12098236612269996,0.008239631924569198,2014,120.0
A,leiden,0.5,10,3,maxdeg_cap85,10000,55059,11.0118,91,0.5784885304854792,20,492,0,764,2.321302125545389,lspar,0.5,0.49483,0.5,ok,0.15531,27245,0.41739403084007504,0.000456253496017482,0.41780704228405374,0.5831292858328555,0.009138445226803325,0.5145624233270993,35.2,0.5162502287257316,0.5783095000006142,0.2713916029970278,0.40163765033503296,0.6730292533320608,0.38955430232706467,0.00043679697030193996,0.5202584953109258,0.0022759289273753705,0.4750729121271082,-3.8511932421354074e-05,-9.63316183033501e-05,44.0,0.5248203848420373,0.6730292533320608,1,0.41780704228405374,0.5925606278637986,0.5312620397834782,37,-0.02825273995698907,-0.02825273995698907,-0.027839728513010364,-0.06287079052192968,-0.07230213255287277,-0.03948951119999111,0.8592635418705737,1.4398787053908104,0.41780704228405374,0.5925606278637986,0.5312620397834782,37,1.0
A,leiden,0.5,10,3,maxdeg_cap85,10000,55059,11.0118,91,0.5784885304854792,20,492,0,764,2.321302125545389,lspar,0.2,0.15531,0.0,ok,0.15531,8551,0.41739403084007504,0.000456253496017482,0.41780704228405374,0.5831292858328555,0.009138445226803325,0.5145624233270993,35.2,0.5162502287257316,0.5783095000006142,0.19863772899407195,0.2682335633314021,0.46687129232547403,0.186838623399081,4.001924315730516e-05,0.303141660799731,5.746237272521553e-05,0.06309025439308505,8.011066588505253e-05,-1.535711254511421e-05,1453.0,1.7680728501144038,0.46687129232547403,1,0.41780704228405374,0.5925606278637986,0.5312620397834782,37,-0.23096841888497274,-0.23096841888497274,-0.23055540744099404,-0.2799876250331245,-0.2894189670640676,-0.4514721689340143,1.238691497007814,2.155992310649484,0.17362553351966217,0.16017607577259033,0.014091479948031137,1386,60.0
A,leiden,0.5,10,3,maxdeg_cap85,10000,55059,11.0118,91,0.5784885304854792,20,492,0,764,2.321302125545389,lspar,0.15,0.15531,0.0,floor,0.15531,8551,0.41739403084007504,0.000456253496017482,0.41780704228405374,0.5831292858328555,0.009138445226803325,0.5145624233270993,35.2,0.5162502287257316,0.5783095000006142,0.062089306993584614,0.27117881466741284,0.33326812166099745,0.186838623399081,4.001924315730516e-05,0.303141660799731,5.746237272521553e-05,0.06309025439308505,0.00019004183477794453,3.920294826334675e-05,1453.0,1.7680728501144038,0.33326812166099745,1,0.41780704228405374,0.5925606278637986,0.5312620397834782,37,-0.23096841888497274,-0.23096841888497274,-0.23055540744099404,-0.2799876250331245,-0.2894189670640676,-0.4514721689340143,1.7352679791824628,2.132576251245444,0.17362553351966217,0.16017607577259033,0.014091479948031137,1386,60.0
A,leiden,0.5,10,3,maxdeg_cap85,10000,55059,11.0118,91,0.5784885304854792,20,492,0,764,2.321302125545389,lspar,0.05,0.15531,0.0,floor,0.15531,8551,0.41739403084007504,0.000456253496017482,0.41780704228405374,0.5831292858328555,0.009138445226803325,0.5145624233270993,35.2,0.5162502287257316,0.5783095000006142,0.06196741700114217,0.2700970206666777,0.33206443766781985,0.186838623399081,4.001924315730516e-05,0.303141660799731,5.746237272521553e-05,0.06309025439308505,-0.0005297302318698665,4.480370716242636e-06,1453.0,1.7680728501144038,0.33206443766781985,1,0.41780704228405374,0.5925606278637986,0.5312620397834782,37,-0.23096841888497274,-0.23096841888497274,-0.23055540744099404,-0.2799876250331245,-0.2894189670640676,-0.4514721689340143,1.741558066447107,2.1411176568078347,0.17362553351966217,0.16017607577259033,0.014091479948031137,1386,60.0
A,leiden,0.5,10,3,maxdeg_cap85,10000,55059,11.0118,91,0.5784885304854792,20,492,0,764,2.321302125545389,dspar,0.5,0.50005,0.5,ok,0.15531,27532,0.41739403084007504,0.000456253496017482,0.41780704228405374,0.5831292858328555,0.009138445226803325,0.5145624233270993,35.2,0.5162502287257316,0.5783095000006142,0.008778219002124388,0.5318496783317338,0.5406278973338582,0.27068842007294874,0.0032642134729054502,0.15034105953601537,0.0030046169258018396,0.07486140628837673,0.0004716276946301989,0.00018171163999858094,48.666666666666664,1.1742135755247114,0.5406278973338582,1,0.41780704228405374,0.5925606278637986,0.5312620397834782,37,-0.147118622211105,-0.147118622211105,-0.1467056107671263,-0.4327882262968401,-0.4422195683277832,-0.4397010170387226,1.0696997007601445,1.0873551748956811,0.4170929313966087,0.6490326684449418,0.6271134557429902,52,1.5
A,leiden,0.5,10,3,maxdeg_cap85,10000,55059,11.0118,91,0.5784885304854792,20,492,0,764,2.321302125545389,dspar,0.2,0.19862,0.2,ok,0.15531,10936,0.41739403084007504,0.000456253496017482,0.41780704228405374,0.5831292858328555,0.009138445226803325,0.5145624233270993,35.2,0.5162502287257316,0.5783095000006142,0.008815214998321608,0.38945373733198113,0.39826895233030274,0.16070170612384013,0.00034287556802168787,0.08632875654351889,0.0011157872058467353,0.01945909538336851,-0.0005938207726144587,-9.983208760775963e-05,1749.0,4.621913628616405,0.39826895233030274,1,0.41780704228405374,0.5925606278637986,0.5312620397834782,37,-0.2571053361602136,-0.2571053361602136,-0.25669232471623493,-0.4968005292893366,-0.5062318713202797,-0.49510332794373085,1.452057702758099,1.4849247665779806,0.15136912082311924,0.12284542292170372,0.007500710230742655,2036,120.0
A,leiden,0.5,10,3,maxdeg_cap85,10000,55059,11.0118,91,0.5784885304854792,20,492,0,764,2.321302125545389,dspar,0.15,0.14899,0.15,ok,0.15531,8203,0.41739403084007504,0.000456253496017482,0.41780704228405374,0.5831292858328555,0.009138445226803325,0.5145624233270993,35.2,0.5162502287257316,0.5783095000006142,0.008900008993805386,0.4015428936642517,0.4104429026580571,0.13284272571391287,0.0005216551780916834,0.08934291520678245,0.0014210213670246869,0.01701182511202334,-0.00046510533312635327,1.2015997919066576e-05,2977.3333333333335,4.593814529912006,0.4104429026580571,1,0.41780704228405374,0.5925606278637986,0.5312620397834782,37,-0.2849643165701409,-0.2849643165701409,-0.28455130512616217,-0.49378637062607306,-0.5032177126570161,-0.497550598215076,1.4089889147928767,1.4402184900429718,0.15136912082311924,0.12284542292170372,0.007500710230742655,2036,120.0
A,leiden,0.5,10,3,maxdeg_cap85,10000,55059,11.0118,91,0.5784885304854792,20,492,0,764,2.321302125545389,dspar,0.05,0.05045,0.05,ok,0.15531,2778,0.41739403084007504,0.000456253496017482,0.41780704228405374,0.5831292858328555,0.009138445226803325,0.5145624233270993,35.2,0.5162502287257316,0.5783095000006142,0.008553571002266835,0.46748818332950276,0.4760417543317696,0.049705729352344165,3.922629841377241e-05,0.0606093317591179,0.0004814198836198506,0.004534969576545398,-0.0013406584272873015,-8.561956705627877e-05,7232.666666666667,1.7007525714671028,0.4760417543317696,1,0.41780704228405374,0.5925606278637986,0.5312620397834782,37,-0.36810131293170956,-0.36810131293170956,-0.36768830148773085,-0.5225199540737376,-0.5319512961046807,-0.5100274537505539,1.2148293605303597,1.2370569366734143,0.15136912082311924,0.12284542292170372,0.007500710230742655,2036,120.0
A,leiden,0.5,10,3,maxdeg_cap85,10000,55059,11.0118,91,0.5784885304854792,20,492,0,764,2.321302125545389,random,0.5,0.50001,0.5,ok,0.15531,27530,0.41739403084007504,0.000456253496017482,0.41780704228405374,0.5831292858328555,0.009138445226803325,0.5145624233270993,35.2,0.5162502287257316,0.5783095000006142,0.0009622659999877214,0.47671704300106893,0.47767930900105665,0.3144533895502738,0.0006677053604064578,0.2686385652846716,0.004144173616030321,0.19777760559068056,0.00042391443680239027,-1.1900818761954575e-05,276.6666666666667,2.9938584403610413,0.47767930900105665,1,0.41780704228405374,0.5925606278637986,0.5312620397834782,37,-0.10335365273377994,-0.10335365273377994,-0.10294064128980124,-0.3144907205481839,-0.323922062579127,-0.31678481773641876,1.2106647474641505,1.213108506379365,0.31816874670693024,0.5035362638962434,0.31179905632249333,234,8.0
A,leiden,0.5,10,3,maxdeg_cap85,10000,55059,11.0118,91,0.5784885304854792,20,492,0,764,2.321302125545389,random,0.2,0.2,0.2,ok,0.15531,11012,0.41739403084007504,0.000456253496017482,0.41780704228405374,0.5831292858328555,0.009138445226803325,0.5145624233270993,35.2,0.5162502287257316,0.5783095000006142,0.0008465370046906173,0.42011758799829596,0.4209641250029866,0.16389976396587827,0.0005644737625360183,0.1172419906531252,0.0012289962842842483,0.044713345478936496,0.0003658943780806001,7.035531022798405e-06,2458.6666666666665,5.671405792991941,0.4209641250029866,1,0.41780704228405374,0.5925606278637986,0.5312620397834782,37,-0.2539072783181755,-0.2539072783181755,-0.25349426687419674,-0.4658872951797303,-0.4753186372106734,-0.4698490778481628,1.373773834044674,1.3765419885324104,0.15136912082311924,0.12284542292170372,0.007500710230742655,2036,120.0
A,leiden,0.5,10,3,maxdeg_cap85,10000,55059,11.0118,91,0.5784885304854792,20,492,0,764,2.321302125545389,random,0.15,0.15,0.15,ok,0.15531,8259,0.41739403084007504,0.000456253496017482,0.41780704228405374,0.5831292858328555,0.009138445226803325,0.5145624233270993,35.2,0.5162502287257316,0.5783095000006142,0.0008240480019594543,0.43830343666680466,0.4391274846687641,0.1290346144405906,0.0017800329588554796,0.10484108076247323,0.003206329038615246,0.027741344803523072,-0.00022028238328351094,3.887910256901453e-05,3549.6666666666665,5.1662387335042395,0.4391274846687641,1,0.41780704228405374,0.5925606278637986,0.5312620397834782,37,-0.28877242784346313,-0.28877242784346313,-0.2883594163994844,-0.4782882050703823,-0.48771954710132537,-0.48682107852357626,1.3169512731293413,1.3194272543207122,0.15136912082311924,0.12284542292170372,0.007500710230742655,2036,120.0
A,leiden,0.5,10,3,maxdeg_cap85,10000,55059,11.0118,91,0.5784885304854792,20,492,0,764,2.321302125545389,random,0.05,0.05,0.05,ok,0.15531,2753,0.41739403084007504,0.000456253496017482,0.41780704228405374,0.5831292858328555,0.009138445226803325,0.5145624233270993,35.2,0.5162502287257316,0.5783095000006142,0.0007224649962154217,0.5285220996641632,0.5292445646603786,0.048050266833691825,8.762237259940968e-05,0.05602009244976764,0.0001778464018555312,0.0058256269836769415,-0.00018051709511804676,-4.366765752067695e-05,7287.666666666667,2.582873087505095,0.5292445646603786,1,0.41780704228405374,0.5925606278637986,0.5312620397834782,37,-0.3697567754503619,-0.3697567754503619,-0.3693437640063832,-0.5271091933830878,-0.5365405354140309,-0.5087367963434224,1.0927074902917917,1.0942011703353318,0.15136912082311924,0.12284542292170372,0.007500710230742655,2036,120.0
A,leiden,0.5,50,1,maxdeg_cap85_recal,10000,240080,48.016,106,0.6111837720759746,20,459,10,841,1.37198858495955,lspar,0.5,0.49905,0.761719,ok,0.03693,119813,0.3605735817463544,0.0013334433369680495,0.36156793745949245,0.8135998470400485,0.007948860599546345,0.6802874221193694,36.8,0.5797339637815432,1.2647100542017142,0.8151267169960192,0.6170105279961717,1.432137244992191,0.36089032874730326,2.341746366156608e-05,0.8547939144760708,0.00022273660801619215,0.8016318184683381,-0.0010903729892136913,-0.00023033470080896035,50.0,0.6402503393763072,1.432137244992191,1,0.3614894276466325,0.8244616229519875,0.7061188990395709,39,-0.0005990988993292423,-0.0006776087121891927,0.0003167470009488582,0.041194067436022275,0.030332291524083232,0.12134439634896865,0.8830927752379,2.049738208372291,0.3614894276466325,0.8244616229519875,0.7061188990395709,39,1.0
A,leiden,0.5,50,1,maxdeg_cap85_recal,10000,240080,48.016,106,0.6111837720759746,20,459,10,841,1.37198858495955,lspar,0.2,0.19811,0.46875,ok,0.03693,47562,0.3605735817463544,0.0013334433369680495,0.36156793745949245,0.8135998470400485,0.007948860599546345,0.6802874221193694,36.8,0.5797339637815432,1.2647100542017142,0.5862058440034161,0.3491250516672153,0.9353308956706314,0.35936808926359665,2.7790866070235124e-05,0.8831012356766735,0.002281916355606844,0.8754863625345566,-0.0005438835071711268,-0.00023551005107212122,63.0,0.7199142185477213,0.9353308956706314,1,0.3614894276466325,0.8244616229519875,0.7061188990395709,39,-0.0021213383830358534,-0.002199848195895804,-0.001205492482757753,0.06950138863662503,0.058639612724685986,0.19519894041518715,1.3521525484250343,3.622513045575518,0.36199857998676377,0.8969885917578514,0.8867458747429248,61,1.5
A,leiden,0.5,50,1,maxdeg_cap85_recal,10000,240080,48.016,106,0.6111837720759746,20,459,10,841,1.37198858495955,lspar,0.15,0.14954,0.375,ok,0.03693,35901,0.3605735817463544,0.0013334433369680495,0.36156793745949245,0.8135998470400485,0.007948860599546345,0.6802874221193694,36.8,0.5797339637815432,1.2647100542017142,0.5515465369971935,0.31597128333426855,0.867517820331462,0.3584449982266223,2.6674202328478715e-05,0.8769794145407869,0.0007511971000817493,0.8773299712163513,-0.0006138217181457254,-0.0002754011846743286,63.0,0.7018728385728094,0.867517820331462,1,0.3614894276466325,0.8244616229519875,0.7061188990395709,39,-0.0030444294200102084,-0.003122939232870159,-0.002128583519732108,0.06337956750073837,0.05251779158879932,0.19704254909698182,1.4578490776345006,4.002610746318258,0.36199857998676377,0.8969885917578514,0.8867458747429248,61,1.5
A,leiden,0.5,50,1,maxdeg_cap85_recal,10000,240080,48.016,106,0.6111837720759746,20,459,10,841,1.37198858495955,lspar,0.05,0.03693,0.0,ok,0.03693,8866,0.3605735817463544,0.0013334433369680495,0.36156793745949245,0.8135998470400485,0.007948860599546345,0.6802874221193694,36.8,0.5797339637815432,1.2647100542017142,0.8456073409979581,0.2526411489986155,1.0982484899965737,0.10909492831675509,1.3877787807814457e-17,0.5841921162139498,1.1102230246251565e-16,0.18823803688653026,0.0007029363674583566,5.210270660459858e-05,1134.0,1.437704322870318,1.0982484899965737,1,0.3614894276466325,0.8244616229519875,0.7061188990395709,39,-0.2523944993298774,-0.25247300914273735,-0.2514786534295993,-0.22940773082609867,-0.2402695067380377,-0.49204938523283914,1.151570036946429,5.005954331725451,0.10135792891213576,0.44747566622833834,0.1551982418948027,1256,30.0
A,leiden,0.5,50,1,maxdeg_cap85_recal,10000,240080,48.016,106,0.6111837720759746,20,459,10,841,1.37198858495955,dspar,0.5,0.49945,0.5,ok,0.03693,119909,0.3605735817463544,0.0013334433369680495,0.36156793745949245,0.8135998470400485,0.007948860599546345,0.6802874221193694,36.8,0.5797339637815432,1.2647100542017142,0.04375888100184966,0.9466503113314199,0.9904091923332695,0.3506470358538573,0.0006164718017337778,0.7356078616177988,0.002989807436291852,0.5899353815204945,-0.0011804428648810737,-0.0002085472139640262,34.0,0.6063324994822049,0.9904091923332695,1,0.3614894276466325,0.8244616229519875,0.7061188990395709,39,-0.010842391792775186,-0.010920901605635136,-0.009926545892497085,-0.07799198542224972,-0.08885376133418876,-0.09035204059887492,1.2769571041866334,1.335984406346371,0.3614894276466325,0.8244616229519875,0.7061188990395709,39,1.0
A,leiden,0.5,50,1,maxdeg_cap85_recal,10000,240080,48.016,106,0.6111837720759746,20,459,10,841,1.37198858495955,dspar,0.2,0.20023,0.2,ok,0.03693,48071,0.3605735817463544,0.0013334433369680495,0.36156793745949245,0.8135998470400485,0.007948860599546345,0.6802874221193694,36.8,0.5797339637815432,1.2647100542017142,0.04303128199535422,0.8103368113346127,0.8533680933299669,0.1410711485308056,0.016598981737823527,0.14399081030452712,0.026359566479938777,0.0666015791707842,-0.00029473780703543235,-8.756465489626886e-05,16.666666666666668,0.9126407627375949,0.8533680933299669,1,0.3614894276466325,0.8244616229519875,0.7061188990395709,39,-0.2204182791158269,-0.22049678892868685,-0.2195024332155488,-0.6696090367355214,-0.6804708126474605,-0.6136858429485852,1.482021725544754,1.5607214636081455,0.35430957541185604,0.6917481685526143,0.38164890195722656,18,0.75
A,leiden,0.5,25,1,maxdeg_cap85_recal,10000,118093,23.6186,91,0.5937693174023863,20,443,4,832,1.8088161726190422,lspar,0.5,0.49893,0.675781,ok,0.07237,58920,0.3799702321303265,0.000820155525155865,0.38112774507162456,0.7563423905574512,0.010082016632024402,0.6816237895517896,30.6,0.4986461329679591,0.767371225199895,0.2962532140008989,0.43487686866622727,0.7311300826671261,0.375600614022818,6.096531696331047e-05,0.7670183161792669,0.0011505366740605725,0.7512901152381102,-0.0005519945007122475,2.3822439934723484e-05,38.333333333333336,0.5305374022977937,0.7311300826671261,1,0.37911510210947874,0.7445942642492912,0.6600466580834197,30,-0.0035144880866607164,-0.005527131048806533,-0.004369618107508466,0.01067592562181563,0.022424051929975652,0.06966632568632058,1.0495686655383718,1.7645712625585996,0.38063329630962495,0.8233649483240875,0.8153169732904348,45,1.5
A,leiden,0.5,50,1,maxdeg_cap85_recal,10000,240080,48.016,106,0.6111837720759746,20,459,10,841,1.37198858495955,dspar,0.15,0.14987,0.15,ok,0.03693,35980,0.3605735817463544,0.0013334433369680495,0.36156793745949245,0.8135998470400485,0.007948860599546345,0.6802874221193694,36.8,0.5797339637815432,1.2647100542017142,0.042928488001052756,0.7204118089988091,0.7633402969998618,0.09208810141276448,0.006298595692391551,0.0865411090406848,0.007151811246300176,0.035074149279812346,-0.00023153834271339116,-0.00015888288702195692,44.0,1.6902773554622368,0.7633402969998618,1,0.3614894276466325,0.8244616229519875,0.7061188990395709,39,-0.26940132623386803,-0.269479836046728,-0.26848548033358993,-0.7270587379993637,-0.7379205139113028,-0.6452132728395571,1.6568102839223529,1.755537649999578,0.3614894276466325,0.8244616229519875,0.7061188990395709,39,1.0
A,leiden,0.5,25,1,maxdeg_cap85_recal,10000,118093,23.6186,91,0.5937693174023863,20,443,4,832,1.8088161726190422,lspar,0.2,0.19936,0.296875,ok,0.07237,23543,0.3799702321303265,0.000820155525155865,0.38112774507162456,0.7563423905574512,0.010082016632024402,0.6816237895517896,30.6,0.4986461329679591,0.767371225199895,0.23541259599733166,0.3101912740021362,0.5456038699994679,0.35572105216764655,0.00043133910101284635,0.6962219793243203,0.0031649863356030352,0.6891913925445087,-0.0001291107304096783,-6.52624637707385e-05,49.666666666666664,0.6535308875627153,0.5456038699994679,1,0.37911510210947874,0.7445942642492912,0.6600466580834197,30,-0.023394049941832196,-0.025406692903978012,-0.024249179962679945,-0.060120411233130944,-0.04837228492497092,0.00756760299271908,1.4064622107622575,2.4738646426095476,0.38063329630962495,0.8233649483240875,0.8153169732904348,45,1.5
A,leiden,0.5,50,1,maxdeg_cap85_recal,10000,240080,48.016,106,0.6111837720759746,20,459,10,841,1.37198858495955,dspar,0.05,0.04951,0.05,ok,0.03693,11886,0.3605735817463544,0.0013334433369680495,0.36156793745949245,0.8135998470400485,0.007948860599546345,0.6802874221193694,36.8,0.5797339637815432,1.2647100542017142,0.040212392996181734,0.4013574469960683,0.44156983999225,0.038108201854564844,0.0005336387155137623,0.060226457626414244,0.0009435822858409046,0.010329462740604213,0.0004689124428823654,0.00011355459949721812,1674.0,4.571578480038784,0.44156983999225,1,0.3614894276466325,0.8244616229519875,0.7061188990395709,39,-0.32338122579206763,-0.3234597356049276,-0.3224653798917896,-0.7533733894136343,-0.7642351653255733,-0.6699579593787652,2.8641223644801266,3.1510815699754624,0.10135792891213576,0.44747566622833834,0.1551982418948027,1256,30.0
A,leiden,0.5,25,1,maxdeg_cap85_recal,10000,118093,23.6186,91,0.5937693174023863,20,443,4,832,1.8088161726190422,lspar,0.15,0.14889,0.21875,ok,0.07237,17583,0.3799702321303265,0.000820155525155865,0.38112774507162456,0.7563423905574512,0.010082016632024402,0.6816237895517896,30.6,0.4986461329679591,0.767371225199895,0.2265820589964278,0.27863117066347814,0.5052132296599059,0.3344669964849251,0.0004571089842227877,0.6220776023516109,0.0009313910927359532,0.5848384755892876,-0.0003540565846993169,3.341941938473923e-05,50.333333333333336,0.6112472989117822,0.5052132296599059,1,0.37911510210947874,0.7445942642492912,0.6600466580834197,30,-0.044648105624553625,-0.04666074858669944,-0.045503235645401374,-0.1342647882058403,-0.12251666189768029,-0.096785313962502,1.5189056425075524,2.754075300952963,0.38063329630962495,0.8233649483240875,0.8153169732904348,45,1.5
A,leiden,0.5,25,1,maxdeg_cap85_recal,10000,118093,23.6186,91,0.5937693174023863,20,443,4,832,1.8088161726190422,lspar,0.05,0.07237,0.0,floor,0.07237,8546,0.3799702321303265,0.000820155525155865,0.38112774507162456,0.7563423905574512,0.010082016632024402,0.6816237895517896,30.6,0.4986461329679591,0.767371225199895,0.19673115599289304,0.27222494133457076,0.4689560973274638,0.12099778050156236,1.3877787807814457e-17,0.4185955561967138,5.551115123125783e-17,0.0964610507421904,0.00012188516505601966,-1.7590450234758326e-05,1454.0,1.5471474008639252,0.4689560973274638,1,0.37911510210947874,0.7445942642492912,0.6600466580834197,30,-0.2581173216079164,-0.2601299645700622,-0.25897245162876414,-0.33774683436073744,-0.3259987080525774,-0.5851627388095992,1.6363391574884527,2.818886548153492,0.12144998673299734,0.2932225981355193,0.06444119884444144,1081,30.0
A,leiden,0.5,50,1,maxdeg_cap85_recal,10000,240080,48.016,106,0.6111837720759746,20,459,10,841,1.37198858495955,random,0.5,0.5,0.5,ok,0.03693,120040,0.3605735817463544,0.0013334433369680495,0.36156793745949245,0.8135998470400485,0.007948860599546345,0.6802874221193694,36.8,0.5797339637815432,1.2647100542017142,0.004012681994936429,0.8087467803343316,0.812759462329268,0.3454567295138357,0.00041389778666811133,0.6794212532124532,0.0027396037726230885,0.5732152186574024,-0.00037442878754878834,-4.79392229929086e-05,30.333333333333332,0.5231205310775059,0.812759462329268,1,0.3614894276466325,0.8244616229519875,0.7061188990395709,39,-0.016032698132796785,-0.016111207945656736,-0.015116852232518685,-0.13417859382759534,-0.14504036973953438,-0.107072203461967,1.5560693081040382,1.5637899092208936,0.3614894276466325,0.8244616229519875,0.7061188990395709,39,1.0
A,leiden,0.5,25,1,maxdeg_cap85_recal,10000,118093,23.6186,91,0.5937693174023863,20,443,4,832,1.8088161726190422,dspar,0.5,0.50074,0.5,ok,0.07237,59134,0.3799702321303265,0.000820155525155865,0.38112774507162456,0.7563423905574512,0.010082016632024402,0.6816237895517896,30.6,0.4986461329679591,0.767371225199895,0.02077345200086711,0.6803477386662659,0.701121190667133,0.2845726422994848,0.00843692057415844,0.3263324132306114,0.02765804994946533,0.18432074788032127,-0.00021763245537458965,0.00014486183488983682,16.666666666666668,0.7328043084223622,0.701121190667133,1,0.37911510210947874,0.7445942642492912,0.6600466580834197,30,-0.09454245980999393,-0.09655510277213974,-0.09539758983084168,-0.4300099773268398,-0.4182618510186798,-0.4973030416714683,1.094491559254861,1.127910304668944,0.3616645077454521,0.6013807249655925,0.30677367190217375,15,0.75
A,leiden,0.5,50,1,maxdeg_cap85_recal,10000,240080,48.016,106,0.6111837720759746,20,459,10,841,1.37198858495955,random,0.2,0.2,0.2,ok,0.03693,48016,0.3605735817463544,0.0013334433369680495,0.36156793745949245,0.8135998470400485,0.007948860599546345,0.6802874221193694,36.8,0.5797339637815432,1.2647100542017142,0.003161260006891098,0.6138194973318605,0.6169807573387516,0.23427534259228477,0.0054102371259564285,0.29170075682667707,0.01314681895480005,0.21589044736861288,0.000419026823276536,5.820537889451742e-06,67.33333333333333,1.940425085072653,0.6169807573387516,1,0.3614894276466325,0.8244616229519875,0.7061188990395709,39,-0.12721408505434773,-0.12729259486720768,-0.12629823915406962,-0.5218990902133714,-0.5327608661253105,-0.4643969747507566,2.0498371126789108,2.0603940730119086,0.36199857998676377,0.8969885917578514,0.8867458747429248,61,1.5
A,leiden,0.5,25,1,maxdeg_cap85_recal,10000,118093,23.6186,91,0.5937693174023863,20,443,4,832,1.8088161726190422,dspar,0.2,0.20012,0.2,ok,0.07237,23633,0.3799702321303265,0.000820155525155865,0.38112774507162456,0.7563423905574512,0.010082016632024402,0.6816237895517896,30.6,0.4986461329679591,0.767371225199895,0.020576763999997638,0.5075901290013766,0.5281668930013742,0.12185173712137241,0.0008626389434031664,0.08495605865502008,0.0017671593756914679,0.0368040966007005,-0.00041898008753111886,3.7489027022234175e-05,234.33333333333334,3.115438609833754,0.5281668930013742,1,0.37911510210947874,0.7445942642492912,0.6600466580834197,30,-0.2572633649881063,-0.25927600795025213,-0.25811849500895406,-0.6713863319024311,-0.6596382055942711,-0.6448196929510891,1.4528953544195327,1.5117930419758299,0.25231713922990845,0.7105622893692831,0.4866386135078478,202,8.0
A,leiden,0.5,50,1,maxdeg_cap85_recal,10000,240080,48.016,106,0.6111837720759746,20,459,10,841,1.37198858495955,random,0.15,0.15,0.15,ok,0.03693,36012,0.3605735817463544,0.0013334433369680495,0.36156793745949245,0.8135998470400485,0.007948860599546345,0.6802874221193694,36.8,0.5797339637815432,1.2647100542017142,0.0032449880018248223,0.5841846429999956,0.5874296310018204,0.18989578982646307,0.006321691248405293,0.22226191369194861,0.00873153696870763,0.16675262512616995,-0.0007927947863261624,-5.2577467165220043e-05,150.33333333333334,2.9862295558200276,0.5874296310018204,1,0.3614894276466325,0.8244616229519875,0.7061188990395709,39,-0.17159363782016943,-0.17167214763302938,-0.17067779191989133,-0.5913379333480999,-0.602199709260039,-0.5135347969931995,2.1529558392293544,2.1649149277649253,0.284676475146266,0.879476591327677,0.7774829099116146,176,8.0
A,leiden,0.5,25,1,maxdeg_cap85_recal,10000,118093,23.6186,91,0.5937693174023863,20,443,4,832,1.8088161726190422,dspar,0.15,0.15031,0.15,ok,0.07237,17750,0.3799702321303265,0.000820155525155865,0.38112774507162456,0.7563423905574512,0.010082016632024402,0.6816237895517896,30.6,0.4986461329679591,0.767371225199895,0.021049406997917686,0.4606890273328948,0.4817384343308125,0.09686000125325733,0.0019438648068668628,0.07224491187138216,0.004850397194574611,0.02213425155437368,0.00013040468572343746,-1.0633141103679086e-05,693.6666666666666,4.067858306926593,0.4817384343308125,1,0.37911510210947874,0.7445942642492912,0.6600466580834197,30,-0.2822551008562214,-0.2842677438183672,-0.28311023087706916,-0.6840974786860691,-0.672349352377909,-0.6594895379974159,1.592920910007643,1.6657032828467846,0.17119229351477952,0.47666834587304246,0.2000096186033075,537,15.0
A,leiden,0.5,50,1,maxdeg_cap85_recal,10000,240080,48.016,106,0.6111837720759746,20,459,10,841,1.37198858495955,random,0.05,0.05,0.05,ok,0.03693,12004,0.3605735817463544,0.0013334433369680495,0.36156793745949245,0.8135998470400485,0.007948860599546345,0.6802874221193694,36.8,0.5797339637815432,1.2647100542017142,0.0028245590001461096,0.4203041289971831,0.4231286879973292,0.04171321777152099,0.0010895656954774333,0.08387277928837565,0.001336279893151509,0.02327079581161412,0.0005672238186225748,0.00011459966951811874,2150.3333333333335,5.487652767666133,0.4231286879973292,1,0.3614894276466325,0.8244616229519875,0.7061188990395709,39,-0.3197762098751115,-0.31985471968797147,-0.3188603639748334,-0.7297270677516728,-0.7405888436636119,-0.6570166263077553,2.9889489653551853,3.009035522014085,0.05764744896729162,0.2526602329780442,0.043337263864484846,2336,60.0
A,leiden,0.5,25,1,maxdeg_cap85_recal,10000,118093,23.6186,91,0.5937693174023863,20,443,4,832,1.8088161726190422,dspar,0.05,0.05029,0.05,ok,0.07237,5939,0.3799702321303265,0.000820155525155865,0.38112774507162456,0.7563423905574512,0.010082016632024402,0.6816237895517896,30.6,0.4986461329679591,0.767371225199895,0.021821934002218768,0.45371536166688503,0.4755372956691038,0.04697712853187062,0.00024165342555208008,0.0680716272242629,0.000688609459252005,0.008451509097422288,0.00016976929259162463,1.5145298395678656e-05,4469.666666666667,4.123172624371109,0.4755372956691038,1,0.37911510210947874,0.7445942642492912,0.6600466580834197,30,-0.3321379735776081,-0.3341506165397539,-0.33299310359845585,-0.6882707633331884,-0.6765226370250284,-0.6731722804543673,1.6136930419309528,1.6913053646248242,0.06748800603560602,0.0917271289098191,0.0061960157749337665,2790,120.0
A,leiden,0.5,25,1,maxdeg_cap85_recal,10000,118093,23.6186,91,0.5937693174023863,20,443,4,832,1.8088161726190422,random,0.5,0.5,0.5,ok,0.07237,59046,0.3799702321303265,0.000820155525155865,0.38112774507162456,0.7563423905574512,0.010082016632024402,0.6816237895517896,30.6,0.4986461329679591,0.767371225199895,0.0021465519967023283,0.6265993803317542,0.6287459323284565,0.33622514089077504,0.0002455495066165454,0.5069614426411412,0.002157185396057591,0.4674471713897903,0.0004229106739060535,-1.872679430504217e-05,39.333333333333336,0.8727408703463543,0.6287459323284565,1,0.37911510210947874,0.7445942642492912,0.6600466580834197,30,-0.0428899612187037,-0.044902604180849515,-0.04374509123955145,-0.24938094791631005,-0.23763282160815002,-0.2141766181619993,1.220479029356202,1.224660044817805,0.38063329630962495,0.8233649483240875,0.8153169732904348,45,1.5
A,leiden,0.5,25,1,maxdeg_cap85_recal,10000,118093,23.6186,91,0.5937693174023863,20,443,4,832,1.8088161726190422,random,0.2,0.2,0.2,ok,0.07237,23619,0.3799702321303265,0.000820155525155865,0.38112774507162456,0.7563423905574512,0.010082016632024402,0.6816237895517896,30.6,0.4986461329679591,0.767371225199895,0.0015962789984769188,0.4636159979975976,0.46521227699607454,0.1761581620631337,0.0011637105098701581,0.1767776347958724,0.005141362551293201,0.12561785089207608,0.0006935244307858243,0.00022222066457264626,573.3333333333334,4.736730839842708,0.46521227699607454,1,0.37911510210947874,0.7445942642492912,0.6600466580834197,30,-0.20295694004634504,-0.20496958300849086,-0.2038120700671928,-0.5795647557615788,-0.5678166294534188,-0.5560059386597135,1.649507683148203,1.6551871128568592,0.17119229351477952,0.47666834587304246,0.2000096186033075,537,15.0
A,leiden,0.5,25,1,maxdeg_cap85_recal,10000,118093,23.6186,91,0.5937693174023863,20,443,4,832,1.8088161726190422,random,0.15,0.15,0.15,ok,0.07237,17714,0.3799702321303265,0.000820155525155865,0.38112774507162456,0.7563423905574512,0.010082016632024402,0.6816237895517896,30.6,0.4986461329679591,0.767371225199895,0.00164358300389722,0.4350004833346854,0.4366440663385826,0.12716702656563816,0.001300469190619517,0.12610715525943245,0.0022098566022025644,0.07323318271293551,-0.0005300451950874227,-0.00020549085574239026,1141.0,5.587087349777491,0.4366440663385826,1,0.37911510210947874,0.7445942642492912,0.6600466580834197,30,-0.2519480755438406,-0.2539607185059864,-0.2528032055646883,-0.6302352352980187,-0.6184871089898587,-0.608390606838854,1.7574296420298996,1.7640698219856612,0.12144998673299734,0.2932225981355193,0.06444119884444144,1081,30.0
A,leiden,0.5,25,1,maxdeg_cap85_recal,10000,118093,23.6186,91,0.5937693174023863,20,443,4,832,1.8088161726190422,random,0.05,0.05,0.05,ok,0.07237,5905,0.3799702321303265,0.000820155525155865,0.38112774507162456,0.7563423905574512,0.010082016632024402,0.6816237895517896,30.6,0.4986461329679591,0.767371225199895,0.0015282969980034977,0.4580917346684146,0.45962003166641807,0.045657175709942315,0.00028696650875858093,0.07410626735011742,0.0011267210902198132,0.011506359807650399,-0.00047043542144725357,-3.6189837276724015e-05,4830.333333333333,4.436861164502827,0.45962003166641807,1,0.37911510210947874,0.7445942642492912,0.6600466580834197,30,-0.3334579263995364,-0.33547056936168224,-0.33431305642038417,-0.6822361232073338,-0.6704879968991738,-0.6701174297441392,1.6695774168451296,1.6751475024000366,0.06748800603560602,0.0917271289098191,0.0061960157749337665,2790,120.0
A,leiden,0.5,25,2,maxdeg_cap85_recal,10000,140216,28.0432,108,0.602149540708621,20,463,5,844,1.6906312069229987,lspar,0.5,0.50197,0.703125,ok,0.06143,70384,0.375063845481963,0.0003434110904592607,0.37564916778290386,0.7757465240876327,0.008473494616321412,0.6585688778558485,37.2,0.5308395832439574,0.86814800559805,0.33196643400151515,0.4802717256655645,0.8122381596670796,0.3718966112115121,0.0001310421003770029,0.7950069169017665,0.001667657994230879,0.7277044149936426,-0.00038687297573643926,-0.00013437033134446386,46.666666666666664,0.5908111802528618,0.8122381596670796,1,0.37564916778290386,0.784605990725061,0.6969400060769783,38,-0.0037525565713917852,-0.0037525565713917852,-0.0031672342704509027,0.01926039281413383,0.010400926176705516,0.06913553713779408,1.0688343009566146,1.8076183943474156,0.37564916778290386,0.784605990725061,0.6969400060769783,38,1.0
A,leiden,0.5,25,2,maxdeg_cap85_recal,10000,140216,28.0432,108,0.602149540708621,20,463,5,844,1.6906312069229987,lspar,0.2,0.19617,0.359375,ok,0.06143,27506,0.375063845481963,0.0003434110904592607,0.37564916778290386,0.7757465240876327,0.008473494616321412,0.6585688778558485,37.2,0.5308395832439574,0.86814800559805,0.28828003099624766,0.3254633390000284,0.613743369996276,0.3613486433910918,0.0002768321729278202,0.7591296967130825,0.004318565394907376,0.7279591076868929,-0.0002652280075656056,-2.305208686439373e-05,56.333333333333336,0.62296369836293,0.613743369996276,1,0.37564916778290386,0.784605990725061,0.6969400060769783,38,-0.014300524391812064,-0.014300524391812064,-0.013715202090871181,-0.01661682737455017,-0.025476294011978484,0.06939022983104437,1.414513049001764,2.6674218001492767,0.37508758338625064,0.8408766900912134,0.8166538626462438,57,1.5
A,leiden,0.5,25,2,maxdeg_cap85_recal,10000,140216,28.0432,108,0.602149540708621,20,463,5,844,1.6906312069229987,lspar,0.15,0.15117,0.25,ok,0.06143,21196,0.375063845481963,0.0003434110904592607,0.37564916778290386,0.7757465240876327,0.008473494616321412,0.6585688778558485,37.2,0.5308395832439574,0.86814800559805,0.2603215210037888,0.300006080333939,0.5603276013377279,0.3523929061458946,7.944476127083467e-05,0.723175532068434,0.0016970975422871636,0.6947886324104049,-0.0010581738360455164,-1.2178788939206593e-05,59.666666666666664,0.6308715946288523,0.5603276013377279,1,0.37564916778290386,0.784605990725061,0.6969400060769783,38,-0.02325626163700928,-0.02325626163700928,-0.022670939336068396,-0.05257099201919868,-0.061430458656626996,0.036219754554556394,1.5493579176278856,2.893768035073516,0.37508758338625064,0.8408766900912134,0.8166538626462438,57,1.5
A,leiden,0.5,25,2,maxdeg_cap85_recal,10000,140216,28.0432,108,0.602149540708621,20,463,5,844,1.6906312069229987,lspar,0.05,0.06143,0.0,floor,0.06143,8613,0.375063845481963,0.0003434110904592607,0.37564916778290386,0.7757465240876327,0.008473494616321412,0.6585688778558485,37.2,0.5308395832439574,0.86814800559805,0.24334334200102603,0.2690776763338363,0.5124210183348623,0.11508447658036135,0.0,0.4833660566958446,5.551115123125783e-17,0.13005347900462713,0.0006222115185650854,6.426797686751177e-05,1387.0,1.4579072467067304,0.5124210183348623,1,0.37564916778290386,0.784605990725061,0.6969400060769783,38,-0.2605646912025425,-0.2605646912025425,-0.2599793689016016,-0.2923804673917881,-0.3012399340292164,-0.5285153988512213,1.694208423415457,3.22638435646726,0.1269694419014031,0.4073042939812032,0.13045275862278533,1034,30.0
A,leiden,0.5,50,2,maxdeg_cap85_recal,10000,245060,49.012,100,0.6091936668570962,20,472,10,860,1.389964050143613,lspar,0.5,0.50274,0.765625,ok,0.03634,123202,0.36098174076779943,0.0009267457270718551,0.36228641709464937,0.8480079094272878,0.0116670257129693,0.7061915130788915,38.6,0.5576565042739696,1.228356342400366,0.7304779769983725,0.605932315668421,1.3364102926667933,0.36112436545785637,4.2109520565749415e-05,0.880210202758695,0.0019258263106711844,0.8192783618474578,-6.703309924149509e-05,4.193492963927086e-06,50.666666666666664,0.5950965111453269,1.3364102926667933,1,0.36228641709464937,0.8559426514243292,0.7498938414350751,39,-0.0011620516367930045,-0.0011620516367930045,0.00014262469005693612,0.03220229333140723,0.024267551334365756,0.11308684876856634,0.9191461253633368,2.027217084544058,0.3620113154449845,0.9106332969991813,0.8850105821699292,57,1.5
A,leiden,0.5,25,2,maxdeg_cap85_recal,10000,140216,28.0432,108,0.602149540708621,20,463,5,844,1.6906312069229987,dspar,0.5,0.4997,0.5,ok,0.06143,70066,0.375063845481963,0.0003434110904592607,0.37564916778290386,0.7757465240876327,0.008473494616321412,0.6585688778558485,37.2,0.5308395832439574,0.86814800559805,0.024467946001095697,0.7516356216656277,0.7761035676667234,0.3156625964597965,0.00844942855572082,0.4602384771951625,0.029992311912804936,0.25164875938218206,-0.00036359712301689036,-0.0001996470202745379,24.0,0.8928803375889859,0.7761035676667234,1,0.37564916778290386,0.784605990725061,0.6969400060769783,38,-0.05998657132310736,-0.05998657132310736,-0.05940124902216648,-0.3155080468924702,-0.3243675135298985,-0.40692011847366644,1.118598137885191,1.1550117910514013,0.3704693282861365,0.6426080666575422,0.38794314048675643,17,0.75
A,leiden,0.5,50,2,maxdeg_cap85_recal,10000,245060,49.012,100,0.6091936668570962,20,472,10,860,1.389964050143613,lspar,0.2,0.1958,0.46875,ok,0.03634,47982,0.36098174076779943,0.0009267457270718551,0.36228641709464937,0.8480079094272878,0.0116670257129693,0.7061915130788915,38.6,0.5576565042739696,1.228356342400366,0.5903993140018429,0.3400428833338083,0.9304421973356511,0.35965823256187207,7.076752593859019e-06,0.90271776004518,0.0015160905254584143,0.8897483959931209,-0.0002127169301397655,5.2274577324151214e-05,66.66666666666667,0.7139874242372811,0.9304421973356511,1,0.36228641709464937,0.8559426514243292,0.7498938414350751,39,-0.0026281845327773,-0.0026281845327773,-0.0013235082059273595,0.05470985061789224,0.04677510862085077,0.18355688291422945,1.3201855482455556,3.612357154360826,0.36164810377868767,0.9408678269166824,0.9438170080229423,74,2.0
A,leiden,0.5,25,2,maxdeg_cap85_recal,10000,140216,28.0432,108,0.602149540708621,20,463,5,844,1.6906312069229987,dspar,0.2,0.20064,0.2,ok,0.06143,28133,0.375063845481963,0.0003434110904592607,0.37564916778290386,0.7757465240876327,0.008473494616321412,0.6585688778558485,37.2,0.5308395832439574,0.86814800559805,0.025127018001512624,0.5904187736668973,0.61554579166841,0.1152065663074235,0.006153541396589143,0.09067939877181269,0.008336031445330043,0.033211251860832916,0.000320537859393334,-9.263726501256212e-06,124.66666666666667,2.482684573109289,0.61554579166841,1,0.37564916778290386,0.784605990725061,0.6969400060769783,38,-0.2604426014754804,-0.2604426014754804,-0.2598572791745395,-0.68506712531582,-0.6939265919532482,-0.6253576259950155,1.4103711167368602,1.4703936329908136,0.36714893773189466,0.8956502804914979,0.9168077322078962,103,5.0
A,leiden,0.5,50,2,maxdeg_cap85_recal,10000,245060,49.012,100,0.6091936668570962,20,472,10,860,1.389964050143613,lspar,0.15,0.14717,0.375,ok,0.03634,36066,0.36098174076779943,0.0009267457270718551,0.36228641709464937,0.8480079094272878,0.0116670257129693,0.7061915130788915,38.6,0.5576565042739696,1.228356342400366,0.5654340640030568,0.30540012900019065,0.8708341930032475,0.35870516636574074,6.0791090026185184e-05,0.896419508296392,0.001190055097959226,0.8911275699266451,-0.0007075554554170426,-0.00012176651443099943,66.0,0.6818769658454654,0.8708341930032475,1,0.36228641709464937,0.8559426514243292,0.7498938414350751,39,-0.003581250728908636,-0.003581250728908636,-0.0022765744020586953,0.04841159886910429,0.040476856872062816,0.1849360568477536,1.410551345215478,4.0221212296855295,0.36164810377868767,0.9408678269166824,0.9438170080229423,74,2.0
A,leiden,0.5,25,2,maxdeg_cap85_recal,10000,140216,28.0432,108,0.602149540708621,20,463,5,844,1.6906312069229987,dspar,0.15,0.15044,0.15,ok,0.06143,21094,0.375063845481963,0.0003434110904592607,0.37564916778290386,0.7757465240876327,0.008473494616321412,0.6585688778558485,37.2,0.5308395832439574,0.86814800559805,0.02468321400374407,0.50433038733172,0.529013601335464,0.09004258209734899,0.0015540419483278988,0.07534206275202328,0.002824390462862329,0.02272962081705014,0.00040108324798223386,-0.00012430622900893036,394.6666666666667,3.4549221869236653,0.529013601335464,1,0.37564916778290386,0.784605990725061,0.6969400060769783,38,-0.28560658568555486,-0.28560658568555486,-0.285021263384614,-0.7004044613356094,-0.7092639279730377,-0.6358392570387984,1.6410693475677391,1.7213874622768495,0.19896170265134952,0.6305532312375496,0.37026204718397454,470,15.0
A,leiden,0.5,50,2,maxdeg_cap85_recal,10000,245060,49.012,100,0.6091936668570962,20,472,10,860,1.389964050143613,lspar,0.05,0.03634,0.0,ok,0.03634,8905,0.36098174076779943,0.0009267457270718551,0.36228641709464937,0.8480079094272878,0.0116670257129693,0.7061915130788915,38.6,0.5576565042739696,1.228356342400366,0.8490688570018392,0.24942240699844356,1.0984912640002829,0.109037574290389,0.0,0.6001947999530229,0.0,0.20291317603904324,-0.0008614389417642539,-2.7728816652911243e-05,1095.0,1.4501535435946085,1.0984912640002829,1,0.36228641709464937,0.8559426514243292,0.7498938414350751,39,-0.25324884280426035,-0.25324884280426035,-0.2519441664774104,-0.24781310947426483,-0.2557478514713063,-0.5032783370398483,1.1182213119539655,4.924803497738803,0.09961503907933279,0.45566834722785393,0.15591053927138493,1239,30.0
A,leiden,0.5,25,2,maxdeg_cap85_recal,10000,140216,28.0432,108,0.602149540708621,20,463,5,844,1.6906312069229987,dspar,0.05,0.04999,0.05,ok,0.06143,7009,0.375063845481963,0.0003434110904592607,0.37564916778290386,0.7757465240876327,0.008473494616321412,0.6585688778558485,37.2,0.5308395832439574,0.86814800559805,0.025137224001809955,0.4341663360003925,0.45930356000220246,0.047098656597654144,0.0006237306667295646,0.07264506483036468,0.0010813174873547965,0.012847739159768995,0.00018220021751403398,1.4830971097837628e-05,3752.0,4.592166998223726,0.45930356000220246,1,0.37564916778290386,0.784605990725061,0.6969400060769783,38,-0.3285505111852497,-0.3285505111852497,-0.3279651888843088,-0.703101459257268,-0.7119609258946963,-0.6457211386960795,1.8901399449067782,1.9995746643914494,0.057757805290197826,0.10795183426307062,0.009432971310804845,3068,120.0
A,leiden,0.5,50,2,maxdeg_cap85_recal,10000,245060,49.012,100,0.6091936668570962,20,472,10,860,1.389964050143613,dspar,0.5,0.4998,0.5,ok,0.03634,122482,0.36098174076779943,0.0009267457270718551,0.36228641709464937,0.8480079094272878,0.0116670257129693,0.7061915130788915,38.6,0.5576565042739696,1.228356342400366,0.042480342999624554,0.9546713253318254,0.99715166833145,0.3511968128567567,0.00024633064259112886,0.770465885279641,0.004242556851588461,0.6304636722285254,0.0008830614355183532,0.00018413568789562519,37.333333333333336,0.5759763222207503,0.99715166833145,1,0.36228641709464937,0.8559426514243292,0.7498938414350751,39,-0.01108960423789268,-0.01108960423789268,-0.00978492791104274,-0.07754202414764677,-0.08547676614468824,-0.0757278408503661,1.2318651027840073,1.286679833997751,0.36228641709464937,0.8559426514243292,0.7498938414350751,39,1.0
A,leiden,0.5,25,2,maxdeg_cap85_recal,10000,140216,28.0432,108,0.602149540708621,20,463,5,844,1.6906312069229987,random,0.5,0.5,0.5,ok,0.06143,70108,0.375063845481963,0.0003434110904592607,0.37564916778290386,0.7757465240876327,0.008473494616321412,0.6585688778558485,37.2,0.5308395832439574,0.86814800559805,0.0023103889980120584,0.6714328539989461,0.6737432429969582,0.3391950917787255,0.0014619739483946435,0.545364822659505,0.010728883093819598,0.44788453426110036,0.0005389482758300944,0.0003070950750318563,34.666666666666664,0.7211424943931126,0.6737432429969582,1,0.37564916778290386,0.784605990725061,0.6969400060769783,38,-0.03645407600417838,-0.03645407600417838,-0.0358687537032375,-0.23038170142812764,-0.23924116806555595,-0.21068434359474814,1.2885442854110665,1.2929781443185273,0.37564916778290386,0.784605990725061,0.6969400060769783,38,1.0
A,leiden,0.5,25,2,maxdeg_cap85_recal,10000,140216,28.0432,108,0.602149540708621,20,463,5,844,1.6906312069229987,random,0.2,0.2,0.2,ok,0.06143,28043,0.375063845481963,0.0003434110904592607,0.37564916778290386,0.7757465240876327,0.008473494616321412,0.6585688778558485,37.2,0.5308395832439574,0.86814800559805,0.0018078930006595328,0.511407936666122,0.5132158296667816,0.19913414169088617,0.0022966741604677926,0.21094270956118824,0.0038461542806738926,0.16405268414173438,5.382615701220642e-05,-6.917618034626273e-05,368.3333333333333,4.012239584800837,0.5132158296667816,1,0.37564916778290386,0.784605990725061,0.6969400060769783,38,-0.1765150260920177,-0.1765150260920177,-0.1759297037910768,-0.5648038145264445,-0.5736632811638728,-0.49451619371411415,1.6915846227146134,1.6975645924807565,0.19896170265134952,0.6305532312375496,0.37026204718397454,470,15.0
A,leiden,0.5,50,2,maxdeg_cap85_recal,10000,245060,49.012,100,0.6091936668570962,20,472,10,860,1.389964050143613,dspar,0.2,0.19927,0.2,ok,0.03634,48832,0.36098174076779943,0.0009267457270718551,0.36228641709464937,0.8480079094272878,0.0116670257129693,0.7061915130788915,38.6,0.5576565042739696,1.228356342400366,0.042584137998346705,0.8162024996684826,0.8587866376668293,0.1406641166887996,0.009027282098059038,0.14200728110426633,0.012259740406815508,0.05880560698004924,-0.00012343661180102452,4.244912907298591e-05,16.666666666666668,1.0329846039796822,0.8587866376668293,1,0.36228641709464937,0.8559426514243292,0.7498938414350751,39,-0.22162230040584976,-0.22162230040584976,-0.22031762407899982,-0.7060006283230215,-0.7139353703200629,-0.6473859060988423,1.4303393747923139,1.5049651806987705,0.3527776705786818,0.7268297269575603,0.3902570150465692,20,0.75
A,leiden,0.5,25,2,maxdeg_cap85_recal,10000,140216,28.0432,108,0.602149540708621,20,463,5,844,1.6906312069229987,random,0.15,0.15,0.15,ok,0.06143,21032,0.375063845481963,0.0003434110904592607,0.37564916778290386,0.7757465240876327,0.008473494616321412,0.6585688778558485,37.2,0.5308395832439574,0.86814800559805,0.001724845998978708,0.4606550579992472,0.4623799039982259,0.14787122968275793,0.004971987455537425,0.15279398999607138,0.005752344183136022,0.10776551857035536,-0.0016262132251299499,-0.00014738823151164195,776.0,5.297591032513314,0.4623799039982259,1,0.37564916778290386,0.784605990725061,0.6969400060769783,38,-0.22777793810014593,-0.22777793810014593,-0.22719261579920505,-0.6229525340915613,-0.6318120007289896,-0.5508033592854932,1.8775643104103872,1.8845945366770915,0.1269694419014031,0.4073042939812032,0.13045275862278533,1034,30.0
A,leiden,0.5,50,2,maxdeg_cap85_recal,10000,245060,49.012,100,0.6091936668570962,20,472,10,860,1.389964050143613,dspar,0.15,0.14935,0.15,ok,0.03634,36600,0.36098174076779943,0.0009267457270718551,0.36228641709464937,0.8480079094272878,0.0116670257129693,0.7061915130788915,38.6,0.5576565042739696,1.228356342400366,0.04141227599757258,0.6875700776630159,0.7289823536605885,0.0975104899135157,0.007976348130880608,0.08781788168253181,0.007228414425496392,0.038951333318620364,1.9705644934637953e-05,0.00013327833633101566,59.333333333333336,2.086813173075687,0.7289823536605885,1,0.36228641709464937,0.8559426514243292,0.7498938414350751,39,-0.2647759271811337,-0.2647759271811337,-0.26347125085428375,-0.760190027744756,-0.7681247697417974,-0.6672401797602712,1.685028912198174,1.7865180325697567,0.3620113154449845,0.9106332969991813,0.8850105821699292,57,1.5
A,leiden,0.5,25,2,maxdeg_cap85_recal,10000,140216,28.0432,108,0.602149540708621,20,463,5,844,1.6906312069229987,random,0.05,0.05,0.05,ok,0.06143,7011,0.375063845481963,0.0003434110904592607,0.37564916778290386,0.7757465240876327,0.008473494616321412,0.6585688778558485,37.2,0.5308395832439574,0.86814800559805,0.0016590330051258206,0.4610157190012008,0.46267475200632663,0.0461131951361004,0.0007838916356852888,0.08783915882088378,0.002130410504804838,0.017974689522187687,-0.002414816399303046,-0.000255596987210342,4191.333333333333,4.98262636585838,0.46267475200632663,1,0.37564916778290386,0.784605990725061,0.6969400060769783,38,-0.32953597264680345,-0.32953597264680345,-0.32895065034586257,-0.6879073652667489,-0.6967668319041772,-0.6405941883336608,1.8763677979691855,1.883120184012183,0.057757805290197826,0.10795183426307062,0.009432971310804845,3068,120.0
A,leiden,0.5,50,2,maxdeg_cap85_recal,10000,245060,49.012,100,0.6091936668570962,20,472,10,860,1.389964050143613,dspar,0.05,0.05,0.05,ok,0.03634,12252,0.36098174076779943,0.0009267457270718551,0.36228641709464937,0.8480079094272878,0.0116670257129693,0.7061915130788915,38.6,0.5576565042739696,1.228356342400366,0.04164260499965167,0.3995727469979708,0.44121535199762246,0.03962484364760225,0.0002695929606129539,0.0660840859364728,0.0003195406578371627,0.01421633158867131,-3.423987251750277e-05,5.2361998790811975e-06,1547.3333333333333,4.675839128386999,0.44121535199762246,1,0.36228641709464937,0.8559426514243292,0.7498938414350751,39,-0.3226615734470471,-0.3226615734470471,-0.32135689712019716,-0.781923823490815,-0.7898585654878565,-0.6919751814902202,2.784029016304458,3.074174481691075,0.09961503907933279,0.45566834722785393,0.15591053927138493,1239,30.0
A,leiden,0.5,50,2,maxdeg_cap85_recal,10000,245060,49.012,100,0.6091936668570962,20,472,10,860,1.389964050143613,random,0.5,0.5,0.5,ok,0.03634,122530,0.36098174076779943,0.0009267457270718551,0.36228641709464937,0.8480079094272878,0.0116670257129693,0.7061915130788915,38.6,0.5576565042739696,1.228356342400366,0.004073671996593475,0.8353305943334514,0.8394042663300448,0.3468292286174109,0.00029593038374499034,0.7132261657846368,0.002919570285641571,0.590444453119796,5.982624201905875e-05,8.146661781665563e-05,33.333333333333336,0.5397977630667528,0.8394042663300448,1,0.36228641709464937,0.8559426514243292,0.7498938414350751,39,-0.015457188477238482,-0.015457188477238482,-0.014152512150388541,-0.13478174364265094,-0.14271648563969241,-0.11574705995909551,1.463366808666409,1.470503236362997,0.36228641709464937,0.8559426514243292,0.7498938414350751,39,1.0
A,leiden,0.5,50,2,maxdeg_cap85_recal,10000,245060,49.012,100,0.6091936668570962,20,472,10,860,1.389964050143613,random,0.2,0.2,0.2,ok,0.03634,49012,0.36098174076779943,0.0009267457270718551,0.36228641709464937,0.8480079094272878,0.0116670257129693,0.7061915130788915,38.6,0.5576565042739696,1.228356342400366,0.0034863079999922775,0.5992098830029136,0.6026961910029058,0.23873492519372885,0.006470414752514087,0.3104280115933542,0.012125458281995497,0.23024474991146857,-0.00022486629562010142,0.00014482010058266558,53.666666666666664,1.5863647076706642,0.6026961910029058,1,0.36228641709464937,0.8559426514243292,0.7498938414350751,39,-0.12355149190092052,-0.12355149190092052,-0.12224681557407058,-0.5375798978339336,-0.545514639830975,-0.4759467631674229,2.03810204998366,2.0499600845108112,0.3620113154449845,0.9106332969991813,0.8850105821699292,57,1.5
A,leiden,0.5,50,2,maxdeg_cap85_recal,10000,245060,49.012,100,0.6091936668570962,20,472,10,860,1.389964050143613,random,0.15,0.15,0.15,ok,0.03634,36759,0.36098174076779943,0.0009267457270718551,0.36228641709464937,0.8480079094272878,0.0116670257129693,0.7061915130788915,38.6,0.5576565042739696,1.228356342400366,0.003664853997179307,0.5632527966639221,0.5669176506611014,0.1904099319731928,0.0041472728273885835,0.21619449917372388,0.007407849680870408,0.16034057287503425,7.635898898213999e-05,2.0519989161022217e-05,151.33333333333334,3.0724054457177385,0.5669176506611014,1,0.36228641709464937,0.8559426514243292,0.7498938414350751,39,-0.17187648512145656,-0.17187648512145656,-0.17057180879460662,-0.6318134102535639,-0.6397481522506053,-0.5458509402038573,2.166727991213431,2.1808259979813176,0.28000648208085765,0.8919808284816667,0.7893038444213691,180,8.0
A,leiden,0.5,50,2,maxdeg_cap85_recal,10000,245060,49.012,100,0.6091936668570962,20,472,10,860,1.389964050143613,random,0.05,0.05,0.05,ok,0.03634,12253,0.36098174076779943,0.0009267457270718551,0.36228641709464937,0.8480079094272878,0.0116670257129693,0.7061915130788915,38.6,0.5576565042739696,1.228356342400366,0.0032303939951816574,0.42728091500127147,0.4305113089964531,0.05686130673132981,0.005711918295053455,0.09623631857354291,0.004071241632857614,0.05238325810516862,0.0004440253280157779,-0.000118650789302058,2131.6666666666665,5.838724762578287,0.4305113089964531,1,0.36228641709464937,0.8559426514243292,0.7498938414350751,39,-0.30542511036331954,-0.30542511036331954,-0.3041204340364696,-0.7517715908537449,-0.7597063328507864,-0.6538082549737229,2.853249883873518,2.874821456504115,0.05731863434074665,0.2567281157983619,0.04496093345541409,2325,60.0
A,leiden,0.5,25,3,maxdeg_cap85_recal_recal,10000,111211,22.2422,91,0.5968834018217622,20,492,4,845,1.7969991679314459,lspar,0.5,0.49787,0.667969,ok,0.07657,55369,0.37916477080684236,0.00044701852508462593,0.37984560587803284,0.7907710017496237,0.005505872631536723,0.7075757644811886,36.8,0.4990791606580647,0.7328029720010818,0.26428098999895155,0.44957306200133945,0.713854052000291,0.37395665180790943,0.00011912693392235247,0.7873175063559325,0.0013399363997723167,0.7431076023167827,2.7746816300472463e-05,-0.00012704775512859242,43.666666666666664,0.5496090108146615,0.713854052000291,1,0.3793587355878037,0.7863120773269405,0.7036499460505959,36,-0.005402083779894262,-0.005888954070123409,-0.00520811899893292,-0.0034534953936912194,0.001005429028991922,0.035531837835594104,1.026544529582334,1.629997510835955,0.3793587355878037,0.7863120773269405,0.7036499460505959,36,1.0
A,leiden,0.5,25,3,maxdeg_cap85_recal_recal,10000,111211,22.2422,91,0.5968834018217622,20,492,4,845,1.7969991679314459,lspar,0.2,0.19919,0.28125,ok,0.07657,22152,0.37916477080684236,0.00044701852508462593,0.37984560587803284,0.7907710017496237,0.005505872631536723,0.7075757644811886,36.8,0.4990791606580647,0.7328029720010818,0.20474256899615284,0.31808585499675246,0.5228284239929053,0.35211107159974353,0.0001392936193688444,0.710292370961087,0.0018857860030517845,0.6811020800414731,3.391504520489646e-05,-7.120449440938289e-05,55.0,0.5783384748624544,0.5228284239929053,1,0.3793587355878037,0.7863120773269405,0.7036499460505959,36,-0.027247663988060167,-0.027734534278289313,-0.027053699207098825,-0.08047863078853668,-0.07601970636585353,-0.02647368443971554,1.4016127248870192,2.303789874619113,0.379178963441914,0.8550586513556313,0.8401389820665193,55,1.5
A,leiden,0.5,25,3,maxdeg_cap85_recal_recal,10000,111211,22.2422,91,0.5968834018217622,20,492,4,845,1.7969991679314459,lspar,0.15,0.14926,0.125,ok,0.07657,16599,0.37916477080684236,0.00044701852508462593,0.37984560587803284,0.7907710017496237,0.005505872631536723,0.7075757644811886,36.8,0.4990791606580647,0.7328029720010818,0.19105405099981,0.2934227733348962,0.4844768243347062,0.3255009715684092,0.0016018291209670393,0.6351211293101934,0.0042414471080261425,0.5655988552902275,2.9329730916664968e-05,2.3023917088317803e-05,58.666666666666664,0.5426312546630373,0.4844768243347062,1,0.3793587355878037,0.7863120773269405,0.7036499460505959,36,-0.053857764019394516,-0.05434463430962366,-0.053663799238433174,-0.1556498724394303,-0.15119094801674715,-0.14197690919096118,1.5125655866147618,2.497430460738989,0.379178963441914,0.8550586513556313,0.8401389820665193,55,1.5
A,leiden,0.5,25,3,maxdeg_cap85_recal_recal,10000,111211,22.2422,91,0.5968834018217622,20,492,4,845,1.7969991679314459,lspar,0.05,0.07657,0.0,floor,0.07657,8515,0.37916477080684236,0.00044701852508462593,0.37984560587803284,0.7907710017496237,0.005505872631536723,0.7075757644811886,36.8,0.4990791606580647,0.7328029720010818,0.17199114200047916,0.27846069632990594,0.4504518383303851,0.1218485469559551,0.0,0.437944551384641,5.551115123125783e-17,0.10106753848877821,0.0005467666507028576,6.987468819640243e-05,1485.0,1.4297000034972374,0.4504518383303851,1,0.3793587355878037,0.7863120773269405,0.7036499460505959,36,-0.2575101886318486,-0.25799705892207775,-0.25731622385088726,-0.35282645036498267,-0.3483675259422995,-0.6065082259924104,1.6268175854653866,2.6316208415025093,0.09899628476709119,0.19554869503584763,0.026413924219238567,1766,60.0
A,leiden,0.5,25,3,maxdeg_cap85_recal_recal,10000,111211,22.2422,91,0.5968834018217622,20,492,4,845,1.7969991679314459,dspar,0.5,0.50096,0.5,ok,0.07657,55712,0.37916477080684236,0.00044701852508462593,0.37984560587803284,0.7907710017496237,0.005505872631536723,0.7075757644811886,36.8,0.4990791606580647,0.7328029720010818,0.02073667899821885,0.7264182183353114,0.7471548973335302,0.26825485474283056,0.00969805084135717,0.320671754615976,0.006531534936594921,0.14796233747563015,-0.00022500832354169914,-0.00019237060500392045,18.333333333333332,0.814441236805978,0.7471548973335302,1,0.3793587355878037,0.7863120773269405,0.7036499460505959,36,-0.11110388084497314,-0.11159075113520228,-0.1109099160640118,-0.47009924713364765,-0.4656403227109645,-0.5596134270055585,0.9807912316660601,1.0087893633510485,0.37107726232831917,0.6582286855070382,0.4033474407617592,20,0.75
A,leiden,0.5,25,3,maxdeg_cap85_recal_recal,10000,111211,22.2422,91,0.5968834018217622,20,492,4,845,1.7969991679314459,dspar,0.2,0.20001,0.2,ok,0.07657,22243,0.37916477080684236,0.00044701852508462593,0.37984560587803284,0.7907710017496237,0.005505872631536723,0.7075757644811886,36.8,0.4990791606580647,0.7328029720010818,0.020834461000049487,0.515499759336914,0.5363342203369635,0.11937534546907318,0.005996998972252535,0.08123532521915659,0.007395777175202018,0.028412363162128505,-0.000163808548298367,1.6827181922182054e-05,271.3333333333333,3.0899138326503013,0.5363342203369635,1,0.3793587355878037,0.7863120773269405,0.7036499460505959,36,-0.2599833901187305,-0.26047026040895965,-0.25978942533776916,-0.7095356765304671,-0.705076752107784,-0.6791634013190602,1.3663177627201981,1.4215389216547536,0.289605183263793,0.7601284573208672,0.5946257739789381,186,8.0
A,leiden,0.5,25,3,maxdeg_cap85_recal_recal,10000,111211,22.2422,91,0.5968834018217622,20,492,4,845,1.7969991679314459,dspar,0.15,0.14974,0.15,ok,0.07657,16653,0.37916477080684236,0.00044701852508462593,0.37984560587803284,0.7907710017496237,0.005505872631536723,0.7075757644811886,36.8,0.4990791606580647,0.7328029720010818,0.020514177995210048,0.4598700416657569,0.48038421966096695,0.09848661059417584,0.001991937193770979,0.07596962701117414,0.004696881270999449,0.01996740604896059,0.00048239186223633,8.854932747656176e-05,708.3333333333334,3.969860849876179,0.48038421966096695,1,0.3793587355878037,0.7863120773269405,0.7036499460505959,36,-0.28087212499362785,-0.281358995283857,-0.2806781602126665,-0.7148013747384495,-0.7103424503157664,-0.687608358432228,1.5254517988085878,1.593500131790925,0.2072026886848243,0.5507594085060745,0.28285962344131993,470,15.0
A,leiden,0.5,25,3,maxdeg_cap85_recal_recal,10000,111211,22.2422,91,0.5968834018217622,20,492,4,845,1.7969991679314459,dspar,0.05,0.04961,0.05,ok,0.07657,5517,0.37916477080684236,0.00044701852508462593,0.37984560587803284,0.7907710017496237,0.005505872631536723,0.7075757644811886,36.8,0.4990791606580647,0.7328029720010818,0.020634806001908146,0.49711863133416045,0.5177534373360686,0.04775482631279187,0.0001473426573820594,0.07152761522804213,0.0003965451259159314,0.009364935376047571,0.0007942441080830463,9.373857961504391e-05,4782.333333333333,3.923991889559415,0.5177534373360686,1,0.3793587355878037,0.7863120773269405,0.7036499460505959,36,-0.3316039092750118,-0.33209077956524097,-0.3314099444940505,-0.7192433865215815,-0.7147844620988983,-0.6982108291051411,1.4153512447381913,1.474100799711318,0.07371097502811756,0.10610771150602939,0.007609802320694154,2721,120.0
A,leiden,0.5,25,3,maxdeg_cap85_recal_recal,10000,111211,22.2422,91,0.5968834018217622,20,492,4,845,1.7969991679314459,random,0.5,0.5,0.5,ok,0.07657,55606,0.37916477080684236,0.00044701852508462593,0.37984560587803284,0.7907710017496237,0.005505872631536723,0.7075757644811886,36.8,0.4990791606580647,0.7328029720010818,0.0021232770013739355,0.6524705176634598,0.6545937946648337,0.32458335165164093,0.001227182182919387,0.47758332613353716,0.0032998249462337843,0.38180435019753683,-0.000583045407828263,-1.6193411639092274e-05,40.333333333333336,0.9543922559456378,0.6545937946648337,1,0.3793587355878037,0.7863120773269405,0.7036499460505959,36,-0.05477538393616277,-0.055262254226391916,-0.05458141915520143,-0.3131876756160865,-0.3087287511934034,-0.3257714142836518,1.1194774193915067,1.1231204355796762,0.3793587355878037,0.7863120773269405,0.7036499460505959,36,1.0
A,leiden,0.5,25,3,maxdeg_cap85_recal_recal,10000,111211,22.2422,91,0.5968834018217622,20,492,4,845,1.7969991679314459,random,0.2,0.2,0.2,ok,0.07657,22242,0.37916477080684236,0.00044701852508462593,0.37984560587803284,0.7907710017496237,0.005505872631536723,0.7075757644811886,36.8,0.4990791606580647,0.7328029720010818,0.0017485230055171996,0.5032863589998063,0.5050348820053235,0.16301585542337027,0.009656055548398159,0.16668818015312636,0.009193079264142945,0.10746495422614992,-0.0006527177382473333,2.890596977080005e-07,668.0,4.6856603421270435,0.5050348820053235,1,0.3793587355878037,0.7863120773269405,0.7036499460505959,36,-0.21634288016443343,-0.21682975045466257,-0.21614891538347208,-0.6240828215964973,-0.6196238971738142,-0.6001108102550388,1.4509947690966767,1.4560358310870964,0.2072026886848243,0.5507594085060745,0.28285962344131993,470,15.0
A,leiden,0.5,25,3,maxdeg_cap85_recal_recal,10000,111211,22.2422,91,0.5968834018217622,20,492,4,845,1.7969991679314459,random,0.15,0.15,0.15,ok,0.07657,16682,0.37916477080684236,0.00044701852508462593,0.37984560587803284,0.7907710017496237,0.005505872631536723,0.7075757644811886,36.8,0.4990791606580647,0.7328029720010818,0.001485312997829169,0.4409448859999732,0.4424301989978024,0.12926927487721107,0.002405574159151631,0.1277242594312952,0.005824627634186692,0.07367652396293321,0.0007191459269416022,5.460083670540774e-05,1236.0,5.567602596356912,0.4424301989978024,1,0.3793587355878037,0.7863120773269405,0.7036499460505959,36,-0.2500894607105926,-0.2505763310008218,-0.24989549592963128,-0.6630467423183285,-0.6585878178956454,-0.6338992405182554,1.6563131849069863,1.6618924388684855,0.13969243185296454,0.344969758222988,0.091540490301273,989,30.0
A,leiden,0.5,25,3,maxdeg_cap85_recal_recal,10000,111211,22.2422,91,0.5968834018217622,20,492,4,845,1.7969991679314459,random,0.05,0.05,0.05,ok,0.07657,5561,0.37916477080684236,0.00044701852508462593,0.37984560587803284,0.7907710017496237,0.005505872631536723,0.7075757644811886,36.8,0.4990791606580647,0.7328029720010818,0.001561612996738404,0.46982078233365127,0.47138239533038967,0.04710256509961109,0.000898236303263658,0.08515177768708566,0.0004603804024859944,0.013667208987132166,-3.376687411532707e-05,-6.079816991873333e-05,5036.666666666667,4.344537933012542,0.47138239533038967,1,0.3793587355878037,0.7863120773269405,0.7036499460505959,36,-0.3322561704881926,-0.33274304077842176,-0.3320622057072313,-0.705619224062538,-0.7011602996398548,-0.6939085554940565,1.5545828169663902,1.5597500143803116,0.07371097502811756,0.10610771150602939,0.007609802320694154,2721,120.0
A,leiden,0.5,50,3,maxdeg_cap85_recal,10000,256204,51.2408,91,0.6182065853772775,20,492,11,849,1.3394145218673879,lspar,0.5,0.49798,0.765625,ok,0.03455,127584,0.3501127878439559,0.0008184037061309501,0.351667211366646,0.8288356239528932,0.010005898530803303,0.6997444329384629,35.0,0.5692126135557839,1.3176366567990043,0.7756769090046873,0.6116340589990917,1.3873109680037792,0.3499283655084308,4.7542697034662147e-05,0.8664539437025173,0.0017499081126076156,0.803007380128666,0.0009975639391210643,0.00022862853073405778,47.333333333333336,0.6619988585662561,1.3873109680037792,1,0.3500994138288451,0.8345602080646303,0.7289721418582231,36,-0.00017104832041425766,-0.00173884585821521,-0.0001844223355250696,0.03761831974962404,0.031893735637887,0.10326294719020312,0.9497774379272513,2.1542892149519113,0.3509673312123579,0.9056251223740527,0.8903094150584023,58,1.5
A,leiden,0.5,50,3,maxdeg_cap85_recal,10000,256204,51.2408,91,0.6182065853772775,20,492,11,849,1.3394145218673879,lspar,0.2,0.19967,0.484375,ok,0.03455,51155,0.3501127878439559,0.0008184037061309501,0.351667211366646,0.8288356239528932,0.010005898530803303,0.6997444329384629,35.0,0.5692126135557839,1.3176366567990043,0.6355466500026523,0.3489109973331021,0.9844576473357545,0.3487037239144452,4.860653187011106e-05,0.8924278211607758,0.001925482461912734,0.8830158480561209,-0.0008660541717377153,-9.863198109272941e-05,59.333333333333336,0.7188791127320996,0.9844576473357545,1,0.3500994138288451,0.8345602080646303,0.7289721418582231,36,-0.001395689914399867,-0.002963487452200819,-0.0014090639295106788,0.06359219720788256,0.05786761309614552,0.183271415117658,1.3384391500893256,3.776426271657665,0.3509673312123579,0.9056251223740527,0.8903094150584023,58,1.5
A,leiden,0.5,50,3,maxdeg_cap85_recal,10000,256204,51.2408,91,0.6182065853772775,20,492,11,849,1.3394145218673879,lspar,0.15,0.14992,0.390625,ok,0.03455,38411,0.3501127878439559,0.0008184037061309501,0.351667211366646,0.8288356239528932,0.010005898530803303,0.6997444329384629,35.0,0.5692126135557839,1.3176366567990043,0.6291688540077303,0.3232353696682064,0.9524042236759367,0.34754547003367575,4.006075796302077e-05,0.8850257030618957,0.0008637351669393411,0.8796611682176875,0.00035990307504557735,0.00019962748405703089,59.333333333333336,0.7112406355052641,0.9524042236759367,1,0.3500994138288451,0.8345602080646303,0.7289721418582231,36,-0.0025539437951693222,-0.0041217413329702746,-0.002567317810280134,0.05619007910900242,0.05046549499726538,0.17991673527922458,1.3834846843847481,4.076399987264784,0.3509673312123579,0.9056251223740527,0.8903094150584023,58,1.5
A,leiden,0.5,50,3,maxdeg_cap85_recal,10000,256204,51.2408,91,0.6182065853772775,20,492,11,849,1.3394145218673879,lspar,0.05,0.03455,0.0,ok,0.03455,8852,0.3501127878439559,0.0008184037061309501,0.351667211366646,0.8288356239528932,0.010005898530803303,0.6997444329384629,35.0,0.5692126135557839,1.3176366567990043,0.8871161170027335,0.2549326013298317,1.1420487183325652,0.10091447351704962,0.0,0.5763763533063561,9.064933036736789e-17,0.18402363617263237,-0.00024276036264097512,-3.365413717803051e-05,1148.0,1.49754492420094,1.1420487183325652,1,0.3500994138288451,0.8345602080646303,0.7289721418582231,36,-0.24918494031179544,-0.2507527378495964,-0.24919831432690626,-0.25245927064653717,-0.2581838547582742,-0.5157207967658305,1.153748203248986,5.168568672369394,0.08712135948337095,0.40831111933821046,0.12422631145270824,1343,30.0
A,leiden,0.5,50,3,maxdeg_cap85_recal,10000,256204,51.2408,91,0.6182065853772775,20,492,11,849,1.3394145218673879,dspar,0.5,0.5006,0.5,ok,0.03455,128255,0.3501127878439559,0.0008184037061309501,0.351667211366646,0.8288356239528932,0.010005898530803303,0.6997444329384629,35.0,0.5692126135557839,1.3176366567990043,0.04399221699713962,0.9456429416653312,0.9896351586624709,0.33549842503711863,0.003397456152949476,0.7303143117161227,0.014403272680096989,0.5560455198974646,0.00011008247982250032,-2.823753071846614e-05,32.666666666666664,0.7235101405350454,0.9896351586624709,1,0.3500994138288451,0.8345602080646303,0.7289721418582231,36,-0.014600988791726444,-0.016168786329527396,-0.014614362806837256,-0.09852131223677052,-0.10424589634850756,-0.14369891304099824,1.331436787856082,1.3933765047498488,0.3500994138288451,0.8345602080646303,0.7289721418582231,36,1.0
A,leiden,0.5,50,3,maxdeg_cap85_recal,10000,256204,51.2408,91,0.6182065853772775,20,492,11,849,1.3394145218673879,dspar,0.2,0.20052,0.2,ok,0.03455,51374,0.3501127878439559,0.0008184037061309501,0.351667211366646,0.8288356239528932,0.010005898530803303,0.6997444329384629,35.0,0.5692126135557839,1.3176366567990043,0.04222788700280944,0.8278061583332601,0.8700340453360695,0.15744336654796842,0.0034108703306643118,0.16043287612209856,0.0027282695436811233,0.08211679088840397,0.00011616727225046218,6.358522221261674e-05,16.0,0.9403152899114023,0.8700340453360695,1,0.3500994138288451,0.8345602080646303,0.7289721418582231,36,-0.19265604728087665,-0.1942238448186776,-0.19266942129598746,-0.6684027478307947,-0.6741273319425317,-0.6176276420500589,1.5144656279399258,1.5917212544685457,0.3438991330131335,0.7011984185612968,0.4089537192423917,17,0.75
A,leiden,0.5,50,3,maxdeg_cap85_recal,10000,256204,51.2408,91,0.6182065853772775,20,492,11,849,1.3394145218673879,dspar,0.15,0.15006,0.15,ok,0.03455,38446,0.3501127878439559,0.0008184037061309501,0.351667211366646,0.8288356239528932,0.010005898530803303,0.6997444329384629,35.0,0.5692126135557839,1.3176366567990043,0.04323189499700675,0.7631554133355772,0.806387308332584,0.08695610806517663,0.008471763485278871,0.08120937559520447,0.008216496959321253,0.03231449357265872,0.00025419272042663744,-0.00014816431484517416,41.333333333333336,1.7088550778129488,0.806387308332584,1,0.3500994138288451,0.8345602080646303,0.7289721418582231,36,-0.26314330576366846,-0.2647111033014694,-0.26315667977877927,-0.7476262483576888,-0.7533508324694258,-0.6674299393658042,1.6339997457593445,1.7265639917823772,0.3500994138288451,0.8345602080646303,0.7289721418582231,36,1.0
A,leiden,0.5,50,3,maxdeg_cap85_recal,10000,256204,51.2408,91,0.6182065853772775,20,492,11,849,1.3394145218673879,dspar,0.05,0.05013,0.05,ok,0.03455,12843,0.3501127878439559,0.0008184037061309501,0.351667211366646,0.8288356239528932,0.010005898530803303,0.6997444329384629,35.0,0.5692126135557839,1.3176366567990043,0.04211494999617571,0.41673701933177654,0.45885196932795225,0.036577310260465866,0.00043394288487463536,0.05413526195082985,0.0011553237620303483,0.009259605141282873,-0.00043959140997614697,4.157881612347827e-05,1442.0,4.348675617406446,0.45885196932795225,1,0.3500994138288451,0.8345602080646303,0.7289721418582231,36,-0.31352210356837923,-0.3150899011061802,-0.31353547758349004,-0.7747003620020634,-0.7804249461138004,-0.69048482779718,2.871594206577892,3.1617941187749277,0.08712135948337095,0.40831111933821046,0.12422631145270824,1343,30.0
A,leiden,0.5,50,3,maxdeg_cap85_recal,10000,256204,51.2408,91,0.6182065853772775,20,492,11,849,1.3394145218673879,random,0.5,0.5,0.5,ok,0.03455,128102,0.3501127878439559,0.0008184037061309501,0.351667211366646,0.8288356239528932,0.010005898530803303,0.6997444329384629,35.0,0.5692126135557839,1.3176366567990043,0.004159131996857468,0.8702333186690036,0.874392450665861,0.33238020221919934,0.0019069757694793014,0.6757239613946234,0.014782674123442677,0.5384501508118658,0.00026209798809296984,9.603143417782874e-05,29.333333333333332,0.6464817320240549,0.874392450665861,1,0.3500994138288451,0.8345602080646303,0.7289721418582231,36,-0.017719211609645735,-0.019287009147446688,-0.017732585624756547,-0.1531116625582698,-0.15883624667000684,-0.16129428212659713,1.5069167806693746,1.5141188328829918,0.3500994138288451,0.8345602080646303,0.7289721418582231,36,1.0
A,leiden,0.5,50,3,maxdeg_cap85_recal,10000,256204,51.2408,91,0.6182065853772775,20,492,11,849,1.3394145218673879,random,0.2,0.2,0.2,ok,0.03455,51241,0.3501127878439559,0.0008184037061309501,0.351667211366646,0.8288356239528932,0.010005898530803303,0.6997444329384629,35.0,0.5692126135557839,1.3176366567990043,0.0038488130012410693,0.5968822173332834,0.6007310303345245,0.23317439769831547,0.006140868642899473,0.3030581450041838,0.017911630186753145,0.24387726527206208,-0.0002831749837665638,-4.902522195892951e-05,39.333333333333336,1.339369012660499,0.6007310303345245,1,0.3500994138288451,0.8345602080646303,0.7289721418582231,36,-0.11692501613052961,-0.11849281366833056,-0.11693839014564042,-0.5257774789487094,-0.5315020630604465,-0.4558671676664008,2.193388705200166,2.2075321035461015,0.3500994138288451,0.8345602080646303,0.7289721418582231,36,1.0
A,leiden,0.5,50,3,maxdeg_cap85_recal,10000,256204,51.2408,91,0.6182065853772775,20,492,11,849,1.3394145218673879,random,0.15,0.15,0.15,ok,0.03455,38431,0.3501127878439559,0.0008184037061309501,0.351667211366646,0.8288356239528932,0.010005898530803303,0.6997444329384629,35.0,0.5692126135557839,1.3176366567990043,0.0032206960022449493,0.5894643319988973,0.5926850280011422,0.1791917007979312,0.004790037655698075,0.20931202570388927,0.003868357672795546,0.1555916985406234,0.0007119714702519759,4.317984775667865e-05,115.0,2.7728620342025145,0.5926850280011422,1,0.3500994138288451,0.8345602080646303,0.7289721418582231,36,-0.17090771303091387,-0.17247551056871482,-0.17092108704602468,-0.6195235982490039,-0.625248182360741,-0.5441527343978395,2.223165078495057,2.235311935381816,0.3451161471452239,0.9556539573735042,0.9645673859269107,95,5.0
A,leiden,0.5,50,3,maxdeg_cap85_recal,10000,256204,51.2408,91,0.6182065853772775,20,492,11,849,1.3394145218673879,random,0.05,0.05,0.05,ok,0.03455,12810,0.3501127878439559,0.0008184037061309501,0.351667211366646,0.8288356239528932,0.010005898530803303,0.6997444329384629,35.0,0.5692126135557839,1.3176366567990043,0.0032387190003646538,0.42936087499886827,0.4325995939992329,0.042311963034012114,0.0006933405913244552,0.0829231636767147,0.0006632188111350576,0.025736925739596666,-0.0006499363585952275,-7.38374616283376e-05,2014.3333333333333,5.422722355474711,0.4325995939992329,1,0.3500994138288451,0.8345602080646303,0.7289721418582231,36,-0.30778745079483294,-0.3093552483326339,-0.30780082480994375,-0.7459124602761785,-0.7516370443879156,-0.6740075071988663,3.045857358805891,3.068832614994269,0.04899985217684894,0.22322841780840963,0.03103259800356028,2488,60.0
A,leiden,0.5,50,1,maxdeg_cap85_recal,10000,240080,48.016,106,0.6111837720759746,20,459,10,841,1.37198858495955,lspar,0.5,0.49905,0.761719,ok,0.03693,119813,0.3605735817463544,0.0013334433369680495,0.36156793745949245,0.8135998470400485,0.007948860599546345,0.6802874221193694,36.8,0.5797339637815432,1.2320759219990578,0.7792893239966361,0.609470032332562,1.388759356329198,0.36089032874730326,2.341746366156608e-05,0.8547939144760708,0.00022273660801619215,0.8016318184683381,-0.00027034104498264706,-2.1520016420877266e-05,50.0,0.6402503393763072,1.388759356329198,1,0.3614894276466325,0.8244616229519875,0.7061188990395709,39,-0.0005990988993292423,-0.0006776087121891927,0.0003167470009488582,0.041194067436022275,0.030332291524083232,0.12134439634896865,0.8871774050586492,2.021552917513697,0.3614894276466325,0.8244616229519875,0.7061188990395709,39,1.0
A,leiden,0.5,50,1,maxdeg_cap85_recal,10000,240080,48.016,106,0.6111837720759746,20,459,10,841,1.37198858495955,lspar,0.2,0.19811,0.46875,ok,0.03693,47562,0.3605735817463544,0.0013334433369680495,0.36156793745949245,0.8135998470400485,0.007948860599546345,0.6802874221193694,36.8,0.5797339637815432,1.2320759219990578,0.5708447549986886,0.3379479753348278,0.9087927303335164,0.35936808926359665,2.7790866070235124e-05,0.8831012356766735,0.002281916355606844,0.8754863625345566,-2.4189473261996376e-05,-0.0003218082165614839,63.0,0.7199142185477213,0.9087927303335164,1,0.3614894276466325,0.8244616229519875,0.7061188990395709,39,-0.0021213383830358534,-0.002199848195895804,-0.001205492482757753,0.06950138863662503,0.058639612724685986,0.19519894041518715,1.3557281884802272,3.645756187112402,0.36199857998676377,0.8969885917578514,0.8867458747429248,61,1.5
A,leiden,0.5,50,1,maxdeg_cap85_recal,10000,240080,48.016,106,0.6111837720759746,20,459,10,841,1.37198858495955,lspar,0.15,0.14954,0.375,ok,0.03693,35901,0.3605735817463544,0.0013334433369680495,0.36156793745949245,0.8135998470400485,0.007948860599546345,0.6802874221193694,36.8,0.5797339637815432,1.2320759219990578,0.5450551459944109,0.310138090334173,0.8551932363285839,0.3584449982266223,2.6674202328478715e-05,0.8769794145407869,0.0007511971000817493,0.8773299712163513,4.974892022563699e-05,0.0001302483617494068,63.0,0.7018728385728094,0.8551932363285839,1,0.3614894276466325,0.8244616229519875,0.7061188990395709,39,-0.0030444294200102084,-0.003122939232870159,-0.002128583519732108,0.06337956750073837,0.05251779158879932,0.19704254909698182,1.4406988615677818,3.9726688220447195,0.36199857998676377,0.8969885917578514,0.8867458747429248,61,1.5
A,leiden,0.5,50,1,maxdeg_cap85_recal,10000,240080,48.016,106,0.6111837720759746,20,459,10,841,1.37198858495955,lspar,0.05,0.03693,0.0,ok,0.03693,8866,0.3605735817463544,0.0013334433369680495,0.36156793745949245,0.8135998470400485,0.007948860599546345,0.6802874221193694,36.8,0.5797339637815432,1.2320759219990578,0.8148606939939782,0.25370429000031436,1.0685649839942926,0.10909492831675509,1.3877787807814457e-17,0.5841921162139498,1.1102230246251565e-16,0.18823803688653026,-0.00027349969781639334,3.4114737633781766e-05,1134.0,1.437704322870318,1.0685649839942926,1,0.3614894276466325,0.8244616229519875,0.7061188990395709,39,-0.2523944993298774,-0.25247300914273735,-0.2514786534295993,-0.22940773082609867,-0.2402695067380377,-0.49204938523283914,1.1530191803530394,4.856346425980937,0.10135792891213576,0.44747566622833834,0.1551982418948027,1256,30.0
A,leiden,0.5,50,1,maxdeg_cap85_recal,10000,240080,48.016,106,0.6111837720759746,20,459,10,841,1.37198858495955,dspar,0.5,0.49945,0.5,ok,0.03693,119909,0.3605735817463544,0.0013334433369680495,0.36156793745949245,0.8135998470400485,0.007948860599546345,0.6802874221193694,36.8,0.5797339637815432,1.2320759219990578,0.04483318399434211,0.9573827336668425,1.0022159176611845,0.3506470358538573,0.0006164718017337778,0.7356078616177988,0.002989807436291852,0.5899353815204945,-0.0010810799780683973,-6.870885158398981e-05,34.0,0.6063324994822049,1.0022159176611845,1,0.3614894276466325,0.8244616229519875,0.7061188990395709,39,-0.010842391792775186,-0.010920901605635136,-0.009926545892497085,-0.07799198542224972,-0.08885376133418876,-0.09035204059887492,1.2293517796786593,1.286920975982219,0.3614894276466325,0.8244616229519875,0.7061188990395709,39,1.0
A,leiden,0.5,50,1,maxdeg_cap85_recal,10000,240080,48.016,106,0.6111837720759746,20,459,10,841,1.37198858495955,dspar,0.2,0.20023,0.2,ok,0.03693,48071,0.3605735817463544,0.0013334433369680495,0.36156793745949245,0.8135998470400485,0.007948860599546345,0.6802874221193694,36.8,0.5797339637815432,1.2320759219990578,0.046348456999112386,0.8251996090014776,0.87154806600059,0.1410711485308056,0.016598981737823527,0.14399081030452712,0.026359566479938777,0.0666015791707842,0.0004157647987834586,0.00029330559594515504,16.666666666666668,0.9126407627375949,0.87154806600059,1,0.3614894276466325,0.8244616229519875,0.7061188990395709,39,-0.2204182791158269,-0.22049678892868685,-0.2195024332155488,-0.6696090367355214,-0.6804708126474605,-0.6136858429485852,1.4136637668796386,1.4930641126816768,0.35430957541185604,0.6917481685526143,0.38164890195722656,18,0.75
A,leiden,0.5,50,1,maxdeg_cap85_recal,10000,240080,48.016,106,0.6111837720759746,20,459,10,841,1.37198858495955,dspar,0.15,0.14987,0.15,ok,0.03693,35980,0.3605735817463544,0.0013334433369680495,0.36156793745949245,0.8135998470400485,0.007948860599546345,0.6802874221193694,36.8,0.5797339637815432,1.2320759219990578,0.04244442000344861,0.7428683796654999,0.7853127996689485,0.09208810141276448,0.006298595692391551,0.0865411090406848,0.007151811246300176,0.035074149279812346,-0.00012268290939980862,-2.9232240380216008e-05,44.0,1.6902773554622368,0.7853127996689485,1,0.3614894276466325,0.8244616229519875,0.7061188990395709,39,-0.26940132623386803,-0.269479836046728,-0.26848548033358993,-0.7270587379993637,-0.7379205139113028,-0.6452132728395571,1.5688983071693774,1.6585386533127702,0.3614894276466325,0.8244616229519875,0.7061188990395709,39,1.0
A,leiden,0.5,50,1,maxdeg_cap85_recal,10000,240080,48.016,106,0.6111837720759746,20,459,10,841,1.37198858495955,dspar,0.05,0.04951,0.05,ok,0.03693,11886,0.3605735817463544,0.0013334433369680495,0.36156793745949245,0.8135998470400485,0.007948860599546345,0.6802874221193694,36.8,0.5797339637815432,1.2320759219990578,0.04106478400353808,0.4246791753321304,0.4657439593356685,0.038108201854564844,0.0005336387155137623,0.060226457626414244,0.0009435822858409046,0.010329462740604213,-0.002351059005587824,-0.00021515964313270665,1674.0,4.571578480038784,0.4657439593356685,1,0.3614894276466325,0.8244616229519875,0.7061188990395709,39,-0.32338122579206763,-0.3234597356049276,-0.3224653798917896,-0.7533733894136343,-0.7642351653255733,-0.6699579593787652,2.645393240862374,2.901192225956179,0.10135792891213576,0.44747566622833834,0.1551982418948027,1256,30.0
A,leiden,0.5,50,1,maxdeg_cap85_recal,10000,240080,48.016,106,0.6111837720759746,20,459,10,841,1.37198858495955,random,0.5,0.5,0.5,ok,0.03693,120040,0.3605735817463544,0.0013334433369680495,0.36156793745949245,0.8135998470400485,0.007948860599546345,0.6802874221193694,36.8,0.5797339637815432,1.2320759219990578,0.00415949599846499,0.8430976879996402,0.8472571839981052,0.3454567295138357,0.00041389778666811133,0.6794212532124532,0.0027396037726230885,0.5732152186574024,-0.0005514745926355803,7.948943347525874e-05,30.333333333333332,0.5231205310775059,0.8472571839981052,1,0.3614894276466325,0.8244616229519875,0.7061188990395709,39,-0.016032698132796785,-0.016111207945656736,-0.015116852232518685,-0.13417859382759534,-0.14504036973953438,-0.107072203461967,1.454193538005826,1.4613679286943835,0.3614894276466325,0.8244616229519875,0.7061188990395709,39,1.0
A,leiden,0.5,50,1,maxdeg_cap85_recal,10000,240080,48.016,106,0.6111837720759746,20,459,10,841,1.37198858495955,random,0.2,0.2,0.2,ok,0.03693,48016,0.3605735817463544,0.0013334433369680495,0.36156793745949245,0.8135998470400485,0.007948860599546345,0.6802874221193694,36.8,0.5797339637815432,1.2320759219990578,0.0031313329964177683,0.6184194706681106,0.6215508036645284,0.23427534259228477,0.0054102371259564285,0.29170075682667707,0.01314681895480005,0.21589044736861288,0.000662958409308168,7.222514462492938e-05,67.33333333333333,1.940425085072653,0.6215508036645284,1,0.3614894276466325,0.8244616229519875,0.7061188990395709,39,-0.12721408505434773,-0.12729259486720768,-0.12629823915406962,-0.5218990902133714,-0.5327608661253105,-0.4643969747507566,1.9822610070407858,1.9922980766889216,0.36199857998676377,0.8969885917578514,0.8867458747429248,61,1.5
A,leiden,0.5,50,1,maxdeg_cap85_recal,10000,240080,48.016,106,0.6111837720759746,20,459,10,841,1.37198858495955,random,0.15,0.15,0.15,ok,0.03693,36012,0.3605735817463544,0.0013334433369680495,0.36156793745949245,0.8135998470400485,0.007948860599546345,0.6802874221193694,36.8,0.5797339637815432,1.2320759219990578,0.0030713139931322075,0.5841023280008812,0.5871736419940135,0.18989578982646307,0.006321691248405293,0.22226191369194861,0.00873153696870763,0.16675262512616995,-6.50903387562705e-05,-0.00010461381479469139,150.33333333333334,2.9862295558200276,0.5871736419940135,1,0.3614894276466325,0.8244616229519875,0.7061188990395709,39,-0.17159363782016943,-0.17167214763302938,-0.17067779191989133,-0.5913379333480999,-0.602199709260039,-0.5135347969931995,2.098316126410217,2.1093494460395283,0.284676475146266,0.879476591327677,0.7774829099116146,176,8.0
A,leiden,0.5,50,1,maxdeg_cap85_recal,10000,240080,48.016,106,0.6111837720759746,20,459,10,841,1.37198858495955,random,0.05,0.05,0.05,ok,0.03693,12004,0.3605735817463544,0.0013334433369680495,0.36156793745949245,0.8135998470400485,0.007948860599546345,0.6802874221193694,36.8,0.5797339637815432,1.2320759219990578,0.0031613699975423515,0.42296180833363906,0.4261231783311814,0.04171321777152099,0.0010895656954774333,0.08387277928837565,0.001336279893151509,0.02327079581161412,0.00025384309889534126,1.649541128571241e-05,2150.3333333333335,5.487652767666133,0.4261231783311814,1,0.3614894276466325,0.8244616229519875,0.7061188990395709,39,-0.3197762098751115,-0.31985471968797147,-0.3188603639748334,-0.7297270677516728,-0.7405888436636119,-0.6570166263077553,2.8913609600496617,2.91297204079281,0.05764744896729162,0.2526602329780442,0.043337263864484846,2336,60.0
