network,arm,condition,sparsifier,target_ret,realized_ret,spar_seed,leiden_seed,gamma,m_sparse,n,k0,kp,match_method,agree_all_hung,agree_all_plur,n_frag_nodes,frac_frag_nodes,core_enrich_bot2,core_enrich_top2,deg_enrich_bot2,deg_enrich_top2,emb_enrich_bot2,emb_enrich_top2,frag_deg_median,all_deg_median,frag_deg_mean,all_deg_mean,frag_core_median,all_core_median,frag_core_mean,all_core_mean,frag_frac_deg_le2,all_frac_deg_le2,frag_frac_core_le1,all_frac_core_le1,lift_deg_le2,lift_core_le1,core_ah_gap,deg_ah_gap,emb_ah_gap,seconds,fsc_d0,fsc_d1,fsc_d2,fsc_d3,fsc_d4,fsc_d5,fsc_d6,fsc_d7,fsc_d8,fsc_d9,frc_d0,frc_d1,frc_d2,frc_d3,frc_d4,frc_d5,frc_d6,frc_d7,frc_d8,frc_d9,fsd_d0,fsd_d1,fsd_d2,fsd_d3,fsd_d4,fsd_d5,fsd_d6,fsd_d7,fsd_d8,fsd_d9,frd_d0,frd_d1,frd_d2,frd_d3,frd_d4,frd_d5,frd_d6,frd_d7,frd_d8,frd_d9,fse_d0,fse_d1,fse_d2,fse_d3,fse_d4,fse_d5,fse_d6,fse_d7,fse_d8,fse_d9,ahc_d0,ahc_d1,ahc_d2,ahc_d3,ahc_d4,ahc_d5,ahc_d6,ahc_d7,ahc_d8,ahc_d9,ahd_d0,ahd_d1,ahd_d2,ahd_d3,ahd_d4,ahd_d5,ahd_d6,ahd_d7,ahd_d8,ahd_d9,chk_kp_match,chk_nfrag_match,chk_agree_diff,chk_fs_maxdiff
email-Eu-core,real,jitter,,1.0,1.0,,101,1.0,16064,986,8,8,hungarian,0.9198782961460447,0.9198782961460447,0,0.0,nan,nan,nan,nan,nan,nan,nan,22.0,nan,32.5841784989858,nan,18.0,nan,17.391480730223122,nan,0.1328600405679513,nan,0.09634888438133875,nan,nan,0.07390228818800237,0.07070707070707094,0.05713598570741418,0.0005587269988609478,nan,nan,nan,nan,nan,nan,nan,nan,nan,nan,0.0,0.0,0.0,0.0,0.0,0.0,0.0,0.0,0.0,0.0,nan,nan,nan,nan,nan,nan,nan,nan,nan,nan,0.0,0.0,0.0,0.0,0.0,0.0,0.0,0.0,0.0,0.0,nan,nan,nan,nan,nan,nan,nan,nan,nan,nan,0.8787878787878788,0.8383838383838383,0.9285714285714286,0.9191919191919192,0.8979591836734694,0.898989898989899,0.9696969696969697,0.9387755102040817,0.98989898989899,0.9387755102040817,0.8888888888888888,0.8383838383838383,0.9285714285714286,0.898989898989899,0.9081632653061225,0.8888888888888888,0.9797979797979798,0.9795918367346939,0.9393939393939394,0.9489795918367347,1,1,0.0,0.0
email-Eu-core,real,jitter,,1.0,1.0,,102,1.0,16064,986,8,8,hungarian,0.9411764705882353,0.9411764705882353,0,0.0,nan,nan,nan,nan,nan,nan,nan,22.0,nan,32.5841784989858,nan,18.0,nan,17.391480730223122,nan,0.1328600405679513,nan,0.09634888438133875,nan,nan,0.04036968322682599,0.03360131931560506,0.08097986669415247,0.00042717999895103276,nan,nan,nan,nan,nan,nan,nan,nan,nan,nan,0.0,0.0,0.0,0.0,0.0,0.0,0.0,0.0,0.0,0.0,nan,nan,nan,nan,nan,nan,nan,nan,nan,nan,0.0,0.0,0.0,0.0,0.0,0.0,0.0,0.0,0.0,0.0,nan,nan,nan,nan,nan,nan,nan,nan,nan,nan,0.9494949494949495,0.9191919191919192,0.9183673469387755,0.9191919191919192,0.8877551020408163,0.9090909090909091,1.0,0.9693877551020408,1.0,0.9387755102040817,0.9595959595959596,0.9090909090909091,0.9183673469387755,0.9191919191919192,0.9183673469387755,0.9191919191919192,0.9797979797979798,0.9387755102040817,0.98989898989899,0.9591836734693877,1,1,0.0,0.0
email-Eu-core,real,dspar,dspar,0.5,0.499938,200,300,1.0,8031,986,8,10,hungarian,0.8184584178498986,0.8914807302231237,0,0.0,nan,nan,nan,nan,nan,nan,nan,22.0,nan,32.5841784989858,nan,18.0,nan,17.391480730223122,nan,0.1328600405679513,nan,0.09634888438133875,nan,nan,0.0536315536315537,0.03318903318903332,0.21892393320964754,0.0004843829992751125,nan,nan,nan,nan,nan,nan,nan,nan,nan,nan,0.0,0.0,0.0,0.0,0.0,0.0,0.0,0.0,0.0,0.0,nan,nan,nan,nan,nan,nan,nan,nan,nan,nan,0.0,0.0,0.0,0.0,0.0,0.0,0.0,0.0,0.0,0.0,nan,nan,nan,nan,nan,nan,nan,nan,nan,nan,0.797979797979798,0.8282828282828283,0.7551020408163265,0.8282828282828283,0.7755102040816326,0.797979797979798,0.8585858585858586,0.8673469387755102,0.8585858585858586,0.8163265306122449,0.8080808080808081,0.8181818181818182,0.7857142857142857,0.8080808080808081,0.7959183673469388,0.797979797979798,0.8585858585858586,0.8163265306122449,0.8686868686868687,0.826530612244898,1,1,0.0,0.0
email-Eu-core,real,dspar,dspar,0.5,0.499938,200,301,1.0,8031,986,8,8,hungarian,0.6703853955375254,0.7515212981744422,0,0.0,nan,nan,nan,nan,nan,nan,nan,22.0,nan,32.5841784989858,nan,18.0,nan,17.391480730223122,nan,0.1328600405679513,nan,0.09634888438133875,nan,nan,0.12038754895897741,0.11389404246547108,0.2014704871847729,0.000416836999647785,nan,nan,nan,nan,nan,nan,nan,nan,nan,nan,0.0,0.0,0.0,0.0,0.0,0.0,0.0,0.0,0.0,0.0,nan,nan,nan,nan,nan,nan,nan,nan,nan,nan,0.0,0.0,0.0,0.0,0.0,0.0,0.0,0.0,0.0,0.0,nan,nan,nan,nan,nan,nan,nan,nan,nan,nan,0.5656565656565656,0.6262626262626263,0.5714285714285714,0.7474747474747475,0.6428571428571429,0.6767676767676768,0.7474747474747475,0.6122448979591837,0.797979797979798,0.7142857142857143,0.5757575757575758,0.6262626262626263,0.5918367346938775,0.7171717171717171,0.6428571428571429,0.6767676767676768,0.7373737373737373,0.6938775510204082,0.7171717171717171,0.7244897959183674,1,1,0.0,0.0
email-Eu-core,real,dspar,dspar,0.5,0.499938,200,302,1.0,8031,986,8,10,hungarian,0.795131845841785,0.8853955375253549,0,0.0,nan,nan,nan,nan,nan,nan,nan,22.0,nan,32.5841784989858,nan,18.0,nan,17.391480730223122,nan,0.1328600405679513,nan,0.09634888438133875,nan,nan,0.07379921665635958,0.056792413935271124,0.24596303167731737,0.0003688889992190525,nan,nan,nan,nan,nan,nan,nan,nan,nan,nan,0.0,0.0,0.0,0.0,0.0,0.0,0.0,0.0,0.0,0.0,nan,nan,nan,nan,nan,nan,nan,nan,nan,nan,0.0,0.0,0.0,0.0,0.0,0.0,0.0,0.0,0.0,0.0,nan,nan,nan,nan,nan,nan,nan,nan,nan,nan,0.7777777777777778,0.7676767676767676,0.7142857142857143,0.797979797979798,0.7653061224489796,0.7878787878787878,0.8585858585858586,0.8673469387755102,0.8484848484848485,0.7653061224489796,0.797979797979798,0.7474747474747475,0.7346938775510204,0.7878787878787878,0.7755102040816326,0.797979797979798,0.8585858585858586,0.8061224489795918,0.8484848484848485,0.7959183673469388,1,1,0.0,0.0
email-Eu-core,real,dspar,dspar,0.5,0.502677,201,300,1.0,8075,986,8,9,hungarian,0.8377281947261663,0.8732251521298174,0,0.0,nan,nan,nan,nan,nan,nan,nan,22.0,nan,32.5841784989858,nan,18.0,nan,17.391480730223122,nan,0.1328600405679513,nan,0.09634888438133875,nan,nan,0.06661856661856669,0.06675599532742382,0.1821273964131105,0.00036435599758988246,nan,nan,nan,nan,nan,nan,nan,nan,nan,nan,0.0,0.0,0.0,0.0,0.0,0.0,0.0,0.0,0.0,0.0,nan,nan,nan,nan,nan,nan,nan,nan,nan,nan,0.0,0.0,0.0,0.0,0.0,0.0,0.0,0.0,0.0,0.0,nan,nan,nan,nan,nan,nan,nan,nan,nan,nan,0.8282828282828283,0.696969696969697,0.8673469387755102,0.797979797979798,0.8367346938775511,0.8585858585858586,0.898989898989899,0.8367346938775511,0.9393939393939394,0.8163265306122449,0.8484848484848485,0.696969696969697,0.8673469387755102,0.8080808080808081,0.7857142857142857,0.8585858585858586,0.898989898989899,0.8673469387755102,0.9191919191919192,0.826530612244898,1,1,0.0,0.0
email-Eu-core,real,dspar,dspar,0.5,0.502677,201,301,1.0,8075,986,8,7,hungarian,0.6977687626774848,0.7352941176470589,0,0.0,nan,nan,nan,nan,nan,nan,nan,22.0,nan,32.5841784989858,nan,18.0,nan,17.391480730223122,nan,0.1328600405679513,nan,0.09634888438133875,nan,nan,0.11671133099704534,0.14076135504706933,0.16127258984401838,0.0004907070033368655,nan,nan,nan,nan,nan,nan,nan,nan,nan,nan,0.0,0.0,0.0,0.0,0.0,0.0,0.0,0.0,0.0,0.0,nan,nan,nan,nan,nan,nan,nan,nan,nan,nan,0.0,0.0,0.0,0.0,0.0,0.0,0.0,0.0,0.0,0.0,nan,nan,nan,nan,nan,nan,nan,nan,nan,nan,0.6464646464646465,0.494949494949495,0.6836734693877551,0.7070707070707071,0.6938775510204082,0.8282828282828283,0.7474747474747475,0.6122448979591837,0.8282828282828283,0.7346938775510204,0.6565656565656566,0.5050505050505051,0.673469387755102,0.7070707070707071,0.6530612244897959,0.7878787878787878,0.7373737373737373,0.7448979591836735,0.7777777777777778,0.7346938775510204,1,1,0.0,0.0
email-Eu-core,real,dspar,dspar,0.5,0.502677,201,302,1.0,8075,986,8,9,hungarian,0.7758620689655172,0.8265720081135902,0,0.0,nan,nan,nan,nan,nan,nan,nan,22.0,nan,32.5841784989858,nan,18.0,nan,17.391480730223122,nan,0.1328600405679513,nan,0.09634888438133875,nan,nan,0.07699443413729135,0.07716622002336293,0.27619734762591897,0.0003895800000464078,nan,nan,nan,nan,nan,nan,nan,nan,nan,nan,0.0,0.0,0.0,0.0,0.0,0.0,0.0,0.0,0.0,0.0,nan,nan,nan,nan,nan,nan,nan,nan,nan,nan,0.0,0.0,0.0,0.0,0.0,0.0,0.0,0.0,0.0,0.0,nan,nan,nan,nan,nan,nan,nan,nan,nan,nan,0.7676767676767676,0.696969696969697,0.7346938775510204,0.7474747474747475,0.7653061224489796,0.797979797979798,0.8181818181818182,0.8163265306122449,0.8282828282828283,0.7857142857142857,0.7878787878787878,0.6868686868686869,0.7551020408163265,0.7373737373737373,0.7653061224489796,0.7474747474747475,0.8181818181818182,0.8673469387755102,0.7878787878787878,0.8061224489795918,1,1,0.0,0.0
email-Eu-core,real,lspar,lspar,0.5,0.502054,,300,1.0,8065,986,8,11,hungarian,0.7596348884381339,0.9117647058823529,0,0.0,nan,nan,nan,nan,nan,nan,nan,22.0,nan,32.5841784989858,nan,18.0,nan,17.391480730223122,nan,0.1328600405679513,nan,0.09634888438133875,nan,nan,0.059815845530131195,0.05287569573283868,0.15498522641379786,0.000425034999352647,nan,nan,nan,nan,nan,nan,nan,nan,nan,nan,0.0,0.0,0.0,0.0,0.0,0.0,0.0,0.0,0.0,0.0,nan,nan,nan,nan,nan,nan,nan,nan,nan,nan,0.0,0.0,0.0,0.0,0.0,0.0,0.0,0.0,0.0,0.0,nan,nan,nan,nan,nan,nan,nan,nan,nan,nan,0.8080808080808081,0.6161616161616161,0.7653061224489796,0.6767676767676768,0.7448979591836735,0.8080808080808081,0.8080808080808081,0.8163265306122449,0.8383838383838383,0.7142857142857143,0.8181818181818182,0.6161616161616161,0.7551020408163265,0.6868686868686869,0.7346938775510204,0.8181818181818182,0.8181818181818182,0.7142857142857143,0.8888888888888888,0.7448979591836735,1,1,0.0,0.0
email-Eu-core,real,lspar,lspar,0.5,0.502054,,301,1.0,8065,986,8,12,hungarian,0.7636916835699797,0.9117647058823529,0,0.0,nan,nan,nan,nan,nan,nan,nan,22.0,nan,32.5841784989858,nan,18.0,nan,17.391480730223122,nan,0.1328600405679513,nan,0.09634888438133875,nan,nan,0.06318284889713466,0.05627705627705648,0.14818250532536237,0.00039922500218381174,nan,nan,nan,nan,nan,nan,nan,nan,nan,nan,0.0,0.0,0.0,0.0,0.0,0.0,0.0,0.0,0.0,0.0,nan,nan,nan,nan,nan,nan,nan,nan,nan,nan,0.0,0.0,0.0,0.0,0.0,0.0,0.0,0.0,0.0,0.0,nan,nan,nan,nan,nan,nan,nan,nan,nan,nan,0.8080808080808081,0.6161616161616161,0.7653061224489796,0.6868686868686869,0.7551020408163265,0.8080808080808081,0.8181818181818182,0.8163265306122449,0.8484848484848485,0.7142857142857143,0.8181818181818182,0.6161616161616161,0.7551020408163265,0.696969696969697,0.7448979591836735,0.8181818181818182,0.8282828282828283,0.7244897959183674,0.8888888888888888,0.7448979591836735,1,1,0.0,0.0
email-Eu-core,real,lspar,lspar,0.5,0.502054,,302,1.0,8065,986,8,12,hungarian,0.7626774847870182,0.9127789046653144,0,0.0,nan,nan,nan,nan,nan,nan,nan,22.0,nan,32.5841784989858,nan,18.0,nan,17.391480730223122,nan,0.1328600405679513,nan,0.09634888438133875,nan,nan,0.0733525733525735,0.06641242355528076,0.1515151515151516,0.0003738049999810755,nan,nan,nan,nan,nan,nan,nan,nan,nan,nan,0.0,0.0,0.0,0.0,0.0,0.0,0.0,0.0,0.0,0.0,nan,nan,nan,nan,nan,nan,nan,nan,nan,nan,0.0,0.0,0.0,0.0,0.0,0.0,0.0,0.0,0.0,0.0,nan,nan,nan,nan,nan,nan,nan,nan,nan,nan,0.8181818181818182,0.5858585858585859,0.7755102040816326,0.6666666666666666,0.7551020408163265,0.8080808080808081,0.8181818181818182,0.8163265306122449,0.8383838383838383,0.7448979591836735,0.8282828282828283,0.5858585858585859,0.7653061224489796,0.6767676767676768,0.7448979591836735,0.8181818181818182,0.8282828282828283,0.7142857142857143,0.8888888888888888,0.7755102040816326,1,1,0.0,0.0
email-Eu-core,real,lspar,lspar,0.2,0.201444,,300,1.0,3236,986,8,17,hungarian,0.6115618661257607,0.9036511156186613,0,0.0,nan,nan,nan,nan,nan,nan,nan,22.0,nan,32.5841784989858,nan,18.0,nan,17.391480730223122,nan,0.1328600405679513,nan,0.09634888438133875,nan,nan,0.11361918504775637,0.10341510341510352,0.1476671476671476,0.00038338699960149825,nan,nan,nan,nan,nan,nan,nan,nan,nan,nan,0.0,0.0,0.0,0.0,0.0,0.0,0.0,0.0,0.0,0.0,nan,nan,nan,nan,nan,nan,nan,nan,nan,nan,0.0,0.0,0.0,0.0,0.0,0.0,0.0,0.0,0.0,0.0,nan,nan,nan,nan,nan,nan,nan,nan,nan,nan,0.7171717171717171,0.37373737373737376,0.6122448979591837,0.5353535353535354,0.5714285714285714,0.6767676767676768,0.5858585858585859,0.6530612244897959,0.6868686868686869,0.7040816326530612,0.7171717171717171,0.3939393939393939,0.6020408163265306,0.5353535353535354,0.5510204081632653,0.6060606060606061,0.6868686868686869,0.6020408163265306,0.7070707070707071,0.7142857142857143,1,1,0.0,0.0
email-Eu-core,real,lspar,lspar,0.2,0.201444,,301,1.0,3236,986,8,17,hungarian,0.6095334685598377,0.90973630831643,0,0.0,nan,nan,nan,nan,nan,nan,nan,22.0,nan,32.5841784989858,nan,18.0,nan,17.391480730223122,nan,0.1328600405679513,nan,0.09634888438133875,nan,nan,0.10688517831374977,0.0966810966810967,0.17133924276781431,0.00046309199751704,nan,nan,nan,nan,nan,nan,nan,nan,nan,nan,0.0,0.0,0.0,0.0,0.0,0.0,0.0,0.0,0.0,0.0,nan,nan,nan,nan,nan,nan,nan,nan,nan,nan,0.0,0.0,0.0,0.0,0.0,0.0,0.0,0.0,0.0,0.0,nan,nan,nan,nan,nan,nan,nan,nan,nan,nan,0.7171717171717171,0.40404040404040403,0.6020408163265306,0.5353535353535354,0.5612244897959183,0.6565656565656566,0.5757575757575758,0.6224489795918368,0.696969696969697,0.7244897959183674,0.7171717171717171,0.42424242424242425,0.5918367346938775,0.5353535353535354,0.5408163265306123,0.5757575757575758,0.6868686868686869,0.5714285714285714,0.7171717171717171,0.7346938775510204,1,1,0.0,0.0
email-Eu-core,real,lspar,lspar,0.2,0.201444,,302,1.0,3236,986,8,19,hungarian,0.6054766734279919,0.9269776876267748,0,0.0,nan,nan,nan,nan,nan,nan,nan,22.0,nan,32.5841784989858,nan,18.0,nan,17.391480730223122,nan,0.1328600405679513,nan,0.09634888438133875,nan,nan,0.13735999450285163,0.12725898440184158,0.13756613756613756,0.00043247799840173684,nan,nan,nan,nan,nan,nan,nan,nan,nan,nan,0.0,0.0,0.0,0.0,0.0,0.0,0.0,0.0,0.0,0.0,nan,nan,nan,nan,nan,nan,nan,nan,nan,nan,0.0,0.0,0.0,0.0,0.0,0.0,0.0,0.0,0.0,0.0,nan,nan,nan,nan,nan,nan,nan,nan,nan,nan,0.7272727272727273,0.37373737373737376,0.6020408163265306,0.494949494949495,0.5102040816326531,0.6666666666666666,0.5656565656565656,0.6530612244897959,0.7171717171717171,0.7448979591836735,0.7272727272727273,0.3939393939393939,0.5816326530612245,0.5151515151515151,0.5102040816326531,0.5656565656565656,0.6767676767676768,0.6020408163265306,0.7070707070707071,0.7755102040816326,1,1,0.0,0.0
email-Eu-core,real,resmatch,dspar,0.5,1.0,,100,1.0,16064,986,8,8,hungarian,1.0,1.0,0,0.0,nan,nan,nan,nan,nan,nan,nan,22.0,nan,32.5841784989858,nan,18.0,nan,17.391480730223122,nan,0.1328600405679513,nan,0.09634888438133875,nan,nan,0.0,0.0,0.0,0.0003949249985453207,nan,nan,nan,nan,nan,nan,nan,nan,nan,nan,0.0,0.0,0.0,0.0,0.0,0.0,0.0,0.0,0.0,0.0,nan,nan,nan,nan,nan,nan,nan,nan,nan,nan,0.0,0.0,0.0,0.0,0.0,0.0,0.0,0.0,0.0,0.0,nan,nan,nan,nan,nan,nan,nan,nan,nan,nan,1.0,1.0,1.0,1.0,1.0,1.0,1.0,1.0,1.0,1.0,1.0,1.0,1.0,1.0,1.0,1.0,1.0,1.0,1.0,1.0,1,1,0.0,0.0
email-Eu-core,real,resmatch,dspar,0.5,1.0,,101,1.0,16064,986,8,8,hungarian,0.9198782961460447,0.9198782961460447,0,0.0,nan,nan,nan,nan,nan,nan,nan,22.0,nan,32.5841784989858,nan,18.0,nan,17.391480730223122,nan,0.1328600405679513,nan,0.09634888438133875,nan,nan,0.07390228818800237,0.07070707070707094,0.05713598570741418,0.0003750280011445284,nan,nan,nan,nan,nan,nan,nan,nan,nan,nan,0.0,0.0,0.0,0.0,0.0,0.0,0.0,0.0,0.0,0.0,nan,nan,nan,nan,nan,nan,nan,nan,nan,nan,0.0,0.0,0.0,0.0,0.0,0.0,0.0,0.0,0.0,0.0,nan,nan,nan,nan,nan,nan,nan,nan,nan,nan,0.8787878787878788,0.8383838383838383,0.9285714285714286,0.9191919191919192,0.8979591836734694,0.898989898989899,0.9696969696969697,0.9387755102040817,0.98989898989899,0.9387755102040817,0.8888888888888888,0.8383838383838383,0.9285714285714286,0.898989898989899,0.9081632653061225,0.8888888888888888,0.9797979797979798,0.9795918367346939,0.9393939393939394,0.9489795918367347,1,1,0.0,0.0
email-Eu-core,real,resmatch,dspar,0.5,1.0,,102,1.0,16064,986,8,8,hungarian,0.9411764705882353,0.9411764705882353,0,0.0,nan,nan,nan,nan,nan,nan,nan,22.0,nan,32.5841784989858,nan,18.0,nan,17.391480730223122,nan,0.1328600405679513,nan,0.09634888438133875,nan,nan,0.04036968322682599,0.03360131931560506,0.08097986669415247,0.0003578809992177412,nan,nan,nan,nan,nan,nan,nan,nan,nan,nan,0.0,0.0,0.0,0.0,0.0,0.0,0.0,0.0,0.0,0.0,nan,nan,nan,nan,nan,nan,nan,nan,nan,nan,0.0,0.0,0.0,0.0,0.0,0.0,0.0,0.0,0.0,0.0,nan,nan,nan,nan,nan,nan,nan,nan,nan,nan,0.9494949494949495,0.9191919191919192,0.9183673469387755,0.9191919191919192,0.8877551020408163,0.9090909090909091,1.0,0.9693877551020408,1.0,0.9387755102040817,0.9595959595959596,0.9090909090909091,0.9183673469387755,0.9191919191919192,0.9183673469387755,0.9191919191919192,0.9797979797979798,0.9387755102040817,0.98989898989899,0.9591836734693877,1,1,0.0,0.0
email-Eu-core,real,resmatch,lspar,0.5,1.0,,100,1.5,16064,986,8,13,hungarian,0.744421906693712,0.9320486815415822,0,0.0,nan,nan,nan,nan,nan,nan,nan,22.0,nan,32.5841784989858,nan,18.0,nan,17.391480730223122,nan,0.1328600405679513,nan,0.09634888438133875,nan,nan,0.012196797911083634,0.012402940974369558,0.21232735518449808,0.00035885300167137757,nan,nan,nan,nan,nan,nan,nan,nan,nan,nan,0.0,0.0,0.0,0.0,0.0,0.0,0.0,0.0,0.0,0.0,nan,nan,nan,nan,nan,nan,nan,nan,nan,nan,0.0,0.0,0.0,0.0,0.0,0.0,0.0,0.0,0.0,0.0,nan,nan,nan,nan,nan,nan,nan,nan,nan,nan,0.7373737373737373,0.7171717171717171,0.7040816326530612,0.696969696969697,0.7551020408163265,0.8282828282828283,0.8080808080808081,0.8469387755102041,0.8686868686868687,0.47959183673469385,0.7474747474747475,0.7070707070707071,0.7040816326530612,0.696969696969697,0.7755102040816326,0.8383838383838383,0.7777777777777778,0.7653061224489796,0.8080808080808081,0.6224489795918368,1,1,0.0,0.0
email-Eu-core,real,resmatch,lspar,0.5,1.0,,101,1.5,16064,986,8,16,hungarian,0.6561866125760649,0.8975659229208925,12,0.012170385395537525,3.333333333333333,0.8333333333333333,3.3333333333333335,0.8333333333333333,2.9166666666666665,0.41666666666666663,4.0,22.0,51.083333333333336,32.5841784989858,4.0,18.0,8.75,17.391480730223122,0.3333333333333333,0.1328600405679513,0.08333333333333333,0.09634888438133875,2.508905852417303,0.8649122807017543,0.05555555555555547,0.0594379165807738,0.22909365766508627,0.0004242110007908195,0.16666666666666666,0.5,0.08333333333333333,0.08333333333333333,0.0,0.0,0.0,0.0,0.0,0.16666666666666666,0.020202020202020204,0.06060606060606061,0.01020408163265306,0.010101010101010102,0.0,0.0,0.0,0.0,0.0,0.02040816326530612,0.08333333333333333,0.5833333333333334,0.08333333333333333,0.08333333333333333,0.0,0.0,0.0,0.0,0.0,0.16666666666666666,0.010101010101010102,0.0707070707070707,0.01020408163265306,0.010101010101010102,0.0,0.0,0.0,0.0,0.0,0.02040816326530612,0.4166666666666667,0.16666666666666666,0.25,0.0,0.0,0.08333333333333333,0.0,0.0,0.0,0.08333333333333333,0.6666666666666666,0.5151515151515151,0.673469387755102,0.6161616161616161,0.6836734693877551,0.7373737373737373,0.6464646464646465,0.7040816326530612,0.8484848484848485,0.46938775510204084,0.6666666666666666,0.5353535353535354,0.6632653061224489,0.6262626262626263,0.673469387755102,0.6767676767676768,0.6767676767676768,0.7040816326530612,0.7272727272727273,0.6122448979591837,1,1,0.0,0.0
email-Eu-core,real,resmatch,lspar,0.5,1.0,,102,1.5,16064,986,8,16,hungarian,0.7058823529411765,0.947261663286004,14,0.014198782961460446,2.8571428571428568,0.7142857142857142,2.8571428571428568,0.7142857142857142,2.8571428571428568,0.3571428571428571,4.0,22.0,44.92857142857143,32.5841784989858,4.0,18.0,8.642857142857142,17.391480730223122,0.2857142857142857,0.1328600405679513,0.07142857142857142,0.09634888438133875,2.1504907306434022,0.7413533834586465,0.008692365835223037,0.00896722325293764,0.22909365766508627,0.0004188410021015443,0.14285714285714285,0.42857142857142855,0.21428571428571427,0.07142857142857142,0.0,0.0,0.0,0.0,0.0,0.14285714285714285,0.020202020202020204,0.06060606060606061,0.030612244897959183,0.010101010101010102,0.0,0.0,0.0,0.0,0.0,0.02040816326530612,0.07142857142857142,0.5,0.21428571428571427,0.07142857142857142,0.0,0.0,0.0,0.0,0.0,0.14285714285714285,0.010101010101010102,0.0707070707070707,0.030612244897959183,0.010101010101010102,0.0,0.0,0.0,0.0,0.0,0.02040816326530612,0.42857142857142855,0.14285714285714285,0.21428571428571427,0.07142857142857142,0.0,0.07142857142857142,0.0,0.0,0.0,0.07142857142857142,0.7474747474747475,0.6565656565656566,0.6428571428571429,0.696969696969697,0.7244897959183674,0.8282828282828283,0.6868686868686869,0.7755102040816326,0.8484848484848485,0.4489795918367347,0.7474747474747475,0.6565656565656566,0.6428571428571429,0.696969696969697,0.7448979591836735,0.7878787878787878,0.7070707070707071,0.7142857142857143,0.7676767676767676,0.5918367346938775,1,1,0.0,0.0
email-Eu-core,real,resmatch,lspar,0.2,1.0,,100,1.75,16064,986,8,18,hungarian,0.6987829614604463,0.9290060851926978,13,0.013184584178498986,2.6923076923076925,0.7692307692307693,2.6923076923076925,0.7692307692307693,2.3076923076923075,0.38461538461538464,4.0,22.0,47.76923076923077,32.5841784989858,4.0,18.0,8.692307692307692,17.391480730223122,0.3076923076923077,0.1328600405679513,0.07692307692307693,0.09634888438133875,2.315913094539049,0.7983805668016194,0.01199065484779771,0.012265512265512202,0.2527313955885385,0.0005338840019248892,0.15384615384615385,0.38461538461538464,0.3076923076923077,0.0,0.0,0.0,0.0,0.0,0.0,0.15384615384615385,0.020202020202020204,0.050505050505050504,0.04081632653061224,0.0,0.0,0.0,0.0,0.0,0.0,0.02040816326530612,0.07692307692307693,0.46153846153846156,0.3076923076923077,0.0,0.0,0.0,0.0,0.0,0.0,0.15384615384615385,0.010101010101010102,0.06060606060606061,0.04081632653061224,0.0,0.0,0.0,0.0,0.0,0.0,0.02040816326530612,0.38461538461538464,0.07692307692307693,0.23076923076923078,0.15384615384615385,0.0,0.07692307692307693,0.0,0.0,0.0,0.07692307692307693,0.7373737373737373,0.6262626262626263,0.6428571428571429,0.696969696969697,0.7142857142857143,0.8383838383838383,0.6868686868686869,0.7653061224489796,0.8383838383838383,0.4387755102040816,0.7373737373737373,0.6262626262626263,0.6428571428571429,0.696969696969697,0.7448979591836735,0.7878787878787878,0.7070707070707071,0.7040816326530612,0.7575757575757576,0.5816326530612245,1,1,0.0,0.0
email-Eu-core,real,resmatch,lspar,0.2,1.0,,101,1.75,16064,986,8,19,hungarian,0.6886409736308317,0.9350912778904665,16,0.016227180527383367,3.125,0.9375,3.125,0.9375,1.875,1.5625,3.5,22.0,45.3125,32.5841784989858,3.5,18.0,9.3125,17.391480730223122,0.4375,0.1328600405679513,0.1875,0.09634888438133875,3.29293893129771,1.9460526315789473,0.04552325980897409,0.052635195492338416,0.25293753865182433,0.00046567399840569124,0.3125,0.3125,0.125,0.0625,0.0,0.0,0.0,0.0,0.0,0.1875,0.050505050505050504,0.050505050505050504,0.02040816326530612,0.010101010101010102,0.0,0.0,0.0,0.0,0.0,0.030612244897959183,0.1875,0.4375,0.125,0.0625,0.0,0.0,0.0,0.0,0.0,0.1875,0.030303030303030304,0.0707070707070707,0.02040816326530612,0.010101010101010102,0.0,0.0,0.0,0.0,0.0,0.030612244897959183,0.25,0.125,0.1875,0.0625,0.0,0.0625,0.0,0.0,0.1875,0.125,0.696969696969697,0.5454545454545454,0.673469387755102,0.6565656565656566,0.7653061224489796,0.8181818181818182,0.6767676767676768,0.7551020408163265,0.8585858585858586,0.4387755102040816,0.7070707070707071,0.5454545454545454,0.6632653061224489,0.6767676767676768,0.7448979591836735,0.7777777777777778,0.696969696969697,0.7142857142857143,0.7777777777777778,0.5816326530612245,1,1,0.0,0.0
email-Eu-core,real,resmatch,lspar,0.2,1.0,,102,1.75,16064,986,8,19,hungarian,0.7028397565922921,0.9442190669371197,8,0.008113590263691683,3.125,1.25,3.125,1.25,2.5,0.0,4.0,22.0,59.75,32.5841784989858,4.0,18.0,10.875,17.391480730223122,0.375,0.1328600405679513,0.0,0.09634888438133875,2.822519083969466,0.0,0.03226138940424661,0.03253624682196121,0.2257266542980828,0.00042866500007221475,0.125,0.5,0.125,0.0,0.0,0.0,0.0,0.0,0.0,0.25,0.010101010101010102,0.04040404040404041,0.01020408163265306,0.0,0.0,0.0,0.0,0.0,0.0,0.02040816326530612,0.0,0.625,0.125,0.0,0.0,0.0,0.0,0.0,0.0,0.25,0.0,0.050505050505050504,0.01020408163265306,0.0,0.0,0.0,0.0,0.0,0.0,0.02040816326530612,0.375,0.125,0.375,0.0,0.0,0.125,0.0,0.0,0.0,0.0,0.7373737373737373,0.6060606060606061,0.6326530612244898,0.6868686868686869,0.7653061224489796,0.8282828282828283,0.696969696969697,0.7653061224489796,0.8585858585858586,0.4489795918367347,0.7373737373737373,0.6060606060606061,0.6326530612244898,0.6868686868686869,0.7857142857142857,0.7878787878787878,0.7171717171717171,0.7142857142857143,0.7777777777777778,0.5816326530612245,1,1,0.0,0.0
email-Eu-core,null,jitter,,1.0,1.0,,101,1.0,16064,986,11,9,hungarian,0.19066937119675456,0.2099391480730223,2,0.002028397565922921,5.0,0.0,5.0,0.0,0.0,5.0,1.0,22.0,1.0,32.5841784989858,1.0,20.0,1.0,17.47971602434077,1.0,0.1328600405679513,1.0,0.09634888438133875,7.526717557251909,10.378947368421052,-0.019480519480519487,0.01432694289837147,0.03442589156874867,0.0006170399974507745,1.0,0.0,0.0,0.0,0.0,0.0,0.0,0.0,0.0,0.0,0.020202020202020204,0.0,0.0,0.0,0.0,0.0,0.0,0.0,0.0,0.0,1.0,0.0,0.0,0.0,0.0,0.0,0.0,0.0,0.0,0.0,0.020202020202020204,0.0,0.0,0.0,0.0,0.0,0.0,0.0,0.0,0.0,0.0,0.0,0.0,0.0,0.0,0.0,0.0,0.0,0.0,1.0,0.24242424242424243,0.15151515151515152,0.17346938775510204,0.1919191919191919,0.14285714285714285,0.2222222222222222,0.2727272727272727,0.19387755102040816,0.12121212121212122,0.19387755102040816,0.23232323232323232,0.16161616161616163,0.16326530612244897,0.1919191919191919,0.17346938775510204,0.20202020202020202,0.18181818181818182,0.2857142857142857,0.18181818181818182,0.1326530612244898,1,1,0.0,0.0
email-Eu-core,null,jitter,,1.0,1.0,,102,1.0,16064,986,11,9,hungarian,0.1947261663286004,0.2079107505070994,2,0.002028397565922921,5.0,0.0,5.0,0.0,0.0,5.0,1.0,22.0,1.0,32.5841784989858,1.0,20.0,1.0,17.47971602434077,1.0,0.1328600405679513,1.0,0.09634888438133875,7.526717557251909,10.378947368421052,0.004019789734075463,0.01425822854394282,0.061602418745275916,0.0005867240033694543,1.0,0.0,0.0,0.0,0.0,0.0,0.0,0.0,0.0,0.0,0.020202020202020204,0.0,0.0,0.0,0.0,0.0,0.0,0.0,0.0,0.0,1.0,0.0,0.0,0.0,0.0,0.0,0.0,0.0,0.0,0.0,0.020202020202020204,0.0,0.0,0.0,0.0,0.0,0.0,0.0,0.0,0.0,0.0,0.0,0.0,0.0,0.0,0.0,0.0,0.0,0.0,1.0,0.2727272727272727,0.1111111111111111,0.19387755102040816,0.2222222222222222,0.20408163265306123,0.1717171717171717,0.18181818181818182,0.20408163265306123,0.20202020202020202,0.1836734693877551,0.2727272727272727,0.1111111111111111,0.1836734693877551,0.2222222222222222,0.20408163265306123,0.15151515151515152,0.1919191919191919,0.20408163265306123,0.1919191919191919,0.21428571428571427,1,1,0.0,0.0
email-Eu-core,null,dspar,dspar,0.5,0.501805,200,300,1.0,8061,986,11,11,hungarian,0.18052738336713997,0.19371196754563894,2,0.002028397565922921,5.0,0.0,5.0,0.0,0.0,5.0,1.0,22.0,1.0,32.5841784989858,1.0,20.0,1.0,17.47971602434077,1.0,0.1328600405679513,1.0,0.09634888438133875,7.526717557251909,10.378947368421052,-0.009723081151652574,-0.002611145468288334,0.007524221809936088,0.000574462999793468,1.0,0.0,0.0,0.0,0.0,0.0,0.0,0.0,0.0,0.0,0.020202020202020204,0.0,0.0,0.0,0.0,0.0,0.0,0.0,0.0,0.0,1.0,0.0,0.0,0.0,0.0,0.0,0.0,0.0,0.0,0.0,0.020202020202020204,0.0,0.0,0.0,0.0,0.0,0.0,0.0,0.0,0.0,0.0,0.0,0.0,0.0,0.0,0.0,0.0,0.0,0.0,1.0,0.18181818181818182,0.18181818181818182,0.20408163265306123,0.1717171717171717,0.1836734693877551,0.1717171717171717,0.1717171717171717,0.19387755102040816,0.2222222222222222,0.12244897959183673,0.18181818181818182,0.18181818181818182,0.21428571428571427,0.1414141414141414,0.16326530612244897,0.21212121212121213,0.1414141414141414,0.24489795918367346,0.13131313131313133,0.19387755102040816,1,1,0.0,0.0
email-Eu-core,null,dspar,dspar,0.5,0.501805,200,301,1.0,8061,986,11,13,hungarian,0.17342799188640973,0.22616632860040567,2,0.002028397565922921,5.0,0.0,5.0,0.0,0.0,5.0,1.0,22.0,1.0,32.5841784989858,1.0,20.0,1.0,17.47971602434077,1.0,0.1328600405679513,1.0,0.09634888438133875,7.526717557251909,10.378947368421052,-0.0029203600632171645,-0.009826152683295508,-0.0027142169999313237,0.0005113469997013453,1.0,0.0,0.0,0.0,0.0,0.0,0.0,0.0,0.0,0.0,0.020202020202020204,0.0,0.0,0.0,0.0,0.0,0.0,0.0,0.0,0.0,1.0,0.0,0.0,0.0,0.0,0.0,0.0,0.0,0.0,0.0,0.020202020202020204,0.0,0.0,0.0,0.0,0.0,0.0,0.0,0.0,0.0,0.0,0.0,0.0,0.0,0.0,0.0,0.0,0.0,0.0,1.0,0.18181818181818182,0.12121212121212122,0.20408163265306123,0.18181818181818182,0.1326530612244898,0.24242424242424243,0.1717171717171717,0.19387755102040816,0.16161616161616163,0.14285714285714285,0.1717171717171717,0.13131313131313133,0.21428571428571427,0.16161616161616163,0.15306122448979592,0.21212121212121213,0.20202020202020202,0.17346938775510204,0.1919191919191919,0.12244897959183673,1,1,0.0,0.0
email-Eu-core,null,dspar,dspar,0.5,0.501805,200,302,1.0,8061,986,11,13,hungarian,0.20385395537525355,0.24239350912778904,2,0.002028397565922921,5.0,0.0,5.0,0.0,0.0,5.0,1.0,22.0,1.0,32.5841784989858,1.0,20.0,1.0,17.47971602434077,1.0,0.1328600405679513,1.0,0.09634888438133875,7.526717557251909,10.378947368421052,0.024565381708238854,0.031436817151102886,0.06510685082113651,0.0005428270014817826,1.0,0.0,0.0,0.0,0.0,0.0,0.0,0.0,0.0,0.0,0.020202020202020204,0.0,0.0,0.0,0.0,0.0,0.0,0.0,0.0,0.0,1.0,0.0,0.0,0.0,0.0,0.0,0.0,0.0,0.0,0.0,0.020202020202020204,0.0,0.0,0.0,0.0,0.0,0.0,0.0,0.0,0.0,0.0,0.0,0.0,0.0,0.0,0.0,0.0,0.0,0.0,1.0,0.25252525252525254,0.2222222222222222,0.15306122448979592,0.2222222222222222,0.15306122448979592,0.1414141414141414,0.1919191919191919,0.19387755102040816,0.25252525252525254,0.25510204081632654,0.26262626262626265,0.21212121212121213,0.17346938775510204,0.1919191919191919,0.16326530612244897,0.12121212121212122,0.1717171717171717,0.25510204081632654,0.23232323232323232,0.25510204081632654,1,1,0.0,0.0
email-Eu-core,null,dspar,dspar,0.5,0.503299,201,300,1.0,8085,986,11,12,hungarian,0.1926977687626775,0.2302231237322515,2,0.002028397565922921,5.0,0.0,5.0,0.0,0.0,5.0,1.0,22.0,1.0,32.5841784989858,1.0,20.0,1.0,17.47971602434077,1.0,0.1328600405679513,1.0,0.09634888438133875,7.526717557251909,10.378947368421052,0.02099223527794955,0.01769394626537485,0.007386793101078815,0.000482457999169128,1.0,0.0,0.0,0.0,0.0,0.0,0.0,0.0,0.0,0.0,0.020202020202020204,0.0,0.0,0.0,0.0,0.0,0.0,0.0,0.0,0.0,1.0,0.0,0.0,0.0,0.0,0.0,0.0,0.0,0.0,0.0,0.020202020202020204,0.0,0.0,0.0,0.0,0.0,0.0,0.0,0.0,0.0,0.0,0.0,0.0,0.0,0.0,0.0,0.0,0.0,0.0,1.0,0.21212121212121213,0.20202020202020202,0.1326530612244898,0.2222222222222222,0.23469387755102042,0.16161616161616163,0.15151515151515152,0.15306122448979592,0.24242424242424243,0.21428571428571427,0.20202020202020202,0.21212121212121213,0.1326530612244898,0.21212121212121213,0.22448979591836735,0.20202020202020202,0.1414141414141414,0.14285714285714285,0.21212121212121213,0.24489795918367346,1,1,0.0,0.0
email-Eu-core,null,dspar,dspar,0.5,0.503299,201,301,1.0,8085,986,11,13,hungarian,0.16328600405679514,0.21095334685598377,2,0.002028397565922921,5.0,0.0,5.0,0.0,0.0,5.0,1.0,22.0,1.0,32.5841784989858,1.0,20.0,1.0,17.47971602434077,1.0,0.1328600405679513,1.0,0.09634888438133875,7.526717557251909,10.378947368421052,0.010891225176939467,0.010685082113653543,0.007524221809936116,0.000465717999759363,1.0,0.0,0.0,0.0,0.0,0.0,0.0,0.0,0.0,0.0,0.020202020202020204,0.0,0.0,0.0,0.0,0.0,0.0,0.0,0.0,0.0,1.0,0.0,0.0,0.0,0.0,0.0,0.0,0.0,0.0,0.0,0.020202020202020204,0.0,0.0,0.0,0.0,0.0,0.0,0.0,0.0,0.0,0.0,0.0,0.0,0.0,0.0,0.0,0.0,0.0,0.0,1.0,0.20202020202020202,0.1414141414141414,0.11224489795918367,0.12121212121212122,0.16326530612244897,0.20202020202020202,0.20202020202020202,0.14285714285714285,0.1414141414141414,0.20408163265306123,0.20202020202020202,0.1414141414141414,0.12244897959183673,0.10101010101010101,0.16326530612244897,0.20202020202020202,0.20202020202020202,0.14285714285714285,0.20202020202020202,0.15306122448979592,1,1,0.0,0.0
email-Eu-core,null,dspar,dspar,0.5,0.503299,201,302,1.0,8085,986,11,12,hungarian,0.15821501014198783,0.20486815415821502,2,0.002028397565922921,5.0,0.0,5.0,0.0,0.0,5.0,1.0,22.0,1.0,32.5841784989858,1.0,20.0,1.0,17.47971602434077,1.0,0.1328600405679513,1.0,0.09634888438133875,7.526717557251909,10.378947368421052,-0.002954717240431559,-0.0029547172404315036,-0.006321720607434911,0.00044346800132188946,1.0,0.0,0.0,0.0,0.0,0.0,0.0,0.0,0.0,0.0,0.020202020202020204,0.0,0.0,0.0,0.0,0.0,0.0,0.0,0.0,0.0,1.0,0.0,0.0,0.0,0.0,0.0,0.0,0.0,0.0,0.0,0.020202020202020204,0.0,0.0,0.0,0.0,0.0,0.0,0.0,0.0,0.0,0.0,0.0,0.0,0.0,0.0,0.0,0.0,0.0,0.0,1.0,0.1717171717171717,0.13131313131313133,0.1836734693877551,0.06060606060606061,0.17346938775510204,0.20202020202020202,0.18181818181818182,0.16326530612244897,0.1717171717171717,0.14285714285714285,0.1919191919191919,0.1111111111111111,0.1836734693877551,0.06060606060606061,0.17346938775510204,0.21212121212121213,0.1717171717171717,0.14285714285714285,0.1717171717171717,0.16326530612244897,1,1,0.0,0.0
email-Eu-core,null,lspar,lspar,0.5,0.49944,,300,1.0,8023,986,11,10,hungarian,0.20689655172413793,0.2363083164300203,2,0.002028397565922921,5.0,0.0,5.0,0.0,0.0,5.0,1.0,22.0,1.0,32.5841784989858,1.0,20.0,1.0,17.47971602434077,1.0,0.1328600405679513,1.0,0.09634888438133875,7.526717557251909,10.378947368421052,0.017900089328660773,0.031608603037174415,0.08846973132687419,0.00047842899948591366,1.0,0.0,0.0,0.0,0.0,0.0,0.0,0.0,0.0,0.0,0.020202020202020204,0.0,0.0,0.0,0.0,0.0,0.0,0.0,0.0,0.0,1.0,0.0,0.0,0.0,0.0,0.0,0.0,0.0,0.0,0.0,0.020202020202020204,0.0,0.0,0.0,0.0,0.0,0.0,0.0,0.0,0.0,0.0,0.0,0.0,0.0,0.0,0.0,0.0,0.0,0.0,1.0,0.29292929292929293,0.1717171717171717,0.15306122448979592,0.21212121212121213,0.1836734693877551,0.18181818181818182,0.20202020202020202,0.22448979591836735,0.20202020202020202,0.24489795918367346,0.30303030303030304,0.16161616161616163,0.14285714285714285,0.20202020202020202,0.21428571428571427,0.18181818181818182,0.16161616161616163,0.2755102040816326,0.1717171717171717,0.25510204081632654,1,1,0.0,0.0
email-Eu-core,null,lspar,lspar,0.5,0.49944,,301,1.0,8023,986,11,12,hungarian,0.18864097363083165,0.21095334685598377,2,0.002028397565922921,5.0,0.0,5.0,0.0,0.0,5.0,1.0,22.0,1.0,32.5841784989858,1.0,20.0,1.0,17.47971602434077,1.0,0.1328600405679513,1.0,0.09634888438133875,7.526717557251909,10.378947368421052,-0.005943791658077402,-0.002782931354359919,0.0007215007215007618,0.0004778969996550586,1.0,0.0,0.0,0.0,0.0,0.0,0.0,0.0,0.0,0.0,0.020202020202020204,0.0,0.0,0.0,0.0,0.0,0.0,0.0,0.0,0.0,1.0,0.0,0.0,0.0,0.0,0.0,0.0,0.0,0.0,0.0,0.020202020202020204,0.0,0.0,0.0,0.0,0.0,0.0,0.0,0.0,0.0,0.0,0.0,0.0,0.0,0.0,0.0,0.0,0.0,0.0,1.0,0.2222222222222222,0.1717171717171717,0.20408163265306123,0.1717171717171717,0.16326530612244897,0.16161616161616163,0.21212121212121213,0.22448979591836735,0.1414141414141414,0.21428571428571427,0.2222222222222222,0.1717171717171717,0.19387755102040816,0.18181818181818182,0.16326530612244897,0.16161616161616163,0.21212121212121213,0.19387755102040816,0.21212121212121213,0.17346938775510204,1,1,0.0,0.0
email-Eu-core,null,lspar,lspar,0.5,0.49944,,302,1.0,8023,986,11,12,hungarian,0.18255578093306288,0.23935091277890466,2,0.002028397565922921,5.0,0.0,5.0,0.0,0.0,5.0,1.0,22.0,1.0,32.5841784989858,1.0,20.0,1.0,17.47971602434077,1.0,0.1328600405679513,1.0,0.09634888438133875,7.526717557251909,10.378947368421052,-0.019480519480519487,-0.012574726860441143,0.05146705146705147,0.00045804999899701215,1.0,0.0,0.0,0.0,0.0,0.0,0.0,0.0,0.0,0.0,0.020202020202020204,0.0,0.0,0.0,0.0,0.0,0.0,0.0,0.0,0.0,1.0,0.0,0.0,0.0,0.0,0.0,0.0,0.0,0.0,0.0,0.020202020202020204,0.0,0.0,0.0,0.0,0.0,0.0,0.0,0.0,0.0,0.0,0.0,0.0,0.0,0.0,0.0,0.0,0.0,0.0,1.0,0.2727272727272727,0.21212121212121213,0.12244897959183673,0.1717171717171717,0.19387755102040816,0.1717171717171717,0.13131313131313133,0.16326530612244897,0.21212121212121213,0.17346938775510204,0.2727272727272727,0.21212121212121213,0.11224489795918367,0.1717171717171717,0.1836734693877551,0.1919191919191919,0.12121212121212122,0.15306122448979592,0.18181818181818182,0.22448979591836735,1,1,0.0,0.0
email-Eu-core,null,lspar,lspar,0.2,0.203685,,300,1.0,3272,986,11,15,hungarian,0.1663286004056795,0.22515212981744423,2,0.002028397565922921,5.0,0.0,5.0,0.0,0.0,5.0,1.0,22.0,1.0,32.5841784989858,1.0,20.0,1.0,17.47971602434077,1.0,0.1328600405679513,1.0,0.09634888438133875,7.526717557251909,10.378947368421052,0.06857692571978288,0.071703428846286,-0.0028516457087885694,0.0005490180010383483,1.0,0.0,0.0,0.0,0.0,0.0,0.0,0.0,0.0,0.0,0.020202020202020204,0.0,0.0,0.0,0.0,0.0,0.0,0.0,0.0,0.0,1.0,0.0,0.0,0.0,0.0,0.0,0.0,0.0,0.0,0.0,0.020202020202020204,0.0,0.0,0.0,0.0,0.0,0.0,0.0,0.0,0.0,0.0,0.0,0.0,0.0,0.0,0.0,0.0,0.0,0.0,1.0,0.18181818181818182,0.20202020202020202,0.07142857142857142,0.1414141414141414,0.1326530612244898,0.13131313131313133,0.1414141414141414,0.17346938775510204,0.2222222222222222,0.2653061224489796,0.18181818181818182,0.20202020202020202,0.07142857142857142,0.15151515151515152,0.1326530612244898,0.12121212121212122,0.13131313131313133,0.15306122448979592,0.30303030303030304,0.21428571428571427,1,1,0.0,0.0
email-Eu-core,null,lspar,lspar,0.2,0.203685,,301,1.0,3272,986,11,16,hungarian,0.15720081135902636,0.22515212981744423,2,0.002028397565922921,5.0,0.0,5.0,0.0,0.0,5.0,1.0,22.0,1.0,32.5841784989858,1.0,20.0,1.0,17.47971602434077,1.0,0.1328600405679513,1.0,0.09634888438133875,7.526717557251909,10.378947368421052,0.031161959733388284,0.02446231017659592,0.007352435923864503,0.0004926559995510615,1.0,0.0,0.0,0.0,0.0,0.0,0.0,0.0,0.0,0.0,0.020202020202020204,0.0,0.0,0.0,0.0,0.0,0.0,0.0,0.0,0.0,1.0,0.0,0.0,0.0,0.0,0.0,0.0,0.0,0.0,0.0,0.020202020202020204,0.0,0.0,0.0,0.0,0.0,0.0,0.0,0.0,0.0,0.0,0.0,0.0,0.0,0.0,0.0,0.0,0.0,0.0,1.0,0.26262626262626265,0.13131313131313133,0.09183673469387756,0.10101010101010101,0.09183673469387756,0.16161616161616163,0.15151515151515152,0.15306122448979592,0.23232323232323232,0.19387755102040816,0.2727272727272727,0.12121212121212122,0.10204081632653061,0.08080808080808081,0.12244897959183673,0.15151515151515152,0.15151515151515152,0.15306122448979592,0.20202020202020202,0.21428571428571427,1,1,0.0,0.0
email-Eu-core,null,lspar,lspar,0.2,0.203685,,302,1.0,3272,986,11,17,hungarian,0.1511156186612576,0.22920892494929007,2,0.002028397565922921,5.0,0.0,5.0,0.0,0.0,5.0,1.0,22.0,1.0,32.5841784989858,1.0,20.0,1.0,17.47971602434077,1.0,0.1328600405679513,1.0,0.09634888438133875,7.526717557251909,10.378947368421052,0.08860716003573146,0.09221466364323508,-0.009516938088366678,0.00046447100248769857,1.0,0.0,0.0,0.0,0.0,0.0,0.0,0.0,0.0,0.0,0.020202020202020204,0.0,0.0,0.0,0.0,0.0,0.0,0.0,0.0,0.0,1.0,0.0,0.0,0.0,0.0,0.0,0.0,0.0,0.0,0.0,0.020202020202020204,0.0,0.0,0.0,0.0,0.0,0.0,0.0,0.0,0.0,0.0,0.0,0.0,0.0,0.0,0.0,0.0,0.0,0.0,1.0,0.21212121212121213,0.06060606060606061,0.061224489795918366,0.12121212121212122,0.22448979591836735,0.09090909090909091,0.1414141414141414,0.20408163265306123,0.2222222222222222,0.17346938775510204,0.21212121212121213,0.06060606060606061,0.061224489795918366,0.1414141414141414,0.16326530612244897,0.13131313131313133,0.13131313131313133,0.24489795918367346,0.16161616161616163,0.20408163265306123,1,1,0.0,0.0
email-Eu-core,null,resmatch,dspar,0.5,1.0,,100,1.0,16064,986,11,11,hungarian,1.0,1.0,2,0.002028397565922921,5.0,0.0,5.0,0.0,0.0,5.0,1.0,22.0,1.0,32.5841784989858,1.0,20.0,1.0,17.47971602434077,1.0,0.1328600405679513,1.0,0.09634888438133875,7.526717557251909,10.378947368421052,0.0,0.0,0.0,0.000556202998268418,1.0,0.0,0.0,0.0,0.0,0.0,0.0,0.0,0.0,0.0,0.020202020202020204,0.0,0.0,0.0,0.0,0.0,0.0,0.0,0.0,0.0,1.0,0.0,0.0,0.0,0.0,0.0,0.0,0.0,0.0,0.0,0.020202020202020204,0.0,0.0,0.0,0.0,0.0,0.0,0.0,0.0,0.0,0.0,0.0,0.0,0.0,0.0,0.0,0.0,0.0,0.0,1.0,1.0,1.0,1.0,1.0,1.0,1.0,1.0,1.0,1.0,1.0,1.0,1.0,1.0,1.0,1.0,1.0,1.0,1.0,1.0,1.0,1,1,0.0,0.0
email-Eu-core,null,resmatch,dspar,0.5,1.0,,101,1.0,16064,986,11,9,hungarian,0.19066937119675456,0.2099391480730223,2,0.002028397565922921,5.0,0.0,5.0,0.0,0.0,5.0,1.0,22.0,1.0,32.5841784989858,1.0,20.0,1.0,17.47971602434077,1.0,0.1328600405679513,1.0,0.09634888438133875,7.526717557251909,10.378947368421052,-0.019480519480519487,0.01432694289837147,0.03442589156874867,0.0005960570015304256,1.0,0.0,0.0,0.0,0.0,0.0,0.0,0.0,0.0,0.0,0.020202020202020204,0.0,0.0,0.0,0.0,0.0,0.0,0.0,0.0,0.0,1.0,0.0,0.0,0.0,0.0,0.0,0.0,0.0,0.0,0.0,0.020202020202020204,0.0,0.0,0.0,0.0,0.0,0.0,0.0,0.0,0.0,0.0,0.0,0.0,0.0,0.0,0.0,0.0,0.0,0.0,1.0,0.24242424242424243,0.15151515151515152,0.17346938775510204,0.1919191919191919,0.14285714285714285,0.2222222222222222,0.2727272727272727,0.19387755102040816,0.12121212121212122,0.19387755102040816,0.23232323232323232,0.16161616161616163,0.16326530612244897,0.1919191919191919,0.17346938775510204,0.20202020202020202,0.18181818181818182,0.2857142857142857,0.18181818181818182,0.1326530612244898,1,1,0.0,0.0
email-Eu-core,null,resmatch,dspar,0.5,1.0,,102,1.0,16064,986,11,9,hungarian,0.1947261663286004,0.2079107505070994,2,0.002028397565922921,5.0,0.0,5.0,0.0,0.0,5.0,1.0,22.0,1.0,32.5841784989858,1.0,20.0,1.0,17.47971602434077,1.0,0.1328600405679513,1.0,0.09634888438133875,7.526717557251909,10.378947368421052,0.004019789734075463,0.01425822854394282,0.061602418745275916,0.0005857329997525085,1.0,0.0,0.0,0.0,0.0,0.0,0.0,0.0,0.0,0.0,0.020202020202020204,0.0,0.0,0.0,0.0,0.0,0.0,0.0,0.0,0.0,1.0,0.0,0.0,0.0,0.0,0.0,0.0,0.0,0.0,0.0,0.020202020202020204,0.0,0.0,0.0,0.0,0.0,0.0,0.0,0.0,0.0,0.0,0.0,0.0,0.0,0.0,0.0,0.0,0.0,0.0,1.0,0.2727272727272727,0.1111111111111111,0.19387755102040816,0.2222222222222222,0.20408163265306123,0.1717171717171717,0.18181818181818182,0.20408163265306123,0.20202020202020202,0.1836734693877551,0.2727272727272727,0.1111111111111111,0.1836734693877551,0.2222222222222222,0.20408163265306123,0.15151515151515152,0.1919191919191919,0.20408163265306123,0.1919191919191919,0.21428571428571427,1,1,0.0,0.0
email-Eu-core,null,resmatch,lspar,0.5,1.0,,100,1.0,16064,986,11,11,hungarian,1.0,1.0,2,0.002028397565922921,5.0,0.0,5.0,0.0,0.0,5.0,1.0,22.0,1.0,32.5841784989858,1.0,20.0,1.0,17.47971602434077,1.0,0.1328600405679513,1.0,0.09634888438133875,7.526717557251909,10.378947368421052,0.0,0.0,0.0,0.0004797950023203157,1.0,0.0,0.0,0.0,0.0,0.0,0.0,0.0,0.0,0.0,0.020202020202020204,0.0,0.0,0.0,0.0,0.0,0.0,0.0,0.0,0.0,1.0,0.0,0.0,0.0,0.0,0.0,0.0,0.0,0.0,0.0,0.020202020202020204,0.0,0.0,0.0,0.0,0.0,0.0,0.0,0.0,0.0,0.0,0.0,0.0,0.0,0.0,0.0,0.0,0.0,0.0,1.0,1.0,1.0,1.0,1.0,1.0,1.0,1.0,1.0,1.0,1.0,1.0,1.0,1.0,1.0,1.0,1.0,1.0,1.0,1.0,1.0,1,1,0.0,0.0
email-Eu-core,null,resmatch,lspar,0.5,1.0,,101,1.0,16064,986,11,9,hungarian,0.19066937119675456,0.2099391480730223,2,0.002028397565922921,5.0,0.0,5.0,0.0,0.0,5.0,1.0,22.0,1.0,32.5841784989858,1.0,20.0,1.0,17.47971602434077,1.0,0.1328600405679513,1.0,0.09634888438133875,7.526717557251909,10.378947368421052,-0.019480519480519487,0.01432694289837147,0.03442589156874867,0.0004773149994434789,1.0,0.0,0.0,0.0,0.0,0.0,0.0,0.0,0.0,0.0,0.020202020202020204,0.0,0.0,0.0,0.0,0.0,0.0,0.0,0.0,0.0,1.0,0.0,0.0,0.0,0.0,0.0,0.0,0.0,0.0,0.0,0.020202020202020204,0.0,0.0,0.0,0.0,0.0,0.0,0.0,0.0,0.0,0.0,0.0,0.0,0.0,0.0,0.0,0.0,0.0,0.0,1.0,0.24242424242424243,0.15151515151515152,0.17346938775510204,0.1919191919191919,0.14285714285714285,0.2222222222222222,0.2727272727272727,0.19387755102040816,0.12121212121212122,0.19387755102040816,0.23232323232323232,0.16161616161616163,0.16326530612244897,0.1919191919191919,0.17346938775510204,0.20202020202020202,0.18181818181818182,0.2857142857142857,0.18181818181818182,0.1326530612244898,1,1,0.0,0.0
email-Eu-core,null,resmatch,lspar,0.5,1.0,,102,1.0,16064,986,11,9,hungarian,0.1947261663286004,0.2079107505070994,2,0.002028397565922921,5.0,0.0,5.0,0.0,0.0,5.0,1.0,22.0,1.0,32.5841784989858,1.0,20.0,1.0,17.47971602434077,1.0,0.1328600405679513,1.0,0.09634888438133875,7.526717557251909,10.378947368421052,0.004019789734075463,0.01425822854394282,0.061602418745275916,0.000581406999117462,1.0,0.0,0.0,0.0,0.0,0.0,0.0,0.0,0.0,0.0,0.020202020202020204,0.0,0.0,0.0,0.0,0.0,0.0,0.0,0.0,0.0,1.0,0.0,0.0,0.0,0.0,0.0,0.0,0.0,0.0,0.0,0.020202020202020204,0.0,0.0,0.0,0.0,0.0,0.0,0.0,0.0,0.0,0.0,0.0,0.0,0.0,0.0,0.0,0.0,0.0,0.0,1.0,0.2727272727272727,0.1111111111111111,0.19387755102040816,0.2222222222222222,0.20408163265306123,0.1717171717171717,0.18181818181818182,0.20408163265306123,0.20202020202020202,0.1836734693877551,0.2727272727272727,0.1111111111111111,0.1836734693877551,0.2222222222222222,0.20408163265306123,0.15151515151515152,0.1919191919191919,0.20408163265306123,0.1919191919191919,0.21428571428571427,1,1,0.0,0.0
email-Eu-core,null,resmatch,lspar,0.2,1.0,,100,1.125,16064,986,11,17,hungarian,0.21703853955375255,0.33772819472616633,2,0.002028397565922921,5.0,0.0,5.0,0.0,0.0,5.0,1.0,22.0,1.0,32.5841784989858,1.0,20.0,1.0,17.47971602434077,1.0,0.1328600405679513,1.0,0.09634888438133875,7.526717557251909,10.378947368421052,0.017865732151446434,0.017797017797017867,0.06503813646670792,0.0005387860001064837,1.0,0.0,0.0,0.0,0.0,0.0,0.0,0.0,0.0,0.0,0.020202020202020204,0.0,0.0,0.0,0.0,0.0,0.0,0.0,0.0,0.0,1.0,0.0,0.0,0.0,0.0,0.0,0.0,0.0,0.0,0.0,0.020202020202020204,0.0,0.0,0.0,0.0,0.0,0.0,0.0,0.0,0.0,0.0,0.0,0.0,0.0,0.0,0.0,0.0,0.0,0.0,1.0,0.2828282828282828,0.21212121212121213,0.21428571428571427,0.1717171717171717,0.21428571428571427,0.16161616161616163,0.15151515151515152,0.29591836734693877,0.24242424242424243,0.22448979591836735,0.29292929292929293,0.20202020202020202,0.21428571428571427,0.15151515151515152,0.24489795918367346,0.16161616161616163,0.1414141414141414,0.25510204081632654,0.26262626262626265,0.24489795918367346,1,1,0.0,0.0
email-Eu-core,null,resmatch,lspar,0.2,1.0,,101,1.125,16064,986,11,15,hungarian,0.19776876267748478,0.26774847870182555,2,0.002028397565922921,5.0,0.0,5.0,0.0,0.0,5.0,1.0,22.0,1.0,32.5841784989858,1.0,20.0,1.0,17.47971602434077,1.0,0.1328600405679513,1.0,0.09634888438133875,7.526717557251909,10.378947368421052,0.010856867999725156,0.010925582354153834,0.0482718339861197,0.00048051599878817797,1.0,0.0,0.0,0.0,0.0,0.0,0.0,0.0,0.0,0.0,0.020202020202020204,0.0,0.0,0.0,0.0,0.0,0.0,0.0,0.0,0.0,1.0,0.0,0.0,0.0,0.0,0.0,0.0,0.0,0.0,0.0,0.020202020202020204,0.0,0.0,0.0,0.0,0.0,0.0,0.0,0.0,0.0,0.0,0.0,0.0,0.0,0.0,0.0,0.0,0.0,0.0,1.0,0.26262626262626265,0.16161616161616163,0.16326530612244897,0.1919191919191919,0.19387755102040816,0.20202020202020202,0.18181818181818182,0.20408163265306123,0.23232323232323232,0.1836734693877551,0.2727272727272727,0.15151515151515152,0.17346938775510204,0.18181818181818182,0.1836734693877551,0.20202020202020202,0.18181818181818182,0.23469387755102042,0.21212121212121213,0.1836734693877551,1,1,0.0,0.0
email-Eu-core,null,resmatch,lspar,0.2,1.0,,102,1.125,16064,986,11,17,hungarian,0.16227180527383367,0.27281947261663286,2,0.002028397565922921,5.0,0.0,5.0,0.0,0.0,5.0,1.0,22.0,1.0,32.5841784989858,1.0,20.0,1.0,17.47971602434077,1.0,0.1328600405679513,1.0,0.09634888438133875,7.526717557251909,10.378947368421052,0.0006871435442863671,0.004054146911289774,0.03116195973338831,0.000576252001337707,1.0,0.0,0.0,0.0,0.0,0.0,0.0,0.0,0.0,0.0,0.020202020202020204,0.0,0.0,0.0,0.0,0.0,0.0,0.0,0.0,0.0,1.0,0.0,0.0,0.0,0.0,0.0,0.0,0.0,0.0,0.0,0.020202020202020204,0.0,0.0,0.0,0.0,0.0,0.0,0.0,0.0,0.0,0.0,0.0,0.0,0.0,0.0,0.0,0.0,0.0,0.0,1.0,0.2222222222222222,0.1717171717171717,0.14285714285714285,0.09090909090909091,0.15306122448979592,0.1717171717171717,0.13131313131313133,0.1326530612244898,0.1919191919191919,0.21428571428571427,0.2222222222222222,0.1717171717171717,0.14285714285714285,0.09090909090909091,0.16326530612244897,0.16161616161616163,0.12121212121212122,0.16326530612244897,0.20202020202020202,0.1836734693877551,1,1,0.0,0.0
wiki-Vote,real,jitter,,1.0,1.0,,101,1.0,100736,7066,6,7,hungarian,0.8655533540900084,0.8683838097933767,5,0.0007076139258420605,3.0000000000000004,0.0,1.0,0.0,0.0,1.0,1.0,4.0,1.8,28.512878573450326,1.0,4.0,1.0,14.86371355788282,0.8,0.41140673648457404,1.0,0.3226719501839796,1.9445476436188511,3.0991228070175443,0.014569668217327858,0.011730128901194403,0.13811033066074707,0.001100348999898415,0.4,0.2,0.2,0.2,0.0,0.0,0.0,0.0,0.0,0.0,0.002828854314002829,0.0014144271570014145,0.00141643059490085,0.0014144271570014145,0.0,0.0,0.0,0.0,0.0,0.0,0.0,0.2,0.6,0.0,0.0,0.2,0.0,0.0,0.0,0.0,0.0,0.0014144271570014145,0.00424929178470255,0.0,0.0,0.0014144271570014145,0.0,0.0,0.0,0.0,0.0,0.0,0.0,0.0,0.2,0.0,0.2,0.4,0.2,0.0,0.8684582743988685,0.8811881188118812,0.8725212464589235,0.7736916548797736,0.830028328611898,0.8684582743988685,0.8953323903818954,0.8951841359773371,0.8910891089108911,0.8796033994334278,0.8528995756718529,0.8826025459688827,0.8923512747875354,0.7581329561527581,0.8385269121813032,0.8684582743988685,0.8995756718528995,0.8909348441926346,0.8910891089108911,0.8810198300283286,1,1,0.0,0.0
wiki-Vote,real,jitter,,1.0,1.0,,102,1.0,100736,7066,6,6,hungarian,0.7090291536937446,0.7128502688932918,5,0.0007076139258420605,3.0000000000000004,0.0,1.0,0.0,0.0,1.0,1.0,4.0,1.8,28.512878573450326,1.0,4.0,1.0,14.86371355788282,0.8,0.41140673648457404,1.0,0.3226719501839796,1.9445476436188511,3.0991228070175443,-0.001077849589896207,-0.0015673562499917137,0.09041648802678737,0.0009366520025650971,0.4,0.2,0.2,0.2,0.0,0.0,0.0,0.0,0.0,0.0,0.002828854314002829,0.0014144271570014145,0.00141643059490085,0.0014144271570014145,0.0,0.0,0.0,0.0,0.0,0.0,0.0,0.2,0.6,0.0,0.0,0.2,0.0,0.0,0.0,0.0,0.0,0.0014144271570014145,0.00424929178470255,0.0,0.0,0.0014144271570014145,0.0,0.0,0.0,0.0,0.0,0.0,0.0,0.0,0.2,0.0,0.2,0.4,0.2,0.0,0.7128712871287128,0.7157001414427157,0.6898016997167139,0.6817538896746818,0.7082152974504249,0.751060820367751,0.7157001414427157,0.7308781869688386,0.7114568599717115,0.6728045325779037,0.6944837340876945,0.7171145685997171,0.7124645892351275,0.6718528995756718,0.7082152974504249,0.7496463932107497,0.7171145685997171,0.7110481586402266,0.7312588401697313,0.6770538243626062,1,1,0.0,0.0
wiki-Vote,real,dspar,dspar,0.5,0.498829,200,300,1.0,50250,7066,6,6,hungarian,0.636994056043023,0.6453439003679592,0,0.0,nan,nan,nan,nan,nan,nan,nan,4.0,nan,28.512878573450326,nan,4.0,nan,14.86371355788282,nan,0.41140673648457404,nan,0.3226719501839796,nan,nan,0.020584656604065832,0.018223271133264718,0.09886966033713851,0.0008111300012387801,nan,nan,nan,nan,nan,nan,nan,nan,nan,nan,0.0,0.0,0.0,0.0,0.0,0.0,0.0,0.0,0.0,0.0,nan,nan,nan,nan,nan,nan,nan,nan,nan,nan,0.0,0.0,0.0,0.0,0.0,0.0,0.0,0.0,0.0,0.0,nan,nan,nan,nan,nan,nan,nan,nan,nan,nan,0.6181046676096181,0.6308345120226309,0.6090651558073654,0.6181046676096181,0.6317280453257791,0.6775106082036775,0.6647807637906648,0.7082152974504249,0.6506364922206507,0.5609065155807366,0.6166902404526167,0.637906647807638,0.6189801699716714,0.6025459688826026,0.6303116147308782,0.6718528995756718,0.6633663366336634,0.6798866855524079,0.6577086280056577,0.5906515580736544,1,1,0.0,0.0
wiki-Vote,real,dspar,dspar,0.5,0.498829,200,301,1.0,50250,7066,6,8,hungarian,0.7536088310217945,0.7618171525615625,5,0.0007076139258420605,3.0000000000000004,0.0,1.0,0.0,0.0,1.0,1.0,4.0,1.8,28.512878573450326,1.0,4.0,1.0,14.86371355788282,0.8,0.41140673648457404,1.0,0.3226719501839796,1.9445476436188511,3.0991228070175443,0.022542683244447526,0.027714892088156695,0.1625876671034162,0.000884466997376876,0.4,0.2,0.2,0.2,0.0,0.0,0.0,0.0,0.0,0.0,0.002828854314002829,0.0014144271570014145,0.00141643059490085,0.0014144271570014145,0.0,0.0,0.0,0.0,0.0,0.0,0.0,0.2,0.6,0.0,0.0,0.2,0.0,0.0,0.0,0.0,0.0,0.0014144271570014145,0.00424929178470255,0.0,0.0,0.0014144271570014145,0.0,0.0,0.0,0.0,0.0,0.0,0.0,0.0,0.2,0.0,0.2,0.4,0.2,0.0,0.7553041018387553,0.7666195190947667,0.7337110481586402,0.6265912305516266,0.7422096317280453,0.7779349363507779,0.8104667609618105,0.8059490084985835,0.7765205091937766,0.7407932011331445,0.7128712871287128,0.7538896746817539,0.7705382436260623,0.637906647807638,0.7507082152974505,0.7751060820367751,0.8147100424328148,0.8016997167138811,0.7666195190947667,0.7521246458923513,1,1,0.0,0.0
wiki-Vote,real,dspar,dspar,0.5,0.498829,200,302,1.0,50250,7066,6,7,hungarian,0.7557316727993207,0.7612510614208887,5,0.0007076139258420605,3.0000000000000004,0.0,1.0,0.0,0.0,1.0,1.0,4.0,1.8,28.512878573450326,1.0,4.0,1.0,14.86371355788282,0.8,0.41140673648457404,1.0,0.3226719501839796,1.9445476436188511,3.0991228070175443,0.02536552724475205,0.02864849414929349,0.1144644209463439,0.000958357999479631,0.4,0.2,0.2,0.2,0.0,0.0,0.0,0.0,0.0,0.0,0.002828854314002829,0.0014144271570014145,0.00141643059490085,0.0014144271570014145,0.0,0.0,0.0,0.0,0.0,0.0,0.0,0.2,0.6,0.0,0.0,0.2,0.0,0.0,0.0,0.0,0.0,0.0014144271570014145,0.00424929178470255,0.0,0.0,0.0014144271570014145,0.0,0.0,0.0,0.0,0.0,0.0,0.0,0.0,0.2,0.0,0.2,0.4,0.2,0.0,0.7256011315417256,0.7623762376237624,0.7407932011331445,0.6619519094766619,0.7592067988668555,0.7963224893917963,0.8062234794908062,0.7875354107648725,0.7637906647807637,0.7535410764872521,0.71004243281471,0.7425742574257426,0.7677053824362606,0.6591230551626591,0.7662889518413598,0.7906647807637907,0.8147100424328148,0.7790368271954674,0.7751060820367751,0.7521246458923513,1,1,0.0,0.0
wiki-Vote,real,dspar,dspar,0.5,0.499772,201,300,1.0,50345,7066,6,8,hungarian,0.7203509765072177,0.7287008208321539,5,0.0007076139258420605,3.0000000000000004,0.0,1.0,0.0,0.0,1.0,1.0,4.0,1.8,28.512878573450326,1.0,4.0,1.0,14.86371355788282,0.8,0.41140673648457404,1.0,0.3226719501839796,1.9445476436188511,3.0991228070175443,0.01071505369881387,0.016829546167890674,0.10644399122227066,0.0009090389976336155,0.4,0.2,0.2,0.2,0.0,0.0,0.0,0.0,0.0,0.0,0.002828854314002829,0.0014144271570014145,0.00141643059490085,0.0014144271570014145,0.0,0.0,0.0,0.0,0.0,0.0,0.0,0.2,0.6,0.0,0.0,0.2,0.0,0.0,0.0,0.0,0.0,0.0014144271570014145,0.00424929178470255,0.0,0.0,0.0014144271570014145,0.0,0.0,0.0,0.0,0.0,0.0,0.0,0.0,0.2,0.0,0.2,0.4,0.2,0.0,0.7142857142857143,0.7157001414427157,0.7039660056657224,0.6534653465346535,0.7223796033994334,0.768033946251768,0.7595473833097596,0.7507082152974505,0.7355021216407355,0.6798866855524079,0.685997171145686,0.7029702970297029,0.7337110481586402,0.652050919377652,0.7351274787535411,0.7623762376237624,0.7581329561527581,0.7365439093484419,0.743988684582744,0.6926345609065155,1,1,0.0,0.0
wiki-Vote,real,dspar,dspar,0.5,0.499772,201,301,1.0,50345,7066,6,9,hungarian,0.749646193037079,0.7575714690065101,11,0.0015567506368525334,3.1818181818181817,0.45454545454545453,1.8181818181818181,0.45454545454545453,0.45454545454545453,1.8181818181818181,1.0,4.0,5.7272727272727275,28.512878573450326,1.0,4.0,4.181818181818182,14.86371355788282,0.8181818181818182,0.41140673648457404,0.9090909090909091,0.3226719501839796,1.9887419082465523,2.817384370015949,0.010267619234606618,0.01402406529604805,0.13804622064796523,0.000963312999374466,0.36363636363636365,0.2727272727272727,0.18181818181818182,0.09090909090909091,0.0,0.0,0.0,0.0,0.09090909090909091,0.0,0.005657708628005658,0.004243281471004243,0.0028328611898017,0.0014144271570014145,0.0,0.0,0.0,0.0,0.0014144271570014145,0.0,0.18181818181818182,0.18181818181818182,0.45454545454545453,0.0,0.0,0.09090909090909091,0.0,0.0,0.09090909090909091,0.0,0.002828854314002829,0.002828854314002829,0.007082152974504249,0.0,0.0,0.0014144271570014145,0.0,0.0,0.0014144271570014145,0.0,0.0,0.09090909090909091,0.0,0.0,0.09090909090909091,0.0,0.18181818181818182,0.2727272727272727,0.18181818181818182,0.18181818181818182,0.7340876944837341,0.7708628005657708,0.7393767705382436,0.6605374823196606,0.7351274787535411,0.7821782178217822,0.7991513437057991,0.7818696883852692,0.7581329561527581,0.7351274787535411,0.71004243281471,0.7553041018387553,0.7662889518413598,0.6647807637906648,0.7422096317280453,0.7779349363507779,0.8062234794908062,0.7691218130311614,0.7623762376237624,0.7422096317280453,1,1,0.0,0.0
wiki-Vote,real,dspar,dspar,0.5,0.499772,201,302,1.0,50345,7066,6,8,hungarian,0.7735635437305406,0.7817718652703085,5,0.0007076139258420605,3.0000000000000004,0.0,1.0,0.0,0.0,1.0,1.0,4.0,1.8,28.512878573450326,1.0,4.0,1.0,14.86371355788282,0.8,0.41140673648457404,1.0,0.3226719501839796,1.9445476436188511,3.0991228070175443,0.018296730522910587,0.026791307216516902,0.16683695888811867,0.0009131199985858984,0.4,0.2,0.2,0.2,0.0,0.0,0.0,0.0,0.0,0.0,0.002828854314002829,0.0014144271570014145,0.00141643059490085,0.0014144271570014145,0.0,0.0,0.0,0.0,0.0,0.0,0.0,0.2,0.6,0.0,0.0,0.2,0.0,0.0,0.0,0.0,0.0,0.0014144271570014145,0.00424929178470255,0.0,0.0,0.0014144271570014145,0.0,0.0,0.0,0.0,0.0,0.0,0.0,0.0,0.2,0.0,0.2,0.4,0.2,0.0,0.7609618104667609,0.7892503536067893,0.7634560906515581,0.6619519094766619,0.7606232294617564,0.785007072135785,0.8458274398868458,0.8328611898016998,0.7977369165487977,0.7379603399433428,0.751060820367751,0.7652050919377652,0.773371104815864,0.6775106082036775,0.7705382436260623,0.785007072135785,0.842998585572843,0.8243626062322946,0.7722772277227723,0.773371104815864,1,1,0.0,0.0
wiki-Vote,real,lspar,lspar,0.5,0.501767,,300,1.0,50546,7066,6,10,hungarian,0.846164732521936,0.8553637135578828,12,0.0016982734220209455,1.6666666666666665,0.0,1.25,0.0,0.41666666666666663,2.083333333333333,1.0,4.0,2.5,28.512878573450326,1.0,4.0,1.75,14.86371355788282,0.75,0.41140673648457404,0.8333333333333334,0.3226719501839796,1.8230134158926727,2.5826023391812867,0.04193128742255048,0.04429467633125095,0.12582057477297715,0.0009059379990503658,0.16666666666666666,0.16666666666666666,0.4166666666666667,0.08333333333333333,0.0,0.16666666666666666,0.0,0.0,0.0,0.0,0.002828854314002829,0.002828854314002829,0.007082152974504249,0.0014144271570014145,0.0,0.002828854314002829,0.0,0.0,0.0,0.0,0.16666666666666666,0.08333333333333333,0.5,0.0,0.0,0.25,0.0,0.0,0.0,0.0,0.002828854314002829,0.0014144271570014145,0.0084985835694051,0.0,0.0,0.004243281471004243,0.0,0.0,0.0,0.0,0.08333333333333333,0.0,0.0,0.08333333333333333,0.08333333333333333,0.0,0.16666666666666666,0.16666666666666666,0.25,0.16666666666666666,0.8401697312588402,0.8472418670438473,0.8286118980169972,0.7326732673267327,0.8215297450424929,0.8642149929278642,0.8854314002828855,0.8852691218130312,0.8769448373408769,0.8796033994334278,0.8543140028288543,0.8401697312588402,0.8130311614730878,0.7454031117397454,0.8186968838526912,0.8571428571428571,0.8925035360678925,0.8796033994334278,0.8783592644978784,0.8824362606232294,1,1,0.0,0.0
wiki-Vote,real,lspar,lspar,0.5,0.501767,,301,1.0,50546,7066,6,7,hungarian,0.7618171525615625,0.7677611095386357,4,0.0005660911406736484,1.25,0.0,0.0,0.0,0.0,3.75,1.0,4.0,2.75,28.512878573450326,1.0,4.0,2.0,14.86371355788282,0.75,0.41140673648457404,0.75,0.3226719501839796,1.8230134158926727,2.324342105263158,-0.011895078621581345,-0.00953703221394564,0.20408621193968857,0.0008017489999474492,0.0,0.25,0.5,0.0,0.0,0.25,0.0,0.0,0.0,0.0,0.0,0.0014144271570014145,0.0028328611898017,0.0,0.0,0.0014144271570014145,0.0,0.0,0.0,0.0,0.0,0.0,0.75,0.0,0.0,0.25,0.0,0.0,0.0,0.0,0.0,0.0,0.00424929178470255,0.0,0.0,0.0014144271570014145,0.0,0.0,0.0,0.0,0.0,0.0,0.0,0.25,0.0,0.0,0.0,0.0,0.5,0.25,0.7835926449787836,0.7821782178217822,0.7818696883852692,0.6506364922206507,0.726628895184136,0.7807637906647807,0.8005657708628006,0.7889518413597734,0.7595473833097596,0.7634560906515581,0.7878359264497878,0.7708628005657708,0.7776203966005666,0.6548797736916548,0.7337110481586402,0.7751060820367751,0.8104667609618105,0.773371104815864,0.7581329561527581,0.7762039660056658,1,1,0.0,0.0
wiki-Vote,real,lspar,lspar,0.5,0.501767,,302,1.0,50546,7066,6,8,hungarian,0.7623832437022361,0.7633739031984149,12,0.0016982734220209455,1.6666666666666665,0.0,0.41666666666666663,0.0,0.41666666666666663,1.6666666666666665,1.0,4.0,2.4166666666666665,28.512878573450326,1.0,4.0,1.6666666666666667,14.86371355788282,0.75,0.41140673648457404,0.6666666666666666,0.3226719501839796,1.8230134158926727,2.066081871345029,0.01310782636337271,0.013560603328645282,0.13993679821239902,0.0008902700028556865,0.16666666666666666,0.16666666666666666,0.25,0.25,0.08333333333333333,0.08333333333333333,0.0,0.0,0.0,0.0,0.002828854314002829,0.002828854314002829,0.00424929178470255,0.004243281471004243,0.00141643059490085,0.0014144271570014145,0.0,0.0,0.0,0.0,0.0,0.08333333333333333,0.5,0.16666666666666666,0.0,0.25,0.0,0.0,0.0,0.0,0.0,0.0014144271570014145,0.0084985835694051,0.002828854314002829,0.0,0.004243281471004243,0.0,0.0,0.0,0.0,0.0,0.08333333333333333,0.0,0.08333333333333333,0.08333333333333333,0.08333333333333333,0.08333333333333333,0.25,0.25,0.08333333333333333,0.7623762376237624,0.7751060820367751,0.7620396600566572,0.6449787835926449,0.7422096317280453,0.7878359264497878,0.8104667609618105,0.78328611898017,0.7751060820367751,0.7804532577903682,0.7326732673267327,0.7751060820367751,0.7889518413597734,0.6421499292786421,0.7478753541076487,0.7835926449787836,0.8161244695898161,0.7691218130311614,0.7864214992927864,0.7818696883852692,1,1,0.0,0.0
wiki-Vote,real,lspar,lspar,0.2,0.19704,,300,1.0,19849,7066,6,14,hungarian,0.635295782621002,0.7836116614774978,4,0.0005660911406736484,1.25,0.0,0.0,0.0,0.0,3.75,1.0,4.0,2.75,28.512878573450326,1.0,4.0,2.0,14.86371355788282,0.75,0.41140673648457404,0.75,0.3226719501839796,1.8230134158926727,2.324342105263158,0.042776738216112054,0.03946371974307905,0.1879979377945888,0.0009283760009566322,0.0,0.25,0.5,0.0,0.0,0.25,0.0,0.0,0.0,0.0,0.0,0.0014144271570014145,0.0028328611898017,0.0,0.0,0.0014144271570014145,0.0,0.0,0.0,0.0,0.0,0.0,0.75,0.0,0.0,0.25,0.0,0.0,0.0,0.0,0.0,0.0,0.00424929178470255,0.0,0.0,0.0014144271570014145,0.0,0.0,0.0,0.0,0.0,0.0,0.0,0.25,0.0,0.0,0.0,0.0,0.5,0.25,0.6393210749646393,0.628005657708628,0.6331444759206799,0.5289957567185289,0.5552407932011332,0.637906647807638,0.7015558698727016,0.6713881019830028,0.6661951909476662,0.6912181303116147,0.6166902404526167,0.6421499292786421,0.6458923512747875,0.5134370579915134,0.5609065155807366,0.637906647807638,0.7128712871287128,0.660056657223796,0.6746817538896747,0.6883852691218131,1,1,0.0,0.0
wiki-Vote,real,lspar,lspar,0.2,0.19704,,301,1.0,19849,7066,6,15,hungarian,0.5987829040475516,0.7830455703368242,12,0.0016982734220209455,1.6666666666666665,0.0,1.25,0.0,0.41666666666666663,2.083333333333333,1.0,4.0,2.5,28.512878573450326,1.0,4.0,1.75,14.86371355788282,0.75,0.41140673648457404,0.8333333333333334,0.3226719501839796,1.8230134158926727,2.5826023391812867,0.05880290578632941,0.06304752288259996,0.17902320381775122,0.0009217670012731105,0.16666666666666666,0.16666666666666666,0.4166666666666667,0.08333333333333333,0.0,0.16666666666666666,0.0,0.0,0.0,0.0,0.002828854314002829,0.002828854314002829,0.007082152974504249,0.0014144271570014145,0.0,0.002828854314002829,0.0,0.0,0.0,0.0,0.16666666666666666,0.08333333333333333,0.5,0.0,0.0,0.25,0.0,0.0,0.0,0.0,0.002828854314002829,0.0014144271570014145,0.0084985835694051,0.0,0.0,0.004243281471004243,0.0,0.0,0.0,0.0,0.08333333333333333,0.0,0.0,0.08333333333333333,0.08333333333333333,0.0,0.16666666666666666,0.16666666666666666,0.25,0.16666666666666666,0.6096181046676096,0.5884016973125884,0.5977337110481586,0.4667609618104668,0.509915014164306,0.5926449787835927,0.6506364922206507,0.7110481586402266,0.6534653465346535,0.6076487252124646,0.5898161244695899,0.5968882602545968,0.603399433427762,0.4625176803394625,0.5155807365439093,0.5926449787835927,0.6478076379066479,0.6940509915014165,0.652050919377652,0.6331444759206799,1,1,0.0,0.0
wiki-Vote,real,lspar,lspar,0.2,0.19704,,302,1.0,19849,7066,6,13,hungarian,0.6753467308236626,0.801868100764223,4,0.0005660911406736484,1.25,0.0,0.0,0.0,0.0,3.75,1.0,4.0,2.75,28.512878573450326,1.0,4.0,2.0,14.86371355788282,0.75,0.41140673648457404,0.75,0.3226719501839796,1.8230134158926727,2.324342105263158,0.07016039523822881,0.07346139308386535,0.16489896662673154,0.0008343280023836996,0.0,0.25,0.5,0.0,0.0,0.25,0.0,0.0,0.0,0.0,0.0,0.0014144271570014145,0.0028328611898017,0.0,0.0,0.0014144271570014145,0.0,0.0,0.0,0.0,0.0,0.0,0.75,0.0,0.0,0.25,0.0,0.0,0.0,0.0,0.0,0.0,0.00424929178470255,0.0,0.0,0.0014144271570014145,0.0,0.0,0.0,0.0,0.0,0.0,0.0,0.25,0.0,0.0,0.0,0.0,0.5,0.25,0.6803394625176803,0.6619519094766619,0.6572237960339944,0.5487977369165488,0.5736543909348442,0.685997171145686,0.7355021216407355,0.7776203966005666,0.7425742574257426,0.6898016997167139,0.6548797736916548,0.6619519094766619,0.6728045325779037,0.545968882602546,0.5835694050991501,0.6831683168316832,0.7411598302687411,0.7662889518413598,0.7256011315417256,0.7181303116147308,1,1,0.0,0.0
wiki-Vote,real,resmatch,dspar,0.5,1.0,,100,1.125,100736,7066,6,7,hungarian,0.8624398528163034,0.9257005377865837,5,0.0007076139258420605,3.0000000000000004,0.0,1.0,0.0,0.0,1.0,1.0,4.0,1.8,28.512878573450326,1.0,4.0,1.0,14.86371355788282,0.8,0.41140673648457404,1.0,0.3226719501839796,1.9445476436188511,3.0991228070175443,-0.006676790706185098,-0.005713804889190044,0.09803021985727511,0.0008725730003789067,0.4,0.2,0.2,0.2,0.0,0.0,0.0,0.0,0.0,0.0,0.002828854314002829,0.0014144271570014145,0.00141643059490085,0.0014144271570014145,0.0,0.0,0.0,0.0,0.0,0.0,0.0,0.2,0.6,0.0,0.0,0.2,0.0,0.0,0.0,0.0,0.0,0.0014144271570014145,0.00424929178470255,0.0,0.0,0.0014144271570014145,0.0,0.0,0.0,0.0,0.0,0.0,0.0,0.0,0.2,0.0,0.2,0.4,0.2,0.0,0.867043847241867,0.8656294200848657,0.8937677053824362,0.7807637906647807,0.8342776203966006,0.8868458274398868,0.8896746817538896,0.9022662889518414,0.8741159830268741,0.830028328611898,0.8882602545968883,0.867043847241867,0.8711048158640227,0.7793493635077794,0.8328611898016998,0.8882602545968883,0.8882602545968883,0.9008498583569405,0.8571428571428571,0.8512747875354107,1,1,0.0,0.0
wiki-Vote,real,resmatch,dspar,0.5,1.0,,101,1.125,100736,7066,6,8,hungarian,0.8307387489385791,0.834135295782621,9,0.001273705066515709,2.222222222222222,0.0,0.5555555555555555,0.0,0.0,2.222222222222222,1.0,4.0,2.2222222222222223,28.512878573450326,1.0,4.0,1.4444444444444444,14.86371355788282,0.7777777777777778,0.41140673648457404,0.8888888888888888,0.3226719501839796,1.8905324312961052,2.754775828460039,0.014550969463599683,0.014069476555101823,0.14470564822568865,0.0008759089978411794,0.2222222222222222,0.2222222222222222,0.3333333333333333,0.1111111111111111,0.0,0.1111111111111111,0.0,0.0,0.0,0.0,0.002828854314002829,0.002828854314002829,0.00424929178470255,0.0014144271570014145,0.0,0.0014144271570014145,0.0,0.0,0.0,0.0,0.0,0.1111111111111111,0.6666666666666666,0.0,0.0,0.2222222222222222,0.0,0.0,0.0,0.0,0.0,0.0014144271570014145,0.0084985835694051,0.0,0.0,0.002828854314002829,0.0,0.0,0.0,0.0,0.0,0.0,0.0,0.1111111111111111,0.1111111111111111,0.0,0.1111111111111111,0.2222222222222222,0.3333333333333333,0.1111111111111111,0.8345120226308345,0.842998585572843,0.8243626062322946,0.7637906647807637,0.8031161473087819,0.8373408769448374,0.8557284299858557,0.8626062322946175,0.8585572842998586,0.8243626062322946,0.809052333804809,0.8359264497878359,0.8541076487252125,0.7595473833097596,0.8073654390934845,0.8373408769448374,0.8628005657708628,0.8569405099150141,0.8458274398868458,0.8385269121813032,1,1,0.0,0.0
wiki-Vote,real,resmatch,dspar,0.5,1.0,,102,1.125,100736,7066,6,6,hungarian,0.7369091423719218,0.7517690348146051,5,0.0007076139258420605,3.0000000000000004,0.0,1.0,0.0,0.0,1.0,1.0,4.0,1.8,28.512878573450326,1.0,4.0,1.0,14.86371355788282,0.8,0.41140673648457404,1.0,0.3226719501839796,1.9445476436188511,3.0991228070175443,-0.005320463248267515,-0.007693201533832017,0.06873060839066503,0.0009690660008345731,0.4,0.2,0.2,0.2,0.0,0.0,0.0,0.0,0.0,0.0,0.002828854314002829,0.0014144271570014145,0.00141643059490085,0.0014144271570014145,0.0,0.0,0.0,0.0,0.0,0.0,0.0,0.2,0.6,0.0,0.0,0.2,0.0,0.0,0.0,0.0,0.0,0.0014144271570014145,0.00424929178470255,0.0,0.0,0.0014144271570014145,0.0,0.0,0.0,0.0,0.0,0.0,0.0,0.0,0.2,0.0,0.2,0.4,0.2,0.0,0.7298444130127298,0.743988684582744,0.7379603399433428,0.6987270155586988,0.7351274787535411,0.7694483734087695,0.7581329561527581,0.7294617563739377,0.7425742574257426,0.7237960339943342,0.7227722772277227,0.7397454031117398,0.7563739376770539,0.6902404526166902,0.7322946175637394,0.7694483734087695,0.7623762376237624,0.7195467422096318,0.7567185289957568,0.7195467422096318,1,1,0.0,0.0
wiki-Vote,real,resmatch,lspar,0.5,1.0,,100,1.125,100736,7066,6,7,hungarian,0.8624398528163034,0.9257005377865837,5,0.0007076139258420605,3.0000000000000004,0.0,1.0,0.0,0.0,1.0,1.0,4.0,1.8,28.512878573450326,1.0,4.0,1.0,14.86371355788282,0.8,0.41140673648457404,1.0,0.3226719501839796,1.9445476436188511,3.0991228070175443,-0.006676790706185098,-0.005713804889190044,0.09803021985727511,0.0008749909975449555,0.4,0.2,0.2,0.2,0.0,0.0,0.0,0.0,0.0,0.0,0.002828854314002829,0.0014144271570014145,0.00141643059490085,0.0014144271570014145,0.0,0.0,0.0,0.0,0.0,0.0,0.0,0.2,0.6,0.0,0.0,0.2,0.0,0.0,0.0,0.0,0.0,0.0014144271570014145,0.00424929178470255,0.0,0.0,0.0014144271570014145,0.0,0.0,0.0,0.0,0.0,0.0,0.0,0.0,0.2,0.0,0.2,0.4,0.2,0.0,0.867043847241867,0.8656294200848657,0.8937677053824362,0.7807637906647807,0.8342776203966006,0.8868458274398868,0.8896746817538896,0.9022662889518414,0.8741159830268741,0.830028328611898,0.8882602545968883,0.867043847241867,0.8711048158640227,0.7793493635077794,0.8328611898016998,0.8882602545968883,0.8882602545968883,0.9008498583569405,0.8571428571428571,0.8512747875354107,1,1,0.0,0.0
wiki-Vote,real,resmatch,lspar,0.5,1.0,,101,1.125,100736,7066,6,8,hungarian,0.8307387489385791,0.834135295782621,9,0.001273705066515709,2.222222222222222,0.0,0.5555555555555555,0.0,0.0,2.222222222222222,1.0,4.0,2.2222222222222223,28.512878573450326,1.0,4.0,1.4444444444444444,14.86371355788282,0.7777777777777778,0.41140673648457404,0.8888888888888888,0.3226719501839796,1.8905324312961052,2.754775828460039,0.014550969463599683,0.014069476555101823,0.14470564822568865,0.0009287540015066043,0.2222222222222222,0.2222222222222222,0.3333333333333333,0.1111111111111111,0.0,0.1111111111111111,0.0,0.0,0.0,0.0,0.002828854314002829,0.002828854314002829,0.00424929178470255,0.0014144271570014145,0.0,0.0014144271570014145,0.0,0.0,0.0,0.0,0.0,0.1111111111111111,0.6666666666666666,0.0,0.0,0.2222222222222222,0.0,0.0,0.0,0.0,0.0,0.0014144271570014145,0.0084985835694051,0.0,0.0,0.002828854314002829,0.0,0.0,0.0,0.0,0.0,0.0,0.0,0.1111111111111111,0.1111111111111111,0.0,0.1111111111111111,0.2222222222222222,0.3333333333333333,0.1111111111111111,0.8345120226308345,0.842998585572843,0.8243626062322946,0.7637906647807637,0.8031161473087819,0.8373408769448374,0.8557284299858557,0.8626062322946175,0.8585572842998586,0.8243626062322946,0.809052333804809,0.8359264497878359,0.8541076487252125,0.7595473833097596,0.8073654390934845,0.8373408769448374,0.8628005657708628,0.8569405099150141,0.8458274398868458,0.8385269121813032,1,1,0.0,0.0
wiki-Vote,real,resmatch,lspar,0.5,1.0,,102,1.125,100736,7066,6,6,hungarian,0.7369091423719218,0.7517690348146051,5,0.0007076139258420605,3.0000000000000004,0.0,1.0,0.0,0.0,1.0,1.0,4.0,1.8,28.512878573450326,1.0,4.0,1.0,14.86371355788282,0.8,0.41140673648457404,1.0,0.3226719501839796,1.9445476436188511,3.0991228070175443,-0.005320463248267515,-0.007693201533832017,0.06873060839066503,0.0009755650025908835,0.4,0.2,0.2,0.2,0.0,0.0,0.0,0.0,0.0,0.0,0.002828854314002829,0.0014144271570014145,0.00141643059490085,0.0014144271570014145,0.0,0.0,0.0,0.0,0.0,0.0,0.0,0.2,0.6,0.0,0.0,0.2,0.0,0.0,0.0,0.0,0.0,0.0014144271570014145,0.00424929178470255,0.0,0.0,0.0014144271570014145,0.0,0.0,0.0,0.0,0.0,0.0,0.0,0.0,0.2,0.0,0.2,0.4,0.2,0.0,0.7298444130127298,0.743988684582744,0.7379603399433428,0.6987270155586988,0.7351274787535411,0.7694483734087695,0.7581329561527581,0.7294617563739377,0.7425742574257426,0.7237960339943342,0.7227722772277227,0.7397454031117398,0.7563739376770539,0.6902404526166902,0.7322946175637394,0.7694483734087695,0.7623762376237624,0.7195467422096318,0.7567185289957568,0.7195467422096318,1,1,0.0,0.0
wiki-Vote,real,resmatch,lspar,0.2,1.0,,100,1.375,100736,7066,6,14,hungarian,0.8137560147183697,0.8886215680724596,26,0.003679592414378715,2.1153846153846154,0.38461538461538464,0.9615384615384616,0.38461538461538464,0.5769230769230769,1.3461538461538463,1.0,4.0,34.92307692307692,28.512878573450326,1.0,4.0,5.576923076923077,14.86371355788282,0.6923076923076923,0.41140673648457404,0.6923076923076923,0.3226719501839796,1.6827816146701595,2.1455465587044538,0.025386897249012663,0.024929445595308297,0.10790249401305985,0.0009147130003839266,0.3076923076923077,0.11538461538461539,0.23076923076923078,0.07692307692307693,0.11538461538461539,0.07692307692307693,0.0,0.0,0.0,0.07692307692307693,0.011315417256011316,0.004243281471004243,0.0084985835694051,0.002828854314002829,0.00424929178470255,0.002828854314002829,0.0,0.0,0.0,0.0028328611898017,0.07692307692307693,0.11538461538461539,0.34615384615384615,0.15384615384615385,0.07692307692307693,0.11538461538461539,0.038461538461538464,0.0,0.038461538461538464,0.038461538461538464,0.002828854314002829,0.004243281471004243,0.012747875354107648,0.005657708628005658,0.0028328611898017,0.004243281471004243,0.0014144271570014145,0.0,0.0014144271570014145,0.00141643059490085,0.11538461538461539,0.0,0.11538461538461539,0.0,0.11538461538461539,0.038461538461538464,0.07692307692307693,0.2692307692307692,0.11538461538461539,0.15384615384615385,0.8161244695898161,0.801980198019802,0.8144475920679887,0.7256011315417256,0.7762039660056658,0.8401697312588402,0.8543140028288543,0.8696883852691218,0.8486562942008486,0.7903682719546742,0.826025459688826,0.8076379066478077,0.8016997167138811,0.7171145685997171,0.7818696883852692,0.8373408769448374,0.8557284299858557,0.8654390934844193,0.8330975954738331,0.8116147308781869,1,1,0.0,0.0
wiki-Vote,real,resmatch,lspar,0.2,1.0,,101,1.375,100736,7066,6,10,hungarian,0.7322388904613643,0.8695159920747241,5,0.0007076139258420605,3.0000000000000004,0.0,1.0,0.0,0.0,1.0,1.0,4.0,1.8,28.512878573450326,1.0,4.0,1.0,14.86371355788282,0.8,0.41140673648457404,1.0,0.3226719501839796,1.9445476436188511,3.0991228070175443,0.03385075456149422,0.030074274121058453,0.18803667092731124,0.0008834229993226472,0.4,0.2,0.2,0.2,0.0,0.0,0.0,0.0,0.0,0.0,0.002828854314002829,0.0014144271570014145,0.00141643059490085,0.0014144271570014145,0.0,0.0,0.0,0.0,0.0,0.0,0.0,0.2,0.6,0.0,0.0,0.2,0.0,0.0,0.0,0.0,0.0,0.0014144271570014145,0.00424929178470255,0.0,0.0,0.0014144271570014145,0.0,0.0,0.0,0.0,0.0,0.0,0.0,0.0,0.2,0.0,0.2,0.4,0.2,0.0,0.7284299858557284,0.7623762376237624,0.7365439093484419,0.5884016973125884,0.6643059490084986,0.7369165487977369,0.7765205091937766,0.8144475920679887,0.7949080622347949,0.7195467422096318,0.7043847241867044,0.7623762376237624,0.7648725212464589,0.5671852899575672,0.6798866855524079,0.7397454031117398,0.7821782178217822,0.7974504249291785,0.7694483734087695,0.7549575070821529,1,1,0.0,0.0
wiki-Vote,real,resmatch,lspar,0.2,1.0,,102,1.375,100736,7066,6,14,hungarian,0.8116331729408435,0.9007925275969431,19,0.00268893291819983,2.1052631578947367,0.2631578947368421,1.0526315789473684,0.2631578947368421,0.2631578947368421,1.3157894736842104,1.0,4.0,42.78947368421053,28.512878573450326,1.0,4.0,4.2105263157894735,14.86371355788282,0.7368421052631579,0.41140673648457404,0.7894736842105263,0.3226719501839796,1.7910307243857837,2.4466759002770084,0.038594227694724204,0.04003136048125244,0.09422302003571448,0.0009096119974856265,0.2631578947368421,0.15789473684210525,0.3157894736842105,0.05263157894736842,0.10526315789473684,0.05263157894736842,0.0,0.0,0.0,0.05263157894736842,0.007072135785007072,0.004243281471004243,0.0084985835694051,0.0014144271570014145,0.0028328611898017,0.0014144271570014145,0.0,0.0,0.0,0.00141643059490085,0.05263157894736842,0.15789473684210525,0.42105263157894735,0.10526315789473684,0.05263157894736842,0.10526315789473684,0.05263157894736842,0.0,0.0,0.05263157894736842,0.0014144271570014145,0.004243281471004243,0.0113314447592068,0.002828854314002829,0.00141643059490085,0.002828854314002829,0.0014144271570014145,0.0,0.0,0.00141643059490085,0.05263157894736842,0.0,0.10526315789473684,0.0,0.10526315789473684,0.05263157894736842,0.05263157894736842,0.3684210526315789,0.15789473684210525,0.10526315789473684,0.809052333804809,0.7892503536067893,0.8201133144475921,0.6732673267326733,0.7691218130311614,0.8514851485148515,0.8698727015558698,0.8796033994334278,0.8557284299858557,0.7988668555240793,0.8274398868458275,0.8005657708628006,0.7903682719546742,0.669024045261669,0.7705382436260623,0.8528995756718529,0.867043847241867,0.8781869688385269,0.8415841584158416,0.8186968838526912,1,1,0.0,0.0
wiki-Vote,null,jitter,,1.0,1.0,,101,1.0,100736,7066,23,21,hungarian,0.1705349561279366,0.1951599207472403,20,0.002830455703368242,3.4999999999999996,0.0,3.4999999999999996,0.0,0.0,1.7499999999999998,1.0,4.0,1.0,28.512878573450326,1.0,4.0,1.0,14.867817718652702,1.0,0.41140673648457404,1.0,0.3223889046136428,2.430684554523564,3.1018437225636526,-0.016426855150104225,-0.017365799712306312,0.03168169912903876,0.0011160820031363983,0.45,0.25,0.2,0.1,0.0,0.0,0.0,0.0,0.0,0.0,0.01272984441301273,0.007072135785007072,0.0056657223796034,0.002828854314002829,0.0,0.0,0.0,0.0,0.0,0.0,0.3,0.4,0.25,0.05,0.0,0.0,0.0,0.0,0.0,0.0,0.008486562942008486,0.011315417256011316,0.007082152974504249,0.0014144271570014145,0.0,0.0,0.0,0.0,0.0,0.0,0.0,0.0,0.0,0.0,0.0,0.0,0.1,0.55,0.05,0.3,0.2248939179632249,0.17256011315417255,0.20396600566572237,0.12446958981612447,0.13314447592067988,0.1485148514851485,0.1456859971711457,0.17847025495750707,0.18953323903818953,0.18413597733711048,0.20084865629420084,0.2079207920792079,0.19263456090651557,0.1272984441301273,0.13172804532577903,0.14285714285714285,0.15275813295615276,0.18413597733711048,0.18953323903818953,0.17563739376770537,1,1,0.0,0.0
wiki-Vote,null,jitter,,1.0,1.0,,102,1.0,100736,7066,23,21,hungarian,0.1705349561279366,0.1974242853099349,20,0.002830455703368242,3.4999999999999996,0.0,3.4999999999999996,0.0,0.0,1.7499999999999998,1.0,4.0,1.0,28.512878573450326,1.0,4.0,1.0,14.867817718652702,1.0,0.41140673648457404,1.0,0.3223889046136428,2.430684554523564,3.1018437225636526,-0.010763804021033413,-0.012180234615934316,0.04204548338281827,0.0010284109994245227,0.45,0.25,0.2,0.1,0.0,0.0,0.0,0.0,0.0,0.0,0.01272984441301273,0.007072135785007072,0.0056657223796034,0.002828854314002829,0.0,0.0,0.0,0.0,0.0,0.0,0.3,0.4,0.25,0.05,0.0,0.0,0.0,0.0,0.0,0.0,0.008486562942008486,0.011315417256011316,0.007082152974504249,0.0014144271570014145,0.0,0.0,0.0,0.0,0.0,0.0,0.0,0.0,0.0,0.0,0.0,0.0,0.1,0.55,0.05,0.3,0.19094766619519093,0.18528995756718528,0.17138810198300283,0.16973125884016974,0.17138810198300283,0.14144271570014144,0.15983026874115983,0.16572237960339944,0.173974540311174,0.17563739376770537,0.1966053748231966,0.18104667609618105,0.17563739376770537,0.173974540311174,0.16147308781869688,0.1471004243281471,0.15275813295615276,0.16288951841359772,0.1753889674681754,0.17847025495750707,1,1,0.0,0.0
wiki-Vote,null,dspar,dspar,0.5,0.499514,200,300,1.0,50319,7066,23,25,hungarian,0.13741862439852817,0.18765921313331446,20,0.002830455703368242,3.4999999999999996,0.0,3.4999999999999996,0.0,0.0,1.7499999999999998,1.0,4.0,1.0,28.512878573450326,1.0,4.0,1.0,14.867817718652702,1.0,0.41140673648457404,1.0,0.3223889046136428,2.430684554523564,3.1018437225636526,-0.0041791714582223305,-0.005120787270956967,0.025054994370339506,0.0011056629991799127,0.45,0.25,0.2,0.1,0.0,0.0,0.0,0.0,0.0,0.0,0.01272984441301273,0.007072135785007072,0.0056657223796034,0.002828854314002829,0.0,0.0,0.0,0.0,0.0,0.0,0.3,0.4,0.25,0.05,0.0,0.0,0.0,0.0,0.0,0.0,0.008486562942008486,0.011315417256011316,0.007082152974504249,0.0014144271570014145,0.0,0.0,0.0,0.0,0.0,0.0,0.0,0.0,0.0,0.0,0.0,0.0,0.1,0.55,0.05,0.3,0.13861386138613863,0.15275813295615276,0.1501416430594901,0.12305516265912306,0.13314447592067988,0.12305516265912306,0.12446958981612447,0.15439093484419264,0.14285714285714285,0.13172804532577903,0.15134370579915135,0.15417256011315417,0.14305949008498584,0.12022630834512023,0.13031161473087818,0.1188118811881188,0.12305516265912306,0.15439093484419264,0.15134370579915135,0.1274787535410765,1,1,0.0,0.0
wiki-Vote,null,dspar,dspar,0.5,0.499514,200,301,1.0,50319,7066,23,25,hungarian,0.13260684970280215,0.2022360600056609,20,0.002830455703368242,3.4999999999999996,0.0,3.4999999999999996,0.0,0.0,1.7499999999999998,1.0,4.0,1.0,28.512878573450326,1.0,4.0,1.0,14.867817718652702,1.0,0.41140673648457404,1.0,0.3223889046136428,2.430684554523564,3.1018437225636526,-0.0032422303339196823,-0.010311694868394145,0.014233090650222435,0.0010407840018160641,0.45,0.25,0.2,0.1,0.0,0.0,0.0,0.0,0.0,0.0,0.01272984441301273,0.007072135785007072,0.0056657223796034,0.002828854314002829,0.0,0.0,0.0,0.0,0.0,0.0,0.3,0.4,0.25,0.05,0.0,0.0,0.0,0.0,0.0,0.0,0.008486562942008486,0.011315417256011316,0.007082152974504249,0.0014144271570014145,0.0,0.0,0.0,0.0,0.0,0.0,0.0,0.0,0.0,0.0,0.0,0.0,0.1,0.55,0.05,0.3,0.13861386138613863,0.14144271570014144,0.141643059490085,0.12588401697312587,0.11473087818696884,0.08628005657708628,0.16548797736916548,0.12039660056657224,0.1471004243281471,0.14447592067988668,0.15841584158415842,0.1456859971711457,0.14589235127478753,0.11173974540311174,0.09773371104815864,0.09052333804809053,0.157001414427157,0.13172804532577903,0.14427157001414428,0.14305949008498584,1,1,0.0,0.0
wiki-Vote,null,dspar,dspar,0.5,0.499514,200,302,1.0,50319,7066,23,22,hungarian,0.15921313331446363,0.19530144353240872,20,0.002830455703368242,3.4999999999999996,0.0,3.4999999999999996,0.0,0.0,1.7499999999999998,1.0,4.0,1.0,28.512878573450326,1.0,4.0,1.0,14.867817718652702,1.0,0.41140673648457404,1.0,0.3223889046136428,2.430684554523564,3.1018437225636526,-0.021620433998074007,-0.024445949248911136,0.04442423198208123,0.0010026439995272085,0.45,0.25,0.2,0.1,0.0,0.0,0.0,0.0,0.0,0.0,0.01272984441301273,0.007072135785007072,0.0056657223796034,0.002828854314002829,0.0,0.0,0.0,0.0,0.0,0.0,0.3,0.4,0.25,0.05,0.0,0.0,0.0,0.0,0.0,0.0,0.008486562942008486,0.011315417256011316,0.007082152974504249,0.0014144271570014145,0.0,0.0,0.0,0.0,0.0,0.0,0.0,0.0,0.0,0.0,0.0,0.0,0.1,0.55,0.05,0.3,0.20226308345120225,0.15983026874115983,0.19263456090651557,0.1456859971711457,0.15439093484419264,0.12305516265912306,0.12446958981612447,0.16147308781869688,0.15417256011315417,0.17422096317280453,0.19801980198019803,0.17963224893917965,0.17563739376770537,0.1471004243281471,0.15722379603399433,0.11315417256011315,0.14144271570014144,0.15155807365439095,0.15417256011315417,0.17422096317280453,1,1,0.0,0.0
wiki-Vote,null,dspar,dspar,0.5,0.498997,201,300,1.0,50267,7066,23,24,hungarian,0.1602037928106425,0.20138692329465044,20,0.002830455703368242,3.4999999999999996,0.0,3.4999999999999996,0.0,0.0,1.7499999999999998,1.0,4.0,1.0,28.512878573450326,1.0,4.0,1.0,14.867817718652702,1.0,0.41140673648457404,1.0,0.3223889046136428,2.430684554523564,3.1018437225636526,-0.015495256526866757,-0.01784862824607028,0.04771521263822051,0.001028406997647835,0.45,0.25,0.2,0.1,0.0,0.0,0.0,0.0,0.0,0.0,0.01272984441301273,0.007072135785007072,0.0056657223796034,0.002828854314002829,0.0,0.0,0.0,0.0,0.0,0.0,0.3,0.4,0.25,0.05,0.0,0.0,0.0,0.0,0.0,0.0,0.008486562942008486,0.011315417256011316,0.007082152974504249,0.0014144271570014145,0.0,0.0,0.0,0.0,0.0,0.0,0.0,0.0,0.0,0.0,0.0,0.0,0.1,0.55,0.05,0.3,0.19519094766619519,0.15134370579915135,0.19263456090651557,0.15275813295615276,0.12181303116147309,0.157001414427157,0.13861386138613863,0.13456090651558072,0.16548797736916548,0.19263456090651557,0.173974540311174,0.18104667609618105,0.18980169971671387,0.14992927864214992,0.11898016997167139,0.15275813295615276,0.14427157001414428,0.141643059490085,0.15841584158415842,0.19121813031161472,1,1,0.0,0.0
wiki-Vote,null,dspar,dspar,0.5,0.498997,201,301,1.0,50267,7066,23,22,hungarian,0.1600622700254741,0.18751769034814605,20,0.002830455703368242,3.4999999999999996,0.0,3.4999999999999996,0.0,0.0,1.7499999999999998,1.0,4.0,1.0,28.512878573450326,1.0,4.0,1.0,14.867817718652702,1.0,0.41140673648457404,1.0,0.3223889046136428,2.430684554523564,3.1018437225636526,-0.02209458096760708,-0.024464648002639172,0.031684370379571336,0.0010060679996968247,0.45,0.25,0.2,0.1,0.0,0.0,0.0,0.0,0.0,0.0,0.01272984441301273,0.007072135785007072,0.0056657223796034,0.002828854314002829,0.0,0.0,0.0,0.0,0.0,0.0,0.3,0.4,0.25,0.05,0.0,0.0,0.0,0.0,0.0,0.0,0.008486562942008486,0.011315417256011316,0.007082152974504249,0.0014144271570014145,0.0,0.0,0.0,0.0,0.0,0.0,0.0,0.0,0.0,0.0,0.0,0.0,0.1,0.55,0.05,0.3,0.1753889674681754,0.19094766619519093,0.17988668555240794,0.14992927864214992,0.1274787535410765,0.13578500707213578,0.16124469589816123,0.141643059490085,0.16265912305516267,0.17563739376770537,0.1782178217821782,0.17114568599717114,0.20113314447592068,0.14285714285714285,0.13172804532577903,0.13295615275813297,0.16548797736916548,0.141643059490085,0.16548797736916548,0.16997167138810199,1,1,0.0,0.0
wiki-Vote,null,dspar,dspar,0.5,0.498997,201,302,1.0,50267,7066,23,26,hungarian,0.13685253325785451,0.18596093971129352,20,0.002830455703368242,3.4999999999999996,0.0,3.4999999999999996,0.0,0.0,1.7499999999999998,1.0,4.0,1.0,28.512878573450326,1.0,4.0,1.0,14.867817718652702,1.0,0.41140673648457404,1.0,0.3223889046136428,2.430684554523564,3.1018437225636526,-0.01643887577750089,-0.023042207094040063,0.03073474081523897,0.0011250380011915695,0.45,0.25,0.2,0.1,0.0,0.0,0.0,0.0,0.0,0.0,0.01272984441301273,0.007072135785007072,0.0056657223796034,0.002828854314002829,0.0,0.0,0.0,0.0,0.0,0.0,0.3,0.4,0.25,0.05,0.0,0.0,0.0,0.0,0.0,0.0,0.008486562942008486,0.011315417256011316,0.007082152974504249,0.0014144271570014145,0.0,0.0,0.0,0.0,0.0,0.0,0.0,0.0,0.0,0.0,0.0,0.0,0.1,0.55,0.05,0.3,0.16407355021216408,0.14427157001414428,0.15864022662889518,0.14144271570014144,0.10623229461756374,0.10042432814710042,0.13578500707213578,0.14730878186968838,0.12588401697312587,0.14447592067988668,0.16831683168316833,0.15983026874115983,0.15439093484419264,0.12022630834512023,0.11189801699716714,0.09476661951909476,0.1456859971711457,0.14022662889518414,0.13154172560113153,0.141643059490085,1,1,0.0,0.0
wiki-Vote,null,lspar,lspar,0.5,0.499633,,300,1.0,50331,7066,23,22,hungarian,0.156241154825927,0.19586753467308238,20,0.002830455703368242,3.4999999999999996,0.0,3.4999999999999996,0.0,0.0,1.7499999999999998,1.0,4.0,1.0,28.512878573450326,1.0,4.0,1.0,14.867817718652702,1.0,0.41140673648457404,1.0,0.3223889046136428,2.430684554523564,3.1018437225636526,-0.018786904995639175,-0.016887645866974416,0.032148500159607185,0.001004184003249975,0.45,0.25,0.2,0.1,0.0,0.0,0.0,0.0,0.0,0.0,0.01272984441301273,0.007072135785007072,0.0056657223796034,0.002828854314002829,0.0,0.0,0.0,0.0,0.0,0.0,0.3,0.4,0.25,0.05,0.0,0.0,0.0,0.0,0.0,0.0,0.008486562942008486,0.011315417256011316,0.007082152974504249,0.0014144271570014145,0.0,0.0,0.0,0.0,0.0,0.0,0.0,0.0,0.0,0.0,0.0,0.0,0.1,0.55,0.05,0.3,0.1753889674681754,0.16973125884016974,0.19263456090651557,0.16407355021216408,0.13031161473087818,0.12446958981612447,0.12446958981612447,0.16005665722379603,0.13578500707213578,0.18555240793201133,0.18387553041018387,0.17963224893917965,0.16997167138810199,0.16124469589816123,0.13739376770538245,0.12446958981612447,0.12305516265912306,0.1643059490084986,0.13154172560113153,0.18696883852691218,1,1,0.0,0.0
wiki-Vote,null,lspar,lspar,0.5,0.499633,,301,1.0,50331,7066,23,25,hungarian,0.1508632889895273,0.20152844607981885,20,0.002830455703368242,3.4999999999999996,0.0,3.4999999999999996,0.0,0.0,1.7499999999999998,1.0,4.0,1.0,28.512878573450326,1.0,4.0,1.0,14.867817718652702,1.0,0.41140673648457404,1.0,0.3223889046136428,2.430684554523564,3.1018437225636526,-0.02444394581101167,-0.027744275844014954,0.03308944815970877,0.0010465029990882613,0.45,0.25,0.2,0.1,0.0,0.0,0.0,0.0,0.0,0.0,0.01272984441301273,0.007072135785007072,0.0056657223796034,0.002828854314002829,0.0,0.0,0.0,0.0,0.0,0.0,0.3,0.4,0.25,0.05,0.0,0.0,0.0,0.0,0.0,0.0,0.008486562942008486,0.011315417256011316,0.007082152974504249,0.0014144271570014145,0.0,0.0,0.0,0.0,0.0,0.0,0.0,0.0,0.0,0.0,0.0,0.0,0.1,0.55,0.05,0.3,0.1782178217821782,0.17114568599717114,0.17138810198300283,0.14144271570014144,0.13314447592067988,0.12305516265912306,0.14285714285714285,0.15439093484419264,0.12164073550212164,0.17138810198300283,0.2036775106082037,0.15558698727015557,0.1671388101983003,0.14427157001414428,0.12464589235127478,0.11456859971711457,0.15558698727015557,0.1529745042492918,0.12164073550212164,0.16855524079320114,1,1,0.0,0.0
wiki-Vote,null,lspar,lspar,0.5,0.499633,,302,1.0,50331,7066,23,24,hungarian,0.14888196999716954,0.19431078403622984,20,0.002830455703368242,3.4999999999999996,0.0,3.4999999999999996,0.0,0.0,1.7499999999999998,1.0,4.0,1.0,28.512878573450326,1.0,4.0,1.0,14.867817718652702,1.0,0.41140673648457404,1.0,0.3223889046136428,2.430684554523564,3.1018437225636526,-0.030581811722248747,-0.03294453281831622,0.05006324185635884,0.0010256669993395917,0.45,0.25,0.2,0.1,0.0,0.0,0.0,0.0,0.0,0.0,0.01272984441301273,0.007072135785007072,0.0056657223796034,0.002828854314002829,0.0,0.0,0.0,0.0,0.0,0.0,0.3,0.4,0.25,0.05,0.0,0.0,0.0,0.0,0.0,0.0,0.008486562942008486,0.011315417256011316,0.007082152974504249,0.0014144271570014145,0.0,0.0,0.0,0.0,0.0,0.0,0.0,0.0,0.0,0.0,0.0,0.0,0.1,0.55,0.05,0.3,0.18387553041018387,0.173974540311174,0.18838526912181303,0.157001414427157,0.11331444759206799,0.10608203677510608,0.11173974540311174,0.14872521246458922,0.13012729844413012,0.17563739376770537,0.19801980198019803,0.16265912305516267,0.19121813031161472,0.15275813295615276,0.11473087818696884,0.09618104667609619,0.12022630834512023,0.1501416430594901,0.1371994342291372,0.16572237960339944,1,1,0.0,0.0
wiki-Vote,null,lspar,lspar,0.2,0.198529,,300,1.0,19999,7066,23,37,hungarian,0.09156524200396264,0.20634022077554487,20,0.002830455703368242,3.4999999999999996,0.0,3.4999999999999996,0.0,0.0,1.7499999999999998,1.0,4.0,1.0,28.512878573450326,1.0,4.0,1.0,14.867817718652702,1.0,0.41140673648457404,1.0,0.3223889046136428,2.430684554523564,3.1018437225636526,-0.03297057751100889,-0.031551475665575465,0.033088780347075575,0.001102291000279365,0.45,0.25,0.2,0.1,0.0,0.0,0.0,0.0,0.0,0.0,0.01272984441301273,0.007072135785007072,0.0056657223796034,0.002828854314002829,0.0,0.0,0.0,0.0,0.0,0.0,0.3,0.4,0.25,0.05,0.0,0.0,0.0,0.0,0.0,0.0,0.008486562942008486,0.011315417256011316,0.007082152974504249,0.0014144271570014145,0.0,0.0,0.0,0.0,0.0,0.0,0.0,0.0,0.0,0.0,0.0,0.0,0.1,0.55,0.05,0.3,0.12446958981612447,0.12588401697312587,0.11331444759206799,0.07355021216407355,0.07507082152974505,0.08203677510608204,0.056577086280056574,0.06232294617563739,0.08203677510608204,0.12039660056657224,0.14002828854314003,0.1173974540311174,0.10339943342776203,0.07213578500707214,0.08073654390934844,0.08345120226308345,0.05233380480905234,0.060906515580736544,0.08345120226308345,0.12181303116147309,1,1,0.0,0.0
wiki-Vote,null,lspar,lspar,0.2,0.198529,,301,1.0,19999,7066,23,40,hungarian,0.08873478630059439,0.2057741296348712,20,0.002830455703368242,3.4999999999999996,0.0,3.4999999999999996,0.0,0.0,1.7499999999999998,1.0,4.0,1.0,28.512878573450326,1.0,4.0,1.0,14.867817718652702,1.0,0.41140673648457404,1.0,0.3223889046136428,2.430684554523564,3.1018437225636526,-0.033444056667908784,-0.034386340293276585,0.044866323945223344,0.001113620000978699,0.45,0.25,0.2,0.1,0.0,0.0,0.0,0.0,0.0,0.0,0.01272984441301273,0.007072135785007072,0.0056657223796034,0.002828854314002829,0.0,0.0,0.0,0.0,0.0,0.0,0.3,0.4,0.25,0.05,0.0,0.0,0.0,0.0,0.0,0.0,0.008486562942008486,0.011315417256011316,0.007082152974504249,0.0014144271570014145,0.0,0.0,0.0,0.0,0.0,0.0,0.0,0.0,0.0,0.0,0.0,0.0,0.1,0.55,0.05,0.3,0.11598302687411598,0.12588401697312587,0.11614730878186968,0.09052333804809053,0.07932011331444759,0.04667609618104668,0.055162659123055166,0.07223796033994334,0.07637906647807638,0.10906515580736544,0.11315417256011315,0.13012729844413012,0.11756373937677053,0.09193776520509193,0.0764872521246459,0.04526166902404526,0.055162659123055166,0.07223796033994334,0.07355021216407355,0.11189801699716714,1,1,0.0,0.0
wiki-Vote,null,lspar,lspar,0.2,0.198529,,302,1.0,19999,7066,23,39,hungarian,0.0946787432776677,0.21794508915935465,20,0.002830455703368242,3.4999999999999996,0.0,3.4999999999999996,0.0,0.0,1.7499999999999998,1.0,4.0,1.0,28.512878573450326,1.0,4.0,1.0,14.867817718652702,1.0,0.41140673648457404,1.0,0.3223889046136428,2.430684554523564,3.1018437225636526,-0.0169397352523597,-0.023060905847768126,0.037315366502251215,0.001129784999648109,0.45,0.25,0.2,0.1,0.0,0.0,0.0,0.0,0.0,0.0,0.01272984441301273,0.007072135785007072,0.0056657223796034,0.002828854314002829,0.0,0.0,0.0,0.0,0.0,0.0,0.3,0.4,0.25,0.05,0.0,0.0,0.0,0.0,0.0,0.0,0.008486562942008486,0.011315417256011316,0.007082152974504249,0.0014144271570014145,0.0,0.0,0.0,0.0,0.0,0.0,0.0,0.0,0.0,0.0,0.0,0.0,0.1,0.55,0.05,0.3,0.10608203677510608,0.1074964639321075,0.1274787535410765,0.10042432814710042,0.06940509915014165,0.07496463932107496,0.07072135785007072,0.06515580736543909,0.09193776520509193,0.13314447592067988,0.12022630834512023,0.12305516265912306,0.11331444759206799,0.0891089108910891,0.06515580736543909,0.07496463932107496,0.07355021216407355,0.06657223796033994,0.08628005657708628,0.13456090651558072,1,1,0.0,0.0
wiki-Vote,null,resmatch,dspar,0.5,1.0,,100,1.0,100736,7066,23,23,hungarian,1.0,1.0,20,0.002830455703368242,3.4999999999999996,0.0,3.4999999999999996,0.0,0.0,1.7499999999999998,1.0,4.0,1.0,28.512878573450326,1.0,4.0,1.0,14.867817718652702,1.0,0.41140673648457404,1.0,0.3223889046136428,2.430684554523564,3.1018437225636526,0.0,0.0,0.0,0.0008540810013073497,0.45,0.25,0.2,0.1,0.0,0.0,0.0,0.0,0.0,0.0,0.01272984441301273,0.007072135785007072,0.0056657223796034,0.002828854314002829,0.0,0.0,0.0,0.0,0.0,0.0,0.3,0.4,0.25,0.05,0.0,0.0,0.0,0.0,0.0,0.0,0.008486562942008486,0.011315417256011316,0.007082152974504249,0.0014144271570014145,0.0,0.0,0.0,0.0,0.0,0.0,0.0,0.0,0.0,0.0,0.0,0.0,0.1,0.55,0.05,0.3,1.0,1.0,1.0,1.0,1.0,1.0,1.0,1.0,1.0,1.0,1.0,1.0,1.0,1.0,1.0,1.0,1.0,1.0,1.0,1.0,1,1,0.0,0.0
wiki-Vote,null,resmatch,dspar,0.5,1.0,,101,1.0,100736,7066,23,21,hungarian,0.1705349561279366,0.1951599207472403,20,0.002830455703368242,3.4999999999999996,0.0,3.4999999999999996,0.0,0.0,1.7499999999999998,1.0,4.0,1.0,28.512878573450326,1.0,4.0,1.0,14.867817718652702,1.0,0.41140673648457404,1.0,0.3223889046136428,2.430684554523564,3.1018437225636526,-0.016426855150104225,-0.017365799712306312,0.03168169912903876,0.001045901000907179,0.45,0.25,0.2,0.1,0.0,0.0,0.0,0.0,0.0,0.0,0.01272984441301273,0.007072135785007072,0.0056657223796034,0.002828854314002829,0.0,0.0,0.0,0.0,0.0,0.0,0.3,0.4,0.25,0.05,0.0,0.0,0.0,0.0,0.0,0.0,0.008486562942008486,0.011315417256011316,0.007082152974504249,0.0014144271570014145,0.0,0.0,0.0,0.0,0.0,0.0,0.0,0.0,0.0,0.0,0.0,0.0,0.1,0.55,0.05,0.3,0.2248939179632249,0.17256011315417255,0.20396600566572237,0.12446958981612447,0.13314447592067988,0.1485148514851485,0.1456859971711457,0.17847025495750707,0.18953323903818953,0.18413597733711048,0.20084865629420084,0.2079207920792079,0.19263456090651557,0.1272984441301273,0.13172804532577903,0.14285714285714285,0.15275813295615276,0.18413597733711048,0.18953323903818953,0.17563739376770537,1,1,0.0,0.0
wiki-Vote,null,resmatch,dspar,0.5,1.0,,102,1.0,100736,7066,23,21,hungarian,0.1705349561279366,0.1974242853099349,20,0.002830455703368242,3.4999999999999996,0.0,3.4999999999999996,0.0,0.0,1.7499999999999998,1.0,4.0,1.0,28.512878573450326,1.0,4.0,1.0,14.867817718652702,1.0,0.41140673648457404,1.0,0.3223889046136428,2.430684554523564,3.1018437225636526,-0.010763804021033413,-0.012180234615934316,0.04204548338281827,0.0010338060019421391,0.45,0.25,0.2,0.1,0.0,0.0,0.0,0.0,0.0,0.0,0.01272984441301273,0.007072135785007072,0.0056657223796034,0.002828854314002829,0.0,0.0,0.0,0.0,0.0,0.0,0.3,0.4,0.25,0.05,0.0,0.0,0.0,0.0,0.0,0.0,0.008486562942008486,0.011315417256011316,0.007082152974504249,0.0014144271570014145,0.0,0.0,0.0,0.0,0.0,0.0,0.0,0.0,0.0,0.0,0.0,0.0,0.1,0.55,0.05,0.3,0.19094766619519093,0.18528995756718528,0.17138810198300283,0.16973125884016974,0.17138810198300283,0.14144271570014144,0.15983026874115983,0.16572237960339944,0.173974540311174,0.17563739376770537,0.1966053748231966,0.18104667609618105,0.17563739376770537,0.173974540311174,0.16147308781869688,0.1471004243281471,0.15275813295615276,0.16288951841359772,0.1753889674681754,0.17847025495750707,1,1,0.0,0.0
wiki-Vote,null,resmatch,lspar,0.5,1.0,,100,1.0,100736,7066,23,23,hungarian,1.0,1.0,20,0.002830455703368242,3.4999999999999996,0.0,3.4999999999999996,0.0,0.0,1.7499999999999998,1.0,4.0,1.0,28.512878573450326,1.0,4.0,1.0,14.867817718652702,1.0,0.41140673648457404,1.0,0.3223889046136428,2.430684554523564,3.1018437225636526,0.0,0.0,0.0,0.0008738129981793463,0.45,0.25,0.2,0.1,0.0,0.0,0.0,0.0,0.0,0.0,0.01272984441301273,0.007072135785007072,0.0056657223796034,0.002828854314002829,0.0,0.0,0.0,0.0,0.0,0.0,0.3,0.4,0.25,0.05,0.0,0.0,0.0,0.0,0.0,0.0,0.008486562942008486,0.011315417256011316,0.007082152974504249,0.0014144271570014145,0.0,0.0,0.0,0.0,0.0,0.0,0.0,0.0,0.0,0.0,0.0,0.0,0.1,0.55,0.05,0.3,1.0,1.0,1.0,1.0,1.0,1.0,1.0,1.0,1.0,1.0,1.0,1.0,1.0,1.0,1.0,1.0,1.0,1.0,1.0,1.0,1,1,0.0,0.0
wiki-Vote,null,resmatch,lspar,0.5,1.0,,101,1.0,100736,7066,23,21,hungarian,0.1705349561279366,0.1951599207472403,20,0.002830455703368242,3.4999999999999996,0.0,3.4999999999999996,0.0,0.0,1.7499999999999998,1.0,4.0,1.0,28.512878573450326,1.0,4.0,1.0,14.867817718652702,1.0,0.41140673648457404,1.0,0.3223889046136428,2.430684554523564,3.1018437225636526,-0.016426855150104225,-0.017365799712306312,0.03168169912903876,0.0010076699982164428,0.45,0.25,0.2,0.1,0.0,0.0,0.0,0.0,0.0,0.0,0.01272984441301273,0.007072135785007072,0.0056657223796034,0.002828854314002829,0.0,0.0,0.0,0.0,0.0,0.0,0.3,0.4,0.25,0.05,0.0,0.0,0.0,0.0,0.0,0.0,0.008486562942008486,0.011315417256011316,0.007082152974504249,0.0014144271570014145,0.0,0.0,0.0,0.0,0.0,0.0,0.0,0.0,0.0,0.0,0.0,0.0,0.1,0.55,0.05,0.3,0.2248939179632249,0.17256011315417255,0.20396600566572237,0.12446958981612447,0.13314447592067988,0.1485148514851485,0.1456859971711457,0.17847025495750707,0.18953323903818953,0.18413597733711048,0.20084865629420084,0.2079207920792079,0.19263456090651557,0.1272984441301273,0.13172804532577903,0.14285714285714285,0.15275813295615276,0.18413597733711048,0.18953323903818953,0.17563739376770537,1,1,0.0,0.0
wiki-Vote,null,resmatch,lspar,0.5,1.0,,102,1.0,100736,7066,23,21,hungarian,0.1705349561279366,0.1974242853099349,20,0.002830455703368242,3.4999999999999996,0.0,3.4999999999999996,0.0,0.0,1.7499999999999998,1.0,4.0,1.0,28.512878573450326,1.0,4.0,1.0,14.867817718652702,1.0,0.41140673648457404,1.0,0.3223889046136428,2.430684554523564,3.1018437225636526,-0.010763804021033413,-0.012180234615934316,0.04204548338281827,0.0010070979988086037,0.45,0.25,0.2,0.1,0.0,0.0,0.0,0.0,0.0,0.0,0.01272984441301273,0.007072135785007072,0.0056657223796034,0.002828854314002829,0.0,0.0,0.0,0.0,0.0,0.0,0.3,0.4,0.25,0.05,0.0,0.0,0.0,0.0,0.0,0.0,0.008486562942008486,0.011315417256011316,0.007082152974504249,0.0014144271570014145,0.0,0.0,0.0,0.0,0.0,0.0,0.0,0.0,0.0,0.0,0.0,0.0,0.1,0.55,0.05,0.3,0.19094766619519093,0.18528995756718528,0.17138810198300283,0.16973125884016974,0.17138810198300283,0.14144271570014144,0.15983026874115983,0.16572237960339944,0.173974540311174,0.17563739376770537,0.1966053748231966,0.18104667609618105,0.17563739376770537,0.173974540311174,0.16147308781869688,0.1471004243281471,0.15275813295615276,0.16288951841359772,0.1753889674681754,0.17847025495750707,1,1,0.0,0.0
wiki-Vote,null,resmatch,lspar,0.2,1.0,,100,1.25,100736,7066,23,39,hungarian,0.16076988395131617,0.26379847155392017,20,0.002830455703368242,3.4999999999999996,0.0,3.4999999999999996,0.0,0.0,1.7499999999999998,1.0,4.0,1.0,28.512878573450326,1.0,4.0,1.0,14.867817718652702,1.0,0.41140673648457404,1.0,0.3223889046136428,2.430684554523564,3.1018437225636526,-0.017355782522809143,-0.013595329585568833,0.032631328693371126,0.0011308879984426312,0.45,0.25,0.2,0.1,0.0,0.0,0.0,0.0,0.0,0.0,0.01272984441301273,0.007072135785007072,0.0056657223796034,0.002828854314002829,0.0,0.0,0.0,0.0,0.0,0.0,0.3,0.4,0.25,0.05,0.0,0.0,0.0,0.0,0.0,0.0,0.008486562942008486,0.011315417256011316,0.007082152974504249,0.0014144271570014145,0.0,0.0,0.0,0.0,0.0,0.0,0.0,0.0,0.0,0.0,0.0,0.0,0.1,0.55,0.05,0.3,0.21074964639321075,0.1966053748231966,0.17988668555240794,0.13861386138613863,0.08781869688385269,0.13295615275813297,0.12588401697312587,0.16288951841359772,0.1669024045261669,0.20538243626062322,0.18528995756718528,0.18528995756718528,0.2096317280453258,0.14285714285714285,0.08923512747875353,0.13012729844413012,0.12588401697312587,0.16572237960339944,0.16548797736916548,0.20821529745042494,1,1,0.0,0.0
wiki-Vote,null,resmatch,lspar,0.2,1.0,,101,1.25,100736,7066,23,38,hungarian,0.10430229266911972,0.23209736767619588,20,0.002830455703368242,3.4999999999999996,0.0,3.4999999999999996,0.0,0.0,1.7499999999999998,1.0,4.0,1.0,28.512878573450326,1.0,4.0,1.0,14.867817718652702,1.0,0.41140673648457404,1.0,0.3223889046136428,2.430684554523564,3.1018437225636526,-0.04570242536192108,-0.042878245736350254,0.0500712556079566,0.0010988369976985268,0.45,0.25,0.2,0.1,0.0,0.0,0.0,0.0,0.0,0.0,0.01272984441301273,0.007072135785007072,0.0056657223796034,0.002828854314002829,0.0,0.0,0.0,0.0,0.0,0.0,0.3,0.4,0.25,0.05,0.0,0.0,0.0,0.0,0.0,0.0,0.008486562942008486,0.011315417256011316,0.007082152974504249,0.0014144271570014145,0.0,0.0,0.0,0.0,0.0,0.0,0.0,0.0,0.0,0.0,0.0,0.0,0.1,0.55,0.05,0.3,0.1485148514851485,0.15417256011315417,0.1274787535410765,0.09052333804809053,0.07223796033994334,0.07920792079207921,0.07779349363507779,0.0821529745042493,0.10042432814710042,0.11048158640226628,0.14992927864214992,0.13295615275813297,0.14305949008498584,0.09476661951909476,0.0679886685552408,0.09052333804809053,0.06647807637906648,0.08923512747875353,0.09900990099009901,0.10906515580736544,1,1,0.0,0.0
wiki-Vote,null,resmatch,lspar,0.2,1.0,,102,1.25,100736,7066,23,43,hungarian,0.10246249646193037,0.23450325502405886,20,0.002830455703368242,3.4999999999999996,0.0,3.4999999999999996,0.0,0.0,1.7499999999999998,1.0,4.0,1.0,28.512878573450326,1.0,4.0,1.0,14.867817718652702,1.0,0.41140673648457404,1.0,0.3223889046136428,2.430684554523564,3.1018437225636526,-0.017865991374532014,-0.019286428845231754,0.03402572147137821,0.0011365909995220136,0.45,0.25,0.2,0.1,0.0,0.0,0.0,0.0,0.0,0.0,0.01272984441301273,0.007072135785007072,0.0056657223796034,0.002828854314002829,0.0,0.0,0.0,0.0,0.0,0.0,0.3,0.4,0.25,0.05,0.0,0.0,0.0,0.0,0.0,0.0,0.008486562942008486,0.011315417256011316,0.007082152974504249,0.0014144271570014145,0.0,0.0,0.0,0.0,0.0,0.0,0.0,0.0,0.0,0.0,0.0,0.0,0.1,0.55,0.05,0.3,0.13295615275813297,0.1371994342291372,0.10906515580736544,0.09335219236209336,0.07790368271954674,0.06789250353606789,0.08062234794908062,0.09631728045325778,0.11032531824611033,0.11898016997167139,0.13861386138613863,0.12588401697312587,0.11614730878186968,0.0876944837340877,0.07932011331444759,0.06789250353606789,0.08628005657708628,0.09348441926345609,0.11315417256011315,0.11614730878186968,1,1,0.0,0.0
ca-HepTh,real,jitter,,1.0,1.0,,101,1.0,24806,8638,49,49,hungarian,0.5434128270432971,0.5958555221115999,31,0.00358879370224589,0.9677419354838709,2.903225806451613,0.6451612903225806,0.9677419354838709,0.16129032258064516,1.2903225806451613,8.0,3.0,5.709677419354839,5.74345913405881,8.0,3.0,5.354838709677419,3.4073859689742996,0.2903225806451613,0.3695299837925446,0.12903225806451613,0.18279694373697616,0.7856536502546689,0.7058775460172833,0.06431725033260383,0.0550414502954093,0.04264883123757213,0.0011862680003105197,0.03225806451612903,0.16129032258064516,0.12903225806451613,0.06451612903225806,0.03225806451612903,0.0,0.0,0.0,0.0,0.5806451612903226,0.0011574074074074073,0.005787037037037037,0.004629629629629629,0.0023148148148148147,0.0011587485515643105,0.0,0.0,0.0,0.0,0.02085747392815759,0.12903225806451613,0.0,0.0967741935483871,0.06451612903225806,0.03225806451612903,0.06451612903225806,0.03225806451612903,0.3870967741935484,0.1935483870967742,0.0,0.004629629629629629,0.0,0.003472222222222222,0.0023148148148148147,0.0011587485515643105,0.0023148148148148147,0.0011574074074074073,0.013888888888888888,0.006944444444444444,0.0,0.03225806451612903,0.0,0.0,0.16129032258064516,0.0967741935483871,0.12903225806451613,0.03225806451612903,0.2903225806451613,0.16129032258064516,0.0967741935483871,0.5405092592592593,0.5115740740740741,0.5347222222222222,0.5196759259259259,0.507531865585168,0.5115740740740741,0.5289351851851852,0.5092592592592593,0.5601851851851852,0.7103128621089224,0.5405092592592593,0.5358796296296297,0.5162037037037037,0.5127314814814815,0.5272305909617613,0.5254629629629629,0.5185185185185185,0.53125,0.5590277777777778,0.6674391657010429,1,1,0.0,0.0
ca-HepTh,real,jitter,,1.0,1.0,,102,1.0,24806,8638,49,48,hungarian,0.5667978698772864,0.6121787450798796,31,0.00358879370224589,1.129032258064516,1.4516129032258065,0.8064516129032258,0.48387096774193544,0.16129032258064516,1.129032258064516,4.0,3.0,4.290322580645161,5.74345913405881,2.0,3.0,3.7419354838709675,3.4073859689742996,0.3870967741935484,0.3695299837925446,0.12903225806451613,0.18279694373697616,1.0475382003395586,0.7058775460172833,0.07435124386650072,0.07240345550262506,0.056553813856343726,0.001136498001869768,0.03225806451612903,0.1935483870967742,0.22580645161290322,0.0967741935483871,0.06451612903225806,0.06451612903225806,0.03225806451612903,0.0,0.0,0.2903225806451613,0.0011574074074074073,0.006944444444444444,0.008101851851851851,0.003472222222222222,0.002317497103128621,0.0023148148148148147,0.0011574074074074073,0.0,0.0,0.010428736964078795,0.12903225806451613,0.03225806451612903,0.12903225806451613,0.12903225806451613,0.06451612903225806,0.16129032258064516,0.06451612903225806,0.1935483870967742,0.0967741935483871,0.0,0.004629629629629629,0.0011574074074074073,0.004629629629629629,0.004629629629629629,0.002317497103128621,0.005787037037037037,0.0023148148148148147,0.006944444444444444,0.003472222222222222,0.0,0.03225806451612903,0.0,0.03225806451612903,0.16129032258064516,0.0967741935483871,0.16129032258064516,0.0967741935483871,0.1935483870967742,0.16129032258064516,0.06451612903225806,0.5497685185185185,0.5324074074074074,0.5543981481481481,0.5277777777777778,0.5330243337195828,0.5567129629629629,0.5543981481481481,0.5694444444444444,0.5717592592592593,0.7184241019698725,0.5462962962962963,0.5416666666666666,0.5347222222222222,0.5335648148148148,0.5550405561993047,0.5891203703703703,0.5277777777777778,0.5706018518518519,0.5995370370370371,0.6697566628041715,1,1,0.0,0.0
ca-HepTh,real,dspar,dspar,0.5,0.497541,200,300,1.0,12342,8638,49,221,hungarian,0.27494790460754803,0.46469090067145175,392,0.04538087520259319,1.5433673469387754,0.5612244897959184,1.3137755102040816,0.3826530612244898,0.4974489795918367,1.2244897959183672,3.0,3.0,3.7806122448979593,5.74345913405881,2.0,3.0,2.7372448979591835,3.4073859689742996,0.4107142857142857,0.3695299837925446,0.2857142857142857,0.18279694373697616,1.1114505012531328,1.563014566181127,0.04529401456303736,0.054922982561549594,0.08035599330500837,0.001498845998867182,0.16071428571428573,0.14795918367346939,0.08673469387755102,0.11734693877551021,0.1326530612244898,0.08928571428571429,0.08163265306122448,0.07142857142857142,0.0663265306122449,0.04591836734693878,0.07291666666666667,0.06712962962962964,0.03935185185185185,0.05324074074074074,0.06025492468134415,0.04050925925925926,0.037037037037037035,0.032407407407407406,0.03009259259259259,0.02085747392815759,0.1556122448979592,0.10714285714285714,0.08928571428571429,0.09948979591836735,0.1377551020408163,0.13520408163265307,0.10714285714285714,0.09183673469387756,0.05612244897959184,0.02040816326530612,0.07060185185185185,0.04861111111111111,0.04050925925925926,0.04513888888888889,0.06257242178447277,0.061342592592592594,0.04861111111111111,0.041666666666666664,0.02546296296296296,0.009269988412514484,0.05102040816326531,0.04846938775510204,0.061224489795918366,0.07397959183673469,0.12755102040816327,0.12755102040816327,0.15051020408163265,0.11479591836734694,0.125,0.11989795918367346,0.23148148148148148,0.2534722222222222,0.2638888888888889,0.2847222222222222,0.2665121668597914,0.2847222222222222,0.2800925925925926,0.2488425925925926,0.2337962962962963,0.4020857473928158,0.22916666666666666,0.26273148148148145,0.2662037037037037,0.27546296296296297,0.27925840092699883,0.27662037037037035,0.23726851851851852,0.27662037037037035,0.28587962962962965,0.3603707995365006,1,1,0.0,0.0
ca-HepTh,real,dspar,dspar,0.5,0.497541,200,301,1.0,12342,8638,49,221,hungarian,0.2655707339661959,0.44420004630701554,392,0.04538087520259319,1.5433673469387754,0.5612244897959184,1.3137755102040816,0.3826530612244898,0.4974489795918367,1.2244897959183672,3.0,3.0,3.7806122448979593,5.74345913405881,2.0,3.0,2.7372448979591835,3.4073859689742996,0.4107142857142857,0.3695299837925446,0.2857142857142857,0.18279694373697616,1.1114505012531328,1.563014566181127,0.04720738022688589,0.04103498776876527,0.09232123442484591,0.0014849839972157497,0.16071428571428573,0.14795918367346939,0.08673469387755102,0.11734693877551021,0.1326530612244898,0.08928571428571429,0.08163265306122448,0.07142857142857142,0.0663265306122449,0.04591836734693878,0.07291666666666667,0.06712962962962964,0.03935185185185185,0.05324074074074074,0.06025492468134415,0.04050925925925926,0.037037037037037035,0.032407407407407406,0.03009259259259259,0.02085747392815759,0.1556122448979592,0.10714285714285714,0.08928571428571429,0.09948979591836735,0.1377551020408163,0.13520408163265307,0.10714285714285714,0.09183673469387756,0.05612244897959184,0.02040816326530612,0.07060185185185185,0.04861111111111111,0.04050925925925926,0.04513888888888889,0.06257242178447277,0.061342592592592594,0.04861111111111111,0.041666666666666664,0.02546296296296296,0.009269988412514484,0.05102040816326531,0.04846938775510204,0.061224489795918366,0.07397959183673469,0.12755102040816327,0.12755102040816327,0.15051020408163265,0.11479591836734694,0.125,0.11989795918367346,0.24421296296296297,0.24305555555555555,0.24074074074074073,0.24305555555555555,0.24565469293163383,0.29050925925925924,0.2789351851851852,0.2511574074074074,0.2569444444444444,0.36152954808806487,0.25462962962962965,0.2326388888888889,0.25578703703703703,0.2662037037037037,0.2630359212050985,0.2361111111111111,0.28125,0.23726851851851852,0.2662037037037037,0.3626882966396292,1,1,0.0,0.0
ca-HepTh,real,dspar,dspar,0.5,0.497541,200,302,1.0,12342,8638,49,223,hungarian,0.29046075480435285,0.4700162074554295,392,0.04538087520259319,1.5433673469387754,0.5612244897959184,1.3137755102040816,0.3826530612244898,0.4974489795918367,1.2244897959183672,3.0,3.0,3.7806122448979593,5.74345913405881,2.0,3.0,2.7372448979591835,3.4073859689742996,0.4107142857142857,0.3695299837925446,0.2857142857142857,0.18279694373697616,1.1114505012531328,1.563014566181127,0.031021558445274156,0.04026785331101668,0.09772962176158392,0.001477074998547323,0.16071428571428573,0.14795918367346939,0.08673469387755102,0.11734693877551021,0.1326530612244898,0.08928571428571429,0.08163265306122448,0.07142857142857142,0.0663265306122449,0.04591836734693878,0.07291666666666667,0.06712962962962964,0.03935185185185185,0.05324074074074074,0.06025492468134415,0.04050925925925926,0.037037037037037035,0.032407407407407406,0.03009259259259259,0.02085747392815759,0.1556122448979592,0.10714285714285714,0.08928571428571429,0.09948979591836735,0.1377551020408163,0.13520408163265307,0.10714285714285714,0.09183673469387756,0.05612244897959184,0.02040816326530612,0.07060185185185185,0.04861111111111111,0.04050925925925926,0.04513888888888889,0.06257242178447277,0.061342592592592594,0.04861111111111111,0.041666666666666664,0.02546296296296296,0.009269988412514484,0.05102040816326531,0.04846938775510204,0.061224489795918366,0.07397959183673469,0.12755102040816327,0.12755102040816327,0.15051020408163265,0.11479591836734694,0.125,0.11989795918367346,0.26157407407407407,0.27314814814814814,0.29976851851851855,0.30092592592592593,0.2746234067207416,0.28125,0.28587962962962965,0.2604166666666667,0.25925925925925924,0.4078794901506373,0.2523148148148148,0.2847222222222222,0.2986111111111111,0.30092592592592593,0.2769409038238702,0.2708333333333333,0.2638888888888889,0.2777777777777778,0.30439814814814814,0.3742757821552723,1,1,0.0,0.0
ca-HepTh,real,dspar,dspar,0.5,0.500887,201,300,1.0,12425,8638,49,224,hungarian,0.261055799953693,0.44940958555221117,406,0.04700162074554295,1.5517241379310345,0.541871921182266,1.3054187192118227,0.32019704433497537,0.41871921182266014,1.022167487684729,3.0,3.0,3.6354679802955663,5.74345913405881,2.0,3.0,2.7610837438423643,3.4073859689742996,0.4064039408866995,0.3695299837925446,0.2832512315270936,0.18279694373697616,1.099786103189007,1.5495403026795658,0.04336008468878305,0.033704740855185045,0.09115443900834022,0.0015004170018073637,0.17733990147783252,0.1330049261083744,0.0812807881773399,0.10098522167487685,0.1477832512315271,0.10344827586206896,0.09359605911330049,0.054187192118226604,0.04926108374384237,0.059113300492610835,0.08333333333333333,0.0625,0.03819444444444445,0.047453703703703706,0.06952491309385864,0.04861111111111111,0.04398148148148148,0.02546296296296296,0.023148148148148147,0.027809965237543453,0.1354679802955665,0.12561576354679804,0.09113300492610837,0.08620689655172414,0.16009852216748768,0.1477832512315271,0.10591133004926108,0.08374384236453201,0.046798029556650245,0.017241379310344827,0.06365740740740741,0.059027777777777776,0.04282407407407408,0.04050925925925926,0.07531865585168018,0.06944444444444445,0.04976851851851852,0.03935185185185185,0.02199074074074074,0.008111239860950173,0.05172413793103448,0.03201970443349754,0.07881773399014778,0.08620689655172414,0.1206896551724138,0.1354679802955665,0.13054187192118227,0.16009852216748768,0.11576354679802955,0.08866995073891626,0.22800925925925927,0.2638888888888889,0.28587962962962965,0.2743055555555556,0.22363847045191193,0.20949074074074073,0.2175925925925926,0.26273148148148145,0.25578703703703703,0.38933951332560834,0.22569444444444445,0.28587962962962965,0.25578703703703703,0.26273148148148145,0.22363847045191193,0.23958333333333334,0.2488425925925926,0.24421296296296297,0.26157407407407407,0.3626882966396292,1,1,0.0,0.0
ca-HepTh,real,dspar,dspar,0.5,0.500887,201,301,1.0,12425,8638,49,221,hungarian,0.2943968511229451,0.48112989117851357,406,0.04700162074554295,1.5517241379310345,0.541871921182266,1.3054187192118227,0.32019704433497537,0.41871921182266014,1.022167487684729,3.0,3.0,3.6354679802955663,5.74345913405881,2.0,3.0,2.7610837438423643,3.4073859689742996,0.4064039408866995,0.3695299837925446,0.2832512315270936,0.18279694373697616,1.099786103189007,1.5495403026795658,0.031004570619286742,0.023682817618700225,0.10660978427249188,0.0015004570013843477,0.17733990147783252,0.1330049261083744,0.0812807881773399,0.10098522167487685,0.1477832512315271,0.10344827586206896,0.09359605911330049,0.054187192118226604,0.04926108374384237,0.059113300492610835,0.08333333333333333,0.0625,0.03819444444444445,0.047453703703703706,0.06952491309385864,0.04861111111111111,0.04398148148148148,0.02546296296296296,0.023148148148148147,0.027809965237543453,0.1354679802955665,0.12561576354679804,0.09113300492610837,0.08620689655172414,0.16009852216748768,0.1477832512315271,0.10591133004926108,0.08374384236453201,0.046798029556650245,0.017241379310344827,0.06365740740740741,0.059027777777777776,0.04282407407407408,0.04050925925925926,0.07531865585168018,0.06944444444444445,0.04976851851851852,0.03935185185185185,0.02199074074074074,0.008111239860950173,0.05172413793103448,0.03201970443349754,0.07881773399014778,0.08620689655172414,0.1206896551724138,0.1354679802955665,0.13054187192118227,0.16009852216748768,0.11576354679802955,0.08866995073891626,0.28935185185185186,0.2835648148148148,0.29282407407407407,0.29976851851851855,0.2630359212050985,0.2638888888888889,0.29282407407407407,0.3136574074074074,0.28125,0.3638470451911935,0.2800925925925926,0.29398148148148145,0.3148148148148148,0.28587962962962965,0.2607184241019699,0.27199074074074076,0.27662037037037035,0.2789351851851852,0.2951388888888889,0.3858632676709154,1,1,0.0,0.0
ca-HepTh,real,dspar,dspar,0.5,0.500887,201,302,1.0,12425,8638,49,221,hungarian,0.26151887010882147,0.45253530909932854,406,0.04700162074554295,1.5517241379310345,0.541871921182266,1.3054187192118227,0.32019704433497537,0.41871921182266014,1.022167487684729,3.0,3.0,3.6354679802955663,5.74345913405881,2.0,3.0,2.7610837438423643,3.4073859689742996,0.4064039408866995,0.3695299837925446,0.2832512315270936,0.18279694373697616,1.099786103189007,1.5495403026795658,0.05376289286582833,0.034860360070383234,0.09154381786189436,0.0014872799984004814,0.17733990147783252,0.1330049261083744,0.0812807881773399,0.10098522167487685,0.1477832512315271,0.10344827586206896,0.09359605911330049,0.054187192118226604,0.04926108374384237,0.059113300492610835,0.08333333333333333,0.0625,0.03819444444444445,0.047453703703703706,0.06952491309385864,0.04861111111111111,0.04398148148148148,0.02546296296296296,0.023148148148148147,0.027809965237543453,0.1354679802955665,0.12561576354679804,0.09113300492610837,0.08620689655172414,0.16009852216748768,0.1477832512315271,0.10591133004926108,0.08374384236453201,0.046798029556650245,0.017241379310344827,0.06365740740740741,0.059027777777777776,0.04282407407407408,0.04050925925925926,0.07531865585168018,0.06944444444444445,0.04976851851851852,0.03935185185185185,0.02199074074074074,0.008111239860950173,0.05172413793103448,0.03201970443349754,0.07881773399014778,0.08620689655172414,0.1206896551724138,0.1354679802955665,0.13054187192118227,0.16009852216748768,0.11576354679802955,0.08866995073891626,0.2349537037037037,0.25810185185185186,0.2523148148148148,0.2638888888888889,0.22711471610660486,0.2222222222222222,0.25,0.2962962962962963,0.2569444444444444,0.35341830822711473,0.24537037037037038,0.25925925925925924,0.26273148148148145,0.2465277777777778,0.22363847045191193,0.24537037037037038,0.2604166666666667,0.2673611111111111,0.2465277777777778,0.35805330243337197,1,1,0.0,0.0
ca-HepTh,real,lspar,lspar,0.5,0.500605,,300,1.0,12418,8638,49,316,hungarian,0.2883769391062746,0.5945820791849965,900,0.10419078490391294,0.8833333333333333,0.34444444444444444,0.8333333333333333,0.18333333333333332,0.31666666666666665,1.1777777777777778,3.0,3.0,3.508888888888889,5.74345913405881,2.0,3.0,2.6344444444444446,3.4073859689742996,0.37333333333333335,0.3695299837925446,0.15,0.18279694373697616,1.0102923976608187,0.8205826472450918,0.0634481889189305,0.06692354047751886,0.04834288227973055,0.0015723620017524809,0.09666666666666666,0.08,0.15888888888888889,0.15222222222222223,0.15444444444444444,0.16111111111111112,0.08333333333333333,0.044444444444444446,0.028888888888888888,0.04,0.10069444444444445,0.08333333333333333,0.16550925925925927,0.15856481481481483,0.16106604866743918,0.16782407407407407,0.08680555555555555,0.046296296296296294,0.03009259259259259,0.04171494785631518,0.07888888888888888,0.08777777777777777,0.12555555555555556,0.14,0.17555555555555555,0.16333333333333333,0.09888888888888889,0.09333333333333334,0.03222222222222222,0.0044444444444444444,0.08217592592592593,0.09143518518518519,0.13078703703703703,0.14583333333333334,0.18308227114716108,0.1701388888888889,0.10300925925925926,0.09722222222222222,0.03356481481481482,0.004634994206257242,0.016666666666666666,0.04666666666666667,0.08444444444444445,0.08,0.12222222222222222,0.13333333333333333,0.13444444444444445,0.14666666666666667,0.12555555555555556,0.11,0.26967592592592593,0.2777777777777778,0.2916666666666667,0.2569444444444444,0.2514484356894554,0.26157407407407407,0.24537037037037038,0.2708333333333333,0.30092592592592593,0.45770567786790267,0.26967592592592593,0.27199074074074076,0.2847222222222222,0.27199074074074076,0.27578215527230593,0.24074074074074073,0.24189814814814814,0.2638888888888889,0.2974537037037037,0.46581691772885286,1,1,0.0,0.0
ca-HepTh,real,lspar,lspar,0.5,0.500605,,301,1.0,12418,8638,49,315,hungarian,0.2984487149803195,0.6141467932391758,900,0.10419078490391294,0.8833333333333333,0.34444444444444444,0.8333333333333333,0.18333333333333332,0.31666666666666665,1.1777777777777778,3.0,3.0,3.508888888888889,5.74345913405881,2.0,3.0,2.6344444444444446,3.4073859689742996,0.37333333333333335,0.3695299837925446,0.15,0.18279694373697616,1.0102923976608187,0.8205826472450918,0.0638478498776876,0.06577328583894831,0.05491180636024201,0.00143761499930406,0.09666666666666666,0.08,0.15888888888888889,0.15222222222222223,0.15444444444444444,0.16111111111111112,0.08333333333333333,0.044444444444444446,0.028888888888888888,0.04,0.10069444444444445,0.08333333333333333,0.16550925925925927,0.15856481481481483,0.16106604866743918,0.16782407407407407,0.08680555555555555,0.046296296296296294,0.03009259259259259,0.04171494785631518,0.07888888888888888,0.08777777777777777,0.12555555555555556,0.14,0.17555555555555555,0.16333333333333333,0.09888888888888889,0.09333333333333334,0.03222222222222222,0.0044444444444444444,0.08217592592592593,0.09143518518518519,0.13078703703703703,0.14583333333333334,0.18308227114716108,0.1701388888888889,0.10300925925925926,0.09722222222222222,0.03356481481481482,0.004634994206257242,0.016666666666666666,0.04666666666666667,0.08444444444444445,0.08,0.12222222222222222,0.13333333333333333,0.13444444444444445,0.14666666666666667,0.12555555555555556,0.11,0.30092592592592593,0.2962962962962963,0.28703703703703703,0.2673611111111111,0.2410196987253766,0.25810185185185186,0.25810185185185186,0.2650462962962963,0.31712962962962965,0.4936268829663963,0.29050925925925924,0.3020833333333333,0.2951388888888889,0.26967592592592593,0.2665121668597914,0.2523148148148148,0.22337962962962962,0.2835648148148148,0.31712962962962965,0.4843568945538818,1,1,0.0,0.0
ca-HepTh,real,lspar,lspar,0.5,0.500605,,302,1.0,12418,8638,49,313,hungarian,0.3122250520953925,0.6056957629080806,900,0.10419078490391294,0.8833333333333333,0.34444444444444444,0.8333333333333333,0.18333333333333332,0.31666666666666665,1.1777777777777778,3.0,3.0,3.508888888888889,5.74345913405881,2.0,3.0,2.6344444444444446,3.4073859689742996,0.37333333333333335,0.3695299837925446,0.15,0.18279694373697616,1.0102923976608187,0.8205826472450918,0.08123086634336146,0.07542862967254627,0.051055569861093275,0.0015323420011554845,0.09666666666666666,0.08,0.15888888888888889,0.15222222222222223,0.15444444444444444,0.16111111111111112,0.08333333333333333,0.044444444444444446,0.028888888888888888,0.04,0.10069444444444445,0.08333333333333333,0.16550925925925927,0.15856481481481483,0.16106604866743918,0.16782407407407407,0.08680555555555555,0.046296296296296294,0.03009259259259259,0.04171494785631518,0.07888888888888888,0.08777777777777777,0.12555555555555556,0.14,0.17555555555555555,0.16333333333333333,0.09888888888888889,0.09333333333333334,0.03222222222222222,0.0044444444444444444,0.08217592592592593,0.09143518518518519,0.13078703703703703,0.14583333333333334,0.18308227114716108,0.1701388888888889,0.10300925925925926,0.09722222222222222,0.03356481481481482,0.004634994206257242,0.016666666666666666,0.04666666666666667,0.08444444444444445,0.08,0.12222222222222222,0.13333333333333333,0.13444444444444445,0.14666666666666667,0.12555555555555556,0.11,0.2974537037037037,0.32060185185185186,0.28935185185185186,0.27546296296296297,0.2769409038238702,0.2777777777777778,0.2337962962962963,0.2743055555555556,0.3263888888888889,0.5504055619930475,0.2974537037037037,0.3125,0.3020833333333333,0.2789351851851852,0.2954808806488992,0.25,0.24768518518518517,0.28935185185185186,0.33796296296296297,0.5110081112398609,1,1,0.0,0.0
ca-HepTh,real,lspar,lspar,0.2,0.275982,,300,1.0,6846,8638,49,1875,hungarian,0.07791155360037046,0.9396851122945126,6733,0.779462838620051,0.9193524431902569,0.8139016783009059,0.9134115550274765,0.8228130105450765,0.9795039358384078,1.0062379325709192,3.0,3.0,5.052279815832467,5.74345913405881,3.0,3.0,3.0929748997475124,3.4073859689742996,0.3665527996435467,0.3695299837925446,0.16426555770087628,0.18279694373697616,0.9919433218424049,0.8986231079291762,0.05024685993448065,0.05062327439451811,0.03167111926526759,0.0026130219994229265,0.08777662260507946,0.09609386603297193,0.11183721966433982,0.11064904203178375,0.11139165305213129,0.11243130848061786,0.10723303133818506,0.09980692113470964,0.09104411109460864,0.07173622456557255,0.6840277777777778,0.7488425925925926,0.8715277777777778,0.8622685185185185,0.8690614136732329,0.8761574074074074,0.8356481481481481,0.7777777777777778,0.7094907407407407,0.5596755504055619,0.08911332244170503,0.09356898856379028,0.10871825337888014,0.10990643101143621,0.11272835288875686,0.11406505272538245,0.10767859795039358,0.09965839893064013,0.09787613248180603,0.06668646962720927,0.6944444444444444,0.7291666666666666,0.8472222222222222,0.8564814814814815,0.8794901506373117,0.8888888888888888,0.8391203703703703,0.7766203703703703,0.7627314814814815,0.5202780996523755,0.0956482994207634,0.10025248774691817,0.09906431011436209,0.09401455517599881,0.1009950987672657,0.10203475419575227,0.1044111094608644,0.10233179860389129,0.10173770978761325,0.09950987672657062,0.1099537037037037,0.0787037037037037,0.041666666666666664,0.046296296296296294,0.038238702201622246,0.03587962962962963,0.047453703703703706,0.061342592592592594,0.0798611111111111,0.2398609501738123,0.10416666666666667,0.08217592592592593,0.047453703703703706,0.04398148148148148,0.038238702201622246,0.037037037037037035,0.04050925925925926,0.08333333333333333,0.08680555555555555,0.21552723059096177,1,1,0.0,0.0
ca-HepTh,real,lspar,lspar,0.2,0.275982,,301,1.0,6846,8638,49,1875,hungarian,0.07791155360037046,0.9396851122945126,6733,0.779462838620051,0.9193524431902569,0.8139016783009059,0.9134115550274765,0.8228130105450765,0.9795039358384078,1.0062379325709192,3.0,3.0,5.052279815832467,5.74345913405881,3.0,3.0,3.0929748997475124,3.4073859689742996,0.3665527996435467,0.3695299837925446,0.16426555770087628,0.18279694373697616,0.9919433218424049,0.8986231079291762,0.05024685993448065,0.05062327439451811,0.03167111926526759,0.00256217599962838,0.08777662260507946,0.09609386603297193,0.11183721966433982,0.11064904203178375,0.11139165305213129,0.11243130848061786,0.10723303133818506,0.09980692113470964,0.09104411109460864,0.07173622456557255,0.6840277777777778,0.7488425925925926,0.8715277777777778,0.8622685185185185,0.8690614136732329,0.8761574074074074,0.8356481481481481,0.7777777777777778,0.7094907407407407,0.5596755504055619,0.08911332244170503,0.09356898856379028,0.10871825337888014,0.10990643101143621,0.11272835288875686,0.11406505272538245,0.10767859795039358,0.09965839893064013,0.09787613248180603,0.06668646962720927,0.6944444444444444,0.7291666666666666,0.8472222222222222,0.8564814814814815,0.8794901506373117,0.8888888888888888,0.8391203703703703,0.7766203703703703,0.7627314814814815,0.5202780996523755,0.0956482994207634,0.10025248774691817,0.09906431011436209,0.09401455517599881,0.1009950987672657,0.10203475419575227,0.1044111094608644,0.10233179860389129,0.10173770978761325,0.09950987672657062,0.1099537037037037,0.0787037037037037,0.041666666666666664,0.046296296296296294,0.038238702201622246,0.03587962962962963,0.047453703703703706,0.061342592592592594,0.0798611111111111,0.2398609501738123,0.10416666666666667,0.08217592592592593,0.047453703703703706,0.04398148148148148,0.038238702201622246,0.037037037037037035,0.04050925925925926,0.08333333333333333,0.08680555555555555,0.21552723059096177,1,1,0.0,0.0
ca-HepTh,real,lspar,lspar,0.2,0.275982,,302,1.0,6846,8638,49,1875,hungarian,0.07791155360037046,0.9396851122945126,6733,0.779462838620051,0.9193524431902569,0.8139016783009059,0.9134115550274765,0.8228130105450765,0.9795039358384078,1.0062379325709192,3.0,3.0,5.052279815832467,5.74345913405881,3.0,3.0,3.0929748997475124,3.4073859689742996,0.3665527996435467,0.3695299837925446,0.16426555770087628,0.18279694373697616,0.9919433218424049,0.8986231079291762,0.05024685993448065,0.05062327439451811,0.03167111926526759,0.0025566320000507403,0.08777662260507946,0.09609386603297193,0.11183721966433982,0.11064904203178375,0.11139165305213129,0.11243130848061786,0.10723303133818506,0.09980692113470964,0.09104411109460864,0.07173622456557255,0.6840277777777778,0.7488425925925926,0.8715277777777778,0.8622685185185185,0.8690614136732329,0.8761574074074074,0.8356481481481481,0.7777777777777778,0.7094907407407407,0.5596755504055619,0.08911332244170503,0.09356898856379028,0.10871825337888014,0.10990643101143621,0.11272835288875686,0.11406505272538245,0.10767859795039358,0.09965839893064013,0.09787613248180603,0.06668646962720927,0.6944444444444444,0.7291666666666666,0.8472222222222222,0.8564814814814815,0.8794901506373117,0.8888888888888888,0.8391203703703703,0.7766203703703703,0.7627314814814815,0.5202780996523755,0.0956482994207634,0.10025248774691817,0.09906431011436209,0.09401455517599881,0.1009950987672657,0.10203475419575227,0.1044111094608644,0.10233179860389129,0.10173770978761325,0.09950987672657062,0.1099537037037037,0.0787037037037037,0.041666666666666664,0.046296296296296294,0.038238702201622246,0.03587962962962963,0.047453703703703706,0.061342592592592594,0.0798611111111111,0.2398609501738123,0.10416666666666667,0.08217592592592593,0.047453703703703706,0.04398148148148148,0.038238702201622246,0.037037037037037035,0.04050925925925926,0.08333333333333333,0.08680555555555555,0.21552723059096177,1,1,0.0,0.0
ca-HepTh,real,resmatch,dspar,0.5,1.0,,100,10.0,24806,8638,49,223,hungarian,0.273095623987034,0.8085204908543644,105,0.012155591572123177,0.7142857142857142,1.0,0.6666666666666666,0.42857142857142855,0.2857142857142857,1.1428571428571428,3.0,3.0,4.276190476190476,5.74345913405881,3.0,3.0,3.466666666666667,3.4073859689742996,0.3047619047619048,0.3695299837925446,0.12380952380952381,0.18279694373697616,0.8247284878863826,0.6773063120118218,0.01864995064589503,0.021350120881793333,0.08344286010614704,0.0014202420024957974,0.06666666666666667,0.0761904761904762,0.13333333333333333,0.17142857142857143,0.14285714285714285,0.08571428571428572,0.0761904761904762,0.047619047619047616,0.0,0.2,0.008101851851851851,0.009259259259259259,0.016203703703703703,0.020833333333333332,0.01738122827346466,0.010416666666666666,0.009259259259259259,0.005787037037037037,0.0,0.02433371958285052,0.05714285714285714,0.0761904761904762,0.10476190476190476,0.12380952380952381,0.14285714285714285,0.1619047619047619,0.0761904761904762,0.17142857142857143,0.06666666666666667,0.01904761904761905,0.006944444444444444,0.009259259259259259,0.01273148148148148,0.015046296296296295,0.01738122827346466,0.019675925925925927,0.009259259259259259,0.020833333333333332,0.008101851851851851,0.002317497103128621,0.05714285714285714,0.0,0.02857142857142857,0.09523809523809523,0.11428571428571428,0.14285714285714285,0.18095238095238095,0.1523809523809524,0.13333333333333333,0.09523809523809523,0.2789351851851852,0.27662037037037035,0.28587962962962965,0.2337962962962963,0.24913093858632676,0.2662037037037037,0.24305555555555555,0.28587962962962965,0.2708333333333333,0.3406720741599073,0.2673611111111111,0.29282407407407407,0.2511574074074074,0.2777777777777778,0.25608342989571264,0.24074074074074073,0.26967592592592593,0.2743055555555556,0.26157407407407407,0.33951332560834296,1,1,0.0,0.0
ca-HepTh,real,resmatch,dspar,0.5,1.0,,101,10.0,24806,8638,49,230,hungarian,0.26059272979856446,0.7991433202130123,79,0.009145635563787913,0.31645569620253167,1.6455696202531647,0.2531645569620253,0.5063291139240506,0.18987341772151897,1.3291139240506327,4.0,3.0,4.9113924050632916,5.74345913405881,3.0,3.0,4.253164556962025,3.4073859689742996,0.189873417721519,0.3695299837925446,0.06329113924050633,0.18279694373697616,0.5138241172551632,0.34623740390088265,0.021732794014563128,0.024043585396907152,0.07611037795230535,0.0014412509990506805,0.0379746835443038,0.02531645569620253,0.06329113924050633,0.16455696202531644,0.10126582278481013,0.08860759493670886,0.11392405063291139,0.0759493670886076,0.012658227848101266,0.31645569620253167,0.003472222222222222,0.0023148148148148147,0.005787037037037037,0.015046296296296295,0.009269988412514484,0.008101851851851851,0.010416666666666666,0.006944444444444444,0.0011574074074074073,0.028968713789107765,0.02531645569620253,0.02531645569620253,0.08860759493670886,0.10126582278481013,0.13924050632911392,0.1518987341772152,0.05063291139240506,0.31645569620253167,0.10126582278481013,0.0,0.0023148148148148147,0.0023148148148148147,0.008101851851851851,0.009259259259259259,0.012746234067207415,0.013888888888888888,0.004629629629629629,0.028935185185185185,0.009259259259259259,0.0,0.02531645569620253,0.012658227848101266,0.012658227848101266,0.10126582278481013,0.12658227848101267,0.12658227848101267,0.13924050632911392,0.189873417721519,0.17721518987341772,0.08860759493670886,0.2662037037037037,0.26273148148148145,0.25578703703703703,0.24421296296296297,0.23754345307068367,0.23958333333333334,0.25,0.2523148148148148,0.2662037037037037,0.3314020857473928,0.2534722222222222,0.27662037037037035,0.24074074074074073,0.23148148148148148,0.2572421784472769,0.24537037037037038,0.25810185185185186,0.26967592592592593,0.2523148148148148,0.320973348783314,1,1,0.0,0.0
ca-HepTh,real,resmatch,dspar,0.5,1.0,,102,10.0,24806,8638,49,232,hungarian,0.26672840935401715,0.7955545265107664,126,0.014586709886547812,0.7936507936507936,0.7539682539682538,0.6746031746031745,0.31746031746031744,0.15873015873015872,1.0714285714285714,3.0,3.0,3.9682539682539684,5.74345913405881,3.0,3.0,3.253968253968254,3.4073859689742996,0.2857142857142857,0.3695299837925446,0.14285714285714285,0.18279694373697616,0.7731829573934836,0.7815072830905635,-0.010686236642204139,0.0024297061642561957,0.0961680829148964,0.001416756000253372,0.07936507936507936,0.07936507936507936,0.11904761904761904,0.12698412698412698,0.15079365079365079,0.12698412698412698,0.10317460317460317,0.06349206349206349,0.007936507936507936,0.14285714285714285,0.011574074074074073,0.011574074074074073,0.017361111111111112,0.018518518518518517,0.0220162224797219,0.018518518518518517,0.015046296296296295,0.009259259259259259,0.0011574074074074073,0.02085747392815759,0.07936507936507936,0.05555555555555555,0.07936507936507936,0.1349206349206349,0.15079365079365079,0.19047619047619047,0.0873015873015873,0.15873015873015872,0.06349206349206349,0.0,0.011574074074074073,0.008101851851851851,0.011574074074074073,0.019675925925925927,0.0220162224797219,0.027777777777777776,0.01273148148148148,0.023148148148148147,0.009259259259259259,0.0,0.023809523809523808,0.007936507936507936,0.047619047619047616,0.1349206349206349,0.12698412698412698,0.14285714285714285,0.14285714285714285,0.15873015873015872,0.1349206349206349,0.07936507936507936,0.2662037037037037,0.2800925925925926,0.28125,0.2650462962962963,0.253765932792584,0.27314814814814814,0.2523148148148148,0.23958333333333334,0.25462962962962965,0.30127462340672073,0.26967592592592593,0.2789351851851852,0.25,0.27199074074074076,0.2711471610660487,0.23726851851851852,0.2824074074074074,0.26273148148148145,0.24537037037037038,0.29779837775202783,1,1,0.0,0.0
ca-HepTh,real,resmatch,lspar,0.5,1.0,,100,18.0,24806,8638,49,315,hungarian,0.20722389442000463,0.8346839546191248,122,0.01412363973141931,0.6557377049180326,0.9836065573770492,0.4918032786885246,0.3688524590163934,0.2868852459016393,1.2295081967213113,4.0,3.0,4.180327868852459,5.74345913405881,3.0,3.0,3.4262295081967213,3.4073859689742996,0.29508196721311475,0.3695299837925446,0.09836065573770492,0.18279694373697616,0.7985332182916307,0.5380869818000602,0.027871210820708703,0.027870316724604105,0.06180215799035807,0.0014890279999235645,0.04918032786885246,0.08196721311475409,0.10655737704918032,0.16393442622950818,0.14754098360655737,0.07377049180327869,0.13114754098360656,0.04918032786885246,0.04918032786885246,0.14754098360655737,0.006944444444444444,0.011574074074074073,0.015046296296296295,0.023148148148148147,0.02085747392815759,0.010416666666666666,0.018518518518518517,0.006944444444444444,0.006944444444444444,0.02085747392815759,0.05737704918032787,0.040983606557377046,0.13934426229508196,0.10655737704918032,0.11475409836065574,0.16393442622950818,0.16393442622950818,0.13934426229508196,0.07377049180327869,0.0,0.008101851851851851,0.005787037037037037,0.019675925925925927,0.015046296296296295,0.016222479721900347,0.023148148148148147,0.023148148148148147,0.019675925925925927,0.010416666666666666,0.0,0.040983606557377046,0.01639344262295082,0.06557377049180328,0.09836065573770492,0.10655737704918032,0.11475409836065574,0.14754098360655737,0.16393442622950818,0.1721311475409836,0.07377049180327869,0.20717592592592593,0.2025462962962963,0.20601851851851852,0.1712962962962963,0.19582850521436848,0.21412037037037038,0.17592592592592593,0.20601851851851852,0.2511574074074074,0.2421784472769409,0.20023148148148148,0.21412037037037038,0.17939814814814814,0.2013888888888889,0.18887601390498263,0.17592592592592593,0.2349537037037037,0.2337962962962963,0.2037037037037037,0.2398609501738123,1,1,0.0,0.0
ca-HepTh,real,resmatch,lspar,0.5,1.0,,101,18.0,24806,8638,49,330,hungarian,0.20606621903218336,0.8499652697383654,157,0.018175503588793704,1.0509554140127388,0.6050955414012739,0.8598726114649681,0.2547770700636942,0.445859872611465,1.0828025477707006,3.0,3.0,3.700636942675159,5.74345913405881,2.0,3.0,2.878980891719745,3.4073859689742996,0.39490445859872614,0.3695299837925446,0.17834394904458598,0.18279694373697616,1.0686668901553247,0.9756396655143341,0.011284386936183,0.012059568258873027,0.07646935753830306,0.001483864998590434,0.10828025477707007,0.10191082802547771,0.14012738853503184,0.18471337579617833,0.1592356687898089,0.07643312101910828,0.08280254777070063,0.025477707006369428,0.006369426751592357,0.11464968152866242,0.019675925925925927,0.018518518518518517,0.02546296296296296,0.03356481481481482,0.028968713789107765,0.013888888888888888,0.015046296296296295,0.004629629629629629,0.0011574074074074073,0.02085747392815759,0.08917197452229299,0.08280254777070063,0.12101910828025478,0.16560509554140126,0.12101910828025478,0.15286624203821655,0.10191082802547771,0.11464968152866242,0.044585987261146494,0.006369426751592357,0.016203703703703703,0.015046296296296295,0.02199074074074074,0.03009259259259259,0.0220162224797219,0.027777777777777776,0.018518518518518517,0.020833333333333332,0.008101851851851851,0.0011587485515643105,0.06369426751592357,0.025477707006369428,0.03821656050955414,0.08917197452229299,0.10191082802547771,0.12738853503184713,0.18471337579617833,0.15286624203821655,0.12738853503184713,0.08917197452229299,0.20949074074074073,0.20833333333333334,0.21064814814814814,0.1840277777777778,0.18192352259559674,0.21180555555555555,0.19212962962962962,0.21064814814814814,0.2025462962962963,0.24913093858632676,0.20949074074074073,0.2152777777777778,0.19791666666666666,0.19328703703703703,0.19003476245654694,0.1875,0.20833333333333334,0.2048611111111111,0.19560185185185186,0.25840092699884126,1,1,0.0,0.0
ca-HepTh,real,resmatch,lspar,0.5,1.0,,102,18.0,24806,8638,49,330,hungarian,0.20710812688122252,0.84313498495022,154,0.017828200972447326,1.1363636363636362,0.5844155844155844,0.8441558441558441,0.22727272727272727,0.2597402597402597,1.2337662337662336,3.0,3.0,3.6493506493506493,5.74345913405881,2.0,3.0,2.8766233766233764,3.4073859689742996,0.35714285714285715,0.3695299837925446,0.18831168831168832,0.18279694373697616,0.9664786967418546,1.0301686913466521,0.01591893409438791,0.015141964579488743,0.079174892350829,0.0015594100004818756,0.11038961038961038,0.11688311688311688,0.11038961038961038,0.16883116883116883,0.16233766233766234,0.11688311688311688,0.07792207792207792,0.01948051948051948,0.0,0.11688311688311688,0.019675925925925927,0.020833333333333332,0.019675925925925927,0.03009259259259259,0.028968713789107765,0.020833333333333332,0.013888888888888888,0.003472222222222222,0.0,0.02085747392815759,0.09090909090909091,0.07792207792207792,0.11038961038961038,0.14935064935064934,0.14935064935064934,0.14285714285714285,0.1038961038961039,0.12987012987012986,0.045454545454545456,0.0,0.016203703703703703,0.013888888888888888,0.019675925925925927,0.02662037037037037,0.026651216685979143,0.02546296296296296,0.018518518518518517,0.023148148148148147,0.008101851851851851,0.0,0.045454545454545456,0.006493506493506494,0.045454545454545456,0.1038961038961039,0.09740259740259741,0.11038961038961038,0.18181818181818182,0.16233766233766234,0.12987012987012986,0.11688311688311688,0.2025462962962963,0.20833333333333334,0.21643518518518517,0.19444444444444445,0.18076477404403243,0.19560185185185186,0.19791666666666666,0.19907407407407407,0.21412037037037038,0.26187717265353416,0.19791666666666666,0.22569444444444445,0.2048611111111111,0.18287037037037038,0.18308227114716108,0.19791666666666666,0.2048611111111111,0.20949074074074073,0.21643518518518517,0.24797219003476245,1,1,0.0,0.0
ca-HepTh,real,resmatch,lspar,0.2,1.0,,100,320.0,24806,8638,49,1802,hungarian,0.05985181755035888,0.9480203750868257,7863,0.9102801574438527,0.9716393234134554,1.0587561999236932,0.9697316545847641,1.042223070075035,1.0702022128958413,0.9633727584891263,3.0,3.0,5.897621772860232,5.74345913405881,3.0,3.0,3.4788248760015263,3.4073859689742996,0.3630929670609182,0.3695299837925446,0.1770316673025563,0.18279694373697616,0.9825805292832742,0.9684607613422933,-0.028143910132612346,-0.0173548524383789,0.06253084631560878,0.002517023000109475,0.09665522065369452,0.09767264402899657,0.09996184662342618,0.09996184662342618,0.09716393234134554,0.09767264402899657,0.09945313493577515,0.09970749077960066,0.10441307389037263,0.10733816609436601,0.8796296296296297,0.8888888888888888,0.9097222222222222,0.9097222222222222,0.8852838933951332,0.8888888888888888,0.9050925925925926,0.9074074074074074,0.9502314814814815,0.9779837775202781,0.09805417779473484,0.09589215312221798,0.09881724532621138,0.10059773623298995,0.09881724532621138,0.10110644792064098,0.10034338038916445,0.09792699987282208,0.10199669337403026,0.10644792064097673,0.8923611111111112,0.8726851851851852,0.8993055555555556,0.9155092592592593,0.9003476245654692,0.9201388888888888,0.9131944444444444,0.8912037037037037,0.9282407407407407,0.9698725376593279,0.10873712323540634,0.10530331934376193,0.10288693882741956,0.09907160117003688,0.09881724532621138,0.09818135571664759,0.09678239857560728,0.09754546610708381,0.09538344143456697,0.0972911102632583,0.07291666666666667,0.0775462962962963,0.06828703703703703,0.061342592592592594,0.06257242178447277,0.06597222222222222,0.05555555555555555,0.05092592592592592,0.032407407407407406,0.05098493626882966,0.0775462962962963,0.0763888888888889,0.0625,0.05787037037037037,0.05909617612977984,0.052083333333333336,0.04861111111111111,0.09490740740740741,0.05324074074074074,0.016222479721900347,1,1,0.0,0.0
ca-HepTh,real,resmatch,lspar,0.2,1.0,,101,320.0,24806,8638,49,1805,hungarian,0.060777957860615885,0.9443158138457977,7808,0.9039129428108359,0.9765625,1.0585297131147542,0.9740010245901639,1.0418801229508197,1.0726178278688525,0.9624743852459017,3.0,3.0,5.905353483606557,5.74345913405881,3.0,3.0,3.479892418032787,3.4073859689742996,0.36270491803278687,0.3695299837925446,0.17815061475409835,0.18279694373697616,0.9815304141501293,0.9745820204217235,-0.02351696279129651,-0.016582353404002673,0.0648461081784759,0.0025424839986953884,0.09746413934426229,0.09784836065573771,0.09887295081967214,0.09976946721311475,0.09720799180327869,0.09759221311475409,0.09951331967213115,0.10002561475409837,0.10476434426229508,0.10694159836065574,0.8807870370370371,0.8842592592592593,0.8935185185185185,0.9016203703703703,0.8794901506373117,0.8819444444444444,0.8993055555555556,0.9039351851851852,0.9467592592592593,0.9675550405561993,0.09861680327868852,0.09618340163934426,0.09797643442622951,0.10015368852459017,0.09912909836065574,0.10066598360655737,0.10079405737704918,0.09810450819672131,0.1013063524590164,0.10706967213114754,0.8912037037037037,0.8692129629629629,0.8854166666666666,0.9050925925925926,0.8968713789107764,0.9097222222222222,0.9108796296296297,0.8865740740740741,0.9155092592592593,0.9687137891077636,0.1089907786885246,0.10553278688524591,0.10322745901639344,0.09964139344262295,0.09874487704918032,0.09759221311475409,0.09618340163934426,0.09759221311475409,0.09503073770491803,0.09746413934426229,0.06365740740740741,0.07407407407407407,0.06828703703703703,0.061342592592592594,0.06952491309385864,0.07175925925925926,0.06365740740740741,0.05324074074074074,0.03819444444444445,0.0440324449594438,0.06597222222222222,0.07407407407407407,0.06944444444444445,0.06597222222222222,0.06373117033603708,0.056712962962962965,0.052083333333333336,0.08217592592592593,0.059027777777777776,0.01853997682502897,1,1,0.0,0.0
ca-HepTh,real,resmatch,lspar,0.2,1.0,,102,320.0,24806,8638,49,1804,hungarian,0.06031488770548738,0.9463996295438759,7820,0.9053021532762213,0.9725063938618924,1.063938618925831,0.9699488491048593,1.0434782608695652,1.0703324808184143,0.957161125319693,3.0,3.0,5.91074168797954,5.74345913405881,3.0,3.0,3.484782608695652,3.4073859689742996,0.3618925831202046,0.3695299837925446,0.17736572890025576,0.18279694373697616,0.9793321218647641,0.9702882623435144,-0.025832224654163627,-0.015040484671616387,0.06793073973935311,0.0025280629997723736,0.0969309462915601,0.09757033248081841,0.09910485933503836,0.09961636828644502,0.09705882352941177,0.09705882352941177,0.09936061381074168,0.10051150895140665,0.10485933503836317,0.10792838874680306,0.8773148148148148,0.8831018518518519,0.8969907407407407,0.9016203703703703,0.8794901506373117,0.8784722222222222,0.8993055555555556,0.9097222222222222,0.9490740740740741,0.9779837775202781,0.09833759590792839,0.09565217391304348,0.0979539641943734,0.1,0.09884910485933504,0.10127877237851662,0.10089514066496164,0.09833759590792839,0.10153452685421994,0.1071611253196931,0.8900462962962963,0.8657407407407407,0.8865740740740741,0.9050925925925926,0.895712630359212,0.9166666666666666,0.9131944444444444,0.8900462962962963,0.9189814814814815,0.9710312862108922,0.1081841432225064,0.10588235294117647,0.10396419437340153,0.1,0.0979539641943734,0.09757033248081841,0.09731457800511509,0.09769820971867008,0.09437340153452685,0.09705882352941177,0.06481481481481481,0.07407407407407407,0.06828703703703703,0.059027777777777776,0.06488991888760139,0.07523148148148148,0.06712962962962964,0.05092592592592592,0.03587962962962963,0.04287369640787949,0.06828703703703703,0.07060185185185185,0.06712962962962964,0.06828703703703703,0.06141367323290846,0.05555555555555555,0.05092592592592592,0.08564814814814815,0.06018518518518518,0.015063731170336037,1,1,0.0,0.0
ca-HepTh,null,jitter,,1.0,1.0,,101,1.0,24806,8638,48,48,hungarian,0.11599907385968974,0.17006251447094234,44,0.005093771706413522,5.0,0.0,5.0,0.0,0.0,3.409090909090909,1.0,3.0,1.0,5.74345913405881,1.0,3.0,1.0,3.1369529983792543,1.0,0.3695299837925446,1.0,0.18071312803889789,2.7061403508771926,5.533632286995516,-0.001879837059925893,-0.005353400426305013,0.02589659957369496,0.0012786829975084402,0.4772727272727273,0.5227272727272727,0.0,0.0,0.0,0.0,0.0,0.0,0.0,0.0,0.024305555555555556,0.02662037037037037,0.0,0.0,0.0,0.0,0.0,0.0,0.0,0.0,0.5681818181818182,0.4318181818181818,0.0,0.0,0.0,0.0,0.0,0.0,0.0,0.0,0.028935185185185185,0.02199074074074074,0.0,0.0,0.0,0.0,0.0,0.0,0.0,0.0,0.0,0.0,0.0,0.0,0.0,0.0,0.0,0.3181818181818182,0.4772727272727273,0.20454545454545456,0.14699074074074073,0.12962962962962962,0.09722222222222222,0.10648148148148148,0.11935110081112399,0.09953703703703703,0.09259259259259259,0.1111111111111111,0.12962962962962962,0.12746234067207415,0.1400462962962963,0.13310185185185186,0.09953703703703703,0.1111111111111111,0.10312862108922363,0.1076388888888889,0.1087962962962963,0.1099537037037037,0.12268518518518519,0.12398609501738123,1,1,0.0,0.0
ca-HepTh,null,jitter,,1.0,1.0,,102,1.0,24806,8638,48,48,hungarian,0.13822644130585784,0.18499652697383653,44,0.005093771706413522,5.0,0.0,5.0,0.0,0.0,3.409090909090909,1.0,3.0,1.0,5.74345913405881,1.0,3.0,1.0,3.1369529983792543,1.0,0.3695299837925446,1.0,0.18071312803889789,2.7061403508771926,5.533632286995516,0.022454329570976927,0.013964887057780068,0.023973398852695865,0.0012926749986945651,0.4772727272727273,0.5227272727272727,0.0,0.0,0.0,0.0,0.0,0.0,0.0,0.0,0.024305555555555556,0.02662037037037037,0.0,0.0,0.0,0.0,0.0,0.0,0.0,0.0,0.5681818181818182,0.4318181818181818,0.0,0.0,0.0,0.0,0.0,0.0,0.0,0.0,0.028935185185185185,0.02199074074074074,0.0,0.0,0.0,0.0,0.0,0.0,0.0,0.0,0.0,0.0,0.0,0.0,0.0,0.0,0.0,0.3181818181818182,0.4772727272727273,0.20454545454545456,0.1527777777777778,0.1597222222222222,0.11574074074074074,0.10648148148148148,0.10776361529548088,0.1284722222222222,0.11574074074074074,0.1423611111111111,0.15162037037037038,0.20162224797219003,0.15393518518518517,0.16435185185185186,0.11458333333333333,0.11574074074074074,0.10776361529548088,0.11689814814814815,0.13425925925925927,0.12731481481481483,0.15046296296296297,0.1969872537659328,1,1,0.0,0.0
ca-HepTh,null,dspar,dspar,0.5,0.497178,200,300,1.0,12333,8638,48,179,hungarian,0.07166010650613568,0.20016207455429497,219,0.025353090993285483,2.191780821917808,0.4337899543378995,1.9406392694063925,0.182648401826484,0.6621004566210045,1.735159817351598,3.0,3.0,3.1141552511415527,5.74345913405881,2.0,3.0,2.442922374429224,3.1369529983792543,0.4840182648401826,0.3695299837925446,0.4246575342465753,0.18071312803889789,1.309821357045582,2.3498986424227533,-0.04087762685435533,-0.031612108922363845,0.036298960702688,0.0015813290010555647,0.2191780821917808,0.2191780821917808,0.0593607305936073,0.0547945205479452,0.0639269406392694,0.0867579908675799,0.1278538812785388,0.0821917808219178,0.0639269406392694,0.0228310502283105,0.05555555555555555,0.05555555555555555,0.015046296296296295,0.013888888888888888,0.016222479721900347,0.02199074074074074,0.032407407407407406,0.020833333333333332,0.016203703703703703,0.005793742757821553,0.2237442922374429,0.1643835616438356,0.0547945205479452,0.0730593607305936,0.1004566210045662,0.1232876712328767,0.1643835616438356,0.0593607305936073,0.0365296803652968,0.0,0.056712962962962965,0.041666666666666664,0.013888888888888888,0.018518518518518517,0.02549246813441483,0.03125,0.041666666666666664,0.015046296296296295,0.009259259259259259,0.0,0.0776255707762557,0.0547945205479452,0.0410958904109589,0.0684931506849315,0.045662100456621,0.0958904109589041,0.1050228310502283,0.1643835616438356,0.2100456621004566,0.136986301369863,0.10069444444444445,0.09490740740740741,0.08217592592592593,0.08333333333333333,0.0660486674391657,0.05324074074074074,0.08101851851851852,0.06481481481481481,0.04513888888888889,0.04519119351100811,0.10300925925925926,0.09606481481481481,0.08217592592592593,0.07407407407407407,0.06025492468134415,0.061342592592592594,0.05324074074074074,0.06944444444444445,0.05555555555555555,0.06141367323290846,1,1,0.0,0.0
ca-HepTh,null,dspar,dspar,0.5,0.497178,200,301,1.0,12333,8638,48,176,hungarian,0.07351238712664969,0.20294049548506599,219,0.025353090993285483,2.191780821917808,0.4337899543378995,1.9406392694063925,0.182648401826484,0.6621004566210045,1.735159817351598,3.0,3.0,3.1141552511415527,5.74345913405881,2.0,3.0,2.442922374429224,3.1369529983792543,0.4840182648401826,0.3695299837925446,0.4246575342465753,0.18071312803889789,1.309821357045582,2.3498986424227533,-0.03006755790166374,-0.023508021830250497,0.03282584438436119,0.001587190003192518,0.2191780821917808,0.2191780821917808,0.0593607305936073,0.0547945205479452,0.0639269406392694,0.0867579908675799,0.1278538812785388,0.0821917808219178,0.0639269406392694,0.0228310502283105,0.05555555555555555,0.05555555555555555,0.015046296296296295,0.013888888888888888,0.016222479721900347,0.02199074074074074,0.032407407407407406,0.020833333333333332,0.016203703703703703,0.005793742757821553,0.2237442922374429,0.1643835616438356,0.0547945205479452,0.0730593607305936,0.1004566210045662,0.1232876712328767,0.1643835616438356,0.0593607305936073,0.0365296803652968,0.0,0.056712962962962965,0.041666666666666664,0.013888888888888888,0.018518518518518517,0.02549246813441483,0.03125,0.041666666666666664,0.015046296296296295,0.009259259259259259,0.0,0.0776255707762557,0.0547945205479452,0.0410958904109589,0.0684931506849315,0.045662100456621,0.0958904109589041,0.1050228310502283,0.1643835616438356,0.2100456621004566,0.136986301369863,0.10069444444444445,0.10300925925925926,0.07523148148148148,0.07175925925925926,0.07068366164542295,0.07523148148148148,0.04976851851851852,0.056712962962962965,0.06712962962962964,0.06488991888760139,0.09143518518518519,0.10648148148148148,0.0798611111111111,0.0763888888888889,0.06952491309385864,0.05439814814814815,0.04976851851851852,0.0798611111111111,0.06018518518518518,0.06720741599073002,1,1,0.0,0.0
ca-HepTh,null,dspar,dspar,0.5,0.497178,200,302,1.0,12333,8638,48,179,hungarian,0.07223894420004631,0.19946746932160223,219,0.025353090993285483,2.191780821917808,0.4337899543378995,1.9406392694063925,0.182648401826484,0.6621004566210045,1.735159817351598,3.0,3.0,3.1141552511415527,5.74345913405881,2.0,3.0,2.442922374429224,3.1369529983792543,0.4840182648401826,0.3695299837925446,0.4246575342465753,0.18071312803889789,1.309821357045582,2.3498986424227533,-0.027366046521608525,-0.03006666380555914,0.026655240118449858,0.0016742569969210308,0.2191780821917808,0.2191780821917808,0.0593607305936073,0.0547945205479452,0.0639269406392694,0.0867579908675799,0.1278538812785388,0.0821917808219178,0.0639269406392694,0.0228310502283105,0.05555555555555555,0.05555555555555555,0.015046296296296295,0.013888888888888888,0.016222479721900347,0.02199074074074074,0.032407407407407406,0.020833333333333332,0.016203703703703703,0.005793742757821553,0.2237442922374429,0.1643835616438356,0.0547945205479452,0.0730593607305936,0.1004566210045662,0.1232876712328767,0.1643835616438356,0.0593607305936073,0.0365296803652968,0.0,0.056712962962962965,0.041666666666666664,0.013888888888888888,0.018518518518518517,0.02549246813441483,0.03125,0.041666666666666664,0.015046296296296295,0.009259259259259259,0.0,0.0776255707762557,0.0547945205479452,0.0410958904109589,0.0684931506849315,0.045662100456621,0.0958904109589041,0.1050228310502283,0.1643835616438356,0.2100456621004566,0.136986301369863,0.09606481481481481,0.10532407407407407,0.0763888888888889,0.07523148148148148,0.06720741599073002,0.052083333333333336,0.05439814814814815,0.06018518518518518,0.06828703703703703,0.06720741599073002,0.10300925925925926,0.09837962962962964,0.08449074074074074,0.06365740740740741,0.06488991888760139,0.056712962962962965,0.05555555555555555,0.06018518518518518,0.06828703703703703,0.06720741599073002,1,1,0.0,0.0
ca-HepTh,null,dspar,dspar,0.5,0.500645,201,300,1.0,12419,8638,48,189,hungarian,0.07003936096318593,0.19807825885621672,226,0.02616346376476036,2.389380530973451,0.4203539823008849,2.0353982300884956,0.24336283185840707,0.6194690265486725,1.6814159292035395,2.0,3.0,3.1283185840707963,5.74345913405881,2.0,3.0,2.411504424778761,3.1369529983792543,0.504424778761062,0.3695299837925446,0.46017699115044247,0.18071312803889789,1.3650442477876106,2.5464502559625384,-0.033158448135273154,-0.02775184899074431,0.03166798992890148,0.001612085001397645,0.2345132743362832,0.24336283185840707,0.03982300884955752,0.022123893805309734,0.07079646017699115,0.11946902654867257,0.05309734513274336,0.13274336283185842,0.048672566371681415,0.035398230088495575,0.061342592592592594,0.06365740740740741,0.010416666666666666,0.005787037037037037,0.01853997682502897,0.03125,0.013888888888888888,0.034722222222222224,0.01273148148148148,0.009269988412514484,0.23893805309734514,0.168141592920354,0.05309734513274336,0.084070796460177,0.08849557522123894,0.16371681415929204,0.0752212389380531,0.07964601769911504,0.04424778761061947,0.004424778761061947,0.0625,0.04398148148148148,0.013888888888888888,0.02199074074074074,0.023174971031286212,0.04282407407407408,0.019675925925925927,0.020833333333333332,0.011574074074074073,0.0011587485515643105,0.09292035398230089,0.030973451327433628,0.061946902654867256,0.048672566371681415,0.03982300884955752,0.11061946902654868,0.11061946902654868,0.168141592920354,0.1902654867256637,0.14601769911504425,0.09027777777777778,0.10648148148148148,0.0798611111111111,0.05439814814814815,0.07879490150637311,0.06944444444444445,0.04398148148148148,0.056712962962962965,0.06712962962962964,0.05330243337195829,0.09027777777777778,0.09490740740740741,0.07407407407407407,0.08217592592592593,0.06952491309385864,0.056712962962962965,0.056712962962962965,0.06018518518518518,0.04861111111111111,0.06720741599073002,1,1,0.0,0.0
ca-HepTh,null,dspar,dspar,0.5,0.500645,201,301,1.0,12419,8638,48,191,hungarian,0.07420699235934244,0.1976151887010882,226,0.02616346376476036,2.389380530973451,0.4203539823008849,2.0353982300884956,0.24336283185840707,0.6194690265486725,1.6814159292035395,2.0,3.0,3.1283185840707963,5.74345913405881,2.0,3.0,2.411504424778761,3.1369529983792543,0.504424778761062,0.3695299837925446,0.46017699115044247,0.18071312803889789,1.3650442477876106,2.5464502559625384,-0.03855476517459908,-0.029295505915339838,0.04324340514713245,0.0016452400013804436,0.2345132743362832,0.24336283185840707,0.03982300884955752,0.022123893805309734,0.07079646017699115,0.11946902654867257,0.05309734513274336,0.13274336283185842,0.048672566371681415,0.035398230088495575,0.061342592592592594,0.06365740740740741,0.010416666666666666,0.005787037037037037,0.01853997682502897,0.03125,0.013888888888888888,0.034722222222222224,0.01273148148148148,0.009269988412514484,0.23893805309734514,0.168141592920354,0.05309734513274336,0.084070796460177,0.08849557522123894,0.16371681415929204,0.0752212389380531,0.07964601769911504,0.04424778761061947,0.004424778761061947,0.0625,0.04398148148148148,0.013888888888888888,0.02199074074074074,0.023174971031286212,0.04282407407407408,0.019675925925925927,0.020833333333333332,0.011574074074074073,0.0011587485515643105,0.09292035398230089,0.030973451327433628,0.061946902654867256,0.048672566371681415,0.03982300884955752,0.11061946902654868,0.11061946902654868,0.168141592920354,0.1902654867256637,0.14601769911504425,0.10185185185185185,0.10416666666666667,0.07523148148148148,0.08564814814814815,0.06720741599073002,0.06944444444444445,0.07291666666666667,0.04282407407407408,0.056712962962962965,0.0660486674391657,0.09837962962962964,0.09953703703703703,0.0763888888888889,0.07291666666666667,0.08458864426419467,0.07060185185185185,0.05324074074074074,0.05324074074074074,0.06712962962962964,0.0660486674391657,1,1,0.0,0.0
ca-HepTh,null,dspar,dspar,0.5,0.500645,201,302,1.0,12419,8638,48,190,hungarian,0.07339661958786756,0.20004630701551285,226,0.02616346376476036,2.389380530973451,0.4203539823008849,2.0353982300884956,0.24336283185840707,0.6194690265486725,1.6814159292035395,2.0,3.0,3.1283185840707963,5.74345913405881,2.0,3.0,2.411504424778761,3.1369529983792543,0.504424778761062,0.3695299837925446,0.46017699115044247,0.18071312803889789,1.3650442477876106,2.5464502559625384,-0.026593994535284618,-0.028905232965681024,0.027425950960616854,0.001581933000124991,0.2345132743362832,0.24336283185840707,0.03982300884955752,0.022123893805309734,0.07079646017699115,0.11946902654867257,0.05309734513274336,0.13274336283185842,0.048672566371681415,0.035398230088495575,0.061342592592592594,0.06365740740740741,0.010416666666666666,0.005787037037037037,0.01853997682502897,0.03125,0.013888888888888888,0.034722222222222224,0.01273148148148148,0.009269988412514484,0.23893805309734514,0.168141592920354,0.05309734513274336,0.084070796460177,0.08849557522123894,0.16371681415929204,0.0752212389380531,0.07964601769911504,0.04424778761061947,0.004424778761061947,0.0625,0.04398148148148148,0.013888888888888888,0.02199074074074074,0.023174971031286212,0.04282407407407408,0.019675925925925927,0.020833333333333332,0.011574074074074073,0.0011587485515643105,0.09292035398230089,0.030973451327433628,0.061946902654867256,0.048672566371681415,0.03982300884955752,0.11061946902654868,0.11061946902654868,0.168141592920354,0.1902654867256637,0.14601769911504425,0.09375,0.12152777777777778,0.06828703703703703,0.06828703703703703,0.06952491309385864,0.05439814814814815,0.05439814814814815,0.0798611111111111,0.05555555555555555,0.06836616454229433,0.09722222222222222,0.11226851851851852,0.0787037037037037,0.08217592592592593,0.055619930475086905,0.04513888888888889,0.061342592592592594,0.056712962962962965,0.06712962962962964,0.0776361529548088,1,1,0.0,0.0
ca-HepTh,null,lspar,lspar,0.5,0.525639,,300,1.0,13039,8638,48,80,hungarian,0.08092150960870571,0.19807825885621672,63,0.007293354943273906,4.444444444444444,0.15873015873015872,4.444444444444444,0.15873015873015872,0.0,3.2539682539682535,1.0,3.0,1.7301587301587302,5.74345913405881,1.0,3.0,1.2698412698412698,3.1369529983792543,0.8888888888888888,0.3695299837925446,0.8888888888888888,0.18071312803889789,2.4054580896686155,4.918784255107125,-0.04279322775846531,-0.03931787619987698,0.03900002503469094,0.0015376159972220194,0.38095238095238093,0.5079365079365079,0.031746031746031744,0.015873015873015872,0.0,0.015873015873015872,0.015873015873015872,0.0,0.015873015873015872,0.015873015873015872,0.027777777777777776,0.037037037037037035,0.0023148148148148147,0.0011574074074074073,0.0,0.0011574074074074073,0.0011574074074074073,0.0,0.0011574074074074073,0.0011587485515643105,0.5555555555555556,0.3333333333333333,0.0,0.0,0.047619047619047616,0.0,0.015873015873015872,0.015873015873015872,0.015873015873015872,0.015873015873015872,0.04050925925925926,0.024305555555555556,0.0,0.0,0.0034762456546929316,0.0,0.0011574074074074073,0.0011574074074074073,0.0011574074074074073,0.0011587485515643105,0.0,0.0,0.015873015873015872,0.0,0.015873015873015872,0.031746031746031744,0.015873015873015872,0.2698412698412698,0.4444444444444444,0.20634920634920634,0.12037037037037036,0.11342592592592593,0.09375,0.06828703703703703,0.08342989571263036,0.06365740740740741,0.06712962962962964,0.06481481481481481,0.05439814814814815,0.07995365005793743,0.12268518518518519,0.11921296296296297,0.08449074074074074,0.07407407407407407,0.05793742757821553,0.07060185185185185,0.07175925925925926,0.06018518518518518,0.06018518518518518,0.0880648899188876,1,1,0.0,0.0
ca-HepTh,null,lspar,lspar,0.5,0.525639,,301,1.0,13039,8638,48,79,hungarian,0.0713128038897893,0.18777494790460755,63,0.007293354943273906,4.444444444444444,0.15873015873015872,4.444444444444444,0.15873015873015872,0.0,3.2539682539682535,1.0,3.0,1.7301587301587302,5.74345913405881,1.0,3.0,1.2698412698412698,3.1369529983792543,0.8888888888888888,0.3695299837925446,0.8888888888888888,0.18071312803889789,2.4054580896686155,4.918784255107125,-0.025824177789222212,-0.01926598286196586,0.03167022516916298,0.001550624001538381,0.38095238095238093,0.5079365079365079,0.031746031746031744,0.015873015873015872,0.0,0.015873015873015872,0.015873015873015872,0.0,0.015873015873015872,0.015873015873015872,0.027777777777777776,0.037037037037037035,0.0023148148148148147,0.0011574074074074073,0.0,0.0011574074074074073,0.0011574074074074073,0.0,0.0011574074074074073,0.0011587485515643105,0.5555555555555556,0.3333333333333333,0.0,0.0,0.047619047619047616,0.0,0.015873015873015872,0.015873015873015872,0.015873015873015872,0.015873015873015872,0.04050925925925926,0.024305555555555556,0.0,0.0,0.0034762456546929316,0.0,0.0011574074074074073,0.0011574074074074073,0.0011574074074074073,0.0011587485515643105,0.0,0.0,0.015873015873015872,0.0,0.015873015873015872,0.031746031746031744,0.015873015873015872,0.2698412698412698,0.4444444444444444,0.20634920634920634,0.09722222222222222,0.08449074074074074,0.07407407407407407,0.07523148148148148,0.05909617612977984,0.08217592592592593,0.0625,0.06712962962962964,0.047453703703703706,0.06373117033603708,0.09722222222222222,0.08333333333333333,0.06944444444444445,0.0787037037037037,0.06720741599073002,0.06481481481481481,0.06018518518518518,0.0763888888888889,0.05324074074074074,0.06257242178447277,1,1,0.0,0.0
ca-HepTh,null,lspar,lspar,0.5,0.525639,,302,1.0,13039,8638,48,80,hungarian,0.07791155360037046,0.18812225052095394,63,0.007293354943273906,4.444444444444444,0.15873015873015872,4.444444444444444,0.15873015873015872,0.0,3.2539682539682535,1.0,3.0,1.7301587301587302,5.74345913405881,1.0,3.0,1.2698412698412698,3.1369529983792543,0.8888888888888888,0.3695299837925446,0.8888888888888888,0.18071312803889789,2.4054580896686155,4.918784255107125,-0.02928924724260762,-0.024660958757134893,0.02627122584152325,0.001520050998806255,0.38095238095238093,0.5079365079365079,0.031746031746031744,0.015873015873015872,0.0,0.015873015873015872,0.015873015873015872,0.0,0.015873015873015872,0.015873015873015872,0.027777777777777776,0.037037037037037035,0.0023148148148148147,0.0011574074074074073,0.0,0.0011574074074074073,0.0011574074074074073,0.0,0.0011574074074074073,0.0011587485515643105,0.5555555555555556,0.3333333333333333,0.0,0.0,0.047619047619047616,0.0,0.015873015873015872,0.015873015873015872,0.015873015873015872,0.015873015873015872,0.04050925925925926,0.024305555555555556,0.0,0.0,0.0034762456546929316,0.0,0.0011574074074074073,0.0011574074074074073,0.0011574074074074073,0.0011587485515643105,0.0,0.0,0.015873015873015872,0.0,0.015873015873015872,0.031746031746031744,0.015873015873015872,0.2698412698412698,0.4444444444444444,0.20634920634920634,0.10069444444444445,0.11574074074074074,0.0787037037037037,0.06597222222222222,0.0660486674391657,0.07407407407407407,0.07060185185185185,0.059027777777777776,0.06597222222222222,0.08227114716106605,0.1099537037037037,0.10532407407407407,0.07407407407407407,0.0787037037037037,0.07184241019698726,0.06018518518518518,0.06365740740740741,0.061342592592592594,0.07523148148148148,0.07879490150637311,1,1,0.0,0.0
ca-HepTh,null,lspar,lspar,0.2,0.310973,,300,1.0,7714,8638,48,926,hungarian,0.04538087520259319,0.45265107663811066,2507,0.2902292197267886,1.1428001595532506,0.7199840446749102,1.0829676904666932,0.702034303948943,0.7678500199441564,1.1886717191862783,3.0,3.0,4.615077782209813,5.74345913405881,3.0,3.0,2.86158755484643,3.1369529983792543,0.40486637415237337,0.3695299837925446,0.20741922616673314,0.18071312803889789,1.0956252318070805,1.1477817268598596,-0.02853194784200965,-0.026600253208016823,0.0374478741971017,0.0027338969994161744,0.11168727562824092,0.11687275628240926,0.1176705225368967,0.11527722377343438,0.1112883925009972,0.10291184682887913,0.09373753490227363,0.08655763861188671,0.08536098923015556,0.05863581970482649,0.32407407407407407,0.33912037037037035,0.3414351851851852,0.33449074074074076,0.32329084588644263,0.2986111111111111,0.27199074074074076,0.2511574074074074,0.24768518518518517,0.17033603707995365,0.11049062624650978,0.10610291184682888,0.1088950937375349,0.10969285999202234,0.11288392500997207,0.10729956122856003,0.09852413242919825,0.10570402871958516,0.08536098923015556,0.05504587155963303,0.32060185185185186,0.30787037037037035,0.3159722222222222,0.31828703703703703,0.32792584009269987,0.3113425925925926,0.28587962962962965,0.30671296296296297,0.24768518518518517,0.15990730011587487,0.08017550857598724,0.07339449541284404,0.08296769046669326,0.09174311926605505,0.09812524930195453,0.10690067810131632,0.1176705225368967,0.1112883925009972,0.12205823693657758,0.1156761069006781,0.0775462962962963,0.07523148148148148,0.03935185185185185,0.041666666666666664,0.039397450753186555,0.032407407407407406,0.041666666666666664,0.028935185185185185,0.032407407407407406,0.04519119351100811,0.08217592592592593,0.06944444444444445,0.04398148148148148,0.04282407407407408,0.03360370799536501,0.03009259259259259,0.03587962962962963,0.028935185185185185,0.034722222222222224,0.05214368482039398,1,1,0.0,0.0
ca-HepTh,null,lspar,lspar,0.2,0.310973,,301,1.0,7714,8638,48,926,hungarian,0.04538087520259319,0.45265107663811066,2507,0.2902292197267886,1.1428001595532506,0.7199840446749102,1.0829676904666932,0.702034303948943,0.7678500199441564,1.1886717191862783,3.0,3.0,4.615077782209813,5.74345913405881,3.0,3.0,2.86158755484643,3.1369529983792543,0.40486637415237337,0.3695299837925446,0.20741922616673314,0.18071312803889789,1.0956252318070805,1.1477817268598596,-0.02853194784200965,-0.026600253208016823,0.0374478741971017,0.0026190169992332812,0.11168727562824092,0.11687275628240926,0.1176705225368967,0.11527722377343438,0.1112883925009972,0.10291184682887913,0.09373753490227363,0.08655763861188671,0.08536098923015556,0.05863581970482649,0.32407407407407407,0.33912037037037035,0.3414351851851852,0.33449074074074076,0.32329084588644263,0.2986111111111111,0.27199074074074076,0.2511574074074074,0.24768518518518517,0.17033603707995365,0.11049062624650978,0.10610291184682888,0.1088950937375349,0.10969285999202234,0.11288392500997207,0.10729956122856003,0.09852413242919825,0.10570402871958516,0.08536098923015556,0.05504587155963303,0.32060185185185186,0.30787037037037035,0.3159722222222222,0.31828703703703703,0.32792584009269987,0.3113425925925926,0.28587962962962965,0.30671296296296297,0.24768518518518517,0.15990730011587487,0.08017550857598724,0.07339449541284404,0.08296769046669326,0.09174311926605505,0.09812524930195453,0.10690067810131632,0.1176705225368967,0.1112883925009972,0.12205823693657758,0.1156761069006781,0.0775462962962963,0.07523148148148148,0.03935185185185185,0.041666666666666664,0.039397450753186555,0.032407407407407406,0.041666666666666664,0.028935185185185185,0.032407407407407406,0.04519119351100811,0.08217592592592593,0.06944444444444445,0.04398148148148148,0.04282407407407408,0.03360370799536501,0.03009259259259259,0.03587962962962963,0.028935185185185185,0.034722222222222224,0.05214368482039398,1,1,0.0,0.0
ca-HepTh,null,lspar,lspar,0.2,0.310973,,302,1.0,7714,8638,48,926,hungarian,0.04538087520259319,0.45265107663811066,2507,0.2902292197267886,1.1428001595532506,0.7199840446749102,1.0829676904666932,0.702034303948943,0.7678500199441564,1.1886717191862783,3.0,3.0,4.615077782209813,5.74345913405881,3.0,3.0,2.86158755484643,3.1369529983792543,0.40486637415237337,0.3695299837925446,0.20741922616673314,0.18071312803889789,1.0956252318070805,1.1477817268598596,-0.02853194784200965,-0.026600253208016823,0.0374478741971017,0.0026319809985579923,0.11168727562824092,0.11687275628240926,0.1176705225368967,0.11527722377343438,0.1112883925009972,0.10291184682887913,0.09373753490227363,0.08655763861188671,0.08536098923015556,0.05863581970482649,0.32407407407407407,0.33912037037037035,0.3414351851851852,0.33449074074074076,0.32329084588644263,0.2986111111111111,0.27199074074074076,0.2511574074074074,0.24768518518518517,0.17033603707995365,0.11049062624650978,0.10610291184682888,0.1088950937375349,0.10969285999202234,0.11288392500997207,0.10729956122856003,0.09852413242919825,0.10570402871958516,0.08536098923015556,0.05504587155963303,0.32060185185185186,0.30787037037037035,0.3159722222222222,0.31828703703703703,0.32792584009269987,0.3113425925925926,0.28587962962962965,0.30671296296296297,0.24768518518518517,0.15990730011587487,0.08017550857598724,0.07339449541284404,0.08296769046669326,0.09174311926605505,0.09812524930195453,0.10690067810131632,0.1176705225368967,0.1112883925009972,0.12205823693657758,0.1156761069006781,0.0775462962962963,0.07523148148148148,0.03935185185185185,0.041666666666666664,0.039397450753186555,0.032407407407407406,0.041666666666666664,0.028935185185185185,0.032407407407407406,0.04519119351100811,0.08217592592592593,0.06944444444444445,0.04398148148148148,0.04282407407407408,0.03360370799536501,0.03009259259259259,0.03587962962962963,0.028935185185185185,0.034722222222222224,0.05214368482039398,1,1,0.0,0.0
ca-HepTh,null,resmatch,dspar,0.5,1.0,,100,3.75,24806,8638,48,187,hungarian,0.06297754109747626,0.28640889094697847,44,0.005093771706413522,5.0,0.0,5.0,0.0,0.0,3.409090909090909,1.0,3.0,1.0,5.74345913405881,1.0,3.0,1.0,3.1369529983792543,1.0,0.3695299837925446,1.0,0.18071312803889789,2.7061403508771926,5.533632286995516,-0.02504586713016608,-0.022734628699769686,0.03552243823584109,0.0018052059967885725,0.4772727272727273,0.5227272727272727,0.0,0.0,0.0,0.0,0.0,0.0,0.0,0.0,0.024305555555555556,0.02662037037037037,0.0,0.0,0.0,0.0,0.0,0.0,0.0,0.0,0.5681818181818182,0.4318181818181818,0.0,0.0,0.0,0.0,0.0,0.0,0.0,0.0,0.028935185185185185,0.02199074074074074,0.0,0.0,0.0,0.0,0.0,0.0,0.0,0.0,0.0,0.0,0.0,0.0,0.0,0.0,0.0,0.3181818181818182,0.4772727272727273,0.20454545454545456,0.09606481481481481,0.08912037037037036,0.06018518518518518,0.059027777777777776,0.04982618771726535,0.06828703703703703,0.037037037037037035,0.04861111111111111,0.04050925925925926,0.08111239860950174,0.10069444444444445,0.08564814814814815,0.05439814814814815,0.05439814814814815,0.06257242178447277,0.05555555555555555,0.04398148148148148,0.041666666666666664,0.059027777777777776,0.07184241019698726,1,1,0.0,0.0
ca-HepTh,null,resmatch,dspar,0.5,1.0,,101,3.75,24806,8638,48,184,hungarian,0.0644825191016439,0.2883769391062746,44,0.005093771706413522,5.0,0.0,5.0,0.0,0.0,3.409090909090909,1.0,3.0,1.0,5.74345913405881,1.0,3.0,1.0,3.1369529983792543,1.0,0.3695299837925446,1.0,0.18071312803889789,2.7061403508771926,5.533632286995516,-0.04473654564181796,-0.030843186272406044,0.042086444787777365,0.0018194330004916992,0.4772727272727273,0.5227272727272727,0.0,0.0,0.0,0.0,0.0,0.0,0.0,0.0,0.024305555555555556,0.02662037037037037,0.0,0.0,0.0,0.0,0.0,0.0,0.0,0.0,0.5681818181818182,0.4318181818181818,0.0,0.0,0.0,0.0,0.0,0.0,0.0,0.0,0.028935185185185185,0.02199074074074074,0.0,0.0,0.0,0.0,0.0,0.0,0.0,0.0,0.0,0.0,0.0,0.0,0.0,0.0,0.0,0.3181818181818182,0.4772727272727273,0.20454545454545456,0.08912037037037036,0.09143518518518519,0.08217592592592593,0.07060185185185185,0.06141367323290846,0.05439814814814815,0.06712962962962964,0.04513888888888889,0.04050925925925926,0.04287369640787949,0.09143518518518519,0.08796296296296297,0.0625,0.09143518518518519,0.05793742757821553,0.05324074074074074,0.05092592592592592,0.04861111111111111,0.046296296296296294,0.054461181923522596,1,1,0.0,0.0
ca-HepTh,null,resmatch,dspar,0.5,1.0,,102,3.75,24806,8638,48,182,hungarian,0.06008335262792313,0.2829358647835147,44,0.005093771706413522,5.0,0.0,5.0,0.0,0.0,3.409090909090909,1.0,3.0,1.0,5.74345913405881,1.0,3.0,1.0,3.1369529983792543,1.0,0.3695299837925446,1.0,0.18071312803889789,2.7061403508771926,5.533632286995516,-0.03199835843955194,-0.02544016351229561,0.034361901492067574,0.0017985689992201515,0.4772727272727273,0.5227272727272727,0.0,0.0,0.0,0.0,0.0,0.0,0.0,0.0,0.024305555555555556,0.02662037037037037,0.0,0.0,0.0,0.0,0.0,0.0,0.0,0.0,0.5681818181818182,0.4318181818181818,0.0,0.0,0.0,0.0,0.0,0.0,0.0,0.0,0.028935185185185185,0.02199074074074074,0.0,0.0,0.0,0.0,0.0,0.0,0.0,0.0,0.0,0.0,0.0,0.0,0.0,0.0,0.0,0.3181818181818182,0.4772727272727273,0.20454545454545456,0.09027777777777778,0.08680555555555555,0.07060185185185185,0.05439814814814815,0.05098493626882966,0.056712962962962965,0.03935185185185185,0.05324074074074074,0.03819444444444445,0.06025492468134415,0.09722222222222222,0.07523148148148148,0.05439814814814815,0.06944444444444445,0.0660486674391657,0.04050925925925926,0.047453703703703706,0.037037037037037035,0.05439814814814815,0.05909617612977984,1,1,0.0,0.0
ca-HepTh,null,resmatch,lspar,0.5,1.0,,100,1.5,24806,8638,48,78,hungarian,0.12213475341514239,0.24010187543412828,44,0.005093771706413522,5.0,0.0,5.0,0.0,0.0,3.409090909090909,1.0,3.0,1.0,5.74345913405881,1.0,3.0,1.0,3.1369529983792543,1.0,0.3695299837925446,1.0,0.18071312803889789,2.7061403508771926,5.533632286995516,0.0035410676222765725,-0.0014779408609072453,0.04403736248801908,0.0015283920001820661,0.4772727272727273,0.5227272727272727,0.0,0.0,0.0,0.0,0.0,0.0,0.0,0.0,0.024305555555555556,0.02662037037037037,0.0,0.0,0.0,0.0,0.0,0.0,0.0,0.0,0.5681818181818182,0.4318181818181818,0.0,0.0,0.0,0.0,0.0,0.0,0.0,0.0,0.028935185185185185,0.02199074074074074,0.0,0.0,0.0,0.0,0.0,0.0,0.0,0.0,0.0,0.0,0.0,0.0,0.0,0.0,0.0,0.3181818181818182,0.4772727272727273,0.20454545454545456,0.1712962962962963,0.14583333333333334,0.09259259259259259,0.09606481481481481,0.10312862108922363,0.08217592592592593,0.1099537037037037,0.10648148148148148,0.13541666666666666,0.17844727694090382,0.1712962962962963,0.14583333333333334,0.09143518518518519,0.08912037037037036,0.08574739281575898,0.12268518518518519,0.1111111111111111,0.10300925925925926,0.13194444444444445,0.16917728852838934,1,1,0.0,0.0
ca-HepTh,null,resmatch,lspar,0.5,1.0,,101,1.5,24806,8638,48,75,hungarian,0.09793933780967817,0.20884463996295438,44,0.005093771706413522,5.0,0.0,5.0,0.0,0.0,3.409090909090909,1.0,3.0,1.0,5.74345913405881,1.0,3.0,1.0,3.1369529983792543,1.0,0.3695299837925446,1.0,0.18071312803889789,2.7061403508771926,5.533632286995516,-0.015395440825143422,-0.017706679255539814,0.0451871700785374,0.0014888459991198033,0.4772727272727273,0.5227272727272727,0.0,0.0,0.0,0.0,0.0,0.0,0.0,0.0,0.024305555555555556,0.02662037037037037,0.0,0.0,0.0,0.0,0.0,0.0,0.0,0.0,0.5681818181818182,0.4318181818181818,0.0,0.0,0.0,0.0,0.0,0.0,0.0,0.0,0.028935185185185185,0.02199074074074074,0.0,0.0,0.0,0.0,0.0,0.0,0.0,0.0,0.0,0.0,0.0,0.0,0.0,0.0,0.0,0.3181818181818182,0.4772727272727273,0.20454545454545456,0.13310185185185186,0.11226851851851852,0.08680555555555555,0.1087962962962963,0.07995365005793743,0.08101851851851852,0.09143518518518519,0.10532407407407407,0.08564814814814815,0.09501738122827347,0.11805555555555555,0.13657407407407407,0.09722222222222222,0.08217592592592593,0.08111239860950174,0.07523148148148148,0.09027777777777778,0.09375,0.10069444444444445,0.10428736964078796,1,1,0.0,0.0
ca-HepTh,null,resmatch,lspar,0.5,1.0,,102,1.5,24806,8638,48,78,hungarian,0.10615883306320907,0.22759898124565872,44,0.005093771706413522,5.0,0.0,5.0,0.0,0.0,3.409090909090909,1.0,3.0,1.0,5.74345913405881,1.0,3.0,1.0,3.1369529983792543,1.0,0.3695299837925446,1.0,0.18071312803889789,2.7061403508771926,5.533632286995516,-0.008813105303062826,-0.009590074817962035,0.028984807518990588,0.0015111380016605835,0.4772727272727273,0.5227272727272727,0.0,0.0,0.0,0.0,0.0,0.0,0.0,0.0,0.024305555555555556,0.02662037037037037,0.0,0.0,0.0,0.0,0.0,0.0,0.0,0.0,0.5681818181818182,0.4318181818181818,0.0,0.0,0.0,0.0,0.0,0.0,0.0,0.0,0.028935185185185185,0.02199074074074074,0.0,0.0,0.0,0.0,0.0,0.0,0.0,0.0,0.0,0.0,0.0,0.0,0.0,0.0,0.0,0.3181818181818182,0.4772727272727273,0.20454545454545456,0.1261574074074074,0.13425925925925927,0.10069444444444445,0.09722222222222222,0.0984936268829664,0.09375,0.0763888888888889,0.09143518518518519,0.08680555555555555,0.1564310544611819,0.12962962962962962,0.13194444444444445,0.10069444444444445,0.09953703703703703,0.08922363847045191,0.09259259259259259,0.08449074074074074,0.09837962962962964,0.09259259259259259,0.1425260718424102,1,1,0.0,0.0
ca-HepTh,null,resmatch,lspar,0.2,1.0,,100,40.0,24806,8638,48,957,hungarian,0.03554063440611253,0.5517480898356101,4203,0.48657096550127343,1.0349750178443968,1.294313585534142,1.0111824886985488,1.2740899357601712,1.1444206519152984,0.9517011658339282,4.0,3.0,6.784201760647157,5.74345913405881,3.0,3.0,3.323816321674994,3.1369529983792543,0.3580775636450155,0.3695299837925446,0.18867475612657625,0.18071312803889789,0.9690081437235725,1.0440567222430273,-0.0331709654807376,-0.028541782899160265,0.037057601247442895,0.0027081869993708096,0.10206995003568879,0.10492505353319058,0.08898405900547228,0.08113252438734238,0.08208422555317631,0.08779443254817987,0.08945990958838924,0.1046871282417321,0.11182488698548655,0.1470378301213419,0.4965277777777778,0.5104166666666666,0.43287037037037035,0.39467592592592593,0.39976825028968715,0.4270833333333333,0.4351851851851852,0.5092592592592593,0.5439814814814815,0.7161066048667439,0.10682845586485844,0.0954080418748513,0.09231501308589103,0.09350463954318344,0.08493932905067808,0.08422555317630265,0.0887461337140138,0.099214846538187,0.10825600761360933,0.14656197953842492,0.5196759259259259,0.46412037037037035,0.44907407407407407,0.4548611111111111,0.41367323290845887,0.4097222222222222,0.43171296296296297,0.4826388888888889,0.5266203703703703,0.7137891077636153,0.11801094456340709,0.11087318581965262,0.10968355936236023,0.09302878896026648,0.09992862241256245,0.09564596716630978,0.08708065667380442,0.0954080418748513,0.09302878896026648,0.09731144420651916,0.06365740740740741,0.05787037037037037,0.034722222222222224,0.03935185185185185,0.03707995365005794,0.04050925925925926,0.02546296296296296,0.023148148148148147,0.01273148148148148,0.02085747392815759,0.05787037037037037,0.07407407407407407,0.02199074074074074,0.03125,0.03476245654692932,0.037037037037037035,0.03009259259259259,0.02199074074074074,0.02662037037037037,0.019698725376593278,1,1,0.0,0.0
ca-HepTh,null,resmatch,lspar,0.2,1.0,,101,40.0,24806,8638,48,944,hungarian,0.03426719147950914,0.5343829590182912,4042,0.46793239175735124,1.0217714002968827,1.2629886194952993,1.0316674913409203,1.2493814943097477,1.1751608114794656,0.9685799109351806,4.0,3.0,6.735774369124196,5.74345913405881,3.0,3.0,3.302820385947551,3.1369529983792543,0.3614547253834735,0.3695299837925446,0.18629391390400793,0.18071312803889789,0.9781472173754524,1.030882016849981,-0.04088925010371514,-0.033943017467061506,0.041689466117334026,0.002765216999250697,0.1066303809995052,0.09772389905987135,0.09302325581395349,0.0801583374567046,0.09203364670954972,0.08807521029193469,0.08584858980702623,0.10390895596239486,0.10836219693221177,0.1442355269668481,0.4988425925925926,0.45717592592592593,0.4351851851851852,0.375,0.43105446118192353,0.41203703703703703,0.40162037037037035,0.4861111111111111,0.5069444444444444,0.6755504055619931,0.1024245423057892,0.10390895596239486,0.09030183077684314,0.09475507174666006,0.08708560118753092,0.08535378525482434,0.08782780801583374,0.09846610588817417,0.10712518555170708,0.14275111331024246,0.4791666666666667,0.4861111111111111,0.4224537037037037,0.44328703703703703,0.4078794901506373,0.3993055555555556,0.41087962962962965,0.46064814814814814,0.5011574074074074,0.6685979142526072,0.1140524492825334,0.12097971301335972,0.10341415141019297,0.09302325581395349,0.09327065809005443,0.0942602671944582,0.08980702622464126,0.0974764967837704,0.09871350816427511,0.095002474022761,0.0625,0.06597222222222222,0.04050925925925926,0.041666666666666664,0.019698725376593278,0.03125,0.034722222222222224,0.015046296296296295,0.016203703703703703,0.015063731170336037,0.056712962962962965,0.06712962962962964,0.034722222222222224,0.03819444444444445,0.03707995365005794,0.027777777777777776,0.024305555555555556,0.019675925925925927,0.017361111111111112,0.019698725376593278,1,1,0.0,0.0
ca-HepTh,null,resmatch,lspar,0.2,1.0,,102,40.0,24806,8638,48,970,hungarian,0.03635100717758741,0.5527899976846492,4314,0.49942116230608935,1.0222531293463142,1.2795549374130737,1.016458043579045,1.258692628650904,1.124246638850255,0.9793694946685211,4.0,3.0,6.704914232730644,5.74345913405881,3.0,3.0,3.2999536393138618,3.1369529983792543,0.36555401019935096,0.3695299837925446,0.18428372739916551,0.18071312803889789,0.9892404574254365,1.0197583839039024,-0.035871582764688215,-0.0339403351787477,0.03589929974393087,0.0028229240015207324,0.09921186833565136,0.10523875753361149,0.09086694483078349,0.09086694483078349,0.08275382475660639,0.0871580899397311,0.08553546592489569,0.1024571163653222,0.11126564673157163,0.14464534075104313,0.49537037037037035,0.5254629629629629,0.4537037037037037,0.4537037037037037,0.41367323290845887,0.4351851851851852,0.4270833333333333,0.5115740740740741,0.5555555555555556,0.7230590961761297,0.10199350950394066,0.10129809921186833,0.09480760315252666,0.09364858599907279,0.08785350023180342,0.08136300417246176,0.08924432081594807,0.09805285118219749,0.10570236439499305,0.14603616133518776,0.5092592592592593,0.5057870370370371,0.47337962962962965,0.4675925925925926,0.4391657010428737,0.40625,0.44560185185185186,0.4895833333333333,0.5277777777777778,0.7300115874855156,0.1133518776077886,0.1114974501622624,0.10477515067222995,0.09388038942976357,0.10454334724153917,0.09480760315252666,0.08507185906351414,0.0961984237366713,0.09596662030598054,0.0999072786277237,0.07407407407407407,0.06828703703703703,0.03356481481481482,0.03356481481481482,0.02549246813441483,0.04050925925925926,0.019675925925925927,0.02662037037037037,0.020833333333333332,0.02085747392815759,0.06944444444444445,0.0625,0.034722222222222224,0.03356481481481482,0.03592120509849363,0.03125,0.03125,0.020833333333333332,0.017361111111111112,0.026651216685979143,1,1,0.0,0.0
ca-CondMat,real,jitter,,1.0,1.0,,101,1.0,91286,21363,61,56,hungarian,0.504844825165005,0.5319477601460469,30,0.001404297149276787,0.6666666666666666,0.0,1.0,0.0,0.0,1.4999999999999998,3.0,5.0,3.9,8.546177971258718,3.0,4.0,3.4,5.116088564340214,0.2,0.20582315217900107,0.06666666666666667,0.08224500304264383,0.9717079827154879,0.8105862265224815,0.1801555963328479,0.12803295716573276,0.0649790242309421,0.001856503000453813,0.1,0.03333333333333333,0.3333333333333333,0.3,0.0,0.0,0.1,0.13333333333333333,0.0,0.0,0.0014038371548900327,0.00046816479400749064,0.0046816479400749065,0.004211511464670099,0.0,0.0,0.0014038371548900327,0.0018726591760299626,0.0,0.0,0.13333333333333333,0.06666666666666667,0.3,0.13333333333333333,0.03333333333333333,0.3,0.0,0.03333333333333333,0.0,0.0,0.0018717828731867104,0.0009363295880149813,0.004213483146067416,0.0018717828731867104,0.00046816479400749064,0.004213483146067416,0.0,0.00046816479400749064,0.0,0.0,0.0,0.0,0.0,0.06666666666666667,0.06666666666666667,0.06666666666666667,0.23333333333333334,0.26666666666666666,0.13333333333333333,0.16666666666666666,0.43706130088909684,0.42602996254681647,0.4405430711610487,0.4361254094525035,0.4616104868913858,0.47425093632958804,0.5287786616752457,0.5800561797752809,0.5767790262172284,0.6872659176029963,0.43518951801591016,0.42228464419475653,0.46348314606741575,0.4525035095928872,0.4845505617977528,0.528558052434457,0.5568554047730463,0.5360486891385767,0.5552434456928839,0.6137640449438202,1,1,0.0,0.0
ca-CondMat,real,jitter,,1.0,1.0,,102,1.0,91286,21363,61,53,hungarian,0.49318915882600756,0.5347095445396246,14,0.0006553386696625006,0.3571428571428571,0.0,0.3571428571428571,0.0,0.0,1.7857142857142854,6.0,5.0,5.428571428571429,8.546177971258718,5.5,4.0,5.214285714285714,5.116088564340214,0.07142857142857142,0.20582315217900107,0.07142857142857142,0.08224500304264383,0.34703856525553134,0.8684852427026586,0.08231426615186782,0.06140115274718022,0.06607133572505597,0.0018467679983587004,0.07142857142857142,0.0,0.0,0.0,0.0,0.2857142857142857,0.6428571428571429,0.0,0.0,0.0,0.0004679457182966776,0.0,0.0,0.0,0.0,0.0018726591760299626,0.004211511464670099,0.0,0.0,0.0,0.07142857142857142,0.0,0.0,0.0,0.2857142857142857,0.5714285714285714,0.07142857142857142,0.0,0.0,0.0,0.0004679457182966776,0.0,0.0,0.0,0.0018726591760299626,0.003745318352059925,0.0004679457182966776,0.0,0.0,0.0,0.0,0.0,0.0,0.07142857142857142,0.14285714285714285,0.07142857142857142,0.14285714285714285,0.21428571428571427,0.07142857142857142,0.2857142857142857,0.4698175011698643,0.44147940074906367,0.45318352059925093,0.4698175011698643,0.48080524344569286,0.49859550561797755,0.5067852129153019,0.5173220973782772,0.5070224719101124,0.5870786516853933,0.458586803930744,0.4410112359550562,0.4794007490636704,0.4815161441272812,0.5060861423220974,0.48267790262172283,0.5194197473093122,0.4859550561797753,0.5210674157303371,0.5561797752808989,1,1,0.0,0.0
ca-CondMat,real,dspar,dspar,0.5,0.500624,200,300,1.0,45700,21363,61,122,hungarian,0.27365070448906986,0.3982118616299209,94,0.004400131067733933,1.7553191489361701,0.7446808510638298,1.5957446808510638,0.42553191489361697,0.2659574468085106,1.1702127659574468,3.0,5.0,5.329787234042553,8.546177971258718,3.0,4.0,4.127659574468085,5.116088564340214,0.3191489361702128,0.20582315217900107,0.19148936170212766,0.08224500304264383,1.5505978447587574,2.3282795868198933,0.10318926038287429,0.0663591281838273,0.08616853815743891,0.0022173569996084552,0.22340425531914893,0.1276595744680851,0.1702127659574468,0.1276595744680851,0.06382978723404255,0.06382978723404255,0.031914893617021274,0.0425531914893617,0.06382978723404255,0.0851063829787234,0.009826860084230228,0.0056179775280898875,0.00749063670411985,0.005615348619560131,0.0028089887640449437,0.0028089887640449437,0.0014038371548900327,0.0018726591760299626,0.0028089887640449437,0.003745318352059925,0.19148936170212766,0.1276595744680851,0.18085106382978725,0.05319148936170213,0.1276595744680851,0.07446808510638298,0.10638297872340426,0.05319148936170213,0.0425531914893617,0.0425531914893617,0.008423022929340197,0.0056179775280898875,0.007958801498127341,0.002339728591483388,0.0056179775280898875,0.0032771535580524347,0.004679457182966776,0.0023408239700374533,0.0018726591760299626,0.0018726591760299626,0.02127659574468085,0.031914893617021274,0.06382978723404255,0.0851063829787234,0.0851063829787234,0.19148936170212766,0.13829787234042554,0.14893617021276595,0.13829787234042554,0.09574468085106383,0.23678053345811886,0.22144194756554308,0.2350187265917603,0.2508189050070192,0.23548689138576778,0.2696629213483146,0.28451099672437996,0.300561797752809,0.32209737827715357,0.3801498127340824,0.229293401965372,0.22191011235955055,0.26685393258426965,0.25128685072531587,0.2551498127340824,0.30196629213483145,0.2929340196537202,0.28558052434456926,0.2940074906367041,0.33754681647940077,1,1,0.0,0.0
ca-CondMat,real,dspar,dspar,0.5,0.500624,200,301,1.0,45700,21363,61,120,hungarian,0.2802040911856949,0.3976033328652343,94,0.004400131067733933,1.7553191489361701,0.7446808510638298,1.5957446808510638,0.42553191489361697,0.2659574468085106,1.1702127659574468,3.0,5.0,5.329787234042553,8.546177971258718,3.0,4.0,4.127659574468085,5.116088564340214,0.3191489361702128,0.20582315217900107,0.19148936170212766,0.08224500304264383,1.5505978447587574,2.3282795868198933,0.05622264109498132,0.03905557629472284,0.09428266433453272,0.0022303519981505815,0.22340425531914893,0.1276595744680851,0.1702127659574468,0.1276595744680851,0.06382978723404255,0.06382978723404255,0.031914893617021274,0.0425531914893617,0.06382978723404255,0.0851063829787234,0.009826860084230228,0.0056179775280898875,0.00749063670411985,0.005615348619560131,0.0028089887640449437,0.0028089887640449437,0.0014038371548900327,0.0018726591760299626,0.0028089887640449437,0.003745318352059925,0.19148936170212766,0.1276595744680851,0.18085106382978725,0.05319148936170213,0.1276595744680851,0.07446808510638298,0.10638297872340426,0.05319148936170213,0.0425531914893617,0.0425531914893617,0.008423022929340197,0.0056179775280898875,0.007958801498127341,0.002339728591483388,0.0056179775280898875,0.0032771535580524347,0.004679457182966776,0.0023408239700374533,0.0018726591760299626,0.0018726591760299626,0.02127659574468085,0.031914893617021274,0.06382978723404255,0.0851063829787234,0.0851063829787234,0.19148936170212766,0.13829787234042554,0.14893617021276595,0.13829787234042554,0.09574468085106383,0.27468413664014973,0.2546816479400749,0.2546816479400749,0.24941506785212916,0.25046816479400746,0.28558052434456926,0.2798315395414132,0.27668539325842695,0.3267790262172285,0.34925093632958804,0.26813289658399625,0.25187265917602997,0.2701310861423221,0.25175479644361254,0.2687265917602996,0.2940074906367041,0.2901263453439401,0.30430711610486894,0.29868913857677903,0.30430711610486894,1,1,0.0,0.0
ca-CondMat,real,dspar,dspar,0.5,0.500624,200,302,1.0,45700,21363,61,120,hungarian,0.2762720591677199,0.39985020830407714,94,0.004400131067733933,1.7553191489361701,0.7446808510638298,1.5957446808510638,0.42553191489361697,0.2659574468085106,1.1702127659574468,3.0,5.0,5.329787234042553,8.546177971258718,3.0,4.0,4.127659574468085,5.116088564340214,0.3191489361702128,0.20582315217900107,0.19148936170212766,0.08224500304264383,1.5505978447587574,2.3282795868198933,0.08899176684268673,0.058403320720414376,0.08944364700885712,0.002232506998552708,0.22340425531914893,0.1276595744680851,0.1702127659574468,0.1276595744680851,0.06382978723404255,0.06382978723404255,0.031914893617021274,0.0425531914893617,0.06382978723404255,0.0851063829787234,0.009826860084230228,0.0056179775280898875,0.00749063670411985,0.005615348619560131,0.0028089887640449437,0.0028089887640449437,0.0014038371548900327,0.0018726591760299626,0.0028089887640449437,0.003745318352059925,0.19148936170212766,0.1276595744680851,0.18085106382978725,0.05319148936170213,0.1276595744680851,0.07446808510638298,0.10638297872340426,0.05319148936170213,0.0425531914893617,0.0425531914893617,0.008423022929340197,0.0056179775280898875,0.007958801498127341,0.002339728591483388,0.0056179775280898875,0.0032771535580524347,0.004679457182966776,0.0023408239700374533,0.0018726591760299626,0.0018726591760299626,0.02127659574468085,0.031914893617021274,0.06382978723404255,0.0851063829787234,0.0851063829787234,0.19148936170212766,0.13829787234042554,0.14893617021276595,0.13829787234042554,0.09574468085106383,0.25924192793635936,0.23314606741573032,0.22893258426966293,0.2522227421619092,0.23876404494382023,0.2710674157303371,0.29106223678053345,0.28136704119850187,0.3309925093632959,0.375936329588015,0.2484791764155358,0.23642322097378277,0.2546816479400749,0.2419279363593823,0.26685393258426965,0.29447565543071164,0.3051006083294338,0.2949438202247191,0.299625468164794,0.3202247191011236,1,1,0.0,0.0
ca-CondMat,real,dspar,dspar,0.5,0.500022,201,300,1.0,45645,21363,61,123,hungarian,0.29541731030286006,0.42339559050695125,134,0.006272527266769649,1.5671641791044777,0.26119402985074625,1.4552238805970146,0.14925373134328357,0.18656716417910446,1.3432835820895521,4.0,5.0,4.686567164179104,8.546177971258718,3.0,4.0,4.029850746268656,5.116088564340214,0.29850746268656714,0.20582315217900107,0.13432835820895522,0.08224500304264383,1.4503104219634146,1.633270754933358,0.1014760883243162,0.07619489734696394,0.09553234521424728,0.0021785229982924648,0.1865671641791045,0.12686567164179105,0.11940298507462686,0.14925373134328357,0.04477611940298507,0.03731343283582089,0.16417910447761194,0.11940298507462686,0.022388059701492536,0.029850746268656716,0.01169864295741694,0.007958801498127341,0.00749063670411985,0.009358914365933552,0.0028089887640449437,0.0023408239700374533,0.010294805802526907,0.00749063670411985,0.0014044943820224719,0.0018726591760299626,0.14925373134328357,0.1417910447761194,0.14925373134328357,0.08208955223880597,0.03731343283582089,0.22388059701492538,0.14925373134328357,0.03731343283582089,0.022388059701492536,0.007462686567164179,0.009358914365933552,0.008895131086142321,0.009363295880149813,0.005147402901263453,0.0023408239700374533,0.014044943820224719,0.009358914365933552,0.0023408239700374533,0.0014044943820224719,0.00046816479400749064,0.014925373134328358,0.022388059701492536,0.014925373134328358,0.04477611940298507,0.07462686567164178,0.19402985074626866,0.1791044776119403,0.1865671641791045,0.1417910447761194,0.12686567164179105,0.2587739822180627,0.25608614232209737,0.24625468164794007,0.27187646233036966,0.28136704119850187,0.28323970037453183,0.29106223678053345,0.30290262172284643,0.3450374531835206,0.41760299625468167,0.256902199344876,0.2448501872659176,0.27762172284644193,0.2798315395414132,0.273876404494382,0.300561797752809,0.31258773982218063,0.31273408239700373,0.3389513108614232,0.3562734082397004,1,1,0.0,0.0
ca-CondMat,real,dspar,dspar,0.5,0.500022,201,301,1.0,45645,21363,61,125,hungarian,0.29097036933015025,0.4138463698918691,134,0.006272527266769649,1.5671641791044777,0.26119402985074625,1.4552238805970146,0.14925373134328357,0.18656716417910446,1.3432835820895521,4.0,5.0,4.686567164179104,8.546177971258718,3.0,4.0,4.029850746268656,5.116088564340214,0.29850746268656714,0.20582315217900107,0.13432835820895522,0.08224500304264383,1.4503104219634146,1.633270754933358,0.14048631594690067,0.09320028427264235,0.10302232469123476,0.0022479239996755496,0.1865671641791045,0.12686567164179105,0.11940298507462686,0.14925373134328357,0.04477611940298507,0.03731343283582089,0.16417910447761194,0.11940298507462686,0.022388059701492536,0.029850746268656716,0.01169864295741694,0.007958801498127341,0.00749063670411985,0.009358914365933552,0.0028089887640449437,0.0023408239700374533,0.010294805802526907,0.00749063670411985,0.0014044943820224719,0.0018726591760299626,0.14925373134328357,0.1417910447761194,0.14925373134328357,0.08208955223880597,0.03731343283582089,0.22388059701492538,0.14925373134328357,0.03731343283582089,0.022388059701492536,0.007462686567164179,0.009358914365933552,0.008895131086142321,0.009363295880149813,0.005147402901263453,0.0023408239700374533,0.014044943820224719,0.009358914365933552,0.0023408239700374533,0.0014044943820224719,0.00046816479400749064,0.014925373134328358,0.022388059701492536,0.014925373134328358,0.04477611940298507,0.07462686567164178,0.19402985074626866,0.1791044776119403,0.1865671641791045,0.1417910447761194,0.12686567164179105,0.2363125877398222,0.22799625468164794,0.22846441947565543,0.25175479644361254,0.273876404494382,0.29260299625468167,0.28451099672437996,0.3445692883895131,0.3529962546816479,0.4166666666666667,0.2274216190921853,0.23314606741573032,0.25842696629213485,0.2690687880205896,0.2818352059925094,0.299625468164794,0.34160037435657464,0.31179775280898875,0.3202247191011236,0.36657303370786515,1,1,0.0,0.0
ca-CondMat,real,dspar,dspar,0.5,0.500022,201,302,1.0,45645,21363,61,127,hungarian,0.28123390909516455,0.4232551607920236,134,0.006272527266769649,1.5671641791044777,0.26119402985074625,1.4552238805970146,0.14925373134328357,0.18656716417910446,1.3432835820895521,4.0,5.0,4.686567164179104,8.546177971258718,3.0,4.0,4.029850746268656,5.116088564340214,0.29850746268656714,0.20582315217900107,0.13432835820895522,0.08224500304264383,1.4503104219634146,1.633270754933358,0.11192804443673296,0.0836812255621045,0.08086179418917741,0.0022686350021103863,0.1865671641791045,0.12686567164179105,0.11940298507462686,0.14925373134328357,0.04477611940298507,0.03731343283582089,0.16417910447761194,0.11940298507462686,0.022388059701492536,0.029850746268656716,0.01169864295741694,0.007958801498127341,0.00749063670411985,0.009358914365933552,0.0028089887640449437,0.0023408239700374533,0.010294805802526907,0.00749063670411985,0.0014044943820224719,0.0018726591760299626,0.14925373134328357,0.1417910447761194,0.14925373134328357,0.08208955223880597,0.03731343283582089,0.22388059701492538,0.14925373134328357,0.03731343283582089,0.022388059701492536,0.007462686567164179,0.009358914365933552,0.008895131086142321,0.009363295880149813,0.005147402901263453,0.0023408239700374533,0.014044943820224719,0.009358914365933552,0.0023408239700374533,0.0014044943820224719,0.00046816479400749064,0.014925373134328358,0.022388059701492536,0.014925373134328358,0.04477611940298507,0.07462686567164178,0.19402985074626866,0.1791044776119403,0.1865671641791045,0.1417910447761194,0.12686567164179105,0.23490875058493216,0.2401685393258427,0.23361423220973782,0.25128685072531587,0.2607677902621723,0.2696629213483146,0.2774918109499298,0.27668539325842695,0.37312734082397003,0.3946629213483146,0.229293401965372,0.23595505617977527,0.25842696629213485,0.2559663079082826,0.26264044943820225,0.29447565543071164,0.30088909686476367,0.3113295880149813,0.31413857677902624,0.34925093632958804,1,1,0.0,0.0
ca-CondMat,real,lspar,lspar,0.5,0.497174,,300,1.0,45385,21363,61,502,hungarian,0.2235172962598886,0.5055937836446192,1599,0.07484903805645275,0.981863664790494,0.13758599124452783,0.8005003126954346,0.037523452157598496,0.08442776735459662,1.6228893058161349,4.0,5.0,4.25703564727955,8.546177971258718,3.0,4.0,3.6929330831769858,5.116088564340214,0.1669793621013133,0.20582315217900107,0.056910569105691054,0.08224500304264383,0.8112758955129307,0.6919638519094353,0.1123946026755279,0.09944160522323228,0.017817354535188512,0.002772530999209266,0.07879924953095685,0.11757348342714197,0.17573483427141964,0.18699186991869918,0.15196998123827393,0.10881801125703565,0.09881175734834272,0.05378361475922452,0.023139462163852407,0.004377736085053158,0.058961160505381374,0.08801498127340825,0.13155430711610486,0.1399157697707066,0.11376404494382023,0.08146067415730338,0.07393542349087506,0.040262172284644196,0.017322097378277154,0.0032771535580524347,0.07066916823014384,0.08943089430894309,0.21263289555972484,0.2045028142589118,0.16635397123202,0.13821138211382114,0.07692307692307693,0.03377110694183865,0.0068792995622263915,0.0006253908692933083,0.052877866167524566,0.06694756554307116,0.15917602996254682,0.15301824988301357,0.12453183520599251,0.10346441947565543,0.057557323350491345,0.025280898876404494,0.005149812734082397,0.00046816479400749064,0.0068792995622263915,0.010006253908692933,0.05503439649781113,0.05941213258286429,0.08380237648530331,0.15384615384615385,0.1575984990619137,0.14884302689180737,0.17510944340212634,0.14946841776110067,0.22461394478240523,0.19428838951310862,0.1605805243445693,0.16190921853065043,0.18305243445692884,0.18726591760299627,0.2068320074871315,0.2205056179775281,0.27902621722846443,0.41713483146067415,0.2218062704726252,0.19335205992509363,0.1699438202247191,0.16003743565746373,0.18632958801498128,0.2055243445692884,0.214787084698175,0.24531835205992508,0.27808988764044945,0.3600187265917603,1,1,0.0,0.0
ca-CondMat,real,lspar,lspar,0.5,0.497174,,301,1.0,45385,21363,61,505,hungarian,0.21892992557225108,0.5003978841922951,1599,0.07484903805645275,0.981863664790494,0.13758599124452783,0.8005003126954346,0.037523452157598496,0.08442776735459662,1.6228893058161349,4.0,5.0,4.25703564727955,8.546177971258718,3.0,4.0,3.6929330831769858,5.116088564340214,0.1669793621013133,0.20582315217900107,0.056910569105691054,0.08224500304264383,0.8112758955129307,0.6919638519094353,0.11114543297247184,0.10037647430650859,0.01500610198879851,0.0027847519995702896,0.07879924953095685,0.11757348342714197,0.17573483427141964,0.18699186991869918,0.15196998123827393,0.10881801125703565,0.09881175734834272,0.05378361475922452,0.023139462163852407,0.004377736085053158,0.058961160505381374,0.08801498127340825,0.13155430711610486,0.1399157697707066,0.11376404494382023,0.08146067415730338,0.07393542349087506,0.040262172284644196,0.017322097378277154,0.0032771535580524347,0.07066916823014384,0.08943089430894309,0.21263289555972484,0.2045028142589118,0.16635397123202,0.13821138211382114,0.07692307692307693,0.03377110694183865,0.0068792995622263915,0.0006253908692933083,0.052877866167524566,0.06694756554307116,0.15917602996254682,0.15301824988301357,0.12453183520599251,0.10346441947565543,0.057557323350491345,0.025280898876404494,0.005149812734082397,0.00046816479400749064,0.0068792995622263915,0.010006253908692933,0.05503439649781113,0.05941213258286429,0.08380237648530331,0.15384615384615385,0.1575984990619137,0.14884302689180737,0.17510944340212634,0.14946841776110067,0.21993448759943846,0.20131086142322097,0.15823970037453183,0.15816565278427702,0.18117977528089887,0.16666666666666666,0.19092185306504444,0.20880149812734083,0.2897940074906367,0.4143258426966292,0.21244735610669163,0.20599250936329588,0.16151685393258428,0.15722976134768366,0.1793071161048689,0.1849250936329588,0.2068320074871315,0.2495318352059925,0.27153558052434457,0.3600187265917603,1,1,0.0,0.0
ca-CondMat,real,lspar,lspar,0.5,0.497174,,302,1.0,45385,21363,61,502,hungarian,0.22244066844544305,0.498244628563404,1599,0.07484903805645275,0.981863664790494,0.13758599124452783,0.8005003126954346,0.037523452157598496,0.08442776735459662,1.6228893058161349,4.0,5.0,4.25703564727955,8.546177971258718,3.0,4.0,3.6929330831769858,5.116088564340214,0.1669793621013133,0.20582315217900107,0.056910569105691054,0.08224500304264383,0.8112758955129307,0.6919638519094353,0.12222489494589417,0.10739982251946414,0.02436881366705282,0.0027676280005834997,0.07879924953095685,0.11757348342714197,0.17573483427141964,0.18699186991869918,0.15196998123827393,0.10881801125703565,0.09881175734834272,0.05378361475922452,0.023139462163852407,0.004377736085053158,0.058961160505381374,0.08801498127340825,0.13155430711610486,0.1399157697707066,0.11376404494382023,0.08146067415730338,0.07393542349087506,0.040262172284644196,0.017322097378277154,0.0032771535580524347,0.07066916823014384,0.08943089430894309,0.21263289555972484,0.2045028142589118,0.16635397123202,0.13821138211382114,0.07692307692307693,0.03377110694183865,0.0068792995622263915,0.0006253908692933083,0.052877866167524566,0.06694756554307116,0.15917602996254682,0.15301824988301357,0.12453183520599251,0.10346441947565543,0.057557323350491345,0.025280898876404494,0.005149812734082397,0.00046816479400749064,0.0068792995622263915,0.010006253908692933,0.05503439649781113,0.05941213258286429,0.08380237648530331,0.15384615384615385,0.1575984990619137,0.14884302689180737,0.17510944340212634,0.14946841776110067,0.2171268132896584,0.19054307116104868,0.15121722846441948,0.15629386991109032,0.19616104868913858,0.17322097378277154,0.21431913897987834,0.22191011235955055,0.30664794007490637,0.3970037453183521,0.21806270472625175,0.19147940074906367,0.15308988764044945,0.1647168928404305,0.18305243445692884,0.2144194756554307,0.214787084698175,0.24625468164794007,0.2808988764044944,0.35767790262172283,1,1,0.0,0.0
ca-CondMat,real,lspar,lspar,0.2,0.186195,,300,1.0,16997,21363,61,5157,hungarian,0.034171230632401815,0.943594064504049,18437,0.8630342180405374,0.9608396159895861,0.9152790584151435,0.953788577317351,0.8895156478819766,0.9597548408092422,1.0245701578347888,5.0,5.0,8.12236264034279,8.546177971258718,4.0,4.0,4.978467212670174,5.116088564340214,0.1967239789553615,0.20582315217900107,0.07078158051743776,0.08224500304264383,0.9557913037123921,0.8606186138839059,0.03121901904322919,0.02840988422871037,0.0035924035059124067,0.006043277000571834,0.0893854748603352,0.10278244833758203,0.10674187774583717,0.10679611650485436,0.1073927428540435,0.1039214622769431,0.10191462819330693,0.09800943754406899,0.09746704995389706,0.08558876172913164,0.7711745437529247,0.8871722846441947,0.9213483146067416,0.9213851193261582,0.9269662921348315,0.897003745318352,0.8792700046794572,0.8459737827715356,0.8412921348314607,0.7387640449438202,0.08900580354721484,0.10175191191625535,0.1066334002278028,0.1083148017573358,0.10864023431143896,0.10706731029994034,0.10294516461463361,0.09773824374898302,0.09128383142593698,0.08661929815045832,0.7678989237248479,0.8782771535580525,0.9204119850187266,0.9344875994384652,0.9377340823970037,0.9241573033707865,0.8881609733270941,0.8436329588014981,0.7879213483146067,0.7476591760299626,0.09475511200303736,0.09719585615881109,0.09828063133915496,0.10007051038672235,0.09860606389325813,0.10272820957856484,0.10186038943428974,0.10158919563920378,0.10267397081954766,0.1022400607474101,0.05147402901263454,0.02153558052434457,0.015917602996254682,0.014038371548900327,0.009831460674157303,0.021067415730337078,0.02526906878802059,0.03136704119850187,0.048220973782771535,0.10299625468164794,0.05053813757604118,0.02153558052434457,0.020599250936329586,0.008890968647636874,0.012172284644194757,0.019662921348314606,0.030416471689284044,0.042134831460674156,0.05898876404494382,0.07677902621722846,1,1,0.0,0.0
ca-CondMat,real,lspar,lspar,0.2,0.186195,,301,1.0,16997,21363,61,5157,hungarian,0.034171230632401815,0.943594064504049,18437,0.8630342180405374,0.9608396159895861,0.9152790584151435,0.953788577317351,0.8895156478819766,0.9597548408092422,1.0245701578347888,5.0,5.0,8.12236264034279,8.546177971258718,4.0,4.0,4.978467212670174,5.116088564340214,0.1967239789553615,0.20582315217900107,0.07078158051743776,0.08224500304264383,0.9557913037123921,0.8606186138839059,0.03309153216878528,0.029658250654160074,0.0003153959983338561,0.005969494002783904,0.0893854748603352,0.10278244833758203,0.10674187774583717,0.10679611650485436,0.1073927428540435,0.1039214622769431,0.10191462819330693,0.09800943754406899,0.09746704995389706,0.08558876172913164,0.7711745437529247,0.8871722846441947,0.9213483146067416,0.9213851193261582,0.9269662921348315,0.897003745318352,0.8792700046794572,0.8459737827715356,0.8412921348314607,0.7387640449438202,0.08900580354721484,0.10175191191625535,0.1066334002278028,0.1083148017573358,0.10864023431143896,0.10706731029994034,0.10294516461463361,0.09773824374898302,0.09128383142593698,0.08661929815045832,0.7678989237248479,0.8782771535580525,0.9204119850187266,0.9344875994384652,0.9377340823970037,0.9241573033707865,0.8881609733270941,0.8436329588014981,0.7879213483146067,0.7476591760299626,0.09475511200303736,0.09719585615881109,0.09828063133915496,0.10007051038672235,0.09860606389325813,0.10272820957856484,0.10186038943428974,0.10158919563920378,0.10267397081954766,0.1022400607474101,0.05053813757604118,0.020599250936329586,0.012640449438202247,0.013102480112306972,0.013108614232209739,0.023408239700374533,0.02526906878802059,0.031835205992509365,0.048220973782771535,0.10299625468164794,0.0500701918577445,0.02153558052434457,0.018726591760299626,0.009826860084230228,0.012172284644194757,0.020131086142322098,0.029948525970987367,0.04260299625468165,0.05945692883895131,0.07724719101123595,1,1,0.0,0.0
ca-CondMat,real,lspar,lspar,0.2,0.186195,,302,1.0,16997,21363,61,5157,hungarian,0.034171230632401815,0.943594064504049,18437,0.8630342180405374,0.9608396159895861,0.9152790584151435,0.953788577317351,0.8895156478819766,0.9597548408092422,1.0245701578347888,5.0,5.0,8.12236264034279,8.546177971258718,4.0,4.0,4.978467212670174,5.116088564340214,0.1967239789553615,0.20582315217900107,0.07078158051743776,0.08224500304264383,0.9557913037123921,0.8606186138839059,0.03106303713713029,0.027785883579077856,0.0007835607923413444,0.005997691001539351,0.0893854748603352,0.10278244833758203,0.10674187774583717,0.10679611650485436,0.1073927428540435,0.1039214622769431,0.10191462819330693,0.09800943754406899,0.09746704995389706,0.08558876172913164,0.7711745437529247,0.8871722846441947,0.9213483146067416,0.9213851193261582,0.9269662921348315,0.897003745318352,0.8792700046794572,0.8459737827715356,0.8412921348314607,0.7387640449438202,0.08900580354721484,0.10175191191625535,0.1066334002278028,0.1083148017573358,0.10864023431143896,0.10706731029994034,0.10294516461463361,0.09773824374898302,0.09128383142593698,0.08661929815045832,0.7678989237248479,0.8782771535580525,0.9204119850187266,0.9344875994384652,0.9377340823970037,0.9241573033707865,0.8881609733270941,0.8436329588014981,0.7879213483146067,0.7476591760299626,0.09475511200303736,0.09719585615881109,0.09828063133915496,0.10007051038672235,0.09860606389325813,0.10272820957856484,0.10186038943428974,0.10158919563920378,0.10267397081954766,0.1022400607474101,0.05194197473093121,0.02200374531835206,0.013576779026217229,0.012634534394010294,0.011235955056179775,0.023876404494382022,0.02573701450631727,0.031835205992509365,0.05056179775280899,0.09831460674157304,0.05194197473093121,0.02200374531835206,0.018726591760299626,0.009826860084230228,0.011704119850187267,0.020131086142322098,0.0313523631258774,0.042134831460674156,0.05571161048689138,0.07818352059925093,1,1,0.0,0.0
ca-CondMat,real,resmatch,dspar,0.5,1.0,,100,2.5,91286,21363,61,119,hungarian,0.42882553948415486,0.7098722089594158,7,0.0003276693348312503,1.4285714285714284,0.0,2.142857142857143,0.0,0.0,2.142857142857143,3.0,5.0,2.7142857142857144,8.546177971258718,3.0,4.0,2.2857142857142856,5.116088564340214,0.42857142857142855,0.20582315217900107,0.2857142857142857,0.08224500304264383,2.0822313915331883,3.4739409708106344,0.14238387672872638,0.10914351912706222,0.05139662226148056,0.001955529998667771,0.2857142857142857,0.0,0.5714285714285714,0.14285714285714285,0.0,0.0,0.0,0.0,0.0,0.0,0.0009358914365933552,0.0,0.0018726591760299626,0.0004679457182966776,0.0,0.0,0.0,0.0,0.0,0.0,0.42857142857142855,0.0,0.2857142857142857,0.0,0.14285714285714285,0.14285714285714285,0.0,0.0,0.0,0.0,0.0014038371548900327,0.0,0.0009363295880149813,0.0,0.00046816479400749064,0.00046816479400749064,0.0,0.0,0.0,0.0,0.0,0.0,0.0,0.0,0.0,0.0,0.14285714285714285,0.42857142857142855,0.14285714285714285,0.2857142857142857,0.39588207767898925,0.374063670411985,0.3562734082397004,0.3626579316799251,0.38857677902621723,0.42930711610486894,0.42817033224146,0.448501872659176,0.5327715355805244,0.5720973782771536,0.3916705662143191,0.3717228464419476,0.3693820224719101,0.370145063172672,0.4232209737827715,0.4353932584269663,0.4665418811417876,0.4756554307116105,0.47331460674157305,0.5112359550561798,1,1,0.0,0.0
ca-CondMat,real,resmatch,dspar,0.5,1.0,,101,2.5,91286,21363,61,116,hungarian,0.43809390066938164,0.6909141974441791,7,0.0003276693348312503,0.7142857142857142,0.0,0.7142857142857142,0.0,0.0,1.4285714285714284,5.0,5.0,4.714285714285714,8.546177971258718,5.0,4.0,4.428571428571429,5.116088564340214,0.14285714285714285,0.20582315217900107,0.14285714285714285,0.08224500304264383,0.6940771305110627,1.7369704854053172,0.16360654411279302,0.11741355418501787,0.0673112312230208,0.0020559000004141126,0.14285714285714285,0.0,0.0,0.0,0.0,0.5714285714285714,0.2857142857142857,0.0,0.0,0.0,0.0004679457182966776,0.0,0.0,0.0,0.0,0.0018726591760299626,0.0009358914365933552,0.0,0.0,0.0,0.14285714285714285,0.0,0.0,0.0,0.5714285714285714,0.2857142857142857,0.0,0.0,0.0,0.0,0.0004679457182966776,0.0,0.0,0.0,0.0018726591760299626,0.0009363295880149813,0.0,0.0,0.0,0.0,0.0,0.0,0.0,0.14285714285714285,0.14285714285714285,0.14285714285714285,0.14285714285714285,0.14285714285714285,0.14285714285714285,0.14285714285714285,0.3907346747777258,0.3586142322097378,0.36142322097378277,0.38979878334113244,0.41058052434456926,0.41760299625468167,0.45063172671970053,0.48642322097378277,0.5308988764044944,0.5842696629213483,0.386055217594759,0.35159176029962547,0.3951310861423221,0.3926064576509125,0.42930711610486894,0.45224719101123595,0.4890032756200281,0.4691011235955056,0.4892322097378277,0.526685393258427,1,1,0.0,0.0
ca-CondMat,real,resmatch,dspar,0.5,1.0,,102,2.5,91286,21363,61,116,hungarian,0.4062163553807986,0.6563684875719702,21,0.000983008004493751,0.47619047619047616,0.0,0.7142857142857142,0.0,0.0,2.142857142857143,6.0,5.0,5.0476190476190474,8.546177971258718,6.0,4.0,4.761904761904762,5.116088564340214,0.14285714285714285,0.20582315217900107,0.09523809523809523,0.08224500304264383,0.6940771305110627,1.1579803236035449,0.1444050692366876,0.10617058870609214,0.05263783221371038,0.0020738230014103465,0.09523809523809523,0.0,0.19047619047619047,0.047619047619047616,0.0,0.0,0.38095238095238093,0.2857142857142857,0.0,0.0,0.0009358914365933552,0.0,0.0018726591760299626,0.0004679457182966776,0.0,0.0,0.003743565746373421,0.0028089887640449437,0.0,0.0,0.14285714285714285,0.0,0.09523809523809523,0.0,0.047619047619047616,0.6666666666666666,0.047619047619047616,0.0,0.0,0.0,0.0014038371548900327,0.0,0.0009363295880149813,0.0,0.00046816479400749064,0.006554307116104869,0.0004679457182966776,0.0,0.0,0.0,0.0,0.0,0.0,0.047619047619047616,0.09523809523809523,0.09523809523809523,0.09523809523809523,0.23809523809523808,0.19047619047619047,0.23809523809523808,0.34768366869443146,0.34222846441947563,0.3548689138576779,0.3804398689751989,0.36750936329588013,0.3782771535580524,0.4131960692559663,0.4363295880149813,0.5009363295880149,0.5407303370786517,0.341132428638278,0.3431647940074906,0.3717228464419476,0.36172204024333177,0.40262172284644193,0.42134831460674155,0.4459522695367337,0.4344569288389513,0.4541198501872659,0.4859550561797753,1,1,0.0,0.0
ca-CondMat,real,resmatch,lspar,0.5,1.0,,100,24.0,91286,21363,61,527,hungarian,0.15311519917614566,0.8261480129195338,116,0.005429948977203576,0.4741379310344827,0.0,0.5603448275862069,0.043103448275862065,0.043103448275862065,1.8103448275862069,4.0,5.0,4.629310344827586,8.546177971258718,4.0,4.0,4.025862068965517,5.116088564340214,0.11206896551724138,0.20582315217900107,0.0603448275862069,0.08224500304264383,0.544491542038851,0.7337202912487979,0.06197418178143019,0.04699247022176889,0.050574869270220854,0.002635651002492523,0.0603448275862069,0.034482758620689655,0.14655172413793102,0.1896551724137931,0.1724137931034483,0.13793103448275862,0.19827586206896552,0.0603448275862069,0.0,0.0,0.003275620028076743,0.0018726591760299626,0.007958801498127341,0.010294805802526907,0.009363295880149813,0.00749063670411985,0.010762751520823585,0.0032771535580524347,0.0,0.0,0.08620689655172414,0.02586206896551724,0.15517241379310345,0.1724137931034483,0.1896551724137931,0.27586206896551724,0.06896551724137931,0.017241379310344827,0.008620689655172414,0.0,0.004679457182966776,0.0014044943820224719,0.008426966292134831,0.009358914365933552,0.010299625468164793,0.0149812734082397,0.003743565746373421,0.0009363295880149813,0.00046816479400749064,0.0,0.0,0.008620689655172414,0.0,0.06896551724137931,0.08620689655172414,0.13793103448275862,0.13793103448275862,0.19827586206896552,0.16379310344827586,0.19827586206896552,0.13055685540477305,0.11470037453183521,0.1399812734082397,0.13055685540477305,0.13857677902621723,0.14559925093632958,0.16003743565746373,0.17088014981273408,0.16760299625468164,0.23267790262172286,0.12774918109499298,0.1198501872659176,0.1451310861423221,0.1375760411792232,0.1399812734082397,0.16760299625468164,0.15956948993916706,0.17275280898876405,0.16198501872659177,0.1989700374531835,1,1,0.0,0.0
ca-CondMat,real,resmatch,lspar,0.5,1.0,,101,24.0,91286,21363,61,522,hungarian,0.15667275195431354,0.8213265927070168,106,0.004961849927444647,0.5660377358490566,0.330188679245283,0.5660377358490566,0.14150943396226415,0.09433962264150943,1.5094339622641508,5.0,5.0,5.122641509433962,8.546177971258718,4.0,4.0,4.386792452830188,5.116088564340214,0.11320754716981132,0.20582315217900107,0.04716981132075472,0.08224500304264383,0.550023386442729,0.5735279904640199,0.06447113370804042,0.04808500079159353,0.04792251963940723,0.002618986996822059,0.0660377358490566,0.04716981132075472,0.09433962264150944,0.14150943396226415,0.1792452830188679,0.16037735849056603,0.18867924528301888,0.05660377358490566,0.0660377358490566,0.0,0.003275620028076743,0.0023408239700374533,0.0046816479400749065,0.0070191857744501636,0.008895131086142321,0.007958801498127341,0.009358914365933552,0.0028089887640449437,0.0032771535580524347,0.0,0.0660377358490566,0.04716981132075472,0.1320754716981132,0.1509433962264151,0.19811320754716982,0.20754716981132076,0.1320754716981132,0.03773584905660377,0.02830188679245283,0.0,0.003275620028076743,0.0023408239700374533,0.006554307116104869,0.007487131492746842,0.009831460674157303,0.010299625468164793,0.006551240056153486,0.0018726591760299626,0.0014044943820224719,0.0,0.0,0.018867924528301886,0.018867924528301886,0.05660377358490566,0.14150943396226415,0.16981132075471697,0.12264150943396226,0.16981132075471697,0.08490566037735849,0.2169811320754717,0.13102480112306972,0.12125468164794008,0.13576779026217228,0.14459522695367338,0.14185393258426968,0.16853932584269662,0.14225549836218998,0.15262172284644196,0.20271535580524344,0.22612359550561797,0.12868507253158634,0.12265917602996254,0.1399812734082397,0.14693495554515676,0.15121722846441948,0.16432584269662923,0.1773514272344408,0.18211610486891386,0.16713483146067415,0.18632958801498128,1,1,0.0,0.0
ca-CondMat,real,resmatch,lspar,0.5,1.0,,102,24.0,91286,21363,61,523,hungarian,0.15451949632542247,0.811590132472031,83,0.0038852221129991107,0.963855421686747,0.0,0.963855421686747,0.0,0.060240963855421686,1.8674698795180722,4.0,5.0,4.204819277108434,8.546177971258718,4.0,4.0,3.710843373493976,5.116088564340214,0.1927710843373494,0.20582315217900107,0.08433734939759036,0.08224500304264383,0.9365860074366148,1.0254404070465126,0.048711338248808106,0.03544630395907783,0.04417763943876894,0.0026489730007597245,0.10843373493975904,0.08433734939759036,0.14457831325301204,0.14457831325301204,0.1686746987951807,0.14457831325301204,0.1566265060240964,0.04819277108433735,0.0,0.0,0.004211511464670099,0.0032771535580524347,0.0056179775280898875,0.005615348619560131,0.006554307116104869,0.0056179775280898875,0.006083294337856809,0.0018726591760299626,0.0,0.0,0.12048192771084337,0.07228915662650602,0.12048192771084337,0.1686746987951807,0.20481927710843373,0.25301204819277107,0.060240963855421686,0.0,0.0,0.0,0.004679457182966776,0.0028089887640449437,0.0046816479400749065,0.006551240056153486,0.007958801498127341,0.009831460674157303,0.002339728591483388,0.0,0.0,0.0,0.0,0.012048192771084338,0.0,0.04819277108433735,0.07228915662650602,0.18072289156626506,0.10843373493975904,0.20481927710843373,0.1566265060240964,0.21686746987951808,0.14225549836218998,0.12406367041198502,0.1399812734082397,0.13617220402433317,0.1540262172284644,0.16151685393258428,0.13476836686944316,0.15543071161048688,0.18164794007490637,0.2153558052434457,0.1399157697707066,0.12312734082397003,0.14653558052434457,0.15067852129153017,0.15589887640449437,0.15730337078651685,0.15582592419279365,0.15683520599250936,0.16666666666666666,0.19241573033707865,1,1,0.0,0.0
ca-CondMat,real,resmatch,lspar,0.2,1.0,,100,1024.0,91286,21363,61,5338,hungarian,0.030473248139306276,0.9427982961194589,19817,0.9276318869072696,0.9587727708533078,1.0480900237170105,0.9620527829641218,1.04001614775193,1.0569208255538172,0.9633143260836654,5.0,5.0,8.79103799767876,8.546177971258718,4.0,4.0,5.21532017964374,5.116088564340214,0.19811273149316244,0.20582315217900107,0.07841752031084423,0.08224500304264383,0.9625386133473799,0.9534624282302591,-0.037288657661778656,-0.031046314357871564,0.03854600619137169,0.005874727001355495,0.09567543018620377,0.0960791239844578,0.0978957460766009,0.09834990159963668,0.0988545188474542,0.09900590402179947,0.10117575818741485,0.10334561235303023,0.10501084927082807,0.10460715547257406,0.8872250818905008,0.8913857677902621,0.9082397003745318,0.9120262049602246,0.9171348314606742,0.9185393258426966,0.9382311651848385,0.9588014981273408,0.974250936329588,0.9705056179775281,0.09582681536054902,0.09658374123227532,0.09850128677398194,0.09920775092092647,0.09986375334308926,0.10057021749003381,0.10097391128828784,0.10046929404047031,0.1019831457839229,0.10602008376646314,0.8886289190453908,0.8960674157303371,0.9138576779026217,0.9199812821712682,0.9264981273408239,0.9330524344569289,0.9363593823116518,0.9321161048689138,0.9461610486891385,0.9836142322097379,0.10647423928949891,0.10490992582126457,0.10395115305041126,0.10349699752737548,0.09976282989352576,0.09638189433314831,0.09698743503052934,0.09537265983751325,0.09688651158096584,0.09577635363576727,0.0542817033224146,0.04541198501872659,0.04307116104868914,0.03743565746373421,0.03885767790262172,0.03323970037453183,0.02152550304164717,0.013576779026217229,0.01638576779026217,0.0009363295880149813,0.055217594759007955,0.039794007490636704,0.04119850187265917,0.035563874590547495,0.02949438202247191,0.02902621722846442,0.0313523631258774,0.024344569288389514,0.012640449438202247,0.006086142322097378,1,1,0.0,0.0
ca-CondMat,real,resmatch,lspar,0.2,1.0,,101,1024.0,91286,21363,61,5315,hungarian,0.03080091747413753,0.9446238824135187,19822,0.9278659364321491,0.9577741902936132,1.0506003430531732,0.962819089900111,1.041267278781152,1.055392997679346,0.960548885077187,5.0,5.0,8.792755524165068,8.546177971258718,4.0,4.0,5.22000807183937,5.116088564340214,0.19821410553929977,0.20582315217900107,0.0783977398849763,0.08224500304264383,0.963031143196739,0.9532219221188096,-0.041189592793752776,-0.0333863350503027,0.038702207173181395,0.006109136000304716,0.09544950055493896,0.09610533750378368,0.09782060336999293,0.09797195035818787,0.09923317525981233,0.09938452224800727,0.10049440016143679,0.10342044193320553,0.10498436081121985,0.1051357077994148,0.885353299017314,0.8918539325842697,0.9077715355805244,0.9087505849321479,0.920880149812734,0.9222846441947565,0.9321478708469817,0.9597378277153558,0.974250936329588,0.9756554307116105,0.09565129653919888,0.09691252144082332,0.09847644031883765,0.09908182827161739,0.09973766522046211,0.1002421551811119,0.10084754313389163,0.10079709413782666,0.10226011502371103,0.10599334073251943,0.8872250818905008,0.8993445692883895,0.9138576779026217,0.9190453907346747,0.925561797752809,0.9302434456928839,0.9354234908750585,0.9353932584269663,0.9489700374531835,0.9836142322097379,0.10634648370497427,0.10473211583089496,0.10427807486631016,0.10352133992533549,0.09983856321259207,0.0962566844919786,0.09706386842901826,0.09585309252345878,0.09681162344869337,0.09529815356674402,0.05708937763219467,0.04728464419475655,0.04728464419475655,0.03883949461862424,0.02855805243445693,0.03417602996254682,0.02667290594291062,0.01544943820224719,0.011704119850187267,0.0009363295880149813,0.06036499766027141,0.042134831460674156,0.04119850187265917,0.0313523631258774,0.03277153558052434,0.03136704119850187,0.02526906878802059,0.02247191011235955,0.014044943820224719,0.007022471910112359,1,1,0.0,0.0
ca-CondMat,real,resmatch,lspar,0.2,1.0,,102,1024.0,91286,21363,61,5318,hungarian,0.031081776903992886,0.9447175022234705,19811,0.9273510274774143,0.9653727727020341,1.0484074504063399,0.9676442380495683,1.0410882842865075,1.056736156680632,0.9623441522386552,5.0,5.0,8.791075665034576,8.546177971258718,4.0,4.0,5.2134672656604915,5.116088564340214,0.1993841805057796,0.20582315217900107,0.07813840795517642,0.08224500304264383,0.968715999123259,0.9500687587629104,-0.03666436491119839,-0.030734204495199903,0.040418592342164716,0.006054468001821078,0.09550249861188229,0.09757205592852455,0.0977234869516935,0.0977234869516935,0.09868255009843016,0.099136843167937,0.10065115339962646,0.10332643480894453,0.10499217606380294,0.10468931401746505,0.885353299017314,0.9049625468164794,0.9063670411985019,0.9059429106223678,0.9152621722846442,0.9194756554307116,0.9330837622835751,0.9583333333333334,0.9737827715355806,0.9709737827715356,0.09590631467366614,0.09762253293624754,0.09848064206753823,0.09893493513704507,0.09933875119882893,0.10029781434556559,0.10060067639190348,0.10060067639190348,0.10206450961586998,0.10615314724143153,0.8890968647636874,0.9054307116104869,0.9133895131086143,0.917173607861488,0.9213483146067416,0.9302434456928839,0.9326158165652785,0.9330524344569289,0.9466292134831461,0.9845505617977528,0.10645600928776942,0.10489122204835698,0.1039826359093433,0.1034273888243905,0.10014638332239664,0.09641108475089596,0.09681490081267982,0.09540154459643632,0.09706728585129473,0.09540154459643632,0.05474964904071128,0.04260299625468165,0.04353932584269663,0.03837154890032756,0.03464419475655431,0.03838951310861423,0.027608797379503978,0.017790262172284643,0.007958801498127341,0.005149812734082397,0.055217594759007955,0.03932584269662921,0.04353932584269663,0.030416471689284044,0.0351123595505618,0.03417602996254682,0.0271408516612073,0.02153558052434457,0.020131086142322098,0.004213483146067416,1,1,0.0,0.0
ca-CondMat,null,jitter,,1.0,1.0,,101,1.0,91286,21363,32,28,hungarian,0.14258297055656977,0.19224827973599212,14,0.0006553386696625006,5.0,0.0,5.0,0.0,0.0,5.0,1.0,5.0,1.0,8.546177971258718,1.0,4.0,1.0,4.5431353274352855,1.0,0.20582315217900107,1.0,0.0797172681739456,4.858539913577439,12.544333529066355,0.07196527562353329,0.06416121460247688,0.05462981462689653,0.0018743949985946529,1.0,0.0,0.0,0.0,0.0,0.0,0.0,0.0,0.0,0.0,0.006551240056153486,0.0,0.0,0.0,0.0,0.0,0.0,0.0,0.0,0.0,1.0,0.0,0.0,0.0,0.0,0.0,0.0,0.0,0.0,0.0,0.006551240056153486,0.0,0.0,0.0,0.0,0.0,0.0,0.0,0.0,0.0,0.0,0.0,0.0,0.0,0.0,0.0,0.0,0.0,0.35714285714285715,0.6428571428571429,0.15348619560131024,0.10767790262172285,0.10814606741573034,0.10996724379971923,0.12593632958801498,0.11282771535580524,0.12260177819372953,0.15589887640449437,0.19709737827715357,0.23220973782771537,0.14506317267197005,0.11423220973782772,0.10533707865168539,0.11979410388394947,0.12265917602996254,0.12219101123595505,0.1394478240524099,0.14840823970037453,0.17790262172284643,0.2308052434456929,1,1,0.0,0.0
ca-CondMat,null,jitter,,1.0,1.0,,102,1.0,91286,21363,32,37,hungarian,0.14665543228947245,0.202359219210785,27,0.0012638674343491082,4.444444444444444,0.0,4.444444444444444,0.0,0.0,4.629629629629629,1.0,5.0,1.5555555555555556,8.546177971258718,1.0,4.0,1.4074074074074074,4.5431353274352855,0.8888888888888888,0.20582315217900107,0.5925925925925926,0.0797172681739456,4.318702145402168,7.4336791283356165,0.05745333541309211,0.056986265997638647,0.06680202624585437,0.0019232190024922602,0.7037037037037037,0.18518518518518517,0.1111111111111111,0.0,0.0,0.0,0.0,0.0,0.0,0.0,0.008890968647636874,0.0023408239700374533,0.0014044943820224719,0.0,0.0,0.0,0.0,0.0,0.0,0.0,0.6296296296296297,0.25925925925925924,0.07407407407407407,0.0,0.037037037037037035,0.0,0.0,0.0,0.0,0.0,0.007955077211043519,0.0032771535580524347,0.0009363295880149813,0.0,0.00046816479400749064,0.0,0.0,0.0,0.0,0.0,0.0,0.0,0.0,0.0,0.037037037037037035,0.037037037037037035,0.0,0.0,0.4074074074074074,0.5185185185185185,0.1609733270940571,0.10252808988764045,0.1301498127340824,0.12868507253158634,0.11797752808988764,0.12687265917602997,0.13336452971455312,0.13202247191011235,0.17368913857677903,0.2602996254681648,0.16799251286850725,0.10299625468164794,0.1104868913857678,0.13476836686944316,0.1352996254681648,0.12265917602996254,0.1399157697707066,0.12968164794007492,0.17088014981273408,0.25187265917602997,1,1,0.0,0.0
ca-CondMat,null,dspar,dspar,0.5,0.500153,200,300,1.0,45657,21363,32,81,hungarian,0.057950662360155406,0.1870991901886439,45,0.0021064457239151806,1.7777777777777777,0.5555555555555556,1.7777777777777777,0.0,1.2222222222222223,1.8888888888888888,4.0,5.0,4.377777777777778,8.546177971258718,4.0,4.0,3.8444444444444446,4.5431353274352855,0.35555555555555557,0.20582315217900107,0.35555555555555557,0.0797172681739456,1.7274808581608674,4.46020747700137,0.002352215906999744,0.001416324470406377,0.002505203778384174,0.0021941609993518796,0.35555555555555557,0.0,0.044444444444444446,0.022222222222222223,0.08888888888888889,0.13333333333333333,0.17777777777777778,0.06666666666666667,0.08888888888888889,0.022222222222222223,0.007487131492746842,0.0,0.0009363295880149813,0.0004679457182966776,0.0018726591760299626,0.0028089887640449437,0.003743565746373421,0.0014044943820224719,0.0018726591760299626,0.00046816479400749064,0.35555555555555557,0.0,0.022222222222222223,0.06666666666666667,0.17777777777777778,0.15555555555555556,0.08888888888888889,0.13333333333333333,0.0,0.0,0.007487131492746842,0.0,0.00046816479400749064,0.0014038371548900327,0.003745318352059925,0.0032771535580524347,0.0018717828731867104,0.0028089887640449437,0.0,0.0,0.17777777777777778,0.06666666666666667,0.06666666666666667,0.06666666666666667,0.044444444444444446,0.08888888888888889,0.08888888888888889,0.022222222222222223,0.13333333333333333,0.24444444444444444,0.07299953205428171,0.04447565543071161,0.05571161048689138,0.0584932147870847,0.0599250936329588,0.05664794007490637,0.05100608329433785,0.04915730337078652,0.06601123595505617,0.0650749063670412,0.07580720636406177,0.04353932584269663,0.05852059925093633,0.05381375760411792,0.0552434456928839,0.05383895131086142,0.056621431913897985,0.048220973782771535,0.06460674157303371,0.06928838951310862,1,1,0.0,0.0
ca-CondMat,null,dspar,dspar,0.5,0.500153,200,301,1.0,45657,21363,32,84,hungarian,0.049009970509759866,0.1904226934419323,45,0.0021064457239151806,1.7777777777777777,0.5555555555555556,1.7777777777777777,0.0,1.2222222222222223,1.8888888888888888,4.0,5.0,4.377777777777778,8.546177971258718,4.0,4.0,3.8444444444444446,4.5431353274352855,0.35555555555555557,0.20582315217900107,0.35555555555555557,0.0797172681739456,1.7274808581608674,4.46020747700137,-0.008572870715536328,-0.007325307567692944,0.012804464120364283,0.0021685409992642235,0.35555555555555557,0.0,0.044444444444444446,0.022222222222222223,0.08888888888888889,0.13333333333333333,0.17777777777777778,0.06666666666666667,0.08888888888888889,0.022222222222222223,0.007487131492746842,0.0,0.0009363295880149813,0.0004679457182966776,0.0018726591760299626,0.0028089887640449437,0.003743565746373421,0.0014044943820224719,0.0018726591760299626,0.00046816479400749064,0.35555555555555557,0.0,0.022222222222222223,0.06666666666666667,0.17777777777777778,0.15555555555555556,0.08888888888888889,0.13333333333333333,0.0,0.0,0.007487131492746842,0.0,0.00046816479400749064,0.0014038371548900327,0.003745318352059925,0.0032771535580524347,0.0018717828731867104,0.0028089887640449437,0.0,0.0,0.17777777777777778,0.06666666666666667,0.06666666666666667,0.06666666666666667,0.044444444444444446,0.08888888888888889,0.08888888888888889,0.022222222222222223,0.13333333333333333,0.24444444444444444,0.06504445484323819,0.05102996254681648,0.04119850187265917,0.049602246139447824,0.05056179775280899,0.0552434456928839,0.045858680393074405,0.03932584269662921,0.050093632958801496,0.042134831460674156,0.05942910622367805,0.04588014981273408,0.05196629213483146,0.0500701918577445,0.048220973782771535,0.04353932584269663,0.05568554047730463,0.04353932584269663,0.04588014981273408,0.04588014981273408,1,1,0.0,0.0
ca-CondMat,null,dspar,dspar,0.5,0.500153,200,302,1.0,45657,21363,32,82,hungarian,0.053222861957590226,0.1851331741796564,45,0.0021064457239151806,1.7777777777777777,0.5555555555555556,1.7777777777777777,0.0,1.2222222222222223,1.8888888888888888,4.0,5.0,4.377777777777778,8.546177971258718,4.0,4.0,3.8444444444444446,4.5431353274352855,0.35555555555555557,0.20582315217900107,0.35555555555555557,0.0797172681739456,1.7274808581608674,4.46020747700137,0.0015708458717665144,0.004223414578290945,0.0065616826650355745,0.002261639998323517,0.35555555555555557,0.0,0.044444444444444446,0.022222222222222223,0.08888888888888889,0.13333333333333333,0.17777777777777778,0.06666666666666667,0.08888888888888889,0.022222222222222223,0.007487131492746842,0.0,0.0009363295880149813,0.0004679457182966776,0.0018726591760299626,0.0028089887640449437,0.003743565746373421,0.0014044943820224719,0.0018726591760299626,0.00046816479400749064,0.35555555555555557,0.0,0.022222222222222223,0.06666666666666667,0.17777777777777778,0.15555555555555556,0.08888888888888889,0.13333333333333333,0.0,0.0,0.007487131492746842,0.0,0.00046816479400749064,0.0014038371548900327,0.003745318352059925,0.0032771535580524347,0.0018717828731867104,0.0028089887640449437,0.0,0.0,0.17777777777777778,0.06666666666666667,0.06666666666666667,0.06666666666666667,0.044444444444444446,0.08888888888888889,0.08888888888888889,0.022222222222222223,0.13333333333333333,0.24444444444444444,0.06598034627983154,0.054307116104868915,0.0449438202247191,0.04913430042115115,0.04868913857677903,0.05149812734082397,0.04773046326626111,0.05056179775280899,0.054307116104868915,0.0650749063670412,0.06364061768834815,0.05383895131086142,0.04260299625468165,0.045858680393074405,0.056179775280898875,0.04962546816479401,0.04773046326626111,0.05337078651685393,0.05571161048689138,0.06367041198501873,1,1,0.0,0.0
ca-CondMat,null,dspar,dspar,0.5,0.499529,201,300,1.0,45600,21363,32,81,hungarian,0.05083555680381969,0.1878949585732341,46,0.0021532556288910735,1.9565217391304348,0.43478260869565216,1.9565217391304348,0.3260869565217391,0.8695652173913043,2.0652173913043477,4.0,5.0,4.5,8.546177971258718,4.0,4.0,3.739130434782609,4.5431353274352855,0.391304347826087,0.20582315217900107,0.391304347826087,0.0797172681739456,1.9011677922694328,4.908652250504225,0.0031305919075185,0.0034432859720856662,0.004377278752518643,0.0020848120002483483,0.391304347826087,0.0,0.021739130434782608,0.043478260869565216,0.10869565217391304,0.08695652173913043,0.15217391304347827,0.10869565217391304,0.021739130434782608,0.06521739130434782,0.008423022929340197,0.0,0.00046816479400749064,0.0009358914365933552,0.0023408239700374533,0.0018726591760299626,0.003275620028076743,0.0023408239700374533,0.00046816479400749064,0.0014044943820224719,0.391304347826087,0.0,0.021739130434782608,0.06521739130434782,0.15217391304347827,0.08695652173913043,0.15217391304347827,0.06521739130434782,0.06521739130434782,0.0,0.008423022929340197,0.0,0.00046816479400749064,0.0014038371548900327,0.0032771535580524347,0.0018726591760299626,0.003275620028076743,0.0014044943820224719,0.0014044943820224719,0.0,0.13043478260869565,0.043478260869565216,0.06521739130434782,0.08695652173913043,0.021739130434782608,0.08695652173913043,0.10869565217391304,0.043478260869565216,0.1956521739130435,0.21739130434782608,0.06083294337856809,0.04307116104868914,0.04307116104868914,0.04679457182966776,0.05337078651685393,0.05196629213483146,0.052877866167524566,0.05383895131086142,0.04962546816479401,0.05290262172284644,0.0645765091249415,0.041666666666666664,0.04307116104868914,0.044922788956481045,0.052434456928838954,0.05149812734082397,0.05053813757604118,0.04728464419475655,0.05852059925093633,0.05383895131086142,1,1,0.0,0.0
ca-CondMat,null,dspar,dspar,0.5,0.499529,201,301,1.0,45600,21363,32,80,hungarian,0.05893367036464916,0.18728642980854748,46,0.0021532556288910735,1.9565217391304348,0.43478260869565216,1.9565217391304348,0.3260869565217391,0.8695652173913043,2.0652173913043477,4.0,5.0,4.5,8.546177971258718,4.0,4.0,3.739130434782609,4.5431353274352855,0.391304347826087,0.20582315217900107,0.391304347826087,0.0797172681739456,1.9011677922694328,4.908652250504225,0.008438285203860162,0.008126175341188521,0.008277410606886457,0.0021046750007371884,0.391304347826087,0.0,0.021739130434782608,0.043478260869565216,0.10869565217391304,0.08695652173913043,0.15217391304347827,0.10869565217391304,0.021739130434782608,0.06521739130434782,0.008423022929340197,0.0,0.00046816479400749064,0.0009358914365933552,0.0023408239700374533,0.0018726591760299626,0.003275620028076743,0.0023408239700374533,0.00046816479400749064,0.0014044943820224719,0.391304347826087,0.0,0.021739130434782608,0.06521739130434782,0.15217391304347827,0.08695652173913043,0.15217391304347827,0.06521739130434782,0.06521739130434782,0.0,0.008423022929340197,0.0,0.00046816479400749064,0.0014038371548900327,0.0032771535580524347,0.0018726591760299626,0.003275620028076743,0.0014044943820224719,0.0014044943820224719,0.0,0.13043478260869565,0.043478260869565216,0.06521739130434782,0.08695652173913043,0.021739130434782608,0.08695652173913043,0.10869565217391304,0.043478260869565216,0.1956521739130435,0.21739130434782608,0.07253158633598503,0.047752808988764044,0.05102996254681648,0.059897051941974734,0.05149812734082397,0.05149812734082397,0.0584932147870847,0.06554307116104868,0.06975655430711611,0.06132958801498127,0.07253158633598503,0.048220973782771535,0.05102996254681648,0.0500701918577445,0.05711610486891386,0.047752808988764044,0.06644829199812821,0.056179775280898875,0.07256554307116105,0.06741573033707865,1,1,0.0,0.0
ca-CondMat,null,dspar,dspar,0.5,0.499529,201,302,1.0,45600,21363,32,83,hungarian,0.058231521790010767,0.18517998408463232,46,0.0021532556288910735,1.9565217391304348,0.43478260869565216,1.9565217391304348,0.3260869565217391,0.8695652173913043,2.0652173913043477,4.0,5.0,4.5,8.546177971258718,4.0,4.0,3.739130434782609,4.5431353274352855,0.391304347826087,0.20582315217900107,0.391304347826087,0.0797172681739456,1.9011677922694328,4.908652250504225,0.0006354656118317259,0.000947283373555638,0.005468786969026217,0.002234182000393048,0.391304347826087,0.0,0.021739130434782608,0.043478260869565216,0.10869565217391304,0.08695652173913043,0.15217391304347827,0.10869565217391304,0.021739130434782608,0.06521739130434782,0.008423022929340197,0.0,0.00046816479400749064,0.0009358914365933552,0.0023408239700374533,0.0018726591760299626,0.003275620028076743,0.0023408239700374533,0.00046816479400749064,0.0014044943820224719,0.391304347826087,0.0,0.021739130434782608,0.06521739130434782,0.15217391304347827,0.08695652173913043,0.15217391304347827,0.06521739130434782,0.06521739130434782,0.0,0.008423022929340197,0.0,0.00046816479400749064,0.0014038371548900327,0.0032771535580524347,0.0018726591760299626,0.003275620028076743,0.0014044943820224719,0.0014044943820224719,0.0,0.13043478260869565,0.043478260869565216,0.06521739130434782,0.08695652173913043,0.021739130434782608,0.08695652173913043,0.10869565217391304,0.043478260869565216,0.1956521739130435,0.21739130434782608,0.07206364061768834,0.056179775280898875,0.04915730337078652,0.0542817033224146,0.062265917602996254,0.05852059925093633,0.05053813757604118,0.062265917602996254,0.0552434456928839,0.06179775280898876,0.07019185774450164,0.054775280898876406,0.05290262172284644,0.058961160505381374,0.060393258426966294,0.054307116104868915,0.0500701918577445,0.05945692883895131,0.05852059925093633,0.06273408239700375,1,1,0.0,0.0
ca-CondMat,null,lspar,lspar,0.5,0.498291,,300,1.0,45487,21363,32,50,hungarian,0.06740626316528578,0.1866779010438609,17,0.0007957683845901792,4.705882352941176,0.0,4.705882352941176,0.0,0.0,5.0,1.0,5.0,1.2352941176470589,8.546177971258718,1.0,4.0,1.1176470588235294,4.5431353274352855,0.9411764705882353,0.20582315217900107,0.9411764705882353,0.0797172681739456,4.572743448072884,11.806431556768333,0.012341045966757738,0.014525668954985485,0.0034421905935315966,0.002056989000266185,0.9411764705882353,0.0,0.0,0.058823529411764705,0.0,0.0,0.0,0.0,0.0,0.0,0.007487131492746842,0.0,0.0,0.0004679457182966776,0.0,0.0,0.0,0.0,0.0,0.0,0.9411764705882353,0.0,0.0,0.0,0.058823529411764705,0.0,0.0,0.0,0.0,0.0,0.007487131492746842,0.0,0.0,0.0,0.00046816479400749064,0.0,0.0,0.0,0.0,0.0,0.0,0.0,0.0,0.0,0.0,0.0,0.0,0.0,0.35294117647058826,0.6470588235294118,0.0814225549836219,0.05664794007490637,0.06741573033707865,0.05240992044922789,0.05290262172284644,0.054775280898876406,0.06598034627983154,0.07069288389513109,0.07584269662921349,0.09597378277153558,0.08048666354702855,0.06273408239700375,0.05758426966292135,0.048198408984557795,0.05149812734082397,0.06367041198501873,0.06551240056153486,0.06694756554307116,0.07818352059925093,0.09925093632958802,1,1,0.0,0.0
ca-CondMat,null,lspar,lspar,0.5,0.498291,,301,1.0,45487,21363,32,53,hungarian,0.06703178392547864,0.1878949585732341,17,0.0007957683845901792,4.705882352941176,0.0,4.705882352941176,0.0,0.0,5.0,1.0,5.0,1.2352941176470589,8.546177971258718,1.0,4.0,1.1176470588235294,4.5431353274352855,0.9411764705882353,0.20582315217900107,0.9411764705882353,0.0797172681739456,4.572743448072884,11.806431556768333,0.009376002271376957,0.010779912451503948,0.005470977726134342,0.0021492839987331536,0.9411764705882353,0.0,0.0,0.058823529411764705,0.0,0.0,0.0,0.0,0.0,0.0,0.007487131492746842,0.0,0.0,0.0004679457182966776,0.0,0.0,0.0,0.0,0.0,0.0,0.9411764705882353,0.0,0.0,0.0,0.058823529411764705,0.0,0.0,0.0,0.0,0.0,0.007487131492746842,0.0,0.0,0.0,0.00046816479400749064,0.0,0.0,0.0,0.0,0.0,0.0,0.0,0.0,0.0,0.0,0.0,0.0,0.0,0.35294117647058826,0.6470588235294118,0.0814225549836219,0.0650749063670412,0.05711610486891386,0.05100608329433785,0.060861423220973786,0.054307116104868915,0.0687880205896116,0.06647940074906367,0.07865168539325842,0.08661048689138577,0.07767898923724847,0.06882022471910113,0.052434456928838954,0.06083294337856809,0.05571161048689138,0.06928838951310862,0.0542817033224146,0.07209737827715355,0.0650749063670412,0.09410112359550561,1,1,0.0,0.0
ca-CondMat,null,lspar,lspar,0.5,0.498291,,302,1.0,45487,21363,32,50,hungarian,0.06277208257267237,0.18869072695782427,17,0.0007957683845901792,4.705882352941176,0.0,4.705882352941176,0.0,0.0,5.0,1.0,5.0,1.2352941176470589,8.546177971258718,1.0,4.0,1.1176470588235294,4.5431353274352855,0.9411764705882353,0.20582315217900107,0.9411764705882353,0.0797172681739456,4.572743448072884,11.806431556768333,0.004070061580721804,0.007658302648128765,0.0023491488470483435,0.002039678001892753,0.9411764705882353,0.0,0.0,0.058823529411764705,0.0,0.0,0.0,0.0,0.0,0.0,0.007487131492746842,0.0,0.0,0.0004679457182966776,0.0,0.0,0.0,0.0,0.0,0.0,0.9411764705882353,0.0,0.0,0.0,0.058823529411764705,0.0,0.0,0.0,0.0,0.0,0.007487131492746842,0.0,0.0,0.0,0.00046816479400749064,0.0,0.0,0.0,0.0,0.0,0.0,0.0,0.0,0.0,0.0,0.0,0.0,0.0,0.35294117647058826,0.6470588235294118,0.08095460926532522,0.06132958801498127,0.05805243445692884,0.055217594759007955,0.041666666666666664,0.05852059925093633,0.05942910622367805,0.05758426966292135,0.07209737827715355,0.08286516853932584,0.07440336920917173,0.0650749063670412,0.05758426966292135,0.05053813757604118,0.048220973782771535,0.0552434456928839,0.056621431913897985,0.06928838951310862,0.06460674157303371,0.08614232209737828,1,1,0.0,0.0
ca-CondMat,null,lspar,lspar,0.2,0.213494,,300,1.0,19489,21363,32,1874,hungarian,0.020315498759537517,0.4024715629827271,4983,0.23325375649487431,1.111780052177403,0.8047361027493477,1.0535821794099938,0.8157736303431667,0.9412000802729279,1.1438892233594218,5.0,5.0,7.194059803331326,8.546177971258718,4.0,4.0,4.294400963275136,4.5431353274352855,0.21613485851896447,0.20582315217900107,0.09151113786875377,0.0797172681739456,1.0500998368298018,1.1479462350500216,-0.012946790307155833,-0.012946425180971138,0.008118142565125368,0.005632846998196328,0.11358619305639173,0.1087698173790889,0.1075657234597632,0.10716435881998795,0.10696367650010034,0.109773228978527,0.09351796106762994,0.09171182018864138,0.0885009030704395,0.07244631747943006,0.2648572765559195,0.25374531835205993,0.250936329588015,0.24988301357042583,0.2495318352059925,0.25608614232209737,0.21806270472625175,0.21395131086142322,0.20646067415730338,0.16900749063670412,0.1075657234597632,0.1031507124222356,0.10676299418021272,0.10796708809953844,0.10616094722054988,0.10816777041942605,0.10295003010234799,0.0941200080272928,0.09110977322897852,0.07204495283965483,0.2508189050070192,0.2406367041198502,0.24906367041198502,0.25175479644361254,0.24765917602996254,0.25234082397003743,0.2400561534861956,0.21956928838951312,0.21254681647940074,0.16807116104868913,0.09231386714830424,0.09592614890628136,0.08769817379088903,0.09271523178807947,0.0953241019466185,0.09893638370459562,0.09793297210515754,0.11037527593818984,0.11137868753762793,0.11739915713425647,0.03696771174543753,0.028089887640449437,0.017790262172284643,0.019653720168460457,0.016853932584269662,0.020599250936329586,0.01918577445016378,0.014044943820224719,0.015917602996254682,0.014044943820224719,0.039307440336920914,0.026217228464419477,0.020599250936329586,0.015910154422087038,0.018726591760299626,0.01544943820224719,0.019653720168460457,0.015917602996254682,0.011704119850187267,0.019662921348314606,1,1,0.0,0.0
ca-CondMat,null,lspar,lspar,0.2,0.213494,,301,1.0,19489,21363,32,1875,hungarian,0.019894209614754483,0.4024715629827271,4983,0.23325375649487431,1.111780052177403,0.8047361027493477,1.0535821794099938,0.8157736303431667,0.9412000802729279,1.1438892233594218,5.0,5.0,7.194059803331326,8.546177971258718,4.0,4.0,4.294400963275136,4.5431353274352855,0.21613485851896447,0.20582315217900107,0.09151113786875377,0.0797172681739456,1.0500998368298018,1.1479462350500216,-0.01247869853838528,-0.012322278480864755,0.008430179402560089,0.005383617997722467,0.11358619305639173,0.1087698173790889,0.1075657234597632,0.10716435881998795,0.10696367650010034,0.109773228978527,0.09351796106762994,0.09171182018864138,0.0885009030704395,0.07244631747943006,0.2648572765559195,0.25374531835205993,0.250936329588015,0.24988301357042583,0.2495318352059925,0.25608614232209737,0.21806270472625175,0.21395131086142322,0.20646067415730338,0.16900749063670412,0.1075657234597632,0.1031507124222356,0.10676299418021272,0.10796708809953844,0.10616094722054988,0.10816777041942605,0.10295003010234799,0.0941200080272928,0.09110977322897852,0.07204495283965483,0.2508189050070192,0.2406367041198502,0.24906367041198502,0.25175479644361254,0.24765917602996254,0.25234082397003743,0.2400561534861956,0.21956928838951312,0.21254681647940074,0.16807116104868913,0.09231386714830424,0.09592614890628136,0.08769817379088903,0.09271523178807947,0.0953241019466185,0.09893638370459562,0.09793297210515754,0.11037527593818984,0.11137868753762793,0.11739915713425647,0.036499766027140855,0.026685393258426966,0.017322097378277154,0.018717828731867104,0.016853932584269662,0.020599250936329586,0.01918577445016378,0.013576779026217229,0.01544943820224719,0.014044943820224719,0.03883949461862424,0.024812734082397005,0.019662921348314606,0.015910154422087038,0.018726591760299626,0.0149812734082397,0.019653720168460457,0.015917602996254682,0.010767790262172285,0.019662921348314606,1,1,0.0,0.0
ca-CondMat,null,lspar,lspar,0.2,0.213494,,302,1.0,19489,21363,32,1875,hungarian,0.019894209614754483,0.4024715629827271,4983,0.23325375649487431,1.111780052177403,0.8047361027493477,1.0535821794099938,0.8157736303431667,0.9412000802729279,1.1438892233594218,5.0,5.0,7.194059803331326,8.546177971258718,4.0,4.0,4.294400963275136,4.5431353274352855,0.21613485851896447,0.20582315217900107,0.09151113786875377,0.0797172681739456,1.0500998368298018,1.1479462350500216,-0.01247869853838528,-0.012322278480864755,0.008430179402560089,0.005429414999525761,0.11358619305639173,0.1087698173790889,0.1075657234597632,0.10716435881998795,0.10696367650010034,0.109773228978527,0.09351796106762994,0.09171182018864138,0.0885009030704395,0.07244631747943006,0.2648572765559195,0.25374531835205993,0.250936329588015,0.24988301357042583,0.2495318352059925,0.25608614232209737,0.21806270472625175,0.21395131086142322,0.20646067415730338,0.16900749063670412,0.1075657234597632,0.1031507124222356,0.10676299418021272,0.10796708809953844,0.10616094722054988,0.10816777041942605,0.10295003010234799,0.0941200080272928,0.09110977322897852,0.07204495283965483,0.2508189050070192,0.2406367041198502,0.24906367041198502,0.25175479644361254,0.24765917602996254,0.25234082397003743,0.2400561534861956,0.21956928838951312,0.21254681647940074,0.16807116104868913,0.09231386714830424,0.09592614890628136,0.08769817379088903,0.09271523178807947,0.0953241019466185,0.09893638370459562,0.09793297210515754,0.11037527593818984,0.11137868753762793,0.11739915713425647,0.036499766027140855,0.026685393258426966,0.017322097378277154,0.018717828731867104,0.016853932584269662,0.020599250936329586,0.01918577445016378,0.013576779026217229,0.01544943820224719,0.014044943820224719,0.03883949461862424,0.024812734082397005,0.019662921348314606,0.015910154422087038,0.018726591760299626,0.0149812734082397,0.019653720168460457,0.015917602996254682,0.010767790262172285,0.019662921348314606,1,1,0.0,0.0
ca-CondMat,null,resmatch,dspar,0.5,1.0,,100,1.78125,91286,21363,32,84,hungarian,0.06146140523334737,0.21537237279408322,14,0.0006553386696625006,5.0,0.0,5.0,0.0,0.0,5.0,1.0,5.0,1.0,8.546177971258718,1.0,4.0,1.0,4.5431353274352855,1.0,0.20582315217900107,1.0,0.0797172681739456,4.858539913577439,12.544333529066355,0.030598888731154385,0.028882284486460262,0.0073422494226624765,0.002322450000065146,1.0,0.0,0.0,0.0,0.0,0.0,0.0,0.0,0.0,0.0,0.006551240056153486,0.0,0.0,0.0,0.0,0.0,0.0,0.0,0.0,0.0,1.0,0.0,0.0,0.0,0.0,0.0,0.0,0.0,0.0,0.0,0.006551240056153486,0.0,0.0,0.0,0.0,0.0,0.0,0.0,0.0,0.0,0.0,0.0,0.0,0.0,0.0,0.0,0.0,0.0,0.35714285714285715,0.6428571428571429,0.07767898923724847,0.042134831460674156,0.04353932584269663,0.03883949461862424,0.04728464419475655,0.05149812734082397,0.0584932147870847,0.05852059925093633,0.07958801498127341,0.11704119850187265,0.07767898923724847,0.041666666666666664,0.04119850187265917,0.04305100608329434,0.048220973782771535,0.0552434456928839,0.06036499766027141,0.06928838951310862,0.07397003745318352,0.10393258426966293,1,1,0.0,0.0
ca-CondMat,null,resmatch,dspar,0.5,1.0,,101,1.78125,91286,21363,32,83,hungarian,0.05724851378551701,0.21055095258156625,14,0.0006553386696625006,5.0,0.0,5.0,0.0,0.0,5.0,1.0,5.0,1.0,8.546177971258718,1.0,4.0,1.0,4.5431353274352855,1.0,0.20582315217900107,1.0,0.0797172681739456,4.858539913577439,12.544333529066355,0.020610277747107178,0.0198301491409019,0.013584300625621819,0.0023706039974058513,1.0,0.0,0.0,0.0,0.0,0.0,0.0,0.0,0.0,0.0,0.006551240056153486,0.0,0.0,0.0,0.0,0.0,0.0,0.0,0.0,0.0,1.0,0.0,0.0,0.0,0.0,0.0,0.0,0.0,0.0,0.0,0.006551240056153486,0.0,0.0,0.0,0.0,0.0,0.0,0.0,0.0,0.0,0.0,0.0,0.0,0.0,0.0,0.0,0.0,0.0,0.35714285714285715,0.6428571428571429,0.07065980346279832,0.04400749063670412,0.04260299625468165,0.04632662611137108,0.04588014981273408,0.05102996254681648,0.052877866167524566,0.05898876404494382,0.06882022471910113,0.09129213483146068,0.07159569489939167,0.04073033707865169,0.04868913857677903,0.0397753860552176,0.03838951310861423,0.05805243445692884,0.05474964904071128,0.06741573033707865,0.06132958801498127,0.09176029962546817,1,1,0.0,0.0
ca-CondMat,null,resmatch,dspar,0.5,1.0,,102,1.78125,91286,21363,32,86,hungarian,0.05706127416561344,0.2069933998033984,14,0.0006553386696625006,5.0,0.0,5.0,0.0,0.0,5.0,1.0,5.0,1.0,8.546177971258718,1.0,4.0,1.0,4.5431353274352855,1.0,0.20582315217900107,1.0,0.0797172681739456,4.858539913577439,12.544333529066355,0.026227305947116884,0.026695251665413568,-0.004205377344767336,0.002364279000175884,1.0,0.0,0.0,0.0,0.0,0.0,0.0,0.0,0.0,0.0,0.006551240056153486,0.0,0.0,0.0,0.0,0.0,0.0,0.0,0.0,0.0,1.0,0.0,0.0,0.0,0.0,0.0,0.0,0.0,0.0,0.0,0.006551240056153486,0.0,0.0,0.0,0.0,0.0,0.0,0.0,0.0,0.0,0.0,0.0,0.0,0.0,0.0,0.0,0.0,0.0,0.35714285714285715,0.6428571428571429,0.0645765091249415,0.04119850187265917,0.047752808988764044,0.04398689751988769,0.040262172284644196,0.04681647940074907,0.05381375760411792,0.0599250936329588,0.075374531835206,0.09691011235955056,0.06317267197005147,0.0449438202247191,0.04353932584269663,0.03743565746373421,0.047752808988764044,0.04915730337078652,0.052877866167524566,0.0650749063670412,0.06835205992509363,0.09831460674157304,1,1,0.0,0.0
ca-CondMat,null,resmatch,lspar,0.5,1.0,,100,1.375,91286,21363,32,53,hungarian,0.10302860085194027,0.21261058840050553,14,0.0006553386696625006,5.0,0.0,5.0,0.0,0.0,5.0,1.0,5.0,1.0,8.546177971258718,1.0,4.0,1.0,4.5431353274352855,1.0,0.20582315217900107,1.0,0.0797172681739456,4.858539913577439,12.544333529066355,0.058850527271420774,0.055572424385288144,0.03075304500632982,0.0022527350010932423,1.0,0.0,0.0,0.0,0.0,0.0,0.0,0.0,0.0,0.0,0.006551240056153486,0.0,0.0,0.0,0.0,0.0,0.0,0.0,0.0,0.0,1.0,0.0,0.0,0.0,0.0,0.0,0.0,0.0,0.0,0.0,0.006551240056153486,0.0,0.0,0.0,0.0,0.0,0.0,0.0,0.0,0.0,0.0,0.0,0.0,0.0,0.0,0.0,0.0,0.0,0.35714285714285715,0.6428571428571429,0.11417875526438934,0.06694756554307116,0.06741573033707865,0.07346747777257838,0.08239700374531835,0.09550561797752809,0.10528778661675246,0.10767790262172285,0.13670411985018727,0.18071161048689138,0.10809546092653252,0.07397003745318352,0.06601123595505617,0.0772110435189518,0.08801498127340825,0.09925093632958802,0.10294805802526907,0.10580524344569288,0.12780898876404495,0.18117977528089887,1,1,0.0,0.0
ca-CondMat,null,resmatch,lspar,0.5,1.0,,101,1.375,91286,21363,32,49,hungarian,0.0883302906895099,0.20320179750035108,14,0.0006553386696625006,5.0,0.0,5.0,0.0,0.0,5.0,1.0,5.0,1.0,8.546177971258718,1.0,4.0,1.0,4.5431353274352855,1.0,0.20582315217900107,1.0,0.0797172681739456,4.858539913577439,12.544333529066355,0.04012262105685628,0.037312682964731156,0.014367861417963174,0.0020637860034184996,1.0,0.0,0.0,0.0,0.0,0.0,0.0,0.0,0.0,0.0,0.006551240056153486,0.0,0.0,0.0,0.0,0.0,0.0,0.0,0.0,0.0,1.0,0.0,0.0,0.0,0.0,0.0,0.0,0.0,0.0,0.0,0.006551240056153486,0.0,0.0,0.0,0.0,0.0,0.0,0.0,0.0,0.0,0.0,0.0,0.0,0.0,0.0,0.0,0.0,0.0,0.35714285714285715,0.6428571428571429,0.10575573233504913,0.06273408239700375,0.05383895131086142,0.07253158633598503,0.07443820224719101,0.0749063670411985,0.09639681796911559,0.09316479400749064,0.10674157303370786,0.14279026217228463,0.09967243799719233,0.06273408239700375,0.0650749063670412,0.0645765091249415,0.06928838951310862,0.08801498127340825,0.09452503509592887,0.09129213483146068,0.10627340823970037,0.14185393258426968,1,1,0.0,0.0
ca-CondMat,null,resmatch,lspar,0.5,1.0,,102,1.375,91286,21363,32,53,hungarian,0.08673875392032954,0.20292093807049572,18,0.0008425782895660722,5.0,0.0,4.444444444444444,0.0,0.0,4.444444444444444,1.0,5.0,1.3333333333333333,8.546177971258718,1.0,4.0,1.2222222222222223,4.5431353274352855,0.8888888888888888,0.20582315217900107,0.7777777777777778,0.0797172681739456,4.318702145402168,9.756703855940497,0.043868961762233316,0.04074647565601491,0.015926658125634957,0.0020717170009447727,0.7777777777777778,0.2222222222222222,0.0,0.0,0.0,0.0,0.0,0.0,0.0,0.0,0.006551240056153486,0.0018726591760299626,0.0,0.0,0.0,0.0,0.0,0.0,0.0,0.0,0.7777777777777778,0.1111111111111111,0.1111111111111111,0.0,0.0,0.0,0.0,0.0,0.0,0.0,0.006551240056153486,0.0009363295880149813,0.0009363295880149813,0.0,0.0,0.0,0.0,0.0,0.0,0.0,0.0,0.0,0.0,0.0,0.0,0.05555555555555555,0.0,0.05555555555555555,0.3333333333333333,0.5555555555555556,0.11230697239120262,0.05337078651685393,0.060861423220973786,0.0627047262517548,0.07397003745318352,0.06975655430711611,0.07627515208235845,0.08380149812734082,0.11657303370786516,0.15777153558052434,0.10341600374356574,0.06367041198501873,0.05898876404494382,0.06925596630790828,0.075374531835206,0.06554307116104868,0.08282639213851194,0.08426966292134831,0.10159176029962547,0.16245318352059926,1,1,0.0,0.0
ca-CondMat,null,resmatch,lspar,0.2,1.0,,100,48.0,91286,21363,32,1847,hungarian,0.013059963488274118,0.4535411693114263,3413,0.15976220568272245,1.0884852036331671,1.7433343099912102,1.1046000585994724,1.712569586873718,0.9917960738353354,1.002050981541166,7.0,5.0,14.269264576618811,8.546177971258718,5.0,4.0,5.062994433050102,4.5431353274352855,0.22648696161734544,0.20582315217900107,0.11514796366832698,0.0797172681739456,1.1003959429227543,1.4444544614483086,-0.01029568210537016,-0.00873557094343348,0.005151200213584214,0.0055923330000950955,0.13477878699091708,0.08291825373571637,0.06592440668033987,0.06328743041312627,0.053911514796366834,0.07295634339290946,0.08555523000292997,0.0920011719894521,0.13360679753882215,0.21506006445941986,0.21525503041647168,0.13249063670411984,0.10533707865168539,0.10107627515208235,0.08614232209737828,0.11657303370786516,0.13664014974262986,0.14700374531835206,0.21348314606741572,0.34363295880149813,0.12803984764137122,0.0928801640785233,0.06563140931731615,0.060943451508936416,0.06504541459126868,0.07295634339290946,0.08116026955757398,0.09082918253735717,0.11309698212716085,0.22941693524758278,0.2044922788956481,0.14840823970037453,0.10486891385767791,0.09733270940570894,0.10393258426966293,0.11657303370786516,0.12962096396817968,0.1451310861423221,0.18071161048689138,0.36657303370786515,0.10665104014063874,0.09170817462642836,0.12159390565484911,0.1333138001757984,0.0946381482566657,0.0867272194550249,0.09698212716085555,0.067975388221506,0.08643422209200118,0.11397597421623205,0.02526906878802059,0.018726591760299626,0.011704119850187267,0.013102480112306972,0.012640449438202247,0.014044943820224719,0.010294805802526907,0.009363295880149813,0.009363295880149813,0.006086142322097378,0.022461394478240523,0.019194756554307114,0.014044943820224719,0.013102480112306972,0.011704119850187267,0.011235955056179775,0.009358914365933552,0.01451310861423221,0.008426966292134831,0.006554307116104869,1,1,0.0,0.0
ca-CondMat,null,resmatch,lspar,0.2,1.0,,101,48.0,91286,21363,32,1839,hungarian,0.012545054533539298,0.45012404624818614,3599,0.16846884800823855,0.99194220616838,1.7449291469852737,1.0308419005279241,1.7268685746040564,1.0711308696860238,0.9585996110030565,7.0,5.0,14.082522923034176,8.546177971258718,5.0,4.0,5.105862739649902,4.5431353274352855,0.2097804945818283,0.20582315217900107,0.10919699916643512,0.0797172681739456,1.0192269060158285,1.3698035779169428,-0.011544997858900053,-0.009048265008000645,0.004527418639662519,0.005571924000832951,0.1233676021116977,0.07502083912197832,0.07085301472631286,0.063073075854404,0.06446235065295916,0.07891080855793275,0.07418727424284524,0.10113920533481523,0.13920533481522646,0.2097804945818283,0.20776789892372485,0.12640449438202248,0.11938202247191011,0.10622367805334582,0.10861423220973783,0.13295880149812733,0.12494150678521292,0.1704119850187266,0.2345505617977528,0.35346441947565543,0.12642400666851902,0.07974437343706585,0.07140872464573493,0.0594609613781606,0.06696304529035843,0.07807724367879966,0.08335648791330925,0.0891914420672409,0.1189219227563212,0.22645179216449013,0.2129153018249883,0.1343632958801498,0.1203183520599251,0.100140383715489,0.11282771535580524,0.13155430711610486,0.14038371548900327,0.1502808988764045,0.20037453183520598,0.3815543071161049,0.11114198388441233,0.10308419005279244,0.11392053348152265,0.12586829674909697,0.08502361767157544,0.08335648791330925,0.10280633509308142,0.08307863295359823,0.08641289247013059,0.10530702973048069,0.019653720168460457,0.017790262172284643,0.018726591760299626,0.016378100140383715,0.011704119850187267,0.011235955056179775,0.008423022929340197,0.010299625468164793,0.0056179775280898875,0.0056179775280898875,0.018717828731867104,0.01638576779026217,0.016853932584269662,0.016846045858680395,0.013576779026217229,0.008895131086142321,0.009358914365933552,0.012172284644194757,0.00749063670411985,0.005149812734082397,1,1,0.0,0.0
ca-CondMat,null,resmatch,lspar,0.2,1.0,,102,48.0,91286,21363,32,1834,hungarian,0.01259186443851519,0.4437110892664888,3402,0.15924729672798765,1.0273368606701938,1.7386831275720165,1.040564373897707,1.7181069958847734,1.0302763080540858,1.0038212815990593,7.0,5.0,14.227219282774838,8.546177971258718,5.0,4.0,5.07907113462669,4.5431353274352855,0.21428571428571427,0.20582315217900107,0.11552028218694885,0.0797172681739456,1.0411156957665941,1.4491249491249492,-0.01107595676204931,-0.00951504232250632,0.008116462984675802,0.005597251001745462,0.12962962962962962,0.07583774250440917,0.07054673721340388,0.06378600823045268,0.06525573192239859,0.07231040564373897,0.07730746619635509,0.0975896531452087,0.13227513227513227,0.21546149323927102,0.20636406176883482,0.12078651685393259,0.11235955056179775,0.10154422087037904,0.10393258426966293,0.1151685393258427,0.12306972391202621,0.15543071161048688,0.21067415730337077,0.3431647940074906,0.12698412698412698,0.08112874779541446,0.06613756613756613,0.06878306878306878,0.0720164609053498,0.07142857142857142,0.0823045267489712,0.08759553203997648,0.1128747795414462,0.23074661963550852,0.2021525503041647,0.12921348314606743,0.10533707865168539,0.10949929808142256,0.11470037453183521,0.11376404494382023,0.13102480112306972,0.13951310861423222,0.1797752808988764,0.36750936329588013,0.10993533215755438,0.09611992945326278,0.11522633744855967,0.13080540858318637,0.08289241622574955,0.08142269253380365,0.09994121105232216,0.08289241622574955,0.09318048206937096,0.10758377425044091,0.02526906878802059,0.015917602996254682,0.014044943820224719,0.012166588675713618,0.010299625468164793,0.016853932584269662,0.009358914365933552,0.008895131086142321,0.007022471910112359,0.006086142322097378,0.027608797379503978,0.013576779026217229,0.0149812734082397,0.009826860084230228,0.010767790262172285,0.011235955056179775,0.010294805802526907,0.014044943820224719,0.007022471910112359,0.006554307116104869,1,1,0.0,0.0
email-Enron,real,jitter,,1.0,1.0,,101,1.0,180811,33696,195,150,hungarian,0.6084401709401709,0.6860754985754985,427,0.012672127255460588,0.2224824355971897,0.046838407494145196,0.2107728337236534,0.0585480093676815,0.2576112412177986,1.1592505854800936,4.0,3.0,4.014051522248243,10.731896961063628,3.0,3.0,3.4543325526932085,5.732579534662868,0.1288056206088993,0.3843186134852801,0.06088992974238876,0.28347578347578345,0.335153219462353,0.21479764160380357,-0.02605735837224199,-0.02803571517698311,0.12202721679219297,0.002756175999820698,0.0234192037470726,0.02107728337236534,0.02810304449648712,0.12412177985948478,0.27400468384074944,0.20608899297423888,0.1873536299765808,0.12646370023419204,0.00936768149882904,0.0,0.002967359050445104,0.0026706231454005935,0.003561887800534283,0.01572700296735905,0.034728406055209264,0.026112759643916916,0.02373887240356083,0.016028495102404273,0.0011869436201780415,0.0,0.0234192037470726,0.01873536299765808,0.01873536299765808,0.10304449648711944,0.2224824355971897,0.2716627634660422,0.18266978922716628,0.14754098360655737,0.0117096018735363,0.0,0.002967359050445104,0.002373887240356083,0.0023745918670228555,0.013056379821958458,0.028198278420896408,0.034421364985163204,0.02314540059347181,0.018699910952804988,0.001483679525222552,0.0,0.01873536299765808,0.03278688524590164,0.12646370023419204,0.07962529274004684,0.13817330210772832,0.14285714285714285,0.11475409836065574,0.11475409836065574,0.13114754098360656,0.10070257611241218,0.6347181008902077,0.6326409495548961,0.6114574057583853,0.5816023738872403,0.5951320866726032,0.6097922848664689,0.6183976261127596,0.6070050460077174,0.629080118694362,0.5645592163846839,0.6397626112759643,0.6178041543026707,0.6260017809439002,0.5795252225519287,0.5894924309884239,0.6148367952522256,0.6175074183976261,0.6040368061739388,0.614540059347181,0.580884535470466,1,1,0.0,0.0
email-Enron,real,jitter,,1.0,1.0,,102,1.0,180811,33696,195,186,hungarian,0.6434294871794872,0.7320453466286799,612,0.018162393162393164,0.15522875816993464,0.032679738562091505,0.12254901960784313,0.049019607843137254,0.28594771241830064,1.1846405228758168,3.0,3.0,3.9215686274509802,10.731896961063628,3.0,3.0,3.3676470588235294,5.732579534662868,0.10784313725490197,0.3843186134852801,0.0457516339869281,0.28347578347578345,0.2806086759027936,0.161395211350872,-0.015567199511223873,-0.019027444915076352,0.1256893377360756,0.0027764480000769254,0.016339869281045753,0.014705882352941176,0.02287581699346405,0.10784313725490197,0.3415032679738562,0.24509803921568626,0.1388888888888889,0.10620915032679738,0.006535947712418301,0.0,0.002967359050445104,0.0026706231454005935,0.004155535767289997,0.019584569732937686,0.0620362125259721,0.04451038575667656,0.025222551928783383,0.0192935589195607,0.0011869436201780415,0.0,0.006535947712418301,0.017973856209150325,0.027777777777777776,0.09640522875816994,0.28104575163398693,0.27124183006535946,0.16339869281045752,0.12581699346405228,0.00980392156862745,0.0,0.0011869436201780415,0.0032640949554896144,0.0050460077174235675,0.017507418397626113,0.05105372514099139,0.04925816023738872,0.02967359050445104,0.022855446720094985,0.0017804154302670622,0.0,0.0196078431372549,0.03758169934640523,0.1388888888888889,0.08006535947712418,0.11601307189542484,0.13725490196078433,0.10294117647058823,0.13071895424836602,0.11764705882352941,0.119281045751634,0.6688427299703265,0.670919881305638,0.665776194716533,0.5928783382789318,0.6144256455921638,0.6240356083086054,0.6385756676557863,0.6622143069159988,0.6774480712166172,0.6191748293262096,0.6712166172106825,0.6765578635014837,0.6583555951320866,0.5997032640949554,0.6102701098248738,0.6240356083086054,0.6451038575667656,0.6524191154645296,0.6581602373887241,0.6384683882457702,1,1,0.0,0.0
email-Enron,real,dspar,dspar,0.5,0.500014,200,300,1.0,90408,33696,195,111,hungarian,0.5537452516619183,0.7513651471984806,234,0.006944444444444444,0.0,0.021367521367521368,0.021367521367521368,0.1282051282051282,0.17094017094017094,1.111111111111111,4.0,3.0,4.414529914529915,10.731896961063628,4.0,3.0,3.8205128205128207,5.732579534662868,0.06837606837606838,0.3843186134852801,0.004273504273504274,0.28347578347578345,0.17791505791505793,0.015075376884422113,0.02834939148147464,0.023403000359066062,0.12825282826868234,0.002762998999969568,0.0,0.0,0.008547008547008548,0.07692307692307693,0.26495726495726496,0.23931623931623933,0.2222222222222222,0.18376068376068377,0.004273504273504274,0.0,0.0,0.0,0.0005936479667557139,0.005341246290801187,0.01840308696942713,0.01661721068249258,0.01543026706231454,0.012763431285247848,0.0002967359050445104,0.0,0.0,0.004273504273504274,0.004273504273504274,0.0811965811965812,0.20512820512820512,0.2948717948717949,0.20512820512820512,0.1794871794871795,0.02564102564102564,0.0,0.0,0.0002967359050445104,0.00029682398337785694,0.005637982195845697,0.014247551202137132,0.020474777448071215,0.014243323442136498,0.012466607301869992,0.0017804154302670622,0.0,0.01282051282051282,0.021367521367521368,0.14102564102564102,0.10256410256410256,0.10683760683760683,0.14957264957264957,0.13247863247863248,0.1111111111111111,0.10683760683760683,0.11538461538461539,0.5655786350148369,0.5679525222551929,0.5437815375482339,0.4913946587537092,0.5117245473434253,0.5367952522255193,0.5578635014836796,0.5716829919857525,0.6062314540059347,0.5844464232710003,0.5640949554896142,0.5560830860534125,0.5535767289997032,0.5059347181008902,0.5132086672603147,0.5373887240356083,0.5632047477744807,0.5654496883348175,0.586053412462908,0.5924606708222024,1,1,0.0,0.0
email-Enron,real,dspar,dspar,0.5,0.500014,200,301,1.0,90408,33696,195,103,hungarian,0.518014007597341,0.752463200379867,188,0.005579297245963913,0.0,0.10638297872340424,0.02659574468085106,0.07978723404255318,0.1329787234042553,1.1170212765957446,4.0,3.0,4.287234042553192,10.731896961063628,3.5,3.0,3.8085106382978724,5.732579534662868,0.0851063829787234,0.3843186134852801,0.005319148936170213,0.28347578347578345,0.22144746570278487,0.018764032930610502,-0.0005407128884142853,-0.0024211559459188514,0.13279981350880893,0.0029490589986380655,0.0,0.0,0.010638297872340425,0.09042553191489362,0.2765957446808511,0.2127659574468085,0.22872340425531915,0.1595744680851064,0.02127659574468085,0.0,0.0,0.0,0.0005936479667557139,0.005044510385756677,0.01543484713564856,0.011869436201780416,0.012759643916913947,0.008904719501335707,0.0011869436201780415,0.0,0.0,0.005319148936170213,0.005319148936170213,0.09574468085106383,0.19680851063829788,0.2978723404255319,0.20212765957446807,0.18085106382978725,0.015957446808510637,0.0,0.0,0.0002967359050445104,0.00029682398337785694,0.005341246290801187,0.010982487384980706,0.01661721068249258,0.011275964391691394,0.010092015434847135,0.0008902077151335311,0.0,0.010638297872340425,0.015957446808510637,0.13829787234042554,0.10638297872340426,0.10106382978723404,0.14361702127659576,0.14893617021276595,0.11170212765957446,0.10638297872340426,0.11702127659574468,0.5409495548961424,0.5412462908011869,0.5167705550608489,0.46498516320474775,0.4968833481745325,0.5053412462908012,0.5166172106824926,0.5230038587117839,0.5471810089020771,0.5271593944790739,0.5370919881305638,0.526706231454006,0.5327990501632532,0.48130563798219583,0.4847135648560404,0.5145400593471811,0.5136498516320475,0.5188483229444939,0.5344213649851632,0.5360641139804097,1,1,0.0,0.0
email-Enron,real,dspar,dspar,0.5,0.500014,200,302,1.0,90408,33696,195,114,hungarian,0.5365325261158594,0.7370607787274454,229,0.0067960588793922125,0.0,0.021834061135371178,0.021834061135371178,0.10917030567685589,0.19650655021834057,1.1353711790393013,4.0,3.0,4.275109170305677,10.731896961063628,3.0,3.0,3.646288209606987,5.732579534662868,0.09170305676855896,0.3843186134852801,0.004366812227074236,0.28347578347578345,0.23861206184350292,0.015404533584955344,0.005595733955283899,-0.001724838001925355,0.15120034620656903,0.0028845470005762763,0.0,0.0,0.017467248908296942,0.1222707423580786,0.27510917030567683,0.22707423580786026,0.1965065502183406,0.1572052401746725,0.004366812227074236,0.0,0.0,0.0,0.0011872959335114278,0.00830860534124629,0.018699910952804988,0.01543026706231454,0.013353115727002967,0.01068566340160285,0.0002967359050445104,0.0,0.0,0.004366812227074236,0.008733624454148471,0.10480349344978165,0.2314410480349345,0.26200873362445415,0.20087336244541484,0.16593886462882096,0.021834061135371178,0.0,0.0,0.0002967359050445104,0.0005936479667557139,0.007121661721068249,0.015731671119026416,0.017804154302670624,0.013649851632047478,0.011279311368358563,0.001483679525222552,0.0,0.013100436681222707,0.026200873362445413,0.13537117903930132,0.10043668122270742,0.11353711790393013,0.13973799126637554,0.14410480349344978,0.10043668122270742,0.11790393013100436,0.1091703056768559,0.5602373887240356,0.5652818991097923,0.5523894330661917,0.48991097922848664,0.4764024933214604,0.49554896142433236,0.5308605341246291,0.5547640249332146,0.5694362017804154,0.570495696052241,0.5617210682492582,0.5655786350148369,0.5458593054318789,0.49792284866468844,0.4847135648560404,0.5100890207715133,0.5314540059347181,0.5360641139804097,0.5602373887240356,0.5716829919857525,1,1,0.0,0.0
email-Enron,real,dspar,dspar,0.5,0.500257,201,300,1.0,90452,33696,195,98,hungarian,0.5238307217473884,0.7321937321937322,197,0.00584639126305793,0.0,0.0,0.025380710659898473,0.07614213197969542,0.15228426395939085,1.065989847715736,4.0,3.0,4.436548223350254,10.731896961063628,4.0,3.0,3.8375634517766497,5.732579534662868,0.08121827411167512,0.3843186134852801,0.005076142131979695,0.28347578347578345,0.21133057640671854,0.017906792847486162,0.022213590545554163,0.014695312089426538,0.12251185314171015,0.002723912999499589,0.0,0.0,0.005076142131979695,0.10152284263959391,0.233502538071066,0.19796954314720813,0.26903553299492383,0.19289340101522842,0.0,0.0,0.0,0.0,0.00029682398337785694,0.005934718100890208,0.01365390323538142,0.011572700296735905,0.01572700296735905,0.011279311368358563,0.0,0.0,0.0,0.005076142131979695,0.0,0.09137055837563451,0.17258883248730963,0.2893401015228426,0.23857868020304568,0.18781725888324874,0.015228426395939087,0.0,0.0,0.0002967359050445104,0.0,0.005341246290801187,0.010092015434847135,0.01691394658753709,0.013946587537091989,0.010982487384980706,0.0008902077151335311,0.0,0.015228426395939087,0.015228426395939087,0.14720812182741116,0.09137055837563451,0.13705583756345177,0.15736040609137056,0.1065989847715736,0.116751269035533,0.10152284263959391,0.1116751269035533,0.542433234421365,0.5439169139465876,0.5203324428613832,0.4605341246290801,0.4805580290887504,0.48991097922848664,0.5272997032640949,0.5357672899970317,0.5735905044510385,0.5639655684179282,0.5451038575667656,0.5281899109792285,0.5307212822796082,0.47774480712166173,0.4740279014544375,0.49614243323442137,0.5382789317507418,0.5301276343128525,0.5477744807121662,0.5701988720688632,1,1,0.0,0.0
email-Enron,real,dspar,dspar,0.5,0.500257,201,301,1.0,90452,33696,195,111,hungarian,0.5117224596391263,0.7247744539411206,244,0.007241215574548908,0.0,0.040983606557377046,0.020491803278688523,0.10245901639344263,0.1844262295081967,1.0860655737704916,4.0,3.0,4.528688524590164,10.731896961063628,4.0,3.0,3.9139344262295084,5.732579534662868,0.06967213114754098,0.3843186134852801,0.004098360655737705,0.28347578347578345,0.18128742325463637,0.01445753356948678,-0.03467100834131176,-0.03922031297754969,0.17286321229315177,0.002790111000649631,0.0,0.0,0.004098360655737705,0.09836065573770492,0.25,0.19672131147540983,0.2459016393442623,0.19672131147540983,0.004098360655737705,0.004098360655737705,0.0,0.0,0.00029682398337785694,0.007121661721068249,0.01810626298604927,0.014243323442136498,0.017804154302670624,0.014247551202137132,0.0002967359050445104,0.00029682398337785694,0.0,0.004098360655737705,0.0,0.09836065573770492,0.20491803278688525,0.24180327868852458,0.2540983606557377,0.1762295081967213,0.01639344262295082,0.004098360655737705,0.0,0.0002967359050445104,0.0,0.007121661721068249,0.014841199168892847,0.017507418397626113,0.018397626112759646,0.012763431285247848,0.0011869436201780415,0.00029682398337785694,0.01639344262295082,0.020491803278688523,0.13934426229508196,0.0942622950819672,0.13934426229508196,0.14754098360655737,0.11885245901639344,0.10655737704918032,0.11065573770491803,0.10655737704918032,0.5605341246290801,0.5593471810089021,0.5402196497476996,0.4691394658753709,0.45859305431878894,0.47299703264094956,0.5002967359050445,0.4983674680914218,0.5397626112759644,0.5179578509943603,0.5637982195845698,0.5504451038575667,0.5405164737310775,0.4824925816023739,0.45651528643514394,0.48486646884273,0.5014836795252225,0.4953992282576432,0.513946587537092,0.5277530424458297,1,1,0.0,0.0
email-Enron,real,dspar,dspar,0.5,0.500257,201,302,1.0,90452,33696,195,110,hungarian,0.5228216999050332,0.720946106362773,218,0.006469610636277303,0.0,0.022935779816513763,0.022935779816513763,0.06880733944954129,0.16055045871559634,1.1238532110091743,4.0,3.0,4.41743119266055,10.731896961063628,3.0,3.0,3.802752293577982,5.732579534662868,0.06422018348623854,0.3843186134852801,0.0045871559633027525,0.28347578347578345,0.16710141333994546,0.016181826564012725,0.009945218212602858,0.004901852845179633,0.14061427004053656,0.0028000130005239043,0.0,0.0,0.0045871559633027525,0.0871559633027523,0.29357798165137616,0.19724770642201836,0.25229357798165136,0.16055045871559634,0.0,0.0045871559633027525,0.0,0.0,0.00029682398337785694,0.005637982195845697,0.018996734936182844,0.012759643916913947,0.016320474777448073,0.010388839418224993,0.0,0.00029682398337785694,0.0,0.0045871559633027525,0.0,0.0871559633027523,0.22935779816513763,0.23394495412844038,0.25688073394495414,0.1743119266055046,0.009174311926605505,0.0045871559633027525,0.0,0.0002967359050445104,0.0,0.005637982195845697,0.014841199168892847,0.015133531157270029,0.01661721068249258,0.011279311368358563,0.0005934718100890207,0.00029682398337785694,0.009174311926605505,0.022935779816513763,0.14678899082568808,0.0871559633027523,0.13302752293577982,0.13302752293577982,0.13302752293577982,0.11009174311926606,0.11009174311926606,0.11467889908256881,0.5454005934718101,0.5412462908011869,0.5316117542297417,0.46261127596439167,0.4692787177203918,0.4973293768545994,0.5326409495548962,0.5313149302463639,0.5703264094955489,0.5464529533986346,0.5459940652818991,0.5397626112759644,0.5256752745621847,0.4827893175074184,0.4677945978035025,0.5047477744807122,0.5353115727002967,0.5253784505788067,0.5427299703264095,0.558029088750371,1,1,0.0,0.0
email-Enron,real,lspar,lspar,0.5,0.505401,,300,1.0,91382,33696,195,365,hungarian,0.5970441595441596,0.8130935422602089,1316,0.03905508072174739,0.11398176291793312,0.07218844984802432,0.11398176291793312,0.11018237082066869,0.15957446808510636,1.1740121580547112,4.0,3.0,4.322948328267477,10.731896961063628,4.0,3.0,3.7545592705167175,5.732579534662868,0.07066869300911854,0.3843186134852801,0.03419452887537994,0.28347578347578345,0.1838804849139196,0.12062592598249607,-0.18799606818319925,-0.18957707426676995,0.1979027961641298,0.003429926000535488,0.013677811550151976,0.00911854103343465,0.019756838905775075,0.056990881458966566,0.23860182370820668,0.25379939209726443,0.2621580547112462,0.13145896656534956,0.014437689969604863,0.0,0.005341246290801187,0.0035608308605341245,0.00771742356782428,0.02225519287833828,0.09320273078064707,0.09910979228486647,0.10237388724035608,0.051350549124369246,0.005637982195845697,0.0,0.011398176291793313,0.011398176291793313,0.014437689969604863,0.06534954407294832,0.1884498480243161,0.28951367781155013,0.2773556231003039,0.12006079027355623,0.022036474164133738,0.0,0.004451038575667656,0.004451038575667656,0.005639655684179281,0.025519287833827894,0.07361234787770853,0.11305637982195846,0.1083086053412463,0.046898189373701396,0.008605341246290801,0.0,0.008358662613981762,0.023556231003039513,0.11094224924012158,0.1033434650455927,0.12234042553191489,0.13829787234042554,0.12006079027355623,0.13829787234042554,0.12386018237082067,0.11094224924012158,0.7353115727002968,0.7323442136498516,0.7046601365390324,0.615727002967359,0.5731671119026417,0.5225519287833827,0.47833827893175074,0.4906500445235975,0.5439169139465876,0.5737607598693975,0.7353115727002968,0.7252225519287834,0.715642623924013,0.6136498516320474,0.5675274562184625,0.5175074183976262,0.48813056379821956,0.5072721875927575,0.5160237388724036,0.5841495992876224,1,1,0.0,0.0
email-Enron,real,lspar,lspar,0.5,0.505401,,301,1.0,91382,33696,195,377,hungarian,0.5981125356125356,0.8000949667616334,1357,0.04027184235517569,0.1105379513633014,0.06263817243920412,0.11790714812085483,0.12159174649963155,0.18791451731761236,1.1643330876934415,4.0,3.0,4.335298452468681,10.731896961063628,4.0,3.0,3.7759764185703757,5.732579534662868,0.0707442888725129,0.3843186134852801,0.03389830508474576,0.28347578347578345,0.18407718593422354,0.11958095562558557,-0.09589590197938425,-0.09638843601945812,0.15219856731782988,0.0032044239997048862,0.011790714812085483,0.010316875460574797,0.021370670596904937,0.058953574060427415,0.23434045689019897,0.24907885040530583,0.26381724392041267,0.13780397936624908,0.01105379513633014,0.0014738393515106854,0.004747774480712166,0.004154302670623145,0.008607895517957851,0.02373887240356083,0.0943900267141585,0.10029673590504451,0.10623145400593471,0.055506084891659244,0.004451038575667656,0.0005936479667557139,0.01105379513633014,0.012527634487840826,0.012527634487840826,0.06411201179071481,0.18349299926308033,0.2984524686809138,0.27044952100221076,0.12306558585114223,0.023581429624170966,0.0007369196757553427,0.004451038575667656,0.005044510385756677,0.0050460077174235675,0.025816023738872405,0.07390917186108638,0.1201780415430267,0.1089020771513353,0.04956960522410211,0.009495548961424332,0.00029682398337785694,0.010316875460574797,0.027266028002947678,0.11790714812085483,0.09653647752394989,0.11864406779661017,0.1363301400147384,0.11938098747236552,0.14075165806927045,0.12011790714812086,0.11274871039056743,0.6872403560830861,0.6830860534124629,0.6604333630157316,0.5798219584569733,0.5719798159691303,0.542433234421365,0.5130563798219585,0.5227070347284061,0.5902077151335312,0.6301573167111902,0.6845697329376854,0.6786350148367952,0.6645888987830216,0.58486646884273,0.5696052241021075,0.5412462908011869,0.5189910979228487,0.5443751855149896,0.5611275964391691,0.6331255565449688,1,1,0.0,0.0
email-Enron,real,lspar,lspar,0.5,0.505401,,302,1.0,91382,33696,195,359,hungarian,0.5621438746438746,0.774335232668566,1274,0.03780864197530864,0.07849293563579277,0.08634222919937204,0.09026687598116169,0.13736263736263737,0.1334379905808477,1.2009419152276295,4.0,3.0,4.381475667189953,10.731896961063628,4.0,3.0,3.815541601255887,5.732579534662868,0.05886970172684458,0.3843186134852801,0.0282574568288854,0.28347578347578345,0.15317941848554092,0.09968208388883193,-0.10114284573461596,-0.10222970300866785,0.16871495766808503,0.003184345998306526,0.009419152276295133,0.006279434850863423,0.01726844583987441,0.04945054945054945,0.24489795918367346,0.26138147566718994,0.25902668759811615,0.13500784929356358,0.015698587127158554,0.0015698587127158557,0.0035608308605341245,0.002373887240356083,0.006530127634312852,0.018694362017804153,0.09260908281389137,0.09881305637982196,0.09792284866468842,0.05105372514099139,0.005934718100890208,0.0005936479667557139,0.00706436420722135,0.01098901098901099,0.01098901098901099,0.06279434850863422,0.18681318681318682,0.304552590266876,0.271585557299843,0.11773940345368916,0.026687598116169546,0.0007849293563579278,0.0026706231454005935,0.004154302670623145,0.004155535767289997,0.02373887240356083,0.07064410804392995,0.11513353115727003,0.1026706231454006,0.04452359750667854,0.010089020771513354,0.00029682398337785694,0.006279434850863423,0.02040816326530612,0.11616954474097331,0.10204081632653061,0.12087912087912088,0.13657770800627944,0.12166405023547881,0.1357927786499215,0.11930926216640503,0.12087912087912088,0.6486646884272997,0.6513353115727003,0.6168002374591867,0.5492581602373887,0.5446720094983675,0.512759643916914,0.48456973293768546,0.4942119323241318,0.5507418397626113,0.568417928168596,0.6439169139465876,0.641839762611276,0.6319382606114574,0.557566765578635,0.5411101216978332,0.5068249258160238,0.4872403560830861,0.5084594835262689,0.5213649851632047,0.5811813594538439,1,1,0.0,0.0
email-Enron,real,lspar,lspar,0.2,0.158558,,300,1.0,28669,33696,195,5860,hungarian,0.14019468186134854,0.9322471509971509,18275,0.5423492402659069,0.09302325581395349,1.149110807113543,0.07715458276333788,1.1512995896032832,1.1543091655266757,0.8919288645690834,5.0,3.0,8.668071135430916,10.731896961063628,4.0,3.0,6.204596443228454,5.732579534662868,0.12711354309165526,0.3843186134852801,0.026101231190150478,0.28347578347578345,0.3307504206962483,0.09207569997731475,-0.3205008192752974,-0.3144655744366142,0.15492905437046156,0.013836214002367342,0.008481532147742818,0.01012311901504788,0.02478796169630643,0.1091108071135431,0.1519015047879617,0.1519562243502052,0.15545827633378934,0.15835841313269494,0.13937072503419973,0.09045143638850889,0.04599406528189911,0.05489614243323442,0.13446126447016918,0.5916913946587538,0.8239833778569309,0.8240356083086053,0.843026706231454,0.8590086078955179,0.7557863501483679,0.4906500445235975,0.008207934336525308,0.007222982216142271,0.02642954856361149,0.10818057455540356,0.1488919288645691,0.15075239398084817,0.16021887824897402,0.1598358413132695,0.14604651162790697,0.08421340629274966,0.04451038575667656,0.03916913946587537,0.1433659839715049,0.586646884272997,0.8076580587711487,0.8175074183976261,0.8688427299703264,0.8670228554467201,0.7919881305637982,0.4568121104185218,0.10216142270861833,0.1287004103967168,0.13630642954856362,0.09729138166894664,0.09006839945280437,0.08946648426812585,0.08853625170998632,0.08908344733242134,0.08908344733242134,0.08930232558139535,0.3629080118694362,0.3694362017804154,0.31255565449688333,0.08100890207715133,0.08162659542891065,0.06587537091988131,0.045103857566765576,0.03621252597209854,0.03412462908011869,0.013060255268625705,0.3599406528189911,0.36468842729970324,0.3184921341644405,0.07804154302670623,0.07361234787770853,0.06350148367952523,0.04391691394658754,0.04303947758978925,0.028189910979228485,0.028495102404274265,1,1,0.0,0.0
email-Enron,real,lspar,lspar,0.2,0.158558,,301,1.0,28669,33696,195,5860,hungarian,0.13865147198480532,0.9322471509971509,18275,0.5423492402659069,0.09302325581395349,1.149110807113543,0.07715458276333788,1.1512995896032832,1.1543091655266757,0.8919288645690834,5.0,3.0,8.668071135430916,10.731896961063628,4.0,3.0,6.204596443228454,5.732579534662868,0.12711354309165526,0.3843186134852801,0.026101231190150478,0.28347578347578345,0.3307504206962483,0.09207569997731475,-0.3155546630284443,-0.3089256821446722,0.1514664014921644,0.013202401998569258,0.008481532147742818,0.01012311901504788,0.02478796169630643,0.1091108071135431,0.1519015047879617,0.1519562243502052,0.15545827633378934,0.15835841313269494,0.13937072503419973,0.09045143638850889,0.04599406528189911,0.05489614243323442,0.13446126447016918,0.5916913946587538,0.8239833778569309,0.8240356083086053,0.843026706231454,0.8590086078955179,0.7557863501483679,0.4906500445235975,0.008207934336525308,0.007222982216142271,0.02642954856361149,0.10818057455540356,0.1488919288645691,0.15075239398084817,0.16021887824897402,0.1598358413132695,0.14604651162790697,0.08421340629274966,0.04451038575667656,0.03916913946587537,0.1433659839715049,0.586646884272997,0.8076580587711487,0.8175074183976261,0.8688427299703264,0.8670228554467201,0.7919881305637982,0.4568121104185218,0.10216142270861833,0.1287004103967168,0.13630642954856362,0.09729138166894664,0.09006839945280437,0.08946648426812585,0.08853625170998632,0.08908344733242134,0.08908344733242134,0.08930232558139535,0.3554896142433234,0.36735905044510386,0.3078064707628376,0.08130563798219585,0.08222024339566637,0.06468842729970327,0.04362017804154303,0.03502523003858712,0.03382789317507418,0.015138023152270703,0.3590504451038576,0.3572700296735905,0.3122588305135055,0.07922848664688427,0.07183140397744138,0.06350148367952523,0.04154302670623145,0.04363312555654497,0.028189910979228485,0.02997922232116355,1,1,0.0,0.0
email-Enron,real,lspar,lspar,0.2,0.158558,,302,1.0,28669,33696,195,5860,hungarian,0.13865147198480532,0.9322471509971509,18275,0.5423492402659069,0.09302325581395349,1.149110807113543,0.07715458276333788,1.1512995896032832,1.1543091655266757,0.8919288645690834,5.0,3.0,8.668071135430916,10.731896961063628,4.0,3.0,6.204596443228454,5.732579534662868,0.12711354309165526,0.3843186134852801,0.026101231190150478,0.28347578347578345,0.3307504206962483,0.09207569997731475,-0.31684054797641503,-0.3104096552643393,0.15166416670997188,0.012051306999637745,0.008481532147742818,0.01012311901504788,0.02478796169630643,0.1091108071135431,0.1519015047879617,0.1519562243502052,0.15545827633378934,0.15835841313269494,0.13937072503419973,0.09045143638850889,0.04599406528189911,0.05489614243323442,0.13446126447016918,0.5916913946587538,0.8239833778569309,0.8240356083086053,0.843026706231454,0.8590086078955179,0.7557863501483679,0.4906500445235975,0.008207934336525308,0.007222982216142271,0.02642954856361149,0.10818057455540356,0.1488919288645691,0.15075239398084817,0.16021887824897402,0.1598358413132695,0.14604651162790697,0.08421340629274966,0.04451038575667656,0.03916913946587537,0.1433659839715049,0.586646884272997,0.8076580587711487,0.8175074183976261,0.8688427299703264,0.8670228554467201,0.7919881305637982,0.4568121104185218,0.10216142270861833,0.1287004103967168,0.13630642954856362,0.09729138166894664,0.09006839945280437,0.08946648426812585,0.08853625170998632,0.08908344733242134,0.08908344733242134,0.08930232558139535,0.3566765578635015,0.36735905044510386,0.3081032947462155,0.08041543026706231,0.08281389136242208,0.06528189910979229,0.04421364985163205,0.03502523003858712,0.0314540059347181,0.015138023152270703,0.3599406528189911,0.3572700296735905,0.31314930246363903,0.07774480712166172,0.07183140397744138,0.06468842729970327,0.042729970326409496,0.04244582962303354,0.027596439169139467,0.029088750371029978,1,1,0.0,0.0
email-Enron,real,resmatch,dspar,0.5,1.0,,100,0.079895,180811,33696,195,110,hungarian,0.2373872269705603,0.24151234567901234,371,0.011010208926875594,0.08086253369272237,0.1347708894878706,0.09433962264150944,0.05390835579514825,0.09433962264150944,1.1320754716981132,4.0,3.0,4.153638814016173,10.731896961063628,3.0,3.0,3.673854447439353,5.732579534662868,0.07008086253369272,0.3843186134852801,0.0215633423180593,0.28347578347578345,0.18235094547763012,0.07606766988581724,-0.02252920457337934,-0.023618586759653892,0.05601036270951271,0.0030004200016264804,0.01078167115902965,0.005390835579514825,0.01078167115902965,0.0673854447439353,0.2857142857142857,0.25336927223719674,0.23450134770889489,0.10512129380053908,0.026954177897574125,0.0,0.0011869436201780415,0.0005934718100890207,0.0011872959335114278,0.00741839762611276,0.03146334223805283,0.027893175074183978,0.025816023738872405,0.01157613535173642,0.002967359050445104,0.0,0.01078167115902965,0.008086253369272238,0.0026954177897574125,0.09433962264150944,0.23180592991913745,0.2830188679245283,0.2210242587601078,0.13746630727762804,0.01078167115902965,0.0,0.0011869436201780415,0.0008902077151335311,0.00029682398337785694,0.010385756676557863,0.025526862570495697,0.03115727002967359,0.02433234421364985,0.015138023152270703,0.0011869436201780415,0.0,0.005390835579514825,0.013477088948787063,0.11590296495956873,0.09433962264150944,0.1509433962264151,0.1509433962264151,0.11320754716981132,0.1293800539083558,0.10242587601078167,0.12398921832884097,0.2545994065281899,0.2587537091988131,0.24161472246957555,0.17507418397626112,0.23003858711783912,0.25252225519287835,0.2738872403560831,0.2493321460373998,0.21602373887240356,0.22202433956663697,0.26112759643916916,0.25044510385756674,0.2439893143365984,0.1774480712166172,0.23241317898486197,0.27537091988130563,0.2483679525222552,0.2451766102701098,0.22462908011869437,0.21490056396556842,1,1,0.0,0.0
email-Enron,real,resmatch,dspar,0.5,1.0,,101,0.079895,180811,33696,195,125,hungarian,0.2384852801519468,0.24177943969610635,453,0.013443732193732193,0.08830022075055187,0.11037527593818985,0.11037527593818985,0.044150110375275935,0.12141280353200883,1.2913907284768211,4.0,3.0,4.06401766004415,10.731896961063628,3.0,3.0,3.5938189845474615,5.732579534662868,0.08167770419426049,0.3843186134852801,0.03090507726269316,0.28347578347578345,0.2125260170293283,0.10902193084628442,-0.01797890171603017,-0.01896913705840092,0.05789018921868355,0.0030301190017780755,0.008830022075055188,0.008830022075055188,0.02207505518763797,0.07505518763796909,0.2891832229580574,0.26048565121412803,0.2052980132450331,0.10816777041942605,0.02207505518763797,0.0,0.0011869436201780415,0.0011869436201780415,0.0029682398337785693,0.010089020771513354,0.03888394182249926,0.035014836795252226,0.027596439169139467,0.014544375185514989,0.002967359050445104,0.0,0.004415011037527594,0.017660044150110375,0.006622516556291391,0.09713024282560706,0.25386313465783666,0.27593818984547464,0.20309050772626933,0.13245033112582782,0.008830022075055188,0.0,0.0005934718100890207,0.002373887240356083,0.0008904719501335708,0.013056379821958458,0.034134758088453544,0.037091988130563795,0.027299703264094956,0.017809439002671415,0.0011869436201780415,0.0,0.008830022075055188,0.01545253863134658,0.12141280353200883,0.09050772626931568,0.1346578366445916,0.1479028697571744,0.09050772626931568,0.13245033112582782,0.11479028697571744,0.1434878587196468,0.24985163204747773,0.2551928783382789,0.24013060255268626,0.17655786350148367,0.2362718907687741,0.2593471810089021,0.27626112759643917,0.25140991392104484,0.2178041543026706,0.22202433956663697,0.256973293768546,0.24688427299703264,0.24161472246957555,0.17922848664688426,0.23953695458593055,0.2813056379821958,0.2507418397626113,0.2487384980706441,0.22492581602373887,0.21490056396556842,1,1,0.0,0.0
email-Enron,real,resmatch,dspar,0.5,1.0,,102,0.079895,180811,33696,195,121,hungarian,0.23762464387464388,0.24145299145299146,423,0.012553418803418804,0.035460992907801414,0.04728132387706856,0.04728132387706856,0.02364066193853428,0.09456264775413711,1.2765957446808511,4.0,3.0,3.9881796690307327,10.731896961063628,3.0,3.0,3.520094562647754,5.732579534662868,0.061465721040189124,0.3843186134852801,0.01182033096926714,0.28347578347578345,0.15993428078534463,0.041697850956912225,-0.023320294804053593,-0.024904501067069013,0.05719762928357966,0.0032055550000222865,0.004728132387706856,0.002364066193853428,0.016548463356973995,0.07092198581560284,0.32860520094562645,0.2647754137115839,0.21749408983451538,0.0851063829787234,0.009456264775413711,0.0,0.0005934718100890207,0.0002967359050445104,0.0020777678836449986,0.008902077151335312,0.04125853368952211,0.03323442136498516,0.027299703264094956,0.01068566340160285,0.0011869436201780415,0.0,0.004728132387706856,0.004728132387706856,0.004728132387706856,0.10401891252955082,0.27423167848699764,0.28132387706855794,0.2222222222222222,0.09929078014184398,0.004728132387706856,0.0,0.0005934718100890207,0.0005934718100890207,0.0005936479667557139,0.013056379821958458,0.034431582071831404,0.03531157270029674,0.027893175074183978,0.012466607301869992,0.0005934718100890207,0.0,0.004728132387706856,0.014184397163120567,0.12293144208037825,0.08274231678486997,0.13947990543735225,0.1347517730496454,0.10638297872340426,0.13947990543735225,0.1111111111111111,0.14420803782505912,0.2534124629080119,0.257566765578635,0.24072425051944196,0.17537091988130563,0.2341941228851291,0.2551928783382789,0.27804154302670625,0.25081626595428913,0.20919881305637983,0.22172751558325912,0.2602373887240356,0.24955489614243323,0.2425051944197091,0.17893175074183976,0.23656871475215197,0.27804154302670625,0.25281899109792283,0.24487978628673196,0.2195845697329377,0.21311962006530127,1,1,0.0,0.0
email-Enron,real,resmatch,lspar,0.5,1.0,,100,13.0,180811,33696,195,371,hungarian,0.2511870845204179,0.8278133903133903,264,0.007834757834757835,0.11363636363636363,0.11363636363636363,0.11363636363636363,0.056818181818181816,0.1893939393939394,1.1553030303030303,4.0,3.0,4.757575757575758,10.731896961063628,4.0,3.0,4.0643939393939394,5.732579534662868,0.06818181818181818,0.3843186134852801,0.030303030303030304,0.28347578347578345,0.17740961740961741,0.10689812699862952,-0.15499493696380484,-0.14648463223919492,0.18223920959678033,0.0036913219992129598,0.015151515151515152,0.007575757575757576,0.007575757575757576,0.06818181818181818,0.22348484848484848,0.20833333333333334,0.24621212121212122,0.20075757575757575,0.01893939393939394,0.003787878787878788,0.0011869436201780415,0.0005934718100890207,0.0005936479667557139,0.005341246290801187,0.01751261501929356,0.016320474777448073,0.019287833827893175,0.015731671119026416,0.001483679525222552,0.00029682398337785694,0.011363636363636364,0.011363636363636364,0.007575757575757576,0.05303030303030303,0.2159090909090909,0.23106060606060605,0.24621212121212122,0.21212121212121213,0.007575757575757576,0.003787878787878788,0.0008902077151335311,0.0008902077151335311,0.0005936479667557139,0.004154302670623145,0.016918967052537846,0.018100890207715135,0.019287833827893175,0.01662214306915999,0.0005934718100890207,0.00029682398337785694,0.007575757575757576,0.030303030303030304,0.1553030303030303,0.08333333333333333,0.12121212121212122,0.14015151515151514,0.125,0.10606060606060606,0.10227272727272728,0.12878787878787878,0.3376854599406528,0.3456973293768546,0.3265063817156426,0.22789317507418397,0.25883051350549124,0.22551928783382788,0.24480712166172106,0.24013060255268626,0.2172106824925816,0.0875630750964678,0.3373887240356083,0.35074183976261125,0.3190857821311962,0.22166172106824925,0.2413178984861977,0.23204747774480713,0.24183976261127596,0.22825764321757197,0.2083086053412463,0.13119620065301277,1,1,0.0,0.0
email-Enron,real,resmatch,lspar,0.5,1.0,,101,13.0,180811,33696,195,372,hungarian,0.2538283475783476,0.8235695631528965,259,0.007686372269705603,0.15444015444015444,0.13513513513513511,0.15444015444015444,0.11583011583011582,0.21235521235521235,1.196911196911197,4.0,3.0,4.444015444015444,10.731896961063628,3.0,3.0,3.806949806949807,5.732579534662868,0.09652509652509653,0.3843186134852801,0.04633204633204633,0.28347578347578345,0.2511590465258419,0.1634426961060127,-0.16122718367473965,-0.1508367588465144,0.19173634396820488,0.0038365610016626306,0.015444015444015444,0.015444015444015444,0.019305019305019305,0.08494208494208494,0.24324324324324326,0.22007722007722008,0.2084942084942085,0.16602316602316602,0.023166023166023165,0.003861003861003861,0.0011869436201780415,0.0011869436201780415,0.0014841199168892847,0.006528189910979229,0.018699910952804988,0.01691394658753709,0.016023738872403562,0.012763431285247848,0.0017804154302670622,0.00029682398337785694,0.015444015444015444,0.015444015444015444,0.011583011583011582,0.08494208494208494,0.21621621621621623,0.22393822393822393,0.22007722007722008,0.1891891891891892,0.019305019305019305,0.003861003861003861,0.0011869436201780415,0.0011869436201780415,0.0008904719501335708,0.006528189910979229,0.01662214306915999,0.017210682492581602,0.01691394658753709,0.014544375185514989,0.001483679525222552,0.00029682398337785694,0.023166023166023165,0.019305019305019305,0.138996138996139,0.10038610038610038,0.11196911196911197,0.1583011583011583,0.10424710424710425,0.10424710424710425,0.11583011583011583,0.12355212355212356,0.34540059347181007,0.35281899109792286,0.3327396853665776,0.2311572700296736,0.2632828732561591,0.2258160237388724,0.2397626112759644,0.2330068269516177,0.22136498516320474,0.09290590679726922,0.34599406528189913,0.3548961424332344,0.3226476699317305,0.22611275964391692,0.2460670822202434,0.2344213649851632,0.23709198813056379,0.22499257940041556,0.20801186943620179,0.13802315227070347,1,1,0.0,0.0
email-Enron,real,resmatch,lspar,0.5,1.0,,102,13.0,180811,33696,195,372,hungarian,0.2579534662867996,0.8188509021842355,250,0.007419278252611586,0.18000000000000002,0.08,0.18000000000000002,0.08,0.18000000000000002,1.18,4.0,3.0,4.428,10.731896961063628,4.0,3.0,3.828,5.732579534662868,0.108,0.3843186134852801,0.052,0.28347578347578345,0.28101683397683397,0.18343718592964825,-0.16221636207711024,-0.1513312893288108,0.19984827039108838,0.00428844999987632,0.02,0.016,0.024,0.108,0.176,0.2,0.244,0.196,0.016,0.0,0.001483679525222552,0.0011869436201780415,0.0017809439002671415,0.008011869436201781,0.013060255268625705,0.01483679525222552,0.018100890207715135,0.014544375185514989,0.0011869436201780415,0.0,0.016,0.02,0.012,0.072,0.196,0.216,0.232,0.22,0.016,0.0,0.0011869436201780415,0.001483679525222552,0.0008904719501335708,0.005341246290801187,0.014544375185514989,0.016023738872403562,0.017210682492581602,0.016325319085782133,0.0011869436201780415,0.0,0.008,0.028,0.128,0.088,0.136,0.132,0.124,0.12,0.112,0.124,0.3433234421364985,0.3572700296735905,0.3363015731671119,0.23323442136498515,0.27248441674087265,0.23590504451038577,0.2507418397626113,0.24784802612051055,0.22136498516320474,0.08103294746215495,0.34599406528189913,0.36172106824925815,0.3229444939151083,0.22967359050445105,0.25823686553873554,0.23620178041543027,0.24807121661721068,0.2362718907687741,0.21305637982195846,0.12733748886910062,1,1,0.0,0.0
email-Enron,real,resmatch,lspar,0.2,1.0,,100,320.0,180811,33696,195,5634,hungarian,0.10832146248812916,0.9314161918328585,14587,0.4329000474833808,0.5210118598752314,1.5729759374785768,0.5076437924179064,1.4451223692328785,1.4804277781586344,0.791800918626174,5.0,3.0,14.571262082676355,10.731896961063628,4.0,3.0,8.341468430794544,5.732579534662868,0.2335641324466991,0.3843186134852801,0.14691163364639748,0.28347578347578345,0.6077356762103454,0.5182510895465882,-0.1572807458708143,-0.1474863764837896,0.0982408995264028,0.011149935999128502,0.051826969219167754,0.05237540275587852,0.05751696716254199,0.08843490779461165,0.10550490162473435,0.1091382738054432,0.11098923699184206,0.10961815315006512,0.12504284637005553,0.18955234112565983,0.22433234421364986,0.22670623145400592,0.24903532205402196,0.3827893175074184,0.4568121104185218,0.47240356083086055,0.4804154302670623,0.4746215494211932,0.5412462908011869,0.8207183140397745,0.05107287310619044,0.050455885377390826,0.05936793034894084,0.09117707547816549,0.1037910468225132,0.12031260711592513,0.12038116130801399,0.11441694659628436,0.12140947418934668,0.16761499965722904,0.22106824925816024,0.21839762611275965,0.2570495696052241,0.39465875370919884,0.4493915108340754,0.5207715133531158,0.5210682492581602,0.4953992282576432,0.5255192878338278,0.7257346393588602,0.14698018783848632,0.14910536779324055,0.1353945293754713,0.0928223760882978,0.07952286282306163,0.07849454994172894,0.07678069513950778,0.08253924727497086,0.07986563378350586,0.07849454994172894,0.20178041543026706,0.2086053412462908,0.1792816859602256,0.07091988130563798,0.12763431285247848,0.10059347181008903,0.07655786350148368,0.06589492430988424,0.04688427299703264,0.0050460077174235675,0.19821958456973293,0.20415430267062315,0.18314039774413773,0.07270029673590504,0.11071534579994063,0.09851632047477744,0.07270029673590504,0.07776788364499852,0.04718100890207715,0.01810626298604927,1,1,0.0,0.0
email-Enron,real,resmatch,lspar,0.2,1.0,,101,320.0,180811,33696,195,5635,hungarian,0.10841049382716049,0.9316239316239316,14594,0.4331077872744539,0.5231602028230778,1.5773605591338906,0.5104837604494997,1.4495683157461972,1.4834863642592846,0.7917637385226806,5.0,3.0,14.650130190489243,10.731896961063628,4.0,3.0,8.363094422365355,5.732579534662868,0.23379471015485817,0.3843186134852801,0.14814307249554612,0.28347578347578345,0.6083356411874982,0.5225951602606703,-0.16064425190520776,-0.15114700009600537,0.10061528587731453,0.011195347000466427,0.05187063176647937,0.05276140879813622,0.05865424146909689,0.08757023434288064,0.10572838152665479,0.10936001096340962,0.11079895847608606,0.10778402083047828,0.1250513909825956,0.19042072084418254,0.22462908011869437,0.228486646884273,0.25408132977144554,0.3792284866468843,0.45799940635203323,0.47359050445103856,0.4798219584569733,0.46690412585336893,0.5415430267062314,0.8248738498070645,0.05111689735507743,0.05097985473482253,0.05961353981088118,0.09044812936823352,0.10497464711525284,0.12052898451418391,0.11984377141290942,0.11258051253939975,0.12066602713443882,0.1692476360148006,0.22136498516320474,0.22077151335311573,0.25823686553873554,0.3916913946587537,0.4547343425348768,0.5219584569732938,0.5189910979228487,0.4876818046898189,0.5225519287833827,0.7331552389433066,0.14821159380567356,0.14848567904618337,0.1340276826092915,0.0931889817733315,0.08112923119090037,0.07818281485542003,0.07722351651363574,0.08119775250102781,0.07948471974784158,0.07886802795669454,0.20148367952522256,0.21008902077151334,0.18165627782724844,0.07388724035608309,0.12377560106856635,0.1029673590504451,0.07893175074183977,0.06292668447610567,0.04302670623145401,0.005342831700801425,0.19910979228486647,0.2050445103857567,0.18492134164440488,0.07566765578635015,0.10893440189967349,0.09762611275964392,0.0771513353115727,0.07212822796081923,0.04688427299703264,0.01662214306915999,1,1,0.0,0.0
email-Enron,real,resmatch,lspar,0.2,1.0,,102,320.0,180811,33696,195,5638,hungarian,0.10849952516619184,0.9304368471035138,14645,0.4346213200379867,0.5230454079890747,1.5609423011266643,0.5087060430180949,1.4376920450665756,1.488904062820075,0.7968589962444519,5.0,3.0,14.583065892796176,10.731896961063628,4.0,3.0,8.325230454079891,5.732579534662868,0.23420962785933766,0.3843186134852801,0.14769545920109253,0.28347578347578345,0.6094152602585515,0.5210161425083767,-0.15767654054142927,-0.1491680561023752,0.0986365473997955,0.011215964001166867,0.051416865824513484,0.053192215773301466,0.05790372140662342,0.08869921474906112,0.10686241037896893,0.11048139296688289,0.1100716968248549,0.1091840218504609,0.12331853875042677,0.1888699214749061,0.22344213649851632,0.2311572700296736,0.25170673790442266,0.38545994065281897,0.4645295339863461,0.4801186943620178,0.47833827893175074,0.4746215494211932,0.5359050445103858,0.8210151380231523,0.05100716968248549,0.05073403892113349,0.059337657903721405,0.09170365312393308,0.10570160464322294,0.1201092523045408,0.1199044042335268,0.11396381017412086,0.1200409696142028,0.16749743939911232,0.22166172106824925,0.22047477744807123,0.25794004155535766,0.3985163204747775,0.4594835262689225,0.5219584569732938,0.5210682492581602,0.4953992282576432,0.5216617210682493,0.728109231225883,0.14796858996244452,0.1498122226015705,0.13171730966200068,0.09409354728576307,0.0800273130761352,0.0794810515534312,0.07695459201092524,0.0805735745988392,0.0801638784568112,0.07920792079207921,0.20059347181008902,0.20771513353115728,0.1798753339269813,0.07359050445103858,0.12733748886910062,0.10118694362017804,0.07952522255192879,0.06500445235975066,0.045103857566765576,0.0050460077174235675,0.19792284866468843,0.2026706231454006,0.1834372217275156,0.07477744807121661,0.11249628970020778,0.09940652818991098,0.07774480712166172,0.0750964677945978,0.042136498516320474,0.0192935589195607,1,1,0.0,0.0
email-Enron,null,jitter,,1.0,1.0,,101,1.0,180811,33696,141,141,hungarian,0.11897554605887939,0.1636692782526116,235,0.006974121557454891,3.340425531914893,0.0,3.4042553191489358,0.0,0.0,2.6382978723404253,1.0,3.0,1.004255319148936,10.731896961063628,1.0,3.0,1.0,5.487149810066477,1.0,0.3843186134852801,1.0,0.28662155745489076,2.602007722007722,3.488921101677366,-0.0521211758222626,-0.05231820705395883,0.050463747104791803,0.003151281998725608,0.33191489361702126,0.33617021276595743,0.33191489361702126,0.0,0.0,0.0,0.0,0.0,0.0,0.0,0.02314540059347181,0.02344213649851632,0.02315227070347284,0.0,0.0,0.0,0.0,0.0,0.0,0.0,0.3446808510638298,0.33617021276595743,0.3148936170212766,0.00425531914893617,0.0,0.0,0.0,0.0,0.0,0.0,0.024035608308605343,0.02344213649851632,0.021964974769961412,0.0002967359050445104,0.0,0.0,0.0,0.0,0.0,0.0,0.0,0.0,0.0,0.0,0.0,0.0,0.10638297872340426,0.3659574468085106,0.23404255319148937,0.2936170212765957,0.1540059347181009,0.1543026706231454,0.15969130305728702,0.1225519287833828,0.0943900267141585,0.09406528189910979,0.09910979228486647,0.10299792223211636,0.0970326409495549,0.11160581775007421,0.15994065281899109,0.1572700296735905,0.1481151677055506,0.11602373887240357,0.10804392994953993,0.09376854599406528,0.09821958456973294,0.09824873849807064,0.0973293768545994,0.11279311368358563,1,1,0.0,0.0
email-Enron,null,jitter,,1.0,1.0,,102,1.0,180811,33696,141,147,hungarian,0.12856125356125356,0.17883428300094967,243,0.007211538461538462,3.3127572016460904,0.0,3.3539094650205756,0.0,0.0,2.592592592592592,1.0,3.0,1.037037037037037,10.731896961063628,1.0,3.0,1.0123456790123457,5.487149810066477,0.9835390946502057,0.3843186134852801,0.9876543209876543,0.28662155745489076,2.559176319176319,3.4458480016566577,-0.035994297221510235,-0.04005033383156309,0.051652334853858964,0.0030435830012720544,0.3333333333333333,0.3292181069958848,0.3292181069958848,0.00823045267489712,0.0,0.0,0.0,0.0,0.0,0.0,0.024035608308605343,0.02373887240356083,0.023745918670228554,0.0005934718100890207,0.0,0.0,0.0,0.0,0.0,0.0,0.3374485596707819,0.3333333333333333,0.30864197530864196,0.00823045267489712,0.00823045267489712,0.00411522633744856,0.0,0.0,0.0,0.0,0.02433234421364985,0.024035608308605343,0.02226179875333927,0.0005934718100890207,0.0005936479667557139,0.0002967359050445104,0.0,0.0,0.0,0.0,0.0,0.0,0.0,0.0,0.0,0.0,0.1111111111111111,0.37037037037037035,0.2345679012345679,0.2839506172839506,0.16083086053412463,0.15816023738872403,0.161769070940932,0.12700296735905045,0.09676461858118136,0.10474777448071217,0.10356083086053412,0.10863757791629564,0.11335311572700296,0.15078658355595131,0.15845697329376854,0.16706231454005935,0.15939447907390916,0.1201780415430267,0.10566933808251706,0.10415430267062314,0.10593471810089021,0.10092015434847136,0.1142433234421365,0.1495992876224399,1,1,0.0,0.0
email-Enron,null,dspar,dspar,0.5,0.500489,200,300,1.0,90494,33696,141,152,hungarian,0.10974596391263058,0.1629867046533713,235,0.006974121557454891,3.340425531914893,0.0,3.4042553191489358,0.0,0.0,2.6382978723404253,1.0,3.0,1.004255319148936,10.731896961063628,1.0,3.0,1.0,5.487149810066477,1.0,0.3843186134852801,1.0,0.28662155745489076,2.602007722007722,3.488921101677366,-0.06231157475545786,-0.06171739831870203,0.0633246517456098,0.0031284969991247635,0.33191489361702126,0.33617021276595743,0.33191489361702126,0.0,0.0,0.0,0.0,0.0,0.0,0.0,0.02314540059347181,0.02344213649851632,0.02315227070347284,0.0,0.0,0.0,0.0,0.0,0.0,0.0,0.3446808510638298,0.33617021276595743,0.3148936170212766,0.00425531914893617,0.0,0.0,0.0,0.0,0.0,0.0,0.024035608308605343,0.02344213649851632,0.021964974769961412,0.0002967359050445104,0.0,0.0,0.0,0.0,0.0,0.0,0.0,0.0,0.0,0.0,0.0,0.0,0.10638297872340426,0.3659574468085106,0.23404255319148937,0.2936170212765957,0.14451038575667655,0.15548961424332344,0.1570198872068863,0.09762611275964392,0.09409320273078065,0.09258160237388724,0.08605341246290801,0.09142178688037994,0.0830860534124629,0.09557732264766994,0.15311572700296736,0.15044510385756676,0.14841199168892846,0.10445103857566766,0.0964677945978035,0.09554896142433235,0.08219584569732938,0.08875037102997922,0.08130563798219585,0.09676461858118136,1,1,0.0,0.0
email-Enron,null,dspar,dspar,0.5,0.500489,200,301,1.0,90494,33696,141,147,hungarian,0.11090337132003798,0.1586241690408357,235,0.006974121557454891,3.340425531914893,0.0,3.4042553191489358,0.0,0.0,2.6382978723404253,1.0,3.0,1.004255319148936,10.731896961063628,1.0,3.0,1.0,5.487149810066477,1.0,0.3843186134852801,1.0,0.28662155745489076,2.602007722007722,3.488921101677366,-0.06389431304625079,-0.06339957704784326,0.06381833080401719,0.0031356629988295026,0.33191489361702126,0.33617021276595743,0.33191489361702126,0.0,0.0,0.0,0.0,0.0,0.0,0.0,0.02314540059347181,0.02344213649851632,0.02315227070347284,0.0,0.0,0.0,0.0,0.0,0.0,0.0,0.3446808510638298,0.33617021276595743,0.3148936170212766,0.00425531914893617,0.0,0.0,0.0,0.0,0.0,0.0,0.024035608308605343,0.02344213649851632,0.021964974769961412,0.0002967359050445104,0.0,0.0,0.0,0.0,0.0,0.0,0.0,0.0,0.0,0.0,0.0,0.0,0.10638297872340426,0.3659574468085106,0.23404255319148937,0.2936170212765957,0.15637982195845698,0.14896142433234422,0.14900563965568417,0.10801186943620178,0.09884238646482636,0.09762611275964392,0.08753709198813056,0.0813297714455328,0.08516320474777449,0.09617097061442564,0.14807121661721068,0.1516320474777448,0.14989611160581776,0.11364985163204748,0.10834075393291778,0.09554896142433235,0.08249258160237388,0.08043929949539923,0.07922848664688427,0.09973285841495994,1,1,0.0,0.0
email-Enron,null,dspar,dspar,0.5,0.500489,200,302,1.0,90494,33696,141,151,hungarian,0.10882597340930675,0.1639957264957265,235,0.006974121557454891,3.340425531914893,0.0,3.4042553191489358,0.0,0.0,2.6382978723404253,1.0,3.0,1.004255319148936,10.731896961063628,1.0,3.0,1.0,5.487149810066477,1.0,0.3843186134852801,1.0,0.28662155745489076,2.602007722007722,3.488921101677366,-0.0716106503146305,-0.07101635644009689,0.06174132626592786,0.0032143690004886594,0.33191489361702126,0.33617021276595743,0.33191489361702126,0.0,0.0,0.0,0.0,0.0,0.0,0.0,0.02314540059347181,0.02344213649851632,0.02315227070347284,0.0,0.0,0.0,0.0,0.0,0.0,0.0,0.3446808510638298,0.33617021276595743,0.3148936170212766,0.00425531914893617,0.0,0.0,0.0,0.0,0.0,0.0,0.024035608308605343,0.02344213649851632,0.021964974769961412,0.0002967359050445104,0.0,0.0,0.0,0.0,0.0,0.0,0.0,0.0,0.0,0.0,0.0,0.0,0.10638297872340426,0.3659574468085106,0.23404255319148937,0.2936170212765957,0.15014836795252226,0.15222551928783382,0.1537548233897299,0.11394658753709198,0.09320273078064707,0.10029673590504451,0.08338278931750742,0.07865835559513208,0.0712166172106825,0.09142178688037994,0.1516320474777448,0.15637982195845698,0.14663104778866132,0.11572700296735905,0.09795191451469279,0.09109792284866469,0.08724035608308606,0.07984565152864351,0.07032640949554896,0.09142178688037994,1,1,0.0,0.0
email-Enron,null,dspar,dspar,0.5,0.500926,201,300,1.0,90573,33696,141,151,hungarian,0.11888651471984805,0.16082027540360874,235,0.006974121557454891,3.340425531914893,0.0,3.4042553191489358,0.0,0.0,2.6382978723404253,1.0,3.0,1.004255319148936,10.731896961063628,1.0,3.0,1.0,5.487149810066477,1.0,0.3843186134852801,1.0,0.28662155745489076,2.602007722007722,3.488921101677366,-0.06923517766427416,-0.07329194826043825,0.06975483983101881,0.0033002309974108357,0.33191489361702126,0.33617021276595743,0.33191489361702126,0.0,0.0,0.0,0.0,0.0,0.0,0.0,0.02314540059347181,0.02344213649851632,0.02315227070347284,0.0,0.0,0.0,0.0,0.0,0.0,0.0,0.3446808510638298,0.33617021276595743,0.3148936170212766,0.00425531914893617,0.0,0.0,0.0,0.0,0.0,0.0,0.024035608308605343,0.02344213649851632,0.021964974769961412,0.0002967359050445104,0.0,0.0,0.0,0.0,0.0,0.0,0.0,0.0,0.0,0.0,0.0,0.0,0.10638297872340426,0.3659574468085106,0.23404255319148937,0.2936170212765957,0.16676557863501484,0.1658753709198813,0.1585040071237756,0.12195845697329377,0.09973285841495994,0.09762611275964392,0.09495548961424333,0.09112496289700207,0.09258160237388724,0.09973285841495994,0.16142433234421366,0.16706231454005935,0.1662214306915999,0.12077151335311573,0.10537251409913921,0.09614243323442137,0.0970326409495549,0.08489165924606708,0.09020771513353115,0.09973285841495994,1,1,0.0,0.0
email-Enron,null,dspar,dspar,0.5,0.500926,201,301,1.0,90573,33696,141,153,hungarian,0.10140669515669516,0.16452991452991453,235,0.006974121557454891,3.340425531914893,0.0,3.4042553191489358,0.0,0.0,2.6382978723404253,1.0,3.0,1.004255319148936,10.731896961063628,1.0,3.0,1.0,5.487149810066477,1.0,0.3843186134852801,1.0,0.28662155745489076,2.602007722007722,3.488921101677366,-0.05291423313571493,-0.05350667736524821,0.05412246235311838,0.00320119999742019,0.33191489361702126,0.33617021276595743,0.33191489361702126,0.0,0.0,0.0,0.0,0.0,0.0,0.0,0.02314540059347181,0.02344213649851632,0.02315227070347284,0.0,0.0,0.0,0.0,0.0,0.0,0.0,0.3446808510638298,0.33617021276595743,0.3148936170212766,0.00425531914893617,0.0,0.0,0.0,0.0,0.0,0.0,0.024035608308605343,0.02344213649851632,0.021964974769961412,0.0002967359050445104,0.0,0.0,0.0,0.0,0.0,0.0,0.0,0.0,0.0,0.0,0.0,0.0,0.10638297872340426,0.3659574468085106,0.23404255319148937,0.2936170212765957,0.14480712166172108,0.13026706231454005,0.14010092015434847,0.0970326409495549,0.08281389136242208,0.07952522255192879,0.0830860534124629,0.08103294746215495,0.07922848664688427,0.09617097061442564,0.13916913946587536,0.14332344213649853,0.12882160878598992,0.09851632047477744,0.08251706737904423,0.08813056379821958,0.0827893175074184,0.0750964677945978,0.07448071216617211,0.10121697833184921,1,1,0.0,0.0
email-Enron,null,dspar,dspar,0.5,0.500926,201,302,1.0,90573,33696,141,151,hungarian,0.10119895536562203,0.15313390313390313,235,0.006974121557454891,3.340425531914893,0.0,3.4042553191489358,0.0,0.0,2.6382978723404253,1.0,3.0,1.004255319148936,10.731896961063628,1.0,3.0,1.0,5.487149810066477,1.0,0.3843186134852801,1.0,0.28662155745489076,2.602007722007722,3.488921101677366,-0.06439054637632526,-0.0631043678339101,0.059069323226638146,0.0032202709990087897,0.33191489361702126,0.33617021276595743,0.33191489361702126,0.0,0.0,0.0,0.0,0.0,0.0,0.0,0.02314540059347181,0.02344213649851632,0.02315227070347284,0.0,0.0,0.0,0.0,0.0,0.0,0.0,0.3446808510638298,0.33617021276595743,0.3148936170212766,0.00425531914893617,0.0,0.0,0.0,0.0,0.0,0.0,0.024035608308605343,0.02344213649851632,0.021964974769961412,0.0002967359050445104,0.0,0.0,0.0,0.0,0.0,0.0,0.0,0.0,0.0,0.0,0.0,0.0,0.10638297872340426,0.3659574468085106,0.23404255319148937,0.2936170212765957,0.14510385756676558,0.13590504451038576,0.14455327990501632,0.09584569732937685,0.0902344909468685,0.09109792284866469,0.0768545994065282,0.07094093202730781,0.07626112759643917,0.08518848322944494,0.13620178041543027,0.14540059347181009,0.14217868803799347,0.1,0.09528049866429207,0.08338278931750742,0.07507418397626113,0.0730186999109528,0.07744807121661722,0.0840011872959335,1,1,0.0,0.0
email-Enron,null,lspar,lspar,0.5,0.501164,,300,1.0,90616,33696,141,169,hungarian,0.08588556505223172,0.17209757834757836,247,0.0073302469135802465,3.319838056680162,0.0,3.360323886639676,0.0,0.0,2.591093117408907,1.0,3.0,1.0364372469635628,10.731896961063628,1.0,3.0,1.0,5.487149810066477,0.9838056680161943,0.3843186134852801,1.0,0.28662155745489076,2.5598699451331033,3.488921101677366,-0.07032638013610451,-0.07299782534594967,0.06361856914398724,0.003544371997122653,0.32793522267206476,0.3360323886639676,0.3360323886639676,0.0,0.0,0.0,0.0,0.0,0.0,0.0,0.024035608308605343,0.02462908011869436,0.024636390620362124,0.0,0.0,0.0,0.0,0.0,0.0,0.0,0.340080971659919,0.3319838056680162,0.3076923076923077,0.004048582995951417,0.016194331983805668,0.0,0.0,0.0,0.0,0.0,0.024925816023738872,0.02433234421364985,0.022558622736717125,0.0002967359050445104,0.0011872959335114278,0.0,0.0,0.0,0.0,0.0,0.0,0.0,0.0,0.0,0.0,0.0,0.10526315789473684,0.3765182186234818,0.22672064777327935,0.291497975708502,0.1281899109792285,0.1406528189910979,0.12525972098545562,0.08605341246290801,0.06856634016028496,0.06587537091988131,0.06112759643916914,0.05758385277530424,0.057566765578635014,0.06797269219352924,0.13026706231454005,0.13471810089020772,0.13000890471950133,0.08516320474777449,0.07034728406055209,0.06706231454005934,0.06528189910979229,0.05461561294152568,0.05400593471810089,0.06737904422677353,1,1,0.0,0.0
email-Enron,null,lspar,lspar,0.5,0.501164,,301,1.0,90616,33696,141,169,hungarian,0.09280033238366572,0.17191951566951566,247,0.0073302469135802465,3.319838056680162,0.0,3.360323886639676,0.0,0.0,2.591093117408907,1.0,3.0,1.0364372469635628,10.731896961063628,1.0,3.0,1.0,5.487149810066477,0.9838056680161943,0.3843186134852801,1.0,0.28662155745489076,2.5598699451331033,3.488921101677366,-0.0680506121590965,-0.0677533477840519,0.059663235428393954,0.003377010001713643,0.32793522267206476,0.3360323886639676,0.3360323886639676,0.0,0.0,0.0,0.0,0.0,0.0,0.0,0.024035608308605343,0.02462908011869436,0.024636390620362124,0.0,0.0,0.0,0.0,0.0,0.0,0.0,0.340080971659919,0.3319838056680162,0.3076923076923077,0.004048582995951417,0.016194331983805668,0.0,0.0,0.0,0.0,0.0,0.024925816023738872,0.02433234421364985,0.022558622736717125,0.0002967359050445104,0.0011872959335114278,0.0,0.0,0.0,0.0,0.0,0.0,0.0,0.0,0.0,0.0,0.0,0.10526315789473684,0.3765182186234818,0.22672064777327935,0.291497975708502,0.14451038575667655,0.12997032640949555,0.13683585633719206,0.09584569732937685,0.07806470762837638,0.07091988130563798,0.06468842729970327,0.058771148708815675,0.06201780415430267,0.08637577916295637,0.14391691394658754,0.13916913946587536,0.12704066488572277,0.10178041543026706,0.07687741169486495,0.06973293768545995,0.06261127596439169,0.056396556841792816,0.06617210682492582,0.08429801127931137,1,1,0.0,0.0
email-Enron,null,lspar,lspar,0.5,0.501164,,302,1.0,90616,33696,141,168,hungarian,0.09410612535612535,0.1752136752136752,247,0.0073302469135802465,3.319838056680162,0.0,3.360323886639676,0.0,0.0,2.591093117408907,1.0,3.0,1.0364372469635628,10.731896961063628,1.0,3.0,1.0,5.487149810066477,0.9838056680161943,0.3843186134852801,1.0,0.28662155745489076,2.5598699451331033,3.488921101677366,-0.06992970468215612,-0.07171094217686776,0.060749857826890255,0.0033398039995518047,0.32793522267206476,0.3360323886639676,0.3360323886639676,0.0,0.0,0.0,0.0,0.0,0.0,0.0,0.024035608308605343,0.02462908011869436,0.024636390620362124,0.0,0.0,0.0,0.0,0.0,0.0,0.0,0.340080971659919,0.3319838056680162,0.3076923076923077,0.004048582995951417,0.016194331983805668,0.0,0.0,0.0,0.0,0.0,0.024925816023738872,0.02433234421364985,0.022558622736717125,0.0002967359050445104,0.0011872959335114278,0.0,0.0,0.0,0.0,0.0,0.0,0.0,0.0,0.0,0.0,0.0,0.10526315789473684,0.3765182186234818,0.22672064777327935,0.291497975708502,0.14718100890207717,0.1370919881305638,0.13327396853665777,0.09376854599406528,0.08043929949539923,0.0768545994065282,0.06468842729970327,0.06797269219352924,0.06379821958456973,0.07598693974473138,0.13798219584569732,0.1427299703264095,0.13802315227070347,0.09821958456973294,0.0840011872959335,0.07566765578635015,0.06083086053412463,0.06233303650934995,0.06320474777448071,0.07806470762837638,1,1,0.0,0.0
email-Enron,null,lspar,lspar,0.2,0.170659,,300,1.0,30857,33696,141,2918,hungarian,0.04131054131054131,0.38443732193732194,8012,0.2377730294396961,0.9148776834747879,0.9729156265601598,0.8624563155267098,1.0084872690963553,0.8780579131303046,0.9392161757363954,4.0,3.0,6.525212181727409,10.731896961063628,3.0,3.0,4.723664503245132,5.487149810066477,0.35022466300549177,0.3843186134852801,0.26397903145282076,0.28662155745489076,0.9112872775778418,0.9210020132360995,-0.07567296984579538,-0.07666217760761045,0.0654946082848242,0.00898033200064674,0.08936595107338992,0.09360958562156765,0.0972291562656016,0.11495257114328507,0.10871193210184722,0.10671492760858713,0.10222166749875188,0.09261108337493759,0.11357963055416875,0.08100349475786321,0.21246290801186943,0.22255192878338279,0.23122588305135056,0.2732937685459941,0.25853368952211336,0.25370919881305637,0.243026706231454,0.22024339566636983,0.27002967359050445,0.19263876521222914,0.08899151273090364,0.08349975037443834,0.09211183225162256,0.10309535696455317,0.10521717423864203,0.11520219670494258,0.10546679980029955,0.10471792311532702,0.11857214178731902,0.08312531203195207,0.21157270029673592,0.19851632047477744,0.21905609973285842,0.2451038575667656,0.25022261798753337,0.2738872403560831,0.2507418397626113,0.24903532205402196,0.2818991097922849,0.19768477292965272,0.08462306540189715,0.09098851722416375,0.08512231652521218,0.1053419870194708,0.09685471792311533,0.11894658012980529,0.12543684473290065,0.10484273589615577,0.08899151273090364,0.09885172241637544,0.09258160237388724,0.09109792284866469,0.08578213119620065,0.04183976261127596,0.023745918670228554,0.020771513353115726,0.01483679525222552,0.01543484713564856,0.010385756676557863,0.01662214306915999,0.09198813056379822,0.09287833827893176,0.08637577916295637,0.04362017804154303,0.02404274265360641,0.019584569732937686,0.013353115727002967,0.014841199168892847,0.009495548961424332,0.016918967052537846,1,1,0.0,0.0
email-Enron,null,lspar,lspar,0.2,0.170659,,301,1.0,30857,33696,141,2918,hungarian,0.040657644824311494,0.38553537511870845,8012,0.2377730294396961,0.9148776834747879,0.9729156265601598,0.8624563155267098,1.0084872690963553,0.8780579131303046,0.9392161757363954,4.0,3.0,6.525212181727409,10.731896961063628,3.0,3.0,4.723664503245132,5.487149810066477,0.35022466300549177,0.3843186134852801,0.26397903145282076,0.28662155745489076,0.9112872775778418,0.9210020132360995,-0.07171619751742409,-0.07319999448042444,0.06143836615866019,0.00894691799840075,0.08936595107338992,0.09360958562156765,0.0972291562656016,0.11495257114328507,0.10871193210184722,0.10671492760858713,0.10222166749875188,0.09261108337493759,0.11357963055416875,0.08100349475786321,0.21246290801186943,0.22255192878338279,0.23122588305135056,0.2732937685459941,0.25853368952211336,0.25370919881305637,0.243026706231454,0.22024339566636983,0.27002967359050445,0.19263876521222914,0.08899151273090364,0.08349975037443834,0.09211183225162256,0.10309535696455317,0.10521717423864203,0.11520219670494258,0.10546679980029955,0.10471792311532702,0.11857214178731902,0.08312531203195207,0.21157270029673592,0.19851632047477744,0.21905609973285842,0.2451038575667656,0.25022261798753337,0.2738872403560831,0.2507418397626113,0.24903532205402196,0.2818991097922849,0.19768477292965272,0.08462306540189715,0.09098851722416375,0.08512231652521218,0.1053419870194708,0.09685471792311533,0.11894658012980529,0.12543684473290065,0.10484273589615577,0.08899151273090364,0.09885172241637544,0.08931750741839763,0.08516320474777449,0.08489165924606708,0.03946587537091988,0.025823686553873553,0.02195845697329377,0.01572700296735905,0.016918967052537846,0.010089020771513354,0.017215791035915702,0.08813056379821958,0.08931750741839763,0.08429801127931137,0.04094955489614243,0.024339566636984267,0.02225519287833828,0.015133531157270029,0.014841199168892847,0.009792284866468843,0.01751261501929356,1,1,0.0,0.0
email-Enron,null,lspar,lspar,0.2,0.170659,,302,1.0,30857,33696,141,2919,hungarian,0.042319563152896485,0.3868411680911681,8012,0.2377730294396961,0.9148776834747879,0.9729156265601598,0.8624563155267098,1.0084872690963553,0.8780579131303046,0.9392161757363954,4.0,3.0,6.525212181727409,10.731896961063628,3.0,3.0,4.723664503245132,5.487149810066477,0.35022466300549177,0.3843186134852801,0.26397903145282076,0.28662155745489076,0.9112872775778418,0.9210020132360995,-0.074782967646773,-0.07616726545253619,0.06430784082131283,0.009194908001518343,0.08936595107338992,0.09360958562156765,0.0972291562656016,0.11495257114328507,0.10871193210184722,0.10671492760858713,0.10222166749875188,0.09261108337493759,0.11357963055416875,0.08100349475786321,0.21246290801186943,0.22255192878338279,0.23122588305135056,0.2732937685459941,0.25853368952211336,0.25370919881305637,0.243026706231454,0.22024339566636983,0.27002967359050445,0.19263876521222914,0.08899151273090364,0.08349975037443834,0.09211183225162256,0.10309535696455317,0.10521717423864203,0.11520219670494258,0.10546679980029955,0.10471792311532702,0.11857214178731902,0.08312531203195207,0.21157270029673592,0.19851632047477744,0.21905609973285842,0.2451038575667656,0.25022261798753337,0.2738872403560831,0.2507418397626113,0.24903532205402196,0.2818991097922849,0.19768477292965272,0.08462306540189715,0.09098851722416375,0.08512231652521218,0.1053419870194708,0.09685471792311533,0.11894658012980529,0.12543684473290065,0.10484273589615577,0.08899151273090364,0.09885172241637544,0.0884272997032641,0.08991097922848665,0.0917186108637578,0.04154302670623145,0.024636390620362124,0.02462908011869436,0.01661721068249258,0.0192935589195607,0.009792284866468843,0.01662214306915999,0.09347181008902077,0.09347181008902077,0.08459483526268922,0.042729970326409496,0.026714158504007122,0.020771513353115726,0.018397626112759646,0.01662214306915999,0.009495548961424332,0.016918967052537846,1,1,0.0,0.0
email-Enron,null,resmatch,dspar,0.5,1.0,,100,1.125,180811,33696,141,154,hungarian,0.13980887939221273,0.1907644824311491,235,0.006974121557454891,3.340425531914893,0.0,3.4042553191489358,0.0,0.0,2.6382978723404253,1.0,3.0,1.004255319148936,10.731896961063628,1.0,3.0,1.0,5.487149810066477,1.0,0.3843186134852801,1.0,0.28662155745489076,2.602007722007722,3.488921101677366,-0.05300812463906232,-0.05350109907080294,0.07312119373152375,0.0031556020003336016,0.33191489361702126,0.33617021276595743,0.33191489361702126,0.0,0.0,0.0,0.0,0.0,0.0,0.0,0.02314540059347181,0.02344213649851632,0.02315227070347284,0.0,0.0,0.0,0.0,0.0,0.0,0.0,0.3446808510638298,0.33617021276595743,0.3148936170212766,0.00425531914893617,0.0,0.0,0.0,0.0,0.0,0.0,0.024035608308605343,0.02344213649851632,0.021964974769961412,0.0002967359050445104,0.0,0.0,0.0,0.0,0.0,0.0,0.0,0.0,0.0,0.0,0.0,0.0,0.10638297872340426,0.3659574468085106,0.23404255319148937,0.2936170212765957,0.1910979228486647,0.18160237388724035,0.18788958147818344,0.11602373887240357,0.11071534579994063,0.10534124629080119,0.10385756676557864,0.10923122588305136,0.1258160237388724,0.16651825467497774,0.18783382789317507,0.1937685459940653,0.1745325022261799,0.11632047477744807,0.11813594538438706,0.10741839762611276,0.10445103857566766,0.10774710596616206,0.1172106824925816,0.17067379044226774,1,1,0.0,0.0
email-Enron,null,resmatch,dspar,0.5,1.0,,101,1.125,180811,33696,141,156,hungarian,0.10565052231718898,0.1725130579297246,235,0.006974121557454891,3.340425531914893,0.0,3.4042553191489358,0.0,0.0,2.6382978723404253,1.0,3.0,1.004255319148936,10.731896961063628,1.0,3.0,1.0,5.487149810066477,1.0,0.3843186134852801,1.0,0.28662155745489076,2.602007722007722,3.488921101677366,-0.06656549402109593,-0.06725814203453317,0.06302718185445406,0.0032583680003881454,0.33191489361702126,0.33617021276595743,0.33191489361702126,0.0,0.0,0.0,0.0,0.0,0.0,0.0,0.02314540059347181,0.02344213649851632,0.02315227070347284,0.0,0.0,0.0,0.0,0.0,0.0,0.0,0.3446808510638298,0.33617021276595743,0.3148936170212766,0.00425531914893617,0.0,0.0,0.0,0.0,0.0,0.0,0.024035608308605343,0.02344213649851632,0.021964974769961412,0.0002967359050445104,0.0,0.0,0.0,0.0,0.0,0.0,0.0,0.0,0.0,0.0,0.0,0.0,0.10638297872340426,0.3659574468085106,0.23404255319148937,0.2936170212765957,0.1540059347181009,0.1427299703264095,0.14870881567230632,0.11038575667655787,0.09409320273078065,0.08516320474777449,0.07566765578635015,0.08073612347877708,0.07418397626112759,0.09082813891362422,0.14451038575667655,0.1540059347181009,0.14485010388839417,0.11068249258160237,0.10121697833184921,0.08041543026706231,0.07922848664688427,0.07450281982784208,0.07655786350148368,0.09053131493024637,1,1,0.0,0.0
email-Enron,null,resmatch,dspar,0.5,1.0,,102,1.125,180811,33696,141,158,hungarian,0.11873812915479583,0.18824192782526117,235,0.006974121557454891,3.340425531914893,0.0,3.4042553191489358,0.0,0.0,2.6382978723404253,1.0,3.0,1.004255319148936,10.731896961063628,1.0,3.0,1.0,5.487149810066477,1.0,0.3843186134852801,1.0,0.28662155745489076,2.602007722007722,3.488921101677366,-0.053604033283040614,-0.05528635880940408,0.060060351274009036,0.0033028249999915715,0.33191489361702126,0.33617021276595743,0.33191489361702126,0.0,0.0,0.0,0.0,0.0,0.0,0.0,0.02314540059347181,0.02344213649851632,0.02315227070347284,0.0,0.0,0.0,0.0,0.0,0.0,0.0,0.3446808510638298,0.33617021276595743,0.3148936170212766,0.00425531914893617,0.0,0.0,0.0,0.0,0.0,0.0,0.024035608308605343,0.02344213649851632,0.021964974769961412,0.0002967359050445104,0.0,0.0,0.0,0.0,0.0,0.0,0.0,0.0,0.0,0.0,0.0,0.0,0.10638297872340426,0.3659574468085106,0.23404255319148937,0.2936170212765957,0.1655786350148368,0.16023738872403562,0.1558325912733749,0.1086053412462908,0.09053131493024637,0.09673590504451039,0.08902077151335312,0.08637577916295637,0.10178041543026706,0.13268032056990206,0.15994065281899109,0.16439169139465876,0.15672306322350846,0.10741839762611276,0.10002968239833779,0.08635014836795252,0.0973293768545994,0.07954882754526565,0.10356083086053412,0.13208667260314633,1,1,0.0,0.0
email-Enron,null,resmatch,lspar,0.5,1.0,,100,1.25,180811,33696,141,164,hungarian,0.11253561253561253,0.18438390313390313,235,0.006974121557454891,3.340425531914893,0.0,3.4042553191489358,0.0,0.0,2.6382978723404253,1.0,3.0,1.004255319148936,10.731896961063628,1.0,3.0,1.0,5.487149810066477,1.0,0.3843186134852801,1.0,0.28662155745489076,2.602007722007722,3.488921101677366,-0.059639248762279176,-0.06171789742925769,0.06233562014046144,0.0032974069981719367,0.33191489361702126,0.33617021276595743,0.33191489361702126,0.0,0.0,0.0,0.0,0.0,0.0,0.0,0.02314540059347181,0.02344213649851632,0.02315227070347284,0.0,0.0,0.0,0.0,0.0,0.0,0.0,0.3446808510638298,0.33617021276595743,0.3148936170212766,0.00425531914893617,0.0,0.0,0.0,0.0,0.0,0.0,0.024035608308605343,0.02344213649851632,0.021964974769961412,0.0002967359050445104,0.0,0.0,0.0,0.0,0.0,0.0,0.0,0.0,0.0,0.0,0.0,0.0,0.10638297872340426,0.3659574468085106,0.23404255319148937,0.2936170212765957,0.16676557863501484,0.15994065281899109,0.15108340753932917,0.09762611275964392,0.09112496289700207,0.08635014836795252,0.07359050445103858,0.07954882754526565,0.10059347181008903,0.11872959335114278,0.1566765578635015,0.16439169139465876,0.15761353517364202,0.09881305637982196,0.09320273078064707,0.08931750741839763,0.07181008902077152,0.0750964677945978,0.10385756676557864,0.11457405758385278,1,1,0.0,0.0
email-Enron,null,resmatch,lspar,0.5,1.0,,101,1.25,180811,33696,141,167,hungarian,0.09826092117758785,0.18732193732193733,235,0.006974121557454891,3.340425531914893,0.0,3.4042553191489358,0.0,0.0,2.6382978723404253,1.0,3.0,1.004255319148936,10.731896961063628,1.0,3.0,1.0,5.487149810066477,1.0,0.3843186134852801,1.0,0.28662155745489076,2.602007722007722,3.488921101677366,-0.07072053067783031,-0.07052329393002295,0.06500498082975074,0.0033895779997692443,0.33191489361702126,0.33617021276595743,0.33191489361702126,0.0,0.0,0.0,0.0,0.0,0.0,0.0,0.02314540059347181,0.02344213649851632,0.02315227070347284,0.0,0.0,0.0,0.0,0.0,0.0,0.0,0.3446808510638298,0.33617021276595743,0.3148936170212766,0.00425531914893617,0.0,0.0,0.0,0.0,0.0,0.0,0.024035608308605343,0.02344213649851632,0.021964974769961412,0.0002967359050445104,0.0,0.0,0.0,0.0,0.0,0.0,0.0,0.0,0.0,0.0,0.0,0.0,0.10638297872340426,0.3659574468085106,0.23404255319148937,0.2936170212765957,0.15756676557863503,0.1400593471810089,0.13594538438705847,0.1029673590504451,0.07569011576135352,0.07655786350148368,0.07240356083086054,0.06648857227663996,0.07002967359050445,0.08489165924606708,0.13798219584569732,0.15074183976261127,0.14455327990501632,0.10178041543026706,0.07895517957850995,0.07922848664688427,0.06765578635014836,0.07123775601068566,0.06765578635014836,0.08281389136242208,1,1,0.0,0.0
email-Enron,null,resmatch,lspar,0.5,1.0,,102,1.25,180811,33696,141,169,hungarian,0.10891500474833808,0.192485754985755,235,0.006974121557454891,3.340425531914893,0.0,3.4042553191489358,0.0,0.0,2.6382978723404253,1.0,3.0,1.004255319148936,10.731896961063628,1.0,3.0,1.0,5.487149810066477,1.0,0.3843186134852801,1.0,0.28662155745489076,2.602007722007722,3.488921101677366,-0.0627060188916281,-0.06300316582889494,0.06193947315651316,0.0034276279984624125,0.33191489361702126,0.33617021276595743,0.33191489361702126,0.0,0.0,0.0,0.0,0.0,0.0,0.0,0.02314540059347181,0.02344213649851632,0.02315227070347284,0.0,0.0,0.0,0.0,0.0,0.0,0.0,0.3446808510638298,0.33617021276595743,0.3148936170212766,0.00425531914893617,0.0,0.0,0.0,0.0,0.0,0.0,0.024035608308605343,0.02344213649851632,0.021964974769961412,0.0002967359050445104,0.0,0.0,0.0,0.0,0.0,0.0,0.0,0.0,0.0,0.0,0.0,0.0,0.10638297872340426,0.3659574468085106,0.23404255319148937,0.2936170212765957,0.16112759643916913,0.1545994065281899,0.14663104778866132,0.10029673590504451,0.08904719501335707,0.09109792284866469,0.07210682492581602,0.07390917186108638,0.08545994065281899,0.11487088156723063,0.15519287833827894,0.15578635014836795,0.14989611160581776,0.10089020771513353,0.09468685069753636,0.09109792284866469,0.06973293768545995,0.07479964381121995,0.08397626112759644,0.11308993766696349,1,1,0.0,0.0
email-Enron,null,resmatch,lspar,0.2,1.0,,100,80.0,180811,33696,141,3015,hungarian,0.029291310541310542,0.5285790598290598,6459,0.19168447293447294,1.3353460287970276,1.1154977550704441,1.3283790060380862,1.0915002322340919,1.1108530732311501,1.2470970738504412,3.0,3.0,16.629818857408267,10.731896961063628,2.0,3.0,7.010218300046446,5.487149810066477,0.4892398204056356,0.3843186134852801,0.379315683542344,0.28662155745489076,1.273005790609135,1.323402492508058,-0.09071008458749542,-0.08922628762449507,0.08231187422179125,0.009869411002000561,0.13283790060380865,0.13423130515559684,0.12432265056510296,0.10806626412757393,0.08391391856324508,0.06610930484595139,0.07013469577333953,0.05728440935129277,0.05418795479176343,0.16891159622232543,0.2545994065281899,0.25727002967359053,0.2383496586524191,0.20712166172106825,0.16087859899079845,0.12670623145400595,0.13442136498516322,0.10982487384980706,0.10385756676557864,0.3238349658652419,0.1334571915157145,0.13221860969190277,0.12803839603653816,0.11038860504722094,0.08608143675491563,0.07555349125251587,0.06270320483046911,0.05325901842390463,0.05325901842390463,0.16504102802291376,0.255786350148368,0.2534124629080119,0.2454734342534877,0.21157270029673592,0.16503413475808845,0.14480712166172108,0.1201780415430267,0.10210745028198279,0.10207715133531158,0.3164143662807955,0.11209165505496207,0.110078959591268,0.08917789131444497,0.06440625483821025,0.09211952314599783,0.07416008670072767,0.08066264127573927,0.1278835733085617,0.12494194147700882,0.12447747329307943,0.09821958456973294,0.09495548961424333,0.0860789551795785,0.004451038575667656,0.0008904719501335708,0.0008902077151335311,0.0002967359050445104,0.0,0.0,0.007123775601068566,0.09169139465875371,0.09821958456973294,0.08518848322944494,0.008011869436201781,0.0011872959335114278,0.0008902077151335311,0.0002967359050445104,0.00029682398337785694,0.0,0.007123775601068566,1,1,0.0,0.0
email-Enron,null,resmatch,lspar,0.2,1.0,,101,80.0,180811,33696,141,3047,hungarian,0.029350664767331433,0.5271545584045584,7001,0.20776946818613484,1.28910155692044,1.1448364519354377,1.2769604342236822,1.1219825739180116,1.1234109412941007,1.1948293100985574,3.0,3.0,16.324953578060278,10.731896961063628,3.0,3.0,7.013855163548064,5.487149810066477,0.4776460505642051,0.3843186134852801,0.36923296671904016,0.28662155745489076,1.2428387119545525,1.2882246890209959,-0.09011661277740639,-0.08883058103221347,0.08191616762950966,0.01011190700228326,0.1294100842736752,0.1284102271104128,0.12126839022996715,0.1064133695186402,0.08370232823882302,0.0725610627053278,0.06856163405227825,0.06070561348378803,0.06284816454792172,0.16611912583916583,0.26884272997032643,0.2667655786350148,0.25200356188780054,0.22106824925816024,0.17393885425942415,0.15074183976261127,0.142433234421365,0.12615019293558918,0.13056379821958458,0.3452062926684476,0.12798171689758606,0.1274103699471504,0.12898157406084845,0.1065562062562491,0.08741608341665476,0.07541779745750607,0.0647050421368376,0.057134695043565206,0.06170547064705042,0.16269104413655192,0.2658753709198813,0.26468842729970327,0.2680320569902048,0.22136498516320474,0.18165627782724844,0.1566765578635015,0.13442136498516322,0.11872959335114278,0.1281899109792285,0.338082517067379,0.11669761462648193,0.10798457363233824,0.08984430795600629,0.06170547064705042,0.09241536923296671,0.07956006284816455,0.08255963433795172,0.13026710469932867,0.1196971861162691,0.11926867590344237,0.09762611275964392,0.09406528189910979,0.08637577916295637,0.005044510385756677,0.0011872959335114278,0.0011869436201780415,0.0002967359050445104,0.00029682398337785694,0.0002967359050445104,0.007123775601068566,0.09317507418397626,0.09643916913946587,0.08459483526268922,0.00830860534124629,0.0017809439002671415,0.0008902077151335311,0.0005934718100890207,0.00029682398337785694,0.0002967359050445104,0.007123775601068566,1,1,0.0,0.0
email-Enron,null,resmatch,lspar,0.2,1.0,,102,80.0,180811,33696,141,3028,hungarian,0.029350664767331433,0.5263829534662868,6569,0.19494895536562204,1.30689602679251,1.1287867255289998,1.3183132896940175,1.0991018419850813,1.1105191048865886,1.2338255442228647,3.0,3.0,16.456538285888264,10.731896961063628,2.0,3.0,6.995585325011417,5.487149810066477,0.4901811539047039,0.3843186134852801,0.3767696757497336,0.28662155745489076,1.2754551476426952,1.3145196721953845,-0.09011661277740639,-0.08883058103221347,0.08191616762950966,0.01001830300083384,0.12878672552899983,0.1325924798295022,0.1278733444968793,0.10899680316638757,0.08068199117065002,0.07550616532196681,0.05997868777591719,0.05982645760389709,0.060587608463997564,0.1651697366418024,0.2510385756676558,0.25845697329376854,0.2493321460373998,0.21246290801186943,0.15731671119026416,0.14718100890207717,0.1169139465875371,0.11665182546749778,0.11810089020771514,0.3220540219649748,0.1300045669051606,0.13365809103364287,0.1297001065611204,0.10991018419850815,0.08692342822347389,0.06896026792510275,0.06332775156035926,0.05769523519561577,0.055716242959354546,0.16410412543766176,0.2534124629080119,0.2605341246290801,0.25289403383793413,0.2142433234421365,0.1694864945087563,0.13442136498516322,0.12344213649851632,0.11249628970020778,0.1086053412462908,0.3199762540813298,0.11797838331557314,0.10412543766174456,0.08311767392297154,0.06332775156035926,0.09088141269599635,0.0811386816867103,0.08326990409499163,0.12939564621708022,0.12254528847617598,0.12421982036839702,0.09762611275964392,0.09406528189910979,0.08637577916295637,0.005044510385756677,0.0011872959335114278,0.0011869436201780415,0.0002967359050445104,0.00029682398337785694,0.0002967359050445104,0.007123775601068566,0.09317507418397626,0.09643916913946587,0.08459483526268922,0.00830860534124629,0.0017809439002671415,0.0008902077151335311,0.0005934718100890207,0.00029682398337785694,0.0002967359050445104,0.007123775601068566,1,1,0.0,0.0
