network,n,m,avg_deg,arm,k_convention,detector,stochastic,target_ret,realized_ret,realized_ret_std,param,status,matched,m_sparse,mst_floor,lspar_floor,ld_floor,lsim_floor,kn_ret_k1,Q_base_mean,Q_base_std,Q_base_best,nc_base,Q_sparse_on_sparse,Q_orig_mean,Q_orig_std,Q_orig_max,dQ_naive,dQ_vs_base_mean,dQ_vs_base_best,dQ_vs_matched,Q_matched_best,n_restarts,budget,nc_sparse,frag_nodes,frag_node_frac,n_frag_clusters,n_singletons,max_cluster_frac,frag_nodes_base,frag_node_frac_base,resmatch_done,nc_resmatch,gamma_resmatch,Q_resmatch,dQ_vs_resmatch,AMI,ARI,NMI,AMI_chance,avgF1_ge3,avgF1_chance,T_leiden_orig,T_sparsify,T_leiden_sparse,T_pipeline,speedup_pipeline,speedup_detect_only
email-Eu-core,986,16064,32.5841784989858,kn,nc_base,graclus,1,0.5,0.5030710491367861,0.0013412485567058706,12.5,ok,1,8081,0.06131723107569721,0.05334910358565737,0.06131723107569721,0.05341135458167331,0.060445717131474105,0.3786380987194152,0.0,0.3786380987194152,8,0.46439248202842276,0.37964283834635726,0.005122999070399313,0.38529028262572235,,0.001004739626942086,0.001004739626942086,-0.005749308077699189,0.3786380987194152,3,0.016764009022153914,8.0,0.0,0.0,0.0,0.0,0.3005409060175795,0,0.0,0,,,,,0.5498628289908921,0.24671601137014088,0.5599249137186116,-0.005183741208459242,,,0.013753015315160155,0.007467457035090774,0.00929655198706314,0.016764009022153914,0.8203894007087039,1.4793673325657215
email-Eu-core,986,16064,32.5841784989858,ld,nc_base,graclus,0,0.5,0.4999377490039841,0.0,,ok,1,8031,0.06131723107569721,0.05334910358565737,0.06131723107569721,0.05341135458167331,0.060445717131474105,0.3786380987194152,0.0,0.3786380987194152,8,0.2564661534983021,0.27043971578514125,0.0,0.27043971578514125,,-0.10819838293427392,-0.10819838293427392,-0.10819838293427392,0.3786380987194152,3,0.12485833299191047,8.0,0.0,0.0,0.0,0.0,0.18661257606490875,0,0.0,0,,,,,0.3652155345764119,0.20088566028880528,0.4022769990027212,0.0013457195950819162,,,0.013753015315160155,0.11636650998843834,0.00849182300347214,0.12485833299191047,0.11014895830822287,1.6195598176665738
email-Eu-core,986,16064,32.5841784989858,lsim,nc_base,graclus,0,0.5,0.5001245019920318,0.0,,ok,1,8034,0.06131723107569721,0.05334910358565737,0.06131723107569721,0.05341135458167331,0.060445717131474105,0.3786380987194152,0.0,0.3786380987194152,8,0.6441839880284742,0.37020898485552306,0.0,0.37020898485552306,,-0.008429113863892113,-0.008429113863892113,-0.008429113863892113,0.3786380987194152,3,0.05017255590064451,8.0,0.0,0.0,0.0,0.0,0.2768762677484787,0,0.0,0,,,,,0.5227226133489241,0.2630161828720885,0.5507063617918208,0.001592182061767697,,,0.013753015315160155,0.042597033898346126,0.007575522002298385,0.05017255590064451,0.27411430548594967,1.8154544744226921
email-Eu-core,986,16064,32.5841784989858,mst_jaccard,nc_base,graclus,0,0.5,0.5,0.0,7047,ok,1,8032,0.06131723107569721,0.05334910358565737,0.06131723107569721,0.05341135458167331,0.060445717131474105,0.3786380987194152,0.0,0.3786380987194152,8,0.6263518045596497,0.36047433809644386,0.0,0.36047433809644386,,-0.018163760622971314,-0.018163760622971314,-0.018163760622971314,0.3786380987194152,3,0.0955631027269798,8.0,0.0,0.0,0.0,0.0,0.2352941176470588,0,0.0,0,,,,,0.5142637512430965,0.281648321218527,0.5426728282741548,-0.0018236271691473745,,,0.013753015315160155,0.0869506360613741,0.008612466665605703,0.0955631027269798,0.14391553772015966,1.5968729806622624
email-Eu-core,986,16064,32.5841784989858,mst_random,nc_base,graclus,1,0.5,0.5,0.0,7047,ok,1,8032,0.06131723107569721,0.05334910358565737,0.06131723107569721,0.05341135458167331,0.060445717131474105,0.3786380987194152,0.0,0.3786380987194152,8,0.39283763073949224,0.36804500062395684,0.0016779637678723143,0.37001942235725926,,-0.010593098095458331,-0.010593098095458331,-0.012720303577770375,0.3786380987194152,3,0.09535414564500873,8.0,0.0,0.0,0.0,0.0,0.3012170385395538,0,0.0,0,,,,,0.5204510204474707,0.2517745000423936,0.5500033103460447,0.0027293128653025334,,,0.013753015315160155,0.08630623097997159,0.009047914665037146,0.09535414564500873,0.14423091122184525,1.5200204493864657
email-Eu-core,986,16064,32.5841784989858,lspar,nc_base,graclus,0,0.5,0.5020542828685259,0.0,0.7265625,ok,1,8065,0.06131723107569721,0.05334910358565737,0.06131723107569721,0.05341135458167331,0.060445717131474105,0.3786380987194152,0.0,0.3786380987194152,8,0.6502200464376353,0.3710738373541442,0.0,0.3710738373541442,,-0.007564261365270997,-0.007564261365270997,-0.007564261365270997,0.3786380987194152,3,0.09863889003948619,8.0,0.0,0.0,0.0,0.0,0.2738336713995943,0,0.0,0,,,,,0.5341607287290288,0.27889195027345814,0.5614885563706277,-0.0010962473739690435,,,0.013753015315160155,0.09090864000609145,0.007730250033394744,0.09863889003948619,0.13942792046478503,1.7791164911544926
email-Eu-core,986,16064,32.5841784989858,dspar,nc_base,graclus,1,0.5,0.4982984727755644,0.003160460172936082,0.5,ok,1,8005,0.06131723107569721,0.05334910358565737,0.06131723107569721,0.05341135458167331,0.060445717131474105,0.3786380987194152,0.0,0.3786380987194152,8,0.4848465143858178,0.375222836787189,0.005941861218006213,0.38356168205663405,,-0.003415261932226188,-0.003415261932226188,-0.008482636002305421,0.3786380987194152,3,0.013037866000862172,8.0,0.0,0.0,0.0,0.0,0.36443542934415146,0,0.0,0,,,,,0.5355529887347469,0.24664901033200784,0.5770307319383661,0.0001549136171007739,,,0.013753015315160155,0.0037840239820070565,0.009253842018855115,0.013037866000862172,1.0548517153229442,1.486195170301997
email-Eu-core,986,16064,32.5841784989858,kn,nc_base,graclus,1,0.2,0.19681689907038513,0.00043228474966798146,3.75,ok,1,3162,0.06131723107569721,0.05334910358565737,0.06131723107569721,0.05341135458167331,0.060445717131474105,0.3786380987194152,0.0,0.3786380987194152,8,0.44662699399934297,0.341195721838534,0.009662949320419995,0.34968099232179856,,-0.037442376880881145,-0.037442376880881145,-0.05096181237760611,0.3786380987194152,3,0.01276797764391328,8.0,0.0,0.0,0.0,0.0,0.26943881000676134,0,0.0,0,,,,,0.4732455434025176,0.24166105361656273,0.49132468547774777,0.00720253618921286,,,0.013753015315160155,0.006251634971704334,0.006516342672208945,0.01276797764391328,1.0771490755011197,2.110542064310759
email-Eu-core,986,16064,32.5841784989858,ld,nc_base,graclus,0,0.2,0.20032370517928286,0.0,,ok,1,3218,0.06131723107569721,0.05334910358565737,0.06131723107569721,0.05341135458167331,0.060445717131474105,0.3786380987194152,0.0,0.3786380987194152,8,0.2553884767202509,0.09105440282879936,0.0,0.09105440282879936,,-0.28758369589061583,-0.28758369589061583,-0.28758369589061583,0.3786380987194152,3,0.049903213628567755,8.0,0.0,0.0,0.0,0.0,0.22616632860040567,0,0.0,0,,,,,0.13594348017243316,0.05405130259762091,0.18618402264389555,-0.003517446460422918,,,0.013753015315160155,0.04267827293369919,0.007224940694868565,0.049903213628567755,0.27559378074375274,1.9035471564393718
email-Eu-core,986,16064,32.5841784989858,lsim,nc_base,graclus,0,0.2,0.19995019920318724,0.0,,ok,1,3212,0.06131723107569721,0.05334910358565737,0.06131723107569721,0.05341135458167331,0.060445717131474105,0.3786380987194152,0.0,0.3786380987194152,8,0.7709892580593634,0.3716237863845911,0.0,0.3716237863845911,,-0.00701431233482408,-0.00701431233482408,-0.00701431233482408,0.3786380987194152,3,0.0373436442653959,8.0,0.0,0.0,0.0,0.0,0.1926977687626775,0,0.0,0,,,,,0.5652853642907401,0.35375577827026616,0.5906455093511014,-0.002857351196894058,,,0.013753015315160155,0.03188677993603051,0.005456864329365392,0.0373436442653959,0.3682826244117863,2.520314687163858
email-Eu-core,986,16064,32.5841784989858,mst_jaccard,nc_base,graclus,0,0.2,0.2000124501992032,0.0,2228,ok,1,3213,0.06131723107569721,0.05334910358565737,0.06131723107569721,0.05341135458167331,0.060445717131474105,0.3786380987194152,0.0,0.3786380987194152,8,0.8064723831919599,0.34174116919399095,5.551115123125783e-17,0.341741169193991,,-0.03689692952542423,-0.03689692952542423,-0.03689692952542417,0.3786380987194152,3,0.09247106874439244,8.0,0.0,0.0,0.0,0.0,0.21095334685598377,0,0.0,0,,,,,0.5052834073477189,0.2875671385475113,0.5341697853610677,0.0012866808933123732,,,0.013753015315160155,0.08692324906587601,0.005547819678516437,0.09247106874439244,0.1487277642824276,2.478994652334825
email-Eu-core,986,16064,32.5841784989858,mst_random,nc_base,graclus,1,0.2,0.2000124501992032,0.0,2228,ok,1,3213,0.06131723107569721,0.05334910358565737,0.06131723107569721,0.05341135458167331,0.060445717131474105,0.3786380987194152,0.0,0.3786380987194152,8,0.40510036016343115,0.3186175321745885,0.022870858919099016,0.3508548250660208,,-0.06002056654482668,-0.06002056654482668,-0.0784156118615677,0.3786380987194152,3,0.09258264070376754,8.0,0.0,0.0,0.0,0.0,0.22582826233941855,0,0.0,0,,,,,0.4504144315260939,0.24847991906557865,0.4712072274585089,-0.0053603535668556475,,,0.013753015315160155,0.08624283102108166,0.006339809682685882,0.09258264070376754,0.1485485314592079,2.1693104373022196
email-Eu-core,986,16064,32.5841784989858,lspar,nc_base,graclus,0,0.2,0.2014442231075697,0.0,0.421875,ok,1,3236,0.06131723107569721,0.05334910358565737,0.06131723107569721,0.05341135458167331,0.060445717131474105,0.3786380987194152,0.0,0.3786380987194152,8,0.7739439246517469,0.3751218281133435,0.0,0.3751218281133435,,-0.003516270606071681,-0.003516270606071681,-0.003516270606071681,0.3786380987194152,3,0.09622138837585226,8.0,0.0,0.0,0.0,0.0,0.17342799188640975,0,0.0,0,,,,,0.544269243116287,0.33640688116712664,0.5708306723252087,-0.01231437463889243,,,0.013753015315160155,0.09068659204058349,0.005534796335268766,0.09622138837585226,0.14293095898220914,2.4848277121821716
email-Eu-core,986,16064,32.5841784989858,dspar,nc_base,graclus,1,0.2,0.1989956839309429,0.0023525789001992065,0.2,ok,1,3197,0.06131723107569721,0.05334910358565737,0.06131723107569721,0.05341135458167331,0.060445717131474105,0.3786380987194152,0.0,0.3786380987194152,8,0.42477079289940817,0.3227550300540864,0.008285221205001254,0.3339675566905684,,-0.05588306866532877,-0.05588306866532877,-0.06443496781363095,0.3786380987194152,3,0.009963636305959273,8.0,0.0,0.0,0.0,0.0,0.2762001352265044,0,0.0,0,,,,,0.4594857334470179,0.21041091432783882,0.5012461695591404,-0.0005746345329448747,,,0.013753015315160155,0.0037355899694375694,0.006228046336521705,0.009963636305959273,1.3803208881615285,2.2082390804499155
email-Eu-core,986,16064,32.5841784989858,kn,gt,graclus,1,0.5,0.5030710491367861,0.0013412485567058706,12.5,ok,1,8081,0.06131723107569721,0.05334910358565737,0.06131723107569721,0.05341135458167331,0.060445717131474105,0.19202633021822066,0.0,0.19202633021822066,42,0.2719597882095603,0.19545300005365326,0.01149579329357447,0.20969328030569453,,0.0034266698354326053,0.0034266698354326053,-0.010486165553175636,0.19202633021822066,3,0.018646232647976525,42.0,11.333333333333334,0.011494252873563218,1.3333333333333333,0.0,0.049019607843137254,25,0.02535496957403651,0,,,,,0.5516454216485919,0.3168323031082378,0.6510987038570799,-0.0004352255967347666,,,0.016633720661047846,0.006356736004818231,0.012289496643158296,0.018646232647976525,0.8920687076621305,1.3534908014567082
email-Eu-core,986,16064,32.5841784989858,ld,gt,graclus,0,0.5,0.4999377490039841,0.0,,ok,1,8031,0.06131723107569721,0.05334910358565737,0.06131723107569721,0.05341135458167331,0.060445717131474105,0.19202633021822066,0.0,0.19202633021822066,42,0.1322734337824072,0.10585488327132207,0.0,0.10585488327132207,,-0.08617144694689859,-0.08617144694689859,-0.08617144694689859,0.19202633021822066,3,0.05999955532994742,42.0,0.0,0.0,0.0,0.0,0.02941176470588235,25,0.02535496957403651,0,,,,,0.3014199411571467,0.14496366942836936,0.44526433283136346,0.003373128514953064,,,0.016633720661047846,0.04650704999221489,0.013492505337732533,0.05999955532994742,0.2772307322875358,1.2328118644156272
email-Eu-core,986,16064,32.5841784989858,lsim,gt,graclus,0,0.5,0.5001245019920318,0.0,,ok,1,8034,0.06131723107569721,0.05334910358565737,0.06131723107569721,0.05341135458167331,0.060445717131474105,0.19202633021822066,0.0,0.19202633021822066,42,0.40096267642454836,0.20669226224769746,0.0,0.20669226224769746,,0.014665932029476803,0.014665932029476803,0.014665932029476803,0.19202633021822066,3,0.05273144333235299,42.0,0.0,0.0,0.0,0.0,0.0436105476673428,25,0.02535496957403651,0,,,,,0.5754761460793357,0.36196657148709543,0.6613282864318566,0.003726490150635293,,,0.016633720661047846,0.04153079801471904,0.011200645317633947,0.05273144333235299,0.31544216524113894,1.4850680643248504
email-Eu-core,986,16064,32.5841784989858,mst_jaccard,gt,graclus,0,0.5,0.5,0.0,7047,ok,1,8032,0.06131723107569721,0.05334910358565737,0.06131723107569721,0.05341135458167331,0.060445717131474105,0.19202633021822066,0.0,0.19202633021822066,42,0.3878693548763116,0.2103298223161885,0.0,0.2103298223161885,,0.018303492097967833,0.018303492097967833,0.018303492097967833,0.19202633021822066,3,0.10232505830936134,42.0,45.0,0.04563894523326572,8.0,0.0,0.06490872210953347,25,0.02535496957403651,0,,,,,0.5500938396573326,0.3225730394462273,0.6372719993461464,-0.006538532081691464,,,0.016633720661047846,0.09106240997789428,0.011262648331467062,0.10232505830936134,0.1625576465420503,1.4768924831448726
email-Eu-core,986,16064,32.5841784989858,mst_random,gt,graclus,1,0.5,0.5,0.0,7047,ok,1,8032,0.06131723107569721,0.05334910358565737,0.06131723107569721,0.05341135458167331,0.060445717131474105,0.19202633021822066,0.0,0.19202633021822066,42,0.21244559858176848,0.17258426763563275,0.009608101602389367,0.18617073546265633,,-0.019442062582587905,-0.019442062582587905,-0.02640659620916236,0.19202633021822066,3,0.1018711597037812,42.0,14.333333333333334,0.0145368492224476,1.6666666666666667,0.0,0.05544286680189317,25,0.02535496957403651,0,,,,,0.4968373908799466,0.2900486623516169,0.6158124331103478,0.0010522099640745569,,,0.016633720661047846,0.09048386802896857,0.011387291674812635,0.1018711597037812,0.1632819407319503,1.4607266711047457
email-Eu-core,986,16064,32.5841784989858,lspar,gt,graclus,0,0.5,0.5020542828685259,0.0,0.7265625,ok,1,8065,0.06131723107569721,0.05334910358565737,0.06131723107569721,0.05341135458167331,0.060445717131474105,0.19202633021822066,0.0,0.19202633021822066,42,0.41014483607115004,0.2082882093699404,0.0,0.2082882093699404,,0.016261879151719755,0.016261879151719755,0.016261879151719755,0.19202633021822066,3,0.1079407829286841,42.0,0.0,0.0,0.0,0.0,0.04563894523326572,25,0.02535496957403651,0,,,,,0.5882249232376006,0.3423095965590136,0.6717311573255671,-0.005389864240034629,,,0.016633720661047846,0.09644958993885666,0.011491192989827445,0.1079407829286841,0.15410042626833323,1.4475190413887238
email-Eu-core,986,16064,32.5841784989858,dspar,gt,graclus,1,0.5,0.4982984727755644,0.003160460172936082,0.5,ok,1,8005,0.06131723107569721,0.05334910358565737,0.06131723107569721,0.05341135458167331,0.060445717131474105,0.19202633021822066,0.0,0.19202633021822066,42,0.2916022685652867,0.20957315921200648,0.005551345178764314,0.21400197811220256,,0.017546828993785818,0.017546828993785818,0.009718568610270123,0.19202633021822066,3,0.015568958265551677,42.0,6.0,0.006085192697768763,0.6666666666666666,0.0,0.06659905341446923,25,0.02535496957403651,0,,,,,0.5655499224133423,0.31268390750114966,0.6467190364536609,0.003368647341392849,,,0.016633720661047846,0.003463570959866047,0.01210538730568563,0.015568958265551677,1.0683900860504003,1.3740758755595832
email-Eu-core,986,16064,32.5841784989858,kn,gt,graclus,1,0.2,0.19681689907038513,0.00043228474966798146,3.75,ok,1,3162,0.06131723107569721,0.05334910358565737,0.06131723107569721,0.05341135458167331,0.060445717131474105,0.19202633021822066,0.0,0.19202633021822066,42,0.25512444148115726,0.14775955549688696,0.0012182330863220964,0.14905069982458113,,-0.044266774721333696,-0.044266774721333696,-0.045900196834673196,0.19202633021822066,3,0.014243237674236298,42.0,2.6666666666666665,0.002704530087897228,0.3333333333333333,0.0,0.05240027045300879,25,0.02535496957403651,0,,,,,0.43375998818138434,0.2078069414612519,0.5362669015899093,0.005681991434996776,,,0.016633720661047846,0.0056199340033344924,0.008623303670901805,0.014243237674236298,1.167832836991518,1.9289266962934555
email-Eu-core,986,16064,32.5841784989858,ld,gt,graclus,0,0.2,0.20032370517928286,0.0,,ok,1,3218,0.06131723107569721,0.05334910358565737,0.06131723107569721,0.05341135458167331,0.060445717131474105,0.19202633021822066,0.0,0.19202633021822066,42,0.20903669384571957,0.06267404043871821,0.0,0.06267404043871821,,-0.12935228977950244,-0.12935228977950244,-0.12935228977950244,0.19202633021822066,3,0.062941405941577,42.0,46.0,0.04665314401622719,6.0,0.0,0.1359026369168357,25,0.02535496957403651,0,,,,,0.1960354781214844,0.06513297001419313,0.3550855869304947,-0.005640813748289005,,,0.016633720661047846,0.052189066947903484,0.010752338993673524,0.062941405941577,0.2642731030903166,1.5469862576723834
email-Eu-core,986,16064,32.5841784989858,lsim,gt,graclus,0,0.2,0.19995019920318724,0.0,,ok,1,3212,0.06131723107569721,0.05334910358565737,0.06131723107569721,0.05341135458167331,0.060445717131474105,0.19202633021822066,0.0,0.19202633021822066,42,0.6471543317478511,0.194213559110173,0.0,0.194213559110173,,0.002187228891952331,0.002187228891952331,0.002187228891952331,0.19202633021822066,3,0.038557770021725446,42.0,0.0,0.0,0.0,0.0,0.0436105476673428,25,0.02535496957403651,0,,,,,0.5751835822292902,0.3301582792097631,0.6617000820741731,0.0033410465470299676,,,0.016633720661047846,0.030245422036387026,0.00831234798533842,0.038557770021725446,0.43139737209064594,2.0010856968917716
email-Eu-core,986,16064,32.5841784989858,mst_jaccard,gt,graclus,0,0.2,0.2000124501992032,0.0,2228,ok,1,3213,0.06131723107569721,0.05334910358565737,0.06131723107569721,0.05341135458167331,0.060445717131474105,0.19202633021822066,0.0,0.19202633021822066,42,0.6483121934322021,0.20500854990148973,0.0,0.20500854990148973,,0.01298221968326907,0.01298221968326907,0.01298221968326907,0.19202633021822066,3,0.09899449371732771,42.0,0.0,0.0,0.0,0.0,0.04665314401622719,25,0.02535496957403651,0,,,,,0.5707091355543686,0.34881609023468474,0.6574129117604509,0.009359818123591171,,,0.016633720661047846,0.09113705705385655,0.007857436663471162,0.09899449371732771,0.1680267258959306,2.1169398333654024
email-Eu-core,986,16064,32.5841784989858,mst_random,gt,graclus,1,0.2,0.2000124501992032,0.0,2228,ok,1,3213,0.06131723107569721,0.05334910358565737,0.06131723107569721,0.05341135458167331,0.060445717131474105,0.19202633021822066,0.0,0.19202633021822066,42,0.2597751276739212,0.1417113536381945,0.004352534793349218,0.14578626208872172,,-0.05031497658002615,-0.05031497658002615,-0.05634782559565024,0.19202633021822066,3,0.09842622295642893,42.0,2.3333333333333335,0.0023664638269100743,0.3333333333333333,0.0,0.06795131845841786,25,0.02535496957403651,0,,,,,0.42749838033569154,0.19606593989492405,0.5306171102699702,0.001290871143396154,,,0.016633720661047846,0.09046668995870277,0.007959532997726152,0.09842622295642893,0.16899684008408225,2.0897860045055032
email-Eu-core,986,16064,32.5841784989858,lspar,gt,graclus,0,0.2,0.2014442231075697,0.0,0.421875,ok,1,3236,0.06131723107569721,0.05334910358565737,0.06131723107569721,0.05341135458167331,0.060445717131474105,0.19202633021822066,0.0,0.19202633021822066,42,0.6672871806057012,0.1992988966072959,0.0,0.1992988966072959,,0.007272566389075252,0.007272566389075252,0.007272566389075252,0.19202633021822066,3,0.10488811300213759,42.0,9.0,0.009127789046653144,1.0,0.0,0.0588235294117647,25,0.02535496957403651,0,,,,,0.5877997013339394,0.3352323734871105,0.6712119197824431,-0.004755953125431607,,,0.016633720661047846,0.09539453400066122,0.009493579001476368,0.10488811300213759,0.15858537430937342,1.7521022007044023
email-Eu-core,986,16064,32.5841784989858,dspar,gt,graclus,1,0.2,0.1989956839309429,0.0023525789001992065,0.2,ok,1,3197,0.06131723107569721,0.05334910358565737,0.06131723107569721,0.05341135458167331,0.060445717131474105,0.19202633021822066,0.0,0.19202633021822066,42,0.2672692544378697,0.15220502155244395,0.004480441500450319,0.1572537527461121,,-0.03982130866577671,-0.03982130866577671,-0.04566143496854205,0.19202633021822066,3,0.013371047583253434,42.0,0.0,0.0,0.0,0.0,0.06220419202163624,25,0.02535496957403651,0,,,,,0.4549282416825733,0.23598429151174313,0.5679373194438004,0.006597389361106834,,,0.016633720661047846,0.0033142189495265484,0.010056828633726885,0.013371047583253434,1.2440102809805826,1.6539727648599376
wiki-Vote,7066,100736,28.512878573450326,kn,nc_base,graclus,1,0.5,0.4999867640830156,0.00017465643821998073,18.0,ok,1,50367,0.07013381512071157,0.06730463786531131,0.07013381512071157,0.06737412642947903,0.06913119440914867,0.41643135730048453,0.0,0.41643135730048453,6,0.4746680598274836,0.4070260283915948,0.002760286191559583,0.410723378990115,,-0.009405328908889732,-0.009405328908889732,-0.0123384251147578,0.41643135730048453,3,0.11214352294337004,6.0,0.0,0.0,0.0,0.0,0.30073591848287573,0,0.0,0,,,,,,,,,,,0.08407676497396703,0.055620965955313295,0.05652255698805675,0.11214352294337004,0.7497246632462573,1.487490472020445
wiki-Vote,7066,100736,28.512878573450326,ld,nc_base,graclus,0,0.5,0.4998709498094028,0.0,,ok,1,50355,0.07013381512071157,0.06730463786531131,0.07013381512071157,0.06737412642947903,0.06913119440914867,0.41643135730048453,0.0,0.41643135730048453,6,0.32722805308010666,0.33320322395797797,0.0,0.33320322395797797,,-0.08322813334250656,-0.08322813334250656,-0.08322813334250656,0.41643135730048453,3,0.39627096968858194,6.0,2.0,0.0002830455703368242,2.0,2.0,0.4916501556750637,0,0.0,0,,,,,,,,,,,0.08407676497396703,0.3042315110214986,0.09203945866708334,0.39627096968858194,0.2121698822400252,0.913486087288733
wiki-Vote,7066,100736,28.512878573450326,lsim,nc_base,graclus,0,0.5,0.5000297808132147,0.0,,ok,1,50371,0.07013381512071157,0.06730463786531131,0.07013381512071157,0.06737412642947903,0.06913119440914867,0.41643135730048453,0.0,0.41643135730048453,6,0.5595180946237587,0.408439311934177,5.551115123125783e-17,0.40843931193417704,,-0.007992045366307543,-0.007992045366307543,-0.007992045366307488,0.41643135730048453,3,0.3847111373906955,6.0,0.0,0.0,0.0,0.0,0.2687517690348146,0,0.0,0,,,,,,,,,,,0.08407676497396703,0.336302753072232,0.048408384318463504,0.3847111373906955,0.21854518053264055,1.7368223740096858
wiki-Vote,7066,100736,28.512878573450326,mst_jaccard,nc_base,graclus,0,0.5,0.5,0.0,43303,ok,1,50368,0.07013381512071157,0.06730463786531131,0.07013381512071157,0.06737412642947903,0.06913119440914867,0.41643135730048453,0.0,0.41643135730048453,6,0.4989525638000631,0.4043319184126776,0.0,0.4043319184126776,,-0.012099438887806901,-0.012099438887806901,-0.012099438887806901,0.41643135730048453,3,0.3064699334014828,6.0,0.0,0.0,0.0,0.0,0.26195867534673084,0,0.0,0,,,,,,,,,,,0.08407676497396703,0.24936733004869893,0.057102603352783866,0.3064699334014828,0.27433935864705034,1.4723805927819948
wiki-Vote,7066,100736,28.512878573450326,mst_random,nc_base,graclus,1,0.5,0.5,0.0,43303,ok,1,50368,0.07013381512071157,0.06730463786531131,0.07013381512071157,0.06737412642947903,0.06913119440914867,0.41643135730048453,0.0,0.41643135730048453,6,0.3085781622953915,0.3389156836430904,0.05013060707449655,0.4094668541511919,,-0.07751567365739415,-0.07751567365739415,-0.11883409793287669,0.41643135730048453,3,0.30045939605527866,6.0,1.3333333333333333,0.00018869704689121613,1.3333333333333333,1.3333333333333333,0.4736767619586753,0,0.0,0,,,,,,,,,,,0.08407676497396703,0.24260857806075364,0.05785081799452504,0.30045939605527866,0.2798273779346163,1.453337530714328
wiki-Vote,7066,100736,28.512878573450326,lspar,nc_base,graclus,0,0.5,0.5017669949174078,0.0,0.71875,ok,1,50546,0.07013381512071157,0.06730463786531131,0.07013381512071157,0.06737412642947903,0.06913119440914867,0.41643135730048453,0.0,0.41643135730048453,6,0.5546398999732167,0.3989202539611035,5.551115123125783e-17,0.39892025396110353,,-0.01751110333938105,-0.01751110333938105,-0.017511103339380996,0.41643135730048453,3,0.3111384206955942,6.0,0.0,0.0,0.0,0.0,0.25459949051797337,0,0.0,0,,,,,,,,,,,0.08407676497396703,0.2648199410177767,0.04631847967781747,0.3111384206955942,0.2702230241639765,1.8151883558957247
wiki-Vote,7066,100736,28.512878573450326,dspar,nc_base,graclus,1,0.5,0.4997286637018213,0.0007557668032522842,0.5,ok,1,50341,0.07013381512071157,0.06730463786531131,0.07013381512071157,0.06737412642947903,0.06913119440914867,0.41643135730048453,0.0,0.41643135730048453,6,0.3856447892561471,0.38737557717393445,0.035517000498862174,0.41369982694324986,,-0.02905578012655008,-0.02905578012655008,-0.07926465105207203,0.41643135730048453,3,0.08976241767716904,6.0,0.3333333333333333,4.717426172280403e-05,0.3333333333333333,0.3333333333333333,0.31422775733559777,0,0.0,0,,,,,,,,,,,0.08407676497396703,0.026110101025551558,0.06365231665161748,0.08976241767716904,0.9366588729411179,1.320875176219223
wiki-Vote,7066,100736,28.512878573450326,kn,nc_base,graclus,1,0.2,0.2033632465057179,0.00017251178523053733,4.5,ok,1,20486,0.07013381512071157,0.06730463786531131,0.07013381512071157,0.06737412642947903,0.06913119440914867,0.41643135730048453,0.0,0.41643135730048453,6,0.4709073942674842,0.3425640520297821,0.03353978887405223,0.3765585407052916,,-0.07386730527070245,-0.07386730527070245,-0.1195116648444105,0.41643135730048453,3,0.07808851130539551,6.0,0.3333333333333333,4.717426172280403e-05,0.3333333333333333,0.3333333333333333,0.380837814888197,0,0.0,0,,,,,,,,,,,0.08407676497396703,0.04732119996333495,0.030767311342060566,0.07808851130539551,1.0766854633090919,2.73266532909652
wiki-Vote,7066,100736,28.512878573450326,ld,nc_base,graclus,0,0.2,0.19995830686149937,0.0,,ok,1,20143,0.07013381512071157,0.06730463786531131,0.07013381512071157,0.06737412642947903,0.06913119440914867,0.41643135730048453,0.0,0.41643135730048453,6,0.4396703827278508,0.2045233185545207,0.0,0.2045233185545207,,-0.21190803874596384,-0.21190803874596384,-0.21190803874596384,0.41643135730048453,3,0.20925305632408708,6.0,0.0,0.0,0.0,0.0,0.2204924992923861,0,0.0,0,,,,,,,,,,,0.08407676497396703,0.16833738598506898,0.040915670339018106,0.20925305632408708,0.4017946808086309,2.054879323186587
wiki-Vote,7066,100736,28.512878573450326,lsim,nc_base,graclus,0,0.2,0.19997816073697586,0.0,,ok,1,20145,0.07013381512071157,0.06730463786531131,0.07013381512071157,0.06737412642947903,0.06913119440914867,0.41643135730048453,0.0,0.41643135730048453,6,0.6544812913525119,0.3990443196929399,0.0,0.3990443196929399,,-0.01738703760754462,-0.01738703760754462,-0.01738703760754462,0.41643135730048453,3,0.2104993940447457,6.0,0.0,0.0,0.0,0.0,0.27172374752335127,0,0.0,0,,,,,,,,,,,0.08407676497396703,0.1833291160291992,0.0271702780155465,0.2104993940447457,0.39941571022335054,3.0944388911243137
wiki-Vote,7066,100736,28.512878573450326,mst_jaccard,nc_base,graclus,0,0.2,0.19999801461245234,0.0,13082,ok,1,20147,0.07013381512071157,0.06730463786531131,0.07013381512071157,0.06737412642947903,0.06913119440914867,0.41643135730048453,0.0,0.41643135730048453,6,0.5340627511530754,0.3626221830666511,0.0,0.3626221830666511,,-0.05380917423383341,-0.05380917423383341,-0.05380917423383341,0.41643135730048453,3,0.2887214023891526,6.0,0.0,0.0,0.0,0.0,0.4264081517124257,0,0.0,0,,,,,,,,,,,0.08407676497396703,0.2497425740584731,0.038978828330679484,0.2887214023891526,0.2912037842648198,2.1569854347774693
wiki-Vote,7066,100736,28.512878573450326,mst_random,nc_base,graclus,1,0.2,0.19999801461245234,0.0,13082,ok,1,20147,0.07013381512071157,0.06730463786531131,0.07013381512071157,0.06737412642947903,0.06913119440914867,0.41643135730048453,0.0,0.41643135730048453,6,0.332554284109773,0.2736761935017232,0.03172031641556148,0.3058238908193037,,-0.14275516379876135,-0.14275516379876135,-0.18592443417668947,0.41643135730048453,3,0.27746185202461976,6.0,3.0,0.0004245683555052363,2.6666666666666665,2.3333333333333335,0.5985942070006603,0,0.0,0,,,,,,,,,,,0.08407676497396703,0.2427986310212873,0.03466322100333249,0.27746185202461976,0.30302098958997337,2.4255323810180243
wiki-Vote,7066,100736,28.512878573450326,lspar,nc_base,graclus,0,0.2,0.1970397871664549,0.0,0.40625,ok,1,19849,0.07013381512071157,0.06730463786531131,0.07013381512071157,0.06737412642947903,0.06913119440914867,0.41643135730048453,0.0,0.41643135730048453,6,0.6480652971447857,0.40569207625995923,0.0,0.40569207625995923,,-0.010739281040525295,-0.010739281040525295,-0.010739281040525295,0.41643135730048453,3,0.28853631029293564,6.0,0.0,0.0,0.0,0.0,0.2827625247664874,0,0.0,0,,,,,,,,,,,0.08407676497396703,0.2613789109745994,0.0271573993183362,0.28853631029293564,0.29139058750910185,3.095906349073708
wiki-Vote,7066,100736,28.512878573450326,dspar,nc_base,graclus,1,0.2,0.19962740893689115,0.0005699326528201719,0.2,ok,1,20110,0.07013381512071157,0.06730463786531131,0.07013381512071157,0.06737412642947903,0.06913119440914867,0.41643135730048453,0.0,0.41643135730048453,6,0.42443466003515784,0.3362624215538566,0.02235763475758437,0.3671921572923725,,-0.08016893574662792,-0.08016893574662792,-0.1013179335659748,0.41643135730048453,3,0.05803648031239087,6.0,0.0,0.0,0.0,0.0,0.29667893197471457,0,0.0,0,,,,,,,,,,,0.08407676497396703,0.025870785990264267,0.032165694322126605,0.05803648031239087,1.4486882133687304,2.6138644523563443
ca-HepTh,8638,24806,5.74345913405881,kn,nc_base,graclus,1,0.5,0.5014646994006826,0.0014393931404521514,1.875,ok,1,12439,0.34818189147786827,0.275981617350641,0.34656937837619933,0.27255502700959444,0.31697976296057406,0.7111133277081073,0.0,0.7111133277081073,49,0.7202932091048749,0.6247235880649648,0.010436241803677707,0.6321379706733881,,-0.08638973964314256,-0.08638973964314256,-0.10114875941051704,0.7111133277081073,3,0.04407410302277033,49.0,0.0,0.0,0.0,0.0,0.15096087057189164,0,0.0,0,,,,,,,,,,,0.04424484766786918,0.012948648014571518,0.031125455008198816,0.04407410302277033,1.0038740356215676,1.421500429671295
ca-HepTh,8638,24806,5.74345913405881,ld,nc_base,graclus,0,0.5,0.510360396678223,0.0,,ok,1,12660,0.34818189147786827,0.275981617350641,0.34656937837619933,0.27255502700959444,0.31697976296057406,0.7111133277081073,0.0,0.7111133277081073,49,0.7743548082178443,0.6341626062996086,0.0,0.6341626062996086,,-0.07695072140849868,-0.07695072140849868,-0.07695072140849868,0.7111133277081073,3,0.1503076909769637,49.0,0.0,0.0,0.0,0.0,0.06749247510997916,0,0.0,0,,,,,,,,,,,0.04424484766786918,0.10436533397296444,0.045942357003999255,0.1503076909769637,0.294361834582704,0.9630513224216531
ca-HepTh,8638,24806,5.74345913405881,lsim,nc_base,graclus,0,0.5,0.5008465693783762,0.0,,ok,1,12424,0.34818189147786827,0.275981617350641,0.34656937837619933,0.27255502700959444,0.31697976296057406,0.7111133277081073,0.0,0.7111133277081073,49,0.9307251417659941,0.6558147558196813,0.0,0.6558147558196813,,-0.05529857188842602,-0.05529857188842602,-0.05529857188842602,0.7111133277081073,3,0.12681759633899978,49.0,0.0,0.0,0.0,0.0,0.05637879138689512,0,0.0,0,,,,,,,,,,,0.04424484766786918,0.09948528301902115,0.027332313319978613,0.12681759633899978,0.348885714168537,1.6187743477800802
ca-HepTh,8638,24806,5.74345913405881,mst_jaccard,nc_base,graclus,0,0.5,0.5,0.0,3766,ok,1,12403,0.34818189147786827,0.275981617350641,0.34656937837619933,0.27255502700959444,0.31697976296057406,0.7111133277081073,0.0,0.7111133277081073,49,0.9704496963354928,0.7010267961246561,0.0,0.7010267961246561,,-0.010086531583451186,-0.010086531583451186,-0.010086531583451186,0.7111133277081073,3,0.044322783942334354,49.0,0.0,0.0,0.0,0.0,0.028131511924056496,0,0.0,0,,,,,,,,,,,0.04424484766786918,0.02164395694853738,0.022678826993796974,0.044322783942334354,0.9982416205045564,1.9509319278272577
ca-HepTh,8638,24806,5.74345913405881,mst_random,nc_base,graclus,1,0.5,0.5,0.0,3766,ok,1,12403,0.34818189147786827,0.275981617350641,0.34656937837619933,0.27255502700959444,0.31697976296057406,0.7111133277081073,0.0,0.7111133277081073,49,0.8027429025972983,0.6708879161315159,0.0039863833535861,0.6759447239466433,,-0.04022541157659143,-0.04022541157659143,-0.04491214803574961,0.7111133277081073,3,0.064803768589627,49.0,0.0,0.0,0.0,0.0,0.06452110828123794,0,0.0,0,,,,,,,,,,,0.04424484766786918,0.02110142190940678,0.043702346680220217,0.064803768589627,0.682751152144435,1.0124135436391681
ca-HepTh,8638,24806,5.74345913405881,lspar,nc_base,graclus,0,0.5,0.5006046924131259,0.0,0.265625,ok,1,12418,0.34818189147786827,0.275981617350641,0.34656937837619933,0.27255502700959444,0.31697976296057406,0.7111133277081073,0.0,0.7111133277081073,49,0.928941892313334,0.6737735630719651,1.1102230246251565e-16,0.673773563071965,,-0.03733976463614219,-0.03733976463614219,-0.0373397646361423,0.7111133277081073,3,0.056472110717246934,49.0,0.0,0.0,0.0,0.0,0.08196341745774485,0,0.0,0,,,,,,,,,,,0.04424484766786918,0.027284396055620164,0.029187714661626767,0.056472110717246934,0.783481387642848,1.5158722832808182
ca-HepTh,8638,24806,5.74345913405881,dspar,nc_base,graclus,1,0.5,0.4976215431750383,0.0008462493748197358,0.5,ok,1,12344,0.34818189147786827,0.275981617350641,0.34656937837619933,0.27255502700959444,0.31697976296057406,0.7111133277081073,0.0,0.7111133277081073,49,0.7347737601438681,0.6043212014745024,0.007455295397933811,0.6105383614143178,,-0.1067921262336049,-0.1067921262336049,-0.11727514421042173,0.7111133277081073,3,0.03457096092946206,49.0,0.0,0.0,0.0,0.0,0.12981400015435673,0,0.0,0,,,,,,,,,,,0.04424484766786918,0.005206717934925109,0.029364242994536955,0.03457096092946206,1.279826955291915,1.5067593493249827
ca-HepTh,8638,24806,5.74345913405881,kn,nc_base,graclus,1,0.3483,0.34444623612566855,0.0006393817223451451,1.125,ok,1,8544,0.34818189147786827,0.275981617350641,0.34656937837619933,0.27255502700959444,0.31697976296057406,0.7111133277081073,0.0,0.7111133277081073,49,0.67411968297088,0.5269460353090877,0.0036348101920166058,0.531328835377786,,-0.18416729239901963,-0.18416729239901963,-0.18868486211040125,0.7111133277081073,3,0.0349657626550955,49.0,0.0,0.0,0.0,0.0,0.05865555298294358,0,0.0,0,,,,,,,,,,,0.04424484766786918,0.01442585897166282,0.020539903683432687,0.0349657626550955,1.2653763083706526,2.1540922659514075
ca-HepTh,8638,24806,5.74345913405881,ld,nc_base,graclus,0,0.3483,0.3483431427880352,5.551115123125783e-17,,ok,1,8641,0.34818189147786827,0.275981617350641,0.34656937837619933,0.27255502700959444,0.31697976296057406,0.7111133277081073,0.0,0.7111133277081073,49,0.9598488116839914,0.6042900494713115,0.0,0.6042900494713115,,-0.10682327823679583,-0.10682327823679583,-0.10682327823679583,0.7111133277081073,3,0.14501401093245173,49.0,0.0,0.0,0.0,0.0,0.05649455892567725,0,0.0,0,,,,,,,,,,,0.04424484766786918,0.10786229994846508,0.037151710983986654,0.14501401093245173,0.3051073988187159,1.1909235536134486
ca-HepTh,8638,24806,5.74345913405881,lsim,nc_base,graclus,0,0.3483,0.3443521728614045,0.0,,ok,1,8542,0.34818189147786827,0.275981617350641,0.34656937837619933,0.27255502700959444,0.31697976296057406,0.7111133277081073,0.0,0.7111133277081073,49,0.9727899580411433,0.5866369191173608,0.0,0.5866369191173608,,-0.12447640859074649,-0.12447640859074649,-0.12447640859074649,0.7111133277081073,3,0.09564029002406944,49.0,0.0,0.0,0.0,0.0,0.03067839777726326,0,0.0,0,,,,,,,,,,,0.04424484766786918,0.07647773600183427,0.019162554022235174,0.09564029002406944,0.4626172469440885,2.308922266652446
ca-HepTh,8638,24806,5.74345913405881,mst_jaccard,nc_base,graclus,0,0.3483,0.3483028299604934,5.551115123125783e-17,3,ok,1,8640,0.34818189147786827,0.275981617350641,0.34656937837619933,0.27255502700959444,0.31697976296057406,0.7111133277081073,0.0,0.7111133277081073,49,0.9719779074502741,0.6934462188495164,1.1102230246251565e-16,0.6934462188495163,,-0.017667108858590908,-0.017667108858590908,-0.01766710885859102,0.7111133277081073,3,0.040233894309494644,49.0,0.0,0.0,0.0,0.0,0.02674230145867099,0,0.0,0,,,,,,,,,,,0.04424484766786918,0.021667476976290345,0.0185664173332043,0.040233894309494644,1.099690905571326,2.383057909009802
ca-HepTh,8638,24806,5.74345913405881,mst_random,nc_base,graclus,1,0.3483,0.3483028299604934,5.551115123125783e-17,3,ok,1,8640,0.34818189147786827,0.275981617350641,0.34656937837619933,0.27255502700959444,0.31697976296057406,0.7111133277081073,0.0,0.7111133277081073,49,0.9718263862097049,0.6934934178694271,0.0012920472565871182,0.6953059084460098,,-0.017619909838680226,-0.017619909838680226,-0.01872674825305143,0.7111133277081073,3,0.0398597796059524,49.0,0.0,0.0,0.0,0.0,0.028363047001620744,0,0.0,0,,,,,,,,,,,0.04424484766786918,0.020992718928027898,0.018867060677924503,0.0398597796059524,1.1100123509278497,2.3450842939005376
ca-HepTh,8638,24806,5.74345913405881,lspar,nc_base,graclus,0,0.3483,0.275981617350641,0.0,0.0,ok,0,6846,0.34818189147786827,0.275981617350641,0.34656937837619933,0.27255502700959444,0.31697976296057406,0.7111133277081073,0.0,0.7111133277081073,49,0.9795464323458818,0.44599488629361206,0.0,0.44599488629361206,,-0.26511844141449525,-0.26511844141449525,-0.26511844141449525,0.7111133277081073,3,0.06527266639750451,49.0,0.0,0.0,0.0,0.0,0.02060662190321834,0,0.0,0,,,,,,,,,,,0.04424484766786918,0.04606387106468901,0.019208795332815498,0.06527266639750451,0.6778464878150089,2.303364000775371
ca-HepTh,8638,24806,5.74345913405881,dspar,nc_base,graclus,1,0.3483,0.3462871885834072,0.0004525103668597252,0.3483,ok,1,8590,0.34818189147786827,0.275981617350641,0.34656937837619933,0.27255502700959444,0.31697976296057406,0.7111133277081073,0.0,0.7111133277081073,49,0.6373227124616078,0.47050840285890333,0.00937622506042428,0.4836200869078644,,-0.24060492484920398,-0.24060492484920398,-0.24887342580813648,0.7111133277081073,3,0.029505714618911345,49.0,0.0,0.0,0.0,0.0,0.06691363741606854,0,0.0,0,,,,,,,,,,,0.04424484766786918,0.005229326954577118,0.024276387664334226,0.029505714618911345,1.4995348609354122,1.8225465946431443
ca-HepTh,8638,24806,5.74345913405881,kn,nc_base,graclus,1,0.2,0.201496949662716,0.0030738953217625303,0.625,ok,1,4998,0.34818189147786827,0.275981617350641,0.34656937837619933,0.27255502700959444,0.31697976296057406,0.7111133277081073,0.0,0.7111133277081073,49,0.37758143596365235,0.24891095208961556,0.003922331965422792,0.2525889567073384,,-0.46220237561849176,-0.46220237561849176,-0.46763738176418,0.7111133277081073,3,0.03545396536355838,49.0,0.0,0.0,0.0,0.0,0.02060662190321834,0,0.0,0,,,,,,,,,,,0.04424484766786918,0.012759710021782666,0.022694255341775715,0.03545396536355838,1.2479520193063247,1.9496056161147977
ca-HepTh,8638,24806,5.74345913405881,ld,nc_base,graclus,0,0.2,0.34656937837619933,0.0,,ok,0,8597,0.34818189147786827,0.275981617350641,0.34656937837619933,0.27255502700959444,0.31697976296057406,0.7111133277081073,0.0,0.7111133277081073,49,0.9670763309219659,0.6042615886735716,0.0,0.6042615886735716,,-0.10685173903453571,-0.10685173903453571,-0.10685173903453571,0.7111133277081073,3,0.1530324150226079,49.0,0.0,0.0,0.0,0.0,0.037624450104190785,0,0.0,0,,,,,,,,,,,0.04424484766786918,0.1289683270151727,0.024064088007435203,0.1530324150226079,0.28912075694115374,1.838625575762465
ca-HepTh,8638,24806,5.74345913405881,lsim,nc_base,graclus,0,0.2,0.27255502700959444,0.0,,ok,0,6761,0.34818189147786827,0.275981617350641,0.34656937837619933,0.27255502700959444,0.31697976296057406,0.7111133277081073,0.0,0.7111133277081073,49,0.979543686972805,0.44315028294482534,5.551115123125783e-17,0.4431502829448254,,-0.267963044763282,-0.267963044763282,-0.2679630447632819,0.7111133277081073,3,0.10493253000701466,49.0,0.0,0.0,0.0,0.0,0.02060662190321834,0,0.0,0,,,,,,,,,,,0.04424484766786918,0.07140116998925805,0.03353136001775662,0.10493253000701466,0.42165044209752156,1.3195065050877508
ca-HepTh,8638,24806,5.74345913405881,lspar,nc_base,graclus,0,0.2,0.275981617350641,0.0,0.0,floor,0,6846,0.34818189147786827,0.275981617350641,0.34656937837619933,0.27255502700959444,0.31697976296057406,0.7111133277081073,0.0,0.7111133277081073,49,0.9795464323458818,0.44599488629361206,0.0,0.44599488629361206,,-0.26511844141449525,-0.26511844141449525,-0.26511844141449525,0.7111133277081073,3,0.04213461371061082,49.0,0.0,0.0,0.0,0.0,0.02060662190321834,0,0.0,0,,,,,,,,,,,0.04424484766786918,0.023229140031617135,0.018905473678993683,0.04213461371061082,1.0500831447453602,2.340319444999184
ca-HepTh,8638,24806,5.74345913405881,dspar,nc_base,graclus,1,0.2,0.19798973366658604,0.0010093424686615482,0.2,ok,1,4911,0.34818189147786827,0.275981617350641,0.34656937837619933,0.27255502700959444,0.31697976296057406,0.7111133277081073,0.0,0.7111133277081073,49,0.37379185927490677,0.256183763369438,0.006992161351842765,0.2656799973470176,,-0.4549295643386693,-0.4549295643386693,-0.46206549114769246,0.7111133277081073,3,0.029597335009990882,49.0,0.0,0.0,0.0,0.0,0.02191865400941576,0,0.0,0,,,,,,,,,,,0.04424484766786918,0.00494622701080516,0.024651107999185722,0.029597335009990882,1.4948929575224892,1.7948421494616258
ca-CondMat,21363,91286,8.546177971258718,kn,nc_base,graclus,1,0.5,0.5028956612551031,0.0005067867563333889,2.875,ok,1,45907,0.2340117871305567,0.18619503538330084,0.23370505882610695,0.17734373288346517,0.21766755033630567,0.6663110615318868,0.0,0.6663110615318868,55,0.7018625834290966,0.5926565258523303,0.005262961856647819,0.5969049437184867,,-0.07365453567955649,-0.07365453567955649,-0.08107132059061439,0.6663110615318868,3,0.14544095830448595,55.0,0.0,0.0,0.0,0.0,0.2561750066314032,0,0.0,0,,,,,,,,,,,0.1607542566683454,0.05736732797231525,0.08807363033217068,0.14544095830448595,1.1052887614491682,1.8252257351270627
ca-CondMat,21363,91286,8.546177971258718,ld,nc_base,graclus,0,0.5,0.5000438183292071,0.0,,ok,1,45647,0.2340117871305567,0.18619503538330084,0.23370505882610695,0.17734373288346517,0.21766755033630567,0.6663110615318868,0.0,0.6663110615318868,55,0.6773839398368534,0.6004103981747709,0.0,0.6004103981747709,,-0.06590066335711586,-0.06590066335711586,-0.06590066335711586,0.6663110615318868,3,0.44339097130189964,55.0,0.0,0.0,0.0,0.0,0.1626644197912278,0,0.0,0,,,,,,,,,,,0.1607542566683454,0.31755360995884985,0.12583736134304976,0.44339097130189964,0.3625564503407304,1.2774763786575867
ca-CondMat,21363,91286,8.546177971258718,lsim,nc_base,graclus,0,0.5,0.4974366277413842,0.0,,ok,1,45409,0.2340117871305567,0.18619503538330084,0.23370505882610695,0.17734373288346517,0.21766755033630567,0.6663110615318868,0.0,0.6663110615318868,55,0.9044889129891438,0.6272636785226052,0.0,0.6272636785226052,,-0.03904738300928157,-0.03904738300928157,-0.03904738300928157,0.6663110615318868,3,0.3674611470972498,55.0,0.0,0.0,0.0,0.0,0.06384871038711791,0,0.0,0,,,,,,,,,,,0.1607542566683454,0.2782171100843698,0.08924403701288004,0.3674611470972498,0.43747279933734395,1.8012884899541772
ca-CondMat,21363,91286,8.546177971258718,mst_jaccard,nc_base,graclus,0,0.5,0.5,0.0,24281,ok,1,45643,0.2340117871305567,0.18619503538330084,0.23370505882610695,0.17734373288346517,0.21766755033630567,0.6663110615318868,0.0,0.6663110615318868,55,0.9602395285961879,0.6642532369583475,0.0,0.6642532369583475,,-0.002057824573539313,-0.002057824573539313,-0.002057824573539313,0.6663110615318868,3,0.1604566297222239,55.0,0.0,0.0,0.0,0.0,0.02761784393577681,0,0.0,0,,,,,,,,,,,0.1607542566683454,0.0962837400729768,0.06417288964924713,0.1604566297222239,1.0018548747199585,2.505018202343509
ca-CondMat,21363,91286,8.546177971258718,mst_random,nc_base,graclus,1,0.5,0.5,0.0,24281,ok,1,45643,0.2340117871305567,0.18619503538330084,0.23370505882610695,0.17734373288346517,0.21766755033630567,0.6663110615318868,0.0,0.6663110615318868,55,0.7025943074153417,0.6309225604926312,0.0027006535743494217,0.6333468149201429,,-0.035388501039255615,-0.035388501039255615,-0.03915651116229879,0.6663110615318868,3,0.19575477071339265,55.0,0.0,0.0,0.0,0.0,0.15623585950787186,0,0.0,0,,,,,,,,,,,0.1607542566683454,0.09195349604124203,0.10380127467215061,0.19575477071339265,0.8212022423898316,1.5486732429450116
ca-CondMat,21363,91286,8.546177971258718,lspar,nc_base,graclus,0,0.5,0.49717371776614155,0.0,0.5,ok,1,45385,0.2340117871305567,0.18619503538330084,0.23370505882610695,0.17734373288346517,0.21766755033630567,0.6663110615318868,0.0,0.6663110615318868,55,0.8958557176152534,0.6338992195271841,0.0,0.6338992195271841,,-0.03241184200470271,-0.03241184200470271,-0.03241184200470271,0.6663110615318868,3,0.20534270134521648,55.0,0.0,0.0,0.0,0.0,0.09511772691101437,0,0.0,0,,,,,,,,,,,0.1607542566683454,0.11088201001984999,0.0944606913253665,0.20534270134521648,0.7828583904625359,1.7018111387162418
ca-CondMat,21363,91286,8.546177971258718,dspar,nc_base,graclus,1,0.5,0.4995764228176647,0.0017377511253640165,0.5,ok,1,45604,0.2340117871305567,0.18619503538330084,0.23370505882610695,0.17734373288346517,0.21766755033630567,0.6663110615318868,0.0,0.6663110615318868,55,0.6861595670932942,0.5806712348707702,0.015591056744180239,0.6022608686433244,,-0.08563982666111658,-0.08563982666111658,-0.10031244714938459,0.6663110615318868,3,0.12764647669003654,55.0,0.0,0.0,0.0,0.0,0.2574856839707282,0,0.0,0,,,,,,,,,,,0.1607542566683454,0.022641681018285453,0.1050047956717511,0.12764647669003654,1.2593708877582603,1.5309229987063562
ca-CondMat,21363,91286,8.546177971258718,kn,nc_base,graclus,1,0.2342,0.23112342893032156,0.0026698684139195863,1.0625,ok,1,21098,0.2340117871305567,0.18619503538330084,0.23370505882610695,0.17734373288346517,0.21766755033630567,0.6663110615318868,0.0,0.6663110615318868,55,0.5911969793661277,0.44071692721764927,0.0016799857189064423,0.44304884925430993,,-0.22559413431423753,-0.22559413431423753,-0.22715396426355466,0.6663110615318868,3,0.10052618200037008,55.0,0.0,0.0,0.0,0.0,0.06085287646866077,0,0.0,0,,,,,,,,,,,0.1607542566683454,0.052566024009138346,0.04796015799123173,0.10052618200037008,1.5991282417127268,3.3518291724087965
ca-CondMat,21363,91286,8.546177971258718,ld,nc_base,graclus,0,0.2342,0.23419801502968693,0.0,,ok,1,21379,0.2340117871305567,0.18619503538330084,0.23370505882610695,0.17734373288346517,0.21766755033630567,0.6663110615318868,0.0,0.6663110615318868,55,0.9679884709467445,0.5364700355760372,0.0,0.5364700355760372,,-0.12984102595584956,-0.12984102595584956,-0.12984102595584956,0.6663110615318868,3,0.26496990234591067,55.0,0.0,0.0,0.0,0.0,0.026260356691475917,0,0.0,0,,,,,,,,,,,0.1607542566683454,0.18688043201109394,0.07808947033481672,0.26496990234591067,0.6066887417971166,2.058590690641066
ca-CondMat,21363,91286,8.546177971258718,lsim,nc_base,graclus,0,0.2342,0.233212102622527,0.0,,ok,1,21289,0.2340117871305567,0.18619503538330084,0.23370505882610695,0.17734373288346517,0.21766755033630567,0.6663110615318868,0.0,0.6663110615318868,55,0.9782582113968062,0.49286439406162613,0.0,0.49286439406162613,,-0.17344666747026066,-0.17344666747026066,-0.17344666747026066,0.6663110615318868,3,0.27790075371740386,55.0,0.0,0.0,0.0,0.0,0.025605018021813416,0,0.0,0,,,,,,,,,,,0.1607542566683454,0.21054437605198473,0.06735637766541913,0.27790075371740386,0.5784592323625568,2.3866226516346183
ca-CondMat,21363,91286,8.546177971258718,mst_jaccard,nc_base,graclus,0,0.2342,0.23419801502968693,0.0,17,ok,1,21379,0.2340117871305567,0.18619503538330084,0.23370505882610695,0.17734373288346517,0.21766755033630567,0.6663110615318868,0.0,0.6663110615318868,55,0.9781299619059479,0.6498996081281688,0.0,0.6498996081281688,,-0.016411453403717968,-0.016411453403717968,-0.016411453403717968,0.6663110615318868,3,0.14969286105285087,55.0,0.0,0.0,0.0,0.0,0.027009315171090204,0,0.0,0,,,,,,,,,,,0.1607542566683454,0.09571803506696597,0.05397482598588491,0.14969286105285087,1.0738939421539224,2.9783191280762003
ca-CondMat,21363,91286,8.546177971258718,mst_random,nc_base,graclus,1,0.2342,0.23419801502968693,0.0,17,ok,1,21379,0.2340117871305567,0.18619503538330084,0.23370505882610695,0.17734373288346517,0.21766755033630567,0.6663110615318868,0.0,0.6663110615318868,55,0.9773473825601573,0.6487082920627251,0.0023479449269622537,0.651918088979643,,-0.017602769469161728,-0.017602769469161728,-0.019943990468481387,0.6663110615318868,3,0.13491554938567182,55.0,0.0,0.0,0.0,0.0,0.025823464245034247,0,0.0,0,,,,,,,,,,,0.1607542566683454,0.09224027505842969,0.04267527432724213,0.13491554938567182,1.1915176375171599,3.7669179449357757
ca-CondMat,21363,91286,8.546177971258718,lspar,nc_base,graclus,0,0.2342,0.18619503538330084,0.0,0.0,ok,0,16997,0.2340117871305567,0.18619503538330084,0.23370505882610695,0.17734373288346517,0.21766755033630567,0.6663110615318868,0.0,0.6663110615318868,55,0.9817929413283001,0.3204982511239642,0.0,0.3204982511239642,,-0.3458128104079226,-0.3458128104079226,-0.3458128104079226,0.6663110615318868,3,0.2527325900349145,55.0,0.0,0.0,0.0,0.0,0.01825586294059823,0,0.0,0,,,,,,,,,,,0.1607542566683454,0.18651079403935,0.0662217959955645,0.2527325900349145,0.6360646113987022,2.4275127886762933
ca-CondMat,21363,91286,8.546177971258718,dspar,nc_base,graclus,1,0.2342,0.23392049894470857,0.0006925013714334355,0.2342,ok,1,21354,0.2340117871305567,0.18619503538330084,0.23370505882610695,0.17734373288346517,0.21766755033630567,0.6663110615318868,0.0,0.6663110615318868,55,0.5537792077071071,0.40550949499399264,0.003905005760404579,0.4087626647294505,,-0.26080156653789416,-0.26080156653789416,-0.2662928984849822,0.6663110615318868,3,0.10063534864457324,55.0,0.0,0.0,0.0,0.0,0.06696937071884411,0,0.0,0,,,,,,,,,,,0.1607542566683454,0.02192785096121952,0.07870749768335372,0.10063534864457324,1.597393548425035,2.0424262160521485
ca-CondMat,21363,91286,8.546177971258718,kn,nc_base,graclus,1,0.2,0.20066969013138194,0.0029033064769676147,0.9375,ok,1,18318,0.2340117871305567,0.18619503538330084,0.23370505882610695,0.17734373288346517,0.21766755033630567,0.6663110615318868,0.0,0.6663110615318868,55,0.4868448529471925,0.34734973338874414,0.006267798802390297,0.3561199943680828,,-0.31896132814314265,-0.31896132814314265,-0.32445994168458475,0.6663110615318868,3,0.09444991700972119,55.0,0.0,0.0,0.0,0.0,0.01827146624225686,0,0.0,0,,,,,,,,,,,0.1607542566683454,0.04796263499883935,0.04648728201088185,0.09444991700972119,1.7020052717653513,3.4580265766175717
ca-CondMat,21363,91286,8.546177971258718,ld,nc_base,graclus,0,0.2,0.23370505882610695,0.0,,ok,0,21334,0.2340117871305567,0.18619503538330084,0.23370505882610695,0.17734373288346517,0.21766755033630567,0.6663110615318868,0.0,0.6663110615318868,55,0.9681061362198978,0.535072355749321,0.0,0.535072355749321,,-0.1312387057825658,-0.1312387057825658,-0.1312387057825658,0.6663110615318868,3,0.2881667693145573,55.0,0.0,0.0,0.0,0.0,0.02597949726162056,0,0.0,0,,,,,,,,,,,0.1607542566683454,0.2201955119962804,0.06797125731827691,0.2881667693145573,0.5578514727798788,2.365032853748902
ca-CondMat,21363,91286,8.546177971258718,lsim,nc_base,graclus,0,0.2,0.1994062616392437,0.0,,ok,1,18203,0.2340117871305567,0.18619503538330084,0.23370505882610695,0.17734373288346517,0.21766755033630567,0.6663110615318868,0.0,0.6663110615318868,55,0.9811995160066915,0.4169219851201343,0.0,0.4169219851201343,,-0.2493890764117525,-0.2493890764117525,-0.2493890764117525,0.6663110615318868,3,0.2505494153980787,55.0,0.0,0.0,0.0,0.0,0.018302672845574124,0,0.0,0,,,,,,,,,,,0.1607542566683454,0.18949563603382558,0.06105377936425308,0.2505494153980787,0.6416069916305146,2.632994359108698
ca-CondMat,21363,91286,8.546177971258718,lspar,nc_base,graclus,0,0.2,0.18619503538330084,0.0,0.0,ok,1,16997,0.2340117871305567,0.18619503538330084,0.23370505882610695,0.17734373288346517,0.21766755033630567,0.6663110615318868,0.0,0.6663110615318868,55,0.9817929413283001,0.3204982511239642,0.0,0.3204982511239642,,-0.3458128104079226,-0.3458128104079226,-0.3458128104079226,0.6663110615318868,3,0.24619778398967657,55.0,0.0,0.0,0.0,0.0,0.01825586294059823,0,0.0,0,,,,,,,,,,,0.1607542566683454,0.18366433901246637,0.06253344497721021,0.24619778398967657,0.652947618225053,2.5706924786717082
ca-CondMat,21363,91286,8.546177971258718,dspar,nc_base,graclus,1,0.2,0.19962900481271317,0.00035217841570973045,0.2,ok,1,18223,0.2340117871305567,0.18619503538330084,0.23370505882610695,0.17734373288346517,0.21766755033630567,0.6663110615318868,0.0,0.6663110615318868,55,0.489823928048545,0.3451930919690868,0.0035845103032636993,0.3498191721581714,,-0.3211179695628,-0.3211179695628,-0.3252261719715704,0.6663110615318868,3,0.10011714667780325,55.0,0.0,0.0,0.0,0.0,0.050804350200502425,0,0.0,0,,,,,,,,,,,0.1607542566683454,0.02173617499647662,0.07838097168132663,0.10011714667780325,1.6056615874769617,2.050934725865911
email-Enron,33696,180811,10.731896961063628,kn,nc_base,graclus,1,0.5,0.5042318590498734,1.3035836337166101e-05,5.25,ok,1,91171,0.18635481248375374,0.15855783110540841,0.1862110159227038,0.15455364994386403,0.17915392315733003,0.3969772797564472,0.0,0.3969772797564472,171,0.549225980471518,0.3673749728505771,0.0011604060548192647,0.3685502737139477,,-0.029602306905870124,-0.029602306905870124,-0.03118183143667891,0.3969772797564472,3,0.49301240370065597,171.0,0.0,0.0,0.0,0.0,0.057355967078189296,0,0.0,0,,,,,,,,,,,0.5909281456648993,0.1104969730367884,0.38251543066386756,0.49301240370065597,1.1986070557845339,1.5448478631027378
email-Enron,33696,180811,10.731896961063628,ld,nc_base,graclus,0,0.5,0.5004562775494854,0.0,,ok,1,90488,0.18635481248375374,0.15855783110540841,0.1862110159227038,0.15455364994386403,0.17915392315733003,0.3969772797564472,0.0,0.3969772797564472,171,0.27648132329548963,0.263143895983404,0.0,0.263143895983404,,-0.1338333837730432,-0.1338333837730432,-0.1338333837730432,0.3969772797564472,3,0.925304210667188,171.0,8.0,0.00023741690408357076,1.0,0.0,0.0385505698005698,0,0.0,0,,,,,,,,,,,0.5909281456648993,0.49475920700933784,0.43054500365785014,0.925304210667188,0.6386312078260318,1.3725119108210673
email-Enron,33696,180811,10.731896961063628,lsim,nc_base,graclus,0,0.5,0.49899618939113216,0.0,,ok,1,90224,0.18635481248375374,0.15855783110540841,0.1862110159227038,0.15455364994386403,0.17915392315733003,0.3969772797564472,0.0,0.3969772797564472,171,0.6016440300146856,0.3716361785766591,0.0,0.3716361785766591,,-0.025341101179788106,-0.025341101179788106,-0.025341101179788106,0.3969772797564472,3,0.9087030483060516,171.0,0.0,0.0,0.0,0.0,0.07339150047483381,0,0.0,0,,,,,,,,,,,0.5909281456648993,0.5368221079697832,0.3718809403362684,0.9087030483060516,0.6502984080074026,1.5890250926292708
email-Enron,33696,180811,10.731896961063628,mst_jaccard,nc_base,graclus,0,0.5,0.5000027653184818,0.0,56711,ok,1,90406,0.18635481248375374,0.15855783110540841,0.1862110159227038,0.15455364994386403,0.17915392315733003,0.3969772797564472,0.0,0.3969772797564472,171,0.7202082384186641,0.42198273061928493,0.0,0.42198273061928493,,0.02500545086283773,0.02500545086283773,0.02500545086283773,0.3969772797564472,3,0.8752968746509093,171.0,0.0,0.0,0.0,0.0,0.04721628679962012,0,0.0,0,,,,,,,,,,,0.5909281456648993,0.37720203096978366,0.4980948436811256,0.8752968746509093,0.6751173947702903,1.1863767576827284
email-Enron,33696,180811,10.731896961063628,mst_random,nc_base,graclus,1,0.5,0.5000027653184818,0.0,56711,ok,1,90406,0.18635481248375374,0.15855783110540841,0.1862110159227038,0.15455364994386403,0.17915392315733003,0.3969772797564472,0.0,0.3969772797564472,171,0.41223576359287667,0.3385941355670701,0.00447248153008681,0.3419931381884465,,-0.05838314418937712,-0.05838314418937712,-0.06470213924292922,0.3969772797564472,3,0.7692670653147313,171.0,0.0,0.0,0.0,0.0,0.03822412155745489,0,0.0,0,,,,,,,,,,,0.5909281456648993,0.3671514139859937,0.40211565132873756,0.7692670653147313,0.7681703433165074,1.4695477376029906
email-Enron,33696,180811,10.731896961063628,lspar,nc_base,graclus,0,0.5,0.5054006669948178,0.0,0.6309318542480469,ok,1,91382,0.18635481248375374,0.15855783110540841,0.1862110159227038,0.15455364994386403,0.17915392315733003,0.3969772797564472,0.0,0.3969772797564472,171,0.6372954373642417,0.3948206715092372,0.0,0.3948206715092372,,-0.002156608247209979,-0.002156608247209979,-0.002156608247209979,0.3969772797564472,3,0.9536956876593952,171.0,0.0,0.0,0.0,0.0,0.038995726495726496,0,0.0,0,,,,,,,,,,,0.5909281456648993,0.5546966629917733,0.3989990246676219,0.9536956876593952,0.619619185984979,1.4810265417494695
email-Enron,33696,180811,10.731896961063628,dspar,nc_base,graclus,1,0.5,0.49989215257921255,0.00041330797001846146,0.5,ok,1,90386,0.18635481248375374,0.15855783110540841,0.1862110159227038,0.15455364994386403,0.17915392315733003,0.3969772797564472,0.0,0.3969772797564472,171,0.5694180762977172,0.3696558053758184,0.008353360125463186,0.37654042631442936,,-0.02732147438062882,-0.02732147438062882,-0.03907759468521721,0.3969772797564472,3,0.46848486132997397,171.0,0.0,0.0,0.0,0.0,0.058909069325735995,0,0.0,0,,,,,,,,,,,0.5909281456648993,0.0650520829949528,0.40343277833502117,0.46848486132997397,1.2613601728502455,1.4647499593455864
email-Enron,33696,180811,10.731896961063628,kn,nc_base,graclus,1,0.2,0.2017705412465687,0.00023361440793851168,1.1875,ok,1,36482,0.18635481248375374,0.15855783110540841,0.1862110159227038,0.15455364994386403,0.17915392315733003,0.3969772797564472,0.0,0.3969772797564472,171,0.5624350129710778,0.263370127505449,0.004046549987058081,0.2664672483355222,,-0.13360715225099817,-0.13360715225099817,-0.13932317377798104,0.3969772797564472,3,0.317718159329767,171.0,0.0,0.0,0.0,0.0,0.03926282051282051,0,0.0,0,,,,,,,,,,,0.5909281456648993,0.10304328799247742,0.2146748713372896,0.317718159329767,1.8599130339653056,2.7526656565986887
email-Enron,33696,180811,10.731896961063628,ld,nc_base,graclus,0,0.2,0.1998772198594112,0.0,,ok,1,36140,0.18635481248375374,0.15855783110540841,0.1862110159227038,0.15455364994386403,0.17915392315733003,0.3969772797564472,0.0,0.3969772797564472,171,0.5969364610478404,0.24845721597822332,0.0,0.24845721597822332,,-0.14852006377822388,-0.14852006377822388,-0.14852006377822388,0.3969772797564472,3,0.5644029316414768,171.0,27.0,0.0008012820512820514,5.0,0.0,0.04009377967711301,0,0.0,0,,,,,,,,,,,0.5909281456648993,0.37194369500502944,0.1924592366364474,0.5644029316414768,1.0469969458632649,3.0704067832356294
email-Enron,33696,180811,10.731896961063628,lsim,nc_base,graclus,0,0.2,0.19931862552610183,0.0,,ok,1,36039,0.18635481248375374,0.15855783110540841,0.1862110159227038,0.15455364994386403,0.17915392315733003,0.3969772797564472,0.0,0.3969772797564472,171,0.8884377076413499,0.3104564953200552,0.0,0.3104564953200552,,-0.086520784436392,-0.086520784436392,-0.086520784436392,0.3969772797564472,3,0.6199170829689441,171.0,0.0,0.0,0.0,0.0,0.04837369420702755,0,0.0,0,,,,,,,,,,,0.5909281456648993,0.3785372099955566,0.24137987297338745,0.6199170829689441,0.9532373956123144,2.4481251828732633
email-Enron,33696,180811,10.731896961063628,mst_jaccard,nc_base,graclus,0,0.2,0.1999988938726073,0.0,2467,ok,1,36162,0.18635481248375374,0.15855783110540841,0.1862110159227038,0.15455364994386403,0.17915392315733003,0.3969772797564472,0.0,0.3969772797564472,171,0.9406683147205616,0.3520232848961346,0.0,0.3520232848961346,,-0.044953994860312596,-0.044953994860312596,-0.044953994860312596,0.3969772797564472,3,0.6834996616429028,171.0,8.0,0.00023741690408357076,3.0,2.0,0.05876068376068375,0,0.0,0,,,,,,,,,,,0.5909281456648993,0.37543169799027964,0.3080679636526232,0.6834996616429028,0.8645624552973548,1.918174608805571
email-Enron,33696,180811,10.731896961063628,mst_random,nc_base,graclus,1,0.2,0.1999988938726073,0.0,2467,ok,1,36162,0.18635481248375374,0.15855783110540841,0.1862110159227038,0.15455364994386403,0.17915392315733003,0.3969772797564472,0.0,0.3969772797564472,171,0.8387047185158942,0.33403400802985034,0.002566833375941211,0.3371645940398206,,-0.06294327172659686,-0.06294327172659686,-0.06609995525417617,0.3969772797564472,3,0.6110120706337815,171.0,0.0,0.0,0.0,0.0,0.061332700221589105,0,0.0,0,,,,,,,,,,,0.5909281456648993,0.3670877609984018,0.24392430963537967,0.6110120706337815,0.9671300683993855,2.42258816494438
email-Enron,33696,180811,10.731896961063628,lspar,nc_base,graclus,0,0.2,0.15855783110540841,0.0,0.0,ok,0,28669,0.18635481248375374,0.15855783110540841,0.1862110159227038,0.15455364994386403,0.17915392315733003,0.3969772797564472,0.0,0.3969772797564472,171,0.9503149749465558,0.20902657030459937,0.0,0.20902657030459937,,-0.18795070945184783,-0.18795070945184783,-0.18795070945184783,0.3969772797564472,3,0.8080278192840826,171.0,8.0,0.00023741690408357076,4.0,3.0,0.03522673314339981,0,0.0,0,,,,,,,,,,,0.5909281456648993,0.5209478779579513,0.2870799413261314,0.8080278192840826,0.7313215356724537,2.0584097340105947
email-Enron,33696,180811,10.731896961063628,dspar,nc_base,graclus,1,0.2,0.20062385584947817,0.00037762547666042096,0.2,ok,1,36275,0.18635481248375374,0.15855783110540841,0.1862110159227038,0.15455364994386403,0.17915392315733003,0.3969772797564472,0.0,0.3969772797564472,171,0.5389073826310664,0.24565173103818624,0.002185858449787241,0.2478186840570987,,-0.15132554871826095,-0.15132554871826095,-0.15431826636076693,0.3969772797564472,3,0.3186010413531524,171.0,0.0,0.0,0.0,0.0,0.041844729344729346,0,0.0,0,,,,,,,,,,,0.5909281456648993,0.06812517700018361,0.2504758643529688,0.3186010413531524,1.8547589899741936,2.3592219042397136
com-Amazon,334863,925872,5.529855493141971,kn,nc_base,graclus,1,0.5,0.5002516546563672,0.00011748714888627128,1.65625,ok,1,463169,0.36167202377866486,0.3005696251749702,0.35213398828347764,0.2980671194290355,0.33027675531822975,0.842480750296846,0.0,0.842480750296846,306,0.8199550682114054,0.8048832656193379,0.002067977839481358,0.8070296524193212,,-0.03759748467750812,-0.03759748467750812,-0.040391017083487246,0.842480750296846,3,3.5180139316556356,306.0,0.0,0.0,0.0,0.0,0.14040766920601358,0,0.0,0,,,,,,,,,0.034987450336004755,0.0054178239999808685,3.756000137325221,0.7891556519898586,2.728858279665777,3.5180139316556356,1.0676478860780365,1.3763998538558204
com-Amazon,334863,925872,5.529855493141971,ld,nc_base,graclus,0,0.5,0.503845023934194,0.0,,ok,1,466496,0.36167202377866486,0.3005696251749702,0.35213398828347764,0.2980671194290355,0.33027675531822975,0.842480750296846,0.0,0.842480750296846,306,0.898029220799728,0.7993475629176389,0.0,0.7993475629176389,,-0.04313318737920713,-0.04313318737920713,-0.04313318737920713,0.842480750296846,3,6.136704135647355,306.0,0.0,0.0,0.0,0.0,0.10087408880646713,0,0.0,0,,,,,,,,,0.026755777047071588,0.005860839477507071,3.756000137325221,2.622026268974878,3.5146778666724763,6.136704135647355,0.6120549490901934,1.0686612770237225
com-Amazon,334863,925872,5.529855493141971,lsim,nc_base,graclus,0,0.5,0.5091729742340194,0.0,,ok,1,471429,0.36167202377866486,0.3005696251749702,0.35213398828347764,0.2980671194290355,0.33027675531822975,0.842480750296846,0.0,0.842480750296846,306,0.9833755834855917,0.8099569278057269,0.0,0.8099569278057269,,-0.03252382249111907,-0.03252382249111907,-0.03252382249111907,0.842480750296846,3,5.846959389998423,306.0,0.0,0.0,0.0,0.0,0.029083535654879755,0,0.0,0,,,,,,,,,0.02486989405491476,0.0036692179385526156,3.756000137325221,2.872814900998492,2.9741444889999307,5.846959389998423,0.6423851931911971,1.2628842180388462
com-Amazon,334863,925872,5.529855493141971,mst_jaccard,nc_base,graclus,0,0.5,0.5,0.0,128074,ok,1,462936,0.36167202377866486,0.3005696251749702,0.35213398828347764,0.2980671194290355,0.33027675531822975,0.842480750296846,0.0,0.842480750296846,306,0.994802312459056,0.8700178019719425,0.0,0.8700178019719425,,0.027537051675096458,0.027537051675096458,0.027537051675096458,0.842480750296846,3,2.416541815075713,306.0,0.0,0.0,0.0,0.0,0.028157783929547306,0,0.0,0,,,,,,,,,0.03647576619966438,0.0034613286186121377,3.756000137325221,0.9262299450929277,1.4903118699827853,2.416541815075713,1.5542872520943907,2.520277945158289
com-Amazon,334863,925872,5.529855493141971,mst_random,nc_base,graclus,1,0.5,0.5,0.0,128074,ok,1,462936,0.36167202377866486,0.3005696251749702,0.35213398828347764,0.2980671194290355,0.33027675531822975,0.842480750296846,0.0,0.842480750296846,306,0.8886364084604406,0.8351620253347614,0.0050009381606275815,0.8408064781658205,,-0.007318724962084633,-0.007318724962084633,-0.01383136976962518,0.842480750296846,3,3.7356353997602127,306.0,0.0,0.0,0.0,0.0,0.1630975453643231,0,0.0,0,,,,,,,,,0.042927552868525946,0.0045654579973795975,3.756000137325221,0.9020146140828729,2.83362078567734,3.7356353997602127,1.0054514789013713,1.32551262903988
com-Amazon,334863,925872,5.529855493141971,lspar,nc_base,graclus,0,0.5,0.5417692726424387,0.0,0.0625,ok,0,501609,0.36167202377866486,0.3005696251749702,0.35213398828347764,0.2980671194290355,0.33027675531822975,0.842480750296846,0.0,0.842480750296846,306,0.9472739003795468,0.8063591723011022,0.0,0.8063591723011022,,-0.03612157799574378,-0.03612157799574378,-0.03612157799574378,0.842480750296846,3,4.387764225384066,306.0,0.0,0.0,0.0,0.0,0.10119362246650122,0,0.0,0,,,,,,,,,0.029403433373941395,0.005395908952366016,3.756000137325221,2.02232814906165,2.3654360763224154,4.387764225384066,0.8560168560553079,1.587867951673731
com-Amazon,334863,925872,5.529855493141971,dspar,nc_base,graclus,1,0.5,0.500199451616062,0.0003911372244642342,0.5,ok,1,463121,0.36167202377866486,0.3005696251749702,0.35213398828347764,0.2980671194290355,0.33027675531822975,0.842480750296846,0.0,0.842480750296846,306,0.7942054836300696,0.7690117439166161,0.0009793678906711233,0.7703902273167444,,-0.0734690063802299,-0.0734690063802299,-0.07427478062765402,0.842480750296846,3,3.235216816596221,306.0,0.0,0.0,0.0,0.0,0.11904271299008849,0,0.0,0,,,,,,,,,0.034768890022702004,0.005629310898732294,3.756000137325221,0.3465458599384874,2.8886709566577338,3.235216816596221,1.1609732361854244,1.300251982202573
com-Amazon,334863,925872,5.529855493141971,kn,nc_base,graclus,1,0.3618,0.3643891020213017,3.200746362475897e-05,1.125,ok,1,337378,0.36167202377866486,0.3005696251749702,0.35213398828347764,0.2980671194290355,0.33027675531822975,0.842480750296846,0.0,0.842480750296846,306,0.7092399387402721,0.6708990645469592,0.0022904908852806154,0.6734285308969196,,-0.17158168574988675,-0.17158168574988675,-0.17459880950109252,0.842480750296846,3,2.655486905986133,306.0,0.0,0.0,0.0,0.0,0.039829223692475234,0,0.0,0,,,,,,,,,0.024950422832831377,0.0040052803318297615,3.756000137325221,0.753113068989478,1.9023738369966547,2.655486905986133,1.414429922007243,1.9743754167976533
com-Amazon,334863,925872,5.529855493141971,ld,nc_base,graclus,0,0.3618,0.36104882748371264,0.0,,ok,1,334285,0.36167202377866486,0.3005696251749702,0.35213398828347764,0.2980671194290355,0.33027675531822975,0.842480750296846,0.0,0.842480750296846,306,0.9925024163958716,0.8028743862396267,1.1102230246251565e-16,0.8028743862396268,,-0.03960636405721929,-0.03960636405721929,-0.03960636405721918,0.842480750296846,3,4.591289174975827,306.0,0.0,0.0,0.0,0.0,0.003476048413828939,0,0.0,0,,,,,,,,,0.026447707687896765,0.003093248972800078,3.756000137325221,2.327014257956762,2.2642749170190655,4.591289174975827,0.8180709152010658,1.6588092325246542
com-Amazon,334863,925872,5.529855493141971,lsim,nc_base,graclus,0,0.3618,0.35865540809096724,0.0,,ok,1,332069,0.36167202377866486,0.3005696251749702,0.35213398828347764,0.2980671194290355,0.33027675531822975,0.842480750296846,0.0,0.842480750296846,306,0.9966325438189946,0.6976998751387634,0.0,0.6976998751387634,,-0.14478087515808258,-0.14478087515808258,-0.14478087515808258,0.842480750296846,3,5.688526536687277,306.0,0.0,0.0,0.0,0.0,0.0035088976685988,0,0.0,0,,,,,,,,,0.023321869386498235,0.003105348958260914,3.756000137325221,2.6842750280047767,3.0042515086825006,5.688526536687277,0.6602764552650806,1.2502282603404253
com-Amazon,334863,925872,5.529855493141971,mst_jaccard,nc_base,graclus,0,0.3618,0.36179947120120276,0.0,118,ok,1,334980,0.36167202377866486,0.3005696251749702,0.35213398828347764,0.2980671194290355,0.33027675531822975,0.842480750296846,0.0,0.842480750296846,306,0.9933074527114585,0.867380899391723,1.1102230246251565e-16,0.8673808993917229,,0.024900149094877033,0.024900149094877033,0.024900149094876922,0.842480750296846,3,2.3235322114196606,306.0,0.0,0.0,0.0,0.0,0.04436739801052967,0,0.0,0,,,,,,,,,0.0362724525597507,0.003672597087114928,3.756000137325221,0.9273544880561531,1.3961777233635075,2.3235322114196606,1.6165044404658084,2.6902020240494213
com-Amazon,334863,925872,5.529855493141971,mst_random,nc_base,graclus,1,0.3618,0.36179947120120276,0.0,118,ok,1,334980,0.36167202377866486,0.3005696251749702,0.35213398828347764,0.2980671194290355,0.33027675531822975,0.842480750296846,0.0,0.842480750296846,306,0.9931021405252158,0.8677070781146415,0.001372327346556473,0.8691433361652731,,0.025226327817795546,0.025226327817795546,0.023377802566301842,0.842480750296846,3,2.4013961550469203,306.0,0.0,0.0,0.0,0.0,0.025976792499221076,0,0.0,0,,,,,,,,,0.035881416054828946,0.0038951463501301262,3.756000137325221,0.9016863610595465,1.4997097939873736,2.4013961550469203,1.5640901770544535,2.50448463588339
com-Amazon,334863,925872,5.529855493141971,lspar,nc_base,graclus,0,0.3618,0.3005696251749702,0.0,0.0,ok,0,278289,0.36167202377866486,0.3005696251749702,0.35213398828347764,0.2980671194290355,0.33027675531822975,0.842480750296846,0.0,0.842480750296846,306,0.996725264816229,0.5296424281843395,0.0,0.5296424281843395,,-0.3128383221125065,-0.3128383221125065,-0.3128383221125065,0.842480750296846,3,7.331738627748564,306.0,0.0,0.0,0.0,0.0,0.003272980293433434,0,0.0,0,,,,,,,,,0.01701339015554487,0.003115251947592555,3.756000137325221,2.0227485530776903,5.308990074670874,7.331738627748564,0.5122932401204019,0.7074792162910705
com-Amazon,334863,925872,5.529855493141971,dspar,nc_base,graclus,1,0.3618,0.36184807403183167,0.0003403380864479313,0.3618,ok,1,335025,0.36167202377866486,0.3005696251749702,0.35213398828347764,0.2980671194290355,0.33027675531822975,0.842480750296846,0.0,0.842480750296846,306,0.6570969616292425,0.6164165221853225,0.0014180200954710942,0.6176527184588315,,-0.2260642281115235,-0.2260642281115235,-0.22804981868582985,0.842480750296846,3,4.921097101313838,306.0,0.0,0.0,0.0,0.0,0.03415824780084193,0,0.0,0,,,,,,,,,0.025196141227236974,0.0035740626603099736,3.756000137325221,0.35359168995637447,4.567505411357463,4.921097101313838,0.7632444676457292,0.8223307471044544
com-Amazon,334863,925872,5.529855493141971,kn,nc_base,graclus,1,0.2,0.20376502727518853,0.00016538330334681792,0.59375,ok,1,188660,0.36167202377866486,0.3005696251749702,0.35213398828347764,0.2980671194290355,0.33027675531822975,0.842480750296846,0.0,0.842480750296846,306,0.31241847399635475,0.2623359821856787,0.0004916096858939056,0.2629764574139479,,-0.5801447681111673,-0.5801447681111673,-0.5806992358181107,0.842480750296846,3,27.84186633930464,306.0,0.0,0.0,0.0,0.0,0.003272980293433434,0,0.0,0,,,,,,,,,0.010982220380582686,0.0030587073790668555,3.756000137325221,0.70729280897649,27.13457353032815,27.84186633930464,0.1349047542844798,0.13842119660097707
com-Amazon,334863,925872,5.529855493141971,ld,nc_base,graclus,0,0.2,0.3521339882834777,5.551115123125783e-17,,ok,0,326031,0.36167202377866486,0.3005696251749702,0.35213398828347764,0.2980671194290355,0.33027675531822975,0.842480750296846,0.0,0.842480750296846,306,0.9959106545201238,0.7920843799502993,1.1102230246251565e-16,0.7920843799502995,,-0.05039637034654665,-0.05039637034654665,-0.05039637034654654,0.842480750296846,3,5.100739558654217,306.0,0.0,0.0,0.0,0.0,0.0033924321289602022,0,0.0,0,,,,,,,,,0.028132903221594622,0.0030650819689338584,3.756000137325221,2.3468370659975335,2.753902492656683,5.100739558654217,0.7363638339370943,1.363882761768307
com-Amazon,334863,925872,5.529855493141971,lsim,nc_base,graclus,0,0.2,0.2980671194290355,0.0,,ok,0,275972,0.36167202377866486,0.3005696251749702,0.35213398828347764,0.2980671194290355,0.33027675531822975,0.842480750296846,0.0,0.842480750296846,306,0.9967201064775961,0.5274357689727087,0.0,0.5274357689727087,,-0.3150449813241373,-0.3150449813241373,-0.3150449813241373,0.842480750296846,3,8.09584212101375,306.0,0.0,0.0,0.0,0.0,0.003275966589321603,0,0.0,0,,,,,,,,,0.016949972327151983,0.003106242855952062,3.756000137325221,2.531988609000109,5.563853512013641,8.09584212101375,0.4639418705530414,0.67507171589172
com-Amazon,334863,925872,5.529855493141971,lspar,nc_base,graclus,0,0.2,0.3005696251749702,0.0,0.0,floor,0,278289,0.36167202377866486,0.3005696251749702,0.35213398828347764,0.2980671194290355,0.33027675531822975,0.842480750296846,0.0,0.842480750296846,306,0.996725264816229,0.5296424281843395,0.0,0.5296424281843395,,-0.3128383221125065,-0.3128383221125065,-0.3128383221125065,0.842480750296846,3,6.178240239057534,306.0,0.0,0.0,0.0,0.0,0.003272980293433434,0,0.0,0,,,,,,,,,0.01701339015554487,0.0030630909468851637,3.756000137325221,0.9258435410447419,5.2523966980127925,6.178240239057534,0.6079401240470674,0.7151021435121756
com-Amazon,334863,925872,5.529855493141971,dspar,nc_base,graclus,1,0.2,0.2000938934683556,0.00023174893931943662,0.2,ok,1,185261,0.36167202377866486,0.3005696251749702,0.35213398828347764,0.2980671194290355,0.33027675531822975,0.842480750296846,0.0,0.842480750296846,306,0.33528026645832115,0.2888110825548144,0.0009731875231142998,0.28984946532726147,,-0.5536696677420316,-0.5536696677420316,-0.5549711390309318,0.842480750296846,3,29.150477924306568,306.0,0.0,0.0,0.0,0.0,0.0033784960814820784,0,0.0,0,,,,,,,,,0.012385800924762784,0.0030476189579661628,3.756000137325221,0.33422533195698634,28.81625259234958,29.150477924306568,0.12884866406232579,0.13034311540989202
com-Amazon,334863,925872,5.529855493141971,kn,gt,graclus,1,0.5,0.5002516546563672,0.00011748714888627128,1.65625,ok,1,463169,0.36167202377866486,0.3005696251749702,0.35213398828347764,0.2980671194290355,0.33027675531822975,0.805281307947988,0.0,0.805281307947988,5000,0.7492856515020876,0.7184806993633046,0.0011227585149741054,0.7200030428878561,,-0.08680060858468341,-0.08680060858468341,-0.08795259061980565,0.805281307947988,3,122.11884691102507,5000.0,234.0,0.0006987932378315909,103.66666666666667,68.0,0.008367601078650075,0,0.0,0,,,,,,,,,0.17413370319451812,0.030050616553777595,41.35477743165878,0.78971686901059,121.32913004201448,122.11884691102507,0.33864369405477257,0.3408478855600319
com-Amazon,334863,925872,5.529855493141971,ld,gt,graclus,0,0.5,0.503845023934194,0.0,,ok,1,466496,0.36167202377866486,0.3005696251749702,0.35213398828347764,0.2980671194290355,0.33027675531822975,0.805281307947988,0.0,0.805281307947988,5000,0.8642948130552434,0.7304997617117021,0.0,0.7304997617117021,,-0.07478154623628597,-0.07478154623628597,-0.07478154623628597,0.805281307947988,3,32.862683157979816,5000.0,7.0,2.0904071217184343e-05,1.0,0.0,0.006363796537688547,0,0.0,0,,,,,,,,,0.17173599926327465,0.0315325490815465,41.35477743165878,2.5179194269585423,30.344763731021278,32.862683157979816,1.258411470325024,1.3628307604643508
com-Amazon,334863,925872,5.529855493141971,lsim,gt,graclus,0,0.5,0.5091729742340194,0.0,,ok,1,471429,0.36167202377866486,0.3005696251749702,0.35213398828347764,0.2980671194290355,0.33027675531822975,0.805281307947988,0.0,0.805281307947988,5000,0.9664569511007279,0.762906601099348,0.0,0.762906601099348,,-0.042374706848639976,-0.042374706848639976,-0.042374706848639976,0.805281307947988,3,84.47984312798751,5000.0,71.0,0.00021202700806001264,18.0,10.0,0.0014991205358609342,0,0.0,0,,,,,,,,,0.1575221249022471,0.027353845165543664,41.35477743165878,2.7403859589830972,81.73945716900441,84.47984312798751,0.4895224221594023,0.5059340845162905
com-Amazon,334863,925872,5.529855493141971,mst_jaccard,gt,graclus,0,0.5,0.5,0.0,128074,ok,1,462936,0.36167202377866486,0.3005696251749702,0.35213398828347764,0.2980671194290355,0.33027675531822975,0.805281307947988,0.0,0.805281307947988,5000,0.9808920268501645,0.7797844206183332,0.0,0.7797844206183332,,-0.025496887329654827,-0.025496887329654827,-0.025496887329654827,0.805281307947988,3,19.273968456002574,5000.0,0.0,0.0,0.0,0.0,0.0038642668792909338,0,0.0,0,,,,,,,,,0.171061557767946,0.028545959856646222,41.35477743165878,0.9536032120231539,18.32036524397942,19.273968456002574,2.145628572862974,2.257311842909306
com-Amazon,334863,925872,5.529855493141971,mst_random,gt,graclus,1,0.5,0.5,0.0,128074,ok,1,462936,0.36167202377866486,0.3005696251749702,0.35213398828347764,0.2980671194290355,0.33027675531822975,0.805281307947988,0.0,0.805281307947988,5000,0.8502972189055374,0.7650610364283726,0.00042168666573084626,0.7654399958350818,,-0.04022027151961538,-0.04022027151961538,-0.04080852658847378,0.805281307947988,3,30.257320703647565,5000.0,2.0,5.972591776338384e-06,0.3333333333333333,0.0,0.034667908965756146,0,0.0,0,,,,,,,,,0.18021429477412212,0.029402132502148154,41.35477743165878,0.9275143690174446,29.32980633463012,30.257320703647565,1.3667693130103684,1.409991493289562
com-Amazon,334863,925872,5.529855493141971,lspar,gt,graclus,0,0.5,0.5417692726424387,0.0,0.0625,ok,0,501609,0.36167202377866486,0.3005696251749702,0.35213398828347764,0.2980671194290355,0.33027675531822975,0.805281307947988,0.0,0.805281307947988,5000,0.9335991342954337,0.7572972277475533,0.0,0.7572972277475533,,-0.047984080200434764,-0.047984080200434764,-0.047984080200434764,0.805281307947988,3,211.38225500706662,5000.0,671.0,0.0020038045409615274,301.0,213.0,0.0057307018093966785,0,0.0,0,,,,,,,,,0.16482985918818827,0.029238809075333973,41.35477743165878,2.017561662069056,209.36469334499756,211.38225500706662,0.19563977794766296,0.19752507823042117
com-Amazon,334863,925872,5.529855493141971,dspar,gt,graclus,1,0.5,0.500199451616062,0.0003911372244642342,0.5,ok,1,463121,0.36167202377866486,0.3005696251749702,0.35213398828347764,0.2980671194290355,0.33027675531822975,0.805281307947988,0.0,0.805281307947988,5000,0.7314182859365571,0.6903944609879341,0.0011008076693793775,0.6917357378278477,,-0.11488684696005391,-0.11488684696005391,-0.11624188191454332,0.805281307947988,3,158.71170403400902,5000.0,232.66666666666666,0.0006948115099806987,157.0,134.66666666666666,0.006675366742020866,0,0.0,0,,,,,,,,,0.16658918152742436,0.030024532847181006,41.35477743165878,0.3511974629946053,158.3605065710144,158.71170403400902,0.26056539234685056,0.26114325046765274
com-Amazon,334863,925872,5.529855493141971,kn,gt,graclus,1,0.3618,0.3643891020213017,3.200746362475897e-05,1.125,ok,1,337378,0.36167202377866486,0.3005696251749702,0.35213398828347764,0.2980671194290355,0.33027675531822975,0.805281307947988,0.0,0.805281307947988,5000,0.673538771878084,0.625156103518211,0.0007727632050950736,0.6261391787426006,,-0.18012520442977697,-0.18012520442977697,-0.18103016287371199,0.805281307947988,3,117.5454002986274,5000.0,210.66666666666666,0.0006291130004409763,95.33333333333333,70.66666666666667,0.007061594343557415,0,0.0,0,,,,,,,,,0.1481175061814006,0.028209226163638572,41.35477743165878,0.7281779949553311,116.81722230367207,117.5454002986274,0.3518196146050446,0.35401267566656414
com-Amazon,334863,925872,5.529855493141971,ld,gt,graclus,0,0.3618,0.36104882748371264,0.0,,ok,1,334285,0.36167202377866486,0.3005696251749702,0.35213398828347764,0.2980671194290355,0.33027675531822975,0.805281307947988,0.0,0.805281307947988,5000,0.9345139953759183,0.6982520575947326,0.0,0.6982520575947326,,-0.10702925035325539,-0.10702925035325539,-0.10702925035325539,0.805281307947988,3,143.09016577133056,5000.0,218.0,0.0006510125036208838,42.0,20.0,0.005706811442291325,0,0.0,0,,,,,,,,,0.16179991610133612,0.029798903385168576,41.35477743165878,2.2482602469972335,140.84190552433333,143.09016577133056,0.2890120170644501,0.2936255177583769
com-Amazon,334863,925872,5.529855493141971,lsim,gt,graclus,0,0.3618,0.35865540809096724,0.0,,ok,1,332069,0.36167202377866486,0.3005696251749702,0.35213398828347764,0.2980671194290355,0.33027675531822975,0.805281307947988,0.0,0.805281307947988,5000,0.9950347551240954,0.6808806694028852,0.0,0.6808806694028852,,-0.12440063854510286,-0.12440063854510286,-0.12440063854510286,0.805281307947988,3,14.667008280036194,5000.0,0.0,0.0,0.0,0.0,0.0007495602679304671,0,0.0,0,,,,,,,,,0.1378075748275172,0.026312694119348938,41.35477743165878,2.5368461080361158,12.130162172000079,14.667008280036194,2.8195782426841807,3.409251817516304
com-Amazon,334863,925872,5.529855493141971,mst_jaccard,gt,graclus,0,0.3618,0.36179947120120276,0.0,118,ok,1,334980,0.36167202377866486,0.3005696251749702,0.35213398828347764,0.2980671194290355,0.33027675531822975,0.805281307947988,0.0,0.805281307947988,5000,0.9750502788569329,0.762708481155145,0.0,0.762708481155145,,-0.04257282679284302,-0.04257282679284302,-0.04257282679284302,0.805281307947988,3,15.328900412714574,5000.0,6.0,1.791777532901515e-05,1.0,0.0,0.0030490081018207447,0,0.0,0,,,,,,,,,0.16781398204270417,0.027115877645678375,41.35477743165878,0.9544301330461167,14.374470279668458,15.328900412714574,2.6978306543995165,2.876960098498504
com-Amazon,334863,925872,5.529855493141971,mst_random,gt,graclus,1,0.3618,0.36179947120120276,0.0,118,ok,1,334980,0.36167202377866486,0.3005696251749702,0.35213398828347764,0.2980671194290355,0.33027675531822975,0.805281307947988,0.0,0.805281307947988,5000,0.9752511271731429,0.763315299131277,0.0005640701600977112,0.7639754859230081,,-0.041966008816710976,-0.041966008816710976,-0.04268388793728395,0.805281307947988,3,16.112922538673352,5000.0,4.0,1.1945183552676768e-05,0.6666666666666666,0.0,0.0037617373871304586,0,0.0,0,,,,,,,,,0.16869009447628733,0.02735960477821013,41.35477743165878,0.9272182109998539,15.185704327673497,16.112922538673352,2.5665596872573126,2.7232702902226515
com-Amazon,334863,925872,5.529855493141971,lspar,gt,graclus,0,0.3618,0.3005696251749702,0.0,0.0,ok,0,278289,0.36167202377866486,0.3005696251749702,0.35213398828347764,0.2980671194290355,0.33027675531822975,0.805281307947988,0.0,0.805281307947988,5000,0.9985986275899813,0.5297859714816987,0.0,0.5297859714816987,,-0.2754953364662893,-0.2754953364662893,-0.2754953364662893,0.805281307947988,3,75.59374180071366,5000.0,9.0,2.6876662993522727e-05,2.0,1.0,0.0007435876761541287,0,0.0,0,,,,,,,,,0.1128137932060322,0.025598611034436274,41.35477743165878,2.0273295240476727,73.56641227666599,75.59374180071366,0.5470661518605812,0.5621420992522129
com-Amazon,334863,925872,5.529855493141971,dspar,gt,graclus,1,0.3618,0.36184807403183167,0.0003403380864479313,0.3618,ok,1,335025,0.36167202377866486,0.3005696251749702,0.35213398828347764,0.2980671194290355,0.33027675531822975,0.805281307947988,0.0,0.805281307947988,5000,0.618789308839208,0.5649063777462636,0.0018506589299891452,0.5670028187791057,,-0.2403749302017244,-0.2403749302017244,-0.24278002542112465,0.805281307947988,3,164.34038910304662,5000.0,224.0,0.000668930278949899,160.33333333333334,141.0,0.004338092493547112,0,0.0,0,,,,,,,,,0.14140464536768296,0.029045197334669377,41.35477743165878,0.3498780430527404,163.99051105999388,164.34038910304662,0.25164098525851747,0.2521778678799876
com-Amazon,334863,925872,5.529855493141971,kn,gt,graclus,1,0.2,0.20376502727518853,0.00016538330334681792,0.59375,ok,1,188660,0.36167202377866486,0.3005696251749702,0.35213398828347764,0.2980671194290355,0.33027675531822975,0.805281307947988,0.0,0.805281307947988,5000,0.3125183714048227,0.2624974603518957,0.00046235682264269656,0.2631259227782408,,-0.5427838475960923,-0.5427838475960923,-0.5432544021318073,0.805281307947988,3,32.24815977230901,5000.0,6.0,1.791777532901515e-05,0.6666666666666666,0.0,0.0005693870826775925,0,0.0,0,,,,,,,,,0.07971613858647103,0.025485906870243793,41.35477743165878,0.6973745959694497,31.55078517633956,32.24815977230901,1.2823918550282514,1.3107368707474003
com-Amazon,334863,925872,5.529855493141971,ld,gt,graclus,0,0.2,0.3521339882834777,5.551115123125783e-17,,ok,0,326031,0.36167202377866486,0.3005696251749702,0.35213398828347764,0.2980671194290355,0.33027675531822975,0.805281307947988,0.0,0.805281307947988,5000,0.9411797260379183,0.6987768459248125,0.0,0.6987768459248125,,-0.10650446202317554,-0.10650446202317554,-0.10650446202317554,0.805281307947988,3,138.72843491093954,5000.0,354.0,0.0010571487444118938,63.0,23.0,0.002006790836849697,0,0.0,0,,,,,,,,,0.16179111046066558,0.02946823344576185,41.35477743165878,2.216350006929133,136.5120849040104,138.72843491093954,0.2980987816824114,0.30293858203643825
com-Amazon,334863,925872,5.529855493141971,lsim,gt,graclus,0,0.2,0.2980671194290355,0.0,,ok,0,275972,0.36167202377866486,0.3005696251749702,0.35213398828347764,0.2980671194290355,0.33027675531822975,0.805281307947988,0.0,0.805281307947988,5000,0.9989871632718256,0.5275784245543437,0.0,0.5275784245543437,,-0.27770288339364435,-0.27770288339364435,-0.27770288339364435,0.805281307947988,3,14.889479665357308,5000.0,4.0,1.1945183552676764e-05,1.0,0.0,0.000561423626975808,0,0.0,0,,,,,,,,,0.112548856221157,0.025658142373518968,41.35477743165878,2.343027474998962,12.546452190358346,14.889479665357308,2.777449471782221,3.2961331860363647
com-Amazon,334863,925872,5.529855493141971,lspar,gt,graclus,0,0.2,0.3005696251749702,0.0,0.0,floor,0,278289,0.36167202377866486,0.3005696251749702,0.35213398828347764,0.2980671194290355,0.33027675531822975,0.805281307947988,0.0,0.805281307947988,5000,0.9985986275899813,0.5297859714816987,0.0,0.5297859714816987,,-0.2754953364662893,-0.2754953364662893,-0.2754953364662893,0.805281307947988,3,74.71407128872427,5000.0,9.0,2.6876662993522727e-05,2.0,1.0,0.0007435876761541287,0,0.0,0,,,,,,,,,0.1128137932060322,0.02549409277229154,41.35477743165878,0.9121553470613435,73.80191594166293,74.71407128872427,0.5535072138131493,0.5603482904745706
com-Amazon,334863,925872,5.529855493141971,dspar,gt,graclus,1,0.2,0.2000938934683556,0.00023174893931943662,0.2,ok,1,185261,0.36167202377866486,0.3005696251749702,0.35213398828347764,0.2980671194290355,0.33027675531822975,0.805281307947988,0.0,0.805281307947988,5000,0.3322845501257497,0.2837990866298488,0.0009434834193139752,0.2847223809539272,,-0.5214822213181391,-0.5214822213181391,-0.5227780669800117,0.805281307947988,3,33.18369541032007,5000.0,5.666666666666667,1.6922343366292086e-05,1.0,0.0,0.0005544556032367466,0,0.0,0,,,,,,,,,0.0861497960594591,0.02583534376414269,41.35477743165878,0.3261359439929947,32.857559466327075,33.18369541032007,1.2462378562815979,1.2586077025604956
com-DBLP,317080,1049866,6.622089062697111,kn,nc_base,graclus,1,0.5,0.5005854715427175,6.086251706796668e-05,2.1875,ok,1,525548,0.30201854331886163,0.24407972065006392,0.30127749636620293,0.23373554339315683,0.2773830184042535,0.7222618631245794,0.0,0.7222618631245794,229,0.7914565335793888,0.6944345510889578,0.002316753928090855,0.6961667617645256,,-0.02782731203562161,-0.02782731203562161,-0.03110186246860147,0.7222618631245794,3,3.4623849430160285,229.0,0.0,0.0,0.0,0.0,0.12976535889996216,0,0.0,0,,,,,,,,,0.04537802275643887,0.009547726125652026,4.153369777661283,0.8988186360220425,2.563566306993986,3.4623849430160285,1.1995690386879247,1.6201530525385495
com-DBLP,317080,1049866,6.622089062697111,ld,nc_base,graclus,0,0.5,0.4996266190161411,0.0,,ok,1,524541,0.30201854331886163,0.24407972065006392,0.30127749636620293,0.23373554339315683,0.2773830184042535,0.7222618631245794,0.0,0.7222618631245794,229,0.7104692178073714,0.6636933497635784,0.0,0.6636933497635784,,-0.058568513361000996,-0.058568513361000996,-0.058568513361000996,0.7222618631245794,3,6.344480071740691,229.0,0.0,0.0,0.0,0.0,0.05899142172322442,0,0.0,0,,,,,,,,,0.04351450076316309,0.008145331980776264,4.153369777661283,2.8301364110666327,3.514343660674058,6.344480071740691,0.6546430488703153,1.181833701734411
com-DBLP,317080,1049866,6.622089062697111,lsim,nc_base,graclus,0,0.5,0.4999828549548228,0.0,,ok,1,524915,0.30201854331886163,0.24407972065006392,0.30127749636620293,0.23373554339315683,0.2773830184042535,0.7222618631245794,0.0,0.7222618631245794,229,0.9491723669060359,0.6787877791816318,0.0,0.6787877791816318,,-0.043474083942947606,-0.043474083942947606,-0.043474083942947606,0.7222618631245794,3,6.43194362798628,229.0,0.0,0.0,0.0,0.0,0.06994133972499054,0,0.0,0,,,,,,,,,0.02845897865477388,0.005925932256626583,4.153369777661283,3.2154310849728063,3.2165125430134744,6.43194362798628,0.645741010476117,1.2912649094693376
com-DBLP,317080,1049866,6.622089062697111,mst_jaccard,nc_base,graclus,0,0.5,0.5,0.0,207854,ok,1,524933,0.30201854331886163,0.24407972065006392,0.30127749636620293,0.23373554339315683,0.2773830184042535,0.7222618631245794,0.0,0.7222618631245794,229,0.9929927032294892,0.7605127202972565,1.1102230246251565e-16,0.7605127202972566,,0.038250857172677066,0.038250857172677066,0.03825085717267718,0.7222618631245794,3,2.647725935656733,229.0,0.0,0.0,0.0,0.0,0.02227513561246373,0,0.0,0,,,,,,,,,0.03394004488990492,0.0056216086955315795,4.153369777661283,1.1173100199666806,1.530415915690052,2.647725935656733,1.5686554721272898,2.7138830268819847
com-DBLP,317080,1049866,6.622089062697111,mst_random,nc_base,graclus,1,0.5,0.5,0.0,207854,ok,1,524933,0.30201854331886163,0.24407972065006392,0.30127749636620293,0.23373554339315683,0.2773830184042535,0.7222618631245794,0.0,0.7222618631245794,229,0.7867457164061601,0.713381728970567,0.005196628911899093,0.7203565249781466,,-0.008880134154012453,-0.008880134154012453,-0.014372923282113592,0.7222618631245794,3,3.910348425658109,229.0,0.0,0.0,0.0,0.0,0.18727450485681849,0,0.0,0,,,,,,,,,0.0449712179050892,0.007324352111179277,4.153369777661283,1.0787412200006656,2.8316072056574435,3.910348425658109,1.062148260346461,1.4667888149751165
com-DBLP,317080,1049866,6.622089062697111,lspar,nc_base,graclus,0,0.5,0.5030422930164421,0.0,0.375,ok,1,528127,0.30201854331886163,0.24407972065006392,0.30127749636620293,0.23373554339315683,0.2773830184042535,0.7222618631245794,0.0,0.7222618631245794,229,0.9335491672705917,0.6886371804620522,0.0,0.6886371804620522,,-0.03362468266252716,-0.03362468266252716,-0.03362468266252716,0.7222618631245794,3,3.8180871429697922,229.0,0.0,0.0,0.0,0.0,0.10046675917749463,0,0.0,0,,,,,,,,,0.0346718483153781,0.006935386477403777,4.153369777661283,1.2743024319643155,2.5437847110054768,3.8180871429697922,1.0878142960432013,1.6327520798800572
com-DBLP,317080,1049866,6.622089062697111,dspar,nc_base,graclus,1,0.5,0.5001939930111716,0.00032318372572927393,0.5,ok,1,525137,0.30201854331886163,0.24407972065006392,0.30127749636620293,0.23373554339315683,0.2773830184042535,0.7222618631245794,0.0,0.7222618631245794,229,0.7855563356663595,0.6737427517644338,0.0027664909219854137,0.6776439842393556,,-0.04851911136014564,-0.04851911136014564,-0.050725651247556236,0.7222618631245794,3,3.0568525827062936,229.0,0.0,0.0,0.0,0.0,0.15435011143349733,0,0.0,0,,,,,,,,,0.043649885374422076,0.008161474141821686,4.153369777661283,0.3842710690223612,2.6725815136839324,3.0568525827062936,1.3587079079829947,1.5540666417078544
com-DBLP,317080,1049866,6.622089062697111,kn,nc_base,graclus,1,0.3022,0.3041810415170444,7.556386506540864e-05,1.125,ok,1,319349,0.30201854331886163,0.24407972065006392,0.30127749636620293,0.23373554339315683,0.2773830184042535,0.7222618631245794,0.0,0.7222618631245794,229,0.6968882037914492,0.555326864112876,0.003428883661103219,0.559391853447728,,-0.1669349990117034,-0.1669349990117034,-0.17125720130734867,0.7222618631245794,3,2.6545777766150422,229.0,0.0,0.0,0.0,0.0,0.062065304234472894,0,0.0,0,,,,,,,,,0.025322134059808335,0.006071588965760768,4.153369777661283,0.7759373129811138,1.8786404636339284,2.6545777766150422,1.5646065503333677,2.210838027850872
com-DBLP,317080,1049866,6.622089062697111,ld,nc_base,graclus,0,0.3022,0.3022014238007517,0.0,,ok,1,317271,0.30201854331886163,0.24407972065006392,0.30127749636620293,0.23373554339315683,0.2773830184042535,0.7222618631245794,0.0,0.7222618631245794,229,0.9837045965349605,0.6553490122839998,0.0,0.6553490122839998,,-0.06691285084057963,-0.06691285084057963,-0.06691285084057963,0.7222618631245794,3,4.409287113405298,229.0,0.0,0.0,0.0,0.0,0.0044941339724990535,0,0.0,0,,,,,,,,,0.030200705222029074,0.005429074096703121,4.153369777661283,2.345217988069635,2.0640691253356636,4.409287113405298,0.9419594757243263,2.0122241676309423
com-DBLP,317080,1049866,6.622089062697111,lsim,nc_base,graclus,0,0.3022,0.3025214646440593,0.0,,ok,1,317607,0.30201854331886163,0.24407972065006392,0.30127749636620293,0.23373554339315683,0.2773830184042535,0.7222618631245794,0.0,0.7222618631245794,229,0.9932956138956902,0.5754317062854402,0.0,0.5754317062854402,,-0.14683015683913925,-0.14683015683913925,-0.14683015683913925,0.7222618631245794,3,6.435883148398716,229.0,0.0,0.0,0.0,0.0,0.007446070392330011,0,0.0,0,,,,,,,,,0.017291170606989183,0.005406573938748723,4.153369777661283,2.633604475064203,3.802278673334513,6.435883148398716,0.6453457407309616,1.0923370258968605
com-DBLP,317080,1049866,6.622089062697111,mst_jaccard,nc_base,graclus,0,0.3022,0.30220047129824185,0.0,191,ok,1,317270,0.30201854331886163,0.24407972065006392,0.30127749636620293,0.23373554339315683,0.2773830184042535,0.7222618631245794,0.0,0.7222618631245794,229,0.9944007911190138,0.7567724135234103,0.0,0.7567724135234103,,0.034510550398830886,0.034510550398830886,0.034510550398830886,0.7222618631245794,3,2.297640658934445,229.0,0.0,0.0,0.0,0.0,0.007761448214961524,0,0.0,0,,,,,,,,,0.0331665186713968,0.0055850156104660445,4.153369777661283,1.1142994099645875,1.1833412489698578,2.297640658934445,1.8076672527145525,3.509866474507623
com-DBLP,317080,1049866,6.622089062697111,mst_random,nc_base,graclus,1,0.3022,0.30220047129824185,0.0,191,ok,1,317270,0.30201854331886163,0.24407972065006392,0.30127749636620293,0.23373554339315683,0.2773830184042535,0.7222618631245794,0.0,0.7222618631245794,229,0.9939257965544009,0.7576162885944241,0.000544907533171134,0.7582519702882241,,0.035354425469844686,0.035354425469844686,0.03465933415218869,0.7222618631245794,3,2.2973168459526887,229.0,0.0,0.0,0.0,0.0,0.008145157899163197,0,0.0,0,,,,,,,,,0.0337964176523519,0.0056301884266395825,4.153369777661283,1.0773607029695995,1.219956142983089,2.2973168459526887,1.8079220482705753,3.404523844197616
com-DBLP,317080,1049866,6.622089062697111,lspar,nc_base,graclus,0,0.3022,0.24407972065006392,0.0,0.0,ok,0,256251,0.30201854331886163,0.24407972065006392,0.30127749636620293,0.23373554339315683,0.2773830184042535,0.7222618631245794,0.0,0.7222618631245794,229,0.9956234932610836,0.42665282492467566,0.0,0.42665282492467566,,-0.29560903819990375,-0.29560903819990375,-0.29560903819990375,0.7222618631245794,3,9.40683120196142,229.0,0.0,0.0,0.0,0.0,0.004371136621672764,0,0.0,0,,,,,,,,,0.012471975350565637,0.005336797473560669,4.153369777661283,2.276839437952731,7.129991764008689,9.40683120196142,0.441526980604825,0.5825209783028048
com-DBLP,317080,1049866,6.622089062697111,dspar,nc_base,graclus,1,0.3022,0.3021404636401217,0.00036249530899323107,0.3022,ok,1,317207,0.30201854331886163,0.24407972065006392,0.30127749636620293,0.23373554339315683,0.2773830184042535,0.7222618631245794,0.0,0.7222618631245794,229,0.6529100427770299,0.5008741036482883,0.0004972571507808853,0.501331649348949,,-0.22138775947629108,-0.22138775947629108,-0.222079010390814,0.7222618631245794,3,3.9323632710729726,229.0,0.0,0.0,0.0,0.0,0.04972772381312813,0,0.0,0,,,,,,,,,0.02463539228523982,0.005717563923801414,4.153369777661283,0.4234671460581012,3.5088961250148714,3.9323632710729726,1.0562019557587838,1.1836684899424543
com-DBLP,317080,1049866,6.622089062697111,kn,nc_base,graclus,1,0.2,0.19603866906189302,9.126257656083923e-05,0.6875,ok,1,205814,0.30201854331886163,0.24407972065006392,0.30127749636620293,0.23373554339315683,0.2773830184042535,0.7222618631245794,0.0,0.7222618631245794,229,0.4131661553570197,0.27791479941404423,0.00039177988432820195,0.27844445449455457,,-0.4443470637105352,-0.4443470637105352,-0.44475273278732524,0.7222618631245794,3,16.163111369028535,229.0,0.0,0.0,0.0,0.0,0.004371136621672764,0,0.0,0,,,,,,,,,0.010659756096758712,0.005398065941735222,4.153369777661283,0.7381647900328971,15.424946578995636,16.163111369028535,0.2569659815386718,0.26926315474680373
com-DBLP,317080,1049866,6.622089062697111,ld,nc_base,graclus,0,0.2,0.30127749636620293,0.0,,ok,0,316301,0.30201854331886163,0.24407972065006392,0.30127749636620293,0.23373554339315683,0.2773830184042535,0.7222618631245794,0.0,0.7222618631245794,229,0.9878074807120606,0.6587847676448764,0.0,0.6587847676448764,,-0.06347709547970304,-0.06347709547970304,-0.06347709547970304,0.7222618631245794,3,4.212170391343534,229.0,0.0,0.0,0.0,0.0,0.0044342121861990665,0,0.0,0,,,,,,,,,0.03001050255034184,0.005429256625912875,4.153369777661283,2.346154786006082,1.8660156053374521,4.212170391343534,0.9860403050638471,2.225795843175804
com-DBLP,317080,1049866,6.622089062697111,lsim,nc_base,graclus,0,0.2,0.23373554339315683,0.0,,ok,0,245391,0.30201854331886163,0.24407972065006392,0.30127749636620293,0.23373554339315683,0.2773830184042535,0.7222618631245794,0.0,0.7222618631245794,229,0.9956191679858647,0.426651279173705,0.0,0.426651279173705,,-0.2956105839508744,-0.2956105839508744,-0.2956105839508744,0.7222618631245794,3,9.602643274294678,229.0,0.0,0.0,0.0,0.0,0.004371136621672764,0,0.0,0,,,,,,,,,0.01137303943093842,0.005380023437759497,4.153369777661283,2.4514139579841867,7.151229316310491,9.602643274294678,0.4325235936629491,0.5807910212287971
com-DBLP,317080,1049866,6.622089062697111,lspar,nc_base,graclus,0,0.2,0.24407972065006392,0.0,0.0,floor,0,256251,0.30201854331886163,0.24407972065006392,0.30127749636620293,0.23373554339315683,0.2773830184042535,0.7222618631245794,0.0,0.7222618631245794,229,0.9956234932610836,0.42665282492467566,0.0,0.42665282492467566,,-0.29560903819990375,-0.29560903819990375,-0.29560903819990375,0.7222618631245794,3,8.293211169987142,229.0,0.0,0.0,0.0,0.0,0.004371136621672764,0,0.0,0,,,,,,,,,0.012471975350565637,0.005345111064592217,4.153369777661283,1.183555172989145,7.109655996997996,8.293211169987142,0.5008156301014245,0.5841871645287782
com-DBLP,317080,1049866,6.622089062697111,dspar,nc_base,graclus,1,0.2,0.20001441453798233,0.0003168979651606659,0.2,ok,1,209988,0.30201854331886163,0.24407972065006392,0.30127749636620293,0.23373554339315683,0.2773830184042535,0.7222618631245794,0.0,0.7222618631245794,229,0.4417426301269379,0.3149283559729557,0.0011853178102447315,0.31633394315647295,,-0.4073335071516237,-0.4073335071516237,-0.4088273196869444,0.7222618631245794,3,15.558616059056172,229.0,0.0,0.0,0.0,0.0,0.008298641772843868,0,0.0,0,,,,,,,,,0.014497641522451385,0.005636699243392362,4.153369777661283,0.3767979390686378,15.181818119987534,15.558616059056172,0.2669498213656181,0.2735752559301964
com-DBLP,317080,1049866,6.622089062697111,kn,gt,graclus,1,0.5,0.5005854715427175,6.086251706796668e-05,2.1875,ok,1,525548,0.30201854331886163,0.24407972065006392,0.30127749636620293,0.23373554339315683,0.2773830184042535,0.6894087885048134,0.0,0.6894087885048134,5000,0.7554251235739631,0.6225499956398379,0.0003459708199653202,0.6229341578486173,,-0.06685879286497542,-0.06685879286497542,-0.06731328254470237,0.6894087885048134,3,142.61562701768707,5000.0,325.6666666666667,0.0010270804423699591,144.0,98.66666666666667,0.007183255540137084,73,0.00023022581052100415,0,,,,,,,,,0.19066850221382023,0.035098178393420054,55.5656022586821,0.9043518860125914,141.71127513167448,142.61562701768707,0.38961790808373964,0.3921043135562217
com-DBLP,317080,1049866,6.622089062697111,ld,gt,graclus,0,0.5,0.4996266190161411,0.0,,ok,1,524541,0.30201854331886163,0.24407972065006392,0.30127749636620293,0.23373554339315683,0.2773830184042535,0.6894087885048134,0.0,0.6894087885048134,5000,0.6699367150290041,0.6059968540189882,0.0,0.6059968540189882,,-0.08341193448582518,-0.08341193448582518,-0.08341193448582518,0.6894087885048134,3,34.54411927170197,5000.0,0.0,0.0,0.0,0.0,0.030695723476725115,73,0.00023022581052100415,0,,,,,,,,,0.19721733389370102,0.038726944476365446,55.5656022586821,2.85719519702252,31.686924074679457,34.54411927170197,1.6085401344766839,1.753581449803256
com-DBLP,317080,1049866,6.622089062697111,lsim,gt,graclus,0,0.5,0.4999828549548228,0.0,,ok,1,524915,0.30201854331886163,0.24407972065006392,0.30127749636620293,0.23373554339315683,0.2773830184042535,0.6894087885048134,0.0,0.6894087885048134,5000,0.9344466886098025,0.6395242870104806,0.0,0.6395242870104806,,-0.04988450149433277,-0.04988450149433277,-0.04988450149433277,0.6894087885048134,3,137.90915980766295,5000.0,144.0,0.00045414406458937803,92.0,72.0,0.0025797905891257727,73,0.00023022581052100415,0,,,,,,,,,0.16834589518622564,0.032329722584024424,55.5656022586821,3.2277020839974284,134.68145772366552,137.90915980766295,0.40291451515024446,0.41257054384345593
com-DBLP,317080,1049866,6.622089062697111,mst_jaccard,gt,graclus,0,0.5,0.5,0.0,207854,ok,1,524933,0.30201854331886163,0.24407972065006392,0.30127749636620293,0.23373554339315683,0.2773830184042535,0.6894087885048134,0.0,0.6894087885048134,5000,0.9744166785403191,0.6889120508408078,0.0,0.6889120508408078,,-0.0004967376640055976,-0.0004967376640055976,-0.0004967376640055976,0.6894087885048134,3,25.0230680933455,5000.0,0.0,0.0,0.0,0.0,0.0044342121861990665,73,0.00023022581052100415,0,,,,,,,,,0.18710392233085127,0.031087090004873325,55.5656022586821,1.107168846996501,23.915899246349,25.0230680933455,2.2205751129878,2.323374993610777
com-DBLP,317080,1049866,6.622089062697111,mst_random,gt,graclus,1,0.5,0.5,0.0,207854,ok,1,524933,0.30201854331886163,0.24407972065006392,0.30127749636620293,0.23373554339315683,0.2773830184042535,0.6894087885048134,0.0,0.6894087885048134,5000,0.7610151100999416,0.657972764987906,0.0013016123967486437,0.6596977718053931,,-0.03143602351690733,-0.03143602351690733,-0.03285490436657734,0.6894087885048134,3,35.55226127739297,5000.0,0.0,0.0,0.0,0.0,0.06423300113536017,73,0.00023022581052100415,0,,,,,,,,,0.19835307127960475,0.03532637644008066,55.5656022586821,1.0707414170610718,34.4815198603319,35.55226127739297,1.5629273712053653,1.6114603556847755
com-DBLP,317080,1049866,6.622089062697111,lspar,gt,graclus,0,0.5,0.5030422930164421,0.0,0.375,ok,1,528127,0.30201854331886163,0.24407972065006392,0.30127749636620293,0.23373554339315683,0.2773830184042535,0.6894087885048134,0.0,0.6894087885048134,5000,0.9283645797136755,0.6516232263064212,0.0,0.6516232263064212,,-0.03778556219839213,-0.03778556219839213,-0.03778556219839213,0.6894087885048134,3,182.86798390328963,5000.0,357.0,0.0011258988267944998,207.0,164.0,0.002929859972246752,73,0.00023022581052100415,0,,,,,,,,,0.17371736204996824,0.032294775740351875,55.5656022586821,1.2859169889707118,181.58206691431891,182.86798390328963,0.30385637262818055,0.30600820446052757
com-DBLP,317080,1049866,6.622089062697111,dspar,gt,graclus,1,0.5,0.5001939930111716,0.00032318372572927393,0.5,ok,1,525137,0.30201854331886163,0.24407972065006392,0.30127749636620293,0.23373554339315683,0.2773830184042535,0.6894087885048134,0.0,0.6894087885048134,5000,0.7635221791709739,0.6131376794093489,0.0004755765506835164,0.6138101625742995,,-0.07627110909546442,-0.07627110909546442,-0.07661653642688182,0.6894087885048134,3,147.8766066316748,5000.0,407.6666666666667,0.0012856902569277995,184.33333333333334,120.33333333333333,0.006369580757747782,73,0.00023022581052100415,0,,,,,,,,,0.1892849817999213,0.03545717555045759,55.5656022586821,0.37667735799914226,147.49992927367566,147.8766066316748,0.37575654137833103,0.3767161281520621
com-DBLP,317080,1049866,6.622089062697111,kn,gt,graclus,1,0.3022,0.3041810415170444,7.556386506540864e-05,1.125,ok,1,319349,0.30201854331886163,0.24407972065006392,0.30127749636620293,0.23373554339315683,0.2773830184042535,0.6894087885048134,0.0,0.6894087885048134,5000,0.6869507352700349,0.5235748181977501,0.0014241341003803753,0.5253308894883874,,-0.16583397030706326,-0.16583397030706326,-0.16756605344546938,0.6894087885048134,3,124.93925059235578,5000.0,247.0,0.0007789832218998361,118.0,83.33333333333333,0.007161179092552879,73,0.00023022581052100415,0,,,,,,,,,0.15579750421917346,0.03155294102957495,55.5656022586821,0.7917075840523466,124.14754300830343,124.93925059235578,0.44474096006849106,0.44757714016914274
com-DBLP,317080,1049866,6.622089062697111,ld,gt,graclus,0,0.3022,0.3022014238007517,0.0,,ok,1,317271,0.30201854331886163,0.24407972065006392,0.30127749636620293,0.23373554339315683,0.2773830184042535,0.6894087885048134,0.0,0.6894087885048134,5000,0.8961753958296157,0.5759498138801451,0.0,0.5759498138801451,,-0.11345897462466825,-0.11345897462466825,-0.11345897462466825,0.6894087885048134,3,108.60518607633033,5000.0,357.0,0.0011258988267944998,54.0,4.0,0.0011795130566418569,73,0.00023022581052100415,0,,,,,,,,,0.1746967914594911,0.036090935547135286,55.5656022586821,2.3731171149993315,106.232068961331,108.60518607633033,0.5116293638098393,0.5230586469977183
com-DBLP,317080,1049866,6.622089062697111,lsim,gt,graclus,0,0.3022,0.3025214646440593,0.0,,ok,1,317607,0.30201854331886163,0.24407972065006392,0.30127749636620293,0.23373554339315683,0.2773830184042535,0.6894087885048134,0.0,0.6894087885048134,5000,0.9905445178200016,0.5544609371172738,0.0,0.5544609371172738,,-0.1349478513875395,-0.1349478513875395,-0.1349478513875395,0.6894087885048134,3,25.980043583627168,5000.0,0.0,0.0,0.0,0.0,0.001709347798662798,73,0.00023022581052100415,0,,,,,,,,,0.14966662504412842,0.030109430679155127,55.5656022586821,2.6578584109665826,23.322185172660586,25.980043583627168,2.138780178709938,2.3825212709407193
com-DBLP,317080,1049866,6.622089062697111,mst_jaccard,gt,graclus,0,0.3022,0.30220047129824185,0.0,191,ok,1,317270,0.30201854331886163,0.24407972065006392,0.30127749636620293,0.23373554339315683,0.2773830184042535,0.6894087885048134,0.0,0.6894087885048134,5000,0.974445274267739,0.6526491127164098,0.0,0.6526491127164098,,-0.036759675788403556,-0.036759675788403556,-0.036759675788403556,0.6894087885048134,3,14.26118689897703,5000.0,0.0,0.0,0.0,0.0,0.008108363819856189,73,0.00023022581052100415,0,,,,,,,,,0.18320966106167616,0.030919149516585618,55.5656022586821,1.108042862964794,13.153144036012236,14.26118689897703,3.8962817507614234,4.224511045157569
com-DBLP,317080,1049866,6.622089062697111,mst_random,gt,graclus,1,0.3022,0.30220047129824185,0.0,191,ok,1,317270,0.30201854331886163,0.24407972065006392,0.30127749636620293,0.23373554339315683,0.2773830184042535,0.6894087885048134,0.0,0.6894087885048134,5000,0.9741351194389881,0.6533174596373335,0.0007106322984957377,0.6543115159453573,,-0.0360913288674799,-0.0360913288674799,-0.036716366544014556,0.6894087885048134,3,15.115002178315384,5000.0,0.0,0.0,0.0,0.0,0.005535932046591817,73,0.00023022581052100415,0,,,,,,,,,0.18304420058734508,0.03143981145200116,55.5656022586821,1.0702583059901372,14.044743872325247,15.115002178315384,3.6761888356456103,3.95632720424133
com-DBLP,317080,1049866,6.622089062697111,lspar,gt,graclus,0,0.3022,0.24407972065006392,0.0,0.0,ok,0,256251,0.30201854331886163,0.24407972065006392,0.30127749636620293,0.23373554339315683,0.2773830184042535,0.6894087885048134,0.0,0.6894087885048134,5000,0.9997793640558852,0.427988231715152,0.0,0.427988231715152,,-0.26142055678966136,-0.26142055678966136,-0.26142055678966136,0.6894087885048134,3,14.854697328642942,5000.0,0.0,0.0,0.0,0.0,0.00024284092342626465,73,0.00023022581052100415,0,,,,,,,,,0.1303795804671316,0.028392362202570874,55.5656022586821,2.288914037984796,12.565783290658146,14.854697328642942,3.740608174596737,4.42197680585432
com-DBLP,317080,1049866,6.622089062697111,dspar,gt,graclus,1,0.3022,0.3021404636401217,0.00036249530899323107,0.3022,ok,1,317207,0.30201854331886163,0.24407972065006392,0.30127749636620293,0.23373554339315683,0.2773830184042535,0.6894087885048134,0.0,0.6894087885048134,5000,0.6435385698928926,0.4709256705769607,0.0006915681369123822,0.4716595606224456,,-0.21848311792785263,-0.21848311792785263,-0.21940993238434042,0.6894087885048134,3,129.99926521530142,5000.0,169.66666666666666,0.0005350910390647996,114.0,95.0,0.007592195450149279,73,0.00023022581052100415,0,,,,,,,,,0.14990632782058474,0.03259170184388841,55.5656022586821,0.3936960059800185,129.6055692093214,129.99926521530142,0.4274301255984469,0.4287285075608136
com-DBLP,317080,1049866,6.622089062697111,kn,gt,graclus,1,0.2,0.19603866906189302,9.126257656083923e-05,0.6875,ok,1,205814,0.30201854331886163,0.24407972065006392,0.30127749636620293,0.23373554339315683,0.2773830184042535,0.6894087885048134,0.0,0.6894087885048134,5000,0.41449858131684786,0.27857778342232975,0.0004898639087539546,0.2792563608477287,,-0.4108310050824836,-0.4108310050824836,-0.41129112211120933,0.6894087885048134,3,21.679248488993228,5000.0,0.0,0.0,0.0,0.0,0.0002817375215508179,73,0.00023022581052100415,0,,,,,,,,,0.10409319389257639,0.028510885437381124,55.5656022586821,0.7786745069897734,20.900573982003454,21.679248488993228,2.5630778800701193,2.6585682434619806
com-DBLP,317080,1049866,6.622089062697111,ld,gt,graclus,0,0.2,0.30127749636620293,0.0,,ok,0,316301,0.30201854331886163,0.24407972065006392,0.30127749636620293,0.23373554339315683,0.2773830184042535,0.6894087885048134,0.0,0.6894087885048134,5000,0.9010373254448983,0.5785962364486646,0.0,0.5785962364486646,,-0.1108125520561487,-0.1108125520561487,-0.1108125520561487,0.6894087885048134,3,110.16263556831593,5000.0,303.0,0.0009555948025734831,50.0,7.0,0.0013466633026365585,73,0.00023022581052100415,0,,,,,,,,,0.17439866994879072,0.0359508598369004,55.5656022586821,2.383622563967947,107.77901300434799,110.16263556831593,0.5043960864954417,0.5155512256958642
com-DBLP,317080,1049866,6.622089062697111,lsim,gt,graclus,0,0.2,0.23373554339315683,0.0,,ok,0,245391,0.30201854331886163,0.24407972065006392,0.30127749636620293,0.23373554339315683,0.2773830184042535,0.6894087885048134,0.0,0.6894087885048134,5000,0.9997414078501096,0.4280892423691957,0.0,0.4280892423691957,,-0.26131954613561764,-0.26131954613561764,-0.26131954613561764,0.6894087885048134,3,15.616150907978104,5000.0,0.0,0.0,0.0,0.0,0.00026491737101047054,73,0.00023022581052100415,0,,,,,,,,,0.13047153711019677,0.02842900851539574,55.5656022586821,2.4737710079643875,13.142379900013717,15.616150907978104,3.558213710031087,4.227971089058543
com-DBLP,317080,1049866,6.622089062697111,lspar,gt,graclus,0,0.2,0.24407972065006392,0.0,0.0,floor,0,256251,0.30201854331886163,0.24407972065006392,0.30127749636620293,0.23373554339315683,0.2773830184042535,0.6894087885048134,0.0,0.6894087885048134,5000,0.9997793640558852,0.427988231715152,0.0,0.427988231715152,,-0.26142055678966136,-0.26142055678966136,-0.26142055678966136,0.6894087885048134,3,13.738325078253789,5000.0,0.0,0.0,0.0,0.0,0.00024284092342626465,73,0.00023022581052100415,0,,,,,,,,,0.1303795804671316,0.028397906074668806,55.5656022586821,1.1832315819337964,12.555093496319992,13.738325078253789,4.044568893382509,4.425741813469479
com-DBLP,317080,1049866,6.622089062697111,dspar,gt,graclus,1,0.2,0.20001441453798233,0.0003168979651606659,0.2,ok,1,209988,0.30201854331886163,0.24407972065006392,0.30127749636620293,0.23373554339315683,0.2773830184042535,0.6894087885048134,0.0,0.6894087885048134,5000,0.43866286782250685,0.3050582336031598,0.0010582837240598806,0.3063852185361007,,-0.38435055490165354,-0.38435055490165354,-0.3856134469858466,0.6894087885048134,3,55.077939726334684,5000.0,12.666666666666666,3.9947857533324924e-05,5.333333333333333,3.3333333333333335,0.0017566544720575249,73,0.00023022581052100415,0,,,,,,,,,0.11221043566795863,0.029838561508319282,55.5656022586821,0.39186204998986796,54.686077676344816,55.077939726334684,1.0088540445552332,1.016083153513819
