network,arm,node,degree,coreness,embeddedness,comm,dec_emb,dec_core,dec_deg
email-Eu-core,real,0,42,27,0.5238095238095238,6,2,7,7
email-Eu-core,real,1,50,28,0.42,6,1,7,7
email-Eu-core,real,2,93,32,0.6774193548387096,1,4,8,9
email-Eu-core,real,3,69,32,0.7101449275362319,1,4,8,8
email-Eu-core,real,4,94,32,0.6276595744680851,1,3,8,9
email-Eu-core,real,5,169,32,0.28402366863905326,1,0,9,9
email-Eu-core,real,6,113,31,0.4336283185840708,1,1,8,9
email-Eu-core,real,7,70,23,0.8285714285714286,5,6,6,8
email-Eu-core,real,8,35,21,0.8571428571428571,5,6,5,6
email-Eu-core,real,9,38,20,1.0,5,9,5,6
email-Eu-core,real,10,47,29,0.5531914893617021,0,2,7,7
email-Eu-core,real,11,74,27,0.6216216216216216,5,3,7,8
email-Eu-core,real,12,56,25,0.6607142857142857,5,4,6,8
email-Eu-core,real,13,178,33,0.25280898876404495,3,0,9,9
email-Eu-core,real,14,78,28,0.5512820512820513,2,2,7,9
email-Eu-core,real,15,50,25,0.54,7,2,6,7
email-Eu-core,real,16,74,34,0.40540540540540543,0,1,9,8
email-Eu-core,real,17,109,34,0.3394495412844037,6,0,9,9
email-Eu-core,real,18,54,29,0.3888888888888889,6,0,8,8
email-Eu-core,real,19,70,29,0.5571428571428572,5,2,7,8
email-Eu-core,real,20,72,32,0.6805555555555556,0,4,8,8
email-Eu-core,real,21,136,34,0.5588235294117647,0,2,9,9
email-Eu-core,real,22,13,12,0.5384615384615384,0,2,3,3
email-Eu-core,real,23,79,33,0.569620253164557,3,2,9,9
email-Eu-core,real,24,38,26,0.8421052631578947,3,6,6,6
email-Eu-core,real,25,33,26,0.7272727272727273,3,4,6,6
email-Eu-core,real,26,33,26,0.9393939393939394,3,7,6,6
email-Eu-core,real,27,61,29,0.7704918032786885,3,5,8,8
email-Eu-core,real,28,103,34,0.4368932038834951,3,1,9,9
email-Eu-core,real,29,56,29,0.6785714285714286,3,4,8,8
email-Eu-core,real,30,66,32,0.6515151515151515,3,3,8,8
email-Eu-core,real,31,48,29,0.625,3,3,8,7
email-Eu-core,real,32,33,26,0.8484848484848485,3,6,6,6
email-Eu-core,real,33,28,26,0.8928571428571429,3,7,7,5
email-Eu-core,real,34,29,26,0.896551724137931,3,7,6,6
email-Eu-core,real,35,57,29,0.6491228070175439,3,3,8,8
email-Eu-core,real,36,43,29,0.6511627906976745,3,3,8,7
email-Eu-core,real,37,35,26,0.8571428571428571,3,6,6,6
email-Eu-core,real,38,45,27,0.8222222222222222,3,6,7,7
email-Eu-core,real,39,34,27,0.8235294117647058,3,6,7,6
email-Eu-core,real,40,58,29,0.896551724137931,3,7,8,8
email-Eu-core,real,41,89,34,0.4044943820224719,2,1,9,9
email-Eu-core,real,42,73,34,0.4931506849315068,0,1,9,8
email-Eu-core,real,43,12,12,1.0,5,8,3,3
email-Eu-core,real,44,104,34,0.5096153846153846,5,2,9,9
email-Eu-core,real,45,46,25,0.5217391304347826,7,2,6,7
email-Eu-core,real,46,71,34,0.30985915492957744,7,0,9,8
email-Eu-core,real,47,49,29,0.7142857142857143,3,4,8,7
email-Eu-core,real,48,57,29,0.7368421052631579,3,5,8,8
email-Eu-core,real,49,13,13,0.8461538461538461,0,6,3,3
email-Eu-core,real,50,15,13,0.9333333333333333,0,7,3,3
email-Eu-core,real,51,67,29,0.4925373134328358,2,1,8,8
email-Eu-core,real,52,24,18,0.4583333333333333,4,1,4,5
email-Eu-core,real,53,40,27,0.375,2,0,7,7
email-Eu-core,real,54,49,30,0.8571428571428571,1,6,8,7
email-Eu-core,real,55,41,30,0.8536585365853658,1,6,8,7
email-Eu-core,real,56,46,30,0.9347826086956522,1,7,8,7
email-Eu-core,real,57,65,30,0.9076923076923077,1,7,8,8
email-Eu-core,real,58,124,34,0.5483870967741935,1,2,9,9
email-Eu-core,real,59,51,30,0.9411764705882353,1,7,8,7
email-Eu-core,real,60,53,27,0.7358490566037735,4,5,7,8
email-Eu-core,real,61,69,27,0.5072463768115942,4,2,7,8
email-Eu-core,real,62,214,34,0.35514018691588783,0,0,9,9
email-Eu-core,real,63,123,34,0.5609756097560976,1,2,9,9
email-Eu-core,real,64,168,34,0.20833333333333334,2,0,9,9
email-Eu-core,real,65,89,28,0.5617977528089888,2,2,7,9
email-Eu-core,real,66,34,23,0.6176470588235294,0,3,6,6
email-Eu-core,real,67,9,9,0.4444444444444444,0,1,3,3
email-Eu-core,real,68,46,30,0.8260869565217391,0,6,8,7
email-Eu-core,real,69,62,29,0.8225806451612904,0,6,8,8
email-Eu-core,real,70,18,17,0.7777777777777778,0,5,4,4
email-Eu-core,real,71,16,13,0.875,0,7,3,3
email-Eu-core,real,72,8,7,0.875,0,7,2,2
email-Eu-core,real,73,29,21,0.6551724137931034,6,4,5,6
email-Eu-core,real,74,91,32,0.4945054945054945,6,1,8,9
email-Eu-core,real,75,20,18,0.8,3,5,5,4
email-Eu-core,real,76,22,20,0.8636363636363636,3,6,5,4
email-Eu-core,real,77,25,21,0.56,0,2,5,5
email-Eu-core,real,78,23,21,0.391304347826087,3,0,5,5
email-Eu-core,real,79,42,28,0.3333333333333333,3,0,7,7
email-Eu-core,real,80,70,32,0.6285714285714286,0,3,8,8
email-Eu-core,real,81,111,34,0.5945945945945946,0,3,9,9
email-Eu-core,real,82,231,34,0.354978354978355,0,0,9,9
email-Eu-core,real,83,139,34,0.4748201438848921,0,1,9,9
email-Eu-core,real,84,130,33,0.4076923076923077,0,1,9,9
email-Eu-core,real,85,37,25,0.5675675675675675,6,2,6,6
email-Eu-core,real,86,216,34,0.18055555555555555,2,0,9,9
email-Eu-core,real,87,137,34,0.45985401459854014,0,1,9,9
email-Eu-core,real,88,31,24,0.7096774193548387,1,4,6,6
email-Eu-core,real,89,69,31,0.5362318840579711,1,2,8,8
email-Eu-core,real,90,27,21,0.5925925925925926,0,3,5,5
email-Eu-core,real,91,29,21,0.7586206896551724,0,5,5,6
email-Eu-core,real,92,42,25,0.5714285714285714,0,2,6,7
email-Eu-core,real,93,85,32,0.43529411764705883,2,1,8,9
email-Eu-core,real,94,42,26,0.7142857142857143,2,4,6,7
email-Eu-core,real,95,46,27,0.6521739130434783,2,3,7,7
email-Eu-core,real,96,118,32,0.4576271186440678,3,1,9,9
email-Eu-core,real,97,23,16,0.782608695652174,7,5,4,5
email-Eu-core,real,98,23,17,0.6521739130434783,7,3,4,5
email-Eu-core,real,99,27,19,0.5925925925925926,7,3,5,5
email-Eu-core,real,100,39,20,0.5641025641025641,7,2,5,7
email-Eu-core,real,101,27,19,0.48148148148148145,7,1,5,5
email-Eu-core,real,102,21,17,0.6190476190476191,1,3,4,4
email-Eu-core,real,103,50,27,0.66,4,4,7,7
email-Eu-core,real,104,31,26,0.8064516129032258,4,6,6,6
email-Eu-core,real,105,144,34,0.4930555555555556,0,1,9,9
email-Eu-core,real,106,140,34,0.5642857142857143,0,2,9,9
email-Eu-core,real,107,219,34,0.4063926940639269,0,1,9,9
email-Eu-core,real,108,41,26,0.7560975609756098,0,5,6,7
email-Eu-core,real,109,5,5,0.8,0,6,2,2
email-Eu-core,real,110,9,8,1.0,0,9,2,3
email-Eu-core,real,111,8,8,1.0,0,9,2,2
email-Eu-core,real,112,19,17,0.7368421052631579,0,5,4,4
email-Eu-core,real,113,85,32,0.5764705882352941,3,3,8,9
email-Eu-core,real,114,140,34,0.37857142857142856,3,0,9,9
email-Eu-core,real,115,129,34,0.4108527131782946,3,1,9,9
email-Eu-core,real,116,81,32,0.654320987654321,3,4,8,9
email-Eu-core,real,117,18,17,0.3888888888888889,0,0,4,4
email-Eu-core,real,118,30,23,0.5333333333333333,0,2,6,6
email-Eu-core,real,119,14,13,0.9285714285714286,3,7,3,3
email-Eu-core,real,120,17,16,0.4117647058823529,6,1,4,4
email-Eu-core,real,121,232,34,0.40948275862068967,0,1,9,9
email-Eu-core,real,122,25,20,0.76,4,5,5,5
email-Eu-core,real,123,34,26,0.5,3,2,6,6
email-Eu-core,real,124,42,21,0.5476190476190477,7,2,5,7
email-Eu-core,real,125,27,17,0.7037037037037037,7,4,4,5
email-Eu-core,real,126,33,27,0.8484848484848485,1,6,7,6
email-Eu-core,real,127,28,22,0.4642857142857143,0,1,6,5
email-Eu-core,real,128,144,34,0.3263888888888889,2,0,9,9
email-Eu-core,real,129,162,34,0.3950617283950617,2,0,9,9
email-Eu-core,real,130,35,24,0.42857142857142855,4,1,6,6
email-Eu-core,real,131,58,32,0.5862068965517241,1,3,8,8
email-Eu-core,real,132,61,32,0.5409836065573771,1,2,8,8
email-Eu-core,real,133,106,33,0.32075471698113206,2,0,9,9
email-Eu-core,real,134,23,14,0.391304347826087,3,0,3,5
email-Eu-core,real,135,36,27,0.8333333333333334,3,6,7,6
email-Eu-core,real,136,27,27,0.7407407407407407,3,5,7,5
email-Eu-core,real,137,83,33,0.5301204819277109,1,2,9,9
email-Eu-core,real,138,32,27,0.84375,1,6,7,6
email-Eu-core,real,139,38,21,0.6052631578947368,7,3,5,6
email-Eu-core,real,140,39,21,0.6153846153846154,7,3,5,6
email-Eu-core,real,141,81,28,0.691358024691358,5,4,7,9
email-Eu-core,real,142,139,34,0.4316546762589928,0,1,9,9
email-Eu-core,real,143,49,29,0.5102040816326531,0,2,7,7
email-Eu-core,real,144,13,13,1.0,0,9,3,3
email-Eu-core,real,145,69,34,0.5797101449275363,0,3,9,8
email-Eu-core,real,146,28,23,0.35714285714285715,6,0,6,5
email-Eu-core,real,147,50,33,0.64,0,3,9,7
email-Eu-core,real,148,18,15,0.6666666666666666,4,4,4,4
email-Eu-core,real,149,28,20,0.6785714285714286,4,4,5,5
email-Eu-core,real,150,37,27,0.7837837837837838,4,5,7,6
email-Eu-core,real,151,44,29,0.8181818181818182,3,6,8,7
email-Eu-core,real,152,69,34,0.6231884057971014,0,3,9,8
email-Eu-core,real,153,52,34,0.6346153846153846,0,3,9,8
email-Eu-core,real,154,52,34,0.6153846153846154,0,3,9,8
email-Eu-core,real,155,78,33,0.34615384615384615,0,0,9,9
email-Eu-core,real,156,23,16,0.8695652173913043,4,7,4,5
email-Eu-core,real,157,77,27,0.8181818181818182,4,6,7,8
email-Eu-core,real,158,47,28,0.723404255319149,1,4,7,7
email-Eu-core,real,159,36,25,0.6388888888888888,1,3,6,6
email-Eu-core,real,160,345,34,0.15072463768115943,4,0,9,9
email-Eu-core,real,161,41,24,0.5609756097560976,5,2,6,7
email-Eu-core,real,162,64,30,0.453125,0,1,8,8
email-Eu-core,real,163,52,32,0.6538461538461539,0,4,8,8
email-Eu-core,real,164,46,25,0.45652173913043476,7,1,6,7
email-Eu-core,real,165,117,34,0.5811965811965812,3,3,9,9
email-Eu-core,real,166,175,34,0.3142857142857143,0,0,9,9
email-Eu-core,real,167,68,27,0.6029411764705882,2,3,7,8
email-Eu-core,real,168,75,32,0.6133333333333333,2,3,8,8
email-Eu-core,real,169,117,34,0.38461538461538464,3,0,9,9
email-Eu-core,real,170,96,34,0.5,3,1,9,9
email-Eu-core,real,171,43,29,0.7441860465116279,3,5,7,7
email-Eu-core,real,172,90,33,0.45555555555555555,2,1,9,9
email-Eu-core,real,173,81,34,0.6419753086419753,0,3,9,9
email-Eu-core,real,174,71,32,0.5352112676056338,1,2,9,8
email-Eu-core,real,175,11,11,0.8181818181818182,1,6,3,3
email-Eu-core,real,176,33,24,0.5151515151515151,2,2,6,6
email-Eu-core,real,177,52,27,0.34615384615384615,6,0,7,8
email-Eu-core,real,178,34,24,0.5,4,1,6,6
email-Eu-core,real,179,53,27,0.7169811320754716,4,4,7,8
email-Eu-core,real,180,81,33,0.4444444444444444,4,1,9,9
email-Eu-core,real,181,59,27,0.6949152542372882,4,4,7,8
email-Eu-core,real,182,45,27,0.8,4,6,7,7
email-Eu-core,real,183,171,34,0.23976608187134502,2,0,9,9
email-Eu-core,real,184,78,34,0.717948717948718,0,4,9,8
email-Eu-core,real,185,22,16,0.8636363636363636,7,6,4,4
email-Eu-core,real,186,29,25,0.6551724137931034,0,4,6,6
email-Eu-core,real,187,54,34,0.7592592592592593,0,5,9,8
email-Eu-core,real,188,41,30,0.6829268292682927,0,4,8,7
email-Eu-core,real,189,74,30,0.7162162162162162,0,4,8,8
email-Eu-core,real,190,34,28,0.6764705882352942,0,4,7,6
email-Eu-core,real,191,60,27,0.65,4,3,7,8
email-Eu-core,real,192,21,17,0.9523809523809523,1,7,4,4
email-Eu-core,real,193,26,21,0.9615384615384616,1,7,5,5
email-Eu-core,real,194,44,29,0.8863636363636364,1,7,8,7
email-Eu-core,real,195,35,27,0.9142857142857143,1,7,7,6
email-Eu-core,real,196,33,25,0.7878787878787878,2,5,6,6
email-Eu-core,real,197,35,26,0.6857142857142857,2,4,7,6
email-Eu-core,real,198,36,26,0.75,2,5,7,6
email-Eu-core,real,199,49,27,0.6326530612244898,2,3,7,7
email-Eu-core,real,200,34,24,0.7647058823529411,2,5,6,6
email-Eu-core,real,201,55,29,0.5818181818181818,2,3,8,8
email-Eu-core,real,202,7,7,1.0,2,9,2,2
email-Eu-core,real,203,39,27,0.5384615384615384,2,2,7,7
email-Eu-core,real,204,35,25,0.8,2,6,6,6
email-Eu-core,real,205,31,23,0.8064516129032258,2,6,6,6
email-Eu-core,real,206,59,27,0.6779661016949152,2,4,7,8
email-Eu-core,real,207,28,24,0.6428571428571429,2,3,6,5
email-Eu-core,real,208,51,30,0.7058823529411765,1,4,8,7
email-Eu-core,real,209,83,33,0.5180722891566265,1,2,9,9
email-Eu-core,real,210,84,34,0.38095238095238093,1,0,9,9
email-Eu-core,real,211,152,34,0.40131578947368424,1,0,9,9
email-Eu-core,real,212,119,34,0.5210084033613446,0,2,9,9
email-Eu-core,real,213,46,21,0.8913043478260869,5,7,5,7
email-Eu-core,real,214,51,27,0.39215686274509803,4,0,7,7
email-Eu-core,real,215,90,32,0.34444444444444444,6,0,9,9
email-Eu-core,real,216,27,20,0.6296296296296297,7,3,5,5
email-Eu-core,real,217,24,17,0.7083333333333334,0,4,4,5
email-Eu-core,real,218,66,29,0.5909090909090909,6,3,8,8
email-Eu-core,real,219,18,18,0.3888888888888889,6,0,4,4
email-Eu-core,real,220,16,16,0.375,6,0,4,4
email-Eu-core,real,221,61,30,0.45901639344262296,6,1,8,8
email-Eu-core,real,222,70,31,0.4714285714285714,6,1,8,8
email-Eu-core,real,223,56,30,0.48214285714285715,6,1,8,8
email-Eu-core,real,224,13,13,0.5384615384615384,6,2,3,3
email-Eu-core,real,225,28,25,0.6428571428571429,6,3,6,5
email-Eu-core,real,226,63,32,0.31746031746031744,6,0,8,8
email-Eu-core,real,227,18,17,0.5555555555555556,6,2,4,4
email-Eu-core,real,228,22,21,0.5454545454545454,6,2,5,5
email-Eu-core,real,229,31,26,0.5483870967741935,3,2,6,6
email-Eu-core,real,230,21,19,0.6666666666666666,0,4,5,4
email-Eu-core,real,231,62,27,0.46774193548387094,4,1,7,8
email-Eu-core,real,232,89,28,0.47191011235955055,2,1,7,9
email-Eu-core,real,233,64,33,0.375,1,0,9,8
email-Eu-core,real,234,49,28,0.5918367346938775,1,3,7,7
email-Eu-core,real,235,24,20,0.7916666666666666,1,5,5,5
email-Eu-core,real,236,50,32,0.52,1,2,8,7
email-Eu-core,real,237,29,23,0.7586206896551724,1,5,6,6
email-Eu-core,real,238,43,25,0.627906976744186,1,3,6,7
email-Eu-core,real,239,11,11,0.8181818181818182,1,6,3,3
email-Eu-core,real,240,20,19,0.85,1,6,5,4
email-Eu-core,real,241,21,19,0.7619047619047619,1,5,5,4
email-Eu-core,real,242,32,23,0.71875,1,4,6,6
email-Eu-core,real,243,51,29,0.6470588235294118,1,3,7,7
email-Eu-core,real,244,26,23,0.6153846153846154,1,3,6,5
email-Eu-core,real,245,51,29,0.6666666666666666,3,4,7,7
email-Eu-core,real,246,17,14,0.9411764705882353,5,7,3,4
email-Eu-core,real,247,17,16,1.0,5,9,4,4
email-Eu-core,real,248,26,21,0.6538461538461539,6,4,5,5
email-Eu-core,real,249,166,34,0.4036144578313253,0,0,9,9
email-Eu-core,real,250,33,27,0.7272727272727273,4,5,7,6
email-Eu-core,real,251,36,27,0.8611111111111112,3,6,7,6
email-Eu-core,real,252,119,34,0.5714285714285714,1,2,9,9
email-Eu-core,real,253,42,29,0.7142857142857143,0,4,7,7
email-Eu-core,real,254,82,34,0.4024390243902439,0,0,9,9
email-Eu-core,real,255,63,34,0.5238095238095238,0,2,9,8
email-Eu-core,real,256,127,34,0.4094488188976378,0,1,9,9
email-Eu-core,real,257,19,19,0.631578947368421,2,3,5,4
email-Eu-core,real,258,57,29,0.6842105263157895,0,4,7,8
email-Eu-core,real,259,29,21,0.6551724137931034,0,4,5,6
email-Eu-core,real,260,21,19,0.5714285714285714,0,2,5,4
email-Eu-core,real,261,48,29,0.7916666666666666,3,5,7,7
email-Eu-core,real,262,26,18,0.8076923076923077,4,6,4,5
email-Eu-core,real,263,62,32,0.6129032258064516,3,3,8,8
email-Eu-core,real,264,36,21,0.8333333333333334,5,6,5,6
email-Eu-core,real,265,37,21,0.918918918918919,5,7,5,6
email-Eu-core,real,266,31,20,0.8387096774193549,5,6,5,6
email-Eu-core,real,267,18,16,0.9444444444444444,5,7,4,4
email-Eu-core,real,268,37,27,0.5135135135135135,6,2,7,6
email-Eu-core,real,269,82,34,0.34146341463414637,7,0,9,9
email-Eu-core,real,270,15,15,0.6666666666666666,2,4,4,3
email-Eu-core,real,271,68,32,0.5882352941176471,1,3,8,8
email-Eu-core,real,272,47,25,0.425531914893617,7,1,6,7
email-Eu-core,real,273,29,20,0.6551724137931034,7,4,5,6
email-Eu-core,real,274,23,20,0.6521739130434783,7,3,5,5
email-Eu-core,real,275,34,24,0.6764705882352942,2,4,6,6
email-Eu-core,real,276,9,9,0.5555555555555556,2,2,3,2
email-Eu-core,real,277,21,19,0.5238095238095238,4,2,5,4
email-Eu-core,real,278,54,29,0.35185185185185186,4,0,7,8
email-Eu-core,real,279,8,8,0.625,0,3,2,2
email-Eu-core,real,280,120,34,0.4166666666666667,2,1,9,9
email-Eu-core,real,281,59,32,0.711864406779661,1,4,8,8
email-Eu-core,real,282,137,34,0.46715328467153283,0,1,9,9
email-Eu-core,real,283,140,34,0.37857142857142856,0,0,9,9
email-Eu-core,real,284,42,27,0.4523809523809524,4,1,7,7
email-Eu-core,real,285,87,32,0.5977011494252874,1,3,8,9
email-Eu-core,real,286,44,30,0.7954545454545454,1,5,8,7
email-Eu-core,real,287,22,18,0.9090909090909091,0,7,4,4
email-Eu-core,real,288,38,26,0.5526315789473685,0,2,7,6
email-Eu-core,real,289,8,8,0.5,2,1,2,2
email-Eu-core,real,290,81,34,0.3950617283950617,2,0,9,9
email-Eu-core,real,291,27,23,0.7777777777777778,2,5,6,5
email-Eu-core,real,292,36,27,0.6388888888888888,2,3,7,6
email-Eu-core,real,293,20,18,0.95,5,7,4,4
email-Eu-core,real,294,23,21,0.6956521739130435,2,4,5,5
email-Eu-core,real,295,83,29,0.4939759036144578,4,1,8,9
email-Eu-core,real,296,71,31,0.4647887323943662,4,1,8,8
email-Eu-core,real,297,19,15,0.7368421052631579,6,5,4,4
email-Eu-core,real,298,16,14,0.5625,0,2,3,4
email-Eu-core,real,299,23,18,0.782608695652174,0,5,4,5
email-Eu-core,real,300,74,34,0.43243243243243246,0,1,9,8
email-Eu-core,real,301,129,32,0.10077519379844961,6,0,8,9
email-Eu-core,real,302,22,22,0.45454545454545453,1,1,6,5
email-Eu-core,real,303,101,34,0.4158415841584158,1,1,9,9
email-Eu-core,real,304,29,24,0.5862068965517241,1,3,6,6
email-Eu-core,real,305,60,30,0.8333333333333334,1,6,8,8
email-Eu-core,real,306,48,29,0.625,0,3,8,7
email-Eu-core,real,307,22,20,0.6363636363636364,6,3,5,5
email-Eu-core,real,308,39,28,0.2564102564102564,4,0,7,6
email-Eu-core,real,309,44,25,0.7272727272727273,6,5,6,7
email-Eu-core,real,310,31,25,0.41935483870967744,6,1,6,6
email-Eu-core,real,311,36,25,0.5,6,2,6,6
email-Eu-core,real,312,29,25,0.4827586206896552,6,1,6,6
email-Eu-core,real,313,17,16,0.8823529411764706,6,7,4,4
email-Eu-core,real,314,50,30,0.46,6,1,8,7
email-Eu-core,real,315,8,8,0.875,6,7,2,2
email-Eu-core,real,316,45,27,0.5777777777777777,6,3,7,7
email-Eu-core,real,317,24,21,0.75,6,5,5,5
email-Eu-core,real,318,59,31,0.6101694915254238,3,3,8,8
email-Eu-core,real,319,10,10,0.8,1,6,3,3
email-Eu-core,real,320,48,27,0.7291666666666666,4,5,7,7
email-Eu-core,real,321,55,27,0.7454545454545455,4,5,7,8
email-Eu-core,real,322,26,19,0.8846153846153846,7,7,5,5
email-Eu-core,real,323,34,20,0.5294117647058824,7,2,5,6
email-Eu-core,real,324,19,16,0.7894736842105263,5,5,4,4
email-Eu-core,real,325,27,24,0.7037037037037037,0,4,6,5
email-Eu-core,real,326,40,29,0.65,0,3,7,7
email-Eu-core,real,327,31,24,0.6451612903225806,0,3,6,6
email-Eu-core,real,328,19,18,0.7368421052631579,0,5,4,4
email-Eu-core,real,329,96,34,0.5729166666666666,0,2,9,9
email-Eu-core,real,330,9,8,0.4444444444444444,6,1,2,3
email-Eu-core,real,331,24,21,0.375,6,0,5,5
email-Eu-core,real,332,28,19,0.9285714285714286,5,7,5,5
email-Eu-core,real,333,133,34,0.3233082706766917,3,0,9,9
email-Eu-core,real,334,19,17,0.9473684210526315,7,7,4,4
email-Eu-core,real,335,24,18,0.9583333333333334,7,7,4,5
email-Eu-core,real,336,35,27,0.6285714285714286,3,3,7,6
email-Eu-core,real,337,38,29,0.631578947368421,3,3,8,6
email-Eu-core,real,338,61,31,0.6065573770491803,3,3,8,8
email-Eu-core,real,339,58,29,0.8793103448275862,3,7,7,8
email-Eu-core,real,340,105,34,0.3047619047619048,3,0,9,9
email-Eu-core,real,341,13,13,0.8461538461538461,6,6,3,3
email-Eu-core,real,342,72,27,0.5555555555555556,4,2,7,8
email-Eu-core,real,343,20,19,0.55,4,2,5,4
email-Eu-core,real,344,17,15,0.8235294117647058,4,6,4,4
email-Eu-core,real,345,26,20,0.7307692307692307,4,5,5,5
email-Eu-core,real,346,27,23,0.4074074074074074,4,1,6,5
email-Eu-core,real,347,24,20,0.7083333333333334,4,4,5,5
email-Eu-core,real,348,4,4,1.0,4,9,1,1
email-Eu-core,real,349,22,16,0.8181818181818182,4,6,4,4
email-Eu-core,real,350,23,18,0.6086956521739131,4,3,5,5
email-Eu-core,real,351,60,30,0.43333333333333335,4,1,8,8
email-Eu-core,real,352,26,20,0.6923076923076923,4,4,5,5
email-Eu-core,real,353,41,20,0.5853658536585366,7,3,5,7
email-Eu-core,real,354,10,10,0.9,7,7,3,3
email-Eu-core,real,355,52,34,0.6538461538461539,0,4,9,8
email-Eu-core,real,356,49,31,0.7551020408163265,0,5,8,7
email-Eu-core,real,357,45,30,0.7555555555555555,0,5,8,7
email-Eu-core,real,358,53,21,0.8490566037735849,5,6,5,8
email-Eu-core,real,359,32,20,1.0,5,8,5,6
email-Eu-core,real,360,28,21,0.7142857142857143,5,4,5,5
email-Eu-core,real,361,48,29,0.8125,3,6,8,7
email-Eu-core,real,362,68,32,0.35294117647058826,5,0,8,8
email-Eu-core,real,363,57,34,0.45614035087719296,0,1,9,8
email-Eu-core,real,364,9,9,0.5555555555555556,0,2,3,3
email-Eu-core,real,365,90,34,0.2,5,0,9,9
email-Eu-core,real,366,104,34,0.4230769230769231,0,1,9,9
email-Eu-core,real,367,82,34,0.4634146341463415,3,1,9,9
email-Eu-core,real,368,45,27,0.5777777777777777,4,3,7,7
email-Eu-core,real,369,8,7,0.75,1,5,2,2
email-Eu-core,real,370,36,26,0.8611111111111112,3,6,6,6
email-Eu-core,real,371,86,34,0.20930232558139536,7,0,9,9
email-Eu-core,real,372,29,22,0.5862068965517241,0,3,6,6
email-Eu-core,real,373,44,28,0.2727272727272727,1,0,7,7
email-Eu-core,real,374,20,17,0.9,5,7,4,4
email-Eu-core,real,375,65,31,0.6307692307692307,0,3,8,8
email-Eu-core,real,376,49,27,0.8163265306122449,4,6,7,7
email-Eu-core,real,377,137,30,0.5255474452554745,4,2,8,9
email-Eu-core,real,378,24,22,0.8333333333333334,4,6,6,5
email-Eu-core,real,379,52,27,0.7884615384615384,4,5,7,8
email-Eu-core,real,380,40,27,0.625,4,3,7,7
email-Eu-core,real,381,33,24,0.8484848484848485,4,6,6,6
email-Eu-core,real,382,5,5,1.0,4,8,2,2
email-Eu-core,real,383,5,5,1.0,4,9,2,2
email-Eu-core,real,384,16,16,0.75,4,5,4,4
email-Eu-core,real,385,22,22,0.9545454545454546,4,7,6,5
email-Eu-core,real,386,8,8,0.75,4,5,2,2
email-Eu-core,real,387,39,26,0.6666666666666666,4,4,7,7
email-Eu-core,real,388,27,24,0.8148148148148148,4,6,6,5
email-Eu-core,real,389,43,27,0.5813953488372093,4,3,7,7
email-Eu-core,real,390,45,27,0.7333333333333333,4,5,7,7
email-Eu-core,real,391,19,19,0.8421052631578947,4,6,5,4
email-Eu-core,real,392,20,19,0.8,4,6,5,4
email-Eu-core,real,393,82,32,0.5121951219512195,4,2,9,9
email-Eu-core,real,394,32,26,0.84375,4,6,6,6
email-Eu-core,real,395,40,27,0.575,4,2,7,7
email-Eu-core,real,396,14,14,1.0,4,9,4,3
email-Eu-core,real,397,36,27,0.8055555555555556,4,6,7,6
email-Eu-core,real,398,4,4,1.0,4,9,1,1
email-Eu-core,real,399,18,18,0.8888888888888888,2,7,4,4
email-Eu-core,real,400,37,27,0.5675675675675675,0,2,7,6
email-Eu-core,real,401,49,25,0.6122448979591837,2,3,6,7
email-Eu-core,real,402,8,8,0.5,4,1,2,2
email-Eu-core,real,403,18,18,0.7222222222222222,2,4,4,4
email-Eu-core,real,404,82,34,0.2804878048780488,7,0,9,9
email-Eu-core,real,405,122,34,0.4098360655737705,0,1,9,9
email-Eu-core,real,406,28,19,0.9642857142857143,5,7,5,5
email-Eu-core,real,407,27,19,0.8148148148148148,5,6,5,5
email-Eu-core,real,408,54,30,0.8148148148148148,1,6,8,8
email-Eu-core,real,409,84,29,0.3333333333333333,3,0,7,9
email-Eu-core,real,410,11,11,0.6363636363636364,0,3,3,3
email-Eu-core,real,411,104,32,0.5192307692307693,1,2,8,9
email-Eu-core,real,412,68,30,0.7941176470588235,1,5,8,8
email-Eu-core,real,413,28,23,0.7857142857142857,2,5,6,5
email-Eu-core,real,414,10,4,0.8,4,6,1,3
email-Eu-core,real,415,4,4,0.75,4,5,2,1
email-Eu-core,real,416,3,3,0.6666666666666666,0,4,1,1
email-Eu-core,real,417,63,29,0.7619047619047619,3,5,8,8
email-Eu-core,real,418,30,25,0.7666666666666667,0,5,6,6
email-Eu-core,real,419,99,34,0.2222222222222222,2,0,9,9
email-Eu-core,real,420,138,34,0.36231884057971014,0,0,9,9
email-Eu-core,real,421,50,27,0.5,5,1,7,7
email-Eu-core,real,422,45,32,0.4888888888888889,0,1,9,7
email-Eu-core,real,423,39,26,0.7435897435897436,3,5,7,7
email-Eu-core,real,424,132,34,0.38636363636363635,0,0,9,9
email-Eu-core,real,425,35,21,0.7142857142857143,2,4,5,6
email-Eu-core,real,426,58,29,0.603448275862069,2,3,8,8
email-Eu-core,real,427,55,32,0.41818181818181815,3,1,8,8
email-Eu-core,real,428,27,20,0.7777777777777778,7,5,5,5
email-Eu-core,real,429,32,20,0.78125,7,5,5,6
email-Eu-core,real,430,52,28,0.5,5,2,7,8
email-Eu-core,real,431,23,18,0.6956521739130435,0,4,4,5
email-Eu-core,real,432,7,7,1.0,0,8,2,2
email-Eu-core,real,433,23,17,0.8695652173913043,0,6,4,5
email-Eu-core,real,434,183,34,0.3551912568306011,0,0,9,9
email-Eu-core,real,435,14,10,0.42857142857142855,6,1,3,3
email-Eu-core,real,436,3,3,1.0,3,8,1,1
email-Eu-core,real,437,39,27,0.9230769230769231,3,7,7,7
email-Eu-core,real,438,82,32,0.6951219512195121,3,4,8,9
email-Eu-core,real,439,3,3,1.0,3,8,1,1
email-Eu-core,real,440,69,27,0.42028985507246375,2,1,7,8
email-Eu-core,real,441,55,27,0.6181818181818182,5,3,7,8
email-Eu-core,real,442,26,23,0.9230769230769231,3,7,6,5
email-Eu-core,real,443,53,29,0.8301886792452831,3,6,8,8
email-Eu-core,real,444,31,24,0.8064516129032258,3,6,6,6
email-Eu-core,real,445,29,23,0.3793103448275862,2,0,6,6
email-Eu-core,real,446,25,19,0.8,7,5,5,5
email-Eu-core,real,447,30,20,0.7333333333333333,7,5,5,6
email-Eu-core,real,448,39,21,0.6153846153846154,7,3,5,7
email-Eu-core,real,449,1,1,1.0,4,8,0,0
email-Eu-core,real,450,72,32,0.5833333333333334,2,3,9,8
email-Eu-core,real,451,13,12,1.0,5,8,3,3
email-Eu-core,real,452,40,21,0.95,5,7,5,7
email-Eu-core,real,453,32,27,0.71875,0,4,7,6
email-Eu-core,real,454,9,9,0.8888888888888888,0,7,3,2
email-Eu-core,real,455,62,29,0.7903225806451613,3,5,8,8
email-Eu-core,real,456,2,2,0.5,2,2,0,0
email-Eu-core,real,457,27,22,0.6666666666666666,2,4,6,5
email-Eu-core,real,458,47,29,0.5531914893617021,2,2,8,7
email-Eu-core,real,459,73,30,0.3424657534246575,6,0,8,8
email-Eu-core,real,460,52,30,0.4230769230769231,0,1,8,8
email-Eu-core,real,461,24,19,0.7916666666666666,7,5,5,5
email-Eu-core,real,462,30,25,0.6,0,3,6,6
email-Eu-core,real,463,1,1,1.0,0,9,0,0
email-Eu-core,real,464,47,29,0.40425531914893614,2,1,7,7
email-Eu-core,real,465,15,14,0.4666666666666667,0,1,3,3
email-Eu-core,real,466,51,21,0.8431372549019608,5,6,5,7
email-Eu-core,real,467,24,24,0.7083333333333334,0,4,6,5
email-Eu-core,real,468,21,18,0.3333333333333333,4,0,4,4
email-Eu-core,real,469,17,16,0.7058823529411765,0,4,4,4
email-Eu-core,real,470,24,18,0.8333333333333334,3,6,4,5
email-Eu-core,real,471,14,13,0.5714285714285714,0,2,3,3
email-Eu-core,real,472,7,7,0.5714285714285714,0,2,2,2
email-Eu-core,real,473,108,34,0.4444444444444444,0,1,9,9
email-Eu-core,real,474,80,34,0.675,0,4,9,9
email-Eu-core,real,475,2,2,1.0,0,8,1,1
email-Eu-core,real,476,8,8,0.875,0,7,2,2
email-Eu-core,real,477,11,11,1.0,0,9,3,3
email-Eu-core,real,478,40,25,0.8,0,5,6,7
email-Eu-core,real,479,4,4,0.5,4,1,1,1
email-Eu-core,real,480,44,29,0.6363636363636364,0,3,7,7
email-Eu-core,real,481,44,30,0.8409090909090909,1,6,8,7
email-Eu-core,real,482,45,27,0.4444444444444444,3,1,7,7
email-Eu-core,real,483,44,27,0.36363636363636365,2,0,7,7
email-Eu-core,real,484,20,18,0.65,2,3,4,4
email-Eu-core,real,485,28,23,0.6785714285714286,3,4,6,5
email-Eu-core,real,486,72,32,0.3194444444444444,2,0,8,8
email-Eu-core,real,487,15,12,0.9333333333333333,5,7,3,3
email-Eu-core,real,488,11,11,1.0,5,8,3,3
email-Eu-core,real,489,35,29,0.4857142857142857,0,1,8,6
email-Eu-core,real,490,41,31,0.6341463414634146,0,3,8,7
email-Eu-core,real,491,19,17,0.42105263157894735,3,1,4,4
email-Eu-core,real,492,30,26,0.7,0,4,6,6
email-Eu-core,real,493,86,34,0.5697674418604651,2,2,9,9
email-Eu-core,real,494,114,34,0.19298245614035087,3,0,9,9
email-Eu-core,real,495,78,34,0.20512820512820512,6,0,9,8
email-Eu-core,real,496,23,19,0.6956521739130435,5,4,5,5
email-Eu-core,real,497,17,16,0.6470588235294118,3,3,4,4
email-Eu-core,real,498,86,27,0.6046511627906976,5,3,7,9
email-Eu-core,real,499,49,21,0.8571428571428571,5,6,5,7
email-Eu-core,real,500,21,19,1.0,5,8,5,4
email-Eu-core,real,501,14,14,0.7857142857142857,5,5,4,3
email-Eu-core,real,502,23,19,0.9565217391304348,5,7,5,5
email-Eu-core,real,503,12,12,0.9166666666666666,5,7,3,3
email-Eu-core,real,504,42,21,0.8571428571428571,5,6,5,7
email-Eu-core,real,505,13,12,0.8461538461538461,5,6,3,3
email-Eu-core,real,506,61,27,0.6229508196721312,5,3,7,8
email-Eu-core,real,507,5,5,0.4,6,0,2,2
email-Eu-core,real,508,34,25,0.9117647058823529,0,7,6,6
email-Eu-core,real,509,53,29,0.8867924528301887,0,7,8,8
email-Eu-core,real,510,20,19,0.8,5,5,5,4
email-Eu-core,real,511,22,18,0.3181818181818182,4,0,4,4
email-Eu-core,real,512,4,4,0.75,0,5,1,1
email-Eu-core,real,513,54,32,0.5185185185185185,0,2,8,8
email-Eu-core,real,514,10,10,0.8,0,5,3,3
email-Eu-core,real,515,43,27,0.6976744186046512,2,4,7,7
email-Eu-core,real,516,13,11,0.9230769230769231,1,7,3,3
email-Eu-core,real,517,12,11,0.9166666666666666,1,7,3,3
email-Eu-core,real,518,71,34,0.6197183098591549,0,3,9,8
email-Eu-core,real,519,21,17,0.38095238095238093,6,0,4,4
email-Eu-core,real,520,53,30,0.7169811320754716,1,4,8,8
email-Eu-core,real,521,16,11,0.5,3,2,3,4
email-Eu-core,real,522,3,3,1.0,2,8,1,1
email-Eu-core,real,523,19,14,0.7368421052631579,2,5,3,4
email-Eu-core,real,524,1,1,1.0,0,8,0,0
email-Eu-core,real,525,43,21,0.9069767441860465,5,7,5,7
email-Eu-core,real,526,61,28,0.6229508196721312,2,3,7,8
email-Eu-core,real,527,17,17,0.7647058823529411,3,5,4,4
email-Eu-core,real,528,10,10,0.5,1,2,3,3
email-Eu-core,real,529,35,20,0.9142857142857143,5,7,5,6
email-Eu-core,real,530,10,9,0.7,5,4,3,3
email-Eu-core,real,531,51,33,0.39215686274509803,3,0,9,7
email-Eu-core,real,532,19,18,0.7368421052631579,1,5,4,4
email-Eu-core,real,533,157,34,0.14012738853503184,5,0,9,9
email-Eu-core,real,534,5,5,0.8,2,5,2,1
email-Eu-core,real,535,10,10,0.5,3,1,3,3
email-Eu-core,real,536,14,14,0.7142857142857143,0,4,3,3
email-Eu-core,real,537,44,27,0.2727272727272727,6,0,7,7
email-Eu-core,real,538,9,9,0.7777777777777778,0,5,3,3
email-Eu-core,real,539,8,8,0.5,3,2,2,2
email-Eu-core,real,540,9,8,0.7777777777777778,0,5,3,2
email-Eu-core,real,541,20,18,0.45,0,1,4,4
email-Eu-core,real,542,18,18,0.9444444444444444,2,7,4,4
email-Eu-core,real,543,41,26,0.5853658536585366,2,3,7,7
email-Eu-core,real,544,28,21,0.5,2,1,5,5
email-Eu-core,real,545,25,23,0.72,3,4,6,5
email-Eu-core,real,546,99,34,0.43434343434343436,0,1,9,9
email-Eu-core,real,547,28,24,0.9285714285714286,3,7,6,5
email-Eu-core,real,548,36,28,0.3333333333333333,3,0,7,6
email-Eu-core,real,549,79,29,0.6582278481012658,0,4,8,9
email-Eu-core,real,550,27,25,0.8148148148148148,0,6,6,5
email-Eu-core,real,551,20,17,0.8,0,5,4,4
email-Eu-core,real,552,41,30,0.7804878048780488,1,5,8,7
email-Eu-core,real,553,8,7,0.75,3,5,2,2
email-Eu-core,real,554,11,10,0.6363636363636364,3,3,3,3
email-Eu-core,real,555,16,16,0.8125,5,6,4,4
email-Eu-core,real,556,8,8,0.625,2,3,2,2
email-Eu-core,real,557,18,18,0.5555555555555556,2,2,4,4
email-Eu-core,real,558,12,12,0.9166666666666666,5,7,3,3
email-Eu-core,real,559,8,7,0.875,0,7,2,2
email-Eu-core,real,560,55,29,0.2909090909090909,6,0,8,8
email-Eu-core,real,561,1,1,1.0,0,8,0,0
email-Eu-core,real,562,30,23,0.6333333333333333,2,3,6,6
email-Eu-core,real,563,19,16,0.7368421052631579,2,5,4,4
email-Eu-core,real,564,32,25,0.4375,1,1,6,6
email-Eu-core,real,565,12,12,0.9166666666666666,5,7,3,3
email-Eu-core,real,566,22,18,1.0,5,9,4,5
email-Eu-core,real,567,4,3,0.75,2,5,1,1
email-Eu-core,real,568,28,23,0.6428571428571429,2,3,6,6
email-Eu-core,real,569,39,21,0.9230769230769231,5,7,5,7
email-Eu-core,real,570,19,17,1.0,5,8,4,4
email-Eu-core,real,571,20,20,0.8,1,6,5,4
email-Eu-core,real,572,24,18,0.7083333333333334,2,4,4,5
email-Eu-core,real,573,19,18,0.8421052631578947,5,6,4,4
email-Eu-core,real,574,4,4,1.0,2,8,1,1
email-Eu-core,real,575,11,11,0.6363636363636364,4,3,3,3
email-Eu-core,real,576,19,19,0.3684210526315789,2,0,5,4
email-Eu-core,real,577,13,11,0.7692307692307693,0,5,3,3
email-Eu-core,real,578,1,1,1.0,0,8,0,0
email-Eu-core,real,579,20,18,0.8,7,5,4,4
email-Eu-core,real,580,30,23,0.36666666666666664,2,0,6,6
email-Eu-core,real,581,16,16,0.6875,0,4,4,3
email-Eu-core,real,582,1,1,1.0,3,9,0,0
email-Eu-core,real,583,4,4,0.75,2,5,1,1
email-Eu-core,real,584,11,10,0.7272727272727273,2,5,3,3
email-Eu-core,real,585,25,23,0.72,1,4,6,5
email-Eu-core,real,586,14,14,1.0,1,9,3,3
email-Eu-core,real,587,22,20,0.7727272727272727,3,5,5,5
email-Eu-core,real,588,24,23,0.7083333333333334,0,4,6,5
email-Eu-core,real,589,27,23,0.8888888888888888,3,7,6,5
email-Eu-core,real,590,8,8,0.625,0,3,2,2
email-Eu-core,real,591,33,20,0.8484848484848485,7,6,5,6
email-Eu-core,real,592,42,26,0.6904761904761905,2,4,6,7
email-Eu-core,real,593,6,6,1.0,0,9,2,2
email-Eu-core,real,594,1,1,1.0,4,8,0,0
email-Eu-core,real,595,5,5,0.4,6,0,2,2
email-Eu-core,real,596,16,15,0.5625,0,2,4,4
email-Eu-core,real,597,7,7,0.7142857142857143,3,4,2,2
email-Eu-core,real,598,14,13,0.8571428571428571,1,6,3,3
email-Eu-core,real,599,11,10,0.9090909090909091,2,7,3,3
email-Eu-core,real,600,38,28,0.2631578947368421,1,0,7,6
email-Eu-core,real,601,24,20,0.75,5,5,5,5
email-Eu-core,real,602,1,1,1.0,4,9,0,0
email-Eu-core,real,603,8,8,0.625,1,3,2,2
email-Eu-core,real,604,4,3,1.0,4,9,1,1
email-Eu-core,real,605,1,1,1.0,6,9,0,0
email-Eu-core,real,606,33,27,0.5151515151515151,0,2,7,6
email-Eu-core,real,607,28,20,0.8928571428571429,5,7,5,5
email-Eu-core,real,608,4,4,1.0,3,8,1,1
email-Eu-core,real,609,16,14,0.375,1,0,3,4
email-Eu-core,real,610,26,23,0.6153846153846154,2,3,6,5
email-Eu-core,real,611,54,31,0.5185185185185185,0,2,8,8
email-Eu-core,real,612,11,8,0.36363636363636365,6,0,2,3
email-Eu-core,real,613,4,3,0.5,6,2,1,1
email-Eu-core,real,614,60,32,0.5166666666666667,0,2,8,8
email-Eu-core,real,615,6,6,0.5,6,2,2,2
email-Eu-core,real,616,6,6,1.0,7,9,2,2
email-Eu-core,real,617,13,12,0.8461538461538461,7,6,3,3
email-Eu-core,real,618,8,8,0.75,1,5,2,2
email-Eu-core,real,619,2,2,1.0,2,9,1,1
email-Eu-core,real,620,17,16,0.6470588235294118,4,3,4,4
email-Eu-core,real,621,1,1,1.0,1,8,0,0
email-Eu-core,real,622,10,8,0.8,2,5,2,3
email-Eu-core,real,623,11,11,0.2727272727272727,3,0,3,3
email-Eu-core,real,624,6,6,1.0,1,8,2,2
email-Eu-core,real,625,1,1,1.0,0,8,0,0
email-Eu-core,real,626,14,14,0.6428571428571429,0,3,3,3
email-Eu-core,real,627,6,6,1.0,4,9,2,2
email-Eu-core,real,628,4,4,0.5,6,1,1,1
email-Eu-core,real,629,2,2,1.0,1,8,1,1
email-Eu-core,real,630,2,2,1.0,1,8,1,1
email-Eu-core,real,631,3,3,1.0,4,9,1,1
email-Eu-core,real,632,1,1,1.0,1,9,0,0
email-Eu-core,real,633,11,10,1.0,1,8,3,3
email-Eu-core,real,634,1,1,1.0,1,9,0,0
email-Eu-core,real,635,3,3,1.0,1,8,1,1
email-Eu-core,real,636,24,21,0.25,1,0,5,5
email-Eu-core,real,637,5,5,0.8,1,5,2,2
email-Eu-core,real,638,17,16,0.7647058823529411,7,5,4,4
email-Eu-core,real,639,18,16,0.6666666666666666,0,4,4,4
email-Eu-core,real,640,19,19,0.8947368421052632,0,7,5,4
email-Eu-core,real,641,13,13,0.46153846153846156,0,1,3,3
email-Eu-core,real,642,15,14,0.2,4,0,4,3
email-Eu-core,real,643,5,4,1.0,4,8,1,2
email-Eu-core,real,644,3,3,1.0,1,7,1,1
email-Eu-core,real,645,12,11,0.5833333333333334,0,3,3,3
email-Eu-core,real,646,10,9,0.8,5,6,3,3
email-Eu-core,real,647,1,1,1.0,6,9,0,0
email-Eu-core,real,648,17,15,0.47058823529411764,0,1,4,4
email-Eu-core,real,649,7,7,0.7142857142857143,0,4,2,2
email-Eu-core,real,650,38,26,0.5,0,1,6,6
email-Eu-core,real,651,30,26,0.5666666666666667,3,2,6,6
email-Eu-core,real,652,11,11,0.8181818181818182,4,6,3,3
email-Eu-core,real,653,1,1,1.0,7,9,0,0
email-Eu-core,real,654,1,1,1.0,4,9,0,0
email-Eu-core,real,655,43,23,0.6976744186046512,5,4,6,7
email-Eu-core,real,656,18,16,0.5,7,2,4,4
email-Eu-core,real,657,18,17,0.8333333333333334,0,6,4,4
email-Eu-core,real,658,11,10,0.6363636363636364,2,3,3,3
email-Eu-core,real,659,27,25,0.6666666666666666,1,4,6,5
email-Eu-core,real,660,22,18,0.7272727272727273,5,4,4,4
email-Eu-core,real,661,30,25,0.7,0,4,6,6
email-Eu-core,real,662,1,1,1.0,4,8,0,0
email-Eu-core,real,663,6,6,0.6666666666666666,0,4,2,2
email-Eu-core,real,664,30,25,0.9,0,7,6,6
email-Eu-core,real,665,13,13,0.7692307692307693,5,5,3,3
email-Eu-core,real,666,1,1,1.0,6,8,0,0
email-Eu-core,real,667,18,16,1.0,5,9,4,4
email-Eu-core,real,668,4,4,0.75,7,5,1,1
email-Eu-core,real,669,2,2,0.5,2,2,1,1
email-Eu-core,real,670,14,14,0.7857142857142857,0,5,4,3
email-Eu-core,real,671,18,17,0.7222222222222222,0,4,4,4
email-Eu-core,real,672,1,1,1.0,4,8,0,0
email-Eu-core,real,673,22,19,0.7272727272727273,4,4,5,4
email-Eu-core,real,674,3,3,1.0,4,9,1,1
email-Eu-core,real,675,8,8,1.0,1,8,2,2
email-Eu-core,real,676,46,30,0.8478260869565217,1,6,8,7
email-Eu-core,real,677,10,10,0.4,3,0,3,3
email-Eu-core,real,678,7,7,0.5714285714285714,7,2,2,2
email-Eu-core,real,679,1,1,1.0,2,8,0,0
email-Eu-core,real,680,2,2,1.0,2,9,1,1
email-Eu-core,real,681,20,20,0.5,0,1,5,4
email-Eu-core,real,682,2,2,1.0,4,9,1,1
email-Eu-core,real,683,5,5,1.0,0,8,2,2
email-Eu-core,real,684,9,9,0.6666666666666666,2,4,3,2
email-Eu-core,real,685,27,21,0.2962962962962963,6,0,5,5
email-Eu-core,real,686,9,9,1.0,6,9,3,3
email-Eu-core,real,687,6,4,0.8333333333333334,4,6,2,2
email-Eu-core,real,688,27,26,0.9629629629629629,1,7,6,5
email-Eu-core,real,689,24,19,0.875,5,7,5,5
email-Eu-core,real,690,30,19,0.9333333333333333,5,7,5,6
email-Eu-core,real,691,1,1,1.0,0,9,0,0
email-Eu-core,real,692,2,2,1.0,0,8,0,1
email-Eu-core,real,693,1,1,1.0,0,9,0,0
email-Eu-core,real,694,7,7,0.7142857142857143,2,4,2,2
email-Eu-core,real,695,12,10,0.8333333333333334,2,6,3,3
email-Eu-core,real,696,40,21,0.775,5,5,5,7
email-Eu-core,real,697,18,16,0.6666666666666666,7,4,4,4
email-Eu-core,real,698,3,3,1.0,7,8,1,1
email-Eu-core,real,699,18,17,0.7777777777777778,0,5,4,4
email-Eu-core,real,700,4,3,0.5,2,1,1,1
email-Eu-core,real,701,3,3,1.0,0,9,1,1
email-Eu-core,real,702,23,21,0.7391304347826086,2,5,5,5
email-Eu-core,real,703,5,5,1.0,0,9,2,2
email-Eu-core,real,704,1,1,1.0,1,9,0,0
email-Eu-core,real,705,9,8,0.4444444444444444,1,1,2,3
email-Eu-core,real,706,6,6,1.0,1,9,2,2
email-Eu-core,real,707,13,11,0.8461538461538461,4,6,3,3
email-Eu-core,real,708,23,19,0.9565217391304348,5,7,5,5
email-Eu-core,real,709,5,5,1.0,3,9,2,2
email-Eu-core,real,710,4,4,0.75,3,5,1,1
email-Eu-core,real,711,12,9,0.8333333333333334,0,6,3,3
email-Eu-core,real,712,2,2,0.5,4,2,1,1
email-Eu-core,real,713,13,13,0.9230769230769231,3,7,3,3
email-Eu-core,real,714,18,18,0.5555555555555556,0,2,4,4
email-Eu-core,real,715,4,4,0.5,2,2,1,1
email-Eu-core,real,716,16,13,0.75,0,5,3,4
email-Eu-core,real,717,8,8,0.875,5,7,2,2
email-Eu-core,real,718,12,12,0.25,4,0,3,3
email-Eu-core,real,719,13,9,0.8461538461538461,0,6,3,3
email-Eu-core,real,720,14,14,0.42857142857142855,4,1,3,3
email-Eu-core,real,721,7,7,1.0,7,8,2,2
email-Eu-core,real,722,5,5,0.4,0,0,2,2
email-Eu-core,real,723,1,1,1.0,1,8,0,0
email-Eu-core,real,724,34,30,0.9411764705882353,1,7,8,6
email-Eu-core,real,725,6,6,0.3333333333333333,5,0,2,2
email-Eu-core,real,726,4,4,0.25,5,0,1,1
email-Eu-core,real,727,5,5,1.0,4,8,2,2
email-Eu-core,real,728,3,3,0.6666666666666666,0,4,1,1
email-Eu-core,real,729,3,3,1.0,1,8,1,1
email-Eu-core,real,730,7,6,0.42857142857142855,6,1,2,2
email-Eu-core,real,731,39,29,0.8205128205128205,0,6,8,6
email-Eu-core,real,732,32,25,0.5625,0,2,6,6
email-Eu-core,real,733,5,5,0.6,2,3,2,2
email-Eu-core,real,734,1,1,1.0,1,9,0,0
email-Eu-core,real,735,7,7,0.8571428571428571,2,6,2,2
email-Eu-core,real,736,5,5,0.8,0,6,2,2
email-Eu-core,real,737,19,17,0.9473684210526315,3,7,4,4
email-Eu-core,real,738,28,20,0.8928571428571429,5,7,5,6
email-Eu-core,real,739,1,1,1.0,1,9,0,0
email-Eu-core,real,740,24,19,0.4583333333333333,6,1,5,5
email-Eu-core,real,741,3,3,0.6666666666666666,3,4,1,1
email-Eu-core,real,742,13,13,0.5384615384615384,0,2,3,3
email-Eu-core,real,743,2,2,0.5,6,2,1,1
email-Eu-core,real,744,4,4,0.75,7,5,1,1
email-Eu-core,real,745,1,1,1.0,4,9,0,0
email-Eu-core,real,746,1,1,1.0,1,9,0,0
email-Eu-core,real,747,1,1,1.0,1,8,0,0
email-Eu-core,real,748,9,9,0.3333333333333333,6,0,3,3
email-Eu-core,real,749,20,18,0.9,5,7,4,4
email-Eu-core,real,750,3,3,1.0,3,8,1,1
email-Eu-core,real,751,6,6,0.5,0,1,2,2
email-Eu-core,real,752,15,14,0.9333333333333333,7,7,4,3
email-Eu-core,real,753,3,3,1.0,0,8,1,1
email-Eu-core,real,754,1,1,1.0,7,8,0,0
email-Eu-core,real,755,8,8,0.75,0,5,2,2
email-Eu-core,real,756,1,1,1.0,0,9,0,0
email-Eu-core,real,757,1,1,1.0,1,9,0,0
email-Eu-core,real,758,1,1,1.0,6,9,0,0
email-Eu-core,real,759,28,23,0.7857142857142857,2,5,6,5
email-Eu-core,real,760,19,13,0.47368421052631576,0,1,3,4
email-Eu-core,real,761,5,5,0.4,5,0,2,2
email-Eu-core,real,762,3,3,0.3333333333333333,6,0,1,1
email-Eu-core,real,763,1,1,1.0,0,8,0,0
email-Eu-core,real,764,3,3,0.6666666666666666,4,4,1,1
email-Eu-core,real,765,3,3,0.3333333333333333,4,0,1,1
email-Eu-core,real,766,8,7,1.0,0,8,2,2
email-Eu-core,real,767,1,1,1.0,1,9,0,0
email-Eu-core,real,768,4,4,1.0,3,9,1,1
email-Eu-core,real,769,9,9,0.2222222222222222,4,0,3,3
email-Eu-core,real,770,1,1,1.0,0,8,0,0
email-Eu-core,real,771,1,1,1.0,1,9,0,0
email-Eu-core,real,772,11,10,0.6363636363636364,2,3,3,3
email-Eu-core,real,773,1,1,1.0,2,9,0,0
email-Eu-core,real,774,6,6,0.8333333333333334,2,6,2,2
email-Eu-core,real,775,1,1,1.0,0,9,0,0
email-Eu-core,real,776,5,5,0.6,6,3,2,2
email-Eu-core,real,777,2,2,1.0,7,7,1,1
email-Eu-core,real,778,1,1,1.0,3,8,0,0
email-Eu-core,real,779,4,4,0.75,0,5,1,1
email-Eu-core,real,780,5,4,0.6,4,3,2,2
email-Eu-core,real,781,7,6,0.5714285714285714,0,2,2,2
email-Eu-core,real,782,6,6,0.5,0,2,2,2
email-Eu-core,real,783,2,2,1.0,2,9,1,1
email-Eu-core,real,784,5,5,0.4,2,0,2,2
email-Eu-core,real,785,18,16,0.8888888888888888,1,7,4,4
email-Eu-core,real,786,12,12,0.9166666666666666,5,7,3,3
email-Eu-core,real,787,4,4,1.0,5,9,1,1
email-Eu-core,real,788,5,5,1.0,1,8,2,2
email-Eu-core,real,789,6,6,1.0,1,9,2,2
email-Eu-core,real,790,47,30,0.8085106382978723,1,6,8,7
email-Eu-core,real,791,17,15,0.29411764705882354,4,0,4,4
email-Eu-core,real,792,8,8,0.625,3,3,2,2
email-Eu-core,real,793,60,30,0.5333333333333333,1,2,8,8
email-Eu-core,real,794,24,18,0.9583333333333334,2,7,4,5
email-Eu-core,real,795,5,5,0.8,4,6,2,2
email-Eu-core,real,796,17,17,0.8235294117647058,1,6,4,4
email-Eu-core,real,797,21,17,0.9523809523809523,3,7,4,4
email-Eu-core,real,798,5,5,1.0,2,8,2,2
email-Eu-core,real,799,13,13,0.46153846153846156,0,1,3,3
email-Eu-core,real,800,5,5,0.8,7,6,2,2
email-Eu-core,real,801,128,34,0.3671875,2,0,9,9
email-Eu-core,real,802,2,2,0.5,4,2,0,1
email-Eu-core,real,803,20,18,0.7,2,4,4,4
email-Eu-core,real,804,23,18,0.9130434782608695,5,7,4,5
email-Eu-core,real,805,1,1,1.0,4,9,0,0
email-Eu-core,real,806,4,4,1.0,0,8,1,1
email-Eu-core,real,807,25,21,0.96,1,7,5,5
email-Eu-core,real,808,1,1,1.0,5,9,0,0
email-Eu-core,real,809,29,24,0.5862068965517241,0,3,6,6
email-Eu-core,real,810,4,4,1.0,2,8,1,1
email-Eu-core,real,811,1,1,1.0,5,8,0,0
email-Eu-core,real,812,1,1,1.0,0,7,0,0
email-Eu-core,real,813,25,21,0.88,1,7,5,5
email-Eu-core,real,814,7,7,0.5714285714285714,5,2,2,2
email-Eu-core,real,815,1,1,1.0,0,8,0,0
email-Eu-core,real,816,7,7,0.8571428571428571,2,6,2,2
email-Eu-core,real,817,4,4,0.75,2,5,1,1
email-Eu-core,real,818,1,1,1.0,0,9,0,0
email-Eu-core,real,819,2,2,1.0,7,8,1,1
email-Eu-core,real,820,2,2,1.0,4,9,1,1
email-Eu-core,real,821,16,16,0.8125,2,6,4,4
email-Eu-core,real,822,7,6,0.8571428571428571,4,6,2,2
email-Eu-core,real,823,2,2,0.5,1,1,0,1
email-Eu-core,real,824,2,2,1.0,2,9,1,1
email-Eu-core,real,825,3,3,0.3333333333333333,5,0,1,1
email-Eu-core,real,826,30,24,0.9,1,7,6,6
email-Eu-core,real,827,1,1,1.0,4,8,0,0
email-Eu-core,real,828,27,21,0.8148148148148148,3,6,5,5
email-Eu-core,real,829,3,3,0.6666666666666666,2,4,1,1
email-Eu-core,real,830,6,6,0.6666666666666666,1,4,2,2
email-Eu-core,real,831,2,2,0.5,2,1,1,0
email-Eu-core,real,832,14,11,0.9285714285714286,4,7,3,3
email-Eu-core,real,833,4,4,0.5,4,1,1,1
email-Eu-core,real,834,1,1,1.0,0,9,0,0
email-Eu-core,real,835,7,7,0.5714285714285714,1,2,2,2
email-Eu-core,real,836,5,5,0.8,0,5,2,2
email-Eu-core,real,837,66,29,0.5606060606060606,5,2,8,8
email-Eu-core,real,838,4,4,0.5,4,1,1,1
email-Eu-core,real,839,1,1,1.0,0,8,0,0
email-Eu-core,real,840,72,32,0.6388888888888888,1,3,8,8
email-Eu-core,real,841,22,18,0.9090909090909091,3,7,4,4
email-Eu-core,real,842,1,1,1.0,4,8,0,0
email-Eu-core,real,843,1,1,1.0,0,9,0,0
email-Eu-core,real,844,1,1,1.0,1,9,0,0
email-Eu-core,real,845,1,1,1.0,1,9,0,0
email-Eu-core,real,846,9,9,1.0,1,9,3,2
email-Eu-core,real,847,3,3,0.3333333333333333,1,0,1,1
email-Eu-core,real,848,4,4,0.75,3,5,1,1
email-Eu-core,real,849,2,2,0.5,4,1,1,1
email-Eu-core,real,850,6,6,1.0,4,9,2,2
email-Eu-core,real,851,3,3,1.0,2,8,1,1
email-Eu-core,real,852,1,1,1.0,4,8,0,0
email-Eu-core,real,853,13,13,0.5384615384615384,6,2,3,3
email-Eu-core,real,854,2,2,1.0,2,8,1,0
email-Eu-core,real,855,3,3,1.0,2,9,1,1
email-Eu-core,real,856,1,1,1.0,3,8,0,0
email-Eu-core,real,857,1,1,1.0,1,9,0,0
email-Eu-core,real,858,9,9,0.4444444444444444,0,1,3,3
email-Eu-core,real,859,4,4,1.0,3,9,2,1
email-Eu-core,real,860,1,1,1.0,1,9,0,0
email-Eu-core,real,861,30,27,0.7666666666666667,1,5,7,6
email-Eu-core,real,862,1,1,1.0,3,8,0,0
email-Eu-core,real,863,2,2,0.5,4,2,1,1
email-Eu-core,real,864,10,10,0.9,3,7,3,3
email-Eu-core,real,865,1,1,1.0,1,9,0,0
email-Eu-core,real,866,5,4,1.0,0,9,1,2
email-Eu-core,real,867,11,11,0.7272727272727273,1,5,3,3
email-Eu-core,real,868,3,3,1.0,0,8,1,1
email-Eu-core,real,869,1,1,1.0,1,8,0,0
email-Eu-core,real,870,4,4,1.0,0,9,1,1
email-Eu-core,real,871,1,1,1.0,0,8,0,0
email-Eu-core,real,872,2,2,0.5,3,2,1,1
email-Eu-core,real,873,21,19,0.38095238095238093,3,0,5,4
email-Eu-core,real,874,2,2,1.0,5,7,1,1
email-Eu-core,real,875,1,1,1.0,0,8,0,0
email-Eu-core,real,876,3,3,1.0,3,8,1,1
email-Eu-core,real,877,30,24,0.5,0,1,6,6
email-Eu-core,real,878,1,1,1.0,3,9,0,0
email-Eu-core,real,879,2,2,0.5,1,1,1,1
email-Eu-core,real,880,1,1,1.0,1,8,0,0
email-Eu-core,real,881,25,18,0.72,3,4,5,5
email-Eu-core,real,882,1,1,1.0,1,8,0,0
email-Eu-core,real,883,1,1,1.0,1,9,0,0
email-Eu-core,real,884,3,3,1.0,4,9,1,1
email-Eu-core,real,885,1,1,1.0,4,8,0,0
email-Eu-core,real,886,8,8,1.0,6,8,2,2
email-Eu-core,real,887,5,5,0.4,4,0,2,2
email-Eu-core,real,888,12,11,0.8333333333333334,4,6,3,3
email-Eu-core,real,889,26,22,0.8076923076923077,2,6,6,5
email-Eu-core,real,890,8,8,0.5,2,2,2,2
email-Eu-core,real,891,1,1,1.0,2,9,0,0
email-Eu-core,real,892,3,3,0.6666666666666666,0,4,1,1
email-Eu-core,real,893,5,5,0.8,5,5,2,2
email-Eu-core,real,894,21,17,0.9047619047619048,5,7,4,4
email-Eu-core,real,895,21,18,0.9047619047619048,3,7,4,4
email-Eu-core,real,896,1,1,1.0,3,8,0,0
email-Eu-core,real,897,1,1,1.0,4,8,0,0
email-Eu-core,real,898,27,23,0.9259259259259259,2,7,6,5
email-Eu-core,real,899,26,23,0.9230769230769231,2,7,6,5
email-Eu-core,real,900,11,11,0.9090909090909091,3,7,3,3
email-Eu-core,real,901,2,2,0.5,6,1,1,1
email-Eu-core,real,902,11,11,1.0,1,8,3,3
email-Eu-core,real,903,23,18,0.5217391304347826,5,2,4,5
email-Eu-core,real,904,4,4,1.0,0,9,1,1
email-Eu-core,real,905,11,11,0.7272727272727273,1,5,3,3
email-Eu-core,real,906,17,17,0.8823529411764706,3,7,4,4
email-Eu-core,real,907,13,11,0.8461538461538461,1,6,3,3
email-Eu-core,real,908,11,11,1.0,1,9,3,3
email-Eu-core,real,909,1,1,1.0,1,8,0,0
email-Eu-core,real,910,12,12,0.9166666666666666,7,7,3,3
email-Eu-core,real,911,14,11,0.8571428571428571,1,6,3,3
email-Eu-core,real,912,15,12,0.8666666666666667,1,6,3,3
email-Eu-core,real,913,97,34,0.4020618556701031,0,0,9,9
email-Eu-core,real,914,16,15,0.875,7,7,4,4
email-Eu-core,real,915,4,4,0.5,0,1,1,1
email-Eu-core,real,916,5,5,0.8,7,5,2,2
email-Eu-core,real,917,25,18,0.72,2,4,4,5
email-Eu-core,real,918,7,7,0.8571428571428571,7,6,2,2
email-Eu-core,real,919,1,1,1.0,2,9,0,0
email-Eu-core,real,920,3,3,0.6666666666666666,2,4,1,1
email-Eu-core,real,921,2,2,1.0,2,8,1,1
email-Eu-core,real,922,1,1,1.0,0,8,0,0
email-Eu-core,real,923,2,2,0.5,6,1,1,1
email-Eu-core,real,924,1,1,1.0,4,9,0,0
email-Eu-core,real,925,1,1,1.0,0,9,0,0
email-Eu-core,real,926,3,3,0.6666666666666666,0,4,1,1
email-Eu-core,real,927,1,1,1.0,0,8,0,0
email-Eu-core,real,928,8,8,1.0,4,8,2,2
email-Eu-core,real,929,1,1,1.0,4,9,0,0
email-Eu-core,real,930,23,22,0.9130434782608695,1,7,6,5
email-Eu-core,real,931,45,29,0.15555555555555556,5,0,8,7
email-Eu-core,real,932,9,9,1.0,5,8,3,2
email-Eu-core,real,933,6,6,0.8333333333333334,0,6,2,2
email-Eu-core,real,934,16,15,0.6875,3,4,4,4
email-Eu-core,real,935,7,7,1.0,0,8,2,2
email-Eu-core,real,936,7,7,1.0,2,8,2,2
email-Eu-core,real,937,15,15,0.8,5,6,4,3
email-Eu-core,real,938,10,9,1.0,5,8,3,3
email-Eu-core,real,939,3,2,1.0,0,9,1,1
email-Eu-core,real,940,1,1,1.0,4,8,0,0
email-Eu-core,real,941,1,1,1.0,4,9,0,0
email-Eu-core,real,942,1,1,1.0,4,9,0,0
email-Eu-core,real,943,2,2,1.0,0,8,1,1
email-Eu-core,real,944,40,26,0.55,1,2,7,7
email-Eu-core,real,945,5,5,0.8,3,6,2,2
email-Eu-core,real,946,1,1,1.0,2,9,0,0
email-Eu-core,real,947,2,2,1.0,0,9,1,1
email-Eu-core,real,948,5,5,1.0,5,9,2,2
email-Eu-core,real,949,2,2,1.0,0,8,1,1
email-Eu-core,real,950,2,2,1.0,0,8,1,1
email-Eu-core,real,951,6,6,0.8333333333333334,2,6,2,2
email-Eu-core,real,952,95,28,0.3263157894736842,5,0,7,9
email-Eu-core,real,953,2,2,0.5,5,2,1,1
email-Eu-core,real,954,1,1,1.0,5,9,0,0
email-Eu-core,real,955,7,7,0.8571428571428571,2,6,2,2
email-Eu-core,real,956,1,1,1.0,5,9,0,0
email-Eu-core,real,957,25,21,0.96,3,7,5,5
email-Eu-core,real,958,2,2,1.0,1,8,1,1
email-Eu-core,real,959,5,5,1.0,3,9,2,2
email-Eu-core,real,960,5,5,0.6,6,3,2,2
email-Eu-core,real,961,10,9,0.8,3,5,3,3
email-Eu-core,real,962,25,21,0.96,3,7,5,5
email-Eu-core,real,963,1,1,1.0,1,8,0,0
email-Eu-core,real,964,3,3,1.0,3,9,1,1
email-Eu-core,real,965,3,3,0.6666666666666666,0,4,1,1
email-Eu-core,real,966,1,1,1.0,4,9,0,0
email-Eu-core,real,967,3,3,0.6666666666666666,3,4,1,1
email-Eu-core,real,968,12,12,0.9166666666666666,3,7,3,3
email-Eu-core,real,969,2,2,0.5,1,2,1,1
email-Eu-core,real,970,2,2,1.0,0,9,1,0
email-Eu-core,real,971,20,18,0.95,1,7,4,4
email-Eu-core,real,972,4,4,1.0,1,8,1,1
email-Eu-core,real,973,1,1,1.0,2,8,0,0
email-Eu-core,real,974,1,1,1.0,1,8,0,0
email-Eu-core,real,975,1,1,1.0,1,8,0,0
email-Eu-core,real,976,1,1,1.0,2,8,0,0
email-Eu-core,real,977,1,1,1.0,5,8,0,0
email-Eu-core,real,978,3,3,1.0,3,8,1,1
email-Eu-core,real,979,1,1,1.0,2,9,0,0
email-Eu-core,real,980,1,1,1.0,0,9,0,0
email-Eu-core,real,981,6,6,0.8333333333333334,2,6,2,2
email-Eu-core,real,982,10,10,1.0,1,9,3,3
email-Eu-core,real,983,1,1,1.0,6,8,0,0
email-Eu-core,real,984,1,1,1.0,0,8,0,0
email-Eu-core,real,985,1,1,1.0,1,8,0,0
email-Eu-core,null,0,42,29,0.23809523809523808,1,3,7,7
email-Eu-core,null,1,50,29,0.24,2,3,7,7
email-Eu-core,null,2,93,30,0.20430107526881722,4,1,8,9
email-Eu-core,null,3,69,30,0.18840579710144928,7,1,9,8
email-Eu-core,null,4,94,30,0.11702127659574468,9,0,8,9
email-Eu-core,null,5,169,30,0.1893491124260355,1,1,9,9
email-Eu-core,null,6,113,30,0.22123893805309736,1,2,9,9
email-Eu-core,null,7,70,30,0.3142857142857143,1,5,8,8
email-Eu-core,null,8,35,25,0.2571428571428571,4,4,6,6
email-Eu-core,null,9,38,29,0.13157894736842105,9,0,7,6
email-Eu-core,null,10,47,28,0.2127659574468085,1,2,7,7
email-Eu-core,null,11,74,30,0.16216216216216217,8,0,9,8
email-Eu-core,null,12,56,30,0.19642857142857142,2,1,9,8
email-Eu-core,null,13,178,30,0.1348314606741573,8,0,9,9
email-Eu-core,null,14,78,30,0.28205128205128205,0,4,8,9
email-Eu-core,null,15,50,30,0.28,3,4,9,7
email-Eu-core,null,16,74,30,0.21621621621621623,0,2,9,8
email-Eu-core,null,17,109,30,0.2018348623853211,2,1,8,9
email-Eu-core,null,18,54,30,0.3148148148148148,0,5,9,8
email-Eu-core,null,19,70,30,0.21428571428571427,6,2,8,8
email-Eu-core,null,20,72,30,0.2361111111111111,0,3,9,8
email-Eu-core,null,21,136,30,0.27941176470588236,0,4,8,9
email-Eu-core,null,22,13,13,0.23076923076923078,2,2,3,3
email-Eu-core,null,23,79,30,0.12658227848101267,5,0,8,9
email-Eu-core,null,24,38,29,0.34210526315789475,0,6,7,6
email-Eu-core,null,25,33,26,0.24242424242424243,4,3,6,6
email-Eu-core,null,26,33,26,0.15151515151515152,5,0,6,6
email-Eu-core,null,27,61,29,0.2459016393442623,1,3,7,8
email-Eu-core,null,28,103,30,0.2621359223300971,0,4,8,9
email-Eu-core,null,29,56,30,0.2857142857142857,0,4,9,8
email-Eu-core,null,30,66,30,0.21212121212121213,1,2,9,8
email-Eu-core,null,31,48,29,0.16666666666666666,6,0,7,7
email-Eu-core,null,32,33,26,0.18181818181818182,3,1,6,6
email-Eu-core,null,33,28,24,0.21428571428571427,5,2,6,5
email-Eu-core,null,34,29,25,0.3448275862068966,1,6,6,6
email-Eu-core,null,35,57,29,0.17543859649122806,4,0,8,8
email-Eu-core,null,36,43,29,0.20930232558139536,6,1,7,7
email-Eu-core,null,37,35,26,0.11428571428571428,7,0,6,6
email-Eu-core,null,38,45,28,0.2,6,1,7,7
email-Eu-core,null,39,34,25,0.23529411764705882,3,3,6,6
email-Eu-core,null,40,58,30,0.20689655172413793,6,1,8,8
email-Eu-core,null,41,89,30,0.12359550561797752,8,0,9,9
email-Eu-core,null,42,73,30,0.2054794520547945,2,1,8,8
email-Eu-core,null,43,12,11,0.4166666666666667,0,7,3,3
email-Eu-core,null,44,104,30,0.2692307692307692,0,4,8,9
email-Eu-core,null,45,46,29,0.1956521739130435,4,1,7,7
email-Eu-core,null,46,71,30,0.2112676056338028,2,1,8,8
email-Eu-core,null,47,49,28,0.1836734693877551,7,1,7,7
email-Eu-core,null,48,57,29,0.24561403508771928,5,3,7,8
email-Eu-core,null,49,13,12,0.38461538461538464,5,7,3,3
email-Eu-core,null,50,15,14,0.26666666666666666,8,4,3,3
email-Eu-core,null,51,67,30,0.16417910447761194,9,0,9,8
email-Eu-core,null,52,24,22,0.4583333333333333,3,8,5,5
email-Eu-core,null,53,40,28,0.425,0,7,6,7
email-Eu-core,null,54,49,29,0.3469387755102041,0,6,7,7
email-Eu-core,null,55,41,28,0.2682926829268293,1,4,7,7
email-Eu-core,null,56,46,29,0.32608695652173914,0,5,7,7
email-Eu-core,null,57,65,30,0.3076923076923077,0,5,9,8
email-Eu-core,null,58,124,30,0.20967741935483872,1,1,8,9
email-Eu-core,null,59,51,29,0.3137254901960784,1,5,7,7
email-Eu-core,null,60,53,29,0.22641509433962265,3,2,7,8
email-Eu-core,null,61,69,30,0.2463768115942029,1,3,9,8
email-Eu-core,null,62,214,30,0.16355140186915887,5,0,8,9
email-Eu-core,null,63,123,30,0.21138211382113822,3,2,8,9
email-Eu-core,null,64,168,30,0.16071428571428573,5,0,9,9
email-Eu-core,null,65,89,30,0.2696629213483146,0,4,8,9
email-Eu-core,null,66,34,23,0.20588235294117646,6,1,5,6
email-Eu-core,null,67,9,9,0.4444444444444444,2,8,3,3
email-Eu-core,null,68,46,28,0.41304347826086957,4,7,7,7
email-Eu-core,null,69,62,30,0.24193548387096775,3,3,9,8
email-Eu-core,null,70,18,18,0.3333333333333333,6,6,4,4
email-Eu-core,null,71,16,14,0.25,9,3,3,3
email-Eu-core,null,72,8,7,0.25,8,3,2,2
email-Eu-core,null,73,29,25,0.13793103448275862,7,0,6,6
email-Eu-core,null,74,91,30,0.2967032967032967,2,5,8,9
email-Eu-core,null,75,20,18,0.15,6,0,4,4
email-Eu-core,null,76,22,21,0.3181818181818182,5,5,5,4
email-Eu-core,null,77,25,22,0.24,8,3,5,5
email-Eu-core,null,78,23,19,0.4782608695652174,1,8,4,5
email-Eu-core,null,79,42,29,0.19047619047619047,5,1,7,7
email-Eu-core,null,80,70,30,0.24285714285714285,2,3,9,8
email-Eu-core,null,81,111,30,0.0990990990990991,7,0,9,9
email-Eu-core,null,82,231,30,0.15584415584415584,4,0,9,9
email-Eu-core,null,83,139,30,0.2014388489208633,4,1,8,9
email-Eu-core,null,84,130,30,0.2076923076923077,2,1,9,9
email-Eu-core,null,85,37,26,0.21621621621621623,1,2,6,6
email-Eu-core,null,86,216,30,0.2175925925925926,1,2,9,9
email-Eu-core,null,87,137,30,0.23357664233576642,0,2,8,9
email-Eu-core,null,88,31,25,0.2903225806451613,4,5,6,6
email-Eu-core,null,89,69,30,0.15942028985507245,7,0,8,8
email-Eu-core,null,90,27,23,0.14814814814814814,6,0,6,5
email-Eu-core,null,91,29,23,0.2413793103448276,3,3,5,6
email-Eu-core,null,92,42,27,0.23809523809523808,1,3,6,7
email-Eu-core,null,93,85,30,0.11764705882352941,7,0,9,9
email-Eu-core,null,94,42,28,0.21428571428571427,3,2,7,7
email-Eu-core,null,95,46,28,0.2826086956521739,1,4,6,7
email-Eu-core,null,96,118,30,0.11016949152542373,7,0,9,9
email-Eu-core,null,97,23,22,0.2608695652173913,0,4,5,5
email-Eu-core,null,98,23,19,0.2608695652173913,6,4,4,5
email-Eu-core,null,99,27,24,0.2222222222222222,7,2,6,5
email-Eu-core,null,100,39,27,0.15384615384615385,7,0,6,7
email-Eu-core,null,101,27,22,0.2962962962962963,4,5,5,5
email-Eu-core,null,102,21,20,0.42857142857142855,0,7,5,4
email-Eu-core,null,103,50,29,0.26,2,4,7,7
email-Eu-core,null,104,31,25,0.3225806451612903,0,5,6,6
email-Eu-core,null,105,144,30,0.1597222222222222,6,0,8,9
email-Eu-core,null,106,140,30,0.20714285714285716,1,1,9,9
email-Eu-core,null,107,219,30,0.228310502283105,0,2,9,9
email-Eu-core,null,108,41,28,0.3170731707317073,5,5,6,7
email-Eu-core,null,109,5,5,0.4,3,7,2,2
email-Eu-core,null,110,9,9,0.2222222222222222,9,2,3,3
email-Eu-core,null,111,8,8,0.375,1,7,2,2
email-Eu-core,null,112,19,18,0.3684210526315789,4,7,4,4
email-Eu-core,null,113,85,30,0.23529411764705882,2,3,8,9
email-Eu-core,null,114,140,30,0.2,2,1,8,9
email-Eu-core,null,115,129,30,0.20930232558139536,3,1,9,9
email-Eu-core,null,116,81,30,0.30864197530864196,0,5,9,9
email-Eu-core,null,117,18,16,0.2777777777777778,2,4,4,4
email-Eu-core,null,118,30,23,0.26666666666666666,0,4,5,6
email-Eu-core,null,119,14,11,0.5,2,8,3,3
email-Eu-core,null,120,17,16,0.23529411764705882,5,3,4,4
email-Eu-core,null,121,232,30,0.16810344827586207,4,0,8,9
email-Eu-core,null,122,25,21,0.32,0,5,5,5
email-Eu-core,null,123,34,28,0.11764705882352941,5,0,7,6
email-Eu-core,null,124,42,28,0.14285714285714285,7,0,6,7
email-Eu-core,null,125,27,23,0.2222222222222222,5,2,6,5
email-Eu-core,null,126,33,24,0.3939393939393939,2,7,6,6
email-Eu-core,null,127,28,22,0.32142857142857145,2,5,5,5
email-Eu-core,null,128,144,30,0.2152777777777778,2,2,8,9
email-Eu-core,null,129,162,30,0.2345679012345679,0,2,9,9
email-Eu-core,null,130,35,25,0.4,0,7,6,6
email-Eu-core,null,131,58,30,0.3275862068965517,0,5,8,8
email-Eu-core,null,132,61,30,0.16393442622950818,5,0,8,8
email-Eu-core,null,133,106,30,0.14150943396226415,6,0,8,9
email-Eu-core,null,134,23,19,0.391304347826087,0,7,4,5
email-Eu-core,null,135,36,26,0.3055555555555556,5,5,6,6
email-Eu-core,null,136,27,23,0.2962962962962963,1,5,5,5
email-Eu-core,null,137,83,30,0.2289156626506024,1,2,9,9
email-Eu-core,null,138,32,26,0.25,0,3,6,6
email-Eu-core,null,139,38,28,0.23684210526315788,6,3,7,6
email-Eu-core,null,140,39,25,0.1794871794871795,7,1,6,6
email-Eu-core,null,141,81,30,0.16049382716049382,5,0,9,9
email-Eu-core,null,142,139,30,0.17266187050359713,2,0,9,9
email-Eu-core,null,143,49,29,0.30612244897959184,0,5,7,7
email-Eu-core,null,144,13,13,0.3076923076923077,4,5,3,3
email-Eu-core,null,145,69,30,0.2318840579710145,3,2,8,8
email-Eu-core,null,146,28,21,0.35714285714285715,3,6,5,5
email-Eu-core,null,147,50,29,0.18,8,1,7,7
email-Eu-core,null,148,18,17,0.2222222222222222,7,2,4,4
email-Eu-core,null,149,28,23,0.25,6,3,5,5
email-Eu-core,null,150,37,28,0.2702702702702703,2,4,7,6
email-Eu-core,null,151,44,29,0.29545454545454547,5,5,7,7
email-Eu-core,null,152,69,30,0.30434782608695654,3,5,8,8
email-Eu-core,null,153,52,29,0.15384615384615385,8,0,7,8
email-Eu-core,null,154,52,29,0.2692307692307692,1,4,7,8
email-Eu-core,null,155,78,30,0.28205128205128205,0,4,8,9
email-Eu-core,null,156,23,20,0.2608695652173913,1,4,5,5
email-Eu-core,null,157,77,30,0.11688311688311688,9,0,9,8
email-Eu-core,null,158,47,29,0.2553191489361702,1,3,7,7
email-Eu-core,null,159,36,26,0.3055555555555556,4,5,6,6
email-Eu-core,null,160,345,30,0.1826086956521739,4,1,9,9
email-Eu-core,null,161,41,29,0.2926829268292683,1,5,7,7
email-Eu-core,null,162,64,30,0.140625,8,0,8,8
email-Eu-core,null,163,52,29,0.23076923076923078,0,2,7,8
email-Eu-core,null,164,46,29,0.21739130434782608,2,2,7,7
email-Eu-core,null,165,117,30,0.28205128205128205,0,4,9,9
email-Eu-core,null,166,175,30,0.21142857142857144,3,2,9,9
email-Eu-core,null,167,68,30,0.22058823529411764,2,2,8,8
email-Eu-core,null,168,75,30,0.32,0,5,8,8
email-Eu-core,null,169,117,30,0.13675213675213677,7,0,8,9
email-Eu-core,null,170,96,30,0.23958333333333334,4,3,9,9
email-Eu-core,null,171,43,29,0.13953488372093023,8,0,7,7
email-Eu-core,null,172,90,30,0.25555555555555554,3,3,8,9
email-Eu-core,null,173,81,30,0.1728395061728395,6,0,8,9
email-Eu-core,null,174,71,30,0.30985915492957744,0,5,9,8
email-Eu-core,null,175,11,11,0.2727272727272727,8,4,3,3
email-Eu-core,null,176,33,23,0.21212121212121213,3,2,5,6
email-Eu-core,null,177,52,29,0.38461538461538464,0,7,7,8
email-Eu-core,null,178,34,27,0.23529411764705882,3,2,6,6
email-Eu-core,null,179,53,30,0.2641509433962264,0,4,9,8
email-Eu-core,null,180,81,30,0.14814814814814814,8,0,9,9
email-Eu-core,null,181,59,30,0.22033898305084745,3,2,9,8
email-Eu-core,null,182,45,29,0.26666666666666666,5,4,7,7
email-Eu-core,null,183,171,30,0.24561403508771928,3,3,9,9
email-Eu-core,null,184,78,30,0.358974358974359,0,6,8,8
email-Eu-core,null,185,22,19,0.22727272727272727,2,2,4,4
email-Eu-core,null,186,29,24,0.2413793103448276,5,3,6,6
email-Eu-core,null,187,54,29,0.3148148148148148,1,5,8,8
email-Eu-core,null,188,41,29,0.2926829268292683,2,5,7,7
email-Eu-core,null,189,74,30,0.22972972972972974,3,2,9,8
email-Eu-core,null,190,34,24,0.17647058823529413,9,0,6,6
email-Eu-core,null,191,60,30,0.31666666666666665,0,5,8,8
email-Eu-core,null,192,21,18,0.38095238095238093,0,7,4,4
email-Eu-core,null,193,26,23,0.34615384615384615,0,6,5,5
email-Eu-core,null,194,44,29,0.22727272727272727,4,2,7,7
email-Eu-core,null,195,35,28,0.3142857142857143,1,5,7,6
email-Eu-core,null,196,33,24,0.30303030303030304,0,5,6,6
email-Eu-core,null,197,35,24,0.2857142857142857,3,4,6,6
email-Eu-core,null,198,36,27,0.16666666666666666,6,0,6,6
email-Eu-core,null,199,49,29,0.2857142857142857,0,4,7,7
email-Eu-core,null,200,34,28,0.17647058823529413,7,0,7,6
email-Eu-core,null,201,55,29,0.2727272727272727,2,4,8,8
email-Eu-core,null,202,7,7,0.2857142857142857,5,4,2,2
email-Eu-core,null,203,39,28,0.2564102564102564,4,3,6,7
email-Eu-core,null,204,35,26,0.2571428571428571,0,4,6,6
email-Eu-core,null,205,31,23,0.3548387096774194,0,6,5,6
email-Eu-core,null,206,59,30,0.13559322033898305,9,0,8,8
email-Eu-core,null,207,28,23,0.32142857142857145,4,5,5,5
email-Eu-core,null,208,51,29,0.21568627450980393,5,2,7,7
email-Eu-core,null,209,83,30,0.24096385542168675,1,3,8,9
email-Eu-core,null,210,84,30,0.17857142857142858,1,1,8,9
email-Eu-core,null,211,152,30,0.18421052631578946,4,1,8,9
email-Eu-core,null,212,119,30,0.13445378151260504,7,0,9,9
email-Eu-core,null,213,46,26,0.21739130434782608,1,2,6,7
email-Eu-core,null,214,51,29,0.21568627450980393,3,2,7,7
email-Eu-core,null,215,90,30,0.2222222222222222,0,2,9,9
email-Eu-core,null,216,27,24,0.2222222222222222,4,2,6,5
email-Eu-core,null,217,24,21,0.16666666666666666,3,0,5,5
email-Eu-core,null,218,66,30,0.21212121212121213,4,2,8,8
email-Eu-core,null,219,18,17,0.2777777777777778,1,4,4,4
email-Eu-core,null,220,16,15,0.3125,1,5,4,4
email-Eu-core,null,221,61,30,0.16393442622950818,1,0,9,8
email-Eu-core,null,222,70,30,0.24285714285714285,4,3,9,8
email-Eu-core,null,223,56,30,0.2857142857142857,1,4,8,8
email-Eu-core,null,224,13,12,0.3076923076923077,2,5,3,3
email-Eu-core,null,225,28,24,0.07142857142857142,8,0,6,5
email-Eu-core,null,226,63,30,0.2222222222222222,2,2,9,8
email-Eu-core,null,227,18,18,0.3333333333333333,1,6,4,4
email-Eu-core,null,228,22,17,0.36363636363636365,9,6,4,5
email-Eu-core,null,229,31,23,0.1935483870967742,7,1,5,6
email-Eu-core,null,230,21,21,0.23809523809523808,4,3,5,4
email-Eu-core,null,231,62,29,0.3225806451612903,2,5,7,8
email-Eu-core,null,232,89,30,0.20224719101123595,5,1,9,9
email-Eu-core,null,233,64,30,0.234375,1,2,8,8
email-Eu-core,null,234,49,28,0.2653061224489796,2,4,7,7
email-Eu-core,null,235,24,22,0.2916666666666667,2,5,5,5
email-Eu-core,null,236,50,29,0.22,7,2,7,7
email-Eu-core,null,237,29,24,0.2413793103448276,4,3,6,6
email-Eu-core,null,238,43,29,0.2558139534883721,2,3,7,7
email-Eu-core,null,239,11,9,0.2727272727272727,8,4,3,3
email-Eu-core,null,240,20,20,0.25,4,3,5,4
email-Eu-core,null,241,21,20,0.3333333333333333,1,6,5,4
email-Eu-core,null,242,32,24,0.4375,0,7,6,6
email-Eu-core,null,243,51,29,0.2549019607843137,1,3,7,7
email-Eu-core,null,244,26,20,0.46153846153846156,2,8,5,5
email-Eu-core,null,245,51,29,0.1568627450980392,6,0,7,7
email-Eu-core,null,246,17,16,0.23529411764705882,3,3,4,4
email-Eu-core,null,247,17,15,0.23529411764705882,4,3,4,4
email-Eu-core,null,248,26,23,0.11538461538461539,8,0,5,5
email-Eu-core,null,249,166,30,0.13253012048192772,6,0,8,9
email-Eu-core,null,250,33,27,0.24242424242424243,2,3,6,6
email-Eu-core,null,251,36,24,0.2222222222222222,7,2,6,6
email-Eu-core,null,252,119,30,0.19327731092436976,2,1,9,9
email-Eu-core,null,253,42,29,0.2619047619047619,6,4,7,7
email-Eu-core,null,254,82,30,0.2804878048780488,0,4,8,9
email-Eu-core,null,255,63,30,0.25396825396825395,0,3,8,8
email-Eu-core,null,256,127,30,0.1732283464566929,5,0,8,9
email-Eu-core,null,257,19,15,0.2631578947368421,6,4,4,4
email-Eu-core,null,258,57,29,0.21052631578947367,1,1,7,8
email-Eu-core,null,259,29,24,0.27586206896551724,1,4,6,6
email-Eu-core,null,260,21,19,0.14285714285714285,7,0,4,4
email-Eu-core,null,261,48,29,0.16666666666666666,6,0,7,7
email-Eu-core,null,262,26,23,0.3076923076923077,1,5,5,5
email-Eu-core,null,263,62,29,0.24193548387096775,4,3,7,8
email-Eu-core,null,264,36,26,0.2777777777777778,5,4,6,6
email-Eu-core,null,265,37,27,0.2972972972972973,1,5,6,6
email-Eu-core,null,266,31,25,0.1935483870967742,8,1,6,6
email-Eu-core,null,267,18,16,0.3888888888888889,2,7,4,4
email-Eu-core,null,268,37,29,0.21621621621621623,3,2,7,6
email-Eu-core,null,269,82,30,0.23170731707317074,3,2,9,9
email-Eu-core,null,270,15,15,0.2,6,1,4,3
email-Eu-core,null,271,68,30,0.20588235294117646,4,1,9,8
email-Eu-core,null,272,47,30,0.2978723404255319,3,5,9,7
email-Eu-core,null,273,29,20,0.2413793103448276,2,3,5,6
email-Eu-core,null,274,23,19,0.391304347826087,3,7,4,5
email-Eu-core,null,275,34,23,0.17647058823529413,4,1,5,6
email-Eu-core,null,276,9,9,0.2222222222222222,2,2,3,2
email-Eu-core,null,277,21,19,0.2857142857142857,3,4,4,4
email-Eu-core,null,278,54,29,0.25925925925925924,1,4,7,8
email-Eu-core,null,279,8,8,0.375,0,7,2,2
email-Eu-core,null,280,120,30,0.09166666666666666,9,0,9,9
email-Eu-core,null,281,59,30,0.2542372881355932,2,3,8,8
email-Eu-core,null,282,137,30,0.2116788321167883,3,2,8,9
email-Eu-core,null,283,140,30,0.09285714285714286,9,0,9,9
email-Eu-core,null,284,42,28,0.2619047619047619,5,4,7,7
email-Eu-core,null,285,87,30,0.28735632183908044,0,5,8,9
email-Eu-core,null,286,44,30,0.3409090909090909,0,6,9,7
email-Eu-core,null,287,22,20,0.18181818181818182,2,1,5,4
email-Eu-core,null,288,38,28,0.3157894736842105,0,5,7,6
email-Eu-core,null,289,8,8,0.25,3,3,2,2
email-Eu-core,null,290,81,30,0.19753086419753085,5,1,8,9
email-Eu-core,null,291,27,23,0.2222222222222222,4,2,5,5
email-Eu-core,null,292,36,26,0.1111111111111111,8,0,6,6
email-Eu-core,null,293,20,18,0.35,3,6,4,4
email-Eu-core,null,294,23,19,0.17391304347826086,9,0,4,5
email-Eu-core,null,295,83,30,0.26506024096385544,1,4,9,9
email-Eu-core,null,296,71,30,0.15492957746478872,7,0,9,8
email-Eu-core,null,297,19,19,0.3157894736842105,0,5,4,4
email-Eu-core,null,298,16,16,0.25,5,3,4,4
email-Eu-core,null,299,23,21,0.30434782608695654,0,5,5,5
email-Eu-core,null,300,74,30,0.16216216216216217,4,0,9,8
email-Eu-core,null,301,129,30,0.17829457364341086,6,1,8,9
email-Eu-core,null,302,22,21,0.36363636363636365,0,6,5,5
email-Eu-core,null,303,101,30,0.26732673267326734,0,4,8,9
email-Eu-core,null,304,29,22,0.3103448275862069,2,5,5,6
email-Eu-core,null,305,60,30,0.23333333333333334,4,2,9,8
email-Eu-core,null,306,48,29,0.22916666666666666,2,2,7,7
email-Eu-core,null,307,22,19,0.13636363636363635,6,0,4,5
email-Eu-core,null,308,39,28,0.20512820512820512,2,1,7,6
email-Eu-core,null,309,44,29,0.20454545454545456,5,1,7,7
email-Eu-core,null,310,31,25,0.3548387096774194,1,6,6,6
email-Eu-core,null,311,36,28,0.2222222222222222,2,2,7,6
email-Eu-core,null,312,29,24,0.3448275862068966,0,6,6,6
email-Eu-core,null,313,17,16,0.23529411764705882,6,2,4,4
email-Eu-core,null,314,50,29,0.22,2,2,7,7
email-Eu-core,null,315,8,8,0.25,8,3,2,2
email-Eu-core,null,316,45,29,0.2,4,1,7,7
email-Eu-core,null,317,24,23,0.25,2,3,5,5
email-Eu-core,null,318,59,30,0.23728813559322035,1,3,9,8
email-Eu-core,null,319,10,10,0.4,1,7,3,3
email-Eu-core,null,320,48,30,0.22916666666666666,3,2,8,7
email-Eu-core,null,321,55,30,0.2545454545454545,4,3,9,8
email-Eu-core,null,322,26,24,0.2692307692307692,0,4,6,5
email-Eu-core,null,323,34,27,0.2647058823529412,1,4,6,6
email-Eu-core,null,324,19,19,0.3157894736842105,1,5,4,4
email-Eu-core,null,325,27,23,0.2222222222222222,3,2,5,5
email-Eu-core,null,326,40,28,0.225,4,2,6,7
email-Eu-core,null,327,31,24,0.25806451612903225,5,4,6,6
email-Eu-core,null,328,19,19,0.2631578947368421,2,4,4,4
email-Eu-core,null,329,96,30,0.17708333333333334,6,1,8,9
email-Eu-core,null,330,9,8,0.4444444444444444,0,7,2,3
email-Eu-core,null,331,24,21,0.2916666666666667,0,5,5,5
email-Eu-core,null,332,28,23,0.39285714285714285,0,7,5,5
email-Eu-core,null,333,133,30,0.18796992481203006,2,1,8,9
email-Eu-core,null,334,19,17,0.2631578947368421,2,4,4,4
email-Eu-core,null,335,24,21,0.25,1,3,5,5
email-Eu-core,null,336,35,27,0.2,6,1,6,6
email-Eu-core,null,337,38,28,0.15789473684210525,8,0,7,6
email-Eu-core,null,338,61,30,0.19672131147540983,4,1,8,8
email-Eu-core,null,339,58,30,0.2413793103448276,0,3,8,8
email-Eu-core,null,340,105,30,0.22857142857142856,0,2,8,9
email-Eu-core,null,341,13,11,0.23076923076923078,5,2,3,3
email-Eu-core,null,342,72,30,0.2638888888888889,4,4,8,8
email-Eu-core,null,343,20,17,0.35,6,6,4,4
email-Eu-core,null,344,17,16,0.29411764705882354,3,5,4,4
email-Eu-core,null,345,26,21,0.19230769230769232,6,1,5,5
email-Eu-core,null,346,27,22,0.2222222222222222,7,2,5,5
email-Eu-core,null,347,24,20,0.25,1,3,5,5
email-Eu-core,null,348,4,4,0.25,7,3,1,1
email-Eu-core,null,349,22,21,0.3181818181818182,4,5,5,4
email-Eu-core,null,350,23,20,0.34782608695652173,0,6,5,5
email-Eu-core,null,351,60,30,0.21666666666666667,1,2,9,8
email-Eu-core,null,352,26,23,0.11538461538461539,5,0,5,5
email-Eu-core,null,353,41,29,0.17073170731707318,6,0,7,7
email-Eu-core,null,354,10,9,0.2,6,1,3,3
email-Eu-core,null,355,52,30,0.36538461538461536,0,7,9,8
email-Eu-core,null,356,49,30,0.2653061224489796,4,4,8,7
email-Eu-core,null,357,45,29,0.13333333333333333,6,0,7,7
email-Eu-core,null,358,53,30,0.37735849056603776,0,7,8,8
email-Eu-core,null,359,32,26,0.28125,2,4,6,6
email-Eu-core,null,360,28,23,0.39285714285714285,0,7,5,5
email-Eu-core,null,361,48,29,0.22916666666666666,3,2,7,7
email-Eu-core,null,362,68,30,0.19117647058823528,5,1,9,8
email-Eu-core,null,363,57,30,0.2631578947368421,2,4,9,8
email-Eu-core,null,364,9,9,0.3333333333333333,0,6,3,3
email-Eu-core,null,365,90,30,0.23333333333333334,1,2,9,9
email-Eu-core,null,366,104,30,0.23076923076923078,3,2,8,9
email-Eu-core,null,367,82,30,0.10975609756097561,8,0,9,9
email-Eu-core,null,368,45,28,0.2,8,1,7,7
email-Eu-core,null,369,8,8,0.625,0,8,2,2
email-Eu-core,null,370,36,26,0.2777777777777778,4,4,6,6
email-Eu-core,null,371,86,30,0.1744186046511628,3,0,9,9
email-Eu-core,null,372,29,24,0.3793103448275862,0,7,6,6
email-Eu-core,null,373,44,29,0.25,4,3,7,7
email-Eu-core,null,374,20,18,0.3,4,5,4,4
email-Eu-core,null,375,65,30,0.2923076923076923,0,5,8,8
email-Eu-core,null,376,49,29,0.30612244897959184,6,5,7,7
email-Eu-core,null,377,137,30,0.22627737226277372,0,2,8,9
email-Eu-core,null,378,24,20,0.2916666666666667,3,5,5,5
email-Eu-core,null,379,52,30,0.11538461538461539,9,0,8,8
email-Eu-core,null,380,40,28,0.125,8,0,7,7
email-Eu-core,null,381,33,25,0.3939393939393939,1,7,6,6
email-Eu-core,null,382,5,5,0.4,8,7,2,2
email-Eu-core,null,383,5,5,0.4,2,7,2,2
email-Eu-core,null,384,16,15,0.4375,5,7,4,4
email-Eu-core,null,385,22,19,0.3181818181818182,1,5,4,5
email-Eu-core,null,386,8,8,0.25,2,3,2,2
email-Eu-core,null,387,39,29,0.23076923076923078,1,2,8,7
email-Eu-core,null,388,27,23,0.25925925925925924,0,4,5,5
email-Eu-core,null,389,43,28,0.18604651162790697,7,1,6,7
email-Eu-core,null,390,45,28,0.2,6,1,7,7
email-Eu-core,null,391,19,17,0.3684210526315789,2,7,4,4
email-Eu-core,null,392,20,19,0.3,0,5,4,4
email-Eu-core,null,393,82,30,0.2682926829268293,0,4,9,9
email-Eu-core,null,394,32,26,0.28125,4,4,6,6
email-Eu-core,null,395,40,28,0.225,3,2,7,7
email-Eu-core,null,396,14,13,0.21428571428571427,6,2,3,3
email-Eu-core,null,397,36,25,0.2222222222222222,1,2,6,6
email-Eu-core,null,398,4,4,0.25,5,3,1,1
email-Eu-core,null,399,18,18,0.3888888888888889,1,7,4,4
email-Eu-core,null,400,37,26,0.2972972972972973,1,5,6,6
email-Eu-core,null,401,49,29,0.24489795918367346,5,3,7,7
email-Eu-core,null,402,8,8,0.375,4,7,2,2
email-Eu-core,null,403,18,16,0.2777777777777778,2,4,4,4
email-Eu-core,null,404,82,30,0.25609756097560976,1,3,9,9
email-Eu-core,null,405,122,30,0.22131147540983606,2,2,9,9
email-Eu-core,null,406,28,25,0.25,5,3,6,5
email-Eu-core,null,407,27,21,0.18518518518518517,5,1,5,5
email-Eu-core,null,408,54,30,0.24074074074074073,2,3,9,8
email-Eu-core,null,409,84,30,0.2857142857142857,4,4,8,9
email-Eu-core,null,410,11,11,0.36363636363636365,3,6,3,3
email-Eu-core,null,411,104,30,0.11538461538461539,8,0,8,9
email-Eu-core,null,412,68,30,0.2647058823529412,4,4,8,8
email-Eu-core,null,413,28,23,0.35714285714285715,6,6,5,5
email-Eu-core,null,414,10,9,0.3,2,5,3,3
email-Eu-core,null,415,4,4,0.75,1,8,1,1
email-Eu-core,null,416,3,3,0.3333333333333333,8,6,1,1
email-Eu-core,null,417,63,30,0.25396825396825395,0,3,9,8
email-Eu-core,null,418,30,25,0.3,1,5,6,6
email-Eu-core,null,419,99,30,0.2222222222222222,2,2,9,9
email-Eu-core,null,420,138,30,0.21014492753623187,1,1,8,9
email-Eu-core,null,421,50,29,0.28,0,4,7,7
email-Eu-core,null,422,45,29,0.17777777777777778,5,1,7,7
email-Eu-core,null,423,39,27,0.28205128205128205,0,4,6,7
email-Eu-core,null,424,132,30,0.14393939393939395,6,0,9,9
email-Eu-core,null,425,35,28,0.2857142857142857,5,4,7,6
email-Eu-core,null,426,58,30,0.3275862068965517,0,5,9,8
email-Eu-core,null,427,55,30,0.2909090909090909,4,5,8,8
email-Eu-core,null,428,27,24,0.4074074074074074,2,7,6,5
email-Eu-core,null,429,32,24,0.34375,2,6,6,6
email-Eu-core,null,430,52,30,0.2692307692307692,0,4,8,8
email-Eu-core,null,431,23,21,0.21739130434782608,6,2,5,5
email-Eu-core,null,432,7,7,0.5714285714285714,0,8,2,2
email-Eu-core,null,433,23,19,0.17391304347826086,9,0,4,5
email-Eu-core,null,434,183,30,0.18032786885245902,3,1,9,9
email-Eu-core,null,435,14,13,0.21428571428571427,4,2,3,3
email-Eu-core,null,436,3,3,0.6666666666666666,0,8,1,1
email-Eu-core,null,437,39,28,0.46153846153846156,0,8,7,7
email-Eu-core,null,438,82,30,0.25609756097560976,0,3,8,9
email-Eu-core,null,439,3,3,0.6666666666666666,6,8,1,1
email-Eu-core,null,440,69,30,0.17391304347826086,6,0,8,8
email-Eu-core,null,441,55,30,0.12727272727272726,5,0,9,8
email-Eu-core,null,442,26,20,0.4230769230769231,0,7,5,5
email-Eu-core,null,443,53,30,0.1509433962264151,5,0,9,8
email-Eu-core,null,444,31,23,0.1935483870967742,7,1,5,6
email-Eu-core,null,445,29,24,0.2413793103448276,3,3,6,6
email-Eu-core,null,446,25,20,0.36,0,6,5,5
email-Eu-core,null,447,30,27,0.3,2,5,6,6
email-Eu-core,null,448,39,26,0.3333333333333333,3,5,6,7
email-Eu-core,null,449,1,1,1.0,2,9,0,0
email-Eu-core,null,450,72,30,0.2222222222222222,6,2,9,8
email-Eu-core,null,451,13,13,0.3076923076923077,5,5,3,3
email-Eu-core,null,452,40,29,0.325,2,5,7,7
email-Eu-core,null,453,32,25,0.3125,0,5,6,6
email-Eu-core,null,454,9,7,0.3333333333333333,2,6,2,2
email-Eu-core,null,455,62,30,0.24193548387096775,4,3,8,8
email-Eu-core,null,456,2,2,0.5,2,8,0,0
email-Eu-core,null,457,27,24,0.2222222222222222,3,2,6,5
email-Eu-core,null,458,47,29,0.23404255319148937,6,2,7,7
email-Eu-core,null,459,73,30,0.2328767123287671,4,2,9,8
email-Eu-core,null,460,52,30,0.21153846153846154,3,2,8,8
email-Eu-core,null,461,24,20,0.16666666666666666,7,0,5,5
email-Eu-core,null,462,30,26,0.3,1,5,6,6
email-Eu-core,null,463,1,1,1.0,0,9,0,0
email-Eu-core,null,464,47,28,0.3829787234042553,0,7,6,7
email-Eu-core,null,465,15,14,0.4,5,7,3,3
email-Eu-core,null,466,51,29,0.27450980392156865,0,4,7,7
email-Eu-core,null,467,24,19,0.2916666666666667,1,5,4,5
email-Eu-core,null,468,21,20,0.42857142857142855,2,7,5,4
email-Eu-core,null,469,17,17,0.29411764705882354,7,5,4,4
email-Eu-core,null,470,24,17,0.25,9,3,4,5
email-Eu-core,null,471,14,13,0.35714285714285715,7,6,3,3
email-Eu-core,null,472,7,6,0.42857142857142855,7,7,2,2
email-Eu-core,null,473,108,30,0.25925925925925924,0,4,8,9
email-Eu-core,null,474,80,30,0.3,0,5,9,9
email-Eu-core,null,475,2,2,0.5,5,8,1,1
email-Eu-core,null,476,8,8,0.5,0,8,2,2
email-Eu-core,null,477,11,11,0.36363636363636365,4,6,3,3
email-Eu-core,null,478,40,29,0.35,0,6,7,7
email-Eu-core,null,479,4,4,0.5,5,8,1,1
email-Eu-core,null,480,44,29,0.29545454545454547,3,5,7,7
email-Eu-core,null,481,44,29,0.25,0,3,7,7
email-Eu-core,null,482,45,30,0.17777777777777778,5,1,8,7
email-Eu-core,null,483,44,29,0.22727272727272727,4,2,7,7
email-Eu-core,null,484,20,19,0.35,2,6,4,4
email-Eu-core,null,485,28,23,0.2857142857142857,4,4,5,5
email-Eu-core,null,486,72,30,0.25,1,3,8,8
email-Eu-core,null,487,15,15,0.3333333333333333,3,6,4,3
email-Eu-core,null,488,11,10,0.36363636363636365,3,6,3,3
email-Eu-core,null,489,35,26,0.34285714285714286,0,6,6,6
email-Eu-core,null,490,41,27,0.1951219512195122,3,1,6,7
email-Eu-core,null,491,19,17,0.21052631578947367,6,1,4,4
email-Eu-core,null,492,30,25,0.3333333333333333,0,6,6,6
email-Eu-core,null,493,86,30,0.2558139534883721,4,3,8,9
email-Eu-core,null,494,114,30,0.23684210526315788,4,3,8,9
email-Eu-core,null,495,78,30,0.21794871794871795,6,2,8,8
email-Eu-core,null,496,23,20,0.17391304347826086,8,0,5,5
email-Eu-core,null,497,17,17,0.35294117647058826,0,6,4,4
email-Eu-core,null,498,86,30,0.19767441860465115,6,1,8,9
email-Eu-core,null,499,49,30,0.12244897959183673,8,0,9,7
email-Eu-core,null,500,21,20,0.23809523809523808,2,3,5,4
email-Eu-core,null,501,14,14,0.42857142857142855,6,7,3,3
email-Eu-core,null,502,23,21,0.2608695652173913,1,4,5,5
email-Eu-core,null,503,12,12,0.25,3,3,3,3
email-Eu-core,null,504,42,29,0.2619047619047619,3,4,7,7
email-Eu-core,null,505,13,12,0.15384615384615385,5,0,3,3
email-Eu-core,null,506,61,30,0.11475409836065574,8,0,8,8
email-Eu-core,null,507,5,5,0.4,1,7,2,2
email-Eu-core,null,508,34,27,0.14705882352941177,8,0,6,6
email-Eu-core,null,509,53,30,0.1320754716981132,9,0,9,8
email-Eu-core,null,510,20,17,0.3,6,5,4,4
email-Eu-core,null,511,22,21,0.22727272727272727,5,2,5,4
email-Eu-core,null,512,4,4,0.75,2,8,1,1
email-Eu-core,null,513,54,30,0.14814814814814814,9,0,8,8
email-Eu-core,null,514,10,10,0.4,4,7,3,3
email-Eu-core,null,515,43,29,0.16279069767441862,8,0,7,7
email-Eu-core,null,516,13,11,0.38461538461538464,2,7,3,3
email-Eu-core,null,517,12,12,0.4166666666666667,1,7,3,3
email-Eu-core,null,518,71,30,0.2535211267605634,0,3,8,8
email-Eu-core,null,519,21,19,0.2857142857142857,9,4,4,4
email-Eu-core,null,520,53,29,0.16981132075471697,3,0,7,8
email-Eu-core,null,521,16,14,0.4375,4,7,3,4
email-Eu-core,null,522,3,3,0.3333333333333333,9,6,1,1
email-Eu-core,null,523,19,14,0.3157894736842105,7,5,3,4
email-Eu-core,null,524,1,1,1.0,2,9,0,0
email-Eu-core,null,525,43,28,0.27906976744186046,1,4,7,7
email-Eu-core,null,526,61,30,0.29508196721311475,3,5,8,8
email-Eu-core,null,527,17,17,0.35294117647058826,4,6,4,4
email-Eu-core,null,528,10,10,0.3,1,5,3,3
email-Eu-core,null,529,35,26,0.34285714285714286,1,6,6,6
email-Eu-core,null,530,10,10,0.4,6,7,3,3
email-Eu-core,null,531,51,30,0.21568627450980393,4,2,9,7
email-Eu-core,null,532,19,18,0.2631578947368421,3,4,4,4
email-Eu-core,null,533,157,30,0.1910828025477707,2,1,9,9
email-Eu-core,null,534,5,4,0.4,8,7,1,1
email-Eu-core,null,535,10,10,0.2,5,1,3,3
email-Eu-core,null,536,14,14,0.14285714285714285,9,0,3,3
email-Eu-core,null,537,44,28,0.22727272727272727,6,2,7,7
email-Eu-core,null,538,9,9,0.4444444444444444,1,7,3,3
email-Eu-core,null,539,8,8,0.375,5,7,2,2
email-Eu-core,null,540,9,9,0.3333333333333333,0,6,3,2
email-Eu-core,null,541,20,18,0.2,6,1,4,4
email-Eu-core,null,542,18,17,0.3888888888888889,3,7,4,4
email-Eu-core,null,543,41,29,0.24390243902439024,5,3,8,7
email-Eu-core,null,544,28,23,0.2857142857142857,3,4,5,5
email-Eu-core,null,545,25,20,0.32,3,5,5,5
email-Eu-core,null,546,99,30,0.18181818181818182,3,1,9,9
email-Eu-core,null,547,28,23,0.32142857142857145,2,5,5,5
email-Eu-core,null,548,36,25,0.25,5,3,6,6
email-Eu-core,null,549,79,30,0.24050632911392406,5,3,9,9
email-Eu-core,null,550,27,21,0.4074074074074074,2,7,5,5
email-Eu-core,null,551,20,19,0.3,2,5,4,4
email-Eu-core,null,552,41,29,0.1951219512195122,9,1,7,7
email-Eu-core,null,553,8,8,0.375,4,7,2,2
email-Eu-core,null,554,11,10,0.18181818181818182,9,1,3,3
email-Eu-core,null,555,16,15,0.375,3,7,4,4
email-Eu-core,null,556,8,8,0.375,0,7,2,2
email-Eu-core,null,557,18,17,0.2222222222222222,9,2,4,4
email-Eu-core,null,558,12,12,0.4166666666666667,4,7,3,3
email-Eu-core,null,559,8,8,0.25,5,3,2,2
email-Eu-core,null,560,55,30,0.2909090909090909,2,5,9,8
email-Eu-core,null,561,1,1,1.0,6,9,0,0
email-Eu-core,null,562,30,25,0.23333333333333334,3,2,6,6
email-Eu-core,null,563,19,17,0.21052631578947367,6,1,4,4
email-Eu-core,null,564,32,24,0.3125,3,5,6,6
email-Eu-core,null,565,12,11,0.6666666666666666,0,8,3,3
email-Eu-core,null,566,22,19,0.3181818181818182,4,5,4,5
email-Eu-core,null,567,4,4,0.25,5,3,1,1
email-Eu-core,null,568,28,22,0.21428571428571427,3,2,5,6
email-Eu-core,null,569,39,28,0.3333333333333333,0,6,7,7
email-Eu-core,null,570,19,17,0.2631578947368421,7,4,4,4
email-Eu-core,null,571,20,16,0.35,1,6,4,4
email-Eu-core,null,572,24,20,0.20833333333333334,7,1,5,5
email-Eu-core,null,573,19,19,0.10526315789473684,9,0,4,4
email-Eu-core,null,574,4,4,0.25,5,3,1,1
email-Eu-core,null,575,11,11,0.5454545454545454,2,8,3,3
email-Eu-core,null,576,19,18,0.2631578947368421,7,4,4,4
email-Eu-core,null,577,13,12,0.23076923076923078,3,2,3,3
email-Eu-core,null,578,1,1,1.0,4,9,0,0
email-Eu-core,null,579,20,19,0.15,8,0,4,4
email-Eu-core,null,580,30,23,0.23333333333333334,4,2,5,6
email-Eu-core,null,581,16,14,0.3125,0,5,4,3
email-Eu-core,null,582,1,1,1.0,3,9,0,0
email-Eu-core,null,583,4,4,0.25,7,3,1,1
email-Eu-core,null,584,11,11,0.36363636363636365,1,7,3,3
email-Eu-core,null,585,25,21,0.24,7,3,5,5
email-Eu-core,null,586,14,12,0.35714285714285715,5,6,3,3
email-Eu-core,null,587,22,20,0.18181818181818182,2,1,4,5
email-Eu-core,null,588,24,21,0.25,4,3,5,5
email-Eu-core,null,589,27,22,0.18518518518518517,6,1,5,5
email-Eu-core,null,590,8,8,0.5,4,8,2,2
email-Eu-core,null,591,33,26,0.3333333333333333,0,6,6,6
email-Eu-core,null,592,42,29,0.23809523809523808,4,3,7,7
email-Eu-core,null,593,6,6,0.3333333333333333,1,6,2,2
email-Eu-core,null,594,1,1,1.0,1,9,0,0
email-Eu-core,null,595,5,5,0.4,1,7,2,2
email-Eu-core,null,596,16,15,0.375,0,7,4,4
email-Eu-core,null,597,7,7,0.2857142857142857,3,4,2,2
email-Eu-core,null,598,14,13,0.21428571428571427,6,2,3,3
email-Eu-core,null,599,11,11,0.2727272727272727,2,4,3,3
email-Eu-core,null,600,38,27,0.34210526315789475,0,6,6,6
email-Eu-core,null,601,24,21,0.3333333333333333,1,5,5,5
email-Eu-core,null,602,1,1,1.0,9,9,0,0
email-Eu-core,null,603,8,8,0.5,0,8,2,2
email-Eu-core,null,604,4,4,0.25,7,3,1,1
email-Eu-core,null,605,1,1,1.0,0,9,0,0
email-Eu-core,null,606,33,26,0.24242424242424243,1,3,6,6
email-Eu-core,null,607,28,25,0.17857142857142858,5,1,6,5
email-Eu-core,null,608,4,4,0.5,3,8,1,1
email-Eu-core,null,609,16,15,0.1875,9,1,4,4
email-Eu-core,null,610,26,22,0.2692307692307692,3,4,5,5
email-Eu-core,null,611,54,30,0.2222222222222222,3,2,9,8
email-Eu-core,null,612,11,11,0.36363636363636365,6,6,3,3
email-Eu-core,null,613,4,4,0.5,4,8,1,1
email-Eu-core,null,614,60,30,0.18333333333333332,5,1,9,8
email-Eu-core,null,615,6,6,0.3333333333333333,0,6,2,2
email-Eu-core,null,616,6,6,0.5,1,8,2,2
email-Eu-core,null,617,13,13,0.23076923076923078,7,2,3,3
email-Eu-core,null,618,8,8,0.375,2,7,2,2
email-Eu-core,null,619,2,2,0.5,1,8,1,1
email-Eu-core,null,620,17,15,0.35294117647058826,4,6,4,4
email-Eu-core,null,621,1,1,1.0,5,9,0,0
email-Eu-core,null,622,10,10,0.2,2,1,3,3
email-Eu-core,null,623,11,11,0.36363636363636365,2,6,3,3
email-Eu-core,null,624,6,6,0.3333333333333333,1,6,2,2
email-Eu-core,null,625,1,1,1.0,0,9,0,0
email-Eu-core,null,626,14,14,0.2857142857142857,4,4,3,3
email-Eu-core,null,627,6,6,0.5,2,8,2,2
email-Eu-core,null,628,4,4,0.5,3,8,1,1
email-Eu-core,null,629,2,2,0.5,7,8,1,1
email-Eu-core,null,630,2,2,0.5,9,8,1,1
email-Eu-core,null,631,3,3,0.3333333333333333,6,6,1,1
email-Eu-core,null,632,1,1,1.0,0,9,0,0
email-Eu-core,null,633,11,11,0.18181818181818182,6,1,3,3
email-Eu-core,null,634,1,1,1.0,7,9,0,0
email-Eu-core,null,635,3,3,0.6666666666666666,1,8,1,1
email-Eu-core,null,636,24,20,0.2916666666666667,3,5,4,5
email-Eu-core,null,637,5,5,0.4,9,7,2,2
email-Eu-core,null,638,17,16,0.17647058823529413,6,0,4,4
email-Eu-core,null,639,18,17,0.2222222222222222,8,2,4,4
email-Eu-core,null,640,19,16,0.3684210526315789,3,7,4,4
email-Eu-core,null,641,13,12,0.3076923076923077,0,5,3,3
email-Eu-core,null,642,15,14,0.2,7,1,3,3
email-Eu-core,null,643,5,5,0.4,1,7,2,2
email-Eu-core,null,644,3,3,0.3333333333333333,5,6,1,1
email-Eu-core,null,645,12,12,0.25,3,3,3,3
email-Eu-core,null,646,10,9,0.3,4,5,2,3
email-Eu-core,null,647,1,1,1.0,2,9,0,0
email-Eu-core,null,648,17,15,0.17647058823529413,5,0,4,4
email-Eu-core,null,649,7,7,0.2857142857142857,3,4,2,2
email-Eu-core,null,650,38,27,0.13157894736842105,7,0,6,6
email-Eu-core,null,651,30,24,0.36666666666666664,1,7,6,6
email-Eu-core,null,652,11,11,0.36363636363636365,3,6,3,3
email-Eu-core,null,653,1,1,1.0,4,9,0,0
email-Eu-core,null,654,1,1,1.0,3,9,0,0
email-Eu-core,null,655,43,29,0.20930232558139536,2,1,7,7
email-Eu-core,null,656,18,17,0.16666666666666666,8,0,4,4
email-Eu-core,null,657,18,17,0.2777777777777778,0,4,4,4
email-Eu-core,null,658,11,11,0.36363636363636365,0,6,3,3
email-Eu-core,null,659,27,23,0.4074074074074074,4,7,5,5
email-Eu-core,null,660,22,21,0.3181818181818182,1,5,5,4
email-Eu-core,null,661,30,25,0.3,2,5,6,6
email-Eu-core,null,662,1,1,1.0,5,9,0,0
email-Eu-core,null,663,6,6,0.8333333333333334,4,8,2,2
email-Eu-core,null,664,30,24,0.26666666666666666,0,4,6,6
email-Eu-core,null,665,13,13,0.23076923076923078,7,2,3,3
email-Eu-core,null,666,1,1,1.0,10,9,0,0
email-Eu-core,null,667,18,17,0.3333333333333333,5,6,4,4
email-Eu-core,null,668,4,4,0.5,2,8,1,1
email-Eu-core,null,669,2,2,0.5,5,8,1,1
email-Eu-core,null,670,14,13,0.5714285714285714,0,8,3,3
email-Eu-core,null,671,18,16,0.1111111111111111,9,0,4,4
email-Eu-core,null,672,1,1,1.0,1,9,0,0
email-Eu-core,null,673,22,18,0.4090909090909091,0,7,4,4
email-Eu-core,null,674,3,3,0.3333333333333333,5,6,1,1
email-Eu-core,null,675,8,8,0.375,4,7,2,2
email-Eu-core,null,676,46,30,0.1956521739130435,7,1,8,7
email-Eu-core,null,677,10,9,0.3,3,5,3,3
email-Eu-core,null,678,7,7,0.7142857142857143,0,8,2,2
email-Eu-core,null,679,1,1,1.0,7,9,0,0
email-Eu-core,null,680,2,2,1.0,6,9,1,1
email-Eu-core,null,681,20,20,0.35,7,6,5,4
email-Eu-core,null,682,2,2,0.5,6,8,1,1
email-Eu-core,null,683,5,5,0.4,2,7,2,2
email-Eu-core,null,684,9,7,0.3333333333333333,2,6,2,2
email-Eu-core,null,685,27,22,0.14814814814814814,7,0,5,5
email-Eu-core,null,686,9,9,0.4444444444444444,0,8,3,3
email-Eu-core,null,687,6,6,0.3333333333333333,2,6,2,2
email-Eu-core,null,688,27,24,0.2222222222222222,1,2,6,5
email-Eu-core,null,689,24,22,0.25,1,3,5,5
email-Eu-core,null,690,30,23,0.23333333333333334,2,2,5,6
email-Eu-core,null,691,1,1,1.0,0,9,0,0
email-Eu-core,null,692,2,2,0.5,5,8,0,1
email-Eu-core,null,693,1,1,1.0,5,9,0,0
email-Eu-core,null,694,7,7,0.2857142857142857,6,4,2,2
email-Eu-core,null,695,12,12,0.25,8,3,3,3
email-Eu-core,null,696,40,29,0.3,3,5,7,7
email-Eu-core,null,697,18,17,0.1111111111111111,7,0,4,4
email-Eu-core,null,698,3,3,0.6666666666666666,4,8,1,1
email-Eu-core,null,699,18,18,0.3333333333333333,6,6,4,4
email-Eu-core,null,700,4,4,0.5,4,8,1,1
email-Eu-core,null,701,3,3,0.3333333333333333,5,6,1,1
email-Eu-core,null,702,23,21,0.30434782608695654,4,5,5,5
email-Eu-core,null,703,5,5,0.4,2,7,2,2
email-Eu-core,null,704,1,1,1.0,2,9,0,0
email-Eu-core,null,705,9,9,0.5555555555555556,2,8,3,3
email-Eu-core,null,706,6,6,0.3333333333333333,5,6,2,2
email-Eu-core,null,707,13,12,0.38461538461538464,6,7,3,3
email-Eu-core,null,708,23,20,0.34782608695652173,3,6,4,5
email-Eu-core,null,709,5,5,0.2,8,1,2,2
email-Eu-core,null,710,4,4,0.5,2,8,1,1
email-Eu-core,null,711,12,10,0.5,2,8,3,3
email-Eu-core,null,712,2,2,0.5,7,8,1,1
email-Eu-core,null,713,13,12,0.38461538461538464,3,7,3,3
email-Eu-core,null,714,18,16,0.2777777777777778,9,4,4,4
email-Eu-core,null,715,4,4,0.5,2,8,1,1
email-Eu-core,null,716,16,16,0.25,3,3,4,4
email-Eu-core,null,717,8,8,0.375,6,7,2,2
email-Eu-core,null,718,12,12,0.3333333333333333,5,6,3,3
email-Eu-core,null,719,13,13,0.23076923076923078,2,2,3,3
email-Eu-core,null,720,14,12,0.35714285714285715,6,6,3,3
email-Eu-core,null,721,7,7,0.2857142857142857,2,4,2,2
email-Eu-core,null,722,5,5,0.4,3,7,2,2
email-Eu-core,null,723,1,1,1.0,0,8,0,0
email-Eu-core,null,724,34,26,0.35294117647058826,1,6,6,6
email-Eu-core,null,725,6,6,0.3333333333333333,2,6,2,2
email-Eu-core,null,726,4,4,0.5,6,8,1,1
email-Eu-core,null,727,5,5,0.4,2,7,2,2
email-Eu-core,null,728,3,3,0.3333333333333333,6,6,1,1
email-Eu-core,null,729,3,3,0.3333333333333333,4,6,1,1
email-Eu-core,null,730,7,7,0.42857142857142855,4,7,2,2
email-Eu-core,null,731,39,28,0.2564102564102564,2,3,7,6
email-Eu-core,null,732,32,25,0.375,1,7,6,6
email-Eu-core,null,733,5,5,0.4,2,7,2,2
email-Eu-core,null,734,1,1,1.0,7,9,0,0
email-Eu-core,null,735,7,7,0.2857142857142857,8,5,2,2
email-Eu-core,null,736,5,5,0.4,2,7,2,2
email-Eu-core,null,737,19,17,0.21052631578947367,9,1,4,4
email-Eu-core,null,738,28,23,0.21428571428571427,7,2,5,6
email-Eu-core,null,739,1,1,1.0,8,9,0,0
email-Eu-core,null,740,24,22,0.25,2,3,5,5
email-Eu-core,null,741,3,3,0.3333333333333333,5,6,1,1
email-Eu-core,null,742,13,12,0.3076923076923077,3,5,3,3
email-Eu-core,null,743,2,2,0.5,3,8,1,1
email-Eu-core,null,744,4,4,0.5,7,8,1,1
email-Eu-core,null,745,1,1,1.0,9,9,0,0
email-Eu-core,null,746,1,1,1.0,0,9,0,0
email-Eu-core,null,747,1,1,1.0,6,8,0,0
email-Eu-core,null,748,9,9,0.2222222222222222,6,2,3,3
email-Eu-core,null,749,20,18,0.3,6,5,4,4
email-Eu-core,null,750,3,3,0.3333333333333333,8,6,1,1
email-Eu-core,null,751,6,6,0.3333333333333333,2,6,2,2
email-Eu-core,null,752,15,14,0.3333333333333333,0,6,3,3
email-Eu-core,null,753,3,3,0.3333333333333333,5,6,1,1
email-Eu-core,null,754,1,1,1.0,6,8,0,0
email-Eu-core,null,755,8,8,0.25,4,3,2,2
email-Eu-core,null,756,1,1,1.0,9,9,0,0
email-Eu-core,null,757,1,1,1.0,1,9,0,0
email-Eu-core,null,758,1,1,1.0,1,9,0,0
email-Eu-core,null,759,28,24,0.17857142857142858,6,1,6,5
email-Eu-core,null,760,19,17,0.2631578947368421,2,4,4,4
email-Eu-core,null,761,5,5,0.4,5,7,2,2
email-Eu-core,null,762,3,3,0.3333333333333333,3,6,1,1
email-Eu-core,null,763,1,1,1.0,0,9,0,0
email-Eu-core,null,764,3,3,0.6666666666666666,0,8,1,1
email-Eu-core,null,765,3,3,0.6666666666666666,0,8,1,1
email-Eu-core,null,766,8,8,0.25,6,3,2,2
email-Eu-core,null,767,1,1,1.0,0,9,0,0
email-Eu-core,null,768,4,4,0.5,4,8,1,1
email-Eu-core,null,769,9,9,0.4444444444444444,3,7,3,3
email-Eu-core,null,770,1,1,1.0,3,9,0,0
email-Eu-core,null,771,1,1,1.0,1,9,0,0
email-Eu-core,null,772,11,10,0.36363636363636365,3,6,3,3
email-Eu-core,null,773,1,1,1.0,1,9,0,0
email-Eu-core,null,774,6,6,0.3333333333333333,1,6,2,2
email-Eu-core,null,775,1,1,1.0,1,9,0,0
email-Eu-core,null,776,5,5,0.2,5,1,2,2
email-Eu-core,null,777,2,2,0.5,9,8,1,1
email-Eu-core,null,778,1,1,1.0,4,9,0,0
email-Eu-core,null,779,4,4,0.5,2,8,1,1
email-Eu-core,null,780,5,5,0.4,4,7,2,2
email-Eu-core,null,781,7,6,0.5714285714285714,5,8,2,2
email-Eu-core,null,782,6,6,0.3333333333333333,5,6,2,2
email-Eu-core,null,783,2,2,1.0,3,9,1,1
email-Eu-core,null,784,5,5,0.4,3,7,2,2
email-Eu-core,null,785,18,17,0.2777777777777778,5,4,4,4
email-Eu-core,null,786,12,11,0.16666666666666666,9,0,3,3
email-Eu-core,null,787,4,4,0.5,3,8,1,1
email-Eu-core,null,788,5,5,0.2,5,1,2,2
email-Eu-core,null,789,6,6,0.3333333333333333,4,6,2,2
email-Eu-core,null,790,47,29,0.2127659574468085,5,2,7,7
email-Eu-core,null,791,17,16,0.47058823529411764,0,8,4,4
email-Eu-core,null,792,8,8,0.375,4,7,2,2
email-Eu-core,null,793,60,30,0.2,5,1,8,8
email-Eu-core,null,794,24,20,0.25,6,3,5,5
email-Eu-core,null,795,5,5,0.4,1,7,2,2
email-Eu-core,null,796,17,17,0.35294117647058826,2,6,4,4
email-Eu-core,null,797,21,18,0.19047619047619047,5,1,4,4
email-Eu-core,null,798,5,5,0.8,3,8,2,2
email-Eu-core,null,799,13,13,0.3076923076923077,4,5,3,3
email-Eu-core,null,800,5,5,0.4,4,7,2,2
email-Eu-core,null,801,128,30,0.2109375,5,1,9,9
email-Eu-core,null,802,2,2,0.5,4,8,0,1
email-Eu-core,null,803,20,18,0.4,0,7,4,4
email-Eu-core,null,804,23,21,0.30434782608695654,3,5,5,5
email-Eu-core,null,805,1,1,1.0,1,9,0,0
email-Eu-core,null,806,4,3,0.25,6,3,1,1
email-Eu-core,null,807,25,23,0.32,0,5,5,5
email-Eu-core,null,808,1,1,1.0,3,9,0,0
email-Eu-core,null,809,29,22,0.2413793103448276,5,3,5,6
email-Eu-core,null,810,4,4,0.25,5,3,1,1
email-Eu-core,null,811,1,1,1.0,6,9,0,0
email-Eu-core,null,812,1,1,1.0,0,8,0,0
email-Eu-core,null,813,25,22,0.2,3,1,5,5
email-Eu-core,null,814,7,7,0.2857142857142857,4,4,2,2
email-Eu-core,null,815,1,1,1.0,1,9,0,0
email-Eu-core,null,816,7,7,0.2857142857142857,6,4,2,2
email-Eu-core,null,817,4,4,0.5,4,8,1,1
email-Eu-core,null,818,1,1,1.0,9,9,0,0
email-Eu-core,null,819,2,2,0.5,6,8,1,1
email-Eu-core,null,820,2,2,0.5,1,8,1,1
email-Eu-core,null,821,16,15,0.25,4,3,4,4
email-Eu-core,null,822,7,7,0.42857142857142855,3,7,2,2
email-Eu-core,null,823,2,2,0.5,5,8,0,1
email-Eu-core,null,824,2,2,1.0,1,9,1,1
email-Eu-core,null,825,3,3,0.6666666666666666,3,8,1,1
email-Eu-core,null,826,30,26,0.2,3,1,6,6
email-Eu-core,null,827,1,1,1.0,5,9,0,0
email-Eu-core,null,828,27,23,0.2962962962962963,4,5,5,5
email-Eu-core,null,829,3,3,0.3333333333333333,6,6,1,1
email-Eu-core,null,830,6,6,0.3333333333333333,1,6,2,2
email-Eu-core,null,831,2,2,0.5,8,8,1,0
email-Eu-core,null,832,14,12,0.5,3,8,3,3
email-Eu-core,null,833,4,4,0.5,0,8,1,1
email-Eu-core,null,834,1,1,1.0,0,9,0,0
email-Eu-core,null,835,7,7,0.2857142857142857,0,4,2,2
email-Eu-core,null,836,5,5,0.4,5,7,2,2
email-Eu-core,null,837,66,30,0.22727272727272727,2,2,9,8
email-Eu-core,null,838,4,4,0.5,2,8,1,1
email-Eu-core,null,839,1,1,1.0,2,9,0,0
email-Eu-core,null,840,72,30,0.125,8,0,9,8
email-Eu-core,null,841,22,20,0.2727272727272727,3,4,5,4
email-Eu-core,null,842,1,1,1.0,1,9,0,0
email-Eu-core,null,843,1,1,1.0,1,9,0,0
email-Eu-core,null,844,1,1,1.0,10,9,0,0
email-Eu-core,null,845,1,1,1.0,6,9,0,0
email-Eu-core,null,846,9,9,0.4444444444444444,0,7,3,2
email-Eu-core,null,847,3,3,0.6666666666666666,8,8,1,1
email-Eu-core,null,848,4,4,0.75,0,8,1,1
email-Eu-core,null,849,2,2,1.0,4,9,1,1
email-Eu-core,null,850,6,6,0.5,0,8,2,2
email-Eu-core,null,851,3,3,0.6666666666666666,1,8,1,1
email-Eu-core,null,852,1,1,1.0,3,9,0,0
email-Eu-core,null,853,13,12,0.46153846153846156,6,8,3,3
email-Eu-core,null,854,2,2,0.5,7,8,1,0
email-Eu-core,null,855,3,3,0.6666666666666666,5,8,1,1
email-Eu-core,null,856,1,1,1.0,3,9,0,0
email-Eu-core,null,857,1,1,1.0,6,9,0,0
email-Eu-core,null,858,9,9,0.3333333333333333,2,6,2,3
email-Eu-core,null,859,4,4,0.75,1,8,1,1
email-Eu-core,null,860,1,1,1.0,0,9,0,0
email-Eu-core,null,861,30,24,0.16666666666666666,5,0,6,6
email-Eu-core,null,862,1,1,1.0,4,9,0,0
email-Eu-core,null,863,2,2,1.0,3,9,1,1
email-Eu-core,null,864,10,10,0.2,5,1,3,3
email-Eu-core,null,865,1,1,1.0,0,9,0,0
email-Eu-core,null,866,5,5,0.4,0,7,2,2
email-Eu-core,null,867,11,11,0.36363636363636365,6,6,3,3
email-Eu-core,null,868,3,3,0.3333333333333333,3,6,1,1
email-Eu-core,null,869,1,1,1.0,4,9,0,0
email-Eu-core,null,870,4,4,0.25,8,3,1,1
email-Eu-core,null,871,1,1,1.0,5,9,0,0
email-Eu-core,null,872,2,2,0.5,3,8,1,1
email-Eu-core,null,873,21,21,0.2857142857142857,0,4,5,4
email-Eu-core,null,874,2,2,0.5,1,8,1,1
email-Eu-core,null,875,1,1,1.0,7,8,0,0
email-Eu-core,null,876,3,3,0.3333333333333333,4,6,1,1
email-Eu-core,null,877,30,26,0.16666666666666666,5,0,6,6
email-Eu-core,null,878,1,1,1.0,1,9,0,0
email-Eu-core,null,879,2,2,0.5,7,8,1,1
email-Eu-core,null,880,1,1,1.0,2,9,0,0
email-Eu-core,null,881,25,22,0.28,3,4,5,5
email-Eu-core,null,882,1,1,1.0,8,9,0,0
email-Eu-core,null,883,1,1,1.0,1,9,0,0
email-Eu-core,null,884,3,3,0.6666666666666666,2,8,1,1
email-Eu-core,null,885,1,1,1.0,3,9,0,0
email-Eu-core,null,886,8,8,0.375,2,7,2,2
email-Eu-core,null,887,5,5,0.2,9,1,2,2
email-Eu-core,null,888,12,11,0.4166666666666667,1,7,3,3
email-Eu-core,null,889,26,25,0.2692307692307692,2,4,6,5
email-Eu-core,null,890,8,8,0.375,1,7,2,2
email-Eu-core,null,891,1,1,1.0,4,9,0,0
email-Eu-core,null,892,3,3,0.3333333333333333,7,6,1,1
email-Eu-core,null,893,5,5,0.4,4,7,2,2
email-Eu-core,null,894,21,18,0.23809523809523808,3,3,4,4
email-Eu-core,null,895,21,21,0.19047619047619047,7,1,5,4
email-Eu-core,null,896,1,1,1.0,8,9,0,0
email-Eu-core,null,897,1,1,1.0,4,9,0,0
email-Eu-core,null,898,27,23,0.18518518518518517,9,1,5,5
email-Eu-core,null,899,26,23,0.19230769230769232,3,1,5,5
email-Eu-core,null,900,11,11,0.45454545454545453,1,8,3,3
email-Eu-core,null,901,2,2,0.5,2,8,1,1
email-Eu-core,null,902,11,11,0.36363636363636365,5,6,3,3
email-Eu-core,null,903,23,21,0.30434782608695654,2,5,5,5
email-Eu-core,null,904,4,4,0.5,1,8,1,1
email-Eu-core,null,905,11,11,0.2727272727272727,4,4,3,3
email-Eu-core,null,906,17,15,0.17647058823529413,5,0,4,4
email-Eu-core,null,907,13,13,0.38461538461538464,4,7,3,3
email-Eu-core,null,908,11,10,0.36363636363636365,5,6,3,3
email-Eu-core,null,909,1,1,1.0,8,9,0,0
email-Eu-core,null,910,12,12,0.25,2,3,3,3
email-Eu-core,null,911,14,14,0.35714285714285715,0,6,3,3
email-Eu-core,null,912,15,14,0.3333333333333333,4,6,3,3
email-Eu-core,null,913,97,30,0.20618556701030927,1,1,8,9
email-Eu-core,null,914,16,16,0.1875,7,1,4,4
email-Eu-core,null,915,4,4,0.25,9,3,1,1
email-Eu-core,null,916,5,5,0.4,2,7,2,2
email-Eu-core,null,917,25,20,0.32,0,5,5,5
email-Eu-core,null,918,7,7,0.2857142857142857,2,4,2,2
email-Eu-core,null,919,1,1,1.0,4,9,0,0
email-Eu-core,null,920,3,3,0.3333333333333333,9,6,1,1
email-Eu-core,null,921,2,2,0.5,3,8,1,1
email-Eu-core,null,922,1,1,1.0,5,9,0,0
email-Eu-core,null,923,2,2,0.5,3,8,1,1
email-Eu-core,null,924,1,1,1.0,1,9,0,0
email-Eu-core,null,925,1,1,1.0,0,9,0,0
email-Eu-core,null,926,3,3,1.0,3,9,1,1
email-Eu-core,null,927,1,1,1.0,3,9,0,0
email-Eu-core,null,928,8,8,0.375,0,7,2,2
email-Eu-core,null,929,1,1,1.0,5,9,0,0
email-Eu-core,null,930,23,22,0.17391304347826086,2,0,5,5
email-Eu-core,null,931,45,30,0.3333333333333333,2,6,9,7
email-Eu-core,null,932,9,8,0.3333333333333333,4,6,2,2
email-Eu-core,null,933,6,6,0.3333333333333333,5,6,2,2
email-Eu-core,null,934,16,13,0.4375,1,7,3,4
email-Eu-core,null,935,7,7,0.2857142857142857,0,4,2,2
email-Eu-core,null,936,7,7,0.14285714285714285,9,0,2,2
email-Eu-core,null,937,15,14,0.4,5,7,3,3
email-Eu-core,null,938,10,10,0.2,3,1,3,3
email-Eu-core,null,939,3,3,0.3333333333333333,9,6,1,1
email-Eu-core,null,940,1,1,1.0,0,9,0,0
email-Eu-core,null,941,1,1,1.0,1,9,0,0
email-Eu-core,null,942,1,1,1.0,3,9,0,0
email-Eu-core,null,943,2,2,0.5,7,8,1,1
email-Eu-core,null,944,40,29,0.275,4,4,7,7
email-Eu-core,null,945,5,5,0.6,3,8,2,2
email-Eu-core,null,946,1,1,1.0,5,9,0,0
email-Eu-core,null,947,2,2,1.0,0,9,1,1
email-Eu-core,null,948,5,5,0.2,9,1,2,2
email-Eu-core,null,949,2,2,0.5,3,8,1,1
email-Eu-core,null,950,2,2,1.0,7,9,1,1
email-Eu-core,null,951,6,6,0.3333333333333333,5,6,2,2
email-Eu-core,null,952,95,30,0.24210526315789474,3,3,9,9
email-Eu-core,null,953,2,2,1.0,3,9,1,1
email-Eu-core,null,954,1,1,1.0,3,9,0,0
email-Eu-core,null,955,7,6,0.42857142857142855,2,7,2,2
email-Eu-core,null,956,1,1,1.0,0,9,0,0
email-Eu-core,null,957,25,23,0.44,0,7,6,5
email-Eu-core,null,958,2,2,0.5,9,8,1,1
email-Eu-core,null,959,5,5,0.2,5,1,2,2
email-Eu-core,null,960,5,5,0.2,9,1,2,2
email-Eu-core,null,961,10,10,0.3,0,5,3,3
email-Eu-core,null,962,25,23,0.28,1,4,5,5
email-Eu-core,null,963,1,1,1.0,9,8,0,0
email-Eu-core,null,964,3,3,0.6666666666666666,1,8,1,1
email-Eu-core,null,965,3,3,0.6666666666666666,4,8,1,1
email-Eu-core,null,966,1,1,1.0,1,9,0,0
email-Eu-core,null,967,3,3,0.3333333333333333,8,6,1,1
email-Eu-core,null,968,12,12,0.3333333333333333,5,6,3,3
email-Eu-core,null,969,2,2,0.5,8,8,1,1
email-Eu-core,null,970,2,2,0.5,4,8,1,0
email-Eu-core,null,971,20,18,0.3,1,5,4,4
email-Eu-core,null,972,4,4,0.75,4,8,1,1
email-Eu-core,null,973,1,1,1.0,1,9,0,0
email-Eu-core,null,974,1,1,1.0,8,9,0,0
email-Eu-core,null,975,1,1,1.0,7,9,0,0
email-Eu-core,null,976,1,1,1.0,0,9,0,0
email-Eu-core,null,977,1,1,1.0,4,9,0,0
email-Eu-core,null,978,3,2,1.0,8,8,1,1
email-Eu-core,null,979,1,1,1.0,1,9,0,0
email-Eu-core,null,980,1,1,1.0,3,9,0,0
email-Eu-core,null,981,6,6,0.3333333333333333,8,6,2,2
email-Eu-core,null,982,10,9,0.2,9,1,3,3
email-Eu-core,null,983,1,1,1.0,8,9,0,0
email-Eu-core,null,984,1,1,1.0,1,9,0,0
email-Eu-core,null,985,1,1,1.0,3,9,0,0
