network,arm,condition,sparsifier,target_ret,realized_ret,spar_seed,leiden_seed,gamma,m_sparse,n,m,k0,kp,Q0,ami,match_method,greedy_vs_exact_map_diff,agree_all_hung,agree_all_plur,ah_bot3,ah_top3,ah_gap,ap_bot3,ap_top3,ap_gap,spearman_hung,n_incr_steps_hung,core_ah_bot3,core_ah_top3,core_ah_gap,deg_ah_bot3,deg_ah_top3,deg_ah_gap,coh_median,coh_mean,coh_q1,coh_q3,coh_frac_ge_0p8,n_comms_ge20,periph_coh_median,periph_coh_mean,frac_frag_nodes,n_frag_nodes,frag_share_bot2,frag_enrich_bot2,frag_share_top2,frag_enrich_top2,frag_rate_bot2,frag_rate_top2,emb_mean_bot3,emb_mean_top3,frac_emb_eq1,seconds,ah_d0,ah_d1,ah_d2,ah_d3,ah_d4,ah_d5,ah_d6,ah_d7,ah_d8,ah_d9,ap_d0,ap_d1,ap_d2,ap_d3,ap_d4,ap_d5,ap_d6,ap_d7,ap_d8,ap_d9,fs_d0,fs_d1,fs_d2,fs_d3,fs_d4,fs_d5,fs_d6,fs_d7,fs_d8,fs_d9,fr_d0,fr_d1,fr_d2,fr_d3,fr_d4,fr_d5,fr_d6,fr_d7,fr_d8,fr_d9,ahc_d0,ahc_d1,ahc_d2,ahc_d3,ahc_d4,ahc_d5,ahc_d6,ahc_d7,ahc_d8,ahc_d9,ahd_d0,ahd_d1,ahd_d2,ahd_d3,ahd_d4,ahd_d5,ahd_d6,ahd_d7,ahd_d8,ahd_d9
email-Eu-core,real,jitter,,1.0,1.0,,101,1.0,16064,986,16064,8,8,0.4163081027638698,0.8890400712764209,hungarian,0.0,0.9198782961460447,0.9198782961460447,0.8785473785473785,0.9356833642547927,0.05713598570741418,0.8785473785473785,0.9356833642547927,0.05713598570741418,0.3161108827136336,6,0.881914381914382,0.9558166701023844,0.07390228818800237,0.8852813852813851,0.955988455988456,0.07070707070707094,1.0,0.9402102212153518,0.9745202558635394,1.0,0.875,8,0.9748774509803921,0.9145402118268167,0.0,0,nan,nan,nan,nan,0.0,0.0,0.43979722999782284,0.9732256209555071,0.20385395537525355,0.006190054999933636,0.8484848484848485,0.8585858585858586,0.9285714285714286,0.9494949494949495,0.9183673469387755,0.9696969696969697,0.9191919191919192,0.9795918367346939,0.9090909090909091,0.9183673469387755,0.8484848484848485,0.8585858585858586,0.9285714285714286,0.9494949494949495,0.9183673469387755,0.9696969696969697,0.9191919191919192,0.9795918367346939,0.9090909090909091,0.9183673469387755,nan,nan,nan,nan,nan,nan,nan,nan,nan,nan,0.0,0.0,0.0,0.0,0.0,0.0,0.0,0.0,0.0,0.0,0.8787878787878788,0.8383838383838383,0.9285714285714286,0.9191919191919192,0.8979591836734694,0.898989898989899,0.9696969696969697,0.9387755102040817,0.98989898989899,0.9387755102040817,0.8888888888888888,0.8383838383838383,0.9285714285714286,0.898989898989899,0.9081632653061225,0.8888888888888888,0.9797979797979798,0.9795918367346939,0.9393939393939394,0.9489795918367347
email-Eu-core,real,jitter,,1.0,1.0,,102,1.0,16064,986,16064,8,8,0.4163081027638698,0.8950772278091617,hungarian,0.0,0.9411764705882353,0.9411764705882353,0.8919466776609634,0.9729265443551158,0.08097986669415247,0.8919466776609634,0.9729265443551158,0.08097986669415247,0.9300954818304988,6,0.9290180718752148,0.9693877551020408,0.04036968322682599,0.9290180718752147,0.9626193911908197,0.03360131931560506,1.0,0.9423549107142857,0.9505580357142858,1.0,0.875,8,0.9701426024955437,0.8811330892892594,0.0,0,nan,nan,nan,nan,0.0,0.0,0.43979722999782284,0.9732256209555071,0.20385395537525355,0.002561900999808131,0.8383838383838383,0.9292929292929293,0.9081632653061225,0.9393939393939394,0.9591836734693877,0.9494949494949495,0.9696969696969697,0.9795918367346939,0.9595959595959596,0.9795918367346939,0.8383838383838383,0.9292929292929293,0.9081632653061225,0.9393939393939394,0.9591836734693877,0.9494949494949495,0.9696969696969697,0.9795918367346939,0.9595959595959596,0.9795918367346939,nan,nan,nan,nan,nan,nan,nan,nan,nan,nan,0.0,0.0,0.0,0.0,0.0,0.0,0.0,0.0,0.0,0.0,0.9494949494949495,0.9191919191919192,0.9183673469387755,0.9191919191919192,0.8877551020408163,0.9090909090909091,1.0,0.9693877551020408,1.0,0.9387755102040817,0.9595959595959596,0.9090909090909091,0.9183673469387755,0.9191919191919192,0.9183673469387755,0.9191919191919192,0.9797979797979798,0.9387755102040817,0.98989898989899,0.9591836734693877
email-Eu-core,real,dspar,dspar,0.8,0.801295,200,300,1.0,12872,986,16064,8,8,0.4163081027638698,0.8658009358965172,hungarian,0.0,0.9310344827586207,0.9310344827586207,0.8785130213701642,0.9660894660894662,0.08757644471930204,0.8785130213701642,0.9660894660894662,0.08757644471930204,0.6139845991168652,4,0.9188139902425615,0.9388785817357247,0.020064591493163197,0.9222153507867793,0.9354772211915069,0.013261870404727594,1.0,0.9756623641304347,0.98828125,1.0,1.0,8,0.9308712121212122,0.911029019800599,0.0,0,nan,nan,nan,nan,0.0,0.0,0.43979722999782284,0.9732256209555071,0.20385395537525355,0.002613807999750861,0.7676767676767676,0.9494949494949495,0.9183673469387755,0.9393939393939394,0.9183673469387755,0.9191919191919192,1.0,0.9795918367346939,0.9696969696969697,0.9489795918367347,0.7676767676767676,0.9494949494949495,0.9183673469387755,0.9393939393939394,0.9183673469387755,0.9191919191919192,1.0,0.9795918367346939,0.9696969696969697,0.9489795918367347,nan,nan,nan,nan,nan,nan,nan,nan,nan,nan,0.0,0.0,0.0,0.0,0.0,0.0,0.0,0.0,0.0,0.0,0.9595959595959596,0.9090909090909091,0.8877551020408163,0.898989898989899,0.9387755102040817,0.9494949494949495,0.9494949494949495,0.9387755102040817,0.9696969696969697,0.9081632653061225,0.9494949494949495,0.9191919191919192,0.8979591836734694,0.898989898989899,0.9285714285714286,0.9595959595959596,0.9494949494949495,0.9285714285714286,0.9696969696969697,0.9081632653061225
email-Eu-core,real,dspar,dspar,0.8,0.801295,200,301,1.0,12872,986,16064,8,8,0.4163081027638698,0.8944587841111193,hungarian,0.0,0.9503042596348884,0.9503042596348884,0.8684120112691541,0.9932316360887791,0.12481962481962494,0.8684120112691541,0.9932316360887791,0.12481962481962494,0.8753839828992931,5,0.9290867862296435,0.9659863945578232,0.036899608328179734,0.9290867862296435,0.9694221122792551,0.04033532604961165,1.0,0.9869977678571429,0.98828125,1.0,1.0,8,0.9502457002457003,0.9137326816075217,0.0,0,nan,nan,nan,nan,0.0,0.0,0.43979722999782284,0.9732256209555071,0.20385395537525355,0.0024632029999338556,0.7777777777777778,0.9090909090909091,0.9183673469387755,0.9696969696969697,0.9693877551020408,0.9797979797979798,1.0,1.0,0.98989898989899,0.9897959183673469,0.7777777777777778,0.9090909090909091,0.9183673469387755,0.9696969696969697,0.9693877551020408,0.9797979797979798,1.0,1.0,0.98989898989899,0.9897959183673469,nan,nan,nan,nan,nan,nan,nan,nan,nan,nan,0.0,0.0,0.0,0.0,0.0,0.0,0.0,0.0,0.0,0.0,0.9696969696969697,0.8787878787878788,0.9387755102040817,0.9090909090909091,0.9591836734693877,0.9696969696969697,0.9797979797979798,0.9591836734693877,1.0,0.9387755102040817,0.98989898989899,0.8585858585858586,0.9387755102040817,0.9292929292929293,0.9387755102040817,0.9696969696969697,0.9696969696969697,0.9693877551020408,0.98989898989899,0.9489795918367347
email-Eu-core,real,dspar,dspar,0.8,0.801295,200,302,1.0,12872,986,16064,8,7,0.4163081027638698,0.8325327201571596,hungarian,0.0,0.8823529411764706,0.8823529411764706,0.7098192812478527,0.9627224627224628,0.2529031814746101,0.7098192812478527,0.9627224627224628,0.2529031814746101,0.7575757575757575,5,0.8647357933072218,0.8915687487116059,0.026832955404384018,0.8715385143956573,0.8983371126228269,0.026798598227169568,1.0,0.9834263392857143,0.98828125,1.0,1.0,8,0.9426699426699428,0.9025016740529848,0.0,0,nan,nan,nan,nan,0.0,0.0,0.43979722999782284,0.9732256209555071,0.20385395537525355,0.0023363109999081644,0.5555555555555556,0.7575757575757576,0.8163265306122449,0.9090909090909091,0.9591836734693877,0.9494949494949495,0.98989898989899,0.9795918367346939,0.9595959595959596,0.9489795918367347,0.5555555555555556,0.7575757575757576,0.8163265306122449,0.9090909090909091,0.9591836734693877,0.9494949494949495,0.98989898989899,0.9795918367346939,0.9595959595959596,0.9489795918367347,nan,nan,nan,nan,nan,nan,nan,nan,nan,nan,0.0,0.0,0.0,0.0,0.0,0.0,0.0,0.0,0.0,0.0,0.9191919191919192,0.8484848484848485,0.826530612244898,0.8686868686868687,0.8877551020408163,0.8888888888888888,0.9090909090909091,0.8979591836734694,0.8787878787878788,0.8979591836734694,0.9393939393939394,0.8282828282828283,0.8469387755102041,0.8585858585858586,0.8775510204081632,0.8787878787878788,0.898989898989899,0.9081632653061225,0.8888888888888888,0.8979591836734694
email-Eu-core,real,dspar,dspar,0.8,0.802104,201,300,1.0,12885,986,16064,8,8,0.4163081027638698,0.8992196623434596,hungarian,0.0,0.9513184584178499,0.9513184584178499,0.8886140314711742,0.9830619116333401,0.09444788016216588,0.8886140314711742,0.9830619116333401,0.09444788016216588,0.7987953376480265,5,0.929052429052429,0.9591836734693877,0.03013124441695869,0.929052429052429,0.9626193911908199,0.03356696213839083,1.0,0.9897927989130435,0.991304347826087,1.0,1.0,8,0.9515103338632751,0.9272357419136511,0.0,0,nan,nan,nan,nan,0.0,0.0,0.43979722999782284,0.9732256209555071,0.20385395537525355,0.0024971519997052383,0.8282828282828283,0.9191919191919192,0.9183673469387755,0.9595959595959596,0.9693877551020408,0.9696969696969697,1.0,1.0,0.9797979797979798,0.9693877551020408,0.8282828282828283,0.9191919191919192,0.9183673469387755,0.9595959595959596,0.9693877551020408,0.9696969696969697,1.0,1.0,0.9797979797979798,0.9693877551020408,nan,nan,nan,nan,nan,nan,nan,nan,nan,nan,0.0,0.0,0.0,0.0,0.0,0.0,0.0,0.0,0.0,0.0,0.9595959595959596,0.898989898989899,0.9285714285714286,0.9393939393939394,0.9693877551020408,0.9696969696969697,0.9696969696969697,0.9591836734693877,1.0,0.9183673469387755,0.9696969696969697,0.8888888888888888,0.9285714285714286,0.9595959595959596,0.9489795918367347,0.9696969696969697,0.9595959595959596,0.9591836734693877,0.98989898989899,0.9387755102040817
email-Eu-core,real,dspar,dspar,0.8,0.802104,201,301,1.0,12885,986,16064,8,8,0.4163081027638698,0.8232714888007385,hungarian,0.25,0.8296146044624746,0.8874239350912779,0.6928468357039786,0.8882361025218168,0.1953892668178382,0.7300900158043016,0.9593211021782451,0.22923108637394352,0.7818181818181817,5,0.8140933140933141,0.7860235003092146,-0.02806981378409945,0.8106919535490964,0.8067408781694496,-0.003951075379646785,0.9925373134328358,0.9376165682650413,0.9668526785714285,1.0,0.875,8,0.9349662162162162,0.8760232032091047,0.0,0,nan,nan,nan,nan,0.0,0.0,0.43979722999782284,0.9732256209555071,0.20385395537525355,0.0026616589998411655,0.6262626262626263,0.6767676767676768,0.7755102040816326,0.8383838383838383,0.8367346938775511,0.9191919191919192,0.9595959595959596,0.9489795918367347,0.8585858585858586,0.8571428571428571,0.5656565656565656,0.7878787878787878,0.8367346938775511,0.9090909090909091,0.9591836734693877,0.9494949494949495,0.98989898989899,0.9795918367346939,0.9595959595959596,0.9387755102040817,nan,nan,nan,nan,nan,nan,nan,nan,nan,nan,0.0,0.0,0.0,0.0,0.0,0.0,0.0,0.0,0.0,0.0,0.8080808080808081,0.8484848484848485,0.7857142857142857,0.8080808080808081,0.8673469387755102,0.9393939393939394,0.8787878787878788,0.9081632653061225,0.9090909090909091,0.5408163265306123,0.8282828282828283,0.8282828282828283,0.7755102040816326,0.8383838383838383,0.8571428571428571,0.898989898989899,0.8484848484848485,0.9183673469387755,0.8181818181818182,0.6836734693877551
email-Eu-core,real,dspar,dspar,0.8,0.802104,201,302,1.0,12885,986,16064,8,8,0.4163081027638698,0.8247699350029825,hungarian,0.0,0.8904665314401623,0.8904665314401623,0.8108293822579536,0.9357177214320073,0.12488833917405362,0.8108293822579536,0.9357177214320073,0.12488833917405362,0.8545454545454544,7,0.875042946471518,0.9252387823816394,0.050195835910121334,0.8784099498385212,0.9184017041159899,0.039991754277468705,0.9932432432432432,0.9282433612766493,0.9257133152173913,1.0,0.875,8,0.9207616707616708,0.8391941127674823,0.0,0,nan,nan,nan,nan,0.0,0.0,0.43979722999782284,0.9732256209555071,0.20385395537525355,0.0025204399998983718,0.7575757575757576,0.8585858585858586,0.8163265306122449,0.8888888888888888,0.8979591836734694,0.9292929292929293,0.9494949494949495,0.9693877551020408,0.898989898989899,0.9387755102040817,0.7575757575757576,0.8585858585858586,0.8163265306122449,0.8888888888888888,0.8979591836734694,0.9292929292929293,0.9494949494949495,0.9693877551020408,0.898989898989899,0.9387755102040817,nan,nan,nan,nan,nan,nan,nan,nan,nan,nan,0.0,0.0,0.0,0.0,0.0,0.0,0.0,0.0,0.0,0.0,0.9090909090909091,0.8282828282828283,0.8877551020408163,0.8282828282828283,0.8367346938775511,0.8888888888888888,0.9494949494949495,0.9081632653061225,0.9797979797979798,0.8877551020408163,0.9191919191919192,0.8282828282828283,0.8877551020408163,0.8484848484848485,0.826530612244898,0.898989898989899,0.9393939393939394,0.8673469387755102,0.98989898989899,0.8979591836734694
email-Eu-core,real,dspar,dspar,0.5,0.499938,200,300,1.0,8031,986,16064,8,10,0.4163081027638698,0.8214235315621515,hungarian,0.0,0.8184584178498986,0.8914807302231237,0.6692090977805263,0.8881330309901738,0.21892393320964754,0.740225383082526,0.9457500171785886,0.2055246340960627,0.709090909090909,5,0.7937882223596509,0.8474197759912045,0.0536315536315537,0.8039923039923039,0.8371813371813372,0.03318903318903332,0.9765625,0.9108331715838509,0.8940993788819875,1.0,0.75,8,0.8867880485527544,0.8314464796322214,0.0,0,nan,nan,nan,nan,0.0,0.0,0.43979722999782284,0.9732256209555071,0.20385395537525355,0.002537788999688928,0.5454545454545454,0.7070707070707071,0.7551020408163265,0.8181818181818182,0.8979591836734694,0.8383838383838383,0.9595959595959596,0.9387755102040817,0.8888888888888888,0.8367346938775511,0.6363636363636364,0.7373737373737373,0.8469387755102041,0.9292929292929293,0.9795918367346939,0.9595959595959596,0.98989898989899,0.9795918367346939,0.9494949494949495,0.9081632653061225,nan,nan,nan,nan,nan,nan,nan,nan,nan,nan,0.0,0.0,0.0,0.0,0.0,0.0,0.0,0.0,0.0,0.0,0.797979797979798,0.8282828282828283,0.7551020408163265,0.8282828282828283,0.7755102040816326,0.797979797979798,0.8585858585858586,0.8673469387755102,0.8585858585858586,0.8163265306122449,0.8080808080808081,0.8181818181818182,0.7857142857142857,0.8080808080808081,0.7959183673469388,0.797979797979798,0.8585858585858586,0.8163265306122449,0.8686868686868687,0.826530612244898
email-Eu-core,real,dspar,dspar,0.5,0.499938,200,301,1.0,8031,986,16064,8,8,0.4163081027638698,0.7298742265781762,hungarian,0.0,0.6703853955375254,0.7515212981744422,0.5342197485054628,0.7356902356902357,0.2014704871847729,0.6016628873771731,0.8204150347007491,0.21875214732357595,0.5227987675648555,6,0.5877825877825879,0.7081701367415653,0.12038754895897741,0.5979523122380265,0.7118463547034976,0.11389404246547108,0.9690998134328358,0.8967004191967183,0.85527950310559,1.0,0.75,8,0.8244631185807656,0.7907327741806641,0.0,0,nan,nan,nan,nan,0.0,0.0,0.43979722999782284,0.9732256209555071,0.20385395537525355,0.002932341999894561,0.43434343434343436,0.5050505050505051,0.6632653061224489,0.696969696969697,0.7551020408163265,0.7070707070707071,0.7373737373737373,0.8979591836734694,0.7070707070707071,0.6020408163265306,0.5252525252525253,0.5858585858585859,0.6938775510204082,0.8282828282828283,0.8571428571428571,0.8181818181818182,0.7474747474747475,0.9285714285714286,0.797979797979798,0.7346938775510204,nan,nan,nan,nan,nan,nan,nan,nan,nan,nan,0.0,0.0,0.0,0.0,0.0,0.0,0.0,0.0,0.0,0.0,0.5656565656565656,0.6262626262626263,0.5714285714285714,0.7474747474747475,0.6428571428571429,0.6767676767676768,0.7474747474747475,0.6122448979591837,0.797979797979798,0.7142857142857143,0.5757575757575758,0.6262626262626263,0.5918367346938775,0.7171717171717171,0.6428571428571429,0.6767676767676768,0.7373737373737373,0.6938775510204082,0.7171717171717171,0.7244897959183674
email-Eu-core,real,dspar,dspar,0.5,0.499938,200,302,1.0,8031,986,16064,8,10,0.4163081027638698,0.7974363146262856,hungarian,0.0,0.795131845841785,0.8853955375253549,0.6286676286676287,0.8746306603449461,0.24596303167731737,0.7131519274376418,0.9525527382670239,0.23940081082938214,0.7575757575757575,5,0.7532467532467533,0.8270459699031129,0.07379921665635958,0.7600494743351885,0.8168418882704597,0.056792413935271124,0.9690998134328358,0.8965839595693891,0.8639751552795031,1.0,0.75,8,0.84593837535014,0.8069711535903992,0.0,0,nan,nan,nan,nan,0.0,0.0,0.43979722999782284,0.9732256209555071,0.20385395537525355,0.0025505929997962085,0.48484848484848486,0.6868686868686869,0.7142857142857143,0.7878787878787878,0.8775510204081632,0.8282828282828283,0.9494949494949495,0.9285714285714286,0.8585858585858586,0.8367346938775511,0.6060606060606061,0.7272727272727273,0.8061224489795918,0.9292929292929293,0.9795918367346939,0.9595959595959596,0.98989898989899,0.9795918367346939,0.9494949494949495,0.9285714285714286,nan,nan,nan,nan,nan,nan,nan,nan,nan,nan,0.0,0.0,0.0,0.0,0.0,0.0,0.0,0.0,0.0,0.0,0.7777777777777778,0.7676767676767676,0.7142857142857143,0.797979797979798,0.7653061224489796,0.7878787878787878,0.8585858585858586,0.8673469387755102,0.8484848484848485,0.7653061224489796,0.797979797979798,0.7474747474747475,0.7346938775510204,0.7878787878787878,0.7755102040816326,0.797979797979798,0.8585858585858586,0.8061224489795918,0.8484848484848485,0.7959183673469388
email-Eu-core,real,dspar,dspar,0.5,0.502677,201,300,1.0,8075,986,16064,8,9,0.4163081027638698,0.7892027958666895,hungarian,0.0,0.8377281947261663,0.8732251521298174,0.7095787810073525,0.891706177420463,0.1821273964131105,0.7434893149178864,0.9322820037105751,0.18879268879268873,0.5835893219328621,6,0.7975331546760117,0.8641517212945784,0.06661856661856669,0.8042671614100185,0.8710231567374424,0.06675599532742382,0.9782515991471215,0.9181362693519978,0.9213654891304348,1.0,0.875,8,0.8854166666666667,0.8182880890801287,0.0,0,nan,nan,nan,nan,0.0,0.0,0.43979722999782284,0.9732256209555071,0.20385395537525355,0.0024362529998143145,0.6464646464646465,0.7373737373737373,0.7448979591836735,0.8787878787878788,0.8673469387755102,0.9292929292929293,0.898989898989899,0.9693877551020408,0.8383838383838383,0.8673469387755102,0.6565656565656566,0.7575757575757576,0.8163265306122449,0.9191919191919192,0.9183673469387755,0.9494949494949495,0.9191919191919192,0.9795918367346939,0.9090909090909091,0.9081632653061225,nan,nan,nan,nan,nan,nan,nan,nan,nan,nan,0.0,0.0,0.0,0.0,0.0,0.0,0.0,0.0,0.0,0.0,0.8282828282828283,0.696969696969697,0.8673469387755102,0.797979797979798,0.8367346938775511,0.8585858585858586,0.898989898989899,0.8367346938775511,0.9393939393939394,0.8163265306122449,0.8484848484848485,0.696969696969697,0.8673469387755102,0.8080808080808081,0.7857142857142857,0.8585858585858586,0.898989898989899,0.8673469387755102,0.9191919191919192,0.826530612244898
email-Eu-core,real,dspar,dspar,0.5,0.502677,201,301,1.0,8075,986,16064,8,7,0.4163081027638698,0.708412991891851,hungarian,0.0,0.6977687626774848,0.7352941176470589,0.5948258091115234,0.7560983989555418,0.16127258984401838,0.5545591974163403,0.8102453102453103,0.25568611282897,0.44377104688644714,4,0.6083625369339655,0.7250738679310108,0.11671133099704534,0.6116951831237546,0.7524565381708239,0.14076135504706933,0.9708551835417507,0.9130966569102824,0.9434151785714285,1.0,0.875,8,0.8472222222222222,0.8161514565766484,0.0,0,nan,nan,nan,nan,0.0,0.0,0.43979722999782284,0.9732256209555071,0.20385395537525355,0.0023316840001825767,0.5656565656565656,0.5555555555555556,0.6632653061224489,0.7878787878787878,0.6836734693877551,0.7474747474747475,0.7070707070707071,0.9183673469387755,0.7070707070707071,0.6428571428571429,0.42424242424242425,0.5353535353535354,0.7040816326530612,0.8181818181818182,0.8469387755102041,0.8181818181818182,0.7777777777777778,0.9489795918367347,0.7878787878787878,0.6938775510204082,nan,nan,nan,nan,nan,nan,nan,nan,nan,nan,0.0,0.0,0.0,0.0,0.0,0.0,0.0,0.0,0.0,0.0,0.6464646464646465,0.494949494949495,0.6836734693877551,0.7070707070707071,0.6938775510204082,0.8282828282828283,0.7474747474747475,0.6122448979591837,0.8282828282828283,0.7346938775510204,0.6565656565656566,0.5050505050505051,0.673469387755102,0.7070707070707071,0.6530612244897959,0.7878787878787878,0.7373737373737373,0.7448979591836735,0.7777777777777778,0.7346938775510204
email-Eu-core,real,dspar,dspar,0.5,0.502677,201,302,1.0,8075,986,16064,8,9,0.4163081027638698,0.753520576154617,hungarian,0.0,0.7758620689655172,0.8265720081135902,0.5815639387067959,0.8577612863327149,0.27619734762591897,0.6490414347557204,0.8983714698000412,0.24933003504432083,0.5835893219328621,6,0.7331134473991616,0.810107881536453,0.07699443413729135,0.7432831718546004,0.8204493918779633,0.07716622002336293,0.9616371268656716,0.9069538275238713,0.8878881987577639,1.0,0.875,8,0.8778409090909092,0.8232076721966428,0.0,0,nan,nan,nan,nan,0.0,0.0,0.43979722999782284,0.9732256209555071,0.20385395537525355,0.002428373999919131,0.5050505050505051,0.5151515151515151,0.7244897959183674,0.8181818181818182,0.8469387755102041,0.898989898989899,0.8787878787878788,0.9387755102040817,0.8181818181818182,0.8163265306122449,0.5656565656565656,0.6161616161616161,0.7653061224489796,0.8787878787878788,0.9081632653061225,0.9292929292929293,0.9090909090909091,0.9591836734693877,0.8787878787878788,0.8571428571428571,nan,nan,nan,nan,nan,nan,nan,nan,nan,nan,0.0,0.0,0.0,0.0,0.0,0.0,0.0,0.0,0.0,0.0,0.7676767676767676,0.696969696969697,0.7346938775510204,0.7474747474747475,0.7653061224489796,0.797979797979798,0.8181818181818182,0.8163265306122449,0.8282828282828283,0.7857142857142857,0.7878787878787878,0.6868686868686869,0.7551020408163265,0.7373737373737373,0.7653061224489796,0.7474747474747475,0.8181818181818182,0.8673469387755102,0.7878787878787878,0.8061224489795918
email-Eu-core,real,lspar,lspar,0.5,0.502054,,300,1.0,8065,986,16064,8,11,0.4163081027638698,0.7653586566091632,hungarian,0.0,0.7596348884381339,0.9117647058823529,0.6757369614512472,0.830722187865045,0.15498522641379786,0.7672644815501958,0.9695595409881124,0.2022950594379166,0.6121212121212121,5,0.7298495155638013,0.7896653610939325,0.059815845530131195,0.7298151583865868,0.7826908541194255,0.05287569573283868,0.9323660714285714,0.8627589071570759,0.7906874265569918,0.9776119402985075,0.75,8,0.7438923395445134,0.7244588765888318,0.0,0,nan,nan,nan,nan,0.0,0.0,0.43979722999782284,0.9732256209555071,0.20385395537525355,0.0025290190001214796,0.5555555555555556,0.7777777777777778,0.6938775510204082,0.7878787878787878,0.7346938775510204,0.7272727272727273,0.8282828282828283,0.8979591836734694,0.7676767676767676,0.826530612244898,0.5656565656565656,0.8585858585858586,0.8775510204081632,0.9696969696969697,0.9591836734693877,0.9797979797979798,1.0,1.0,0.9494949494949495,0.9591836734693877,nan,nan,nan,nan,nan,nan,nan,nan,nan,nan,0.0,0.0,0.0,0.0,0.0,0.0,0.0,0.0,0.0,0.0,0.8080808080808081,0.6161616161616161,0.7653061224489796,0.6767676767676768,0.7448979591836735,0.8080808080808081,0.8080808080808081,0.8163265306122449,0.8383838383838383,0.7142857142857143,0.8181818181818182,0.6161616161616161,0.7551020408163265,0.6868686868686869,0.7346938775510204,0.8181818181818182,0.8181818181818182,0.7142857142857143,0.8888888888888888,0.7448979591836735
email-Eu-core,real,lspar,lspar,0.5,0.502054,,301,1.0,8065,986,16064,8,12,0.4163081027638698,0.7544360146671982,hungarian,0.0,0.7636916835699797,0.9117647058823529,0.6825396825396827,0.830722187865045,0.14818250532536237,0.7672988387274101,0.9695595409881124,0.20226070226070225,0.6242424242424242,6,0.7298495155638013,0.793032364460936,0.06318284889713466,0.7298151583865868,0.7860922146636433,0.05627705627705648,0.9323660714285714,0.8410197767222933,0.7902992277992278,0.9776119402985075,0.75,8,0.7569358178053831,0.7277197461540492,0.0,0,nan,nan,nan,nan,0.0,0.0,0.43979722999782284,0.9732256209555071,0.20385395537525355,0.0024709529998290236,0.5555555555555556,0.7777777777777778,0.7142857142857143,0.797979797979798,0.7346938775510204,0.7373737373737373,0.8282828282828283,0.8979591836734694,0.7676767676767676,0.826530612244898,0.5555555555555556,0.8585858585858586,0.8877551020408163,0.9696969696969697,0.9591836734693877,0.9797979797979798,1.0,1.0,0.9494949494949495,0.9591836734693877,nan,nan,nan,nan,nan,nan,nan,nan,nan,nan,0.0,0.0,0.0,0.0,0.0,0.0,0.0,0.0,0.0,0.0,0.8080808080808081,0.6161616161616161,0.7653061224489796,0.6868686868686869,0.7551020408163265,0.8080808080808081,0.8181818181818182,0.8163265306122449,0.8484848484848485,0.7142857142857143,0.8181818181818182,0.6161616161616161,0.7551020408163265,0.696969696969697,0.7448979591836735,0.8181818181818182,0.8282828282828283,0.7244897959183674,0.8888888888888888,0.7448979591836735
email-Eu-core,real,lspar,lspar,0.5,0.502054,,302,1.0,8065,986,16064,8,12,0.4163081027638698,0.7516863402392912,hungarian,0.0,0.7626774847870182,0.9127789046653144,0.6825740397168968,0.8340891912320484,0.1515151515151516,0.7673331959046245,0.9729265443551158,0.20559334845049138,0.6018264882432639,5,0.7265168693740122,0.7998694427265857,0.0733525733525735,0.7264825121967978,0.7928949357520786,0.06641242355528076,0.9180803571428571,0.8393140197926559,0.7902992277992278,0.9888059701492538,0.75,8,0.7446514837819185,0.7275215639585844,0.0,0,nan,nan,nan,nan,0.0,0.0,0.43979722999782284,0.9732256209555071,0.20385395537525355,0.002448676999847521,0.5353535353535354,0.7878787878787878,0.7244897959183674,0.7878787878787878,0.7346938775510204,0.7272727272727273,0.8282828282828283,0.8979591836734694,0.7777777777777778,0.826530612244898,0.5353535353535354,0.8686868686868687,0.8979591836734694,0.9696969696969697,0.9591836734693877,0.9797979797979798,1.0,1.0,0.9595959595959596,0.9591836734693877,nan,nan,nan,nan,nan,nan,nan,nan,nan,nan,0.0,0.0,0.0,0.0,0.0,0.0,0.0,0.0,0.0,0.0,0.8181818181818182,0.5858585858585859,0.7755102040816326,0.6666666666666666,0.7551020408163265,0.8080808080808081,0.8181818181818182,0.8163265306122449,0.8383838383838383,0.7448979591836735,0.8282828282828283,0.5858585858585859,0.7653061224489796,0.6767676767676768,0.7448979591836735,0.8181818181818182,0.8282828282828283,0.7142857142857143,0.8888888888888888,0.7755102040816326
email-Eu-core,real,lspar,lspar,0.2,0.201444,,300,1.0,3236,986,16064,8,17,0.4163081027638698,0.6900565014272431,hungarian,0.0,0.6115618661257607,0.9036511156186613,0.5575482718339861,0.7052154195011338,0.1476671476671476,0.7604961176389748,0.9627568198996771,0.20226070226070225,0.6727272727272726,6,0.5677179962894249,0.6813371813371812,0.11361918504775637,0.5710506424792139,0.6744657458943174,0.10341510341510352,0.6238839285714286,0.6955499693152294,0.5908348880597015,0.8342664092664093,0.375,8,0.6210489993098689,0.6287899278588217,0.0,0,nan,nan,nan,nan,0.0,0.0,0.43979722999782284,0.9732256209555071,0.20385395537525355,0.010334557000078348,0.47474747474747475,0.6060606060606061,0.5918367346938775,0.6262626262626263,0.5510204081632653,0.5555555555555556,0.5959595959595959,0.7653061224489796,0.6666666666666666,0.6836734693877551,0.5757575757575758,0.8383838383838383,0.8673469387755102,0.9696969696969697,0.9591836734693877,0.9595959595959596,0.9797979797979798,1.0,0.9494949494949495,0.9387755102040817,nan,nan,nan,nan,nan,nan,nan,nan,nan,nan,0.0,0.0,0.0,0.0,0.0,0.0,0.0,0.0,0.0,0.0,0.7171717171717171,0.37373737373737376,0.6122448979591837,0.5353535353535354,0.5714285714285714,0.6767676767676768,0.5858585858585859,0.6530612244897959,0.6868686868686869,0.7040816326530612,0.7171717171717171,0.3939393939393939,0.6020408163265306,0.5353535353535354,0.5510204081632653,0.6060606060606061,0.6868686868686869,0.6020408163265306,0.7070707070707071,0.7142857142857143
email-Eu-core,real,lspar,lspar,0.2,0.201444,,301,1.0,3236,986,16064,8,17,0.4163081027638698,0.6917940010045284,hungarian,0.0,0.6095334685598377,0.90973630831643,0.5406788978217549,0.7120181405895692,0.17133924276781431,0.7638974781831925,0.9695595409881124,0.20566206280491983,0.6727272727272726,6,0.5744176458462172,0.681302824159967,0.10688517831374977,0.5777502920360064,0.6744313887171031,0.0966810966810967,0.6337453358208955,0.7011469842406024,0.6037946428571428,0.8342664092664093,0.375,8,0.5654934437543133,0.6089546263139614,0.0,0,nan,nan,nan,nan,0.0,0.0,0.43979722999782284,0.9732256209555071,0.20385395537525355,0.002647569000146177,0.43434343434343436,0.6060606060606061,0.5816326530612245,0.6262626262626263,0.5510204081632653,0.5656565656565656,0.5959595959595959,0.7653061224489796,0.6666666666666666,0.7040816326530612,0.5656565656565656,0.8484848484848485,0.8775510204081632,0.98989898989899,0.9591836734693877,0.9696969696969697,0.9797979797979798,1.0,0.9494949494949495,0.9591836734693877,nan,nan,nan,nan,nan,nan,nan,nan,nan,nan,0.0,0.0,0.0,0.0,0.0,0.0,0.0,0.0,0.0,0.0,0.7171717171717171,0.40404040404040403,0.6020408163265306,0.5353535353535354,0.5612244897959183,0.6565656565656566,0.5757575757575758,0.6224489795918368,0.696969696969697,0.7244897959183674,0.7171717171717171,0.42424242424242425,0.5918367346938775,0.5353535353535354,0.5408163265306123,0.5757575757575758,0.6868686868686869,0.5714285714285714,0.7171717171717171,0.7346938775510204
email-Eu-core,real,lspar,lspar,0.2,0.201444,,302,1.0,3236,986,16064,8,19,0.4163081027638698,0.7048061095349606,hungarian,0.0,0.6054766734279919,0.9269776876267748,0.5676492819349962,0.7052154195011338,0.13756613756613756,0.8043358757644472,0.9762935477221192,0.17195767195767198,0.56535215562246,6,0.5676836391122105,0.7050436336150622,0.13735999450285163,0.5676149247577819,0.6948739091596234,0.12725898440184158,0.6238839285714286,0.6702278222863983,0.5721781716417911,0.8527992277992278,0.375,8,0.5856389986824769,0.6210288014955534,0.0,0,nan,nan,nan,nan,0.0,0.0,0.43979722999782284,0.9732256209555071,0.20385395537525355,0.002619697000227461,0.5050505050505051,0.6060606060606061,0.5918367346938775,0.6060606060606061,0.5,0.5454545454545454,0.5858585858585859,0.7653061224489796,0.6666666666666666,0.6836734693877551,0.6464646464646465,0.8787878787878788,0.8877551020408163,0.98989898989899,0.9795918367346939,0.9797979797979798,0.9797979797979798,1.0,0.9696969696969697,0.9591836734693877,nan,nan,nan,nan,nan,nan,nan,nan,nan,nan,0.0,0.0,0.0,0.0,0.0,0.0,0.0,0.0,0.0,0.0,0.7272727272727273,0.37373737373737376,0.6020408163265306,0.494949494949495,0.5102040816326531,0.6666666666666666,0.5656565656565656,0.6530612244897959,0.7171717171717171,0.7448979591836735,0.7272727272727273,0.3939393939393939,0.5816326530612245,0.5151515151515151,0.5102040816326531,0.5656565656565656,0.6767676767676768,0.6020408163265306,0.7070707070707071,0.7755102040816326
email-Eu-core,real,resmatch,dspar,0.8,1.0,,100,1.0,16064,986,16064,8,8,0.4163081027638698,1.0,hungarian,0.0,1.0,1.0,1.0,1.0,0.0,1.0,1.0,0.0,0.0,0,1.0,1.0,0.0,1.0,1.0,0.0,1.0,1.0,1.0,1.0,1.0,8,1.0,1.0,0.0,0,nan,nan,nan,nan,0.0,0.0,0.43979722999782284,0.9732256209555071,0.20385395537525355,0.0022498959997392376,1.0,1.0,1.0,1.0,1.0,1.0,1.0,1.0,1.0,1.0,1.0,1.0,1.0,1.0,1.0,1.0,1.0,1.0,1.0,1.0,nan,nan,nan,nan,nan,nan,nan,nan,nan,nan,0.0,0.0,0.0,0.0,0.0,0.0,0.0,0.0,0.0,0.0,1.0,1.0,1.0,1.0,1.0,1.0,1.0,1.0,1.0,1.0,1.0,1.0,1.0,1.0,1.0,1.0,1.0,1.0,1.0,1.0
email-Eu-core,real,resmatch,dspar,0.8,1.0,,101,1.0,16064,986,16064,8,8,0.4163081027638698,0.8890400712764209,hungarian,0.0,0.9198782961460447,0.9198782961460447,0.8785473785473785,0.9356833642547927,0.05713598570741418,0.8785473785473785,0.9356833642547927,0.05713598570741418,0.3161108827136336,6,0.881914381914382,0.9558166701023844,0.07390228818800237,0.8852813852813851,0.955988455988456,0.07070707070707094,1.0,0.9402102212153518,0.9745202558635394,1.0,0.875,8,0.9748774509803921,0.9145402118268167,0.0,0,nan,nan,nan,nan,0.0,0.0,0.43979722999782284,0.9732256209555071,0.20385395537525355,0.0026637179998942884,0.8484848484848485,0.8585858585858586,0.9285714285714286,0.9494949494949495,0.9183673469387755,0.9696969696969697,0.9191919191919192,0.9795918367346939,0.9090909090909091,0.9183673469387755,0.8484848484848485,0.8585858585858586,0.9285714285714286,0.9494949494949495,0.9183673469387755,0.9696969696969697,0.9191919191919192,0.9795918367346939,0.9090909090909091,0.9183673469387755,nan,nan,nan,nan,nan,nan,nan,nan,nan,nan,0.0,0.0,0.0,0.0,0.0,0.0,0.0,0.0,0.0,0.0,0.8787878787878788,0.8383838383838383,0.9285714285714286,0.9191919191919192,0.8979591836734694,0.898989898989899,0.9696969696969697,0.9387755102040817,0.98989898989899,0.9387755102040817,0.8888888888888888,0.8383838383838383,0.9285714285714286,0.898989898989899,0.9081632653061225,0.8888888888888888,0.9797979797979798,0.9795918367346939,0.9393939393939394,0.9489795918367347
email-Eu-core,real,resmatch,dspar,0.8,1.0,,102,1.0,16064,986,16064,8,8,0.4163081027638698,0.8950772278091617,hungarian,0.0,0.9411764705882353,0.9411764705882353,0.8919466776609634,0.9729265443551158,0.08097986669415247,0.8919466776609634,0.9729265443551158,0.08097986669415247,0.9300954818304988,6,0.9290180718752148,0.9693877551020408,0.04036968322682599,0.9290180718752147,0.9626193911908197,0.03360131931560506,1.0,0.9423549107142857,0.9505580357142858,1.0,0.875,8,0.9701426024955437,0.8811330892892594,0.0,0,nan,nan,nan,nan,0.0,0.0,0.43979722999782284,0.9732256209555071,0.20385395537525355,0.00255692300015653,0.8383838383838383,0.9292929292929293,0.9081632653061225,0.9393939393939394,0.9591836734693877,0.9494949494949495,0.9696969696969697,0.9795918367346939,0.9595959595959596,0.9795918367346939,0.8383838383838383,0.9292929292929293,0.9081632653061225,0.9393939393939394,0.9591836734693877,0.9494949494949495,0.9696969696969697,0.9795918367346939,0.9595959595959596,0.9795918367346939,nan,nan,nan,nan,nan,nan,nan,nan,nan,nan,0.0,0.0,0.0,0.0,0.0,0.0,0.0,0.0,0.0,0.0,0.9494949494949495,0.9191919191919192,0.9183673469387755,0.9191919191919192,0.8877551020408163,0.9090909090909091,1.0,0.9693877551020408,1.0,0.9387755102040817,0.9595959595959596,0.9090909090909091,0.9183673469387755,0.9191919191919192,0.9183673469387755,0.9191919191919192,0.9797979797979798,0.9387755102040817,0.98989898989899,0.9591836734693877
email-Eu-core,real,resmatch,dspar,0.5,1.0,,100,1.0,16064,986,16064,8,8,0.4163081027638698,1.0,hungarian,0.0,1.0,1.0,1.0,1.0,0.0,1.0,1.0,0.0,0.0,0,1.0,1.0,0.0,1.0,1.0,0.0,1.0,1.0,1.0,1.0,1.0,8,1.0,1.0,0.0,0,nan,nan,nan,nan,0.0,0.0,0.43979722999782284,0.9732256209555071,0.20385395537525355,0.002203780000400002,1.0,1.0,1.0,1.0,1.0,1.0,1.0,1.0,1.0,1.0,1.0,1.0,1.0,1.0,1.0,1.0,1.0,1.0,1.0,1.0,nan,nan,nan,nan,nan,nan,nan,nan,nan,nan,0.0,0.0,0.0,0.0,0.0,0.0,0.0,0.0,0.0,0.0,1.0,1.0,1.0,1.0,1.0,1.0,1.0,1.0,1.0,1.0,1.0,1.0,1.0,1.0,1.0,1.0,1.0,1.0,1.0,1.0
email-Eu-core,real,resmatch,dspar,0.5,1.0,,101,1.0,16064,986,16064,8,8,0.4163081027638698,0.8890400712764209,hungarian,0.0,0.9198782961460447,0.9198782961460447,0.8785473785473785,0.9356833642547927,0.05713598570741418,0.8785473785473785,0.9356833642547927,0.05713598570741418,0.3161108827136336,6,0.881914381914382,0.9558166701023844,0.07390228818800237,0.8852813852813851,0.955988455988456,0.07070707070707094,1.0,0.9402102212153518,0.9745202558635394,1.0,0.875,8,0.9748774509803921,0.9145402118268167,0.0,0,nan,nan,nan,nan,0.0,0.0,0.43979722999782284,0.9732256209555071,0.20385395537525355,0.002483516000211239,0.8484848484848485,0.8585858585858586,0.9285714285714286,0.9494949494949495,0.9183673469387755,0.9696969696969697,0.9191919191919192,0.9795918367346939,0.9090909090909091,0.9183673469387755,0.8484848484848485,0.8585858585858586,0.9285714285714286,0.9494949494949495,0.9183673469387755,0.9696969696969697,0.9191919191919192,0.9795918367346939,0.9090909090909091,0.9183673469387755,nan,nan,nan,nan,nan,nan,nan,nan,nan,nan,0.0,0.0,0.0,0.0,0.0,0.0,0.0,0.0,0.0,0.0,0.8787878787878788,0.8383838383838383,0.9285714285714286,0.9191919191919192,0.8979591836734694,0.898989898989899,0.9696969696969697,0.9387755102040817,0.98989898989899,0.9387755102040817,0.8888888888888888,0.8383838383838383,0.9285714285714286,0.898989898989899,0.9081632653061225,0.8888888888888888,0.9797979797979798,0.9795918367346939,0.9393939393939394,0.9489795918367347
email-Eu-core,real,resmatch,dspar,0.5,1.0,,102,1.0,16064,986,16064,8,8,0.4163081027638698,0.8950772278091617,hungarian,0.0,0.9411764705882353,0.9411764705882353,0.8919466776609634,0.9729265443551158,0.08097986669415247,0.8919466776609634,0.9729265443551158,0.08097986669415247,0.9300954818304988,6,0.9290180718752148,0.9693877551020408,0.04036968322682599,0.9290180718752147,0.9626193911908197,0.03360131931560506,1.0,0.9423549107142857,0.9505580357142858,1.0,0.875,8,0.9701426024955437,0.8811330892892594,0.0,0,nan,nan,nan,nan,0.0,0.0,0.43979722999782284,0.9732256209555071,0.20385395537525355,0.002509627000108594,0.8383838383838383,0.9292929292929293,0.9081632653061225,0.9393939393939394,0.9591836734693877,0.9494949494949495,0.9696969696969697,0.9795918367346939,0.9595959595959596,0.9795918367346939,0.8383838383838383,0.9292929292929293,0.9081632653061225,0.9393939393939394,0.9591836734693877,0.9494949494949495,0.9696969696969697,0.9795918367346939,0.9595959595959596,0.9795918367346939,nan,nan,nan,nan,nan,nan,nan,nan,nan,nan,0.0,0.0,0.0,0.0,0.0,0.0,0.0,0.0,0.0,0.0,0.9494949494949495,0.9191919191919192,0.9183673469387755,0.9191919191919192,0.8877551020408163,0.9090909090909091,1.0,0.9693877551020408,1.0,0.9387755102040817,0.9595959595959596,0.9090909090909091,0.9183673469387755,0.9191919191919192,0.9183673469387755,0.9191919191919192,0.9797979797979798,0.9387755102040817,0.98989898989899,0.9591836734693877
email-Eu-core,real,resmatch,lspar,0.5,1.0,,100,1.5,16064,986,16064,8,13,0.4163081027638698,0.7802368516599613,hungarian,0.0,0.744421906693712,0.9320486815415822,0.6149934721363293,0.8273208273208273,0.21232735518449808,0.8177695320552463,0.9762935477221192,0.1585240156668729,0.8545454545454544,7,0.7195423623995053,0.7317391603105889,0.012196797911083634,0.7195423623995053,0.7319453033738749,0.012402940974369558,0.9479910714285714,0.8540321297892985,0.8093629343629344,0.9888059701492538,0.75,8,0.7652295152295152,0.7261142739523494,0.0,0,nan,nan,nan,nan,0.0,0.0,0.43979722999782284,0.9732256209555071,0.20385395537525355,0.0026858940000238363,0.5353535353535354,0.6565656565656566,0.6530612244897959,0.7171717171717171,0.7551020408163265,0.7777777777777778,0.8686868686868687,0.9081632653061225,0.7676767676767676,0.8061224489795918,0.7070707070707071,0.8686868686868687,0.8775510204081632,0.98989898989899,0.9591836734693877,0.98989898989899,1.0,1.0,0.9696969696969697,0.9591836734693877,nan,nan,nan,nan,nan,nan,nan,nan,nan,nan,0.0,0.0,0.0,0.0,0.0,0.0,0.0,0.0,0.0,0.0,0.7373737373737373,0.7171717171717171,0.7040816326530612,0.696969696969697,0.7551020408163265,0.8282828282828283,0.8080808080808081,0.8469387755102041,0.8686868686868687,0.47959183673469385,0.7474747474747475,0.7070707070707071,0.7040816326530612,0.696969696969697,0.7755102040816326,0.8383838383838383,0.7777777777777778,0.7653061224489796,0.8080808080808081,0.6224489795918368
email-Eu-core,real,resmatch,lspar,0.5,1.0,,101,1.5,16064,986,16064,8,16,0.4163081027638698,0.7431415727176888,hungarian,0.0,0.6561866125760649,0.8975659229208925,0.5170068027210885,0.7461004603861747,0.22909365766508627,0.8076685219542362,0.945784374355803,0.13811585240156676,0.7575757575757575,7,0.6184291898577613,0.6739847454133168,0.05555555555555547,0.6217618360475503,0.6811997526283241,0.0594379165807738,0.745865268253328,0.7718021089887979,0.6088169642857143,0.96484375,0.5,8,0.6515151515151515,0.650489926716749,0.012170385395537525,12,0.5833333333333334,2.9166666666666665,0.08333333333333333,0.41666666666666663,0.03535353535353535,0.00510204081632653,0.43979722999782284,0.9732256209555071,0.20385395537525355,0.0025969509997594287,0.48484848484848486,0.5151515151515151,0.5510204081632653,0.6262626262626263,0.6632653061224489,0.7676767676767676,0.7171717171717171,0.8979591836734694,0.6464646464646465,0.6938775510204082,0.696969696969697,0.8484848484848485,0.8775510204081632,0.9292929292929293,0.9081632653061225,0.9393939393939394,0.9393939393939394,0.9795918367346939,0.9393939393939394,0.9183673469387755,0.4166666666666667,0.16666666666666666,0.25,0.0,0.0,0.08333333333333333,0.0,0.0,0.0,0.08333333333333333,0.050505050505050504,0.020202020202020204,0.030612244897959183,0.0,0.0,0.010101010101010102,0.0,0.0,0.0,0.01020408163265306,0.6666666666666666,0.5151515151515151,0.673469387755102,0.6161616161616161,0.6836734693877551,0.7373737373737373,0.6464646464646465,0.7040816326530612,0.8484848484848485,0.46938775510204084,0.6666666666666666,0.5353535353535354,0.6632653061224489,0.6262626262626263,0.673469387755102,0.6767676767676768,0.6767676767676768,0.7040816326530612,0.7272727272727273,0.6122448979591837
email-Eu-core,real,resmatch,lspar,0.5,1.0,,102,1.5,16064,986,16064,8,16,0.4163081027638698,0.7792322640933592,hungarian,0.0,0.7058823529411765,0.947261663286004,0.5744863602006459,0.8035800178657322,0.22909365766508627,0.8482099910671339,0.9966329966329966,0.14842300556586274,0.8909090909090909,7,0.6822991822991823,0.6909915481344053,0.008692365835223037,0.6822991822991823,0.6912664055521199,0.00896722325293764,0.9038610038610039,0.8133413677609309,0.6667110874200426,0.96484375,0.625,8,0.6779279279279279,0.6895788890473993,0.014198782961460446,14,0.5714285714285714,2.8571428571428568,0.07142857142857142,0.3571428571428571,0.04040404040404041,0.00510204081632653,0.43979722999782284,0.9732256209555071,0.20385395537525355,0.0025990670001192484,0.47474747474747475,0.6262626262626263,0.6224489795918368,0.6565656565656566,0.7244897959183674,0.7373737373737373,0.8080808080808081,0.8877551020408163,0.7474747474747475,0.7755102040816326,0.696969696969697,0.9292929292929293,0.9183673469387755,0.98989898989899,0.9591836734693877,0.98989898989899,1.0,1.0,0.98989898989899,1.0,0.42857142857142855,0.14285714285714285,0.21428571428571427,0.07142857142857142,0.0,0.07142857142857142,0.0,0.0,0.0,0.07142857142857142,0.06060606060606061,0.020202020202020204,0.030612244897959183,0.010101010101010102,0.0,0.010101010101010102,0.0,0.0,0.0,0.01020408163265306,0.7474747474747475,0.6565656565656566,0.6428571428571429,0.696969696969697,0.7244897959183674,0.8282828282828283,0.6868686868686869,0.7755102040816326,0.8484848484848485,0.4489795918367347,0.7474747474747475,0.6565656565656566,0.6428571428571429,0.696969696969697,0.7448979591836735,0.7878787878787878,0.7070707070707071,0.7142857142857143,0.7676767676767676,0.5918367346938775
email-Eu-core,real,resmatch,lspar,0.2,1.0,,100,1.75,16064,986,16064,8,18,0.4163081027638698,0.7475916401125018,hungarian,0.0,0.6987829614604463,0.9290060851926978,0.5508486222771937,0.8035800178657322,0.2527313955885385,0.821273964131107,0.9661238232666803,0.14484985913557336,0.8909090909090909,7,0.6688311688311689,0.6808218236789666,0.01199065484779771,0.6688311688311689,0.6810966810966811,0.012265512265512202,0.8895752895752895,0.8112815967402579,0.6644456289978679,0.96484375,0.625,8,0.6779279279279279,0.6737809641462136,0.013184584178498986,13,0.46153846153846156,2.3076923076923075,0.07692307692307693,0.38461538461538464,0.030303030303030304,0.00510204081632653,0.43979722999782284,0.9732256209555071,0.20385395537525355,0.0026362970002082875,0.4444444444444444,0.6060606060606061,0.6020408163265306,0.6565656565656566,0.7244897959183674,0.7373737373737373,0.8080808080808081,0.8877551020408163,0.7474747474747475,0.7755102040816326,0.6767676767676768,0.8686868686868687,0.9183673469387755,0.9696969696969697,0.9795918367346939,0.9797979797979798,1.0,0.9897959183673469,0.9595959595959596,0.9489795918367347,0.38461538461538464,0.07692307692307693,0.23076923076923078,0.15384615384615385,0.0,0.07692307692307693,0.0,0.0,0.0,0.07692307692307693,0.050505050505050504,0.010101010101010102,0.030612244897959183,0.020202020202020204,0.0,0.010101010101010102,0.0,0.0,0.0,0.01020408163265306,0.7373737373737373,0.6262626262626263,0.6428571428571429,0.696969696969697,0.7142857142857143,0.8383838383838383,0.6868686868686869,0.7653061224489796,0.8383838383838383,0.4387755102040816,0.7373737373737373,0.6262626262626263,0.6428571428571429,0.696969696969697,0.7448979591836735,0.7878787878787878,0.7070707070707071,0.7040816326530612,0.7575757575757576,0.5816326530612245
email-Eu-core,real,resmatch,lspar,0.2,1.0,,101,1.75,16064,986,16064,8,19,0.4163081027638698,0.7485013719396209,hungarian,0.0,0.6886409736308317,0.9350912778904665,0.5304404590118876,0.783377997663712,0.25293753865182433,0.8312719027004741,0.9796605510891224,0.1483886483886483,0.7454545454545454,6,0.6386312100597814,0.6841544698687555,0.04552325980897409,0.6385968528825672,0.6912320483749056,0.052635195492338416,0.8685328185328185,0.8052422638595882,0.6532515991471215,0.96484375,0.625,8,0.6711711711711712,0.6738861158817999,0.016227180527383367,16,0.375,1.875,0.3125,1.5625,0.030303030303030304,0.02535559678416821,0.43979722999782284,0.9732256209555071,0.20385395537525355,0.0029047670000181824,0.47474747474747475,0.5757575757575758,0.5408163265306123,0.6565656565656566,0.7040816326530612,0.797979797979798,0.7878787878787878,0.9183673469387755,0.6868686868686869,0.7448979591836735,0.7171717171717171,0.8888888888888888,0.8877551020408163,0.9797979797979798,0.9693877551020408,0.9797979797979798,0.98989898989899,1.0,0.9797979797979798,0.9591836734693877,0.25,0.125,0.1875,0.0625,0.0,0.0625,0.0,0.0,0.1875,0.125,0.04040404040404041,0.020202020202020204,0.030612244897959183,0.010101010101010102,0.0,0.010101010101010102,0.0,0.0,0.030303030303030304,0.02040816326530612,0.696969696969697,0.5454545454545454,0.673469387755102,0.6565656565656566,0.7653061224489796,0.8181818181818182,0.6767676767676768,0.7551020408163265,0.8585858585858586,0.4387755102040816,0.7070707070707071,0.5454545454545454,0.6632653061224489,0.6767676767676768,0.7448979591836735,0.7777777777777778,0.696969696969697,0.7142857142857143,0.7777777777777778,0.5816326530612245
email-Eu-core,real,resmatch,lspar,0.2,1.0,,102,1.75,16064,986,16064,8,19,0.4163081027638698,0.758351259846603,hungarian,0.0,0.7028397565922921,0.9442190669371197,0.5710849996564282,0.796811653954511,0.2257266542980828,0.8447742733457019,0.9898302755445613,0.1450560021988594,0.8753839828992931,7,0.6586958015529444,0.690957190957191,0.03226138940424661,0.6586958015529444,0.6912320483749056,0.03253624682196121,0.8895752895752895,0.8049516393841811,0.6443230277185501,0.96484375,0.625,8,0.6779279279279279,0.682097044201424,0.008113590263691683,8,0.5,2.5,0.0,0.0,0.020202020202020204,0.0,0.43979722999782284,0.9732256209555071,0.20385395537525355,0.0026225689998682356,0.47474747474747475,0.6262626262626263,0.6122448979591837,0.6666666666666666,0.7142857142857143,0.7373737373737373,0.8080808080808081,0.8877551020408163,0.7373737373737373,0.7653061224489796,0.7171717171717171,0.9191919191919192,0.8979591836734694,0.98989898989899,0.9693877551020408,0.98989898989899,0.98989898989899,1.0,0.98989898989899,0.9795918367346939,0.375,0.125,0.375,0.0,0.0,0.125,0.0,0.0,0.0,0.0,0.030303030303030304,0.010101010101010102,0.030612244897959183,0.0,0.0,0.010101010101010102,0.0,0.0,0.0,0.0,0.7373737373737373,0.6060606060606061,0.6326530612244898,0.6868686868686869,0.7653061224489796,0.8282828282828283,0.696969696969697,0.7653061224489796,0.8585858585858586,0.4489795918367347,0.7373737373737373,0.6060606060606061,0.6326530612244898,0.6868686868686869,0.7857142857142857,0.7878787878787878,0.7171717171717171,0.7142857142857143,0.7777777777777778,0.5816326530612245
email-Eu-core,real,perm,dspar,0.8,0.801295,200,300,1.0,12872,986,16064,8,8,0.4163081027638698,0.002339921443884824,hungarian,0.875,0.1724137931034483,0.23529411764705882,0.16886552600838314,0.16257816257816257,-0.006287363430220572,0.2534872534872535,0.2134267848553563,-0.04006046863189719,-0.006253053994807223,4,0.1826083968941112,0.1491101491101491,-0.0334982477839621,0.1792413935271078,0.1491101491101491,-0.03013124441695869,0.2216198979591837,0.2304465563081258,0.20781959766385463,0.2426097972972973,0.0,8,0.24513457556935817,0.2542732817349186,0.0,0,nan,nan,nan,nan,0.0,0.0,0.43979722999782284,0.9732256209555071,0.20385395537525355,0.002156905999981973,0.15151515151515152,0.20202020202020202,0.15306122448979592,0.20202020202020202,0.19387755102040816,0.13131313131313133,0.20202020202020202,0.11224489795918367,0.20202020202020202,0.17346938775510204,0.12121212121212122,0.35353535353535354,0.2857142857142857,0.2727272727272727,0.32653061224489793,0.21212121212121213,0.1414141414141414,0.14285714285714285,0.25252525252525254,0.24489795918367346,nan,nan,nan,nan,nan,nan,nan,nan,nan,nan,0.0,0.0,0.0,0.0,0.0,0.0,0.0,0.0,0.0,0.0,0.13131313131313133,0.18181818181818182,0.23469387755102042,0.1919191919191919,0.16326530612244897,0.16161616161616163,0.21212121212121213,0.14285714285714285,0.16161616161616163,0.14285714285714285,0.1414141414141414,0.16161616161616163,0.23469387755102042,0.1919191919191919,0.19387755102040816,0.1717171717171717,0.18181818181818182,0.14285714285714285,0.16161616161616163,0.14285714285714285
email-Eu-core,real,perm,dspar,0.5,0.499938,200,300,1.0,8031,986,16064,8,10,0.4163081027638698,-0.003859029532465004,hungarian,0.4,0.16024340770791076,0.23427991886409735,0.16903731189445473,0.12877070019927161,-0.04026661169518311,0.25685425685425683,0.20322270322270322,-0.05363155363155361,-0.5460533760344654,5,0.15553494124922695,0.1525115096543668,-0.0030234315948601542,0.15893630179344465,0.1662543805400948,0.007318078746650164,0.2734375,0.28177074879072944,0.23468070652173914,0.3198428019856591,0.0,8,0.2444944944944945,0.25252455982155475,0.0,0,nan,nan,nan,nan,0.0,0.0,0.43979722999782284,0.9732256209555071,0.20385395537525355,0.002041361000010511,0.1414141414141414,0.16161616161616163,0.20408163265306123,0.23232323232323232,0.16326530612244897,0.1717171717171717,0.1414141414141414,0.11224489795918367,0.1414141414141414,0.1326530612244898,0.13131313131313133,0.35353535353535354,0.2857142857142857,0.2727272727272727,0.3469387755102041,0.21212121212121213,0.13131313131313133,0.12244897959183673,0.25252525252525254,0.23469387755102042,nan,nan,nan,nan,nan,nan,nan,nan,nan,nan,0.0,0.0,0.0,0.0,0.0,0.0,0.0,0.0,0.0,0.0,0.13131313131313133,0.1414141414141414,0.19387755102040816,0.21212121212121213,0.14285714285714285,0.12121212121212122,0.20202020202020202,0.09183673469387756,0.16161616161616163,0.20408163265306123,0.12121212121212122,0.15151515151515152,0.20408163265306123,0.1717171717171717,0.1836734693877551,0.1414141414141414,0.13131313131313133,0.17346938775510204,0.12121212121212122,0.20408163265306123
email-Eu-core,real,perm,lspar,0.5,0.502054,,300,1.0,8065,986,16064,8,11,0.4163081027638698,0.0009135206331958273,hungarian,0.36363636363636365,0.15618661257606492,0.23529411764705882,0.16883116883116886,0.1422387136672851,-0.026592455163883755,0.2432144575001718,0.20318834604548894,-0.04002611145468285,-0.3138833019972984,5,0.16237201951487668,0.14234178519892807,-0.02003023431594861,0.1555692984264413,0.1524771524771525,-0.003092145949288805,0.20135135135135135,0.1943272081033029,0.18359375,0.20530003045994516,0.0,8,0.19385026737967914,0.20734777192577702,0.0,0,nan,nan,nan,nan,0.0,0.0,0.43979722999782284,0.9732256209555071,0.20385395537525355,0.0020901809998576937,0.15151515151515152,0.21212121212121213,0.14285714285714285,0.18181818181818182,0.14285714285714285,0.18181818181818182,0.12121212121212122,0.15306122448979592,0.18181818181818182,0.09183673469387756,0.1414141414141414,0.35353535353535354,0.23469387755102042,0.24242424242424243,0.3163265306122449,0.2727272727272727,0.18181818181818182,0.1326530612244898,0.26262626262626265,0.21428571428571427,nan,nan,nan,nan,nan,nan,nan,nan,nan,nan,0.0,0.0,0.0,0.0,0.0,0.0,0.0,0.0,0.0,0.0,0.15151515151515152,0.1111111111111111,0.22448979591836735,0.1919191919191919,0.1836734693877551,0.08080808080808081,0.1919191919191919,0.1326530612244898,0.15151515151515152,0.14285714285714285,0.15151515151515152,0.1111111111111111,0.20408163265306123,0.21212121212121213,0.16326530612244897,0.15151515151515152,0.1111111111111111,0.1326530612244898,0.1717171717171717,0.15306122448979592
email-Eu-core,real,perm,lspar,0.2,0.201444,,300,1.0,3236,986,16064,8,17,0.4163081027638698,-0.003203813127632428,hungarian,0.29411764705882354,0.1257606490872211,0.24036511156186613,0.10825946540232255,0.13220641792070364,0.023946952518381096,0.2569229712086855,0.21002542431113858,-0.04689754689754694,0.21276694028802262,5,0.10805332233903663,0.12540369683226826,0.017350374493231638,0.1080189651618223,0.12210540781969353,0.014086442657871234,0.17165178571428572,0.16933145532052202,0.154704737183647,0.17984693877551022,0.0,8,0.16044616044616045,0.16757427256947718,0.0,0,nan,nan,nan,nan,0.0,0.0,0.43979722999782284,0.9732256209555071,0.20385395537525355,0.002159656999992876,0.06060606060606061,0.1111111111111111,0.15306122448979592,0.16161616161616163,0.11224489795918367,0.16161616161616163,0.10101010101010101,0.14285714285714285,0.13131313131313133,0.12244897959183673,0.12121212121212122,0.3434343434343434,0.30612244897959184,0.2727272727272727,0.336734693877551,0.2222222222222222,0.1717171717171717,0.1326530612244898,0.25252525252525254,0.24489795918367346,nan,nan,nan,nan,nan,nan,nan,nan,nan,nan,0.0,0.0,0.0,0.0,0.0,0.0,0.0,0.0,0.0,0.0,0.13131313131313133,0.10101010101010101,0.09183673469387756,0.13131313131313133,0.14285714285714285,0.20202020202020202,0.08080808080808081,0.15306122448979592,0.13131313131313133,0.09183673469387756,0.13131313131313133,0.1111111111111111,0.08163265306122448,0.12121212121212122,0.1836734693877551,0.12121212121212122,0.1414141414141414,0.17346938775510204,0.10101010101010101,0.09183673469387756
email-Eu-core,null,jitter,,1.0,1.0,,101,1.0,16064,986,16064,11,9,0.12441220008536573,0.04480562576350363,hungarian,0.2222222222222222,0.19066937119675456,0.2099391480730223,0.15897065897065898,0.19339655053940766,0.03442589156874867,0.12536933965505395,0.237442451728166,0.11207311207311205,0.41818181818181815,4,0.189136260564832,0.1696557410843125,-0.019480519480519487,0.1857349000206143,0.20006184291898577,0.01432694289837147,0.22401433691756273,0.23900949409013922,0.2091346153846154,0.2792207792207792,0.0,10,0.2494824016563147,0.2646605697089873,0.002028397565922921,2,0.0,0.0,1.0,5.0,0.0,0.01020408163265306,0.18789728917864315,0.6602162795459102,0.10649087221095335,0.002697264999824256,0.1111111111111111,0.15151515151515152,0.21428571428571427,0.18181818181818182,0.23469387755102042,0.2222222222222222,0.21212121212121213,0.19387755102040816,0.1414141414141414,0.24489795918367346,0.010101010101010102,0.13131313131313133,0.23469387755102042,0.1717171717171717,0.30612244897959184,0.2828282828282828,0.25252525252525254,0.23469387755102042,0.1919191919191919,0.2857142857142857,0.0,0.0,0.0,0.0,0.0,0.0,0.0,0.0,0.0,1.0,0.0,0.0,0.0,0.0,0.0,0.0,0.0,0.0,0.0,0.02040816326530612,0.24242424242424243,0.15151515151515152,0.17346938775510204,0.1919191919191919,0.14285714285714285,0.2222222222222222,0.2727272727272727,0.19387755102040816,0.12121212121212122,0.19387755102040816,0.23232323232323232,0.16161616161616163,0.16326530612244897,0.1919191919191919,0.17346938775510204,0.20202020202020202,0.18181818181818182,0.2857142857142857,0.18181818181818182,0.1326530612244898
email-Eu-core,null,jitter,,1.0,1.0,,102,1.0,16064,986,16064,11,9,0.12441220008536573,0.04870849269347023,hungarian,0.2222222222222222,0.1947261663286004,0.2079107505070994,0.16567030852745138,0.2272727272727273,0.061602418745275916,0.14873222016079157,0.2477152477152477,0.09898302755445612,0.3353720883255073,6,0.19257197828626396,0.19659176802033942,0.004019789734075463,0.18917061774204633,0.20342884628598915,0.01425822854394282,0.22983870967741937,0.25015522112296307,0.19818722943722944,0.29513888888888884,0.0,10,0.22911899313501144,0.24224759405571183,0.002028397565922921,2,0.0,0.0,1.0,5.0,0.0,0.01020408163265306,0.18789728917864315,0.6602162795459102,0.10649087221095335,0.0026748740001494298,0.09090909090909091,0.20202020202020202,0.20408163265306123,0.1919191919191919,0.19387755102040816,0.20202020202020202,0.18181818181818182,0.24489795918367346,0.18181818181818182,0.25510204081632654,0.0707070707070707,0.20202020202020202,0.17346938775510204,0.2222222222222222,0.24489795918367346,0.23232323232323232,0.1919191919191919,0.2755102040816326,0.1717171717171717,0.29591836734693877,0.0,0.0,0.0,0.0,0.0,0.0,0.0,0.0,0.0,1.0,0.0,0.0,0.0,0.0,0.0,0.0,0.0,0.0,0.0,0.02040816326530612,0.2727272727272727,0.1111111111111111,0.19387755102040816,0.2222222222222222,0.20408163265306123,0.1717171717171717,0.18181818181818182,0.20408163265306123,0.20202020202020202,0.1836734693877551,0.2727272727272727,0.1111111111111111,0.1836734693877551,0.2222222222222222,0.20408163265306123,0.15151515151515152,0.1919191919191919,0.20408163265306123,0.1919191919191919,0.21428571428571427
email-Eu-core,null,dspar,dspar,0.8,0.797249,200,300,1.0,12807,986,16064,11,13,0.12441220008536573,0.04599835325388647,hungarian,0.5384615384615384,0.17545638945233266,0.21602434077079108,0.1857349000206143,0.17621796193224762,-0.009516938088366678,0.12849584278155707,0.2611145468288325,0.13261870404727544,-0.054879068998719374,4,0.16206280491994776,0.18295196866625438,0.020889163746306616,0.16206280491994776,0.18628461485604342,0.024221809936095656,0.20806277056277056,0.21384452465097628,0.17307692307692307,0.23055555555555557,0.0,10,0.22765732416710735,0.22969544631280173,0.002028397565922921,2,0.0,0.0,1.0,5.0,0.0,0.01020408163265306,0.18789728917864315,0.6602162795459102,0.10649087221095335,0.002793619999920338,0.21212121212121213,0.18181818181818182,0.16326530612244897,0.1919191919191919,0.17346938775510204,0.12121212121212122,0.18181818181818182,0.14285714285714285,0.1919191919191919,0.19387755102040816,0.06060606060606061,0.16161616161616163,0.16326530612244897,0.1919191919191919,0.2755102040816326,0.2828282828282828,0.24242424242424243,0.2755102040816326,0.23232323232323232,0.2755102040816326,0.0,0.0,0.0,0.0,0.0,0.0,0.0,0.0,0.0,1.0,0.0,0.0,0.0,0.0,0.0,0.0,0.0,0.0,0.0,0.02040816326530612,0.1919191919191919,0.16161616161616163,0.1326530612244898,0.16161616161616163,0.19387755102040816,0.18181818181818182,0.18181818181818182,0.12244897959183673,0.21212121212121213,0.21428571428571427,0.20202020202020202,0.15151515151515152,0.1326530612244898,0.1717171717171717,0.1836734693877551,0.2222222222222222,0.13131313131313133,0.14285714285714285,0.23232323232323232,0.1836734693877551
email-Eu-core,null,dspar,dspar,0.8,0.797249,200,301,1.0,12807,986,16064,11,10,0.12441220008536573,0.07237766464887346,hungarian,0.3,0.22008113590263692,0.25050709939148075,0.1792413935271078,0.24431388717103006,0.06507249364392226,0.13220641792070364,0.30203394489108776,0.1698275269703841,0.480245379507251,5,0.22290936576650863,0.20672713529856387,-0.016182230467944758,0.22290936576650863,0.22036693465264898,-0.0025424311138596556,0.26726190476190476,0.26998096885193656,0.23476523476523478,0.29910714285714285,0.0,10,0.2552845528455284,0.2725412566900237,0.002028397565922921,2,0.0,0.0,1.0,5.0,0.0,0.01020408163265306,0.18789728917864315,0.6602162795459102,0.10649087221095335,0.0028120769998167816,0.1717171717171717,0.13131313131313133,0.23469387755102042,0.26262626262626265,0.16326530612244897,0.29292929292929293,0.21212121212121213,0.25510204081632654,0.1717171717171717,0.30612244897959184,0.010101010101010102,0.12121212121212122,0.2653061224489796,0.25252525252525254,0.2755102040816326,0.40404040404040403,0.2727272727272727,0.35714285714285715,0.20202020202020202,0.3469387755102041,0.0,0.0,0.0,0.0,0.0,0.0,0.0,0.0,0.0,1.0,0.0,0.0,0.0,0.0,0.0,0.0,0.0,0.0,0.0,0.02040816326530612,0.2828282828282828,0.18181818181818182,0.20408163265306123,0.2222222222222222,0.17346938775510204,0.26262626262626265,0.25252525252525254,0.1326530612244898,0.2222222222222222,0.2653061224489796,0.2828282828282828,0.18181818181818182,0.20408163265306123,0.21212121212121213,0.17346938775510204,0.23232323232323232,0.25252525252525254,0.1836734693877551,0.21212121212121213,0.2653061224489796
email-Eu-core,null,dspar,dspar,0.8,0.797249,200,302,1.0,12807,986,16064,11,12,0.12441220008536573,0.06600694102246021,hungarian,0.4166666666666667,0.19574036511156187,0.2434077079107505,0.19583591012162438,0.1764241049955336,-0.01941180512609078,0.15897065897065896,0.2849240706383564,0.12595341166769744,-0.19999999999999998,4,0.1926063354634783,0.20360063217206073,0.01099429670858243,0.196007696007696,0.2035319178176321,0.007524221809936116,0.19230769230769232,0.20851984037467908,0.17857142857142855,0.23588709677419356,0.0,10,0.23484848484848486,0.23281012421415243,0.002028397565922921,2,0.0,0.0,1.0,5.0,0.0,0.01020408163265306,0.18789728917864315,0.6602162795459102,0.10649087221095335,0.002793884999846341,0.23232323232323232,0.1919191919191919,0.16326530612244897,0.20202020202020202,0.25510204081632654,0.16161616161616163,0.2222222222222222,0.15306122448979592,0.13131313131313133,0.24489795918367346,0.0707070707070707,0.1919191919191919,0.21428571428571427,0.25252525252525254,0.30612244897959184,0.2828282828282828,0.26262626262626265,0.2653061224489796,0.23232323232323232,0.35714285714285715,0.0,0.0,0.0,0.0,0.0,0.0,0.0,0.0,0.0,1.0,0.0,0.0,0.0,0.0,0.0,0.0,0.0,0.0,0.0,0.02040816326530612,0.24242424242424243,0.13131313131313133,0.20408163265306123,0.12121212121212122,0.15306122448979592,0.26262626262626265,0.23232323232323232,0.2653061224489796,0.1414141414141414,0.20408163265306123,0.24242424242424243,0.13131313131313133,0.21428571428571427,0.1111111111111111,0.19387755102040816,0.23232323232323232,0.2222222222222222,0.24489795918367346,0.16161616161616163,0.20408163265306123
email-Eu-core,null,dspar,dspar,0.8,0.798992,201,300,1.0,12835,986,16064,11,11,0.12441220008536573,0.038093031436928756,hungarian,0.6363636363636364,0.17545638945233266,0.20081135902636918,0.17553081838796125,0.18635332921047207,0.010822510822510817,0.09468838040266613,0.2610114752971896,0.16632309489452346,0.22492505116162387,5,0.16542980828695117,0.1763210334638906,0.01089122517693944,0.16542980828695117,0.18322682608396892,0.017797017797017756,0.24404761904761904,0.2501833829253184,0.1976911976911977,0.2685897435897436,0.0,10,0.21778656126482213,0.2246450051093861,0.002028397565922921,2,0.0,0.0,1.0,5.0,0.0,0.01020408163265306,0.18789728917864315,0.6602162795459102,0.10649087221095335,0.002884848000121565,0.1717171717171717,0.2222222222222222,0.1326530612244898,0.15151515151515152,0.15306122448979592,0.1919191919191919,0.1717171717171717,0.16326530612244897,0.21212121212121213,0.1836734693877551,0.030303030303030304,0.13131313131313133,0.12244897959183673,0.1919191919191919,0.23469387755102042,0.29292929292929293,0.2222222222222222,0.3163265306122449,0.26262626262626265,0.20408163265306123,0.0,0.0,0.0,0.0,0.0,0.0,0.0,0.0,0.0,1.0,0.0,0.0,0.0,0.0,0.0,0.0,0.0,0.0,0.0,0.02040816326530612,0.1717171717171717,0.1919191919191919,0.1326530612244898,0.1717171717171717,0.23469387755102042,0.16161616161616163,0.16161616161616163,0.17346938775510204,0.16161616161616163,0.19387755102040816,0.1717171717171717,0.1919191919191919,0.1326530612244898,0.16161616161616163,0.22448979591836735,0.18181818181818182,0.1414141414141414,0.21428571428571427,0.13131313131313133,0.20408163265306123
email-Eu-core,null,dspar,dspar,0.8,0.798992,201,301,1.0,12835,986,16064,11,12,0.12441220008536573,0.06287209386047196,hungarian,0.16666666666666666,0.22210953346855983,0.24949290060851928,0.2026386312100598,0.22373393801965233,0.02109530680959254,0.17913832199546487,0.2712155569298426,0.09207723493437775,0.4634232493225192,5,0.21627843056414486,0.21377035662749946,-0.0025080739366453997,0.21627843056414486,0.21370164227307084,-0.0025767882910740225,0.26794871794871794,0.2588309181857569,0.18475073313782991,0.29017857142857145,0.0,10,0.24342105263157893,0.25674873883340066,0.002028397565922921,2,0.0,0.0,1.0,5.0,0.0,0.01020408163265306,0.18789728917864315,0.6602162795459102,0.10649087221095335,0.002746022999872366,0.21212121212121213,0.21212121212121213,0.1836734693877551,0.25252525252525254,0.17346938775510204,0.25252525252525254,0.26262626262626265,0.21428571428571427,0.2222222222222222,0.23469387755102042,0.13131313131313133,0.20202020202020202,0.20408163265306123,0.26262626262626265,0.25510204081632654,0.32323232323232326,0.30303030303030304,0.2653061224489796,0.26262626262626265,0.2857142857142857,0.0,0.0,0.0,0.0,0.0,0.0,0.0,0.0,0.0,1.0,0.0,0.0,0.0,0.0,0.0,0.0,0.0,0.0,0.0,0.02040816326530612,0.24242424242424243,0.1717171717171717,0.23469387755102042,0.21212121212121213,0.19387755102040816,0.26262626262626265,0.26262626262626265,0.20408163265306123,0.15151515151515152,0.2857142857142857,0.24242424242424243,0.1717171717171717,0.23469387755102042,0.21212121212121213,0.23469387755102042,0.23232323232323232,0.25252525252525254,0.19387755102040816,0.1717171717171717,0.2755102040816326
email-Eu-core,null,dspar,dspar,0.8,0.798992,201,302,1.0,12835,986,16064,11,13,0.12441220008536573,0.05252624228936223,hungarian,0.38461538461538464,0.17038539553752535,0.2281947261663286,0.18243661100803957,0.15258022400879542,-0.029856386999244144,0.14897272040129184,0.22744451315879888,0.07847179275750704,-0.18463723646899907,4,0.13175977461691749,0.19655741084312514,0.06479763622620766,0.13175977461691749,0.19315605029890745,0.061396275681989965,0.18692396313364057,0.19183506457700006,0.1746031746031746,0.20625000000000002,0.0,10,0.1952798663324979,0.21367945004937905,0.002028397565922921,2,0.0,0.0,1.0,5.0,0.0,0.01020408163265306,0.18789728917864315,0.6602162795459102,0.10649087221095335,0.0026907930000561464,0.1414141414141414,0.2222222222222222,0.1836734693877551,0.1414141414141414,0.23469387755102042,0.16161616161616163,0.16161616161616163,0.17346938775510204,0.1414141414141414,0.14285714285714285,0.050505050505050504,0.15151515151515152,0.24489795918367346,0.18181818181818182,0.3469387755102041,0.35353535353535354,0.2727272727272727,0.32653061224489793,0.13131313131313133,0.22448979591836735,0.0,0.0,0.0,0.0,0.0,0.0,0.0,0.0,0.0,1.0,0.0,0.0,0.0,0.0,0.0,0.0,0.0,0.0,0.0,0.02040816326530612,0.15151515151515152,0.1111111111111111,0.1326530612244898,0.18181818181818182,0.15306122448979592,0.21212121212121213,0.1717171717171717,0.17346938775510204,0.21212121212121213,0.20408163265306123,0.16161616161616163,0.10101010101010101,0.1326530612244898,0.1919191919191919,0.16326530612244897,0.15151515151515152,0.2222222222222222,0.14285714285714285,0.21212121212121213,0.22448979591836735
email-Eu-core,null,dspar,dspar,0.5,0.501805,200,300,1.0,8061,986,16064,11,11,0.12441220008536573,0.03302322809694877,hungarian,0.45454545454545453,0.18052738336713997,0.19371196754563894,0.18570054284339998,0.19322476465333607,0.007524221809936088,0.15890194461623033,0.2067614924757782,0.04785954785954788,0.18463723646899907,5,0.18923933209647495,0.17951625094482238,-0.009723081151652574,0.19264069264069264,0.1900295471724043,-0.002611145468288334,0.23876728110599077,0.25374329971104165,0.2067099567099567,0.3028846153846154,0.0,10,0.19574780058651026,0.20076467204047382,0.002028397565922921,2,0.0,0.0,1.0,5.0,0.0,0.01020408163265306,0.18789728917864315,0.6602162795459102,0.10649087221095335,0.0027121399998577544,0.20202020202020202,0.20202020202020202,0.15306122448979592,0.13131313131313133,0.14285714285714285,0.1919191919191919,0.20202020202020202,0.17346938775510204,0.1919191919191919,0.21428571428571427,0.10101010101010101,0.18181818181818182,0.19387755102040816,0.1717171717171717,0.20408163265306123,0.20202020202020202,0.26262626262626265,0.21428571428571427,0.21212121212121213,0.19387755102040816,0.0,0.0,0.0,0.0,0.0,0.0,0.0,0.0,0.0,1.0,0.0,0.0,0.0,0.0,0.0,0.0,0.0,0.0,0.0,0.02040816326530612,0.18181818181818182,0.18181818181818182,0.20408163265306123,0.1717171717171717,0.1836734693877551,0.1717171717171717,0.1717171717171717,0.19387755102040816,0.2222222222222222,0.12244897959183673,0.18181818181818182,0.18181818181818182,0.21428571428571427,0.1414141414141414,0.16326530612244897,0.21212121212121213,0.1414141414141414,0.24489795918367346,0.13131313131313133,0.19387755102040816
email-Eu-core,null,dspar,dspar,0.5,0.501805,200,301,1.0,8061,986,16064,11,13,0.12441220008536573,0.04263567487165915,hungarian,0.38461538461538464,0.17342799188640973,0.22616632860040567,0.1755995327423899,0.17288531574245858,-0.0027142169999313237,0.13203463203463203,0.2644815501958359,0.13244691816120388,0.04878139466552833,3,0.16903731189445473,0.16611695183123756,-0.0029203600632171645,0.17243867243867242,0.1626125197553769,-0.009826152683295508,0.2032967032967033,0.20858483810096712,0.17424242424242425,0.24305555555555555,0.0,10,0.18695652173913044,0.20323275731909604,0.002028397565922921,2,0.0,0.0,1.0,5.0,0.0,0.01020408163265306,0.18789728917864315,0.6602162795459102,0.10649087221095335,0.0025392859997737105,0.16161616161616163,0.21212121212121213,0.15306122448979592,0.15151515151515152,0.14285714285714285,0.21212121212121213,0.18181818181818182,0.19387755102040816,0.1717171717171717,0.15306122448979592,0.050505050505050504,0.13131313131313133,0.21428571428571427,0.2222222222222222,0.2653061224489796,0.31313131313131315,0.2727272727272727,0.29591836734693877,0.24242424242424243,0.25510204081632654,0.0,0.0,0.0,0.0,0.0,0.0,0.0,0.0,0.0,1.0,0.0,0.0,0.0,0.0,0.0,0.0,0.0,0.0,0.0,0.02040816326530612,0.18181818181818182,0.12121212121212122,0.20408163265306123,0.18181818181818182,0.1326530612244898,0.24242424242424243,0.1717171717171717,0.19387755102040816,0.16161616161616163,0.14285714285714285,0.1717171717171717,0.13131313131313133,0.21428571428571427,0.16161616161616163,0.15306122448979592,0.21212121212121213,0.20202020202020202,0.17346938775510204,0.1919191919191919,0.12244897959183673
email-Eu-core,null,dspar,dspar,0.5,0.501805,200,302,1.0,8061,986,16064,11,13,0.12441220008536573,0.06314963280525618,hungarian,0.46153846153846156,0.20385395537525355,0.24239350912778904,0.19257197828626402,0.25767882910740053,0.06510685082113651,0.16910602624888338,0.3188346045488903,0.1497285783000069,0.5714312110592608,4,0.20926956641242356,0.2338349481206624,0.024565381708238854,0.21607228750085894,0.24750910465196183,0.031436817151102886,0.23635235732009927,0.24034045703400544,0.20995670995670995,0.25,0.0,10,0.1986842105263158,0.20626452267594084,0.002028397565922921,2,0.0,0.0,1.0,5.0,0.0,0.01020408163265306,0.18789728917864315,0.6602162795459102,0.10649087221095335,0.0027065889998993953,0.18181818181818182,0.20202020202020202,0.19387755102040816,0.16161616161616163,0.14285714285714285,0.2222222222222222,0.16161616161616163,0.25510204081632654,0.24242424242424243,0.2755102040816326,0.09090909090909091,0.1919191919191919,0.22448979591836735,0.1919191919191919,0.2653061224489796,0.2222222222222222,0.2828282828282828,0.42857142857142855,0.26262626262626265,0.2653061224489796,0.0,0.0,0.0,0.0,0.0,0.0,0.0,0.0,0.0,1.0,0.0,0.0,0.0,0.0,0.0,0.0,0.0,0.0,0.0,0.02040816326530612,0.25252525252525254,0.2222222222222222,0.15306122448979592,0.2222222222222222,0.15306122448979592,0.1414141414141414,0.1919191919191919,0.19387755102040816,0.25252525252525254,0.25510204081632654,0.26262626262626265,0.21212121212121213,0.17346938775510204,0.1919191919191919,0.16326530612244897,0.12121212121212122,0.1717171717171717,0.25510204081632654,0.23232323232323232,0.25510204081632654
email-Eu-core,null,dspar,dspar,0.5,0.503299,201,300,1.0,8085,986,16064,11,12,0.12441220008536573,0.050609426125516804,hungarian,0.3333333333333333,0.1926977687626775,0.2302231237322515,0.20274170274170275,0.21012849584278157,0.007386793101078815,0.12519755376898234,0.30863052291623716,0.18343296914725482,0.41945482513924454,7,0.18226482512196798,0.20325706039991753,0.02099223527794955,0.18226482512196798,0.19995877138734283,0.01769394626537485,0.2119815668202765,0.23381988978763174,0.18444055944055945,0.2488095238095238,0.0,10,0.21525302922309336,0.2237462963398868,0.002028397565922921,2,0.0,0.0,1.0,5.0,0.0,0.01020408163265306,0.18789728917864315,0.6602162795459102,0.10649087221095335,0.002720828999827063,0.18181818181818182,0.21212121212121213,0.21428571428571427,0.13131313131313133,0.17346938775510204,0.20202020202020202,0.18181818181818182,0.1836734693877551,0.2222222222222222,0.22448979591836735,0.050505050505050504,0.1414141414141414,0.1836734693877551,0.16161616161616163,0.2857142857142857,0.30303030303030304,0.25252525252525254,0.336734693877551,0.26262626262626265,0.32653061224489793,0.0,0.0,0.0,0.0,0.0,0.0,0.0,0.0,0.0,1.0,0.0,0.0,0.0,0.0,0.0,0.0,0.0,0.0,0.0,0.02040816326530612,0.21212121212121213,0.20202020202020202,0.1326530612244898,0.2222222222222222,0.23469387755102042,0.16161616161616163,0.15151515151515152,0.15306122448979592,0.24242424242424243,0.21428571428571427,0.20202020202020202,0.21212121212121213,0.1326530612244898,0.21212121212121213,0.22448979591836735,0.20202020202020202,0.1414141414141414,0.14285714285714285,0.21212121212121213,0.24489795918367346
email-Eu-core,null,dspar,dspar,0.5,0.503299,201,301,1.0,8085,986,16064,11,13,0.12441220008536573,0.03740923409237486,hungarian,0.5384615384615384,0.16328600405679514,0.21095334685598377,0.1654985226413798,0.1730227444513159,0.007524221809936116,0.16250944822373395,0.23404109118394834,0.07153164296021439,-0.06707441766510146,4,0.15189308046450903,0.1627843056414485,0.010891225176939467,0.15529444100872672,0.16597952312238026,0.010685082113653543,0.18706293706293708,0.20025220299413848,0.17530721966205837,0.22857142857142856,0.0,10,0.21392961876832844,0.21059858996582337,0.002028397565922921,2,0.0,0.0,1.0,5.0,0.0,0.01020408163265306,0.18789728917864315,0.6602162795459102,0.10649087221095335,0.0023714339999969525,0.20202020202020202,0.1414141414141414,0.15306122448979592,0.15151515151515152,0.21428571428571427,0.13131313131313133,0.12121212121212122,0.17346938775510204,0.13131313131313133,0.21428571428571427,0.09090909090909091,0.13131313131313133,0.2653061224489796,0.20202020202020202,0.3163265306122449,0.23232323232323232,0.1717171717171717,0.2755102040816326,0.1919191919191919,0.23469387755102042,0.0,0.0,0.0,0.0,0.0,0.0,0.0,0.0,0.0,1.0,0.0,0.0,0.0,0.0,0.0,0.0,0.0,0.0,0.0,0.02040816326530612,0.20202020202020202,0.1414141414141414,0.11224489795918367,0.12121212121212122,0.16326530612244897,0.20202020202020202,0.20202020202020202,0.14285714285714285,0.1414141414141414,0.20408163265306123,0.20202020202020202,0.1414141414141414,0.12244897959183673,0.10101010101010101,0.16326530612244897,0.20202020202020202,0.20202020202020202,0.14285714285714285,0.20202020202020202,0.15306122448979592
email-Eu-core,null,dspar,dspar,0.5,0.503299,201,302,1.0,8085,986,16064,11,12,0.12441220008536573,0.02796947611028602,hungarian,0.3333333333333333,0.15821501014198783,0.20486815415821502,0.16570466570466572,0.1593829450972308,-0.006321720607434911,0.12200233628805057,0.24757781900639042,0.12557548271833985,0.15197638592001614,6,0.1622345908060194,0.15927987356558784,-0.002954717240431559,0.16223459080601935,0.15927987356558784,-0.0029547172404315036,0.17424242424242425,0.1882229777391068,0.15705128205128205,0.20386904761904762,0.0,10,0.19359875097580015,0.19379643214215977,0.002028397565922921,2,0.0,0.0,1.0,5.0,0.0,0.01020408163265306,0.18789728917864315,0.6602162795459102,0.10649087221095335,0.002299410999967222,0.13131313131313133,0.15151515151515152,0.21428571428571427,0.12121212121212122,0.1836734693877551,0.1717171717171717,0.13131313131313133,0.1326530612244898,0.1414141414141414,0.20408163265306123,0.020202020202020204,0.1111111111111111,0.23469387755102042,0.15151515151515152,0.2857142857142857,0.2828282828282828,0.2222222222222222,0.22448979591836735,0.21212121212121213,0.30612244897959184,0.0,0.0,0.0,0.0,0.0,0.0,0.0,0.0,0.0,1.0,0.0,0.0,0.0,0.0,0.0,0.0,0.0,0.0,0.0,0.02040816326530612,0.1717171717171717,0.13131313131313133,0.1836734693877551,0.06060606060606061,0.17346938775510204,0.20202020202020202,0.18181818181818182,0.16326530612244897,0.1717171717171717,0.14285714285714285,0.1919191919191919,0.1111111111111111,0.1836734693877551,0.06060606060606061,0.17346938775510204,0.21212121212121213,0.1717171717171717,0.14285714285714285,0.1717171717171717,0.16326530612244897
email-Eu-core,null,lspar,lspar,0.5,0.49944,,300,1.0,8023,986,16064,11,10,0.12441220008536573,0.04990215062746484,hungarian,0.2,0.20689655172413793,0.2363083164300203,0.15567236995808423,0.24414210128495842,0.08846973132687419,0.1150278293135436,0.28835978835978837,0.17333195904624477,0.5757575757575757,5,0.20590256304542018,0.22380265237408095,0.017900089328660773,0.20250120250120252,0.23410980553837693,0.031608603037174415,0.26047339757017174,0.2743016392209941,0.2326007326007326,0.3134920634920635,0.0,10,0.2563049853372434,0.2393038999555805,0.002028397565922921,2,0.0,0.0,1.0,5.0,0.0,0.01020408163265306,0.18789728917864315,0.6602162795459102,0.10649087221095335,0.0027377520000300137,0.0707070707070707,0.16161616161616163,0.23469387755102042,0.15151515151515152,0.2755102040816326,0.21212121212121213,0.23232323232323232,0.22448979591836735,0.2222222222222222,0.2857142857142857,0.010101010101010102,0.1717171717171717,0.16326530612244897,0.21212121212121213,0.3163265306122449,0.32323232323232326,0.30303030303030304,0.32653061224489793,0.2222222222222222,0.3163265306122449,0.0,0.0,0.0,0.0,0.0,0.0,0.0,0.0,0.0,1.0,0.0,0.0,0.0,0.0,0.0,0.0,0.0,0.0,0.0,0.02040816326530612,0.29292929292929293,0.1717171717171717,0.15306122448979592,0.21212121212121213,0.1836734693877551,0.18181818181818182,0.20202020202020202,0.22448979591836735,0.20202020202020202,0.24489795918367346,0.30303030303030304,0.16161616161616163,0.14285714285714285,0.20202020202020202,0.21428571428571427,0.18181818181818182,0.16161616161616163,0.2755102040816326,0.1717171717171717,0.25510204081632654
email-Eu-core,null,lspar,lspar,0.5,0.49944,,301,1.0,8023,986,16064,11,12,0.12441220008536573,0.04592017337228226,hungarian,0.5833333333333334,0.18864097363083165,0.21095334685598377,0.19583591012162438,0.19655741084312514,0.0007215007215007618,0.17590874733731876,0.21339242767814195,0.037483680340823194,-0.06707441766510146,6,0.19934034219748506,0.19339655053940766,-0.005943791658077402,0.19593898165326737,0.19315605029890745,-0.002782931354359919,0.2119815668202765,0.22408240505014695,0.19444444444444442,0.24583333333333335,0.0,10,0.21422764227642277,0.22779707644550057,0.002028397565922921,2,0.0,0.0,1.0,5.0,0.0,0.01020408163265306,0.18789728917864315,0.6602162795459102,0.10649087221095335,0.002379006999944977,0.20202020202020202,0.2222222222222222,0.16326530612244897,0.1919191919191919,0.19387755102040816,0.16161616161616163,0.16161616161616163,0.16326530612244897,0.21212121212121213,0.21428571428571427,0.1111111111111111,0.1717171717171717,0.24489795918367346,0.2222222222222222,0.2653061224489796,0.23232323232323232,0.2222222222222222,0.15306122448979592,0.26262626262626265,0.22448979591836735,0.0,0.0,0.0,0.0,0.0,0.0,0.0,0.0,0.0,1.0,0.0,0.0,0.0,0.0,0.0,0.0,0.0,0.0,0.0,0.02040816326530612,0.2222222222222222,0.1717171717171717,0.20408163265306123,0.1717171717171717,0.16326530612244897,0.16161616161616163,0.21212121212121213,0.22448979591836735,0.1414141414141414,0.21428571428571427,0.2222222222222222,0.1717171717171717,0.19387755102040816,0.18181818181818182,0.16326530612244897,0.16161616161616163,0.21212121212121213,0.19387755102040816,0.21212121212121213,0.17346938775510204
email-Eu-core,null,lspar,lspar,0.5,0.49944,,302,1.0,8023,986,16064,11,12,0.12441220008536573,0.05977489684919132,hungarian,0.3333333333333333,0.18255578093306288,0.23935091277890466,0.15879887308458737,0.21026592455163884,0.05146705146705147,0.1151652580224009,0.2647220504363361,0.1495567924139352,0.2606060606060606,6,0.20243248814677386,0.18295196866625438,-0.019480519480519487,0.19903112760255617,0.18645640074211503,-0.012574726860441143,0.22004608294930875,0.2139800790607242,0.19285714285714284,0.23626373626373626,0.0,10,0.2144648829431438,0.2192917484766413,0.002028397565922921,2,0.0,0.0,1.0,5.0,0.0,0.01020408163265306,0.18789728917864315,0.6602162795459102,0.10649087221095335,0.0023219820000122127,0.10101010101010101,0.21212121212121213,0.16326530612244897,0.1919191919191919,0.21428571428571427,0.1717171717171717,0.1414141414141414,0.15306122448979592,0.18181818181818182,0.29591836734693877,0.020202020202020204,0.12121212121212122,0.20408163265306123,0.29292929292929293,0.37755102040816324,0.3333333333333333,0.25252525252525254,0.29591836734693877,0.1717171717171717,0.32653061224489793,0.0,0.0,0.0,0.0,0.0,0.0,0.0,0.0,0.0,1.0,0.0,0.0,0.0,0.0,0.0,0.0,0.0,0.0,0.0,0.02040816326530612,0.2727272727272727,0.21212121212121213,0.12244897959183673,0.1717171717171717,0.19387755102040816,0.1717171717171717,0.13131313131313133,0.16326530612244897,0.21212121212121213,0.17346938775510204,0.2727272727272727,0.21212121212121213,0.11224489795918367,0.1717171717171717,0.1836734693877551,0.1919191919191919,0.12121212121212122,0.15306122448979592,0.18181818181818182,0.22448979591836735
email-Eu-core,null,lspar,lspar,0.2,0.203685,,300,1.0,3272,986,16064,11,15,0.12441220008536573,0.04872592113260096,hungarian,0.0,0.1663286004056795,0.22515212981744423,0.17553081838796125,0.17267917267917268,-0.0028516457087885694,0.16567030852745138,0.25757575757575757,0.09190544904830619,-0.22701095408174404,5,0.15175565175565175,0.22033257747543464,0.06857692571978288,0.15175565175565175,0.22345908060193775,0.071703428846286,0.19139194139194138,0.18415101028004252,0.14746543778801843,0.21279761904761904,0.0,10,0.21525302922309336,0.2029557653990391,0.002028397565922921,2,0.0,0.0,1.0,5.0,0.0,0.01020408163265306,0.18789728917864315,0.6602162795459102,0.10649087221095335,0.002432238999972469,0.16161616161616163,0.23232323232323232,0.1326530612244898,0.18181818181818182,0.15306122448979592,0.16161616161616163,0.12121212121212122,0.1326530612244898,0.23232323232323232,0.15306122448979592,0.0707070707070707,0.2222222222222222,0.20408163265306123,0.24242424242424243,0.25510204081632654,0.23232323232323232,0.25252525252525254,0.25510204081632654,0.2727272727272727,0.24489795918367346,0.0,0.0,0.0,0.0,0.0,0.0,0.0,0.0,0.0,1.0,0.0,0.0,0.0,0.0,0.0,0.0,0.0,0.0,0.0,0.02040816326530612,0.18181818181818182,0.20202020202020202,0.07142857142857142,0.1414141414141414,0.1326530612244898,0.13131313131313133,0.1414141414141414,0.17346938775510204,0.2222222222222222,0.2653061224489796,0.18181818181818182,0.20202020202020202,0.07142857142857142,0.15151515151515152,0.1326530612244898,0.12121212121212122,0.13131313131313133,0.15306122448979592,0.30303030303030304,0.21428571428571427
email-Eu-core,null,lspar,lspar,0.2,0.203685,,301,1.0,3272,986,16064,11,16,0.12441220008536573,0.0422402032966265,hungarian,0.0,0.15720081135902636,0.22515212981744423,0.16563595135023707,0.17298838727410157,0.007352435923864503,0.14897272040129184,0.27482306053734623,0.1258503401360544,0.17629260766721871,6,0.16192537621109052,0.1930873359444788,0.031161959733388284,0.16532673675530818,0.1897890469319041,0.02446231017659592,0.1582792207792208,0.178091111397563,0.14285714285714285,0.1858974358974359,0.0,10,0.18706293706293708,0.19829711635938446,0.002028397565922921,2,0.0,0.0,1.0,5.0,0.0,0.01020408163265306,0.18789728917864315,0.6602162795459102,0.10649087221095335,0.0023606509998899128,0.10101010101010101,0.20202020202020202,0.19387755102040816,0.1111111111111111,0.1836734693877551,0.20202020202020202,0.06060606060606061,0.11224489795918367,0.1414141414141414,0.2653061224489796,0.04040404040404041,0.16161616161616163,0.24489795918367346,0.1919191919191919,0.2755102040816326,0.2828282828282828,0.23232323232323232,0.2755102040816326,0.20202020202020202,0.3469387755102041,0.0,0.0,0.0,0.0,0.0,0.0,0.0,0.0,0.0,1.0,0.0,0.0,0.0,0.0,0.0,0.0,0.0,0.0,0.0,0.02040816326530612,0.26262626262626265,0.13131313131313133,0.09183673469387756,0.10101010101010101,0.09183673469387756,0.16161616161616163,0.15151515151515152,0.15306122448979592,0.23232323232323232,0.19387755102040816,0.2727272727272727,0.12121212121212122,0.10204081632653061,0.08080808080808081,0.12244897959183673,0.15151515151515152,0.15151515151515152,0.15306122448979592,0.20202020202020202,0.21428571428571427
email-Eu-core,null,lspar,lspar,0.2,0.203685,,302,1.0,3272,986,16064,11,17,0.12441220008536573,0.03843373369611382,hungarian,0.11764705882352941,0.1511156186612576,0.22920892494929007,0.16563595135023707,0.1561190132618704,-0.009516938088366678,0.14560571703428846,0.2986669415240844,0.15306122448979595,-0.10430233025377429,3,0.11131725417439703,0.1999244142101285,0.08860716003573146,0.11131725417439703,0.2035319178176321,0.09221466364323508,0.1582792207792208,0.17448118190053674,0.1456043956043956,0.19365079365079366,0.0,10,0.2052415875754961,0.20108261069429711,0.002028397565922921,2,0.0,0.0,1.0,5.0,0.0,0.01020408163265306,0.18789728917864315,0.6602162795459102,0.10649087221095335,0.0023335920000135957,0.15151515151515152,0.15151515151515152,0.19387755102040816,0.15151515151515152,0.14285714285714285,0.13131313131313133,0.12121212121212122,0.15306122448979592,0.10101010101010101,0.21428571428571427,0.030303030303030304,0.16161616161616163,0.24489795918367346,0.21212121212121213,0.23469387755102042,0.30303030303030304,0.21212121212121213,0.3877551020408163,0.1919191919191919,0.3163265306122449,0.0,0.0,0.0,0.0,0.0,0.0,0.0,0.0,0.0,1.0,0.0,0.0,0.0,0.0,0.0,0.0,0.0,0.0,0.0,0.02040816326530612,0.21212121212121213,0.06060606060606061,0.061224489795918366,0.12121212121212122,0.22448979591836735,0.09090909090909091,0.1414141414141414,0.20408163265306123,0.2222222222222222,0.17346938775510204,0.21212121212121213,0.06060606060606061,0.061224489795918366,0.1414141414141414,0.16326530612244897,0.13131313131313133,0.13131313131313133,0.24489795918367346,0.16161616161616163,0.20408163265306123
email-Eu-core,null,resmatch,dspar,0.8,1.0,,100,1.0,16064,986,16064,11,11,0.12441220008536573,1.0,hungarian,0.0,1.0,1.0,1.0,1.0,0.0,1.0,1.0,0.0,0.0,0,1.0,1.0,0.0,1.0,1.0,0.0,1.0,1.0,1.0,1.0,1.0,10,1.0,1.0,0.002028397565922921,2,0.0,0.0,1.0,5.0,0.0,0.01020408163265306,0.18789728917864315,0.6602162795459102,0.10649087221095335,0.002331551000224863,1.0,1.0,1.0,1.0,1.0,1.0,1.0,1.0,1.0,1.0,1.0,1.0,1.0,1.0,1.0,1.0,1.0,1.0,1.0,1.0,0.0,0.0,0.0,0.0,0.0,0.0,0.0,0.0,0.0,1.0,0.0,0.0,0.0,0.0,0.0,0.0,0.0,0.0,0.0,0.02040816326530612,1.0,1.0,1.0,1.0,1.0,1.0,1.0,1.0,1.0,1.0,1.0,1.0,1.0,1.0,1.0,1.0,1.0,1.0,1.0,1.0
email-Eu-core,null,resmatch,dspar,0.8,1.0,,101,1.0,16064,986,16064,11,9,0.12441220008536573,0.04480562576350363,hungarian,0.2222222222222222,0.19066937119675456,0.2099391480730223,0.15897065897065898,0.19339655053940766,0.03442589156874867,0.12536933965505395,0.237442451728166,0.11207311207311205,0.41818181818181815,4,0.189136260564832,0.1696557410843125,-0.019480519480519487,0.1857349000206143,0.20006184291898577,0.01432694289837147,0.22401433691756273,0.23900949409013922,0.2091346153846154,0.2792207792207792,0.0,10,0.2494824016563147,0.2646605697089873,0.002028397565922921,2,0.0,0.0,1.0,5.0,0.0,0.01020408163265306,0.18789728917864315,0.6602162795459102,0.10649087221095335,0.002725123999880452,0.1111111111111111,0.15151515151515152,0.21428571428571427,0.18181818181818182,0.23469387755102042,0.2222222222222222,0.21212121212121213,0.19387755102040816,0.1414141414141414,0.24489795918367346,0.010101010101010102,0.13131313131313133,0.23469387755102042,0.1717171717171717,0.30612244897959184,0.2828282828282828,0.25252525252525254,0.23469387755102042,0.1919191919191919,0.2857142857142857,0.0,0.0,0.0,0.0,0.0,0.0,0.0,0.0,0.0,1.0,0.0,0.0,0.0,0.0,0.0,0.0,0.0,0.0,0.0,0.02040816326530612,0.24242424242424243,0.15151515151515152,0.17346938775510204,0.1919191919191919,0.14285714285714285,0.2222222222222222,0.2727272727272727,0.19387755102040816,0.12121212121212122,0.19387755102040816,0.23232323232323232,0.16161616161616163,0.16326530612244897,0.1919191919191919,0.17346938775510204,0.20202020202020202,0.18181818181818182,0.2857142857142857,0.18181818181818182,0.1326530612244898
email-Eu-core,null,resmatch,dspar,0.8,1.0,,102,1.0,16064,986,16064,11,9,0.12441220008536573,0.04870849269347023,hungarian,0.2222222222222222,0.1947261663286004,0.2079107505070994,0.16567030852745138,0.2272727272727273,0.061602418745275916,0.14873222016079157,0.2477152477152477,0.09898302755445612,0.3353720883255073,6,0.19257197828626396,0.19659176802033942,0.004019789734075463,0.18917061774204633,0.20342884628598915,0.01425822854394282,0.22983870967741937,0.25015522112296307,0.19818722943722944,0.29513888888888884,0.0,10,0.22911899313501144,0.24224759405571183,0.002028397565922921,2,0.0,0.0,1.0,5.0,0.0,0.01020408163265306,0.18789728917864315,0.6602162795459102,0.10649087221095335,0.0025473280002188403,0.09090909090909091,0.20202020202020202,0.20408163265306123,0.1919191919191919,0.19387755102040816,0.20202020202020202,0.18181818181818182,0.24489795918367346,0.18181818181818182,0.25510204081632654,0.0707070707070707,0.20202020202020202,0.17346938775510204,0.2222222222222222,0.24489795918367346,0.23232323232323232,0.1919191919191919,0.2755102040816326,0.1717171717171717,0.29591836734693877,0.0,0.0,0.0,0.0,0.0,0.0,0.0,0.0,0.0,1.0,0.0,0.0,0.0,0.0,0.0,0.0,0.0,0.0,0.0,0.02040816326530612,0.2727272727272727,0.1111111111111111,0.19387755102040816,0.2222222222222222,0.20408163265306123,0.1717171717171717,0.18181818181818182,0.20408163265306123,0.20202020202020202,0.1836734693877551,0.2727272727272727,0.1111111111111111,0.1836734693877551,0.2222222222222222,0.20408163265306123,0.15151515151515152,0.1919191919191919,0.20408163265306123,0.1919191919191919,0.21428571428571427
email-Eu-core,null,resmatch,dspar,0.5,1.0,,100,1.0,16064,986,16064,11,11,0.12441220008536573,1.0,hungarian,0.0,1.0,1.0,1.0,1.0,0.0,1.0,1.0,0.0,0.0,0,1.0,1.0,0.0,1.0,1.0,0.0,1.0,1.0,1.0,1.0,1.0,10,1.0,1.0,0.002028397565922921,2,0.0,0.0,1.0,5.0,0.0,0.01020408163265306,0.18789728917864315,0.6602162795459102,0.10649087221095335,0.0023374439997496665,1.0,1.0,1.0,1.0,1.0,1.0,1.0,1.0,1.0,1.0,1.0,1.0,1.0,1.0,1.0,1.0,1.0,1.0,1.0,1.0,0.0,0.0,0.0,0.0,0.0,0.0,0.0,0.0,0.0,1.0,0.0,0.0,0.0,0.0,0.0,0.0,0.0,0.0,0.0,0.02040816326530612,1.0,1.0,1.0,1.0,1.0,1.0,1.0,1.0,1.0,1.0,1.0,1.0,1.0,1.0,1.0,1.0,1.0,1.0,1.0,1.0
email-Eu-core,null,resmatch,dspar,0.5,1.0,,101,1.0,16064,986,16064,11,9,0.12441220008536573,0.04480562576350363,hungarian,0.2222222222222222,0.19066937119675456,0.2099391480730223,0.15897065897065898,0.19339655053940766,0.03442589156874867,0.12536933965505395,0.237442451728166,0.11207311207311205,0.41818181818181815,4,0.189136260564832,0.1696557410843125,-0.019480519480519487,0.1857349000206143,0.20006184291898577,0.01432694289837147,0.22401433691756273,0.23900949409013922,0.2091346153846154,0.2792207792207792,0.0,10,0.2494824016563147,0.2646605697089873,0.002028397565922921,2,0.0,0.0,1.0,5.0,0.0,0.01020408163265306,0.18789728917864315,0.6602162795459102,0.10649087221095335,0.0025325300002805307,0.1111111111111111,0.15151515151515152,0.21428571428571427,0.18181818181818182,0.23469387755102042,0.2222222222222222,0.21212121212121213,0.19387755102040816,0.1414141414141414,0.24489795918367346,0.010101010101010102,0.13131313131313133,0.23469387755102042,0.1717171717171717,0.30612244897959184,0.2828282828282828,0.25252525252525254,0.23469387755102042,0.1919191919191919,0.2857142857142857,0.0,0.0,0.0,0.0,0.0,0.0,0.0,0.0,0.0,1.0,0.0,0.0,0.0,0.0,0.0,0.0,0.0,0.0,0.0,0.02040816326530612,0.24242424242424243,0.15151515151515152,0.17346938775510204,0.1919191919191919,0.14285714285714285,0.2222222222222222,0.2727272727272727,0.19387755102040816,0.12121212121212122,0.19387755102040816,0.23232323232323232,0.16161616161616163,0.16326530612244897,0.1919191919191919,0.17346938775510204,0.20202020202020202,0.18181818181818182,0.2857142857142857,0.18181818181818182,0.1326530612244898
email-Eu-core,null,resmatch,dspar,0.5,1.0,,102,1.0,16064,986,16064,11,9,0.12441220008536573,0.04870849269347023,hungarian,0.2222222222222222,0.1947261663286004,0.2079107505070994,0.16567030852745138,0.2272727272727273,0.061602418745275916,0.14873222016079157,0.2477152477152477,0.09898302755445612,0.3353720883255073,6,0.19257197828626396,0.19659176802033942,0.004019789734075463,0.18917061774204633,0.20342884628598915,0.01425822854394282,0.22983870967741937,0.25015522112296307,0.19818722943722944,0.29513888888888884,0.0,10,0.22911899313501144,0.24224759405571183,0.002028397565922921,2,0.0,0.0,1.0,5.0,0.0,0.01020408163265306,0.18789728917864315,0.6602162795459102,0.10649087221095335,0.002537917000154266,0.09090909090909091,0.20202020202020202,0.20408163265306123,0.1919191919191919,0.19387755102040816,0.20202020202020202,0.18181818181818182,0.24489795918367346,0.18181818181818182,0.25510204081632654,0.0707070707070707,0.20202020202020202,0.17346938775510204,0.2222222222222222,0.24489795918367346,0.23232323232323232,0.1919191919191919,0.2755102040816326,0.1717171717171717,0.29591836734693877,0.0,0.0,0.0,0.0,0.0,0.0,0.0,0.0,0.0,1.0,0.0,0.0,0.0,0.0,0.0,0.0,0.0,0.0,0.0,0.02040816326530612,0.2727272727272727,0.1111111111111111,0.19387755102040816,0.2222222222222222,0.20408163265306123,0.1717171717171717,0.18181818181818182,0.20408163265306123,0.20202020202020202,0.1836734693877551,0.2727272727272727,0.1111111111111111,0.1836734693877551,0.2222222222222222,0.20408163265306123,0.15151515151515152,0.1919191919191919,0.20408163265306123,0.1919191919191919,0.21428571428571427
email-Eu-core,null,resmatch,lspar,0.5,1.0,,100,1.0,16064,986,16064,11,11,0.12441220008536573,1.0,hungarian,0.0,1.0,1.0,1.0,1.0,0.0,1.0,1.0,0.0,0.0,0,1.0,1.0,0.0,1.0,1.0,0.0,1.0,1.0,1.0,1.0,1.0,10,1.0,1.0,0.002028397565922921,2,0.0,0.0,1.0,5.0,0.0,0.01020408163265306,0.18789728917864315,0.6602162795459102,0.10649087221095335,0.0020163019999017706,1.0,1.0,1.0,1.0,1.0,1.0,1.0,1.0,1.0,1.0,1.0,1.0,1.0,1.0,1.0,1.0,1.0,1.0,1.0,1.0,0.0,0.0,0.0,0.0,0.0,0.0,0.0,0.0,0.0,1.0,0.0,0.0,0.0,0.0,0.0,0.0,0.0,0.0,0.0,0.02040816326530612,1.0,1.0,1.0,1.0,1.0,1.0,1.0,1.0,1.0,1.0,1.0,1.0,1.0,1.0,1.0,1.0,1.0,1.0,1.0,1.0
email-Eu-core,null,resmatch,lspar,0.5,1.0,,101,1.0,16064,986,16064,11,9,0.12441220008536573,0.04480562576350363,hungarian,0.2222222222222222,0.19066937119675456,0.2099391480730223,0.15897065897065898,0.19339655053940766,0.03442589156874867,0.12536933965505395,0.237442451728166,0.11207311207311205,0.41818181818181815,4,0.189136260564832,0.1696557410843125,-0.019480519480519487,0.1857349000206143,0.20006184291898577,0.01432694289837147,0.22401433691756273,0.23900949409013922,0.2091346153846154,0.2792207792207792,0.0,10,0.2494824016563147,0.2646605697089873,0.002028397565922921,2,0.0,0.0,1.0,5.0,0.0,0.01020408163265306,0.18789728917864315,0.6602162795459102,0.10649087221095335,0.002647939000326005,0.1111111111111111,0.15151515151515152,0.21428571428571427,0.18181818181818182,0.23469387755102042,0.2222222222222222,0.21212121212121213,0.19387755102040816,0.1414141414141414,0.24489795918367346,0.010101010101010102,0.13131313131313133,0.23469387755102042,0.1717171717171717,0.30612244897959184,0.2828282828282828,0.25252525252525254,0.23469387755102042,0.1919191919191919,0.2857142857142857,0.0,0.0,0.0,0.0,0.0,0.0,0.0,0.0,0.0,1.0,0.0,0.0,0.0,0.0,0.0,0.0,0.0,0.0,0.0,0.02040816326530612,0.24242424242424243,0.15151515151515152,0.17346938775510204,0.1919191919191919,0.14285714285714285,0.2222222222222222,0.2727272727272727,0.19387755102040816,0.12121212121212122,0.19387755102040816,0.23232323232323232,0.16161616161616163,0.16326530612244897,0.1919191919191919,0.17346938775510204,0.20202020202020202,0.18181818181818182,0.2857142857142857,0.18181818181818182,0.1326530612244898
email-Eu-core,null,resmatch,lspar,0.5,1.0,,102,1.0,16064,986,16064,11,9,0.12441220008536573,0.04870849269347023,hungarian,0.2222222222222222,0.1947261663286004,0.2079107505070994,0.16567030852745138,0.2272727272727273,0.061602418745275916,0.14873222016079157,0.2477152477152477,0.09898302755445612,0.3353720883255073,6,0.19257197828626396,0.19659176802033942,0.004019789734075463,0.18917061774204633,0.20342884628598915,0.01425822854394282,0.22983870967741937,0.25015522112296307,0.19818722943722944,0.29513888888888884,0.0,10,0.22911899313501144,0.24224759405571183,0.002028397565922921,2,0.0,0.0,1.0,5.0,0.0,0.01020408163265306,0.18789728917864315,0.6602162795459102,0.10649087221095335,0.00228989500010357,0.09090909090909091,0.20202020202020202,0.20408163265306123,0.1919191919191919,0.19387755102040816,0.20202020202020202,0.18181818181818182,0.24489795918367346,0.18181818181818182,0.25510204081632654,0.0707070707070707,0.20202020202020202,0.17346938775510204,0.2222222222222222,0.24489795918367346,0.23232323232323232,0.1919191919191919,0.2755102040816326,0.1717171717171717,0.29591836734693877,0.0,0.0,0.0,0.0,0.0,0.0,0.0,0.0,0.0,1.0,0.0,0.0,0.0,0.0,0.0,0.0,0.0,0.0,0.0,0.02040816326530612,0.2727272727272727,0.1111111111111111,0.19387755102040816,0.2222222222222222,0.20408163265306123,0.1717171717171717,0.18181818181818182,0.20408163265306123,0.20202020202020202,0.1836734693877551,0.2727272727272727,0.1111111111111111,0.1836734693877551,0.2222222222222222,0.20408163265306123,0.15151515151515152,0.1919191919191919,0.20408163265306123,0.1919191919191919,0.21428571428571427
email-Eu-core,null,resmatch,lspar,0.2,1.0,,100,1.125,16064,986,16064,11,17,0.12441220008536573,0.11675039702123065,hungarian,0.17647058823529413,0.21703853955375255,0.33772819472616633,0.17243867243867242,0.23747680890538034,0.06503813646670792,0.2232185803614375,0.40696076410362125,0.18374218374218376,0.49090909090909085,3,0.2364117364117364,0.25427746856318284,0.017865732151446434,0.2364117364117364,0.2542087542087543,0.017797017797017867,0.2596153846153846,0.25996292238227725,0.20792748917748918,0.30664362519201227,0.0,10,0.19371482176360227,0.20519899401175795,0.002028397565922921,2,0.0,0.0,1.0,5.0,0.0,0.01020408163265306,0.18789728917864315,0.6602162795459102,0.10649087221095335,0.0028113930002291454,0.0707070707070707,0.23232323232323232,0.21428571428571427,0.21212121212121213,0.1836734693877551,0.29292929292929293,0.25252525252525254,0.23469387755102042,0.18181818181818182,0.29591836734693877,0.10101010101010101,0.2727272727272727,0.29591836734693877,0.37373737373737376,0.32653061224489793,0.43434343434343436,0.35353535353535354,0.4489795918367347,0.35353535353535354,0.41836734693877553,0.0,0.0,0.0,0.0,0.0,0.0,0.0,0.0,0.0,1.0,0.0,0.0,0.0,0.0,0.0,0.0,0.0,0.0,0.0,0.02040816326530612,0.2828282828282828,0.21212121212121213,0.21428571428571427,0.1717171717171717,0.21428571428571427,0.16161616161616163,0.15151515151515152,0.29591836734693877,0.24242424242424243,0.22448979591836735,0.29292929292929293,0.20202020202020202,0.21428571428571427,0.15151515151515152,0.24489795918367346,0.16161616161616163,0.1414141414141414,0.25510204081632654,0.26262626262626265,0.24489795918367346
email-Eu-core,null,resmatch,lspar,0.2,1.0,,101,1.125,16064,986,16064,11,15,0.12441220008536573,0.0729055327730229,hungarian,0.0,0.19776876267748478,0.26774847870182555,0.18910190338761768,0.23737373737373738,0.0482718339861197,0.2196110767539339,0.3389335532192675,0.11932247646533359,0.4863244349440517,5,0.1958359101216244,0.20669277812134956,0.010856867999725156,0.19923727066584207,0.2101628530199959,0.010925582354153834,0.24431818181818182,0.2431947443237766,0.1949404761904762,0.2696886446886447,0.0,10,0.19592163134746102,0.210070501682131,0.002028397565922921,2,0.0,0.0,1.0,5.0,0.0,0.01020408163265306,0.18789728917864315,0.6602162795459102,0.10649087221095335,0.002442291000079422,0.13131313131313133,0.2727272727272727,0.16326530612244897,0.1414141414141414,0.17346938775510204,0.21212121212121213,0.1717171717171717,0.23469387755102042,0.21212121212121213,0.2653061224489796,0.1414141414141414,0.29292929292929293,0.22448979591836735,0.23232323232323232,0.2755102040816326,0.26262626262626265,0.23232323232323232,0.336734693877551,0.35353535353535354,0.32653061224489793,0.0,0.0,0.0,0.0,0.0,0.0,0.0,0.0,0.0,1.0,0.0,0.0,0.0,0.0,0.0,0.0,0.0,0.0,0.0,0.02040816326530612,0.26262626262626265,0.16161616161616163,0.16326530612244897,0.1919191919191919,0.19387755102040816,0.20202020202020202,0.18181818181818182,0.20408163265306123,0.23232323232323232,0.1836734693877551,0.2727272727272727,0.15151515151515152,0.17346938775510204,0.18181818181818182,0.1836734693877551,0.20202020202020202,0.18181818181818182,0.23469387755102042,0.21212121212121213,0.1836734693877551
email-Eu-core,null,resmatch,lspar,0.2,1.0,,102,1.125,16064,986,16064,11,17,0.12441220008536573,0.07092911280636453,hungarian,0.17647058823529413,0.16227180527383367,0.27281947261663286,0.14182642754071326,0.17298838727410157,0.03116195973338831,0.1927437641723356,0.33566962138390716,0.14292585721157156,0.44788647697208955,4,0.17893217893217894,0.1796193224764653,0.0006871435442863671,0.17893217893217894,0.18298632584346872,0.004054146911289774,0.17063492063492064,0.18615345228248453,0.15570719602977667,0.20386904761904762,0.0,10,0.17307692307692307,0.18169456183450217,0.002028397565922921,2,0.0,0.0,1.0,5.0,0.0,0.01020408163265306,0.18789728917864315,0.6602162795459102,0.10649087221095335,0.002536768000027223,0.1414141414141414,0.16161616161616163,0.12244897959183673,0.1919191919191919,0.14285714285714285,0.1414141414141414,0.20202020202020202,0.16326530612244897,0.1414141414141414,0.21428571428571427,0.12121212121212122,0.21212121212121213,0.24489795918367346,0.26262626262626265,0.32653061224489793,0.25252525252525254,0.30303030303030304,0.336734693877551,0.31313131313131315,0.35714285714285715,0.0,0.0,0.0,0.0,0.0,0.0,0.0,0.0,0.0,1.0,0.0,0.0,0.0,0.0,0.0,0.0,0.0,0.0,0.0,0.02040816326530612,0.2222222222222222,0.1717171717171717,0.14285714285714285,0.09090909090909091,0.15306122448979592,0.1717171717171717,0.13131313131313133,0.1326530612244898,0.1919191919191919,0.21428571428571427,0.2222222222222222,0.1717171717171717,0.14285714285714285,0.09090909090909091,0.16326530612244897,0.16161616161616163,0.12121212121212122,0.16326530612244897,0.20202020202020202,0.1836734693877551
email-Eu-core,null,perm,dspar,0.8,0.797249,200,300,1.0,12807,986,16064,11,13,0.12441220008536573,0.0018453307212285958,hungarian,0.5384615384615384,0.1359026369168357,0.18559837728194725,0.14203257060399918,0.11863533292104722,-0.02339723768295196,0.10173160173160173,0.21710300281728853,0.1153714010856868,-0.2743953449935969,4,0.14189514189514188,0.13890606747749604,-0.002989074417645843,0.14189514189514188,0.13553906411049269,-0.0063560777846491945,0.16100230414746544,0.1657261018551341,0.1456043956043956,0.18612637362637363,0.0,10,0.18311036789297658,0.18060608185614252,0.002028397565922921,2,0.5,2.5,0.5,2.5,0.005050505050505051,0.005050505050505051,0.18789728917864315,0.6602162795459102,0.10649087221095335,0.0022605830004067684,0.13131313131313133,0.1111111111111111,0.1836734693877551,0.16161616161616163,0.1326530612244898,0.16161616161616163,0.12121212121212122,0.11224489795918367,0.12121212121212122,0.12244897959183673,0.010101010101010102,0.08080808080808081,0.21428571428571427,0.12121212121212122,0.2755102040816326,0.24242424242424243,0.26262626262626265,0.2755102040816326,0.1717171717171717,0.20408163265306123,0.0,0.5,0.0,0.0,0.0,0.0,0.0,0.0,0.5,0.0,0.0,0.010101010101010102,0.0,0.0,0.0,0.0,0.0,0.0,0.010101010101010102,0.0,0.1414141414141414,0.1414141414141414,0.14285714285714285,0.16161616161616163,0.1326530612244898,0.10101010101010101,0.12121212121212122,0.14285714285714285,0.16161616161616163,0.11224489795918367,0.1414141414141414,0.1414141414141414,0.14285714285714285,0.1717171717171717,0.11224489795918367,0.12121212121212122,0.12121212121212122,0.1326530612244898,0.15151515151515152,0.12244897959183673
email-Eu-core,null,perm,dspar,0.5,0.501805,200,300,1.0,8061,986,16064,11,11,0.12441220008536573,-0.0021768611845333513,hungarian,0.36363636363636365,0.14300202839756593,0.17342799188640973,0.13162234590806018,0.183020683020683,0.051398337112622816,0.08125472411186697,0.2338349481206624,0.15258022400879545,0.5272727272727272,7,0.15189308046450903,0.1661856661856662,0.014292585721157158,0.1586958015529444,0.15608465608465608,-0.002611145468288334,0.1941767909509845,0.19586832522316394,0.19230769230769232,0.20386904761904762,0.0,10,0.20894383394383392,0.20578875449826942,0.002028397565922921,2,0.0,0.0,0.0,0.0,0.0,0.0,0.18789728917864315,0.6602162795459102,0.10649087221095335,0.0022115639999356063,0.13131313131313133,0.1717171717171717,0.09183673469387756,0.10101010101010101,0.10204081632653061,0.16161616161616163,0.12121212121212122,0.14285714285714285,0.1919191919191919,0.21428571428571427,0.0,0.1111111111111111,0.1326530612244898,0.1414141414141414,0.22448979591836735,0.25252525252525254,0.1717171717171717,0.23469387755102042,0.25252525252525254,0.21428571428571427,0.0,0.0,0.5,0.0,0.0,0.0,0.5,0.0,0.0,0.0,0.0,0.0,0.01020408163265306,0.0,0.0,0.0,0.010101010101010102,0.0,0.0,0.0,0.18181818181818182,0.16161616161616163,0.11224489795918367,0.15151515151515152,0.11224489795918367,0.08080808080808081,0.13131313131313133,0.17346938775510204,0.1414141414141414,0.1836734693877551,0.18181818181818182,0.16161616161616163,0.1326530612244898,0.1111111111111111,0.1326530612244898,0.1111111111111111,0.13131313131313133,0.15306122448979592,0.1111111111111111,0.20408163265306123
email-Eu-core,null,perm,lspar,0.5,0.49944,,300,1.0,8023,986,16064,11,10,0.12441220008536573,-0.007005179216335436,hungarian,0.3,0.13995943204868155,0.1744421906693712,0.10478939050367624,0.15587851302137015,0.051089122517693916,0.06438535009963581,0.21366728509585653,0.14928193499622072,0.42553388057604524,6,0.13175977461691749,0.13564213564213565,0.0038823610252181617,0.13175977461691749,0.13904349618635334,0.007283721569435853,0.2119815668202765,0.21094887191661385,0.16774891774891776,0.24107142857142858,0.0,10,0.1962451861360719,0.1975763377033664,0.002028397565922921,2,0.0,0.0,0.0,0.0,0.0,0.0,0.18789728917864315,0.6602162795459102,0.10649087221095335,0.0021333019999474345,0.0707070707070707,0.12121212121212122,0.12244897959183673,0.15151515151515152,0.17346938775510204,0.1414141414141414,0.15151515151515152,0.1836734693877551,0.1717171717171717,0.11224489795918367,0.0,0.0707070707070707,0.12244897959183673,0.12121212121212122,0.2857142857142857,0.26262626262626265,0.24242424242424243,0.25510204081632654,0.18181818181818182,0.20408163265306123,0.0,0.0,0.0,0.0,0.5,0.5,0.0,0.0,0.0,0.0,0.0,0.0,0.0,0.0,0.01020408163265306,0.010101010101010102,0.0,0.0,0.0,0.0,0.12121212121212122,0.1414141414141414,0.1326530612244898,0.18181818181818182,0.12244897959183673,0.1111111111111111,0.18181818181818182,0.15306122448979592,0.12121212121212122,0.1326530612244898,0.10101010101010101,0.16161616161616163,0.1326530612244898,0.18181818181818182,0.12244897959183673,0.12121212121212122,0.16161616161616163,0.1836734693877551,0.12121212121212122,0.11224489795918367
email-Eu-core,null,perm,lspar,0.2,0.203685,,300,1.0,3272,986,16064,11,15,0.12441220008536573,0.007382839115053557,hungarian,0.5333333333333333,0.12474645030425964,0.19168356997971603,0.10795025080739368,0.1491101491101491,0.04115989830275543,0.08139215282072425,0.24410774410774413,0.1627155912870199,0.42553388057604524,4,0.12832405689548546,0.09135573421287707,-0.036968322682608384,0.12492269635126778,0.0881605167319453,-0.036762179619322474,0.16001024065540193,0.17405000017903244,0.1456043956043956,0.1682900432900433,0.0,10,0.150093808630394,0.15892268624152336,0.002028397565922921,2,0.0,0.0,0.5,2.5,0.0,0.005050505050505051,0.18789728917864315,0.6602162795459102,0.10649087221095335,0.0022831769997537776,0.13131313131313133,0.13131313131313133,0.061224489795918366,0.06060606060606061,0.17346938775510204,0.09090909090909091,0.15151515151515152,0.12244897959183673,0.16161616161616163,0.16326530612244897,0.0,0.0707070707070707,0.17346938775510204,0.1717171717171717,0.2755102040816326,0.2727272727272727,0.2222222222222222,0.2653061224489796,0.23232323232323232,0.23469387755102042,0.0,0.0,0.0,0.0,0.0,0.5,0.0,0.0,0.5,0.0,0.0,0.0,0.0,0.0,0.0,0.010101010101010102,0.0,0.0,0.010101010101010102,0.0,0.16161616161616163,0.1111111111111111,0.11224489795918367,0.16161616161616163,0.11224489795918367,0.16161616161616163,0.15151515151515152,0.07142857142857142,0.1414141414141414,0.061224489795918366,0.15151515151515152,0.12121212121212122,0.10204081632653061,0.1717171717171717,0.1326530612244898,0.16161616161616163,0.1414141414141414,0.061224489795918366,0.08080808080808081,0.12244897959183673
